rollout_id,source_capture_order,candidate_capture_order,time,synthetic_duplicate,fault_role,jpeg_sha256
L2RAR2_R19_CONF_00_886000__T10_transport_strong_phase_30ms,0,0,0.0,False,,7918a22fe92176eb0171514aed2e662215a5e72f6b5422f8eef2207e164d1bdc
L2RAR2_R19_CONF_00_886000__T10_transport_strong_phase_30ms,1,1,0.05,False,,7be63c050b2307c99ffc20c3f1da4c97b992d9183536b3bf851c0deb1555c30d
L2RAR2_R19_CONF_00_886000__T10_transport_strong_phase_30ms,2,2,0.09999999999999999,False,,b58a1530bf6c8cc981a19e130b0815e6e9f63c2f502204a5b9b7c7f4410844c4
L2RAR2_R19_CONF_00_886000__T10_transport_strong_phase_30ms,3,3,0.15,False,,c9f0b5426cbb5e5945d1f7fc155d129016f4b49bcc13517c2d8a990e4c5a04f1
L2RAR2_R19_CONF_00_886000__T10_transport_strong_phase_30ms,4,4,0.20000000000000004,False,,8321a01d025279708b0fd4dc4ee661503c0de06f3f3de901fdd164262479868f
L2RAR2_R19_CONF_00_886000__T10_transport_strong_phase_30ms,5,5,0.20000000000000004,False,,8321a01d025279708b0fd4dc4ee661503c0de06f3f3de901fdd164262479868f
L2RAR2_R19_CONF_00_886000__T10_transport_strong_phase_30ms,6,6,0.25000000000000006,False,,89bf4ee471a367bccec5e13f3aeb1f30477c75e57378da0cfa6e078af64ea9b3
L2RAR2_R19_CONF_00_886000__T10_transport_strong_phase_30ms,7,7,0.3000000000000001,False,,2105f9043d1b76a9919063222255587d5eedbdd1746af1c9ba3d8e4679618114
L2RAR2_R19_CONF_00_886000__T10_transport_strong_phase_30ms,8,8,0.3000000000000001,False,,2105f9043d1b76a9919063222255587d5eedbdd1746af1c9ba3d8e4679618114
L2RAR2_R19_CONF_00_886000__T10_transport_strong_phase_30ms,9,9,0.35000000000000014,False,,f58cd662a5a33ea9fbd28e94ca38e27bfd6cb48d9973f648774cf001fdb87e18
L2RAR2_R19_CONF_00_886000__T10_transport_strong_phase_30ms,10,10,0.4000000000000002,False,,44d0d41b51fe1a66256b92fec556eb5405287eea8d4bfeb45966f4644d71f365
L2RAR2_R19_CONF_00_886000__T10_transport_strong_phase_30ms,11,11,0.45000000000000023,False,,6f9ca56d1468472c00b31fa94510cdcdaa1e5b4922f576bd7f672e7b7f7ebac5
L2RAR2_R19_CONF_00_886000__T10_transport_strong_phase_30ms,12,12,0.5000000000000002,False,,e4de592183d5dedcc14118b6a8aec5714f01af7d026ab7c3098924db59233652
L2RAR2_R19_CONF_00_886000__T10_transport_strong_phase_30ms,13,13,0.5000000000000002,False,,e4de592183d5dedcc14118b6a8aec5714f01af7d026ab7c3098924db59233652
L2RAR2_R19_CONF_00_886000__T10_transport_strong_phase_30ms,14,14,0.5500000000000003,False,,0de7b7c8ede2122dc4af6f7ae331456dc122aac92756439e1ba3fdf68f348da7
L2RAR2_R19_CONF_00_886000__T10_transport_strong_phase_30ms,15,15,0.6000000000000003,False,,aba33eaa3669accffcefb882eba002500c082129ab03935d8884cbc77643d4a6
L2RAR2_R19_CONF_00_886000__T10_transport_strong_phase_30ms,16,16,0.6500000000000004,False,,919ef57b16a1199759b51888aa5f235dadde10fe10374e51f71363c1442526d7
L2RAR2_R19_CONF_00_886000__T10_transport_strong_phase_30ms,17,17,0.7000000000000004,False,,d7eb0b2400d099532fcf542c1d9ad26603df71f2bfb9e0c07ac2cbf0c0252391
L2RAR2_R19_CONF_00_886000__T10_transport_strong_phase_30ms,18,18,0.7500000000000004,False,,2555474a9468753331eb4679b1b16af4c03826cebb9e505de3997e8178eb18ea
L2RAR2_R19_CONF_00_886000__T10_transport_strong_phase_30ms,19,19,0.8000000000000005,False,,ff608e65d10c5ef0ba7ad3a8e30cf32e8483889e0442168bbd211f2267c6b415
L2RAR2_R19_CONF_00_886000__T10_transport_strong_phase_30ms,20,20,0.8500000000000005,False,,6c862e87eb33d021bae4ef2f7ea14f7c968ec801989f6344eb35931321ef29f4
L2RAR2_R19_CONF_00_886000__T10_transport_strong_phase_30ms,21,21,0.9000000000000006,False,,a8e8c6b77d35b3ea2b376d6764687896a4fedca080a0c5137145883a6381022e
L2RAR2_R19_CONF_00_886000__T10_transport_strong_phase_30ms,22,22,0.9500000000000006,False,,40a8d7295055342641a3b0f149d073cdbc5b95a918177d92c9d40f2d9f024142
L2RAR2_R19_CONF_00_886000__T10_transport_strong_phase_30ms,23,23,1.0000000000000007,False,,b4c21522cadb242b2e41f881cd7f604489d4200462ce34d714a50ac1c653a408
L2RAR2_R19_CONF_00_886000__T10_transport_strong_phase_30ms,24,24,1.0500000000000007,False,,6e9f50c4c583322680ea15bbc4d6059936816977f1e7f830a355164496bea716
L2RAR2_R19_CONF_00_886000__T10_transport_strong_phase_30ms,25,25,1.1000000000000008,False,,e533b3b8aacb4caa03b4b9c339d34cfd3a11c6f3f89c9c055aa2a3476447af81
L2RAR2_R19_CONF_00_886000__T10_transport_strong_phase_30ms,26,26,1.1500000000000008,False,,b67e04d74928022bd357a396261a9f9d1532f878b47c4af143574dc5aebb4aa8
L2RAR2_R19_CONF_00_886000__T10_transport_strong_phase_30ms,27,27,1.2000000000000008,False,,37fd22c435817d98c2ce132bb79b593620397ecc09927f7237827e8c62501ddb
L2RAR2_R19_CONF_00_886000__T10_transport_strong_phase_30ms,28,28,1.2500000000000009,False,,9f6ffad7c3e3eaed13e4811361fe3e2307ff0371e0e728ccc7c498eb4dad1032
L2RAR2_R19_CONF_00_886000__T10_transport_strong_phase_30ms,29,29,1.300000000000001,False,,5b20335819b3b1c87318415f7005319249e1c26a1cfe3e41de5ef4c9c24b6eb8
L2RAR2_R19_CONF_00_886000__T10_transport_strong_phase_30ms,30,30,1.350000000000001,False,,e83a842a72f81f5f4f778e1c5c160325d00f65386e5b9ea30258dfac273f9ef3
L2RAR2_R19_CONF_00_886000__T10_transport_strong_phase_30ms,31,31,1.400000000000001,False,,b06e51cfe7282e6a40c76d804dd5b0478d72b0ac1da28977f40440263eee5926
L2RAR2_R19_CONF_00_886000__T10_transport_strong_phase_30ms,32,32,1.450000000000001,False,,2f2279a134a168cb83fb356f614cd3012f163b4f49fc4059b31d5bf60d6854cf
L2RAR2_R19_CONF_00_886000__T10_transport_strong_phase_30ms,33,33,1.500000000000001,False,,f6da80a5635e05c2e0f4cc681b9cb9931aae361ec35b40a84a2eec349fe22e72
L2RAR2_R19_CONF_00_886000__T10_transport_strong_phase_30ms,34,34,1.5300000000000011,False,,ea21c0a9bf016cf1eaec66d97122bbd237ede46d5fa7a5d1a82d821121486c03
L2RAR2_R19_CONF_00_886000__T10_transport_strong_phase_30ms,35,35,1.5500000000000012,False,,343867044ecefaa77a9cbbfde3d35941f4c9fd2cfa3d4a7740daf13030e5bb84
L2RAR2_R19_CONF_00_886000__T10_transport_strong_phase_30ms,36,36,1.6000000000000012,False,,1517f668dea58a0e6a46253e6c01446b8e1ad955c2554fdce1fdedf03cb4fe94
L2RAR2_R19_CONF_00_886000__T10_transport_strong_phase_30ms,37,37,1.6500000000000012,False,,7bf42af18773e47362267bc53c3f8b977a0f011e7bde6be14865eb8459a13d58
L2RAR2_R19_CONF_00_886000__T10_transport_strong_phase_30ms,38,38,1.7000000000000013,False,,7a8439b25896aa437de641f21c8ae0792e8603667fe367d03427fcb8fec8232a
L2RAR2_R19_CONF_00_886000__T10_transport_strong_phase_30ms,39,39,1.7300000000000013,False,,167ee4a881227e1a1a5532e5248f24e7b69a5b62204cf2df8232fe9d73d67133
L2RAR2_R19_CONF_00_886000__T10_transport_strong_phase_30ms,40,40,1.7500000000000013,False,,d57cc9d8a23c5ff7f13637edc9668503ff0cd5a086a0b0519c898cb939d4cbbc
L2RAR2_R19_CONF_00_886000__T10_transport_strong_phase_30ms,41,41,1.8000000000000014,False,,afd18508e92d6e45c13af1ac3d020b5bad2b2b69f1e04daa914977cb875d5444
L2RAR2_R19_CONF_00_886000__T10_transport_strong_phase_30ms,42,42,1.8500000000000014,False,,36c7eb97f4d0777dac24099885cc8c19d033e28d540a84aa352753fdd68ad9a9
L2RAR2_R19_CONF_00_886000__T10_transport_strong_phase_30ms,43,43,1.9000000000000015,False,,f42eb2634af34cc7a8a08c01e1582ebfb9d7ed81acf275b73830bfb44bc76586
L2RAR2_R19_CONF_00_886000__T10_transport_strong_phase_30ms,44,44,1.9500000000000015,False,,e7c16a3d7857df6b96d8ec2bc633839e3ba149cc24fc7fcc69932dfddca958f1
L2RAR2_R19_CONF_00_886000__T10_transport_strong_phase_30ms,45,45,2.0000000000000013,False,,4b470b2f4cbd196abbfa8045a7263e09bc9efa2a97e827cf0aaaa28e64a858c9
L2RAR2_R19_CONF_00_886000__T10_transport_strong_phase_30ms,46,46,2.0500000000000003,False,,a5ac9c88eb3f120aaa778779caffc9579c9d6ba92327faadccfa9f78e62d6e01
L2RAR2_R19_CONF_00_886000__T10_transport_strong_phase_30ms,47,47,2.099999999999999,False,,a0e25fd9c448e62781b10afffc3ed6845f497e86a539c054690d52572eaf75fd
L2RAR2_R19_CONF_00_886000__T10_transport_strong_phase_30ms,48,48,2.149999999999998,False,,c9fc5691e22e629e5a90ec2b94980ff5607637d4ac555f1305229a8fa81fe534
L2RAR2_R19_CONF_00_886000__T10_transport_strong_phase_30ms,49,49,2.199999999999997,False,,83af2652520f4df2f130374a376904b9e0b313bb35fdd4065cf0d60cc727ee11
L2RAR2_R19_CONF_00_886000__T10_transport_strong_phase_30ms,50,50,2.249999999999996,False,,6d2f658bdef369eb6723849503b61212814c34b2df4d96857513f10130c698ff
L2RAR2_R19_CONF_00_886000__T10_transport_strong_phase_30ms,51,51,2.299999999999995,False,,f0485b3123c8fc8548acca265286bb846f597f481e81820f3ea3a5f579724394
L2RAR2_R19_CONF_00_886000__T10_transport_strong_phase_30ms,52,52,2.349999999999994,False,,4993584458a9b9d5800a3f829d37e664adbcc4fc7abb0c6e6cf5cb819ac4d337
L2RAR2_R19_CONF_00_886000__T10_transport_strong_phase_30ms,53,53,2.399999999999993,False,,bbb35017e5d69afff874f3b64913e20dc7e079c056a8af612aa8b2b6b1b82694
L2RAR2_R19_CONF_00_886000__T10_transport_strong_phase_30ms,54,54,2.4499999999999917,False,,f0b4a434f9add1c2e678e2d93a8b5d62863db000617b8b26e08fd1573e6b129e
L2RAR2_R19_CONF_00_886000__T10_transport_strong_phase_30ms,55,55,2.4999999999999907,False,,e5080205904139a709cc79e972d0e57929302fc1736b2af44a8edd5eff028f7c
L2RAR2_R19_CONF_00_886000__T10_transport_strong_phase_30ms,56,56,2.5499999999999896,False,,14802a6f1664df3770272f52666616bcba10a3335fec487cce66633ebc42d37b
L2RAR2_R19_CONF_00_886000__T10_transport_strong_phase_30ms,57,57,2.5999999999999885,False,,5326d934b90a4cb5cae296d8c6a252b8aee54b839a13a2c4569374568990d58f
L2RAR2_R19_CONF_00_886000__T10_transport_strong_phase_30ms,58,58,2.6499999999999875,False,,15a580912dc6b94600642c0e7feb3ab031b3d5e3e66f19459426b53cf3c14c43
L2RAR2_R19_CONF_00_886000__T10_transport_strong_phase_30ms,59,59,2.6999999999999864,False,,1cff873acf9ff23c0b4fa32670a9669ae9992649b9974cc883b8bb352e97c478
L2RAR2_R19_CONF_00_886000__T10_transport_strong_phase_30ms,60,60,2.7299999999999858,False,,db815f7bbcc0d170e9f91efe0ef6f037db1516aa58036cde0d485c4670c5c530
L2RAR2_R19_CONF_00_886000__T11_transport_strong_phase_40ms_rgb_dropout,0,0,0.0,False,,7918a22fe92176eb0171514aed2e662215a5e72f6b5422f8eef2207e164d1bdc
L2RAR2_R19_CONF_00_886000__T11_transport_strong_phase_40ms_rgb_dropout,1,1,0.05,False,,7be63c050b2307c99ffc20c3f1da4c97b992d9183536b3bf851c0deb1555c30d
L2RAR2_R19_CONF_00_886000__T11_transport_strong_phase_40ms_rgb_dropout,2,2,0.09999999999999999,False,,b58a1530bf6c8cc981a19e130b0815e6e9f63c2f502204a5b9b7c7f4410844c4
L2RAR2_R19_CONF_00_886000__T11_transport_strong_phase_40ms_rgb_dropout,3,3,0.15,False,,c9f0b5426cbb5e5945d1f7fc155d129016f4b49bcc13517c2d8a990e4c5a04f1
L2RAR2_R19_CONF_00_886000__T11_transport_strong_phase_40ms_rgb_dropout,4,4,0.20000000000000004,False,,8321a01d025279708b0fd4dc4ee661503c0de06f3f3de901fdd164262479868f
L2RAR2_R19_CONF_00_886000__T11_transport_strong_phase_40ms_rgb_dropout,5,5,0.20000000000000004,False,,8321a01d025279708b0fd4dc4ee661503c0de06f3f3de901fdd164262479868f
L2RAR2_R19_CONF_00_886000__T11_transport_strong_phase_40ms_rgb_dropout,6,6,0.25000000000000006,False,,89bf4ee471a367bccec5e13f3aeb1f30477c75e57378da0cfa6e078af64ea9b3
L2RAR2_R19_CONF_00_886000__T11_transport_strong_phase_40ms_rgb_dropout,7,7,0.3000000000000001,False,,2105f9043d1b76a9919063222255587d5eedbdd1746af1c9ba3d8e4679618114
L2RAR2_R19_CONF_00_886000__T11_transport_strong_phase_40ms_rgb_dropout,8,8,0.3000000000000001,False,,2105f9043d1b76a9919063222255587d5eedbdd1746af1c9ba3d8e4679618114
L2RAR2_R19_CONF_00_886000__T11_transport_strong_phase_40ms_rgb_dropout,9,9,0.35000000000000014,False,,f58cd662a5a33ea9fbd28e94ca38e27bfd6cb48d9973f648774cf001fdb87e18
L2RAR2_R19_CONF_00_886000__T11_transport_strong_phase_40ms_rgb_dropout,10,10,0.4000000000000002,False,,44d0d41b51fe1a66256b92fec556eb5405287eea8d4bfeb45966f4644d71f365
L2RAR2_R19_CONF_00_886000__T11_transport_strong_phase_40ms_rgb_dropout,11,11,0.45000000000000023,False,,6f9ca56d1468472c00b31fa94510cdcdaa1e5b4922f576bd7f672e7b7f7ebac5
L2RAR2_R19_CONF_00_886000__T11_transport_strong_phase_40ms_rgb_dropout,12,12,0.5000000000000002,False,,e4de592183d5dedcc14118b6a8aec5714f01af7d026ab7c3098924db59233652
L2RAR2_R19_CONF_00_886000__T11_transport_strong_phase_40ms_rgb_dropout,13,13,0.5000000000000002,False,,e4de592183d5dedcc14118b6a8aec5714f01af7d026ab7c3098924db59233652
L2RAR2_R19_CONF_00_886000__T11_transport_strong_phase_40ms_rgb_dropout,14,14,0.5500000000000003,False,,0de7b7c8ede2122dc4af6f7ae331456dc122aac92756439e1ba3fdf68f348da7
L2RAR2_R19_CONF_00_886000__T11_transport_strong_phase_40ms_rgb_dropout,15,15,0.6000000000000003,False,,aba33eaa3669accffcefb882eba002500c082129ab03935d8884cbc77643d4a6
L2RAR2_R19_CONF_00_886000__T11_transport_strong_phase_40ms_rgb_dropout,16,16,0.6500000000000004,False,,919ef57b16a1199759b51888aa5f235dadde10fe10374e51f71363c1442526d7
L2RAR2_R19_CONF_00_886000__T11_transport_strong_phase_40ms_rgb_dropout,17,17,0.7000000000000004,False,,d7eb0b2400d099532fcf542c1d9ad26603df71f2bfb9e0c07ac2cbf0c0252391
L2RAR2_R19_CONF_00_886000__T11_transport_strong_phase_40ms_rgb_dropout,18,18,0.7500000000000004,False,,2555474a9468753331eb4679b1b16af4c03826cebb9e505de3997e8178eb18ea
L2RAR2_R19_CONF_00_886000__T11_transport_strong_phase_40ms_rgb_dropout,19,19,0.8000000000000005,False,,ff608e65d10c5ef0ba7ad3a8e30cf32e8483889e0442168bbd211f2267c6b415
L2RAR2_R19_CONF_00_886000__T11_transport_strong_phase_40ms_rgb_dropout,20,20,0.8500000000000005,False,,6c862e87eb33d021bae4ef2f7ea14f7c968ec801989f6344eb35931321ef29f4
L2RAR2_R19_CONF_00_886000__T11_transport_strong_phase_40ms_rgb_dropout,21,21,0.9000000000000006,False,,a8e8c6b77d35b3ea2b376d6764687896a4fedca080a0c5137145883a6381022e
L2RAR2_R19_CONF_00_886000__T11_transport_strong_phase_40ms_rgb_dropout,22,22,0.9500000000000006,False,,40a8d7295055342641a3b0f149d073cdbc5b95a918177d92c9d40f2d9f024142
L2RAR2_R19_CONF_00_886000__T11_transport_strong_phase_40ms_rgb_dropout,23,23,1.0000000000000007,False,,b4c21522cadb242b2e41f881cd7f604489d4200462ce34d714a50ac1c653a408
L2RAR2_R19_CONF_00_886000__T11_transport_strong_phase_40ms_rgb_dropout,24,24,1.0500000000000007,False,,6e9f50c4c583322680ea15bbc4d6059936816977f1e7f830a355164496bea716
L2RAR2_R19_CONF_00_886000__T11_transport_strong_phase_40ms_rgb_dropout,25,25,1.1000000000000008,False,,e533b3b8aacb4caa03b4b9c339d34cfd3a11c6f3f89c9c055aa2a3476447af81
L2RAR2_R19_CONF_00_886000__T11_transport_strong_phase_40ms_rgb_dropout,26,26,1.1500000000000008,False,,b67e04d74928022bd357a396261a9f9d1532f878b47c4af143574dc5aebb4aa8
L2RAR2_R19_CONF_00_886000__T11_transport_strong_phase_40ms_rgb_dropout,27,27,1.2000000000000008,False,,37fd22c435817d98c2ce132bb79b593620397ecc09927f7237827e8c62501ddb
L2RAR2_R19_CONF_00_886000__T11_transport_strong_phase_40ms_rgb_dropout,28,28,1.2500000000000009,False,,9f6ffad7c3e3eaed13e4811361fe3e2307ff0371e0e728ccc7c498eb4dad1032
L2RAR2_R19_CONF_00_886000__T11_transport_strong_phase_40ms_rgb_dropout,29,29,1.300000000000001,False,,5b20335819b3b1c87318415f7005319249e1c26a1cfe3e41de5ef4c9c24b6eb8
L2RAR2_R19_CONF_00_886000__T11_transport_strong_phase_40ms_rgb_dropout,30,30,1.350000000000001,False,,e7b29b0bf669244200b049d63038e3ae1662036282831f67fca2215566a2d7d9
L2RAR2_R19_CONF_00_886000__T11_transport_strong_phase_40ms_rgb_dropout,31,31,1.400000000000001,False,,f23ae91548a08f4a29f6b338fdaf65fc1fcf394c692e08153b5547de08fa0cde
L2RAR2_R19_CONF_00_886000__T11_transport_strong_phase_40ms_rgb_dropout,32,32,1.450000000000001,False,,
L2RAR2_R19_CONF_00_886000__T11_transport_strong_phase_40ms_rgb_dropout,33,33,1.500000000000001,False,,
L2RAR2_R19_CONF_00_886000__T11_transport_strong_phase_40ms_rgb_dropout,34,34,1.5400000000000011,False,,c4c27735174b30397a22951901232debb5ef38ae75773a201a13986da0a6eebf
L2RAR2_R19_CONF_00_886000__T11_transport_strong_phase_40ms_rgb_dropout,35,35,1.5500000000000012,False,,
L2RAR2_R19_CONF_00_886000__T11_transport_strong_phase_40ms_rgb_dropout,36,36,1.6000000000000012,False,,7ad433f05e51f635744848ae322e546a77f4cbca02f6205ae56eb9bd098e43b7
L2RAR2_R19_CONF_00_886000__T11_transport_strong_phase_40ms_rgb_dropout,37,37,1.6500000000000012,False,,e0a399fcace45ceb4c796737d9ae7edba3591407060917e4f2d272719c00b06f
L2RAR2_R19_CONF_00_886000__T11_transport_strong_phase_40ms_rgb_dropout,38,38,1.7000000000000013,False,,56eb317b3c30dcc8fdaf10e898d5d2b690dd511f3deeca3cfba1d698c55a4572
L2RAR2_R19_CONF_00_886000__T11_transport_strong_phase_40ms_rgb_dropout,39,39,1.7400000000000013,False,,6c09be1c6835510307eb83b9468ba41df1ed40f86dc893e4f92dbfdac12d191e
L2RAR2_R19_CONF_00_886000__T11_transport_strong_phase_40ms_rgb_dropout,40,40,1.7500000000000013,False,,d4c2c3a24b5d1ceba00321cc112bd9cce743c7e207d4e104dcec5a98001ccfff
L2RAR2_R19_CONF_00_886000__T11_transport_strong_phase_40ms_rgb_dropout,41,41,1.8000000000000014,False,,4560f2a02f190ca93e9c47fc881048a3adfb4a37b62215040bd1d6205694e3f3
L2RAR2_R19_CONF_00_886000__T11_transport_strong_phase_40ms_rgb_dropout,42,42,1.8500000000000014,False,,827653d6285c59bcbb25ff9a54aeed4f94808f1b597629a43ac2127f35493032
L2RAR2_R19_CONF_00_886000__T11_transport_strong_phase_40ms_rgb_dropout,43,43,1.9000000000000015,False,,3c8926c562d49c62aa2231e063ef41671900134d68335a64c02d98a3ffd6404a
L2RAR2_R19_CONF_00_886000__T11_transport_strong_phase_40ms_rgb_dropout,44,44,1.9500000000000015,False,,e60b8c68f4a7d9ae4440b4a65bd47053e58496fc303d4e2a6978e2fbf7e40148
L2RAR2_R19_CONF_00_886000__T11_transport_strong_phase_40ms_rgb_dropout,45,45,2.0000000000000013,False,,2115438cab24546ed20c51c8ea6379b9d9029af9f50699f830bdf06dbed24529
L2RAR2_R19_CONF_00_886000__T11_transport_strong_phase_40ms_rgb_dropout,46,46,2.0500000000000003,False,,116a9ac5f66c2477bbcb581c215e7ae3d62b130b00473e990936249df4d2f6e2
L2RAR2_R19_CONF_00_886000__T11_transport_strong_phase_40ms_rgb_dropout,47,47,2.099999999999999,False,,7fee535c3637fb60248a75edead8035d0629ab5246e7ea8f078591c7b99620f5
L2RAR2_R19_CONF_00_886000__T11_transport_strong_phase_40ms_rgb_dropout,48,48,2.149999999999998,False,,111a28bfde736db4d4b982cb142a594ddaf72dfe9d34976c1d798b44ce206521
L2RAR2_R19_CONF_00_886000__T11_transport_strong_phase_40ms_rgb_dropout,49,49,2.199999999999997,False,,9dec7ebd3d4b2ab6275f32f4faf79db12ef9cf7a3391ad9799983af7628665e1
L2RAR2_R19_CONF_00_886000__T11_transport_strong_phase_40ms_rgb_dropout,50,50,2.249999999999996,False,,8cff4997a11bae9fc021ae55ea8a661794daeeb82ec9587f8133c576c27004e8
L2RAR2_R19_CONF_00_886000__T11_transport_strong_phase_40ms_rgb_dropout,51,51,2.299999999999995,False,,721303a28b5b090335d81abbfb66fade3080e06de22da101a85aa9a6328c291f
L2RAR2_R19_CONF_00_886000__T11_transport_strong_phase_40ms_rgb_dropout,52,52,2.349999999999994,False,,2861fbfb1c2728dffc3525f76ac9dcad754a6a016549fba3c9d9a4c7b662bbc7
L2RAR2_R19_CONF_00_886000__T11_transport_strong_phase_40ms_rgb_dropout,53,53,2.399999999999993,False,,1178c237a4b42116f8e48ba2d7f0cb162bbd2be2765ef8dbc92c4125953bff1f
L2RAR2_R19_CONF_00_886000__T11_transport_strong_phase_40ms_rgb_dropout,54,54,2.4499999999999917,False,,1b621863d7a524f0aea71c17468b83f13336c9ab2a1ef634b495f0263c45a5b1
L2RAR2_R19_CONF_00_886000__T11_transport_strong_phase_40ms_rgb_dropout,55,55,2.4999999999999907,False,,de8e6940da3dc8d2de74e741f53fffc5937b4040bf1535a423429b55e641107e
L2RAR2_R19_CONF_00_886000__T11_transport_strong_phase_40ms_rgb_dropout,56,56,2.5499999999999896,False,,4854a8cf17d3e283ba2f82452c10448e46234988517939e29ba23405665039d5
L2RAR2_R19_CONF_00_886000__T11_transport_strong_phase_40ms_rgb_dropout,57,57,2.5999999999999885,False,,57613c914d951052a2875a794d83bc93815d6df170224564a7c0f40b8ff0224a
L2RAR2_R19_CONF_00_886000__T11_transport_strong_phase_40ms_rgb_dropout,58,58,2.6499999999999875,False,,b3ee60f7f9474b0abf2a01e1e17fa3e196658e17981d7c79bb5340571cdd0fff
L2RAR2_R19_CONF_00_886000__T11_transport_strong_phase_40ms_rgb_dropout,59,59,2.6999999999999864,False,,6ad03fdcfaf70cf411c1e621650f00fb22e4689a6ef94971ff4657b4a300ee95
L2RAR2_R19_CONF_00_886000__T11_transport_strong_phase_40ms_rgb_dropout,60,60,2.7399999999999856,False,,494f649b0d326d0ac8a889be73052143d8f0b5298bcd3cc9159cd62c401f2803
L2RAR2_R19_CONF_00_886000__T12_transport_commanded_release,0,0,0.0,False,,7918a22fe92176eb0171514aed2e662215a5e72f6b5422f8eef2207e164d1bdc
L2RAR2_R19_CONF_00_886000__T12_transport_commanded_release,1,1,0.05,False,,7be63c050b2307c99ffc20c3f1da4c97b992d9183536b3bf851c0deb1555c30d
L2RAR2_R19_CONF_00_886000__T12_transport_commanded_release,2,2,0.09999999999999999,False,,b58a1530bf6c8cc981a19e130b0815e6e9f63c2f502204a5b9b7c7f4410844c4
L2RAR2_R19_CONF_00_886000__T12_transport_commanded_release,3,3,0.15,False,,c9f0b5426cbb5e5945d1f7fc155d129016f4b49bcc13517c2d8a990e4c5a04f1
L2RAR2_R19_CONF_00_886000__T12_transport_commanded_release,4,4,0.20000000000000004,False,,8321a01d025279708b0fd4dc4ee661503c0de06f3f3de901fdd164262479868f
L2RAR2_R19_CONF_00_886000__T12_transport_commanded_release,5,5,0.20000000000000004,False,,8321a01d025279708b0fd4dc4ee661503c0de06f3f3de901fdd164262479868f
L2RAR2_R19_CONF_00_886000__T12_transport_commanded_release,6,6,0.25000000000000006,False,,89bf4ee471a367bccec5e13f3aeb1f30477c75e57378da0cfa6e078af64ea9b3
L2RAR2_R19_CONF_00_886000__T12_transport_commanded_release,7,7,0.3000000000000001,False,,2105f9043d1b76a9919063222255587d5eedbdd1746af1c9ba3d8e4679618114
L2RAR2_R19_CONF_00_886000__T12_transport_commanded_release,8,8,0.3000000000000001,False,,2105f9043d1b76a9919063222255587d5eedbdd1746af1c9ba3d8e4679618114
L2RAR2_R19_CONF_00_886000__T12_transport_commanded_release,9,9,0.35000000000000014,False,,f58cd662a5a33ea9fbd28e94ca38e27bfd6cb48d9973f648774cf001fdb87e18
L2RAR2_R19_CONF_00_886000__T12_transport_commanded_release,10,10,0.4000000000000002,False,,44d0d41b51fe1a66256b92fec556eb5405287eea8d4bfeb45966f4644d71f365
L2RAR2_R19_CONF_00_886000__T12_transport_commanded_release,11,11,0.45000000000000023,False,,6f9ca56d1468472c00b31fa94510cdcdaa1e5b4922f576bd7f672e7b7f7ebac5
L2RAR2_R19_CONF_00_886000__T12_transport_commanded_release,12,12,0.5000000000000002,False,,e4de592183d5dedcc14118b6a8aec5714f01af7d026ab7c3098924db59233652
L2RAR2_R19_CONF_00_886000__T12_transport_commanded_release,13,13,0.5000000000000002,False,,e4de592183d5dedcc14118b6a8aec5714f01af7d026ab7c3098924db59233652
L2RAR2_R19_CONF_00_886000__T12_transport_commanded_release,14,14,0.5500000000000003,False,,0de7b7c8ede2122dc4af6f7ae331456dc122aac92756439e1ba3fdf68f348da7
L2RAR2_R19_CONF_00_886000__T12_transport_commanded_release,15,15,0.6000000000000003,False,,aba33eaa3669accffcefb882eba002500c082129ab03935d8884cbc77643d4a6
L2RAR2_R19_CONF_00_886000__T12_transport_commanded_release,16,16,0.6500000000000004,False,,919ef57b16a1199759b51888aa5f235dadde10fe10374e51f71363c1442526d7
L2RAR2_R19_CONF_00_886000__T12_transport_commanded_release,17,17,0.7000000000000004,False,,d7eb0b2400d099532fcf542c1d9ad26603df71f2bfb9e0c07ac2cbf0c0252391
L2RAR2_R19_CONF_00_886000__T12_transport_commanded_release,18,18,0.7500000000000004,False,,2555474a9468753331eb4679b1b16af4c03826cebb9e505de3997e8178eb18ea
L2RAR2_R19_CONF_00_886000__T12_transport_commanded_release,19,19,0.8000000000000005,False,,ff608e65d10c5ef0ba7ad3a8e30cf32e8483889e0442168bbd211f2267c6b415
L2RAR2_R19_CONF_00_886000__T12_transport_commanded_release,20,20,0.8500000000000005,False,,6c862e87eb33d021bae4ef2f7ea14f7c968ec801989f6344eb35931321ef29f4
L2RAR2_R19_CONF_00_886000__T12_transport_commanded_release,21,21,0.9000000000000006,False,,a8e8c6b77d35b3ea2b376d6764687896a4fedca080a0c5137145883a6381022e
L2RAR2_R19_CONF_00_886000__T12_transport_commanded_release,22,22,0.9500000000000006,False,,40a8d7295055342641a3b0f149d073cdbc5b95a918177d92c9d40f2d9f024142
L2RAR2_R19_CONF_00_886000__T12_transport_commanded_release,23,23,1.0000000000000007,False,,b4c21522cadb242b2e41f881cd7f604489d4200462ce34d714a50ac1c653a408
L2RAR2_R19_CONF_00_886000__T12_transport_commanded_release,24,24,1.0500000000000007,False,,6e9f50c4c583322680ea15bbc4d6059936816977f1e7f830a355164496bea716
L2RAR2_R19_CONF_00_886000__T12_transport_commanded_release,25,25,1.1000000000000008,False,,e533b3b8aacb4caa03b4b9c339d34cfd3a11c6f3f89c9c055aa2a3476447af81
L2RAR2_R19_CONF_00_886000__T12_transport_commanded_release,26,26,1.1500000000000008,False,,b67e04d74928022bd357a396261a9f9d1532f878b47c4af143574dc5aebb4aa8
L2RAR2_R19_CONF_00_886000__T12_transport_commanded_release,27,27,1.2000000000000008,False,,37fd22c435817d98c2ce132bb79b593620397ecc09927f7237827e8c62501ddb
L2RAR2_R19_CONF_00_886000__T12_transport_commanded_release,28,28,1.2500000000000009,False,,9f6ffad7c3e3eaed13e4811361fe3e2307ff0371e0e728ccc7c498eb4dad1032
L2RAR2_R19_CONF_00_886000__T12_transport_commanded_release,29,29,1.300000000000001,False,,5b20335819b3b1c87318415f7005319249e1c26a1cfe3e41de5ef4c9c24b6eb8
L2RAR2_R19_CONF_00_886000__T12_transport_commanded_release,30,30,1.350000000000001,False,,7b29d0b26e261775ca1449106f21d8e86d1bd51f9093bdd1cb747e54c72b613c
L2RAR2_R19_CONF_00_886000__T12_transport_commanded_release,31,31,1.400000000000001,False,,078302a63ce98ba265891b15e7d8d291586abe47d512f5c3fd18b53f97272193
L2RAR2_R19_CONF_00_886000__T12_transport_commanded_release,32,32,1.450000000000001,False,,d309dd7ea8a430bf8917e7f3bb311137e8f5dfd44e3498a356ccdc5ef81d9b84
L2RAR2_R19_CONF_00_886000__T12_transport_commanded_release,33,33,1.500000000000001,False,,6ff67f6a7b8026e5593b379ad04666e54aebc56c484282658ff445a20e1dff61
L2RAR2_R19_CONF_00_886000__T12_transport_commanded_release,34,34,1.5500000000000012,False,,04ba2cd20117fd953a22fe00f51175d1b68c4139adb3ccf5da1996b7714aff35
L2RAR2_R19_CONF_00_886000__T12_transport_commanded_release,35,35,1.6000000000000012,False,,ef686b95fa9ea62c7efa0599dea702c8f2502a0a72ae1945c733069ac4ee4d82
L2RAR2_R19_CONF_00_886000__T12_transport_commanded_release,36,36,1.6500000000000012,False,,bb7ce0cd30f0e997a03ed4556b6042a0001aa9814a1f359b40ece250eb5a8f76
L2RAR2_R19_CONF_00_886000__T12_transport_commanded_release,37,37,1.7000000000000013,False,,4d164805caba44fc22494a68222326150b2d979e8f8b836d877fff0b65302d9f
L2RAR2_R19_CONF_00_886000__T12_transport_commanded_release,38,38,1.7500000000000013,False,,4436e6714bb3f98a2618fd23debce630747259243c4805ea8fd2765fe3188f03
L2RAR2_R19_CONF_00_886000__T12_transport_commanded_release,39,39,1.8000000000000014,False,,3296d30ef37d6be02c5d02959d200430ff5523575e07800ce27467b554ce756f
L2RAR2_R19_CONF_00_886000__T12_transport_commanded_release,40,40,1.8200000000000014,False,,618debf4762f67d140771c880aef4113dad720d7ee7bc43243394468b6adb964
L2RAR2_R19_CONF_00_886000__T12_transport_commanded_release,41,41,1.8500000000000014,False,,f65ceac77b8670b3762005fe755c519be4af77f6d14705b326424dc6d4d59099
L2RAR2_R19_CONF_00_886000__T12_transport_commanded_release,42,42,1.9000000000000015,False,,57d57bba5289ed6704db07677db3e8f6d80fb0d2a94b6f1b5c10824e8f6ac62e
L2RAR2_R19_CONF_00_886000__T12_transport_commanded_release,43,43,1.9500000000000015,False,,8df0545bace3afc0ea6b830c648fc1532e0acbc8d94ef42d0764abafa09fc872
L2RAR2_R19_CONF_00_886000__T12_transport_commanded_release,44,44,2.0000000000000013,False,,7a285f8f4dc18f2f9473267ad9c1e4eb4be0b45f71b84c3810f599e5b82c1ebd
L2RAR2_R19_CONF_00_886000__T12_transport_commanded_release,45,45,2.020000000000001,False,,7a285f8f4dc18f2f9473267ad9c1e4eb4be0b45f71b84c3810f599e5b82c1ebd
L2RAR2_R19_CONF_00_886000__T12_transport_commanded_release,46,46,2.0500000000000003,False,,a01348de6200ab343c6831e292ca90d5d7dadf75cd3574198cf583c0f83fbc99
L2RAR2_R19_CONF_00_886000__T12_transport_commanded_release,47,47,2.099999999999999,False,,7a285f8f4dc18f2f9473267ad9c1e4eb4be0b45f71b84c3810f599e5b82c1ebd
L2RAR2_R19_CONF_00_886000__T12_transport_commanded_release,48,48,2.149999999999998,False,,a01348de6200ab343c6831e292ca90d5d7dadf75cd3574198cf583c0f83fbc99
L2RAR2_R19_CONF_00_886000__T12_transport_commanded_release,49,49,2.199999999999997,False,,7a285f8f4dc18f2f9473267ad9c1e4eb4be0b45f71b84c3810f599e5b82c1ebd
L2RAR2_R19_CONF_00_886000__T12_transport_commanded_release,50,50,2.249999999999996,False,,a01348de6200ab343c6831e292ca90d5d7dadf75cd3574198cf583c0f83fbc99
L2RAR2_R19_CONF_00_886000__T12_transport_commanded_release,51,51,2.299999999999995,False,,7a285f8f4dc18f2f9473267ad9c1e4eb4be0b45f71b84c3810f599e5b82c1ebd
L2RAR2_R19_CONF_00_886000__T12_transport_commanded_release,52,52,2.349999999999994,False,,a01348de6200ab343c6831e292ca90d5d7dadf75cd3574198cf583c0f83fbc99
L2RAR2_R19_CONF_00_886000__T12_transport_commanded_release,53,53,2.399999999999993,False,,7a285f8f4dc18f2f9473267ad9c1e4eb4be0b45f71b84c3810f599e5b82c1ebd
L2RAR2_R19_CONF_00_886000__T12_transport_commanded_release,54,54,2.4499999999999917,False,,a01348de6200ab343c6831e292ca90d5d7dadf75cd3574198cf583c0f83fbc99
L2RAR2_R19_CONF_00_886000__T12_transport_commanded_release,55,55,2.4999999999999907,False,,7a285f8f4dc18f2f9473267ad9c1e4eb4be0b45f71b84c3810f599e5b82c1ebd
L2RAR2_R19_CONF_00_886000__T12_transport_commanded_release,56,56,2.5499999999999896,False,,a01348de6200ab343c6831e292ca90d5d7dadf75cd3574198cf583c0f83fbc99
L2RAR2_R19_CONF_00_886000__T12_transport_commanded_release,57,57,2.5999999999999885,False,,7a285f8f4dc18f2f9473267ad9c1e4eb4be0b45f71b84c3810f599e5b82c1ebd
L2RAR2_R19_CONF_00_886000__T12_transport_commanded_release,58,58,2.6499999999999875,False,,a01348de6200ab343c6831e292ca90d5d7dadf75cd3574198cf583c0f83fbc99
L2RAR2_R19_CONF_00_886000__T12_transport_commanded_release,59,59,2.6999999999999864,False,,7a285f8f4dc18f2f9473267ad9c1e4eb4be0b45f71b84c3810f599e5b82c1ebd
L2RAR2_R19_CONF_00_886000__T12_transport_commanded_release,60,60,2.7499999999999853,False,,d059db7bb9cb174b85e6bd68801bf00bf06e72117f69639b0e58ab5f3f8fd880
L2RAR2_R19_CONF_00_886000__T12_transport_commanded_release,61,61,2.7999999999999843,False,,7a285f8f4dc18f2f9473267ad9c1e4eb4be0b45f71b84c3810f599e5b82c1ebd
L2RAR2_R19_CONF_00_886000__T12_transport_commanded_release,62,62,2.849999999999983,False,,d059db7bb9cb174b85e6bd68801bf00bf06e72117f69639b0e58ab5f3f8fd880
L2RAR2_R19_CONF_00_886000__T12_transport_commanded_release,63,63,2.899999999999982,False,,b826fbef9c1de339088964026c2abbe93fcb17c1af860f709d396b187dd1e02e
L2RAR2_R19_CONF_00_886000__T12_transport_commanded_release,64,64,2.949999999999981,False,,5464706b42aeed1e8892730b01152be916ff04dc2bd458ca012b6e151cb5cd7a
L2RAR2_R19_CONF_00_886000__T12_transport_commanded_release,65,65,2.99999999999998,False,,b826fbef9c1de339088964026c2abbe93fcb17c1af860f709d396b187dd1e02e
L2RAR2_R19_CONF_00_886000__T12_transport_commanded_release,66,66,3.0199999999999796,False,,b826fbef9c1de339088964026c2abbe93fcb17c1af860f709d396b187dd1e02e
L2RAR2_R19_CONF_00_886000__T1_transport_stable_clean,0,0,0.0,False,,7918a22fe92176eb0171514aed2e662215a5e72f6b5422f8eef2207e164d1bdc
L2RAR2_R19_CONF_00_886000__T1_transport_stable_clean,1,1,0.05,False,,7be63c050b2307c99ffc20c3f1da4c97b992d9183536b3bf851c0deb1555c30d
L2RAR2_R19_CONF_00_886000__T1_transport_stable_clean,2,2,0.09999999999999999,False,,b58a1530bf6c8cc981a19e130b0815e6e9f63c2f502204a5b9b7c7f4410844c4
L2RAR2_R19_CONF_00_886000__T1_transport_stable_clean,3,3,0.15,False,,c9f0b5426cbb5e5945d1f7fc155d129016f4b49bcc13517c2d8a990e4c5a04f1
L2RAR2_R19_CONF_00_886000__T1_transport_stable_clean,4,4,0.20000000000000004,False,,8321a01d025279708b0fd4dc4ee661503c0de06f3f3de901fdd164262479868f
L2RAR2_R19_CONF_00_886000__T1_transport_stable_clean,5,5,0.20000000000000004,False,,8321a01d025279708b0fd4dc4ee661503c0de06f3f3de901fdd164262479868f
L2RAR2_R19_CONF_00_886000__T1_transport_stable_clean,6,6,0.25000000000000006,False,,89bf4ee471a367bccec5e13f3aeb1f30477c75e57378da0cfa6e078af64ea9b3
L2RAR2_R19_CONF_00_886000__T1_transport_stable_clean,7,7,0.3000000000000001,False,,2105f9043d1b76a9919063222255587d5eedbdd1746af1c9ba3d8e4679618114
L2RAR2_R19_CONF_00_886000__T1_transport_stable_clean,8,8,0.3000000000000001,False,,2105f9043d1b76a9919063222255587d5eedbdd1746af1c9ba3d8e4679618114
L2RAR2_R19_CONF_00_886000__T1_transport_stable_clean,9,9,0.35000000000000014,False,,f58cd662a5a33ea9fbd28e94ca38e27bfd6cb48d9973f648774cf001fdb87e18
L2RAR2_R19_CONF_00_886000__T1_transport_stable_clean,10,10,0.4000000000000002,False,,44d0d41b51fe1a66256b92fec556eb5405287eea8d4bfeb45966f4644d71f365
L2RAR2_R19_CONF_00_886000__T1_transport_stable_clean,11,11,0.45000000000000023,False,,6f9ca56d1468472c00b31fa94510cdcdaa1e5b4922f576bd7f672e7b7f7ebac5
L2RAR2_R19_CONF_00_886000__T1_transport_stable_clean,12,12,0.5000000000000002,False,,e4de592183d5dedcc14118b6a8aec5714f01af7d026ab7c3098924db59233652
L2RAR2_R19_CONF_00_886000__T1_transport_stable_clean,13,13,0.5000000000000002,False,,e4de592183d5dedcc14118b6a8aec5714f01af7d026ab7c3098924db59233652
L2RAR2_R19_CONF_00_886000__T1_transport_stable_clean,14,14,0.5500000000000003,False,,0de7b7c8ede2122dc4af6f7ae331456dc122aac92756439e1ba3fdf68f348da7
L2RAR2_R19_CONF_00_886000__T1_transport_stable_clean,15,15,0.6000000000000003,False,,aba33eaa3669accffcefb882eba002500c082129ab03935d8884cbc77643d4a6
L2RAR2_R19_CONF_00_886000__T1_transport_stable_clean,16,16,0.6500000000000004,False,,919ef57b16a1199759b51888aa5f235dadde10fe10374e51f71363c1442526d7
L2RAR2_R19_CONF_00_886000__T1_transport_stable_clean,17,17,0.7000000000000004,False,,d7eb0b2400d099532fcf542c1d9ad26603df71f2bfb9e0c07ac2cbf0c0252391
L2RAR2_R19_CONF_00_886000__T1_transport_stable_clean,18,18,0.7500000000000004,False,,2555474a9468753331eb4679b1b16af4c03826cebb9e505de3997e8178eb18ea
L2RAR2_R19_CONF_00_886000__T1_transport_stable_clean,19,19,0.8000000000000005,False,,ff608e65d10c5ef0ba7ad3a8e30cf32e8483889e0442168bbd211f2267c6b415
L2RAR2_R19_CONF_00_886000__T1_transport_stable_clean,20,20,0.8500000000000005,False,,6c862e87eb33d021bae4ef2f7ea14f7c968ec801989f6344eb35931321ef29f4
L2RAR2_R19_CONF_00_886000__T1_transport_stable_clean,21,21,0.9000000000000006,False,,a8e8c6b77d35b3ea2b376d6764687896a4fedca080a0c5137145883a6381022e
L2RAR2_R19_CONF_00_886000__T1_transport_stable_clean,22,22,0.9500000000000006,False,,40a8d7295055342641a3b0f149d073cdbc5b95a918177d92c9d40f2d9f024142
L2RAR2_R19_CONF_00_886000__T1_transport_stable_clean,23,23,1.0000000000000007,False,,b4c21522cadb242b2e41f881cd7f604489d4200462ce34d714a50ac1c653a408
L2RAR2_R19_CONF_00_886000__T1_transport_stable_clean,24,24,1.0500000000000007,False,,6e9f50c4c583322680ea15bbc4d6059936816977f1e7f830a355164496bea716
L2RAR2_R19_CONF_00_886000__T1_transport_stable_clean,25,25,1.1000000000000008,False,,e533b3b8aacb4caa03b4b9c339d34cfd3a11c6f3f89c9c055aa2a3476447af81
L2RAR2_R19_CONF_00_886000__T1_transport_stable_clean,26,26,1.1500000000000008,False,,b67e04d74928022bd357a396261a9f9d1532f878b47c4af143574dc5aebb4aa8
L2RAR2_R19_CONF_00_886000__T1_transport_stable_clean,27,27,1.2000000000000008,False,,37fd22c435817d98c2ce132bb79b593620397ecc09927f7237827e8c62501ddb
L2RAR2_R19_CONF_00_886000__T1_transport_stable_clean,28,28,1.2500000000000009,False,,9f6ffad7c3e3eaed13e4811361fe3e2307ff0371e0e728ccc7c498eb4dad1032
L2RAR2_R19_CONF_00_886000__T1_transport_stable_clean,29,29,1.300000000000001,False,,5b20335819b3b1c87318415f7005319249e1c26a1cfe3e41de5ef4c9c24b6eb8
L2RAR2_R19_CONF_00_886000__T1_transport_stable_clean,30,30,1.350000000000001,False,,2688cadb2308f1d4493e802ee6133d34c91bea29329087244b54eb071b106c34
L2RAR2_R19_CONF_00_886000__T1_transport_stable_clean,31,31,1.400000000000001,False,,9892fa0112fa5fee5064292c54efc452e3ea4c0585234d04700bd5bcbe153522
L2RAR2_R19_CONF_00_886000__T1_transport_stable_clean,32,32,1.450000000000001,False,,03efe5d8b8eb5918ef5f8f64cdd9b9a76d5906261b4aba8b99f09c082033b6f1
L2RAR2_R19_CONF_00_886000__T1_transport_stable_clean,33,33,1.500000000000001,False,,eb32a96d5af8b944f9f887253cb29b240450271166dd287cb9a15f644985c343
L2RAR2_R19_CONF_00_886000__T1_transport_stable_clean,34,34,1.500000000000001,False,,eb32a96d5af8b944f9f887253cb29b240450271166dd287cb9a15f644985c343
L2RAR2_R19_CONF_00_886000__T1_transport_stable_clean,35,35,1.5500000000000012,False,,2c2f8840276d66e4b8a2ce85e44f0955f86a1bff9ccfb75240997c9aa79c5808
L2RAR2_R19_CONF_00_886000__T1_transport_stable_clean,36,36,1.6000000000000012,False,,fe595b4ce0aea8405c8a301d08897f48a25d13a42f756c7e9eb8eea83d27d449
L2RAR2_R19_CONF_00_886000__T1_transport_stable_clean,37,37,1.6500000000000012,False,,52d3be8f6986fc824aba2c01aa1c49d03d86b08ce916abd0c755016c068ef871
L2RAR2_R19_CONF_00_886000__T1_transport_stable_clean,38,38,1.7000000000000013,False,,2ffb366278f82c2133d1b5e5ba948f594504f8c438e267601c8957cb8b9308e1
L2RAR2_R19_CONF_00_886000__T1_transport_stable_clean,39,39,1.7500000000000013,False,,020b8c7fd75d7ea601e52e6f7bf08a6cc7ef2733202a2b2105be66f88a19ec13
L2RAR2_R19_CONF_00_886000__T1_transport_stable_clean,40,40,1.8000000000000014,False,,532a0d194dc5cf902ffdf941bc308349f4ba0ebb53a1479b9b15e698b47cda25
L2RAR2_R19_CONF_00_886000__T1_transport_stable_clean,41,41,1.8500000000000014,False,,1ee25199814d2ddeb485e82688de5f59ee037c5e2ec0a91fa7dada9c7a0c9e09
L2RAR2_R19_CONF_00_886000__T1_transport_stable_clean,42,42,1.9000000000000015,False,,1793151cc1b30c2fd51a9bbacc76bfd912d58aeeebd296362e247b9dcd577578
L2RAR2_R19_CONF_00_886000__T1_transport_stable_clean,43,43,1.9500000000000015,False,,fea93d5ced2abec5eaf0f4b6ee064bc828b6595332cbbaa68572f77a11b2958f
L2RAR2_R19_CONF_00_886000__T1_transport_stable_clean,44,44,2.0000000000000013,False,,eed34ddeef77a2e8f09abf1d0e8368a45a256133e31b67ccb49698e90012f962
L2RAR2_R19_CONF_00_886000__T1_transport_stable_clean,45,45,2.0500000000000003,False,,eed34ddeef77a2e8f09abf1d0e8368a45a256133e31b67ccb49698e90012f962
L2RAR2_R19_CONF_00_886000__T1_transport_stable_clean,46,46,2.099999999999999,False,,eed34ddeef77a2e8f09abf1d0e8368a45a256133e31b67ccb49698e90012f962
L2RAR2_R19_CONF_00_886000__T1_transport_stable_clean,47,47,2.149999999999998,False,,980d87bdc1e452bd3dcada5dcc1883fc59033f59280bbbb24df1d2af5b2f51b5
L2RAR2_R19_CONF_00_886000__T1_transport_stable_clean,48,48,2.199999999999997,False,,1e257ac60bae09d1a619bae2710f963982b866a46d18c52abdc6e52c2ebe4d7c
L2RAR2_R19_CONF_00_886000__T1_transport_stable_clean,49,49,2.249999999999996,False,,389cb57122ee3020c60d96c0506fa8bdda5f43c32f434a26002267c25c38aca9
L2RAR2_R19_CONF_00_886000__T1_transport_stable_clean,50,50,2.299999999999995,False,,6990f2f8d411595381da445114ee378a6b09adda84e129ddceee947c73af2fba
L2RAR2_R19_CONF_00_886000__T1_transport_stable_clean,51,51,2.349999999999994,False,,1e257ac60bae09d1a619bae2710f963982b866a46d18c52abdc6e52c2ebe4d7c
L2RAR2_R19_CONF_00_886000__T1_transport_stable_clean,52,52,2.399999999999993,False,,2c55dbfb6618899be7acbea62f9c97a3967d3b05690b74dca1d647c042a609f4
L2RAR2_R19_CONF_00_886000__T1_transport_stable_clean,53,53,2.4499999999999917,False,,1e257ac60bae09d1a619bae2710f963982b866a46d18c52abdc6e52c2ebe4d7c
L2RAR2_R19_CONF_00_886000__T1_transport_stable_clean,54,54,2.4999999999999907,False,,1e257ac60bae09d1a619bae2710f963982b866a46d18c52abdc6e52c2ebe4d7c
L2RAR2_R19_CONF_00_886000__T1_transport_stable_clean,55,55,2.4999999999999907,False,,1e257ac60bae09d1a619bae2710f963982b866a46d18c52abdc6e52c2ebe4d7c
L2RAR2_R19_CONF_00_886000__T2_transport_camera_jitter,0,0,0.0,False,,7918a22fe92176eb0171514aed2e662215a5e72f6b5422f8eef2207e164d1bdc
L2RAR2_R19_CONF_00_886000__T2_transport_camera_jitter,1,1,0.05,False,,7be63c050b2307c99ffc20c3f1da4c97b992d9183536b3bf851c0deb1555c30d
L2RAR2_R19_CONF_00_886000__T2_transport_camera_jitter,2,2,0.09999999999999999,False,,b58a1530bf6c8cc981a19e130b0815e6e9f63c2f502204a5b9b7c7f4410844c4
L2RAR2_R19_CONF_00_886000__T2_transport_camera_jitter,3,3,0.15,False,,c9f0b5426cbb5e5945d1f7fc155d129016f4b49bcc13517c2d8a990e4c5a04f1
L2RAR2_R19_CONF_00_886000__T2_transport_camera_jitter,4,4,0.20000000000000004,False,,8321a01d025279708b0fd4dc4ee661503c0de06f3f3de901fdd164262479868f
L2RAR2_R19_CONF_00_886000__T2_transport_camera_jitter,5,5,0.20000000000000004,False,,8321a01d025279708b0fd4dc4ee661503c0de06f3f3de901fdd164262479868f
L2RAR2_R19_CONF_00_886000__T2_transport_camera_jitter,6,6,0.25000000000000006,False,,89bf4ee471a367bccec5e13f3aeb1f30477c75e57378da0cfa6e078af64ea9b3
L2RAR2_R19_CONF_00_886000__T2_transport_camera_jitter,7,7,0.3000000000000001,False,,2105f9043d1b76a9919063222255587d5eedbdd1746af1c9ba3d8e4679618114
L2RAR2_R19_CONF_00_886000__T2_transport_camera_jitter,8,8,0.3000000000000001,False,,2105f9043d1b76a9919063222255587d5eedbdd1746af1c9ba3d8e4679618114
L2RAR2_R19_CONF_00_886000__T2_transport_camera_jitter,9,9,0.35000000000000014,False,,f58cd662a5a33ea9fbd28e94ca38e27bfd6cb48d9973f648774cf001fdb87e18
L2RAR2_R19_CONF_00_886000__T2_transport_camera_jitter,10,10,0.4000000000000002,False,,44d0d41b51fe1a66256b92fec556eb5405287eea8d4bfeb45966f4644d71f365
L2RAR2_R19_CONF_00_886000__T2_transport_camera_jitter,11,11,0.45000000000000023,False,,6f9ca56d1468472c00b31fa94510cdcdaa1e5b4922f576bd7f672e7b7f7ebac5
L2RAR2_R19_CONF_00_886000__T2_transport_camera_jitter,12,12,0.5000000000000002,False,,e4de592183d5dedcc14118b6a8aec5714f01af7d026ab7c3098924db59233652
L2RAR2_R19_CONF_00_886000__T2_transport_camera_jitter,13,13,0.5000000000000002,False,,e4de592183d5dedcc14118b6a8aec5714f01af7d026ab7c3098924db59233652
L2RAR2_R19_CONF_00_886000__T2_transport_camera_jitter,14,14,0.5500000000000003,False,,0de7b7c8ede2122dc4af6f7ae331456dc122aac92756439e1ba3fdf68f348da7
L2RAR2_R19_CONF_00_886000__T2_transport_camera_jitter,15,15,0.6000000000000003,False,,aba33eaa3669accffcefb882eba002500c082129ab03935d8884cbc77643d4a6
L2RAR2_R19_CONF_00_886000__T2_transport_camera_jitter,16,16,0.6500000000000004,False,,919ef57b16a1199759b51888aa5f235dadde10fe10374e51f71363c1442526d7
L2RAR2_R19_CONF_00_886000__T2_transport_camera_jitter,17,17,0.7000000000000004,False,,d7eb0b2400d099532fcf542c1d9ad26603df71f2bfb9e0c07ac2cbf0c0252391
L2RAR2_R19_CONF_00_886000__T2_transport_camera_jitter,18,18,0.7500000000000004,False,,2555474a9468753331eb4679b1b16af4c03826cebb9e505de3997e8178eb18ea
L2RAR2_R19_CONF_00_886000__T2_transport_camera_jitter,19,19,0.8000000000000005,False,,ff608e65d10c5ef0ba7ad3a8e30cf32e8483889e0442168bbd211f2267c6b415
L2RAR2_R19_CONF_00_886000__T2_transport_camera_jitter,20,20,0.8500000000000005,False,,6c862e87eb33d021bae4ef2f7ea14f7c968ec801989f6344eb35931321ef29f4
L2RAR2_R19_CONF_00_886000__T2_transport_camera_jitter,21,21,0.9000000000000006,False,,a8e8c6b77d35b3ea2b376d6764687896a4fedca080a0c5137145883a6381022e
L2RAR2_R19_CONF_00_886000__T2_transport_camera_jitter,22,22,0.9500000000000006,False,,40a8d7295055342641a3b0f149d073cdbc5b95a918177d92c9d40f2d9f024142
L2RAR2_R19_CONF_00_886000__T2_transport_camera_jitter,23,23,1.0000000000000007,False,,b4c21522cadb242b2e41f881cd7f604489d4200462ce34d714a50ac1c653a408
L2RAR2_R19_CONF_00_886000__T2_transport_camera_jitter,24,24,1.0500000000000007,False,,6e9f50c4c583322680ea15bbc4d6059936816977f1e7f830a355164496bea716
L2RAR2_R19_CONF_00_886000__T2_transport_camera_jitter,25,25,1.1000000000000008,False,,e533b3b8aacb4caa03b4b9c339d34cfd3a11c6f3f89c9c055aa2a3476447af81
L2RAR2_R19_CONF_00_886000__T2_transport_camera_jitter,26,26,1.1500000000000008,False,,b67e04d74928022bd357a396261a9f9d1532f878b47c4af143574dc5aebb4aa8
L2RAR2_R19_CONF_00_886000__T2_transport_camera_jitter,27,27,1.2000000000000008,False,,031e586a4a5d03d7d6811b38a9a306130f1823f73b545f9abde2af7af96c6d15
L2RAR2_R19_CONF_00_886000__T2_transport_camera_jitter,28,28,1.2500000000000009,False,,419957175eefb484a2410c595a041e67d3c5a984b40c4bd269bd6893a8b4e8bc
L2RAR2_R19_CONF_00_886000__T2_transport_camera_jitter,29,29,1.300000000000001,False,,248d13cd898b202da68501bad5d7169cc1272f341f6094205ce69f50588eef77
L2RAR2_R19_CONF_00_886000__T2_transport_camera_jitter,30,30,1.350000000000001,False,,2688cadb2308f1d4493e802ee6133d34c91bea29329087244b54eb071b106c34
L2RAR2_R19_CONF_00_886000__T2_transport_camera_jitter,31,31,1.400000000000001,False,,dd352a0ee4f537ddc659198f52811ccba932033737a0791ac3bd38114765abec
L2RAR2_R19_CONF_00_886000__T2_transport_camera_jitter,32,32,1.450000000000001,False,,b612995208a0f63cd9162ec0c76c3505682b54f0a5c60570af6aa90fe233bf6d
L2RAR2_R19_CONF_00_886000__T2_transport_camera_jitter,33,33,1.500000000000001,False,,010e827ea0a9ee21061a14b741873bd7c7f98f81f6e2843b1f96e7b7ab266bd0
L2RAR2_R19_CONF_00_886000__T2_transport_camera_jitter,34,34,1.500000000000001,False,,010e827ea0a9ee21061a14b741873bd7c7f98f81f6e2843b1f96e7b7ab266bd0
L2RAR2_R19_CONF_00_886000__T2_transport_camera_jitter,35,35,1.5500000000000012,False,,2c2f8840276d66e4b8a2ce85e44f0955f86a1bff9ccfb75240997c9aa79c5808
L2RAR2_R19_CONF_00_886000__T2_transport_camera_jitter,36,36,1.6000000000000012,False,,87df590e8d85592ec06f28bb5f07000b11f72f3c0c63b9f64640e0ce850483d6
L2RAR2_R19_CONF_00_886000__T2_transport_camera_jitter,37,37,1.6500000000000012,False,,41ccca6051f4a4563a3145c2ff96723da9fe738d328fed77aaeb5fabb961c2d0
L2RAR2_R19_CONF_00_886000__T2_transport_camera_jitter,38,38,1.7000000000000013,False,,618f2ae3e433e7789ab13efaddbdddcc45cb5d81662413b174c9c935f786e83c
L2RAR2_R19_CONF_00_886000__T2_transport_camera_jitter,39,39,1.7500000000000013,False,,020b8c7fd75d7ea601e52e6f7bf08a6cc7ef2733202a2b2105be66f88a19ec13
L2RAR2_R19_CONF_00_886000__T2_transport_camera_jitter,40,40,1.8000000000000014,False,,73618c6386bdea024d5b44379e74fa4c2498d8e55d8f717eb556c18e147143ca
L2RAR2_R19_CONF_00_886000__T2_transport_camera_jitter,41,41,1.8500000000000014,False,,66a56b17b6cfbfce42a6e8faecfabba3c2c72cc5289e92a5cad2d56ae1322491
L2RAR2_R19_CONF_00_886000__T2_transport_camera_jitter,42,42,1.9000000000000015,False,,a5a0be5ba6efa9508ed51cb37b954bd1be2162c05ba2e79076920e05b942da4e
L2RAR2_R19_CONF_00_886000__T2_transport_camera_jitter,43,43,1.9500000000000015,False,,fea93d5ced2abec5eaf0f4b6ee064bc828b6595332cbbaa68572f77a11b2958f
L2RAR2_R19_CONF_00_886000__T2_transport_camera_jitter,44,44,2.0000000000000013,False,,410a84186597efa329b9eb343d83962c8730aae97ca79045dca5a43c1813e842
L2RAR2_R19_CONF_00_886000__T2_transport_camera_jitter,45,45,2.0500000000000003,False,,01b4e8723a0c1e732cf41a4990a8094ccce1725f3b01a2d33c5daae9de9771ef
L2RAR2_R19_CONF_00_886000__T2_transport_camera_jitter,46,46,2.099999999999999,False,,e7cd3568a060c3fb2867e7030a2c3f21131069613b3cf4a3e88eda7d214489e3
L2RAR2_R19_CONF_00_886000__T2_transport_camera_jitter,47,47,2.149999999999998,False,,980d87bdc1e452bd3dcada5dcc1883fc59033f59280bbbb24df1d2af5b2f51b5
L2RAR2_R19_CONF_00_886000__T2_transport_camera_jitter,48,48,2.199999999999997,False,,75cd75402733d4171d24589e4bdb3bb619dabc5b28ab323585bf3a075a27905c
L2RAR2_R19_CONF_00_886000__T2_transport_camera_jitter,49,49,2.249999999999996,False,,fad447fb6a1801703be3795ae641c4be549c04723d7dd98341cd747b401f36e0
L2RAR2_R19_CONF_00_886000__T2_transport_camera_jitter,50,50,2.299999999999995,False,,710d971493611d7ee19ca1b8b475741d2b1dd5352341f786f3f4a901f9b69173
L2RAR2_R19_CONF_00_886000__T2_transport_camera_jitter,51,51,2.349999999999994,False,,1e257ac60bae09d1a619bae2710f963982b866a46d18c52abdc6e52c2ebe4d7c
L2RAR2_R19_CONF_00_886000__T2_transport_camera_jitter,52,52,2.399999999999993,False,,25bff26bc358c002289ddbf080c0fb4311a0e6e1407787e360182dba3acbe039
L2RAR2_R19_CONF_00_886000__T2_transport_camera_jitter,53,53,2.4499999999999917,False,,8613b6fb7841f1633a782282fbbb8e9d179c58fddd9acc440048df67b6bc0df6
L2RAR2_R19_CONF_00_886000__T2_transport_camera_jitter,54,54,2.4999999999999907,False,,880e8e7544fef67d8e0a241e40752205b0dbb7d156440d7864b93022a3ea1702
L2RAR2_R19_CONF_00_886000__T2_transport_camera_jitter,55,55,2.4999999999999907,False,,880e8e7544fef67d8e0a241e40752205b0dbb7d156440d7864b93022a3ea1702
L2RAR2_R19_CONF_00_886000__T3_transport_single_contact_proxy_dropout,0,0,0.0,False,,7918a22fe92176eb0171514aed2e662215a5e72f6b5422f8eef2207e164d1bdc
L2RAR2_R19_CONF_00_886000__T3_transport_single_contact_proxy_dropout,1,1,0.05,False,,7be63c050b2307c99ffc20c3f1da4c97b992d9183536b3bf851c0deb1555c30d
L2RAR2_R19_CONF_00_886000__T3_transport_single_contact_proxy_dropout,2,2,0.09999999999999999,False,,b58a1530bf6c8cc981a19e130b0815e6e9f63c2f502204a5b9b7c7f4410844c4
L2RAR2_R19_CONF_00_886000__T3_transport_single_contact_proxy_dropout,3,3,0.15,False,,c9f0b5426cbb5e5945d1f7fc155d129016f4b49bcc13517c2d8a990e4c5a04f1
L2RAR2_R19_CONF_00_886000__T3_transport_single_contact_proxy_dropout,4,4,0.20000000000000004,False,,8321a01d025279708b0fd4dc4ee661503c0de06f3f3de901fdd164262479868f
L2RAR2_R19_CONF_00_886000__T3_transport_single_contact_proxy_dropout,5,5,0.20000000000000004,False,,8321a01d025279708b0fd4dc4ee661503c0de06f3f3de901fdd164262479868f
L2RAR2_R19_CONF_00_886000__T3_transport_single_contact_proxy_dropout,6,6,0.25000000000000006,False,,89bf4ee471a367bccec5e13f3aeb1f30477c75e57378da0cfa6e078af64ea9b3
L2RAR2_R19_CONF_00_886000__T3_transport_single_contact_proxy_dropout,7,7,0.3000000000000001,False,,2105f9043d1b76a9919063222255587d5eedbdd1746af1c9ba3d8e4679618114
L2RAR2_R19_CONF_00_886000__T3_transport_single_contact_proxy_dropout,8,8,0.3000000000000001,False,,2105f9043d1b76a9919063222255587d5eedbdd1746af1c9ba3d8e4679618114
L2RAR2_R19_CONF_00_886000__T3_transport_single_contact_proxy_dropout,9,9,0.35000000000000014,False,,f58cd662a5a33ea9fbd28e94ca38e27bfd6cb48d9973f648774cf001fdb87e18
L2RAR2_R19_CONF_00_886000__T3_transport_single_contact_proxy_dropout,10,10,0.4000000000000002,False,,44d0d41b51fe1a66256b92fec556eb5405287eea8d4bfeb45966f4644d71f365
L2RAR2_R19_CONF_00_886000__T3_transport_single_contact_proxy_dropout,11,11,0.45000000000000023,False,,6f9ca56d1468472c00b31fa94510cdcdaa1e5b4922f576bd7f672e7b7f7ebac5
L2RAR2_R19_CONF_00_886000__T3_transport_single_contact_proxy_dropout,12,12,0.5000000000000002,False,,e4de592183d5dedcc14118b6a8aec5714f01af7d026ab7c3098924db59233652
L2RAR2_R19_CONF_00_886000__T3_transport_single_contact_proxy_dropout,13,13,0.5000000000000002,False,,e4de592183d5dedcc14118b6a8aec5714f01af7d026ab7c3098924db59233652
L2RAR2_R19_CONF_00_886000__T3_transport_single_contact_proxy_dropout,14,14,0.5500000000000003,False,,0de7b7c8ede2122dc4af6f7ae331456dc122aac92756439e1ba3fdf68f348da7
L2RAR2_R19_CONF_00_886000__T3_transport_single_contact_proxy_dropout,15,15,0.6000000000000003,False,,aba33eaa3669accffcefb882eba002500c082129ab03935d8884cbc77643d4a6
L2RAR2_R19_CONF_00_886000__T3_transport_single_contact_proxy_dropout,16,16,0.6500000000000004,False,,919ef57b16a1199759b51888aa5f235dadde10fe10374e51f71363c1442526d7
L2RAR2_R19_CONF_00_886000__T3_transport_single_contact_proxy_dropout,17,17,0.7000000000000004,False,,d7eb0b2400d099532fcf542c1d9ad26603df71f2bfb9e0c07ac2cbf0c0252391
L2RAR2_R19_CONF_00_886000__T3_transport_single_contact_proxy_dropout,18,18,0.7500000000000004,False,,2555474a9468753331eb4679b1b16af4c03826cebb9e505de3997e8178eb18ea
L2RAR2_R19_CONF_00_886000__T3_transport_single_contact_proxy_dropout,19,19,0.8000000000000005,False,,ff608e65d10c5ef0ba7ad3a8e30cf32e8483889e0442168bbd211f2267c6b415
L2RAR2_R19_CONF_00_886000__T3_transport_single_contact_proxy_dropout,20,20,0.8500000000000005,False,,6c862e87eb33d021bae4ef2f7ea14f7c968ec801989f6344eb35931321ef29f4
L2RAR2_R19_CONF_00_886000__T3_transport_single_contact_proxy_dropout,21,21,0.9000000000000006,False,,a8e8c6b77d35b3ea2b376d6764687896a4fedca080a0c5137145883a6381022e
L2RAR2_R19_CONF_00_886000__T3_transport_single_contact_proxy_dropout,22,22,0.9500000000000006,False,,40a8d7295055342641a3b0f149d073cdbc5b95a918177d92c9d40f2d9f024142
L2RAR2_R19_CONF_00_886000__T3_transport_single_contact_proxy_dropout,23,23,1.0000000000000007,False,,b4c21522cadb242b2e41f881cd7f604489d4200462ce34d714a50ac1c653a408
L2RAR2_R19_CONF_00_886000__T3_transport_single_contact_proxy_dropout,24,24,1.0500000000000007,False,,6e9f50c4c583322680ea15bbc4d6059936816977f1e7f830a355164496bea716
L2RAR2_R19_CONF_00_886000__T3_transport_single_contact_proxy_dropout,25,25,1.1000000000000008,False,,e533b3b8aacb4caa03b4b9c339d34cfd3a11c6f3f89c9c055aa2a3476447af81
L2RAR2_R19_CONF_00_886000__T3_transport_single_contact_proxy_dropout,26,26,1.1500000000000008,False,,b67e04d74928022bd357a396261a9f9d1532f878b47c4af143574dc5aebb4aa8
L2RAR2_R19_CONF_00_886000__T3_transport_single_contact_proxy_dropout,27,27,1.2000000000000008,False,,37fd22c435817d98c2ce132bb79b593620397ecc09927f7237827e8c62501ddb
L2RAR2_R19_CONF_00_886000__T3_transport_single_contact_proxy_dropout,28,28,1.2500000000000009,False,,9f6ffad7c3e3eaed13e4811361fe3e2307ff0371e0e728ccc7c498eb4dad1032
L2RAR2_R19_CONF_00_886000__T3_transport_single_contact_proxy_dropout,29,29,1.300000000000001,False,T3_SINGLE_FALSE,5b20335819b3b1c87318415f7005319249e1c26a1cfe3e41de5ef4c9c24b6eb8
L2RAR2_R19_CONF_00_886000__T3_transport_single_contact_proxy_dropout,30,30,1.350000000000001,False,,2688cadb2308f1d4493e802ee6133d34c91bea29329087244b54eb071b106c34
L2RAR2_R19_CONF_00_886000__T3_transport_single_contact_proxy_dropout,31,31,1.400000000000001,False,,9892fa0112fa5fee5064292c54efc452e3ea4c0585234d04700bd5bcbe153522
L2RAR2_R19_CONF_00_886000__T3_transport_single_contact_proxy_dropout,32,32,1.450000000000001,False,,03efe5d8b8eb5918ef5f8f64cdd9b9a76d5906261b4aba8b99f09c082033b6f1
L2RAR2_R19_CONF_00_886000__T3_transport_single_contact_proxy_dropout,33,33,1.500000000000001,False,,eb32a96d5af8b944f9f887253cb29b240450271166dd287cb9a15f644985c343
L2RAR2_R19_CONF_00_886000__T3_transport_single_contact_proxy_dropout,34,34,1.500000000000001,False,,eb32a96d5af8b944f9f887253cb29b240450271166dd287cb9a15f644985c343
L2RAR2_R19_CONF_00_886000__T3_transport_single_contact_proxy_dropout,35,35,1.5500000000000012,False,,2c2f8840276d66e4b8a2ce85e44f0955f86a1bff9ccfb75240997c9aa79c5808
L2RAR2_R19_CONF_00_886000__T3_transport_single_contact_proxy_dropout,36,36,1.6000000000000012,False,,fe595b4ce0aea8405c8a301d08897f48a25d13a42f756c7e9eb8eea83d27d449
L2RAR2_R19_CONF_00_886000__T3_transport_single_contact_proxy_dropout,37,37,1.6500000000000012,False,,52d3be8f6986fc824aba2c01aa1c49d03d86b08ce916abd0c755016c068ef871
L2RAR2_R19_CONF_00_886000__T3_transport_single_contact_proxy_dropout,38,38,1.7000000000000013,False,,2ffb366278f82c2133d1b5e5ba948f594504f8c438e267601c8957cb8b9308e1
L2RAR2_R19_CONF_00_886000__T3_transport_single_contact_proxy_dropout,39,39,1.7500000000000013,False,,020b8c7fd75d7ea601e52e6f7bf08a6cc7ef2733202a2b2105be66f88a19ec13
L2RAR2_R19_CONF_00_886000__T3_transport_single_contact_proxy_dropout,40,40,1.8000000000000014,False,,532a0d194dc5cf902ffdf941bc308349f4ba0ebb53a1479b9b15e698b47cda25
L2RAR2_R19_CONF_00_886000__T3_transport_single_contact_proxy_dropout,41,41,1.8500000000000014,False,,1ee25199814d2ddeb485e82688de5f59ee037c5e2ec0a91fa7dada9c7a0c9e09
L2RAR2_R19_CONF_00_886000__T3_transport_single_contact_proxy_dropout,42,42,1.9000000000000015,False,,1793151cc1b30c2fd51a9bbacc76bfd912d58aeeebd296362e247b9dcd577578
L2RAR2_R19_CONF_00_886000__T3_transport_single_contact_proxy_dropout,43,43,1.9500000000000015,False,,fea93d5ced2abec5eaf0f4b6ee064bc828b6595332cbbaa68572f77a11b2958f
L2RAR2_R19_CONF_00_886000__T3_transport_single_contact_proxy_dropout,44,44,2.0000000000000013,False,,eed34ddeef77a2e8f09abf1d0e8368a45a256133e31b67ccb49698e90012f962
L2RAR2_R19_CONF_00_886000__T3_transport_single_contact_proxy_dropout,45,45,2.0500000000000003,False,,eed34ddeef77a2e8f09abf1d0e8368a45a256133e31b67ccb49698e90012f962
L2RAR2_R19_CONF_00_886000__T3_transport_single_contact_proxy_dropout,46,46,2.099999999999999,False,,eed34ddeef77a2e8f09abf1d0e8368a45a256133e31b67ccb49698e90012f962
L2RAR2_R19_CONF_00_886000__T3_transport_single_contact_proxy_dropout,47,47,2.149999999999998,False,,980d87bdc1e452bd3dcada5dcc1883fc59033f59280bbbb24df1d2af5b2f51b5
L2RAR2_R19_CONF_00_886000__T3_transport_single_contact_proxy_dropout,48,48,2.199999999999997,False,,1e257ac60bae09d1a619bae2710f963982b866a46d18c52abdc6e52c2ebe4d7c
L2RAR2_R19_CONF_00_886000__T3_transport_single_contact_proxy_dropout,49,49,2.249999999999996,False,,389cb57122ee3020c60d96c0506fa8bdda5f43c32f434a26002267c25c38aca9
L2RAR2_R19_CONF_00_886000__T3_transport_single_contact_proxy_dropout,50,50,2.299999999999995,False,,6990f2f8d411595381da445114ee378a6b09adda84e129ddceee947c73af2fba
L2RAR2_R19_CONF_00_886000__T3_transport_single_contact_proxy_dropout,51,51,2.349999999999994,False,,1e257ac60bae09d1a619bae2710f963982b866a46d18c52abdc6e52c2ebe4d7c
L2RAR2_R19_CONF_00_886000__T3_transport_single_contact_proxy_dropout,52,52,2.399999999999993,False,,2c55dbfb6618899be7acbea62f9c97a3967d3b05690b74dca1d647c042a609f4
L2RAR2_R19_CONF_00_886000__T3_transport_single_contact_proxy_dropout,53,53,2.4499999999999917,False,,1e257ac60bae09d1a619bae2710f963982b866a46d18c52abdc6e52c2ebe4d7c
L2RAR2_R19_CONF_00_886000__T3_transport_single_contact_proxy_dropout,54,54,2.4999999999999907,False,,1e257ac60bae09d1a619bae2710f963982b866a46d18c52abdc6e52c2ebe4d7c
L2RAR2_R19_CONF_00_886000__T3_transport_single_contact_proxy_dropout,55,55,2.4999999999999907,False,,1e257ac60bae09d1a619bae2710f963982b866a46d18c52abdc6e52c2ebe4d7c
L2RAR2_R19_CONF_00_886000__T4_transport_same_time_contact_false_then_true,0,0,0.0,False,,7918a22fe92176eb0171514aed2e662215a5e72f6b5422f8eef2207e164d1bdc
L2RAR2_R19_CONF_00_886000__T4_transport_same_time_contact_false_then_true,1,1,0.05,False,,7be63c050b2307c99ffc20c3f1da4c97b992d9183536b3bf851c0deb1555c30d
L2RAR2_R19_CONF_00_886000__T4_transport_same_time_contact_false_then_true,2,2,0.09999999999999999,False,,b58a1530bf6c8cc981a19e130b0815e6e9f63c2f502204a5b9b7c7f4410844c4
L2RAR2_R19_CONF_00_886000__T4_transport_same_time_contact_false_then_true,3,3,0.15,False,,c9f0b5426cbb5e5945d1f7fc155d129016f4b49bcc13517c2d8a990e4c5a04f1
L2RAR2_R19_CONF_00_886000__T4_transport_same_time_contact_false_then_true,4,4,0.20000000000000004,False,,8321a01d025279708b0fd4dc4ee661503c0de06f3f3de901fdd164262479868f
L2RAR2_R19_CONF_00_886000__T4_transport_same_time_contact_false_then_true,5,5,0.20000000000000004,False,,8321a01d025279708b0fd4dc4ee661503c0de06f3f3de901fdd164262479868f
L2RAR2_R19_CONF_00_886000__T4_transport_same_time_contact_false_then_true,6,6,0.25000000000000006,False,,89bf4ee471a367bccec5e13f3aeb1f30477c75e57378da0cfa6e078af64ea9b3
L2RAR2_R19_CONF_00_886000__T4_transport_same_time_contact_false_then_true,7,7,0.3000000000000001,False,,2105f9043d1b76a9919063222255587d5eedbdd1746af1c9ba3d8e4679618114
L2RAR2_R19_CONF_00_886000__T4_transport_same_time_contact_false_then_true,8,8,0.3000000000000001,False,,2105f9043d1b76a9919063222255587d5eedbdd1746af1c9ba3d8e4679618114
L2RAR2_R19_CONF_00_886000__T4_transport_same_time_contact_false_then_true,9,9,0.35000000000000014,False,,f58cd662a5a33ea9fbd28e94ca38e27bfd6cb48d9973f648774cf001fdb87e18
L2RAR2_R19_CONF_00_886000__T4_transport_same_time_contact_false_then_true,10,10,0.4000000000000002,False,,44d0d41b51fe1a66256b92fec556eb5405287eea8d4bfeb45966f4644d71f365
L2RAR2_R19_CONF_00_886000__T4_transport_same_time_contact_false_then_true,11,11,0.45000000000000023,False,,6f9ca56d1468472c00b31fa94510cdcdaa1e5b4922f576bd7f672e7b7f7ebac5
L2RAR2_R19_CONF_00_886000__T4_transport_same_time_contact_false_then_true,12,12,0.5000000000000002,False,,e4de592183d5dedcc14118b6a8aec5714f01af7d026ab7c3098924db59233652
L2RAR2_R19_CONF_00_886000__T4_transport_same_time_contact_false_then_true,13,13,0.5000000000000002,False,,e4de592183d5dedcc14118b6a8aec5714f01af7d026ab7c3098924db59233652
L2RAR2_R19_CONF_00_886000__T4_transport_same_time_contact_false_then_true,14,14,0.5500000000000003,False,,0de7b7c8ede2122dc4af6f7ae331456dc122aac92756439e1ba3fdf68f348da7
L2RAR2_R19_CONF_00_886000__T4_transport_same_time_contact_false_then_true,15,15,0.6000000000000003,False,,aba33eaa3669accffcefb882eba002500c082129ab03935d8884cbc77643d4a6
L2RAR2_R19_CONF_00_886000__T4_transport_same_time_contact_false_then_true,16,16,0.6500000000000004,False,,919ef57b16a1199759b51888aa5f235dadde10fe10374e51f71363c1442526d7
L2RAR2_R19_CONF_00_886000__T4_transport_same_time_contact_false_then_true,17,17,0.7000000000000004,False,,d7eb0b2400d099532fcf542c1d9ad26603df71f2bfb9e0c07ac2cbf0c0252391
L2RAR2_R19_CONF_00_886000__T4_transport_same_time_contact_false_then_true,18,18,0.7500000000000004,False,,2555474a9468753331eb4679b1b16af4c03826cebb9e505de3997e8178eb18ea
L2RAR2_R19_CONF_00_886000__T4_transport_same_time_contact_false_then_true,19,19,0.8000000000000005,False,,ff608e65d10c5ef0ba7ad3a8e30cf32e8483889e0442168bbd211f2267c6b415
L2RAR2_R19_CONF_00_886000__T4_transport_same_time_contact_false_then_true,20,20,0.8500000000000005,False,,6c862e87eb33d021bae4ef2f7ea14f7c968ec801989f6344eb35931321ef29f4
L2RAR2_R19_CONF_00_886000__T4_transport_same_time_contact_false_then_true,21,21,0.9000000000000006,False,,a8e8c6b77d35b3ea2b376d6764687896a4fedca080a0c5137145883a6381022e
L2RAR2_R19_CONF_00_886000__T4_transport_same_time_contact_false_then_true,22,22,0.9500000000000006,False,,40a8d7295055342641a3b0f149d073cdbc5b95a918177d92c9d40f2d9f024142
L2RAR2_R19_CONF_00_886000__T4_transport_same_time_contact_false_then_true,23,23,1.0000000000000007,False,,b4c21522cadb242b2e41f881cd7f604489d4200462ce34d714a50ac1c653a408
L2RAR2_R19_CONF_00_886000__T4_transport_same_time_contact_false_then_true,24,24,1.0500000000000007,False,,6e9f50c4c583322680ea15bbc4d6059936816977f1e7f830a355164496bea716
L2RAR2_R19_CONF_00_886000__T4_transport_same_time_contact_false_then_true,25,25,1.1000000000000008,False,,e533b3b8aacb4caa03b4b9c339d34cfd3a11c6f3f89c9c055aa2a3476447af81
L2RAR2_R19_CONF_00_886000__T4_transport_same_time_contact_false_then_true,26,26,1.1500000000000008,False,,b67e04d74928022bd357a396261a9f9d1532f878b47c4af143574dc5aebb4aa8
L2RAR2_R19_CONF_00_886000__T4_transport_same_time_contact_false_then_true,27,27,1.2000000000000008,False,,37fd22c435817d98c2ce132bb79b593620397ecc09927f7237827e8c62501ddb
L2RAR2_R19_CONF_00_886000__T4_transport_same_time_contact_false_then_true,28,28,1.2500000000000009,False,,9f6ffad7c3e3eaed13e4811361fe3e2307ff0371e0e728ccc7c498eb4dad1032
L2RAR2_R19_CONF_00_886000__T4_transport_same_time_contact_false_then_true,29,29,1.300000000000001,False,T4_FALSE_A,5b20335819b3b1c87318415f7005319249e1c26a1cfe3e41de5ef4c9c24b6eb8
L2RAR2_R19_CONF_00_886000__T4_transport_same_time_contact_false_then_true,29,30,1.300000000000001,True,T4_TRUE_B,5b20335819b3b1c87318415f7005319249e1c26a1cfe3e41de5ef4c9c24b6eb8
L2RAR2_R19_CONF_00_886000__T4_transport_same_time_contact_false_then_true,30,31,1.350000000000001,False,,2688cadb2308f1d4493e802ee6133d34c91bea29329087244b54eb071b106c34
L2RAR2_R19_CONF_00_886000__T4_transport_same_time_contact_false_then_true,31,32,1.400000000000001,False,,9892fa0112fa5fee5064292c54efc452e3ea4c0585234d04700bd5bcbe153522
L2RAR2_R19_CONF_00_886000__T4_transport_same_time_contact_false_then_true,32,33,1.450000000000001,False,,03efe5d8b8eb5918ef5f8f64cdd9b9a76d5906261b4aba8b99f09c082033b6f1
L2RAR2_R19_CONF_00_886000__T4_transport_same_time_contact_false_then_true,33,34,1.500000000000001,False,,eb32a96d5af8b944f9f887253cb29b240450271166dd287cb9a15f644985c343
L2RAR2_R19_CONF_00_886000__T4_transport_same_time_contact_false_then_true,34,35,1.500000000000001,False,,eb32a96d5af8b944f9f887253cb29b240450271166dd287cb9a15f644985c343
L2RAR2_R19_CONF_00_886000__T4_transport_same_time_contact_false_then_true,35,36,1.5500000000000012,False,,2c2f8840276d66e4b8a2ce85e44f0955f86a1bff9ccfb75240997c9aa79c5808
L2RAR2_R19_CONF_00_886000__T4_transport_same_time_contact_false_then_true,36,37,1.6000000000000012,False,,fe595b4ce0aea8405c8a301d08897f48a25d13a42f756c7e9eb8eea83d27d449
L2RAR2_R19_CONF_00_886000__T4_transport_same_time_contact_false_then_true,37,38,1.6500000000000012,False,,52d3be8f6986fc824aba2c01aa1c49d03d86b08ce916abd0c755016c068ef871
L2RAR2_R19_CONF_00_886000__T4_transport_same_time_contact_false_then_true,38,39,1.7000000000000013,False,,2ffb366278f82c2133d1b5e5ba948f594504f8c438e267601c8957cb8b9308e1
L2RAR2_R19_CONF_00_886000__T4_transport_same_time_contact_false_then_true,39,40,1.7500000000000013,False,,020b8c7fd75d7ea601e52e6f7bf08a6cc7ef2733202a2b2105be66f88a19ec13
L2RAR2_R19_CONF_00_886000__T4_transport_same_time_contact_false_then_true,40,41,1.8000000000000014,False,,532a0d194dc5cf902ffdf941bc308349f4ba0ebb53a1479b9b15e698b47cda25
L2RAR2_R19_CONF_00_886000__T4_transport_same_time_contact_false_then_true,41,42,1.8500000000000014,False,,1ee25199814d2ddeb485e82688de5f59ee037c5e2ec0a91fa7dada9c7a0c9e09
L2RAR2_R19_CONF_00_886000__T4_transport_same_time_contact_false_then_true,42,43,1.9000000000000015,False,,1793151cc1b30c2fd51a9bbacc76bfd912d58aeeebd296362e247b9dcd577578
L2RAR2_R19_CONF_00_886000__T4_transport_same_time_contact_false_then_true,43,44,1.9500000000000015,False,,fea93d5ced2abec5eaf0f4b6ee064bc828b6595332cbbaa68572f77a11b2958f
L2RAR2_R19_CONF_00_886000__T4_transport_same_time_contact_false_then_true,44,45,2.0000000000000013,False,,eed34ddeef77a2e8f09abf1d0e8368a45a256133e31b67ccb49698e90012f962
L2RAR2_R19_CONF_00_886000__T4_transport_same_time_contact_false_then_true,45,46,2.0500000000000003,False,,eed34ddeef77a2e8f09abf1d0e8368a45a256133e31b67ccb49698e90012f962
L2RAR2_R19_CONF_00_886000__T4_transport_same_time_contact_false_then_true,46,47,2.099999999999999,False,,eed34ddeef77a2e8f09abf1d0e8368a45a256133e31b67ccb49698e90012f962
L2RAR2_R19_CONF_00_886000__T4_transport_same_time_contact_false_then_true,47,48,2.149999999999998,False,,980d87bdc1e452bd3dcada5dcc1883fc59033f59280bbbb24df1d2af5b2f51b5
L2RAR2_R19_CONF_00_886000__T4_transport_same_time_contact_false_then_true,48,49,2.199999999999997,False,,1e257ac60bae09d1a619bae2710f963982b866a46d18c52abdc6e52c2ebe4d7c
L2RAR2_R19_CONF_00_886000__T4_transport_same_time_contact_false_then_true,49,50,2.249999999999996,False,,389cb57122ee3020c60d96c0506fa8bdda5f43c32f434a26002267c25c38aca9
L2RAR2_R19_CONF_00_886000__T4_transport_same_time_contact_false_then_true,50,51,2.299999999999995,False,,6990f2f8d411595381da445114ee378a6b09adda84e129ddceee947c73af2fba
L2RAR2_R19_CONF_00_886000__T4_transport_same_time_contact_false_then_true,51,52,2.349999999999994,False,,1e257ac60bae09d1a619bae2710f963982b866a46d18c52abdc6e52c2ebe4d7c
L2RAR2_R19_CONF_00_886000__T4_transport_same_time_contact_false_then_true,52,53,2.399999999999993,False,,2c55dbfb6618899be7acbea62f9c97a3967d3b05690b74dca1d647c042a609f4
L2RAR2_R19_CONF_00_886000__T4_transport_same_time_contact_false_then_true,53,54,2.4499999999999917,False,,1e257ac60bae09d1a619bae2710f963982b866a46d18c52abdc6e52c2ebe4d7c
L2RAR2_R19_CONF_00_886000__T4_transport_same_time_contact_false_then_true,54,55,2.4999999999999907,False,,1e257ac60bae09d1a619bae2710f963982b866a46d18c52abdc6e52c2ebe4d7c
L2RAR2_R19_CONF_00_886000__T4_transport_same_time_contact_false_then_true,55,56,2.4999999999999907,False,,1e257ac60bae09d1a619bae2710f963982b866a46d18c52abdc6e52c2ebe4d7c
L2RAR2_R19_CONF_00_886000__T5_transport_weak_outcome,0,0,0.0,False,,7918a22fe92176eb0171514aed2e662215a5e72f6b5422f8eef2207e164d1bdc
L2RAR2_R19_CONF_00_886000__T5_transport_weak_outcome,1,1,0.05,False,,7be63c050b2307c99ffc20c3f1da4c97b992d9183536b3bf851c0deb1555c30d
L2RAR2_R19_CONF_00_886000__T5_transport_weak_outcome,2,2,0.09999999999999999,False,,b58a1530bf6c8cc981a19e130b0815e6e9f63c2f502204a5b9b7c7f4410844c4
L2RAR2_R19_CONF_00_886000__T5_transport_weak_outcome,3,3,0.15,False,,c9f0b5426cbb5e5945d1f7fc155d129016f4b49bcc13517c2d8a990e4c5a04f1
L2RAR2_R19_CONF_00_886000__T5_transport_weak_outcome,4,4,0.20000000000000004,False,,8321a01d025279708b0fd4dc4ee661503c0de06f3f3de901fdd164262479868f
L2RAR2_R19_CONF_00_886000__T5_transport_weak_outcome,5,5,0.20000000000000004,False,,8321a01d025279708b0fd4dc4ee661503c0de06f3f3de901fdd164262479868f
L2RAR2_R19_CONF_00_886000__T5_transport_weak_outcome,6,6,0.25000000000000006,False,,89bf4ee471a367bccec5e13f3aeb1f30477c75e57378da0cfa6e078af64ea9b3
L2RAR2_R19_CONF_00_886000__T5_transport_weak_outcome,7,7,0.3000000000000001,False,,2105f9043d1b76a9919063222255587d5eedbdd1746af1c9ba3d8e4679618114
L2RAR2_R19_CONF_00_886000__T5_transport_weak_outcome,8,8,0.3000000000000001,False,,2105f9043d1b76a9919063222255587d5eedbdd1746af1c9ba3d8e4679618114
L2RAR2_R19_CONF_00_886000__T5_transport_weak_outcome,9,9,0.35000000000000014,False,,f58cd662a5a33ea9fbd28e94ca38e27bfd6cb48d9973f648774cf001fdb87e18
L2RAR2_R19_CONF_00_886000__T5_transport_weak_outcome,10,10,0.4000000000000002,False,,44d0d41b51fe1a66256b92fec556eb5405287eea8d4bfeb45966f4644d71f365
L2RAR2_R19_CONF_00_886000__T5_transport_weak_outcome,11,11,0.45000000000000023,False,,6f9ca56d1468472c00b31fa94510cdcdaa1e5b4922f576bd7f672e7b7f7ebac5
L2RAR2_R19_CONF_00_886000__T5_transport_weak_outcome,12,12,0.5000000000000002,False,,e4de592183d5dedcc14118b6a8aec5714f01af7d026ab7c3098924db59233652
L2RAR2_R19_CONF_00_886000__T5_transport_weak_outcome,13,13,0.5000000000000002,False,,e4de592183d5dedcc14118b6a8aec5714f01af7d026ab7c3098924db59233652
L2RAR2_R19_CONF_00_886000__T5_transport_weak_outcome,14,14,0.5500000000000003,False,,0de7b7c8ede2122dc4af6f7ae331456dc122aac92756439e1ba3fdf68f348da7
L2RAR2_R19_CONF_00_886000__T5_transport_weak_outcome,15,15,0.6000000000000003,False,,aba33eaa3669accffcefb882eba002500c082129ab03935d8884cbc77643d4a6
L2RAR2_R19_CONF_00_886000__T5_transport_weak_outcome,16,16,0.6500000000000004,False,,919ef57b16a1199759b51888aa5f235dadde10fe10374e51f71363c1442526d7
L2RAR2_R19_CONF_00_886000__T5_transport_weak_outcome,17,17,0.7000000000000004,False,,d7eb0b2400d099532fcf542c1d9ad26603df71f2bfb9e0c07ac2cbf0c0252391
L2RAR2_R19_CONF_00_886000__T5_transport_weak_outcome,18,18,0.7500000000000004,False,,2555474a9468753331eb4679b1b16af4c03826cebb9e505de3997e8178eb18ea
L2RAR2_R19_CONF_00_886000__T5_transport_weak_outcome,19,19,0.8000000000000005,False,,ff608e65d10c5ef0ba7ad3a8e30cf32e8483889e0442168bbd211f2267c6b415
L2RAR2_R19_CONF_00_886000__T5_transport_weak_outcome,20,20,0.8500000000000005,False,,6c862e87eb33d021bae4ef2f7ea14f7c968ec801989f6344eb35931321ef29f4
L2RAR2_R19_CONF_00_886000__T5_transport_weak_outcome,21,21,0.9000000000000006,False,,a8e8c6b77d35b3ea2b376d6764687896a4fedca080a0c5137145883a6381022e
L2RAR2_R19_CONF_00_886000__T5_transport_weak_outcome,22,22,0.9500000000000006,False,,40a8d7295055342641a3b0f149d073cdbc5b95a918177d92c9d40f2d9f024142
L2RAR2_R19_CONF_00_886000__T5_transport_weak_outcome,23,23,1.0000000000000007,False,,b4c21522cadb242b2e41f881cd7f604489d4200462ce34d714a50ac1c653a408
L2RAR2_R19_CONF_00_886000__T5_transport_weak_outcome,24,24,1.0500000000000007,False,,6e9f50c4c583322680ea15bbc4d6059936816977f1e7f830a355164496bea716
L2RAR2_R19_CONF_00_886000__T5_transport_weak_outcome,25,25,1.1000000000000008,False,,e533b3b8aacb4caa03b4b9c339d34cfd3a11c6f3f89c9c055aa2a3476447af81
L2RAR2_R19_CONF_00_886000__T5_transport_weak_outcome,26,26,1.1500000000000008,False,,b67e04d74928022bd357a396261a9f9d1532f878b47c4af143574dc5aebb4aa8
L2RAR2_R19_CONF_00_886000__T5_transport_weak_outcome,27,27,1.2000000000000008,False,,37fd22c435817d98c2ce132bb79b593620397ecc09927f7237827e8c62501ddb
L2RAR2_R19_CONF_00_886000__T5_transport_weak_outcome,28,28,1.2500000000000009,False,,9f6ffad7c3e3eaed13e4811361fe3e2307ff0371e0e728ccc7c498eb4dad1032
L2RAR2_R19_CONF_00_886000__T5_transport_weak_outcome,29,29,1.300000000000001,False,,5b20335819b3b1c87318415f7005319249e1c26a1cfe3e41de5ef4c9c24b6eb8
L2RAR2_R19_CONF_00_886000__T5_transport_weak_outcome,30,30,1.350000000000001,False,,cc4083bd0a017dd1ed3bc0d2bdae736fa972073510a000ce9beba16f95b82150
L2RAR2_R19_CONF_00_886000__T5_transport_weak_outcome,31,31,1.400000000000001,False,,0c2b7b4ae9e5e7f6c0190dc4b7fd9d898b13f34453b6649aa0f6174d217e890f
L2RAR2_R19_CONF_00_886000__T5_transport_weak_outcome,32,32,1.450000000000001,False,,345b547d7bf4cd139396199d3780735734877295c4e48899cfcc1933806d79e6
L2RAR2_R19_CONF_00_886000__T5_transport_weak_outcome,33,33,1.500000000000001,False,,0bc3ef8f0474e4fa1cc5b889f4d8400a494a01bed2c4484349be6c5e5090981e
L2RAR2_R19_CONF_00_886000__T5_transport_weak_outcome,34,34,1.5200000000000011,False,,711292ce56a8a89714111a5523ee2bcc9863e1fe0a48b6a70be535cf37ef0c41
L2RAR2_R19_CONF_00_886000__T5_transport_weak_outcome,35,35,1.5500000000000012,False,,33677a617bdd940e487ec8f4ca6527ce72e3ea474ead17e7f8bbb24e7263980b
L2RAR2_R19_CONF_00_886000__T5_transport_weak_outcome,36,36,1.6000000000000012,False,,b2c1276f5a754a993fe7bbf3fc516519f4ce0cb34b3d628f710a1454434c5eb9
L2RAR2_R19_CONF_00_886000__T5_transport_weak_outcome,37,37,1.6500000000000012,False,,5aaa904b112c7b353547352a1355cd68ab607dfd875a71fa3866f95fb43a68d7
L2RAR2_R19_CONF_00_886000__T5_transport_weak_outcome,38,38,1.7000000000000013,False,,f6219f78f0cd63d76b15f894d03b13461f9ae55bc2f30009488381104b476c3b
L2RAR2_R19_CONF_00_886000__T5_transport_weak_outcome,39,39,1.7200000000000013,False,,2154fab4bbd92667215a7704d97ad5631c48884f12b1d862706870deef07d31f
L2RAR2_R19_CONF_00_886000__T5_transport_weak_outcome,40,40,1.7500000000000013,False,,918ea34f810688de78a59ada83707d63b8f64257171785eaf01b38971453ff7f
L2RAR2_R19_CONF_00_886000__T5_transport_weak_outcome,41,41,1.8000000000000014,False,,ce989065d7a8e60bc7a081ddd89b18515ed01f47387a955da00dd31f31aaa022
L2RAR2_R19_CONF_00_886000__T5_transport_weak_outcome,42,42,1.8500000000000014,False,,09317f02382946bc83d3c878edd3b14a8e5d5f8bfe5a00370d3ecda6e8f8d67f
L2RAR2_R19_CONF_00_886000__T5_transport_weak_outcome,43,43,1.9000000000000015,False,,144a281ca8a04d25ad2d24d741f998fa2cdd5567e67f4825df93e362ef70f666
L2RAR2_R19_CONF_00_886000__T5_transport_weak_outcome,44,44,1.9500000000000015,False,,4837341b896b5833e8fd52a872f2618de694f1d99dc90e56572d575fc8741399
L2RAR2_R19_CONF_00_886000__T5_transport_weak_outcome,45,45,2.0000000000000013,False,,87a9d0da8ae8595e2cdaa0f13d1ce0393b568f2ba4825ed7f0c881163d95e25c
L2RAR2_R19_CONF_00_886000__T5_transport_weak_outcome,46,46,2.0500000000000003,False,,804738d156c62e7d7688ac74917ad88f713cc5b0873953189a9ae09e01d0a0dd
L2RAR2_R19_CONF_00_886000__T5_transport_weak_outcome,47,47,2.099999999999999,False,,6369fe53c0fc071ec282f60472c535a1f792a9d237e354762867b6c3108b03ae
L2RAR2_R19_CONF_00_886000__T5_transport_weak_outcome,48,48,2.149999999999998,False,,0fb1e55b6f5aff08382e06554b53a16aa5117578f4d527025f0a0d4774948765
L2RAR2_R19_CONF_00_886000__T5_transport_weak_outcome,49,49,2.199999999999997,False,,7ce5f1ee69e4e3c944e45270d3f91c82792d25b6904ea5731d18bd735a88611e
L2RAR2_R19_CONF_00_886000__T5_transport_weak_outcome,50,50,2.249999999999996,False,,35d7a41ac63226ef23b2ec322889b2ce96bfb68689c20cf03b708d3e826bc276
L2RAR2_R19_CONF_00_886000__T5_transport_weak_outcome,51,51,2.299999999999995,False,,0f9b8a567925bf885784d3586b0e5e2dcd8f997b3dc80b7161fd9dcdac8de9b1
L2RAR2_R19_CONF_00_886000__T5_transport_weak_outcome,52,52,2.349999999999994,False,,0ce79a5c62051cfb44599f1375f86b3bc3a2fca42277870f00526dc48ad7b551
L2RAR2_R19_CONF_00_886000__T5_transport_weak_outcome,53,53,2.399999999999993,False,,ab7a8a95f79443316e5f5a91902850f47196f85a766f4ba9682dee30f49e67da
L2RAR2_R19_CONF_00_886000__T5_transport_weak_outcome,54,54,2.4499999999999917,False,,ed797942a44eefbb8bfc5b4ca0a27c34ed0fd0b7cdd3feb1bfd0fce922f39c78
L2RAR2_R19_CONF_00_886000__T5_transport_weak_outcome,55,55,2.4999999999999907,False,,f37f7dc10c63d44d8a9f9f8b486cbdd6ce426ba95e4f8aed21f48276e33643ea
L2RAR2_R19_CONF_00_886000__T5_transport_weak_outcome,56,56,2.5499999999999896,False,,d49f86d9a4e61a3e1701175092205fb3cdf403c4953c9c02a3f49b7c6f0c73db
L2RAR2_R19_CONF_00_886000__T5_transport_weak_outcome,57,57,2.5999999999999885,False,,776a9672c45b452f843e213f7be5b28ba24a4a245b0d9d50ea28e574da5c8fbe
L2RAR2_R19_CONF_00_886000__T5_transport_weak_outcome,58,58,2.6499999999999875,False,,68b18aafb1248d2ec0e9f1f4d14fa8bbb4bce4923a34a969b67bc6dd3215a5eb
L2RAR2_R19_CONF_00_886000__T5_transport_weak_outcome,59,59,2.6999999999999864,False,,52caa4685f4ebaa02444906c1475cac8e3f4eab48c6b5940c75a57a81ea310dc
L2RAR2_R19_CONF_00_886000__T5_transport_weak_outcome,60,60,2.719999999999986,False,,a57779694062b91fef3799cee13340854d666fb2b18dd53dccef46cc5cb82f3f
L2RAR2_R19_CONF_00_886000__T6_transport_medium_outcome,0,0,0.0,False,,7918a22fe92176eb0171514aed2e662215a5e72f6b5422f8eef2207e164d1bdc
L2RAR2_R19_CONF_00_886000__T6_transport_medium_outcome,1,1,0.05,False,,7be63c050b2307c99ffc20c3f1da4c97b992d9183536b3bf851c0deb1555c30d
L2RAR2_R19_CONF_00_886000__T6_transport_medium_outcome,2,2,0.09999999999999999,False,,b58a1530bf6c8cc981a19e130b0815e6e9f63c2f502204a5b9b7c7f4410844c4
L2RAR2_R19_CONF_00_886000__T6_transport_medium_outcome,3,3,0.15,False,,c9f0b5426cbb5e5945d1f7fc155d129016f4b49bcc13517c2d8a990e4c5a04f1
L2RAR2_R19_CONF_00_886000__T6_transport_medium_outcome,4,4,0.20000000000000004,False,,8321a01d025279708b0fd4dc4ee661503c0de06f3f3de901fdd164262479868f
L2RAR2_R19_CONF_00_886000__T6_transport_medium_outcome,5,5,0.20000000000000004,False,,8321a01d025279708b0fd4dc4ee661503c0de06f3f3de901fdd164262479868f
L2RAR2_R19_CONF_00_886000__T6_transport_medium_outcome,6,6,0.25000000000000006,False,,89bf4ee471a367bccec5e13f3aeb1f30477c75e57378da0cfa6e078af64ea9b3
L2RAR2_R19_CONF_00_886000__T6_transport_medium_outcome,7,7,0.3000000000000001,False,,2105f9043d1b76a9919063222255587d5eedbdd1746af1c9ba3d8e4679618114
L2RAR2_R19_CONF_00_886000__T6_transport_medium_outcome,8,8,0.3000000000000001,False,,2105f9043d1b76a9919063222255587d5eedbdd1746af1c9ba3d8e4679618114
L2RAR2_R19_CONF_00_886000__T6_transport_medium_outcome,9,9,0.35000000000000014,False,,f58cd662a5a33ea9fbd28e94ca38e27bfd6cb48d9973f648774cf001fdb87e18
L2RAR2_R19_CONF_00_886000__T6_transport_medium_outcome,10,10,0.4000000000000002,False,,44d0d41b51fe1a66256b92fec556eb5405287eea8d4bfeb45966f4644d71f365
L2RAR2_R19_CONF_00_886000__T6_transport_medium_outcome,11,11,0.45000000000000023,False,,6f9ca56d1468472c00b31fa94510cdcdaa1e5b4922f576bd7f672e7b7f7ebac5
L2RAR2_R19_CONF_00_886000__T6_transport_medium_outcome,12,12,0.5000000000000002,False,,e4de592183d5dedcc14118b6a8aec5714f01af7d026ab7c3098924db59233652
L2RAR2_R19_CONF_00_886000__T6_transport_medium_outcome,13,13,0.5000000000000002,False,,e4de592183d5dedcc14118b6a8aec5714f01af7d026ab7c3098924db59233652
L2RAR2_R19_CONF_00_886000__T6_transport_medium_outcome,14,14,0.5500000000000003,False,,0de7b7c8ede2122dc4af6f7ae331456dc122aac92756439e1ba3fdf68f348da7
L2RAR2_R19_CONF_00_886000__T6_transport_medium_outcome,15,15,0.6000000000000003,False,,aba33eaa3669accffcefb882eba002500c082129ab03935d8884cbc77643d4a6
L2RAR2_R19_CONF_00_886000__T6_transport_medium_outcome,16,16,0.6500000000000004,False,,919ef57b16a1199759b51888aa5f235dadde10fe10374e51f71363c1442526d7
L2RAR2_R19_CONF_00_886000__T6_transport_medium_outcome,17,17,0.7000000000000004,False,,d7eb0b2400d099532fcf542c1d9ad26603df71f2bfb9e0c07ac2cbf0c0252391
L2RAR2_R19_CONF_00_886000__T6_transport_medium_outcome,18,18,0.7500000000000004,False,,2555474a9468753331eb4679b1b16af4c03826cebb9e505de3997e8178eb18ea
L2RAR2_R19_CONF_00_886000__T6_transport_medium_outcome,19,19,0.8000000000000005,False,,ff608e65d10c5ef0ba7ad3a8e30cf32e8483889e0442168bbd211f2267c6b415
L2RAR2_R19_CONF_00_886000__T6_transport_medium_outcome,20,20,0.8500000000000005,False,,6c862e87eb33d021bae4ef2f7ea14f7c968ec801989f6344eb35931321ef29f4
L2RAR2_R19_CONF_00_886000__T6_transport_medium_outcome,21,21,0.9000000000000006,False,,a8e8c6b77d35b3ea2b376d6764687896a4fedca080a0c5137145883a6381022e
L2RAR2_R19_CONF_00_886000__T6_transport_medium_outcome,22,22,0.9500000000000006,False,,40a8d7295055342641a3b0f149d073cdbc5b95a918177d92c9d40f2d9f024142
L2RAR2_R19_CONF_00_886000__T6_transport_medium_outcome,23,23,1.0000000000000007,False,,b4c21522cadb242b2e41f881cd7f604489d4200462ce34d714a50ac1c653a408
L2RAR2_R19_CONF_00_886000__T6_transport_medium_outcome,24,24,1.0500000000000007,False,,6e9f50c4c583322680ea15bbc4d6059936816977f1e7f830a355164496bea716
L2RAR2_R19_CONF_00_886000__T6_transport_medium_outcome,25,25,1.1000000000000008,False,,e533b3b8aacb4caa03b4b9c339d34cfd3a11c6f3f89c9c055aa2a3476447af81
L2RAR2_R19_CONF_00_886000__T6_transport_medium_outcome,26,26,1.1500000000000008,False,,b67e04d74928022bd357a396261a9f9d1532f878b47c4af143574dc5aebb4aa8
L2RAR2_R19_CONF_00_886000__T6_transport_medium_outcome,27,27,1.2000000000000008,False,,37fd22c435817d98c2ce132bb79b593620397ecc09927f7237827e8c62501ddb
L2RAR2_R19_CONF_00_886000__T6_transport_medium_outcome,28,28,1.2500000000000009,False,,9f6ffad7c3e3eaed13e4811361fe3e2307ff0371e0e728ccc7c498eb4dad1032
L2RAR2_R19_CONF_00_886000__T6_transport_medium_outcome,29,29,1.300000000000001,False,,5b20335819b3b1c87318415f7005319249e1c26a1cfe3e41de5ef4c9c24b6eb8
L2RAR2_R19_CONF_00_886000__T6_transport_medium_outcome,30,30,1.350000000000001,False,,d15b247dece79519a54281557837527f9b98067ee2fb0f02ae1a4a7e85bbd143
L2RAR2_R19_CONF_00_886000__T6_transport_medium_outcome,31,31,1.400000000000001,False,,94adcbcb0d1e0a49c057305ad8c2d798abde58934cc67d22e23c00d440fa8afe
L2RAR2_R19_CONF_00_886000__T6_transport_medium_outcome,32,32,1.450000000000001,False,,65395f849a2ed443a8117d485feafa503f6eb05d538d4209b8ba1184e44b4fea
L2RAR2_R19_CONF_00_886000__T6_transport_medium_outcome,33,33,1.500000000000001,False,,57033f651868360faa0e33419590d8f20a84fff37a13a0cca08099509a687555
L2RAR2_R19_CONF_00_886000__T6_transport_medium_outcome,34,34,1.5200000000000011,False,,6566fe312badad16c3bdc46ec23118d14ab72e2967f076546e6aeb16a1a6626b
L2RAR2_R19_CONF_00_886000__T6_transport_medium_outcome,35,35,1.5500000000000012,False,,d741e771be97e2c34cac47d621d3dc87305b6d1e7102774ffbdd5b0541d1135a
L2RAR2_R19_CONF_00_886000__T6_transport_medium_outcome,36,36,1.6000000000000012,False,,c0c35351958be01b4f2ab6847e42a35b55fed0902b01454a2b801255b902c89f
L2RAR2_R19_CONF_00_886000__T6_transport_medium_outcome,37,37,1.6500000000000012,False,,6813e8d852086e71f231b71324fe2c0a63ec1c8883846ac7029ceadd2335b9c4
L2RAR2_R19_CONF_00_886000__T6_transport_medium_outcome,38,38,1.7000000000000013,False,,b039fa04f120a23ff185240cf21e9b4a810bfa542c8fec659eff717998ce1fd5
L2RAR2_R19_CONF_00_886000__T6_transport_medium_outcome,39,39,1.7200000000000013,False,,b66bc080b983f67c73c8afe9712c49006d8637a8f5950998ddd4aeff7f2a4e9a
L2RAR2_R19_CONF_00_886000__T6_transport_medium_outcome,40,40,1.7500000000000013,False,,9a950f7bda517694b526997f66b14800902e6fa0b6e09005fd4d4c62b3e9fd24
L2RAR2_R19_CONF_00_886000__T6_transport_medium_outcome,41,41,1.8000000000000014,False,,843fcbf836df39f048fd09dfd16a0b127e916101eba3d4bd331d23f483fc3b8f
L2RAR2_R19_CONF_00_886000__T6_transport_medium_outcome,42,42,1.8500000000000014,False,,c7204445e27e317bfafa3d17f52264648dc104455214bf06233682264d372739
L2RAR2_R19_CONF_00_886000__T6_transport_medium_outcome,43,43,1.9000000000000015,False,,5830f7fd44b958c2f6c1d7d7d4704bc50106b2e6f2c0fcf8850b12ece075faa7
L2RAR2_R19_CONF_00_886000__T6_transport_medium_outcome,44,44,1.9500000000000015,False,,aa0ba0b76565594f49ee8c1ed0469cbb93ffe3aeeb860326b0187636a4771767
L2RAR2_R19_CONF_00_886000__T6_transport_medium_outcome,45,45,2.0000000000000013,False,,36fe9ba416c6ba04abe4a6f6df0fbf9c8665719f86cbdcd44bf04fd83f546886
L2RAR2_R19_CONF_00_886000__T6_transport_medium_outcome,46,46,2.0500000000000003,False,,59bb41919602e3651ae8b9d6f0c8c3f9cd6a04f1ce9c4d60fccd3c308cbe2d4a
L2RAR2_R19_CONF_00_886000__T6_transport_medium_outcome,47,47,2.099999999999999,False,,60a4802fe76d4ea25d8a927217c93d03da3fe55be8b854588456d61cb09f88ab
L2RAR2_R19_CONF_00_886000__T6_transport_medium_outcome,48,48,2.149999999999998,False,,11e8d99a77b9aa0f64bfe333037e2f57697b3bf4450479fd16086688d5377b45
L2RAR2_R19_CONF_00_886000__T6_transport_medium_outcome,49,49,2.199999999999997,False,,59025c35961a0d709ffc2ad7fd8084297c8141ff0b210f028023352307937a16
L2RAR2_R19_CONF_00_886000__T6_transport_medium_outcome,50,50,2.249999999999996,False,,eca79d0b5a44a8424efa70301bc6e49e8f1e64f6d35bed21c5feb6407aed44d9
L2RAR2_R19_CONF_00_886000__T6_transport_medium_outcome,51,51,2.299999999999995,False,,67f059369ccde5f027bf8d9179e2a7469adf85386697e52cdcdc8746efce6742
L2RAR2_R19_CONF_00_886000__T6_transport_medium_outcome,52,52,2.349999999999994,False,,d04f32c1edb075fee6aa1d976da0f671c4bedf4b5d28d090b7dc055028ffc0f9
L2RAR2_R19_CONF_00_886000__T6_transport_medium_outcome,53,53,2.399999999999993,False,,3276b61759b03559ccd263986673c17db31ac65f454cf01ffb1521d4a5357327
L2RAR2_R19_CONF_00_886000__T6_transport_medium_outcome,54,54,2.4499999999999917,False,,e91f2266ccbca316cf1fc0d558357b6d294722d436dc241c8be895cea01d2901
L2RAR2_R19_CONF_00_886000__T6_transport_medium_outcome,55,55,2.4999999999999907,False,,f640b9a0da31860fb081cb386cd3bca53a7a3fae33b13939c8eaf0ff34807d05
L2RAR2_R19_CONF_00_886000__T6_transport_medium_outcome,56,56,2.5499999999999896,False,,833b79eeb573699814ea793328805d391447a264b550713b46ff9936c140fda7
L2RAR2_R19_CONF_00_886000__T6_transport_medium_outcome,57,57,2.5999999999999885,False,,0a68e88f9613e5c397e2dbf0350180be388d3f8ec71932e4e2f854107c5f5958
L2RAR2_R19_CONF_00_886000__T6_transport_medium_outcome,58,58,2.6499999999999875,False,,32092235db3e7213bf08c494c3171900f741892a16e61f7feb9a688b1258c9aa
L2RAR2_R19_CONF_00_886000__T6_transport_medium_outcome,59,59,2.6999999999999864,False,,bf67efa832a42804f1838f93e7b36df027ef528efb86bb490e40d6590de018d7
L2RAR2_R19_CONF_00_886000__T6_transport_medium_outcome,60,60,2.719999999999986,False,,c8c213162b7ddec2a772c419f58a0add88eaa19c4592e9f119beb81221c774d1
L2RAR2_R19_CONF_00_886000__T7_transport_strong_phase_00ms,0,0,0.0,False,,7918a22fe92176eb0171514aed2e662215a5e72f6b5422f8eef2207e164d1bdc
L2RAR2_R19_CONF_00_886000__T7_transport_strong_phase_00ms,1,1,0.05,False,,7be63c050b2307c99ffc20c3f1da4c97b992d9183536b3bf851c0deb1555c30d
L2RAR2_R19_CONF_00_886000__T7_transport_strong_phase_00ms,2,2,0.09999999999999999,False,,b58a1530bf6c8cc981a19e130b0815e6e9f63c2f502204a5b9b7c7f4410844c4
L2RAR2_R19_CONF_00_886000__T7_transport_strong_phase_00ms,3,3,0.15,False,,c9f0b5426cbb5e5945d1f7fc155d129016f4b49bcc13517c2d8a990e4c5a04f1
L2RAR2_R19_CONF_00_886000__T7_transport_strong_phase_00ms,4,4,0.20000000000000004,False,,8321a01d025279708b0fd4dc4ee661503c0de06f3f3de901fdd164262479868f
L2RAR2_R19_CONF_00_886000__T7_transport_strong_phase_00ms,5,5,0.20000000000000004,False,,8321a01d025279708b0fd4dc4ee661503c0de06f3f3de901fdd164262479868f
L2RAR2_R19_CONF_00_886000__T7_transport_strong_phase_00ms,6,6,0.25000000000000006,False,,89bf4ee471a367bccec5e13f3aeb1f30477c75e57378da0cfa6e078af64ea9b3
L2RAR2_R19_CONF_00_886000__T7_transport_strong_phase_00ms,7,7,0.3000000000000001,False,,2105f9043d1b76a9919063222255587d5eedbdd1746af1c9ba3d8e4679618114
L2RAR2_R19_CONF_00_886000__T7_transport_strong_phase_00ms,8,8,0.3000000000000001,False,,2105f9043d1b76a9919063222255587d5eedbdd1746af1c9ba3d8e4679618114
L2RAR2_R19_CONF_00_886000__T7_transport_strong_phase_00ms,9,9,0.35000000000000014,False,,f58cd662a5a33ea9fbd28e94ca38e27bfd6cb48d9973f648774cf001fdb87e18
L2RAR2_R19_CONF_00_886000__T7_transport_strong_phase_00ms,10,10,0.4000000000000002,False,,44d0d41b51fe1a66256b92fec556eb5405287eea8d4bfeb45966f4644d71f365
L2RAR2_R19_CONF_00_886000__T7_transport_strong_phase_00ms,11,11,0.45000000000000023,False,,6f9ca56d1468472c00b31fa94510cdcdaa1e5b4922f576bd7f672e7b7f7ebac5
L2RAR2_R19_CONF_00_886000__T7_transport_strong_phase_00ms,12,12,0.5000000000000002,False,,e4de592183d5dedcc14118b6a8aec5714f01af7d026ab7c3098924db59233652
L2RAR2_R19_CONF_00_886000__T7_transport_strong_phase_00ms,13,13,0.5000000000000002,False,,e4de592183d5dedcc14118b6a8aec5714f01af7d026ab7c3098924db59233652
L2RAR2_R19_CONF_00_886000__T7_transport_strong_phase_00ms,14,14,0.5500000000000003,False,,0de7b7c8ede2122dc4af6f7ae331456dc122aac92756439e1ba3fdf68f348da7
L2RAR2_R19_CONF_00_886000__T7_transport_strong_phase_00ms,15,15,0.6000000000000003,False,,aba33eaa3669accffcefb882eba002500c082129ab03935d8884cbc77643d4a6
L2RAR2_R19_CONF_00_886000__T7_transport_strong_phase_00ms,16,16,0.6500000000000004,False,,919ef57b16a1199759b51888aa5f235dadde10fe10374e51f71363c1442526d7
L2RAR2_R19_CONF_00_886000__T7_transport_strong_phase_00ms,17,17,0.7000000000000004,False,,d7eb0b2400d099532fcf542c1d9ad26603df71f2bfb9e0c07ac2cbf0c0252391
L2RAR2_R19_CONF_00_886000__T7_transport_strong_phase_00ms,18,18,0.7500000000000004,False,,2555474a9468753331eb4679b1b16af4c03826cebb9e505de3997e8178eb18ea
L2RAR2_R19_CONF_00_886000__T7_transport_strong_phase_00ms,19,19,0.8000000000000005,False,,ff608e65d10c5ef0ba7ad3a8e30cf32e8483889e0442168bbd211f2267c6b415
L2RAR2_R19_CONF_00_886000__T7_transport_strong_phase_00ms,20,20,0.8500000000000005,False,,6c862e87eb33d021bae4ef2f7ea14f7c968ec801989f6344eb35931321ef29f4
L2RAR2_R19_CONF_00_886000__T7_transport_strong_phase_00ms,21,21,0.9000000000000006,False,,a8e8c6b77d35b3ea2b376d6764687896a4fedca080a0c5137145883a6381022e
L2RAR2_R19_CONF_00_886000__T7_transport_strong_phase_00ms,22,22,0.9500000000000006,False,,40a8d7295055342641a3b0f149d073cdbc5b95a918177d92c9d40f2d9f024142
L2RAR2_R19_CONF_00_886000__T7_transport_strong_phase_00ms,23,23,1.0000000000000007,False,,b4c21522cadb242b2e41f881cd7f604489d4200462ce34d714a50ac1c653a408
L2RAR2_R19_CONF_00_886000__T7_transport_strong_phase_00ms,24,24,1.0500000000000007,False,,6e9f50c4c583322680ea15bbc4d6059936816977f1e7f830a355164496bea716
L2RAR2_R19_CONF_00_886000__T7_transport_strong_phase_00ms,25,25,1.1000000000000008,False,,e533b3b8aacb4caa03b4b9c339d34cfd3a11c6f3f89c9c055aa2a3476447af81
L2RAR2_R19_CONF_00_886000__T7_transport_strong_phase_00ms,26,26,1.1500000000000008,False,,b67e04d74928022bd357a396261a9f9d1532f878b47c4af143574dc5aebb4aa8
L2RAR2_R19_CONF_00_886000__T7_transport_strong_phase_00ms,27,27,1.2000000000000008,False,,37fd22c435817d98c2ce132bb79b593620397ecc09927f7237827e8c62501ddb
L2RAR2_R19_CONF_00_886000__T7_transport_strong_phase_00ms,28,28,1.2500000000000009,False,,9f6ffad7c3e3eaed13e4811361fe3e2307ff0371e0e728ccc7c498eb4dad1032
L2RAR2_R19_CONF_00_886000__T7_transport_strong_phase_00ms,29,29,1.300000000000001,False,,5b20335819b3b1c87318415f7005319249e1c26a1cfe3e41de5ef4c9c24b6eb8
L2RAR2_R19_CONF_00_886000__T7_transport_strong_phase_00ms,30,30,1.350000000000001,False,,44a83b00e5a3ba3751d648fc641cf6e09394b5f56f105e9a83b3947b082b8c83
L2RAR2_R19_CONF_00_886000__T7_transport_strong_phase_00ms,31,31,1.400000000000001,False,,03f65615020530fe62f81d8c6418ae332498a016f6aff362b097d7bf698c5fca
L2RAR2_R19_CONF_00_886000__T7_transport_strong_phase_00ms,32,32,1.450000000000001,False,,a2101c704e453c73cd5f07b0f7ec4952bcf0850e8344f2759e81657fd608355b
L2RAR2_R19_CONF_00_886000__T7_transport_strong_phase_00ms,33,33,1.500000000000001,False,,4783416ef2c47358bac6c5a40834db27bd43a3cf920fbb5e7349dd3a3672cd8f
L2RAR2_R19_CONF_00_886000__T7_transport_strong_phase_00ms,34,34,1.500000000000001,False,,9542f13a2f54b1c61ad62ed7537f948762e71bf1aeeecb5f98883355a78ae8a4
L2RAR2_R19_CONF_00_886000__T7_transport_strong_phase_00ms,35,35,1.5500000000000012,False,,f96a3d472e55c1151b6e535877c9d3d6ceaf0b683302baa964ffd95d2ca10079
L2RAR2_R19_CONF_00_886000__T7_transport_strong_phase_00ms,36,36,1.6000000000000012,False,,f82eff9cd10fc36aba46841f358e9be6a640280dcd52eeff6a6d71c6960118e0
L2RAR2_R19_CONF_00_886000__T7_transport_strong_phase_00ms,37,37,1.6500000000000012,False,,08ebf29014fd04644e7cfd7444e83ed8c57ddfbf1cd78143b2ab003c19b90de1
L2RAR2_R19_CONF_00_886000__T7_transport_strong_phase_00ms,38,38,1.7000000000000013,False,,a785d9bf1d600a707dd27260e90014bbd214933444001e795127014576e4b38b
L2RAR2_R19_CONF_00_886000__T7_transport_strong_phase_00ms,39,39,1.7000000000000013,False,,a785d9bf1d600a707dd27260e90014bbd214933444001e795127014576e4b38b
L2RAR2_R19_CONF_00_886000__T7_transport_strong_phase_00ms,40,40,1.7500000000000013,False,,014be7d2769e51ba8d04214e7c940f05d1de2ba2fd039c6d1a90b1c2078d867f
L2RAR2_R19_CONF_00_886000__T7_transport_strong_phase_00ms,41,41,1.8000000000000014,False,,00b391e30c2ae629c2346cd424702fc78b2814b704fa633193851c69802c0718
L2RAR2_R19_CONF_00_886000__T7_transport_strong_phase_00ms,42,42,1.8500000000000014,False,,05fa096bedb0320dd4e1cdf0dab03ab8153516f3130f6bf93c6c4b9e6efcf6a8
L2RAR2_R19_CONF_00_886000__T7_transport_strong_phase_00ms,43,43,1.9000000000000015,False,,71820c209ca29c54b41fd8ebb7b32c83c8335bb4b3df275b8d3c8ee2f4fad465
L2RAR2_R19_CONF_00_886000__T7_transport_strong_phase_00ms,44,44,1.9500000000000015,False,,1ef27171439c259f9850457d681c27b492376323aa1937834bb841fe4dc57a32
L2RAR2_R19_CONF_00_886000__T7_transport_strong_phase_00ms,45,45,2.0000000000000013,False,,aeefa56c1ec4a23e0ae1ce47535ebadfcb7bacb390f3a3b2fd0bc0eaa0aba216
L2RAR2_R19_CONF_00_886000__T7_transport_strong_phase_00ms,46,46,2.0500000000000003,False,,ea12c9f36f15eeb22a08a9f97a5903e2085be19f17e76a4e4545c3bb5db2f086
L2RAR2_R19_CONF_00_886000__T7_transport_strong_phase_00ms,47,47,2.099999999999999,False,,b91a53f6cb0f375497482eea2d83d19bb588d7f20c11f3bf1e65fa914acaa79c
L2RAR2_R19_CONF_00_886000__T7_transport_strong_phase_00ms,48,48,2.149999999999998,False,,e2f9ee5d565826686e0948b193b5689723cfe722841499b278920ae83ba2a145
L2RAR2_R19_CONF_00_886000__T7_transport_strong_phase_00ms,49,49,2.199999999999997,False,,0ab34516a91766b0e1a88f5594761adaae342c125c235e94bdf2ff3bfb4fb610
L2RAR2_R19_CONF_00_886000__T7_transport_strong_phase_00ms,50,50,2.249999999999996,False,,1953be17185a0903f292b82b39db7a373b47811daa0cd29272533704961c9190
L2RAR2_R19_CONF_00_886000__T7_transport_strong_phase_00ms,51,51,2.299999999999995,False,,de8ebdaf9eb0630d40577c30ed9d16c1437744d3cb25eb3abe50b77569a85261
L2RAR2_R19_CONF_00_886000__T7_transport_strong_phase_00ms,52,52,2.349999999999994,False,,fa6c6af2486133fc80c257cb6d8ee66b1a4f4b6123739cedb5f3918a774cecf0
L2RAR2_R19_CONF_00_886000__T7_transport_strong_phase_00ms,53,53,2.399999999999993,False,,49ef50038e318d4caaf945ef06509ae97042a1a789bfd245a77f79abb11f8dcb
L2RAR2_R19_CONF_00_886000__T7_transport_strong_phase_00ms,54,54,2.4499999999999917,False,,8eab5234f6f5625ec4580b4afb3a2bce1a77aa0ab43815eeec373823e0df4ee6
L2RAR2_R19_CONF_00_886000__T7_transport_strong_phase_00ms,55,55,2.4999999999999907,False,,1e4d0a397885f3db412a760de2da4497f2ac1b9b3b5a10bd065ef5647f48eba6
L2RAR2_R19_CONF_00_886000__T7_transport_strong_phase_00ms,56,56,2.5499999999999896,False,,5089d5826a0de21001ac494b81a31f18e8ea9e30cf7cbb1f095e2914257db7e1
L2RAR2_R19_CONF_00_886000__T7_transport_strong_phase_00ms,57,57,2.5999999999999885,False,,16a5c639c85f0b8e04f321cc6d9439d2e4c72f2bafebeaed18b2d31d4e39b34e
L2RAR2_R19_CONF_00_886000__T7_transport_strong_phase_00ms,58,58,2.6499999999999875,False,,04492d0357b2ef5a0551e4f0e5ed42f91670e7e1ade06414b96761480e93e950
L2RAR2_R19_CONF_00_886000__T7_transport_strong_phase_00ms,59,59,2.6999999999999864,False,,131431ebed0c4abb0b2de2ded4795af679254643bf01c5086eabb7578a236348
L2RAR2_R19_CONF_00_886000__T7_transport_strong_phase_00ms,60,60,2.6999999999999864,False,,131431ebed0c4abb0b2de2ded4795af679254643bf01c5086eabb7578a236348
L2RAR2_R19_CONF_00_886000__T8_transport_strong_phase_10ms,0,0,0.0,False,,7918a22fe92176eb0171514aed2e662215a5e72f6b5422f8eef2207e164d1bdc
L2RAR2_R19_CONF_00_886000__T8_transport_strong_phase_10ms,1,1,0.05,False,,7be63c050b2307c99ffc20c3f1da4c97b992d9183536b3bf851c0deb1555c30d
L2RAR2_R19_CONF_00_886000__T8_transport_strong_phase_10ms,2,2,0.09999999999999999,False,,b58a1530bf6c8cc981a19e130b0815e6e9f63c2f502204a5b9b7c7f4410844c4
L2RAR2_R19_CONF_00_886000__T8_transport_strong_phase_10ms,3,3,0.15,False,,c9f0b5426cbb5e5945d1f7fc155d129016f4b49bcc13517c2d8a990e4c5a04f1
L2RAR2_R19_CONF_00_886000__T8_transport_strong_phase_10ms,4,4,0.20000000000000004,False,,8321a01d025279708b0fd4dc4ee661503c0de06f3f3de901fdd164262479868f
L2RAR2_R19_CONF_00_886000__T8_transport_strong_phase_10ms,5,5,0.20000000000000004,False,,8321a01d025279708b0fd4dc4ee661503c0de06f3f3de901fdd164262479868f
L2RAR2_R19_CONF_00_886000__T8_transport_strong_phase_10ms,6,6,0.25000000000000006,False,,89bf4ee471a367bccec5e13f3aeb1f30477c75e57378da0cfa6e078af64ea9b3
L2RAR2_R19_CONF_00_886000__T8_transport_strong_phase_10ms,7,7,0.3000000000000001,False,,2105f9043d1b76a9919063222255587d5eedbdd1746af1c9ba3d8e4679618114
L2RAR2_R19_CONF_00_886000__T8_transport_strong_phase_10ms,8,8,0.3000000000000001,False,,2105f9043d1b76a9919063222255587d5eedbdd1746af1c9ba3d8e4679618114
L2RAR2_R19_CONF_00_886000__T8_transport_strong_phase_10ms,9,9,0.35000000000000014,False,,f58cd662a5a33ea9fbd28e94ca38e27bfd6cb48d9973f648774cf001fdb87e18
L2RAR2_R19_CONF_00_886000__T8_transport_strong_phase_10ms,10,10,0.4000000000000002,False,,44d0d41b51fe1a66256b92fec556eb5405287eea8d4bfeb45966f4644d71f365
L2RAR2_R19_CONF_00_886000__T8_transport_strong_phase_10ms,11,11,0.45000000000000023,False,,6f9ca56d1468472c00b31fa94510cdcdaa1e5b4922f576bd7f672e7b7f7ebac5
L2RAR2_R19_CONF_00_886000__T8_transport_strong_phase_10ms,12,12,0.5000000000000002,False,,e4de592183d5dedcc14118b6a8aec5714f01af7d026ab7c3098924db59233652
L2RAR2_R19_CONF_00_886000__T8_transport_strong_phase_10ms,13,13,0.5000000000000002,False,,e4de592183d5dedcc14118b6a8aec5714f01af7d026ab7c3098924db59233652
L2RAR2_R19_CONF_00_886000__T8_transport_strong_phase_10ms,14,14,0.5500000000000003,False,,0de7b7c8ede2122dc4af6f7ae331456dc122aac92756439e1ba3fdf68f348da7
L2RAR2_R19_CONF_00_886000__T8_transport_strong_phase_10ms,15,15,0.6000000000000003,False,,aba33eaa3669accffcefb882eba002500c082129ab03935d8884cbc77643d4a6
L2RAR2_R19_CONF_00_886000__T8_transport_strong_phase_10ms,16,16,0.6500000000000004,False,,919ef57b16a1199759b51888aa5f235dadde10fe10374e51f71363c1442526d7
L2RAR2_R19_CONF_00_886000__T8_transport_strong_phase_10ms,17,17,0.7000000000000004,False,,d7eb0b2400d099532fcf542c1d9ad26603df71f2bfb9e0c07ac2cbf0c0252391
L2RAR2_R19_CONF_00_886000__T8_transport_strong_phase_10ms,18,18,0.7500000000000004,False,,2555474a9468753331eb4679b1b16af4c03826cebb9e505de3997e8178eb18ea
L2RAR2_R19_CONF_00_886000__T8_transport_strong_phase_10ms,19,19,0.8000000000000005,False,,ff608e65d10c5ef0ba7ad3a8e30cf32e8483889e0442168bbd211f2267c6b415
L2RAR2_R19_CONF_00_886000__T8_transport_strong_phase_10ms,20,20,0.8500000000000005,False,,6c862e87eb33d021bae4ef2f7ea14f7c968ec801989f6344eb35931321ef29f4
L2RAR2_R19_CONF_00_886000__T8_transport_strong_phase_10ms,21,21,0.9000000000000006,False,,a8e8c6b77d35b3ea2b376d6764687896a4fedca080a0c5137145883a6381022e
L2RAR2_R19_CONF_00_886000__T8_transport_strong_phase_10ms,22,22,0.9500000000000006,False,,40a8d7295055342641a3b0f149d073cdbc5b95a918177d92c9d40f2d9f024142
L2RAR2_R19_CONF_00_886000__T8_transport_strong_phase_10ms,23,23,1.0000000000000007,False,,b4c21522cadb242b2e41f881cd7f604489d4200462ce34d714a50ac1c653a408
L2RAR2_R19_CONF_00_886000__T8_transport_strong_phase_10ms,24,24,1.0500000000000007,False,,6e9f50c4c583322680ea15bbc4d6059936816977f1e7f830a355164496bea716
L2RAR2_R19_CONF_00_886000__T8_transport_strong_phase_10ms,25,25,1.1000000000000008,False,,e533b3b8aacb4caa03b4b9c339d34cfd3a11c6f3f89c9c055aa2a3476447af81
L2RAR2_R19_CONF_00_886000__T8_transport_strong_phase_10ms,26,26,1.1500000000000008,False,,b67e04d74928022bd357a396261a9f9d1532f878b47c4af143574dc5aebb4aa8
L2RAR2_R19_CONF_00_886000__T8_transport_strong_phase_10ms,27,27,1.2000000000000008,False,,37fd22c435817d98c2ce132bb79b593620397ecc09927f7237827e8c62501ddb
L2RAR2_R19_CONF_00_886000__T8_transport_strong_phase_10ms,28,28,1.2500000000000009,False,,9f6ffad7c3e3eaed13e4811361fe3e2307ff0371e0e728ccc7c498eb4dad1032
L2RAR2_R19_CONF_00_886000__T8_transport_strong_phase_10ms,29,29,1.300000000000001,False,,5b20335819b3b1c87318415f7005319249e1c26a1cfe3e41de5ef4c9c24b6eb8
L2RAR2_R19_CONF_00_886000__T8_transport_strong_phase_10ms,30,30,1.350000000000001,False,,fbc38e5898a9fbcf9d6dd821637f8e388f828a62fc0850aaf5c193f9eb0b08f3
L2RAR2_R19_CONF_00_886000__T8_transport_strong_phase_10ms,31,31,1.400000000000001,False,,7c04b94ed96c6cc240f400767301deb399b7ac31910e397c6677b36ad53ab3e1
L2RAR2_R19_CONF_00_886000__T8_transport_strong_phase_10ms,32,32,1.450000000000001,False,,2292a5c5a0513e0df23f731f1ea457d1633c45d2eb2edeb98f24285d6989d437
L2RAR2_R19_CONF_00_886000__T8_transport_strong_phase_10ms,33,33,1.500000000000001,False,,c3050582d01a01692126bdfa5e1c78a442902fb5ec48acd53de6efaf938606d5
L2RAR2_R19_CONF_00_886000__T8_transport_strong_phase_10ms,34,34,1.5100000000000011,False,,f62f67478f505e7815aa4878ac2fd7c82a0f3a80360b376af6f3ca87ce02e5f1
L2RAR2_R19_CONF_00_886000__T8_transport_strong_phase_10ms,35,35,1.5500000000000012,False,,51f7776cc12cf1b2c79b3df36e72b899a8abc5fbedf2d2c6d31cc2f02b2556fa
L2RAR2_R19_CONF_00_886000__T8_transport_strong_phase_10ms,36,36,1.6000000000000012,False,,ed53767878816b67a16a381f70465a2f9c1ba2ede870aed39a94f9570b50e33f
L2RAR2_R19_CONF_00_886000__T8_transport_strong_phase_10ms,37,37,1.6500000000000012,False,,3f62b3b74dfaf323e18ad995b7e6c61d09911b2ab716da31c313482f2d586cb3
L2RAR2_R19_CONF_00_886000__T8_transport_strong_phase_10ms,38,38,1.7000000000000013,False,,f718d3ec4918aa5d8ed49d1dbe107d075f6d5f21206531c070fc7deca2979385
L2RAR2_R19_CONF_00_886000__T8_transport_strong_phase_10ms,39,39,1.7100000000000013,False,,85228043ea30357ba351ee11527261e19fa2cf10d8707de996ae0db377ccffe8
L2RAR2_R19_CONF_00_886000__T8_transport_strong_phase_10ms,40,40,1.7500000000000013,False,,1a560051471be1c6b9f7274f65def17af631c92cfaf25b121faef5c64f1e3d3a
L2RAR2_R19_CONF_00_886000__T8_transport_strong_phase_10ms,41,41,1.8000000000000014,False,,479556a8cefbc396b394be00c17eeb0514f985ecc22af1a798bc61c88e61c76c
L2RAR2_R19_CONF_00_886000__T8_transport_strong_phase_10ms,42,42,1.8500000000000014,False,,c48bf2c00f7af6382a9578e3b5cbc0f4366d6ae9af5700fdf3d8852a9a7699a8
L2RAR2_R19_CONF_00_886000__T8_transport_strong_phase_10ms,43,43,1.9000000000000015,False,,4d5febd2bd6d9636520bce103044bfcb0d486b229410a23c0c5d94aa7fe54a64
L2RAR2_R19_CONF_00_886000__T8_transport_strong_phase_10ms,44,44,1.9500000000000015,False,,ac4b54cb72f53abd8cc99ce41d8d0dc024750fe58122492e53889209166177c2
L2RAR2_R19_CONF_00_886000__T8_transport_strong_phase_10ms,45,45,2.0000000000000013,False,,f4a2f23531b0b380e22541a4c8c353dad465887cf5a81f11491f0410aaad4309
L2RAR2_R19_CONF_00_886000__T8_transport_strong_phase_10ms,46,46,2.0500000000000003,False,,6c26b44e212d7fa520f69eb4b0712036f4a925136ac6caaf504774afbed6dfbc
L2RAR2_R19_CONF_00_886000__T8_transport_strong_phase_10ms,47,47,2.099999999999999,False,,c7310d584578a2746cf26d0d61a2225d89da4cfb4a3187603316a1614e9b6397
L2RAR2_R19_CONF_00_886000__T8_transport_strong_phase_10ms,48,48,2.149999999999998,False,,e100f7f0e9f8532773d8f464967d5a38a06f2e460e55d3103887b2f104c67de6
L2RAR2_R19_CONF_00_886000__T8_transport_strong_phase_10ms,49,49,2.199999999999997,False,,74bad65b34fd4a5c00be825992cb7afb3e7d466b9e8323b0244fda85226067ea
L2RAR2_R19_CONF_00_886000__T8_transport_strong_phase_10ms,50,50,2.249999999999996,False,,ae9d7921aa68841a81f2391d576ce5c4a27bd4d7b66cc44487428f1aaabf2089
L2RAR2_R19_CONF_00_886000__T8_transport_strong_phase_10ms,51,51,2.299999999999995,False,,8f33a64f178a4dad26d65759d880f4b74defd2c51c530233c80bf5057fba9194
L2RAR2_R19_CONF_00_886000__T8_transport_strong_phase_10ms,52,52,2.349999999999994,False,,0b69563bea930826e4e00ea7dddbefa6d1e9e28bced237a08720748f372adb58
L2RAR2_R19_CONF_00_886000__T8_transport_strong_phase_10ms,53,53,2.399999999999993,False,,86aca66f8a2c9b43932aff31532bead1c4de925a550d34a7f663a2c7e1a8e166
L2RAR2_R19_CONF_00_886000__T8_transport_strong_phase_10ms,54,54,2.4499999999999917,False,,c58eef6bb60fa198094cfc9729ca7a2eda114b4a88bd3d321f4d042b38082a0a
L2RAR2_R19_CONF_00_886000__T8_transport_strong_phase_10ms,55,55,2.4999999999999907,False,,85f7913dce4764f2270ef00c076751e8a7204073ec4fb719c849757660582b57
L2RAR2_R19_CONF_00_886000__T8_transport_strong_phase_10ms,56,56,2.5499999999999896,False,,6f6ce3a301e4642187bbdd8705739ddaa6485e62b4d686c8907e718cfad1475c
L2RAR2_R19_CONF_00_886000__T8_transport_strong_phase_10ms,57,57,2.5999999999999885,False,,9db9362a6b70c8d2f1fcf7b7a31bd9cdc72e23b25f7cb43a695275b2fe1d1e49
L2RAR2_R19_CONF_00_886000__T8_transport_strong_phase_10ms,58,58,2.6499999999999875,False,,c476aa3aea66873ca8fe46ec159b776985389c0aa6be2c683e9ce257f0e5b6fe
L2RAR2_R19_CONF_00_886000__T8_transport_strong_phase_10ms,59,59,2.6999999999999864,False,,e5ff3c36f26d6d3c03c14fe4dbe10d064951117b631575d910b90d196e002482
L2RAR2_R19_CONF_00_886000__T8_transport_strong_phase_10ms,60,60,2.709999999999986,False,,c48cd02d692cd76fda806df31ee4337f4b8090823dc07eeada7fa3f632ee4882
L2RAR2_R19_CONF_00_886000__T9_transport_strong_phase_20ms,0,0,0.0,False,,7918a22fe92176eb0171514aed2e662215a5e72f6b5422f8eef2207e164d1bdc
L2RAR2_R19_CONF_00_886000__T9_transport_strong_phase_20ms,1,1,0.05,False,,7be63c050b2307c99ffc20c3f1da4c97b992d9183536b3bf851c0deb1555c30d
L2RAR2_R19_CONF_00_886000__T9_transport_strong_phase_20ms,2,2,0.09999999999999999,False,,b58a1530bf6c8cc981a19e130b0815e6e9f63c2f502204a5b9b7c7f4410844c4
L2RAR2_R19_CONF_00_886000__T9_transport_strong_phase_20ms,3,3,0.15,False,,c9f0b5426cbb5e5945d1f7fc155d129016f4b49bcc13517c2d8a990e4c5a04f1
L2RAR2_R19_CONF_00_886000__T9_transport_strong_phase_20ms,4,4,0.20000000000000004,False,,8321a01d025279708b0fd4dc4ee661503c0de06f3f3de901fdd164262479868f
L2RAR2_R19_CONF_00_886000__T9_transport_strong_phase_20ms,5,5,0.20000000000000004,False,,8321a01d025279708b0fd4dc4ee661503c0de06f3f3de901fdd164262479868f
L2RAR2_R19_CONF_00_886000__T9_transport_strong_phase_20ms,6,6,0.25000000000000006,False,,89bf4ee471a367bccec5e13f3aeb1f30477c75e57378da0cfa6e078af64ea9b3
L2RAR2_R19_CONF_00_886000__T9_transport_strong_phase_20ms,7,7,0.3000000000000001,False,,2105f9043d1b76a9919063222255587d5eedbdd1746af1c9ba3d8e4679618114
L2RAR2_R19_CONF_00_886000__T9_transport_strong_phase_20ms,8,8,0.3000000000000001,False,,2105f9043d1b76a9919063222255587d5eedbdd1746af1c9ba3d8e4679618114
L2RAR2_R19_CONF_00_886000__T9_transport_strong_phase_20ms,9,9,0.35000000000000014,False,,f58cd662a5a33ea9fbd28e94ca38e27bfd6cb48d9973f648774cf001fdb87e18
L2RAR2_R19_CONF_00_886000__T9_transport_strong_phase_20ms,10,10,0.4000000000000002,False,,44d0d41b51fe1a66256b92fec556eb5405287eea8d4bfeb45966f4644d71f365
L2RAR2_R19_CONF_00_886000__T9_transport_strong_phase_20ms,11,11,0.45000000000000023,False,,6f9ca56d1468472c00b31fa94510cdcdaa1e5b4922f576bd7f672e7b7f7ebac5
L2RAR2_R19_CONF_00_886000__T9_transport_strong_phase_20ms,12,12,0.5000000000000002,False,,e4de592183d5dedcc14118b6a8aec5714f01af7d026ab7c3098924db59233652
L2RAR2_R19_CONF_00_886000__T9_transport_strong_phase_20ms,13,13,0.5000000000000002,False,,e4de592183d5dedcc14118b6a8aec5714f01af7d026ab7c3098924db59233652
L2RAR2_R19_CONF_00_886000__T9_transport_strong_phase_20ms,14,14,0.5500000000000003,False,,0de7b7c8ede2122dc4af6f7ae331456dc122aac92756439e1ba3fdf68f348da7
L2RAR2_R19_CONF_00_886000__T9_transport_strong_phase_20ms,15,15,0.6000000000000003,False,,aba33eaa3669accffcefb882eba002500c082129ab03935d8884cbc77643d4a6
L2RAR2_R19_CONF_00_886000__T9_transport_strong_phase_20ms,16,16,0.6500000000000004,False,,919ef57b16a1199759b51888aa5f235dadde10fe10374e51f71363c1442526d7
L2RAR2_R19_CONF_00_886000__T9_transport_strong_phase_20ms,17,17,0.7000000000000004,False,,d7eb0b2400d099532fcf542c1d9ad26603df71f2bfb9e0c07ac2cbf0c0252391
L2RAR2_R19_CONF_00_886000__T9_transport_strong_phase_20ms,18,18,0.7500000000000004,False,,2555474a9468753331eb4679b1b16af4c03826cebb9e505de3997e8178eb18ea
L2RAR2_R19_CONF_00_886000__T9_transport_strong_phase_20ms,19,19,0.8000000000000005,False,,ff608e65d10c5ef0ba7ad3a8e30cf32e8483889e0442168bbd211f2267c6b415
L2RAR2_R19_CONF_00_886000__T9_transport_strong_phase_20ms,20,20,0.8500000000000005,False,,6c862e87eb33d021bae4ef2f7ea14f7c968ec801989f6344eb35931321ef29f4
L2RAR2_R19_CONF_00_886000__T9_transport_strong_phase_20ms,21,21,0.9000000000000006,False,,a8e8c6b77d35b3ea2b376d6764687896a4fedca080a0c5137145883a6381022e
L2RAR2_R19_CONF_00_886000__T9_transport_strong_phase_20ms,22,22,0.9500000000000006,False,,40a8d7295055342641a3b0f149d073cdbc5b95a918177d92c9d40f2d9f024142
L2RAR2_R19_CONF_00_886000__T9_transport_strong_phase_20ms,23,23,1.0000000000000007,False,,b4c21522cadb242b2e41f881cd7f604489d4200462ce34d714a50ac1c653a408
L2RAR2_R19_CONF_00_886000__T9_transport_strong_phase_20ms,24,24,1.0500000000000007,False,,6e9f50c4c583322680ea15bbc4d6059936816977f1e7f830a355164496bea716
L2RAR2_R19_CONF_00_886000__T9_transport_strong_phase_20ms,25,25,1.1000000000000008,False,,e533b3b8aacb4caa03b4b9c339d34cfd3a11c6f3f89c9c055aa2a3476447af81
L2RAR2_R19_CONF_00_886000__T9_transport_strong_phase_20ms,26,26,1.1500000000000008,False,,b67e04d74928022bd357a396261a9f9d1532f878b47c4af143574dc5aebb4aa8
L2RAR2_R19_CONF_00_886000__T9_transport_strong_phase_20ms,27,27,1.2000000000000008,False,,37fd22c435817d98c2ce132bb79b593620397ecc09927f7237827e8c62501ddb
L2RAR2_R19_CONF_00_886000__T9_transport_strong_phase_20ms,28,28,1.2500000000000009,False,,9f6ffad7c3e3eaed13e4811361fe3e2307ff0371e0e728ccc7c498eb4dad1032
L2RAR2_R19_CONF_00_886000__T9_transport_strong_phase_20ms,29,29,1.300000000000001,False,,5b20335819b3b1c87318415f7005319249e1c26a1cfe3e41de5ef4c9c24b6eb8
L2RAR2_R19_CONF_00_886000__T9_transport_strong_phase_20ms,30,30,1.350000000000001,False,,8778e9c415fcbfcb9b10e45daec5a00bfb76fabb85ac1a178bbdc9152298aad3
L2RAR2_R19_CONF_00_886000__T9_transport_strong_phase_20ms,31,31,1.400000000000001,False,,152a592ef5886bdb0828446e183177bb77ca5f49133177ffbe6edfe13cd414ae
L2RAR2_R19_CONF_00_886000__T9_transport_strong_phase_20ms,32,32,1.450000000000001,False,,3a92c5c63effa44ae7febb676241c1f4eb7e3e3ab6ff93119d37db465a9ad5c7
L2RAR2_R19_CONF_00_886000__T9_transport_strong_phase_20ms,33,33,1.500000000000001,False,,bfbd84ac677f47e5202bd23e0e4aeaeda731dae0affee2303962ad995e0fa043
L2RAR2_R19_CONF_00_886000__T9_transport_strong_phase_20ms,34,34,1.5200000000000011,False,,54b1c40f4ede2f5c0d1fe45e42e1188280c4b05723700d55be7f97e3b2b18718
L2RAR2_R19_CONF_00_886000__T9_transport_strong_phase_20ms,35,35,1.5500000000000012,False,,d47082501cc790706b10b3f5aeca16bb83e425afa2f619e7aefaf13123d42fd6
L2RAR2_R19_CONF_00_886000__T9_transport_strong_phase_20ms,36,36,1.6000000000000012,False,,133638f9370ce613f900f5d975e24f72e66f2a36b6db5cf43d96e2a305ced87e
L2RAR2_R19_CONF_00_886000__T9_transport_strong_phase_20ms,37,37,1.6500000000000012,False,,2056aa6088fe8090ee582f6b0ae405d6c8357b834aa772ab7b9a38a67fe43960
L2RAR2_R19_CONF_00_886000__T9_transport_strong_phase_20ms,38,38,1.7000000000000013,False,,a87e3c84a936dc3f0511e0e7182c034dd6e7e724673d570d765fc76896e2df0a
L2RAR2_R19_CONF_00_886000__T9_transport_strong_phase_20ms,39,39,1.7200000000000013,False,,3523d5f2eeb28f03ae2682d8016b2614334b7ca1ef959f36c0bdb23440e81273
L2RAR2_R19_CONF_00_886000__T9_transport_strong_phase_20ms,40,40,1.7500000000000013,False,,9b120fe46d8d39ecc956f976d49a9e74b6a196a1a8816c339f9d9fe5e625a87c
L2RAR2_R19_CONF_00_886000__T9_transport_strong_phase_20ms,41,41,1.8000000000000014,False,,a3394bbcebfbf1d8c6a8bad567ebf75ae6530ea9d55d2c28de5730f1140662ff
L2RAR2_R19_CONF_00_886000__T9_transport_strong_phase_20ms,42,42,1.8500000000000014,False,,6ad5755cc0bb554323501d96673ae03db50c41376eda229d09f83bec3cc967a6
L2RAR2_R19_CONF_00_886000__T9_transport_strong_phase_20ms,43,43,1.9000000000000015,False,,7bea3d1f58f1026f9a35e79eb485fe0983a9e6f12c79073317f76def0be460ba
L2RAR2_R19_CONF_00_886000__T9_transport_strong_phase_20ms,44,44,1.9500000000000015,False,,80b6c13cdaa7ff4654509f9832e10f0e4f2b1488911b18f03dd25de3ee0ef66c
L2RAR2_R19_CONF_00_886000__T9_transport_strong_phase_20ms,45,45,2.0000000000000013,False,,95308ac0503117e16f3a39bbf142a51eec0b57adbed165925d9d8fa9ea48d373
L2RAR2_R19_CONF_00_886000__T9_transport_strong_phase_20ms,46,46,2.0500000000000003,False,,5594e9ca007b48af7404b6490b518d4392f8aaef03837d964cd28d71437b13f8
L2RAR2_R19_CONF_00_886000__T9_transport_strong_phase_20ms,47,47,2.099999999999999,False,,edaf6cbbf4787e8c0af329d6f55d81c786ba2ff8f0115d60f61f2f09bfd742a5
L2RAR2_R19_CONF_00_886000__T9_transport_strong_phase_20ms,48,48,2.149999999999998,False,,ed22e05299c92e80689546af713da13c198f54c5b0619bf189250f2c4da99bb9
L2RAR2_R19_CONF_00_886000__T9_transport_strong_phase_20ms,49,49,2.199999999999997,False,,1d49433d4860e5022d126ffe04c2e52fb72dbf6367a6f1acc7bc14002fc0f865
L2RAR2_R19_CONF_00_886000__T9_transport_strong_phase_20ms,50,50,2.249999999999996,False,,9317f5795453a06f18f7b497f3ae49c3a3a547c32a6abd7cebce345e47eb4ee8
L2RAR2_R19_CONF_00_886000__T9_transport_strong_phase_20ms,51,51,2.299999999999995,False,,dd74a3e166c333c8de0d9b7cac0430e01fa8332af5166c605a5e196ab6f1fe1d
L2RAR2_R19_CONF_00_886000__T9_transport_strong_phase_20ms,52,52,2.349999999999994,False,,e4b0e6eeb9b294cd68a5ff44964fb94fb1da25d48f7207218555ace772168c01
L2RAR2_R19_CONF_00_886000__T9_transport_strong_phase_20ms,53,53,2.399999999999993,False,,22740971aee9f907d764fd2f3fa3ce947c375f8d09bf2de2f6d2ea5c60c4a313
L2RAR2_R19_CONF_00_886000__T9_transport_strong_phase_20ms,54,54,2.4499999999999917,False,,8740a5d7b3ea0b5e94b33605d3abdc7a430771c0a97b175756ae78e729645bdc
L2RAR2_R19_CONF_00_886000__T9_transport_strong_phase_20ms,55,55,2.4999999999999907,False,,89c6edb424af96d74f24004dbd3f2bf26e8cac77833c89e7bf9cc3fa5b3614eb
L2RAR2_R19_CONF_00_886000__T9_transport_strong_phase_20ms,56,56,2.5499999999999896,False,,2286e2874d77cddb18223e54f37913e8caeadf16304f4df7cf963f4eb79c2834
L2RAR2_R19_CONF_00_886000__T9_transport_strong_phase_20ms,57,57,2.5999999999999885,False,,c635d7a912df0b090976125e57eb27c70cec119320e32c3111001375028083c9
L2RAR2_R19_CONF_00_886000__T9_transport_strong_phase_20ms,58,58,2.6499999999999875,False,,8002552c45ca06a2025e8b5e87fa131d8701a7e72ba05b53f6508f6caa1fd2aa
L2RAR2_R19_CONF_00_886000__T9_transport_strong_phase_20ms,59,59,2.6999999999999864,False,,7051071e77f3e9fe4eed0b72afce6bffcd4cf95e77787543d2f7f192a44845d6
L2RAR2_R19_CONF_00_886000__T9_transport_strong_phase_20ms,60,60,2.719999999999986,False,,90903001731af705e2f6437256e2aa29f0cb15e788af4bd9c6b07caec21ece49
L2RAR2_R19_CONF_01_886001__T10_transport_strong_phase_30ms,0,0,0.0,False,,fc959477790af517b30e3ee4e987548d8c512233686eb1e7311d676e49d0ae77
L2RAR2_R19_CONF_01_886001__T10_transport_strong_phase_30ms,1,1,0.05,False,,b991cf689b617aabad9b25c3f54f005a4036aee33cb13a267c03ea362f6756c6
L2RAR2_R19_CONF_01_886001__T10_transport_strong_phase_30ms,2,2,0.09999999999999999,False,,9595b19ffdb7bf62728f666b26537668d5104d1951262c2228e8f794498a798b
L2RAR2_R19_CONF_01_886001__T10_transport_strong_phase_30ms,3,3,0.15,False,,4bdb6a4036df3a36a8271c8d7372dffc2d0245f235c41df86dcc5f1941bdfa19
L2RAR2_R19_CONF_01_886001__T10_transport_strong_phase_30ms,4,4,0.20000000000000004,False,,1593ff5efb8887495eee40421d63ab4559a823352284b84f1d87e23a21c84c83
L2RAR2_R19_CONF_01_886001__T10_transport_strong_phase_30ms,5,5,0.20000000000000004,False,,1593ff5efb8887495eee40421d63ab4559a823352284b84f1d87e23a21c84c83
L2RAR2_R19_CONF_01_886001__T10_transport_strong_phase_30ms,6,6,0.25000000000000006,False,,0a80756e83e8470c3430df1bf33ecb7ca4f3c4b22edf498c4e7d0952ccac0609
L2RAR2_R19_CONF_01_886001__T10_transport_strong_phase_30ms,7,7,0.3000000000000001,False,,c04e1183b843f53f8c49cec5b9fc271ac387c1952e42404bb7770a14d6d00dfa
L2RAR2_R19_CONF_01_886001__T10_transport_strong_phase_30ms,8,8,0.3000000000000001,False,,c04e1183b843f53f8c49cec5b9fc271ac387c1952e42404bb7770a14d6d00dfa
L2RAR2_R19_CONF_01_886001__T10_transport_strong_phase_30ms,9,9,0.35000000000000014,False,,90db5245fa10d117121c3954a5332be2ac32b6167e178328af389ec7c504dd1b
L2RAR2_R19_CONF_01_886001__T10_transport_strong_phase_30ms,10,10,0.4000000000000002,False,,8aac84be431275e61be354a202913b85315ecf922182515e25d2ee0a29c01ea3
L2RAR2_R19_CONF_01_886001__T10_transport_strong_phase_30ms,11,11,0.45000000000000023,False,,8ab8261950d54a17cce2627619a5dc83fa2bfa51613f1dc4f0fb39b31414154f
L2RAR2_R19_CONF_01_886001__T10_transport_strong_phase_30ms,12,12,0.5000000000000002,False,,c0e16f232994d00df2b79a4c645206729ef9ce43b4732897b1ff4defb1d46f48
L2RAR2_R19_CONF_01_886001__T10_transport_strong_phase_30ms,13,13,0.5000000000000002,False,,c0e16f232994d00df2b79a4c645206729ef9ce43b4732897b1ff4defb1d46f48
L2RAR2_R19_CONF_01_886001__T10_transport_strong_phase_30ms,14,14,0.5500000000000003,False,,a8f74c89116de90ef6cac1f84ba83e4b5c45c3ff6e1f73a87f1ee5c2e5817ca6
L2RAR2_R19_CONF_01_886001__T10_transport_strong_phase_30ms,15,15,0.6000000000000003,False,,0a2d8f282a653b5a3aea0cacb78415f72650519ee45f34bdeebc8c1f23f5f640
L2RAR2_R19_CONF_01_886001__T10_transport_strong_phase_30ms,16,16,0.6500000000000004,False,,c6121d458cd48daba8148c0776e03179771298140e80cb70fb2f919664791241
L2RAR2_R19_CONF_01_886001__T10_transport_strong_phase_30ms,17,17,0.7000000000000004,False,,8aa62b5a7993c51d0dd40c3686d8921595effcf98a8578657e1d9058b8dab621
L2RAR2_R19_CONF_01_886001__T10_transport_strong_phase_30ms,18,18,0.7500000000000004,False,,14ab2406d7031fbc4fc44cb2d6dbe3193e6d65b236674c8cd7f1555beb418bfd
L2RAR2_R19_CONF_01_886001__T10_transport_strong_phase_30ms,19,19,0.8000000000000005,False,,e677ec0e4e9fccf4f255318f421abd9fd653210ca417963180ec0156d911ed5b
L2RAR2_R19_CONF_01_886001__T10_transport_strong_phase_30ms,20,20,0.8500000000000005,False,,611a1b57b247cc009307448d2e35acb71d70702533f77bcc8b1e8e22526ebc88
L2RAR2_R19_CONF_01_886001__T10_transport_strong_phase_30ms,21,21,0.9000000000000006,False,,720ae180c605bc98c8ef7dfac950cfc5b47c0b864908d8e07ff384ecc4b06c74
L2RAR2_R19_CONF_01_886001__T10_transport_strong_phase_30ms,22,22,0.9500000000000006,False,,4155503951c6e518f7f1e532394b06278135aac5dd371df52018053983d0c238
L2RAR2_R19_CONF_01_886001__T10_transport_strong_phase_30ms,23,23,1.0000000000000007,False,,1a4b82e7b21b6bc82d29a746ecb3ce9dfcdeba8259168e1d845fda4ecdb6a306
L2RAR2_R19_CONF_01_886001__T10_transport_strong_phase_30ms,24,24,1.0500000000000007,False,,97ce74bc8133bc302bb82522cf76a192846282a0e1ffc99f1ec82bb07ffbbb76
L2RAR2_R19_CONF_01_886001__T10_transport_strong_phase_30ms,25,25,1.1000000000000008,False,,9e50c7dbbec6f7ef9a78250b626856ff0123dbf0c51fbd1775c1bcf91aec25fe
L2RAR2_R19_CONF_01_886001__T10_transport_strong_phase_30ms,26,26,1.1500000000000008,False,,9f7ef59b9785755fc1d9c6ecc3cd1a236675be0a759e292363175d4d0857664f
L2RAR2_R19_CONF_01_886001__T10_transport_strong_phase_30ms,27,27,1.2000000000000008,False,,a631f74e7d8b990f5e9973a1d3a9631ec879042f683751e8c23a10767da828dd
L2RAR2_R19_CONF_01_886001__T10_transport_strong_phase_30ms,28,28,1.2500000000000009,False,,f39a4e719fdee784090924e5c229f9847dc28418f513a2547752150693f620ba
L2RAR2_R19_CONF_01_886001__T10_transport_strong_phase_30ms,29,29,1.300000000000001,False,,c10f9a08882bc8d26a9cf14c716d040f004146312cff905025dacd3997d34d43
L2RAR2_R19_CONF_01_886001__T10_transport_strong_phase_30ms,30,30,1.350000000000001,False,,9e4e8395e1940447f7909a6cd1a852cbc6e80712bd0614739e64df2910648b68
L2RAR2_R19_CONF_01_886001__T10_transport_strong_phase_30ms,31,31,1.400000000000001,False,,f68937691203b573a5ac0b5dc0279abc9f0627ff0bc43f9c6408cc9cdd712aa1
L2RAR2_R19_CONF_01_886001__T10_transport_strong_phase_30ms,32,32,1.450000000000001,False,,4ff88b608b9318cb87ec066fccc43ac5a5adee4f67af5078cdb6baebf7b2bfb7
L2RAR2_R19_CONF_01_886001__T10_transport_strong_phase_30ms,33,33,1.500000000000001,False,,10916a97534c71805883b5ad74cff5837aa3c2028eb1a9adb31ba9a229301321
L2RAR2_R19_CONF_01_886001__T10_transport_strong_phase_30ms,34,34,1.5300000000000011,False,,7572fd549f372961b7baf8fb64f2295c5d985052c8764ece0270784be460a079
L2RAR2_R19_CONF_01_886001__T10_transport_strong_phase_30ms,35,35,1.5500000000000012,False,,eaec11d3bc41cdb0db1fde323613cb3a16fb8b2c37d8402af817d2a8dc5e58f1
L2RAR2_R19_CONF_01_886001__T10_transport_strong_phase_30ms,36,36,1.6000000000000012,False,,07cddec49c2b7d7faba7ffac27a9dcce037b8b173c5af0d11d3ccd51fc82b0dc
L2RAR2_R19_CONF_01_886001__T10_transport_strong_phase_30ms,37,37,1.6500000000000012,False,,07920cf46de503cbe33a08af253843596d83a2741933f39369246dced3c55044
L2RAR2_R19_CONF_01_886001__T10_transport_strong_phase_30ms,38,38,1.7000000000000013,False,,816922e3ace5d0a09a4795d585652bad9d58b563c10d75bd9e34ba0bf88d9fe2
L2RAR2_R19_CONF_01_886001__T10_transport_strong_phase_30ms,39,39,1.7300000000000013,False,,eb26671c17aad64668e40c1aaf43a179bc5f93e4f6b4e6853f35b683e0611368
L2RAR2_R19_CONF_01_886001__T10_transport_strong_phase_30ms,40,40,1.7500000000000013,False,,880ea1f1f613945bc55275a557cb23fb435e25c3e2d3cb1d6adb78cf1356aa07
L2RAR2_R19_CONF_01_886001__T10_transport_strong_phase_30ms,41,41,1.8000000000000014,False,,d3ef6546906ed7df14665fd283dfe0069e2e9f4ed54eba6d6aedd461ba32cffa
L2RAR2_R19_CONF_01_886001__T10_transport_strong_phase_30ms,42,42,1.8500000000000014,False,,4e57238dc91b074267dc6b92ff5b0ddb87f5015c074d8c0ca332efd52f93111c
L2RAR2_R19_CONF_01_886001__T10_transport_strong_phase_30ms,43,43,1.9000000000000015,False,,f940766eb8592e1b8c9f761b74b1258e23af85216bde68ae613825110574a422
L2RAR2_R19_CONF_01_886001__T10_transport_strong_phase_30ms,44,44,1.9500000000000015,False,,a231b78096dac2f8f8414bc6d6bedbbdefe45760be47d07f507ba8c55132eb90
L2RAR2_R19_CONF_01_886001__T10_transport_strong_phase_30ms,45,45,2.0000000000000013,False,,68b60f0d5b041a39ed891ba692beead53bf1a72af98f7a750c98f9b56c9ab059
L2RAR2_R19_CONF_01_886001__T10_transport_strong_phase_30ms,46,46,2.0500000000000003,False,,e4654a3e2203338e5f70c8cd80ee8557d0b0314f4e151a29f60b8cec79f2f158
L2RAR2_R19_CONF_01_886001__T10_transport_strong_phase_30ms,47,47,2.099999999999999,False,,53decedd0a9e3f1d70043178556a0e48a8dfe7045be2547d49f376083560ec40
L2RAR2_R19_CONF_01_886001__T10_transport_strong_phase_30ms,48,48,2.149999999999998,False,,805bfba1bb524a4b02758c6695e6c3035bb0bb19256987c2a1d4538526200fc6
L2RAR2_R19_CONF_01_886001__T10_transport_strong_phase_30ms,49,49,2.199999999999997,False,,1ccf85b3b80d38ff802650389a55a17d6a154bee7185c72b9d32fbd5f0e3926e
L2RAR2_R19_CONF_01_886001__T10_transport_strong_phase_30ms,50,50,2.249999999999996,False,,3624a7d09b72cab33942441afb1dcbeac1c0ca0cda9e25f7b704c81ea710f281
L2RAR2_R19_CONF_01_886001__T10_transport_strong_phase_30ms,51,51,2.299999999999995,False,,6b4a9b5f58eb175f6aef2a0d2c51a6f3fab21c57a09be48dbb9967c9e10917f2
L2RAR2_R19_CONF_01_886001__T10_transport_strong_phase_30ms,52,52,2.349999999999994,False,,ba76b49d5120c0a36d74ffe1b1e899208332046802d0fa28c835b0d02e206da9
L2RAR2_R19_CONF_01_886001__T10_transport_strong_phase_30ms,53,53,2.399999999999993,False,,fc734399085fae1ce056c3e1c209b008f3a5db8cfce0a9ffbd7a87f573c35465
L2RAR2_R19_CONF_01_886001__T10_transport_strong_phase_30ms,54,54,2.4499999999999917,False,,9f8fa39c5a2f09e8a60f9dbde23ac51793997974c630ff20866dafde695beee5
L2RAR2_R19_CONF_01_886001__T10_transport_strong_phase_30ms,55,55,2.4999999999999907,False,,225200b0d462ad112087c4b373852272ea055fe9bb4f9b7d584bdb68b6329599
L2RAR2_R19_CONF_01_886001__T10_transport_strong_phase_30ms,56,56,2.5499999999999896,False,,961aca98f06293df6878e1b3eea4fbe11ac03de9d17e70668d0fe1e8bca91751
L2RAR2_R19_CONF_01_886001__T10_transport_strong_phase_30ms,57,57,2.5999999999999885,False,,cba6aff74b30ccf0dd57811fc0fe842e97463ddc1917cf4b14547c58176099ac
L2RAR2_R19_CONF_01_886001__T10_transport_strong_phase_30ms,58,58,2.6499999999999875,False,,6bb3780295adee47b8014df5f5c7f57059632e1746fc0b78cdefc112d83d4938
L2RAR2_R19_CONF_01_886001__T10_transport_strong_phase_30ms,59,59,2.6999999999999864,False,,69576698727ed9004e5fdc752041214b15d2d3bb22f9576bb86e5b466f3a0f80
L2RAR2_R19_CONF_01_886001__T10_transport_strong_phase_30ms,60,60,2.7299999999999858,False,,da06ded018e0bebcb34712e93f47480a93c29abddb8ac145b46a297a74d77932
L2RAR2_R19_CONF_01_886001__T11_transport_strong_phase_40ms_rgb_dropout,0,0,0.0,False,,fc959477790af517b30e3ee4e987548d8c512233686eb1e7311d676e49d0ae77
L2RAR2_R19_CONF_01_886001__T11_transport_strong_phase_40ms_rgb_dropout,1,1,0.05,False,,b991cf689b617aabad9b25c3f54f005a4036aee33cb13a267c03ea362f6756c6
L2RAR2_R19_CONF_01_886001__T11_transport_strong_phase_40ms_rgb_dropout,2,2,0.09999999999999999,False,,9595b19ffdb7bf62728f666b26537668d5104d1951262c2228e8f794498a798b
L2RAR2_R19_CONF_01_886001__T11_transport_strong_phase_40ms_rgb_dropout,3,3,0.15,False,,4bdb6a4036df3a36a8271c8d7372dffc2d0245f235c41df86dcc5f1941bdfa19
L2RAR2_R19_CONF_01_886001__T11_transport_strong_phase_40ms_rgb_dropout,4,4,0.20000000000000004,False,,1593ff5efb8887495eee40421d63ab4559a823352284b84f1d87e23a21c84c83
L2RAR2_R19_CONF_01_886001__T11_transport_strong_phase_40ms_rgb_dropout,5,5,0.20000000000000004,False,,1593ff5efb8887495eee40421d63ab4559a823352284b84f1d87e23a21c84c83
L2RAR2_R19_CONF_01_886001__T11_transport_strong_phase_40ms_rgb_dropout,6,6,0.25000000000000006,False,,0a80756e83e8470c3430df1bf33ecb7ca4f3c4b22edf498c4e7d0952ccac0609
L2RAR2_R19_CONF_01_886001__T11_transport_strong_phase_40ms_rgb_dropout,7,7,0.3000000000000001,False,,c04e1183b843f53f8c49cec5b9fc271ac387c1952e42404bb7770a14d6d00dfa
L2RAR2_R19_CONF_01_886001__T11_transport_strong_phase_40ms_rgb_dropout,8,8,0.3000000000000001,False,,c04e1183b843f53f8c49cec5b9fc271ac387c1952e42404bb7770a14d6d00dfa
L2RAR2_R19_CONF_01_886001__T11_transport_strong_phase_40ms_rgb_dropout,9,9,0.35000000000000014,False,,90db5245fa10d117121c3954a5332be2ac32b6167e178328af389ec7c504dd1b
L2RAR2_R19_CONF_01_886001__T11_transport_strong_phase_40ms_rgb_dropout,10,10,0.4000000000000002,False,,8aac84be431275e61be354a202913b85315ecf922182515e25d2ee0a29c01ea3
L2RAR2_R19_CONF_01_886001__T11_transport_strong_phase_40ms_rgb_dropout,11,11,0.45000000000000023,False,,8ab8261950d54a17cce2627619a5dc83fa2bfa51613f1dc4f0fb39b31414154f
L2RAR2_R19_CONF_01_886001__T11_transport_strong_phase_40ms_rgb_dropout,12,12,0.5000000000000002,False,,c0e16f232994d00df2b79a4c645206729ef9ce43b4732897b1ff4defb1d46f48
L2RAR2_R19_CONF_01_886001__T11_transport_strong_phase_40ms_rgb_dropout,13,13,0.5000000000000002,False,,c0e16f232994d00df2b79a4c645206729ef9ce43b4732897b1ff4defb1d46f48
L2RAR2_R19_CONF_01_886001__T11_transport_strong_phase_40ms_rgb_dropout,14,14,0.5500000000000003,False,,a8f74c89116de90ef6cac1f84ba83e4b5c45c3ff6e1f73a87f1ee5c2e5817ca6
L2RAR2_R19_CONF_01_886001__T11_transport_strong_phase_40ms_rgb_dropout,15,15,0.6000000000000003,False,,0a2d8f282a653b5a3aea0cacb78415f72650519ee45f34bdeebc8c1f23f5f640
L2RAR2_R19_CONF_01_886001__T11_transport_strong_phase_40ms_rgb_dropout,16,16,0.6500000000000004,False,,c6121d458cd48daba8148c0776e03179771298140e80cb70fb2f919664791241
L2RAR2_R19_CONF_01_886001__T11_transport_strong_phase_40ms_rgb_dropout,17,17,0.7000000000000004,False,,8aa62b5a7993c51d0dd40c3686d8921595effcf98a8578657e1d9058b8dab621
L2RAR2_R19_CONF_01_886001__T11_transport_strong_phase_40ms_rgb_dropout,18,18,0.7500000000000004,False,,14ab2406d7031fbc4fc44cb2d6dbe3193e6d65b236674c8cd7f1555beb418bfd
L2RAR2_R19_CONF_01_886001__T11_transport_strong_phase_40ms_rgb_dropout,19,19,0.8000000000000005,False,,e677ec0e4e9fccf4f255318f421abd9fd653210ca417963180ec0156d911ed5b
L2RAR2_R19_CONF_01_886001__T11_transport_strong_phase_40ms_rgb_dropout,20,20,0.8500000000000005,False,,611a1b57b247cc009307448d2e35acb71d70702533f77bcc8b1e8e22526ebc88
L2RAR2_R19_CONF_01_886001__T11_transport_strong_phase_40ms_rgb_dropout,21,21,0.9000000000000006,False,,720ae180c605bc98c8ef7dfac950cfc5b47c0b864908d8e07ff384ecc4b06c74
L2RAR2_R19_CONF_01_886001__T11_transport_strong_phase_40ms_rgb_dropout,22,22,0.9500000000000006,False,,4155503951c6e518f7f1e532394b06278135aac5dd371df52018053983d0c238
L2RAR2_R19_CONF_01_886001__T11_transport_strong_phase_40ms_rgb_dropout,23,23,1.0000000000000007,False,,1a4b82e7b21b6bc82d29a746ecb3ce9dfcdeba8259168e1d845fda4ecdb6a306
L2RAR2_R19_CONF_01_886001__T11_transport_strong_phase_40ms_rgb_dropout,24,24,1.0500000000000007,False,,97ce74bc8133bc302bb82522cf76a192846282a0e1ffc99f1ec82bb07ffbbb76
L2RAR2_R19_CONF_01_886001__T11_transport_strong_phase_40ms_rgb_dropout,25,25,1.1000000000000008,False,,9e50c7dbbec6f7ef9a78250b626856ff0123dbf0c51fbd1775c1bcf91aec25fe
L2RAR2_R19_CONF_01_886001__T11_transport_strong_phase_40ms_rgb_dropout,26,26,1.1500000000000008,False,,9f7ef59b9785755fc1d9c6ecc3cd1a236675be0a759e292363175d4d0857664f
L2RAR2_R19_CONF_01_886001__T11_transport_strong_phase_40ms_rgb_dropout,27,27,1.2000000000000008,False,,a631f74e7d8b990f5e9973a1d3a9631ec879042f683751e8c23a10767da828dd
L2RAR2_R19_CONF_01_886001__T11_transport_strong_phase_40ms_rgb_dropout,28,28,1.2500000000000009,False,,f39a4e719fdee784090924e5c229f9847dc28418f513a2547752150693f620ba
L2RAR2_R19_CONF_01_886001__T11_transport_strong_phase_40ms_rgb_dropout,29,29,1.300000000000001,False,,c10f9a08882bc8d26a9cf14c716d040f004146312cff905025dacd3997d34d43
L2RAR2_R19_CONF_01_886001__T11_transport_strong_phase_40ms_rgb_dropout,30,30,1.350000000000001,False,,5bd8e3ae5f23b668036500624ba32a28ea524154cd360fa31b4e9d32a0c60684
L2RAR2_R19_CONF_01_886001__T11_transport_strong_phase_40ms_rgb_dropout,31,31,1.400000000000001,False,,8bd78c8bba44371aaaccce7e2a676e35e95cd36ccce0b0eebedf4a5c0c907d1a
L2RAR2_R19_CONF_01_886001__T11_transport_strong_phase_40ms_rgb_dropout,32,32,1.450000000000001,False,,
L2RAR2_R19_CONF_01_886001__T11_transport_strong_phase_40ms_rgb_dropout,33,33,1.500000000000001,False,,
L2RAR2_R19_CONF_01_886001__T11_transport_strong_phase_40ms_rgb_dropout,34,34,1.5400000000000011,False,,4caecefdef84944c105595809f6a23eca03689c4cad3bc64534a7b6b96922f3c
L2RAR2_R19_CONF_01_886001__T11_transport_strong_phase_40ms_rgb_dropout,35,35,1.5500000000000012,False,,
L2RAR2_R19_CONF_01_886001__T11_transport_strong_phase_40ms_rgb_dropout,36,36,1.6000000000000012,False,,54f65cef7cf30d19239c06f2fb8bdc06aa6daaeb7d7524e717568d4cb9997b5c
L2RAR2_R19_CONF_01_886001__T11_transport_strong_phase_40ms_rgb_dropout,37,37,1.6500000000000012,False,,16350ee08d004530c98c62acc8e9119243a4aa2679cbefcc020f0c9d47f1a100
L2RAR2_R19_CONF_01_886001__T11_transport_strong_phase_40ms_rgb_dropout,38,38,1.7000000000000013,False,,ccce171b7398db3725408771db14824b46fcb322f04d49c2198fce0e5923d374
L2RAR2_R19_CONF_01_886001__T11_transport_strong_phase_40ms_rgb_dropout,39,39,1.7400000000000013,False,,461c27bece73a6b8ca2061730876ad8982bda82cfcf2d91b6a407bd92a7bc7c7
L2RAR2_R19_CONF_01_886001__T11_transport_strong_phase_40ms_rgb_dropout,40,40,1.7500000000000013,False,,04c558b78ac8fc09438ed363f23f275d3882e97440c85fc1e2392cf9dd619672
L2RAR2_R19_CONF_01_886001__T11_transport_strong_phase_40ms_rgb_dropout,41,41,1.8000000000000014,False,,611fd50c5c1744b61f50eddba7080295a3cc8ca65615a1dd20cf8b0a94837845
L2RAR2_R19_CONF_01_886001__T11_transport_strong_phase_40ms_rgb_dropout,42,42,1.8500000000000014,False,,0de0c19be993f665ecad7c47b4f8bdc16a0ca9f30b259bf8a63a32fb72a9d5b0
L2RAR2_R19_CONF_01_886001__T11_transport_strong_phase_40ms_rgb_dropout,43,43,1.9000000000000015,False,,cc549bdbb22b32c787591883670a3c82ee34d0f08fd293247f02bff50bd5a19e
L2RAR2_R19_CONF_01_886001__T11_transport_strong_phase_40ms_rgb_dropout,44,44,1.9500000000000015,False,,6816302b38ffa95eb4208e5d6d80dfd96c5374618b221e6e210e0cd5167b5478
L2RAR2_R19_CONF_01_886001__T11_transport_strong_phase_40ms_rgb_dropout,45,45,2.0000000000000013,False,,09dd903abd76cb63a82dd457fac4b8282f7521bffa5707c20a163644edabce41
L2RAR2_R19_CONF_01_886001__T11_transport_strong_phase_40ms_rgb_dropout,46,46,2.0500000000000003,False,,9dcd8cf9a2397a1dee5c674358f0b27d1c9112d64866b5e93694cec0148fdf7c
L2RAR2_R19_CONF_01_886001__T11_transport_strong_phase_40ms_rgb_dropout,47,47,2.099999999999999,False,,6c1062ba7558e8a470a3776207dba1522827f9caef96fe4057c71bbbb37b5e41
L2RAR2_R19_CONF_01_886001__T11_transport_strong_phase_40ms_rgb_dropout,48,48,2.149999999999998,False,,a766a3b5aba6b9b0564d08de5231d76ed69676d5e838545c6aef94cd31250847
L2RAR2_R19_CONF_01_886001__T11_transport_strong_phase_40ms_rgb_dropout,49,49,2.199999999999997,False,,711215ed2415e517facccfbf7555a4b23c4bef936f15fa1ef4f8c88e59e13c90
L2RAR2_R19_CONF_01_886001__T11_transport_strong_phase_40ms_rgb_dropout,50,50,2.249999999999996,False,,3fa571fcca9622ecb437585c054b38cf3b2531ba5753b3350bbe353c8ba4daef
L2RAR2_R19_CONF_01_886001__T11_transport_strong_phase_40ms_rgb_dropout,51,51,2.299999999999995,False,,06c40f2e0fc9cf2bf8e43fc36e68ffc23a87e608c935f55cbc7741915ced8f5e
L2RAR2_R19_CONF_01_886001__T11_transport_strong_phase_40ms_rgb_dropout,52,52,2.349999999999994,False,,af9405cbcd0de3bf5dd528af502865ad1ce228cea4486203ac83f4e1ce24e41a
L2RAR2_R19_CONF_01_886001__T11_transport_strong_phase_40ms_rgb_dropout,53,53,2.399999999999993,False,,0b42128ff2bb3cd152659ce047f002dd7f0c586c76964696887e6d9633e8667f
L2RAR2_R19_CONF_01_886001__T11_transport_strong_phase_40ms_rgb_dropout,54,54,2.4499999999999917,False,,d6db1165acf80c2ecf5802e1bd1c2399a8a3604446f58c006fe7c96085b54b77
L2RAR2_R19_CONF_01_886001__T11_transport_strong_phase_40ms_rgb_dropout,55,55,2.4999999999999907,False,,ec2104fa985264b87aadd3c03b0424d6b1090cec60a897a5ef029e6432644734
L2RAR2_R19_CONF_01_886001__T11_transport_strong_phase_40ms_rgb_dropout,56,56,2.5499999999999896,False,,22ddab94b1a3fa0113f07c1f92426da6d7e958041a0085162a347822bfa22080
L2RAR2_R19_CONF_01_886001__T11_transport_strong_phase_40ms_rgb_dropout,57,57,2.5999999999999885,False,,25a65f510f390a806a4b0169f995ec9e8dd17938cb01a93c59425dcf568f06f8
L2RAR2_R19_CONF_01_886001__T11_transport_strong_phase_40ms_rgb_dropout,58,58,2.6499999999999875,False,,e3e9fca6b6bdc466fc28d554d200339d09e601104958c2b9146fe2351d8f5e13
L2RAR2_R19_CONF_01_886001__T11_transport_strong_phase_40ms_rgb_dropout,59,59,2.6999999999999864,False,,e57eafdd2f12432017020b9aff962ee667d1d58617b2137bf410482a3d58670e
L2RAR2_R19_CONF_01_886001__T11_transport_strong_phase_40ms_rgb_dropout,60,60,2.7399999999999856,False,,5c1cfb6f36b557e18f409576630b640eeca43ccbdb1b19e36a32ef2f5c079058
L2RAR2_R19_CONF_01_886001__T12_transport_commanded_release,0,0,0.0,False,,fc959477790af517b30e3ee4e987548d8c512233686eb1e7311d676e49d0ae77
L2RAR2_R19_CONF_01_886001__T12_transport_commanded_release,1,1,0.05,False,,b991cf689b617aabad9b25c3f54f005a4036aee33cb13a267c03ea362f6756c6
L2RAR2_R19_CONF_01_886001__T12_transport_commanded_release,2,2,0.09999999999999999,False,,9595b19ffdb7bf62728f666b26537668d5104d1951262c2228e8f794498a798b
L2RAR2_R19_CONF_01_886001__T12_transport_commanded_release,3,3,0.15,False,,4bdb6a4036df3a36a8271c8d7372dffc2d0245f235c41df86dcc5f1941bdfa19
L2RAR2_R19_CONF_01_886001__T12_transport_commanded_release,4,4,0.20000000000000004,False,,1593ff5efb8887495eee40421d63ab4559a823352284b84f1d87e23a21c84c83
L2RAR2_R19_CONF_01_886001__T12_transport_commanded_release,5,5,0.20000000000000004,False,,1593ff5efb8887495eee40421d63ab4559a823352284b84f1d87e23a21c84c83
L2RAR2_R19_CONF_01_886001__T12_transport_commanded_release,6,6,0.25000000000000006,False,,0a80756e83e8470c3430df1bf33ecb7ca4f3c4b22edf498c4e7d0952ccac0609
L2RAR2_R19_CONF_01_886001__T12_transport_commanded_release,7,7,0.3000000000000001,False,,c04e1183b843f53f8c49cec5b9fc271ac387c1952e42404bb7770a14d6d00dfa
L2RAR2_R19_CONF_01_886001__T12_transport_commanded_release,8,8,0.3000000000000001,False,,c04e1183b843f53f8c49cec5b9fc271ac387c1952e42404bb7770a14d6d00dfa
L2RAR2_R19_CONF_01_886001__T12_transport_commanded_release,9,9,0.35000000000000014,False,,90db5245fa10d117121c3954a5332be2ac32b6167e178328af389ec7c504dd1b
L2RAR2_R19_CONF_01_886001__T12_transport_commanded_release,10,10,0.4000000000000002,False,,8aac84be431275e61be354a202913b85315ecf922182515e25d2ee0a29c01ea3
L2RAR2_R19_CONF_01_886001__T12_transport_commanded_release,11,11,0.45000000000000023,False,,8ab8261950d54a17cce2627619a5dc83fa2bfa51613f1dc4f0fb39b31414154f
L2RAR2_R19_CONF_01_886001__T12_transport_commanded_release,12,12,0.5000000000000002,False,,c0e16f232994d00df2b79a4c645206729ef9ce43b4732897b1ff4defb1d46f48
L2RAR2_R19_CONF_01_886001__T12_transport_commanded_release,13,13,0.5000000000000002,False,,c0e16f232994d00df2b79a4c645206729ef9ce43b4732897b1ff4defb1d46f48
L2RAR2_R19_CONF_01_886001__T12_transport_commanded_release,14,14,0.5500000000000003,False,,a8f74c89116de90ef6cac1f84ba83e4b5c45c3ff6e1f73a87f1ee5c2e5817ca6
L2RAR2_R19_CONF_01_886001__T12_transport_commanded_release,15,15,0.6000000000000003,False,,0a2d8f282a653b5a3aea0cacb78415f72650519ee45f34bdeebc8c1f23f5f640
L2RAR2_R19_CONF_01_886001__T12_transport_commanded_release,16,16,0.6500000000000004,False,,c6121d458cd48daba8148c0776e03179771298140e80cb70fb2f919664791241
L2RAR2_R19_CONF_01_886001__T12_transport_commanded_release,17,17,0.7000000000000004,False,,8aa62b5a7993c51d0dd40c3686d8921595effcf98a8578657e1d9058b8dab621
L2RAR2_R19_CONF_01_886001__T12_transport_commanded_release,18,18,0.7500000000000004,False,,14ab2406d7031fbc4fc44cb2d6dbe3193e6d65b236674c8cd7f1555beb418bfd
L2RAR2_R19_CONF_01_886001__T12_transport_commanded_release,19,19,0.8000000000000005,False,,e677ec0e4e9fccf4f255318f421abd9fd653210ca417963180ec0156d911ed5b
L2RAR2_R19_CONF_01_886001__T12_transport_commanded_release,20,20,0.8500000000000005,False,,611a1b57b247cc009307448d2e35acb71d70702533f77bcc8b1e8e22526ebc88
L2RAR2_R19_CONF_01_886001__T12_transport_commanded_release,21,21,0.9000000000000006,False,,720ae180c605bc98c8ef7dfac950cfc5b47c0b864908d8e07ff384ecc4b06c74
L2RAR2_R19_CONF_01_886001__T12_transport_commanded_release,22,22,0.9500000000000006,False,,4155503951c6e518f7f1e532394b06278135aac5dd371df52018053983d0c238
L2RAR2_R19_CONF_01_886001__T12_transport_commanded_release,23,23,1.0000000000000007,False,,1a4b82e7b21b6bc82d29a746ecb3ce9dfcdeba8259168e1d845fda4ecdb6a306
L2RAR2_R19_CONF_01_886001__T12_transport_commanded_release,24,24,1.0500000000000007,False,,97ce74bc8133bc302bb82522cf76a192846282a0e1ffc99f1ec82bb07ffbbb76
L2RAR2_R19_CONF_01_886001__T12_transport_commanded_release,25,25,1.1000000000000008,False,,9e50c7dbbec6f7ef9a78250b626856ff0123dbf0c51fbd1775c1bcf91aec25fe
L2RAR2_R19_CONF_01_886001__T12_transport_commanded_release,26,26,1.1500000000000008,False,,9f7ef59b9785755fc1d9c6ecc3cd1a236675be0a759e292363175d4d0857664f
L2RAR2_R19_CONF_01_886001__T12_transport_commanded_release,27,27,1.2000000000000008,False,,a631f74e7d8b990f5e9973a1d3a9631ec879042f683751e8c23a10767da828dd
L2RAR2_R19_CONF_01_886001__T12_transport_commanded_release,28,28,1.2500000000000009,False,,f39a4e719fdee784090924e5c229f9847dc28418f513a2547752150693f620ba
L2RAR2_R19_CONF_01_886001__T12_transport_commanded_release,29,29,1.300000000000001,False,,c10f9a08882bc8d26a9cf14c716d040f004146312cff905025dacd3997d34d43
L2RAR2_R19_CONF_01_886001__T12_transport_commanded_release,30,30,1.350000000000001,False,,b6f8553dbe626de19161378c35142d98e3518748535c323ad05b0e9ea16eef5e
L2RAR2_R19_CONF_01_886001__T12_transport_commanded_release,31,31,1.400000000000001,False,,5cb5f210b3eb8ec58ada32a18f54fb56827205db412cb23be5ef2cd36980083a
L2RAR2_R19_CONF_01_886001__T12_transport_commanded_release,32,32,1.450000000000001,False,,eb3c5ca2c48f95b276b00e91b02e0f076e7f5c8c83b52ddf43a9168ea6c6c998
L2RAR2_R19_CONF_01_886001__T12_transport_commanded_release,33,33,1.500000000000001,False,,29c0653f95f34664a8478c5201e2cc99dc614143027ff443da01179317d7d03f
L2RAR2_R19_CONF_01_886001__T12_transport_commanded_release,34,34,1.5500000000000012,False,,ec8d1e11d38be38ef23d95812ab0664f7254fad34dfd9c014c40fb9ef9379573
L2RAR2_R19_CONF_01_886001__T12_transport_commanded_release,35,35,1.6000000000000012,False,,d6669e6783e0d29092edfc38c33123dc3528610d59b27208191007b3f34ffb61
L2RAR2_R19_CONF_01_886001__T12_transport_commanded_release,36,36,1.6500000000000012,False,,576c5a38dd4454f732384bc72ae02d772bb927373e355299a6aa2ccf1d60fc0a
L2RAR2_R19_CONF_01_886001__T12_transport_commanded_release,37,37,1.7000000000000013,False,,ab32973386e95f3156c03128d5ee9905d9631d912f70f9e0ae24f0e712c04050
L2RAR2_R19_CONF_01_886001__T12_transport_commanded_release,38,38,1.7500000000000013,False,,68bfb719b8d7940d680c5992bef9c958f39cd81446328d97753971cf53496631
L2RAR2_R19_CONF_01_886001__T12_transport_commanded_release,39,39,1.8000000000000014,False,,71072900ed6c1c7b24c280551495adc1e1c762b45b1da2e653f23ae0ddfbbda3
L2RAR2_R19_CONF_01_886001__T12_transport_commanded_release,40,40,1.8200000000000014,False,,77daf9091bf7dbdcb3d87b0812fb6c970677639048aeaa963550e4b56a091d12
L2RAR2_R19_CONF_01_886001__T12_transport_commanded_release,41,41,1.8500000000000014,False,,42d03a4ffa8cd4964f63c83947f8e4f251720a912974598e1fb18cb31afaf592
L2RAR2_R19_CONF_01_886001__T12_transport_commanded_release,42,42,1.9000000000000015,False,,beed955bf7bbff7f9907aa9110cae9ad98843d1f8b1dc6c60bd34c6bfa50f28a
L2RAR2_R19_CONF_01_886001__T12_transport_commanded_release,43,43,1.9500000000000015,False,,23045e020990f685ef0786ff145ccc22b1a4c8d307ec55f791b21f627bf72b91
L2RAR2_R19_CONF_01_886001__T12_transport_commanded_release,44,44,2.0000000000000013,False,,a9dfa5efe8866c8a642915e1b0792880e6c660305b419f7b8f352874a9699268
L2RAR2_R19_CONF_01_886001__T12_transport_commanded_release,45,45,2.020000000000001,False,,14837f00c4eac11420fda8971fb176ee799c3d2d8b19ca6f3f1d1c46491e2fe1
L2RAR2_R19_CONF_01_886001__T12_transport_commanded_release,46,46,2.0500000000000003,False,,40fecda9338b231ca45e20dc03d4612c62ba7cf24b502d13263fabe19d42a2d7
L2RAR2_R19_CONF_01_886001__T12_transport_commanded_release,47,47,2.099999999999999,False,,dec7d700a29fe7f046c2643fe0e506c8e54f4089e93ccacc3350b49d38989226
L2RAR2_R19_CONF_01_886001__T12_transport_commanded_release,48,48,2.149999999999998,False,,b8b161c34430d3d8213e5b2cda757cf8aefcb25e061b2418694ea20b618eb640
L2RAR2_R19_CONF_01_886001__T12_transport_commanded_release,49,49,2.199999999999997,False,,b3e0a0c868c06217eb75c57a33fac180934cafff491e1cba25a7fe782280015f
L2RAR2_R19_CONF_01_886001__T12_transport_commanded_release,50,50,2.249999999999996,False,,dcbde8c51ec73cbe0f860c709568f6d2f5c80d4c6972041adf257f524181018b
L2RAR2_R19_CONF_01_886001__T12_transport_commanded_release,51,51,2.299999999999995,False,,00339c621b1fd01fafebd6401955c2033d669b237e0924332658807a42b7e2d7
L2RAR2_R19_CONF_01_886001__T12_transport_commanded_release,52,52,2.349999999999994,False,,b780a12b55f07987ca1c1143b53a90b707d1d4e67e4a685267b7e21d3935e384
L2RAR2_R19_CONF_01_886001__T12_transport_commanded_release,53,53,2.399999999999993,False,,516a94dac7ef6c152de452d9e81c2e3edf5ad65a59485cb68c5341666e68da9b
L2RAR2_R19_CONF_01_886001__T12_transport_commanded_release,54,54,2.4499999999999917,False,,e3bd91372bcc6e157f47e6bef923372c45ca9263acd0779b714c825856646771
L2RAR2_R19_CONF_01_886001__T12_transport_commanded_release,55,55,2.4999999999999907,False,,e3bd91372bcc6e157f47e6bef923372c45ca9263acd0779b714c825856646771
L2RAR2_R19_CONF_01_886001__T12_transport_commanded_release,56,56,2.5499999999999896,False,,e3bd91372bcc6e157f47e6bef923372c45ca9263acd0779b714c825856646771
L2RAR2_R19_CONF_01_886001__T12_transport_commanded_release,57,57,2.5999999999999885,False,,18ac409caefb5037e515e405b6bbc633ccd0f2f2ca990e03204f67c256f83fab
L2RAR2_R19_CONF_01_886001__T12_transport_commanded_release,58,58,2.6499999999999875,False,,3bf894ef41d075fe9142c137dcbc9accb7fdb776da7c8c597aafadb5216c3c86
L2RAR2_R19_CONF_01_886001__T12_transport_commanded_release,59,59,2.6999999999999864,False,,9294936b49645d28c21d78cfc4edc7d39fe3ca46f11fe9caf066bb1d806ee351
L2RAR2_R19_CONF_01_886001__T12_transport_commanded_release,60,60,2.7499999999999853,False,,f596e39eb61df23b344e8b4fe6a1ca3672b7f7cbaa1607f600b6d09c1b4f795f
L2RAR2_R19_CONF_01_886001__T12_transport_commanded_release,61,61,2.7999999999999843,False,,367ac6e26c3ec23503cafdba6dfaeab89861049c6f2efc9fe0ba4b672afef476
L2RAR2_R19_CONF_01_886001__T12_transport_commanded_release,62,62,2.849999999999983,False,,f56d536af49a23d86429f1b91807a7e007c1e53b96d8bfd2b58ee8418aeb92a5
L2RAR2_R19_CONF_01_886001__T12_transport_commanded_release,63,63,2.899999999999982,False,,caaa46cfc28a31f9fa81d5c8b13a4c1675c873af585b3e6b496aa01f661e59e4
L2RAR2_R19_CONF_01_886001__T12_transport_commanded_release,64,64,2.949999999999981,False,,c90e0b59c13e8b3107d5630554490d8d28b730e3285bf229b0dae7532ef5c542
L2RAR2_R19_CONF_01_886001__T12_transport_commanded_release,65,65,2.99999999999998,False,,caaa46cfc28a31f9fa81d5c8b13a4c1675c873af585b3e6b496aa01f661e59e4
L2RAR2_R19_CONF_01_886001__T12_transport_commanded_release,66,66,3.0199999999999796,False,,caaa46cfc28a31f9fa81d5c8b13a4c1675c873af585b3e6b496aa01f661e59e4
L2RAR2_R19_CONF_01_886001__T1_transport_stable_clean,0,0,0.0,False,,fc959477790af517b30e3ee4e987548d8c512233686eb1e7311d676e49d0ae77
L2RAR2_R19_CONF_01_886001__T1_transport_stable_clean,1,1,0.05,False,,b991cf689b617aabad9b25c3f54f005a4036aee33cb13a267c03ea362f6756c6
L2RAR2_R19_CONF_01_886001__T1_transport_stable_clean,2,2,0.09999999999999999,False,,9595b19ffdb7bf62728f666b26537668d5104d1951262c2228e8f794498a798b
L2RAR2_R19_CONF_01_886001__T1_transport_stable_clean,3,3,0.15,False,,4bdb6a4036df3a36a8271c8d7372dffc2d0245f235c41df86dcc5f1941bdfa19
L2RAR2_R19_CONF_01_886001__T1_transport_stable_clean,4,4,0.20000000000000004,False,,1593ff5efb8887495eee40421d63ab4559a823352284b84f1d87e23a21c84c83
L2RAR2_R19_CONF_01_886001__T1_transport_stable_clean,5,5,0.20000000000000004,False,,1593ff5efb8887495eee40421d63ab4559a823352284b84f1d87e23a21c84c83
L2RAR2_R19_CONF_01_886001__T1_transport_stable_clean,6,6,0.25000000000000006,False,,0a80756e83e8470c3430df1bf33ecb7ca4f3c4b22edf498c4e7d0952ccac0609
L2RAR2_R19_CONF_01_886001__T1_transport_stable_clean,7,7,0.3000000000000001,False,,c04e1183b843f53f8c49cec5b9fc271ac387c1952e42404bb7770a14d6d00dfa
L2RAR2_R19_CONF_01_886001__T1_transport_stable_clean,8,8,0.3000000000000001,False,,c04e1183b843f53f8c49cec5b9fc271ac387c1952e42404bb7770a14d6d00dfa
L2RAR2_R19_CONF_01_886001__T1_transport_stable_clean,9,9,0.35000000000000014,False,,90db5245fa10d117121c3954a5332be2ac32b6167e178328af389ec7c504dd1b
L2RAR2_R19_CONF_01_886001__T1_transport_stable_clean,10,10,0.4000000000000002,False,,8aac84be431275e61be354a202913b85315ecf922182515e25d2ee0a29c01ea3
L2RAR2_R19_CONF_01_886001__T1_transport_stable_clean,11,11,0.45000000000000023,False,,8ab8261950d54a17cce2627619a5dc83fa2bfa51613f1dc4f0fb39b31414154f
L2RAR2_R19_CONF_01_886001__T1_transport_stable_clean,12,12,0.5000000000000002,False,,c0e16f232994d00df2b79a4c645206729ef9ce43b4732897b1ff4defb1d46f48
L2RAR2_R19_CONF_01_886001__T1_transport_stable_clean,13,13,0.5000000000000002,False,,c0e16f232994d00df2b79a4c645206729ef9ce43b4732897b1ff4defb1d46f48
L2RAR2_R19_CONF_01_886001__T1_transport_stable_clean,14,14,0.5500000000000003,False,,a8f74c89116de90ef6cac1f84ba83e4b5c45c3ff6e1f73a87f1ee5c2e5817ca6
L2RAR2_R19_CONF_01_886001__T1_transport_stable_clean,15,15,0.6000000000000003,False,,0a2d8f282a653b5a3aea0cacb78415f72650519ee45f34bdeebc8c1f23f5f640
L2RAR2_R19_CONF_01_886001__T1_transport_stable_clean,16,16,0.6500000000000004,False,,c6121d458cd48daba8148c0776e03179771298140e80cb70fb2f919664791241
L2RAR2_R19_CONF_01_886001__T1_transport_stable_clean,17,17,0.7000000000000004,False,,8aa62b5a7993c51d0dd40c3686d8921595effcf98a8578657e1d9058b8dab621
L2RAR2_R19_CONF_01_886001__T1_transport_stable_clean,18,18,0.7500000000000004,False,,14ab2406d7031fbc4fc44cb2d6dbe3193e6d65b236674c8cd7f1555beb418bfd
L2RAR2_R19_CONF_01_886001__T1_transport_stable_clean,19,19,0.8000000000000005,False,,e677ec0e4e9fccf4f255318f421abd9fd653210ca417963180ec0156d911ed5b
L2RAR2_R19_CONF_01_886001__T1_transport_stable_clean,20,20,0.8500000000000005,False,,611a1b57b247cc009307448d2e35acb71d70702533f77bcc8b1e8e22526ebc88
L2RAR2_R19_CONF_01_886001__T1_transport_stable_clean,21,21,0.9000000000000006,False,,720ae180c605bc98c8ef7dfac950cfc5b47c0b864908d8e07ff384ecc4b06c74
L2RAR2_R19_CONF_01_886001__T1_transport_stable_clean,22,22,0.9500000000000006,False,,4155503951c6e518f7f1e532394b06278135aac5dd371df52018053983d0c238
L2RAR2_R19_CONF_01_886001__T1_transport_stable_clean,23,23,1.0000000000000007,False,,1a4b82e7b21b6bc82d29a746ecb3ce9dfcdeba8259168e1d845fda4ecdb6a306
L2RAR2_R19_CONF_01_886001__T1_transport_stable_clean,24,24,1.0500000000000007,False,,97ce74bc8133bc302bb82522cf76a192846282a0e1ffc99f1ec82bb07ffbbb76
L2RAR2_R19_CONF_01_886001__T1_transport_stable_clean,25,25,1.1000000000000008,False,,9e50c7dbbec6f7ef9a78250b626856ff0123dbf0c51fbd1775c1bcf91aec25fe
L2RAR2_R19_CONF_01_886001__T1_transport_stable_clean,26,26,1.1500000000000008,False,,9f7ef59b9785755fc1d9c6ecc3cd1a236675be0a759e292363175d4d0857664f
L2RAR2_R19_CONF_01_886001__T1_transport_stable_clean,27,27,1.2000000000000008,False,,a631f74e7d8b990f5e9973a1d3a9631ec879042f683751e8c23a10767da828dd
L2RAR2_R19_CONF_01_886001__T1_transport_stable_clean,28,28,1.2500000000000009,False,,f39a4e719fdee784090924e5c229f9847dc28418f513a2547752150693f620ba
L2RAR2_R19_CONF_01_886001__T1_transport_stable_clean,29,29,1.300000000000001,False,,c10f9a08882bc8d26a9cf14c716d040f004146312cff905025dacd3997d34d43
L2RAR2_R19_CONF_01_886001__T1_transport_stable_clean,30,30,1.350000000000001,False,,d57168dae4cd9b28de32be11a21361f6a6512faf09c2732e5781813fcce28bc1
L2RAR2_R19_CONF_01_886001__T1_transport_stable_clean,31,31,1.400000000000001,False,,b3a77de496a6d6ee2f3a368277a4042aeb1300c2be85910e14cbf11fd1fd5c1c
L2RAR2_R19_CONF_01_886001__T1_transport_stable_clean,32,32,1.450000000000001,False,,f9ae43c8016b381c7da8ca0a269420d4379cce9dec2b1d6ee7a478fe686ab5eb
L2RAR2_R19_CONF_01_886001__T1_transport_stable_clean,33,33,1.500000000000001,False,,fcc54543318788f833d55528eee01ccc2d65cef8b985808426c2f2fa95945306
L2RAR2_R19_CONF_01_886001__T1_transport_stable_clean,34,34,1.500000000000001,False,,fcc54543318788f833d55528eee01ccc2d65cef8b985808426c2f2fa95945306
L2RAR2_R19_CONF_01_886001__T1_transport_stable_clean,35,35,1.5500000000000012,False,,44e2509676ef778e9281773289d1c4e3fcc8f7b16fa6b0bfcb2cb92db8a5cfb9
L2RAR2_R19_CONF_01_886001__T1_transport_stable_clean,36,36,1.6000000000000012,False,,fa3fc8fec41fd28206c451d45564c37d6798e5ec1b90cf623f522fb1e76c87e5
L2RAR2_R19_CONF_01_886001__T1_transport_stable_clean,37,37,1.6500000000000012,False,,d094ff9a13d45db2a44afe7c0b0a65708c575232e38fb6eb8a5830def3252c03
L2RAR2_R19_CONF_01_886001__T1_transport_stable_clean,38,38,1.7000000000000013,False,,61ddfdb2ae4ca19e00fb2f1369c813ea0bd2c145e26afd1acd72e41dc136d663
L2RAR2_R19_CONF_01_886001__T1_transport_stable_clean,39,39,1.7500000000000013,False,,20f3262e756f2a4fc368644bdc6c9040cd3cf85b9b8e4cb3b2dd30db70faacd6
L2RAR2_R19_CONF_01_886001__T1_transport_stable_clean,40,40,1.8000000000000014,False,,05b7c41d8285342897069b586ce25fdb6970e9a575baa4f2c15a36b82a10a09f
L2RAR2_R19_CONF_01_886001__T1_transport_stable_clean,41,41,1.8500000000000014,False,,36e063148a4cb974a3b9a0c260375a0eeea6e44c85fb01eb1804a74e1ebcd085
L2RAR2_R19_CONF_01_886001__T1_transport_stable_clean,42,42,1.9000000000000015,False,,ba008cbf986a7038018a2f6833821150101a61a5a3e3c343e783fac411d95afc
L2RAR2_R19_CONF_01_886001__T1_transport_stable_clean,43,43,1.9500000000000015,False,,ba008cbf986a7038018a2f6833821150101a61a5a3e3c343e783fac411d95afc
L2RAR2_R19_CONF_01_886001__T1_transport_stable_clean,44,44,2.0000000000000013,False,,ba008cbf986a7038018a2f6833821150101a61a5a3e3c343e783fac411d95afc
L2RAR2_R19_CONF_01_886001__T1_transport_stable_clean,45,45,2.0500000000000003,False,,42e9fa64e56344a5788f6d9fafcd64a3f6254f7e49e01ccb2879c163c35523b6
L2RAR2_R19_CONF_01_886001__T1_transport_stable_clean,46,46,2.099999999999999,False,,9ffc25446d30c255bf0dd9b8de2b6ae1664091807e343c6f5ad25ebb34bdcb24
L2RAR2_R19_CONF_01_886001__T1_transport_stable_clean,47,47,2.149999999999998,False,,55e909365a93b3b6004da5394b407d10bf1776b99461699ab8bf4a1421275268
L2RAR2_R19_CONF_01_886001__T1_transport_stable_clean,48,48,2.199999999999997,False,,f234c065ade3a318641a5937cfafcf35a9c507db68fdada0af8e6de9e51b99b2
L2RAR2_R19_CONF_01_886001__T1_transport_stable_clean,49,49,2.249999999999996,False,,0e1e92f03f1a1191d948d37a71015ed5ddd163a165e6bf8169bc9438ccb48947
L2RAR2_R19_CONF_01_886001__T1_transport_stable_clean,50,50,2.299999999999995,False,,f2bf0269557a76e39322bf8a3f0010653c25dd2eb3c8e8389f78a4365e9eaca6
L2RAR2_R19_CONF_01_886001__T1_transport_stable_clean,51,51,2.349999999999994,False,,00571f8081d5fbeabd28b7caefc69216e6155df28c658f437a55b68eca72523a
L2RAR2_R19_CONF_01_886001__T1_transport_stable_clean,52,52,2.399999999999993,False,,0abbf69eada92efa78d4160b797bb4749f85b47caa809bef88f1f864e8735e43
L2RAR2_R19_CONF_01_886001__T1_transport_stable_clean,53,53,2.4499999999999917,False,,e4354183d8701cec16264b797c06f9d046dc4a01b32911e1ef0b7fa082ed16fd
L2RAR2_R19_CONF_01_886001__T1_transport_stable_clean,54,54,2.4999999999999907,False,,55e909365a93b3b6004da5394b407d10bf1776b99461699ab8bf4a1421275268
L2RAR2_R19_CONF_01_886001__T1_transport_stable_clean,55,55,2.4999999999999907,False,,55e909365a93b3b6004da5394b407d10bf1776b99461699ab8bf4a1421275268
L2RAR2_R19_CONF_01_886001__T2_transport_camera_jitter,0,0,0.0,False,,fc959477790af517b30e3ee4e987548d8c512233686eb1e7311d676e49d0ae77
L2RAR2_R19_CONF_01_886001__T2_transport_camera_jitter,1,1,0.05,False,,b991cf689b617aabad9b25c3f54f005a4036aee33cb13a267c03ea362f6756c6
L2RAR2_R19_CONF_01_886001__T2_transport_camera_jitter,2,2,0.09999999999999999,False,,9595b19ffdb7bf62728f666b26537668d5104d1951262c2228e8f794498a798b
L2RAR2_R19_CONF_01_886001__T2_transport_camera_jitter,3,3,0.15,False,,4bdb6a4036df3a36a8271c8d7372dffc2d0245f235c41df86dcc5f1941bdfa19
L2RAR2_R19_CONF_01_886001__T2_transport_camera_jitter,4,4,0.20000000000000004,False,,1593ff5efb8887495eee40421d63ab4559a823352284b84f1d87e23a21c84c83
L2RAR2_R19_CONF_01_886001__T2_transport_camera_jitter,5,5,0.20000000000000004,False,,1593ff5efb8887495eee40421d63ab4559a823352284b84f1d87e23a21c84c83
L2RAR2_R19_CONF_01_886001__T2_transport_camera_jitter,6,6,0.25000000000000006,False,,0a80756e83e8470c3430df1bf33ecb7ca4f3c4b22edf498c4e7d0952ccac0609
L2RAR2_R19_CONF_01_886001__T2_transport_camera_jitter,7,7,0.3000000000000001,False,,c04e1183b843f53f8c49cec5b9fc271ac387c1952e42404bb7770a14d6d00dfa
L2RAR2_R19_CONF_01_886001__T2_transport_camera_jitter,8,8,0.3000000000000001,False,,c04e1183b843f53f8c49cec5b9fc271ac387c1952e42404bb7770a14d6d00dfa
L2RAR2_R19_CONF_01_886001__T2_transport_camera_jitter,9,9,0.35000000000000014,False,,90db5245fa10d117121c3954a5332be2ac32b6167e178328af389ec7c504dd1b
L2RAR2_R19_CONF_01_886001__T2_transport_camera_jitter,10,10,0.4000000000000002,False,,8aac84be431275e61be354a202913b85315ecf922182515e25d2ee0a29c01ea3
L2RAR2_R19_CONF_01_886001__T2_transport_camera_jitter,11,11,0.45000000000000023,False,,8ab8261950d54a17cce2627619a5dc83fa2bfa51613f1dc4f0fb39b31414154f
L2RAR2_R19_CONF_01_886001__T2_transport_camera_jitter,12,12,0.5000000000000002,False,,c0e16f232994d00df2b79a4c645206729ef9ce43b4732897b1ff4defb1d46f48
L2RAR2_R19_CONF_01_886001__T2_transport_camera_jitter,13,13,0.5000000000000002,False,,c0e16f232994d00df2b79a4c645206729ef9ce43b4732897b1ff4defb1d46f48
L2RAR2_R19_CONF_01_886001__T2_transport_camera_jitter,14,14,0.5500000000000003,False,,a8f74c89116de90ef6cac1f84ba83e4b5c45c3ff6e1f73a87f1ee5c2e5817ca6
L2RAR2_R19_CONF_01_886001__T2_transport_camera_jitter,15,15,0.6000000000000003,False,,0a2d8f282a653b5a3aea0cacb78415f72650519ee45f34bdeebc8c1f23f5f640
L2RAR2_R19_CONF_01_886001__T2_transport_camera_jitter,16,16,0.6500000000000004,False,,c6121d458cd48daba8148c0776e03179771298140e80cb70fb2f919664791241
L2RAR2_R19_CONF_01_886001__T2_transport_camera_jitter,17,17,0.7000000000000004,False,,8aa62b5a7993c51d0dd40c3686d8921595effcf98a8578657e1d9058b8dab621
L2RAR2_R19_CONF_01_886001__T2_transport_camera_jitter,18,18,0.7500000000000004,False,,14ab2406d7031fbc4fc44cb2d6dbe3193e6d65b236674c8cd7f1555beb418bfd
L2RAR2_R19_CONF_01_886001__T2_transport_camera_jitter,19,19,0.8000000000000005,False,,e677ec0e4e9fccf4f255318f421abd9fd653210ca417963180ec0156d911ed5b
L2RAR2_R19_CONF_01_886001__T2_transport_camera_jitter,20,20,0.8500000000000005,False,,611a1b57b247cc009307448d2e35acb71d70702533f77bcc8b1e8e22526ebc88
L2RAR2_R19_CONF_01_886001__T2_transport_camera_jitter,21,21,0.9000000000000006,False,,720ae180c605bc98c8ef7dfac950cfc5b47c0b864908d8e07ff384ecc4b06c74
L2RAR2_R19_CONF_01_886001__T2_transport_camera_jitter,22,22,0.9500000000000006,False,,4155503951c6e518f7f1e532394b06278135aac5dd371df52018053983d0c238
L2RAR2_R19_CONF_01_886001__T2_transport_camera_jitter,23,23,1.0000000000000007,False,,1a4b82e7b21b6bc82d29a746ecb3ce9dfcdeba8259168e1d845fda4ecdb6a306
L2RAR2_R19_CONF_01_886001__T2_transport_camera_jitter,24,24,1.0500000000000007,False,,97ce74bc8133bc302bb82522cf76a192846282a0e1ffc99f1ec82bb07ffbbb76
L2RAR2_R19_CONF_01_886001__T2_transport_camera_jitter,25,25,1.1000000000000008,False,,9e50c7dbbec6f7ef9a78250b626856ff0123dbf0c51fbd1775c1bcf91aec25fe
L2RAR2_R19_CONF_01_886001__T2_transport_camera_jitter,26,26,1.1500000000000008,False,,9f7ef59b9785755fc1d9c6ecc3cd1a236675be0a759e292363175d4d0857664f
L2RAR2_R19_CONF_01_886001__T2_transport_camera_jitter,27,27,1.2000000000000008,False,,b5074a2f6cdb016bf72ae56ce1e7e5bd78ad21992968d943748b3cbdad650af2
L2RAR2_R19_CONF_01_886001__T2_transport_camera_jitter,28,28,1.2500000000000009,False,,916c72e7045ffea988c2cf529592e56e5003c4416f03911a4faaa788e58b59d1
L2RAR2_R19_CONF_01_886001__T2_transport_camera_jitter,29,29,1.300000000000001,False,,947257080120f56eaebd9e86339c5b8e2675cb6463f26a1268111c7ee71cd6e3
L2RAR2_R19_CONF_01_886001__T2_transport_camera_jitter,30,30,1.350000000000001,False,,d57168dae4cd9b28de32be11a21361f6a6512faf09c2732e5781813fcce28bc1
L2RAR2_R19_CONF_01_886001__T2_transport_camera_jitter,31,31,1.400000000000001,False,,d10696ddccf437bee643cb0fa805505ce4e1ca5a04a28a1c15fd0f94dacb3ecd
L2RAR2_R19_CONF_01_886001__T2_transport_camera_jitter,32,32,1.450000000000001,False,,dc576d3795ccc44245be39301d4d307e3afe8de7fb04258917c9f04a5ec1b843
L2RAR2_R19_CONF_01_886001__T2_transport_camera_jitter,33,33,1.500000000000001,False,,b2878c611735521f2f972c8c8b21d027aedd0d84af3c70cf69c6aec06a8256f6
L2RAR2_R19_CONF_01_886001__T2_transport_camera_jitter,34,34,1.500000000000001,False,,b2878c611735521f2f972c8c8b21d027aedd0d84af3c70cf69c6aec06a8256f6
L2RAR2_R19_CONF_01_886001__T2_transport_camera_jitter,35,35,1.5500000000000012,False,,44e2509676ef778e9281773289d1c4e3fcc8f7b16fa6b0bfcb2cb92db8a5cfb9
L2RAR2_R19_CONF_01_886001__T2_transport_camera_jitter,36,36,1.6000000000000012,False,,30d39bd43a0637991544690a5051c0b19026f29368418241b05952cc48b52fa9
L2RAR2_R19_CONF_01_886001__T2_transport_camera_jitter,37,37,1.6500000000000012,False,,0e701d850c759e177004151d3adfacc8acf8e5ae635cb7103c7d1bba29284a0a
L2RAR2_R19_CONF_01_886001__T2_transport_camera_jitter,38,38,1.7000000000000013,False,,81793fd7fe094db047e4685ed799c2bda1fb785f825a6e8622c7decb607f23fe
L2RAR2_R19_CONF_01_886001__T2_transport_camera_jitter,39,39,1.7500000000000013,False,,20f3262e756f2a4fc368644bdc6c9040cd3cf85b9b8e4cb3b2dd30db70faacd6
L2RAR2_R19_CONF_01_886001__T2_transport_camera_jitter,40,40,1.8000000000000014,False,,080ba4b2635ff078290803ad80b6e351306fbcc9159f0fb8135ce25464ea1856
L2RAR2_R19_CONF_01_886001__T2_transport_camera_jitter,41,41,1.8500000000000014,False,,3506d3fd3fc515c7c73907f28d7783f53d8bc61036a8eede674a7e6ca42ef5a5
L2RAR2_R19_CONF_01_886001__T2_transport_camera_jitter,42,42,1.9000000000000015,False,,556add1c55d290c0f5815f6ae3c790ee1ccd17d62312b5d66b8fc0db7a1068d5
L2RAR2_R19_CONF_01_886001__T2_transport_camera_jitter,43,43,1.9500000000000015,False,,ba008cbf986a7038018a2f6833821150101a61a5a3e3c343e783fac411d95afc
L2RAR2_R19_CONF_01_886001__T2_transport_camera_jitter,44,44,2.0000000000000013,False,,f83b6e0e981d07462191c292bae53bd7fee1315653765c0a6b3eb3c91486cc67
L2RAR2_R19_CONF_01_886001__T2_transport_camera_jitter,45,45,2.0500000000000003,False,,d49eb70beca4476228af6d97f742edf8698752c0cde4a2dc19fef1b3d304a06e
L2RAR2_R19_CONF_01_886001__T2_transport_camera_jitter,46,46,2.099999999999999,False,,2e937d8b9837280fdecc2bd6318a932dc88bf29643a369bdc10f4ada433c7b5f
L2RAR2_R19_CONF_01_886001__T2_transport_camera_jitter,47,47,2.149999999999998,False,,55e909365a93b3b6004da5394b407d10bf1776b99461699ab8bf4a1421275268
L2RAR2_R19_CONF_01_886001__T2_transport_camera_jitter,48,48,2.199999999999997,False,,556add1c55d290c0f5815f6ae3c790ee1ccd17d62312b5d66b8fc0db7a1068d5
L2RAR2_R19_CONF_01_886001__T2_transport_camera_jitter,49,49,2.249999999999996,False,,cc3aca0720f508a74d370e6d42413af6ef3060ae6dca2161cee282c4123bf318
L2RAR2_R19_CONF_01_886001__T2_transport_camera_jitter,50,50,2.299999999999995,False,,52e8214ffd695916ef446289cf5c4998b0ef1ac71ede18a4b3c2547c83614477
L2RAR2_R19_CONF_01_886001__T2_transport_camera_jitter,51,51,2.349999999999994,False,,00571f8081d5fbeabd28b7caefc69216e6155df28c658f437a55b68eca72523a
L2RAR2_R19_CONF_01_886001__T2_transport_camera_jitter,52,52,2.399999999999993,False,,94d272c58eed6e446ec27dcf3776f83135206364a3f23da2c1347e661e05bc62
L2RAR2_R19_CONF_01_886001__T2_transport_camera_jitter,53,53,2.4499999999999917,False,,1269323761a63c70d9a26024b7269e1396c8f23962ad3ce14f163b4b9e5b95d4
L2RAR2_R19_CONF_01_886001__T2_transport_camera_jitter,54,54,2.4999999999999907,False,,e0711f5c84a4298ed1bfbab968b106d7dfaab7c061d23dbf330cbec4a46674a4
L2RAR2_R19_CONF_01_886001__T2_transport_camera_jitter,55,55,2.4999999999999907,False,,e0711f5c84a4298ed1bfbab968b106d7dfaab7c061d23dbf330cbec4a46674a4
L2RAR2_R19_CONF_01_886001__T3_transport_single_contact_proxy_dropout,0,0,0.0,False,,fc959477790af517b30e3ee4e987548d8c512233686eb1e7311d676e49d0ae77
L2RAR2_R19_CONF_01_886001__T3_transport_single_contact_proxy_dropout,1,1,0.05,False,,b991cf689b617aabad9b25c3f54f005a4036aee33cb13a267c03ea362f6756c6
L2RAR2_R19_CONF_01_886001__T3_transport_single_contact_proxy_dropout,2,2,0.09999999999999999,False,,9595b19ffdb7bf62728f666b26537668d5104d1951262c2228e8f794498a798b
L2RAR2_R19_CONF_01_886001__T3_transport_single_contact_proxy_dropout,3,3,0.15,False,,4bdb6a4036df3a36a8271c8d7372dffc2d0245f235c41df86dcc5f1941bdfa19
L2RAR2_R19_CONF_01_886001__T3_transport_single_contact_proxy_dropout,4,4,0.20000000000000004,False,,1593ff5efb8887495eee40421d63ab4559a823352284b84f1d87e23a21c84c83
L2RAR2_R19_CONF_01_886001__T3_transport_single_contact_proxy_dropout,5,5,0.20000000000000004,False,,1593ff5efb8887495eee40421d63ab4559a823352284b84f1d87e23a21c84c83
L2RAR2_R19_CONF_01_886001__T3_transport_single_contact_proxy_dropout,6,6,0.25000000000000006,False,,0a80756e83e8470c3430df1bf33ecb7ca4f3c4b22edf498c4e7d0952ccac0609
L2RAR2_R19_CONF_01_886001__T3_transport_single_contact_proxy_dropout,7,7,0.3000000000000001,False,,c04e1183b843f53f8c49cec5b9fc271ac387c1952e42404bb7770a14d6d00dfa
L2RAR2_R19_CONF_01_886001__T3_transport_single_contact_proxy_dropout,8,8,0.3000000000000001,False,,c04e1183b843f53f8c49cec5b9fc271ac387c1952e42404bb7770a14d6d00dfa
L2RAR2_R19_CONF_01_886001__T3_transport_single_contact_proxy_dropout,9,9,0.35000000000000014,False,,90db5245fa10d117121c3954a5332be2ac32b6167e178328af389ec7c504dd1b
L2RAR2_R19_CONF_01_886001__T3_transport_single_contact_proxy_dropout,10,10,0.4000000000000002,False,,8aac84be431275e61be354a202913b85315ecf922182515e25d2ee0a29c01ea3
L2RAR2_R19_CONF_01_886001__T3_transport_single_contact_proxy_dropout,11,11,0.45000000000000023,False,,8ab8261950d54a17cce2627619a5dc83fa2bfa51613f1dc4f0fb39b31414154f
L2RAR2_R19_CONF_01_886001__T3_transport_single_contact_proxy_dropout,12,12,0.5000000000000002,False,,c0e16f232994d00df2b79a4c645206729ef9ce43b4732897b1ff4defb1d46f48
L2RAR2_R19_CONF_01_886001__T3_transport_single_contact_proxy_dropout,13,13,0.5000000000000002,False,,c0e16f232994d00df2b79a4c645206729ef9ce43b4732897b1ff4defb1d46f48
L2RAR2_R19_CONF_01_886001__T3_transport_single_contact_proxy_dropout,14,14,0.5500000000000003,False,,a8f74c89116de90ef6cac1f84ba83e4b5c45c3ff6e1f73a87f1ee5c2e5817ca6
L2RAR2_R19_CONF_01_886001__T3_transport_single_contact_proxy_dropout,15,15,0.6000000000000003,False,,0a2d8f282a653b5a3aea0cacb78415f72650519ee45f34bdeebc8c1f23f5f640
L2RAR2_R19_CONF_01_886001__T3_transport_single_contact_proxy_dropout,16,16,0.6500000000000004,False,,c6121d458cd48daba8148c0776e03179771298140e80cb70fb2f919664791241
L2RAR2_R19_CONF_01_886001__T3_transport_single_contact_proxy_dropout,17,17,0.7000000000000004,False,,8aa62b5a7993c51d0dd40c3686d8921595effcf98a8578657e1d9058b8dab621
L2RAR2_R19_CONF_01_886001__T3_transport_single_contact_proxy_dropout,18,18,0.7500000000000004,False,,14ab2406d7031fbc4fc44cb2d6dbe3193e6d65b236674c8cd7f1555beb418bfd
L2RAR2_R19_CONF_01_886001__T3_transport_single_contact_proxy_dropout,19,19,0.8000000000000005,False,,e677ec0e4e9fccf4f255318f421abd9fd653210ca417963180ec0156d911ed5b
L2RAR2_R19_CONF_01_886001__T3_transport_single_contact_proxy_dropout,20,20,0.8500000000000005,False,,611a1b57b247cc009307448d2e35acb71d70702533f77bcc8b1e8e22526ebc88
L2RAR2_R19_CONF_01_886001__T3_transport_single_contact_proxy_dropout,21,21,0.9000000000000006,False,,720ae180c605bc98c8ef7dfac950cfc5b47c0b864908d8e07ff384ecc4b06c74
L2RAR2_R19_CONF_01_886001__T3_transport_single_contact_proxy_dropout,22,22,0.9500000000000006,False,,4155503951c6e518f7f1e532394b06278135aac5dd371df52018053983d0c238
L2RAR2_R19_CONF_01_886001__T3_transport_single_contact_proxy_dropout,23,23,1.0000000000000007,False,,1a4b82e7b21b6bc82d29a746ecb3ce9dfcdeba8259168e1d845fda4ecdb6a306
L2RAR2_R19_CONF_01_886001__T3_transport_single_contact_proxy_dropout,24,24,1.0500000000000007,False,,97ce74bc8133bc302bb82522cf76a192846282a0e1ffc99f1ec82bb07ffbbb76
L2RAR2_R19_CONF_01_886001__T3_transport_single_contact_proxy_dropout,25,25,1.1000000000000008,False,,9e50c7dbbec6f7ef9a78250b626856ff0123dbf0c51fbd1775c1bcf91aec25fe
L2RAR2_R19_CONF_01_886001__T3_transport_single_contact_proxy_dropout,26,26,1.1500000000000008,False,,9f7ef59b9785755fc1d9c6ecc3cd1a236675be0a759e292363175d4d0857664f
L2RAR2_R19_CONF_01_886001__T3_transport_single_contact_proxy_dropout,27,27,1.2000000000000008,False,,a631f74e7d8b990f5e9973a1d3a9631ec879042f683751e8c23a10767da828dd
L2RAR2_R19_CONF_01_886001__T3_transport_single_contact_proxy_dropout,28,28,1.2500000000000009,False,,f39a4e719fdee784090924e5c229f9847dc28418f513a2547752150693f620ba
L2RAR2_R19_CONF_01_886001__T3_transport_single_contact_proxy_dropout,29,29,1.300000000000001,False,T3_SINGLE_FALSE,c10f9a08882bc8d26a9cf14c716d040f004146312cff905025dacd3997d34d43
L2RAR2_R19_CONF_01_886001__T3_transport_single_contact_proxy_dropout,30,30,1.350000000000001,False,,d57168dae4cd9b28de32be11a21361f6a6512faf09c2732e5781813fcce28bc1
L2RAR2_R19_CONF_01_886001__T3_transport_single_contact_proxy_dropout,31,31,1.400000000000001,False,,b3a77de496a6d6ee2f3a368277a4042aeb1300c2be85910e14cbf11fd1fd5c1c
L2RAR2_R19_CONF_01_886001__T3_transport_single_contact_proxy_dropout,32,32,1.450000000000001,False,,f9ae43c8016b381c7da8ca0a269420d4379cce9dec2b1d6ee7a478fe686ab5eb
L2RAR2_R19_CONF_01_886001__T3_transport_single_contact_proxy_dropout,33,33,1.500000000000001,False,,fcc54543318788f833d55528eee01ccc2d65cef8b985808426c2f2fa95945306
L2RAR2_R19_CONF_01_886001__T3_transport_single_contact_proxy_dropout,34,34,1.500000000000001,False,,fcc54543318788f833d55528eee01ccc2d65cef8b985808426c2f2fa95945306
L2RAR2_R19_CONF_01_886001__T3_transport_single_contact_proxy_dropout,35,35,1.5500000000000012,False,,44e2509676ef778e9281773289d1c4e3fcc8f7b16fa6b0bfcb2cb92db8a5cfb9
L2RAR2_R19_CONF_01_886001__T3_transport_single_contact_proxy_dropout,36,36,1.6000000000000012,False,,fa3fc8fec41fd28206c451d45564c37d6798e5ec1b90cf623f522fb1e76c87e5
L2RAR2_R19_CONF_01_886001__T3_transport_single_contact_proxy_dropout,37,37,1.6500000000000012,False,,d094ff9a13d45db2a44afe7c0b0a65708c575232e38fb6eb8a5830def3252c03
L2RAR2_R19_CONF_01_886001__T3_transport_single_contact_proxy_dropout,38,38,1.7000000000000013,False,,61ddfdb2ae4ca19e00fb2f1369c813ea0bd2c145e26afd1acd72e41dc136d663
L2RAR2_R19_CONF_01_886001__T3_transport_single_contact_proxy_dropout,39,39,1.7500000000000013,False,,20f3262e756f2a4fc368644bdc6c9040cd3cf85b9b8e4cb3b2dd30db70faacd6
L2RAR2_R19_CONF_01_886001__T3_transport_single_contact_proxy_dropout,40,40,1.8000000000000014,False,,05b7c41d8285342897069b586ce25fdb6970e9a575baa4f2c15a36b82a10a09f
L2RAR2_R19_CONF_01_886001__T3_transport_single_contact_proxy_dropout,41,41,1.8500000000000014,False,,36e063148a4cb974a3b9a0c260375a0eeea6e44c85fb01eb1804a74e1ebcd085
L2RAR2_R19_CONF_01_886001__T3_transport_single_contact_proxy_dropout,42,42,1.9000000000000015,False,,ba008cbf986a7038018a2f6833821150101a61a5a3e3c343e783fac411d95afc
L2RAR2_R19_CONF_01_886001__T3_transport_single_contact_proxy_dropout,43,43,1.9500000000000015,False,,ba008cbf986a7038018a2f6833821150101a61a5a3e3c343e783fac411d95afc
L2RAR2_R19_CONF_01_886001__T3_transport_single_contact_proxy_dropout,44,44,2.0000000000000013,False,,ba008cbf986a7038018a2f6833821150101a61a5a3e3c343e783fac411d95afc
L2RAR2_R19_CONF_01_886001__T3_transport_single_contact_proxy_dropout,45,45,2.0500000000000003,False,,42e9fa64e56344a5788f6d9fafcd64a3f6254f7e49e01ccb2879c163c35523b6
L2RAR2_R19_CONF_01_886001__T3_transport_single_contact_proxy_dropout,46,46,2.099999999999999,False,,9ffc25446d30c255bf0dd9b8de2b6ae1664091807e343c6f5ad25ebb34bdcb24
L2RAR2_R19_CONF_01_886001__T3_transport_single_contact_proxy_dropout,47,47,2.149999999999998,False,,55e909365a93b3b6004da5394b407d10bf1776b99461699ab8bf4a1421275268
L2RAR2_R19_CONF_01_886001__T3_transport_single_contact_proxy_dropout,48,48,2.199999999999997,False,,f234c065ade3a318641a5937cfafcf35a9c507db68fdada0af8e6de9e51b99b2
L2RAR2_R19_CONF_01_886001__T3_transport_single_contact_proxy_dropout,49,49,2.249999999999996,False,,0e1e92f03f1a1191d948d37a71015ed5ddd163a165e6bf8169bc9438ccb48947
L2RAR2_R19_CONF_01_886001__T3_transport_single_contact_proxy_dropout,50,50,2.299999999999995,False,,f2bf0269557a76e39322bf8a3f0010653c25dd2eb3c8e8389f78a4365e9eaca6
L2RAR2_R19_CONF_01_886001__T3_transport_single_contact_proxy_dropout,51,51,2.349999999999994,False,,00571f8081d5fbeabd28b7caefc69216e6155df28c658f437a55b68eca72523a
L2RAR2_R19_CONF_01_886001__T3_transport_single_contact_proxy_dropout,52,52,2.399999999999993,False,,0abbf69eada92efa78d4160b797bb4749f85b47caa809bef88f1f864e8735e43
L2RAR2_R19_CONF_01_886001__T3_transport_single_contact_proxy_dropout,53,53,2.4499999999999917,False,,e4354183d8701cec16264b797c06f9d046dc4a01b32911e1ef0b7fa082ed16fd
L2RAR2_R19_CONF_01_886001__T3_transport_single_contact_proxy_dropout,54,54,2.4999999999999907,False,,55e909365a93b3b6004da5394b407d10bf1776b99461699ab8bf4a1421275268
L2RAR2_R19_CONF_01_886001__T3_transport_single_contact_proxy_dropout,55,55,2.4999999999999907,False,,55e909365a93b3b6004da5394b407d10bf1776b99461699ab8bf4a1421275268
L2RAR2_R19_CONF_01_886001__T4_transport_same_time_contact_false_then_true,0,0,0.0,False,,fc959477790af517b30e3ee4e987548d8c512233686eb1e7311d676e49d0ae77
L2RAR2_R19_CONF_01_886001__T4_transport_same_time_contact_false_then_true,1,1,0.05,False,,b991cf689b617aabad9b25c3f54f005a4036aee33cb13a267c03ea362f6756c6
L2RAR2_R19_CONF_01_886001__T4_transport_same_time_contact_false_then_true,2,2,0.09999999999999999,False,,9595b19ffdb7bf62728f666b26537668d5104d1951262c2228e8f794498a798b
L2RAR2_R19_CONF_01_886001__T4_transport_same_time_contact_false_then_true,3,3,0.15,False,,4bdb6a4036df3a36a8271c8d7372dffc2d0245f235c41df86dcc5f1941bdfa19
L2RAR2_R19_CONF_01_886001__T4_transport_same_time_contact_false_then_true,4,4,0.20000000000000004,False,,1593ff5efb8887495eee40421d63ab4559a823352284b84f1d87e23a21c84c83
L2RAR2_R19_CONF_01_886001__T4_transport_same_time_contact_false_then_true,5,5,0.20000000000000004,False,,1593ff5efb8887495eee40421d63ab4559a823352284b84f1d87e23a21c84c83
L2RAR2_R19_CONF_01_886001__T4_transport_same_time_contact_false_then_true,6,6,0.25000000000000006,False,,0a80756e83e8470c3430df1bf33ecb7ca4f3c4b22edf498c4e7d0952ccac0609
L2RAR2_R19_CONF_01_886001__T4_transport_same_time_contact_false_then_true,7,7,0.3000000000000001,False,,c04e1183b843f53f8c49cec5b9fc271ac387c1952e42404bb7770a14d6d00dfa
L2RAR2_R19_CONF_01_886001__T4_transport_same_time_contact_false_then_true,8,8,0.3000000000000001,False,,c04e1183b843f53f8c49cec5b9fc271ac387c1952e42404bb7770a14d6d00dfa
L2RAR2_R19_CONF_01_886001__T4_transport_same_time_contact_false_then_true,9,9,0.35000000000000014,False,,90db5245fa10d117121c3954a5332be2ac32b6167e178328af389ec7c504dd1b
L2RAR2_R19_CONF_01_886001__T4_transport_same_time_contact_false_then_true,10,10,0.4000000000000002,False,,8aac84be431275e61be354a202913b85315ecf922182515e25d2ee0a29c01ea3
L2RAR2_R19_CONF_01_886001__T4_transport_same_time_contact_false_then_true,11,11,0.45000000000000023,False,,8ab8261950d54a17cce2627619a5dc83fa2bfa51613f1dc4f0fb39b31414154f
L2RAR2_R19_CONF_01_886001__T4_transport_same_time_contact_false_then_true,12,12,0.5000000000000002,False,,c0e16f232994d00df2b79a4c645206729ef9ce43b4732897b1ff4defb1d46f48
L2RAR2_R19_CONF_01_886001__T4_transport_same_time_contact_false_then_true,13,13,0.5000000000000002,False,,c0e16f232994d00df2b79a4c645206729ef9ce43b4732897b1ff4defb1d46f48
L2RAR2_R19_CONF_01_886001__T4_transport_same_time_contact_false_then_true,14,14,0.5500000000000003,False,,a8f74c89116de90ef6cac1f84ba83e4b5c45c3ff6e1f73a87f1ee5c2e5817ca6
L2RAR2_R19_CONF_01_886001__T4_transport_same_time_contact_false_then_true,15,15,0.6000000000000003,False,,0a2d8f282a653b5a3aea0cacb78415f72650519ee45f34bdeebc8c1f23f5f640
L2RAR2_R19_CONF_01_886001__T4_transport_same_time_contact_false_then_true,16,16,0.6500000000000004,False,,c6121d458cd48daba8148c0776e03179771298140e80cb70fb2f919664791241
L2RAR2_R19_CONF_01_886001__T4_transport_same_time_contact_false_then_true,17,17,0.7000000000000004,False,,8aa62b5a7993c51d0dd40c3686d8921595effcf98a8578657e1d9058b8dab621
L2RAR2_R19_CONF_01_886001__T4_transport_same_time_contact_false_then_true,18,18,0.7500000000000004,False,,14ab2406d7031fbc4fc44cb2d6dbe3193e6d65b236674c8cd7f1555beb418bfd
L2RAR2_R19_CONF_01_886001__T4_transport_same_time_contact_false_then_true,19,19,0.8000000000000005,False,,e677ec0e4e9fccf4f255318f421abd9fd653210ca417963180ec0156d911ed5b
L2RAR2_R19_CONF_01_886001__T4_transport_same_time_contact_false_then_true,20,20,0.8500000000000005,False,,611a1b57b247cc009307448d2e35acb71d70702533f77bcc8b1e8e22526ebc88
L2RAR2_R19_CONF_01_886001__T4_transport_same_time_contact_false_then_true,21,21,0.9000000000000006,False,,720ae180c605bc98c8ef7dfac950cfc5b47c0b864908d8e07ff384ecc4b06c74
L2RAR2_R19_CONF_01_886001__T4_transport_same_time_contact_false_then_true,22,22,0.9500000000000006,False,,4155503951c6e518f7f1e532394b06278135aac5dd371df52018053983d0c238
L2RAR2_R19_CONF_01_886001__T4_transport_same_time_contact_false_then_true,23,23,1.0000000000000007,False,,1a4b82e7b21b6bc82d29a746ecb3ce9dfcdeba8259168e1d845fda4ecdb6a306
L2RAR2_R19_CONF_01_886001__T4_transport_same_time_contact_false_then_true,24,24,1.0500000000000007,False,,97ce74bc8133bc302bb82522cf76a192846282a0e1ffc99f1ec82bb07ffbbb76
L2RAR2_R19_CONF_01_886001__T4_transport_same_time_contact_false_then_true,25,25,1.1000000000000008,False,,9e50c7dbbec6f7ef9a78250b626856ff0123dbf0c51fbd1775c1bcf91aec25fe
L2RAR2_R19_CONF_01_886001__T4_transport_same_time_contact_false_then_true,26,26,1.1500000000000008,False,,9f7ef59b9785755fc1d9c6ecc3cd1a236675be0a759e292363175d4d0857664f
L2RAR2_R19_CONF_01_886001__T4_transport_same_time_contact_false_then_true,27,27,1.2000000000000008,False,,a631f74e7d8b990f5e9973a1d3a9631ec879042f683751e8c23a10767da828dd
L2RAR2_R19_CONF_01_886001__T4_transport_same_time_contact_false_then_true,28,28,1.2500000000000009,False,,f39a4e719fdee784090924e5c229f9847dc28418f513a2547752150693f620ba
L2RAR2_R19_CONF_01_886001__T4_transport_same_time_contact_false_then_true,29,29,1.300000000000001,False,T4_FALSE_A,c10f9a08882bc8d26a9cf14c716d040f004146312cff905025dacd3997d34d43
L2RAR2_R19_CONF_01_886001__T4_transport_same_time_contact_false_then_true,29,30,1.300000000000001,True,T4_TRUE_B,c10f9a08882bc8d26a9cf14c716d040f004146312cff905025dacd3997d34d43
L2RAR2_R19_CONF_01_886001__T4_transport_same_time_contact_false_then_true,30,31,1.350000000000001,False,,d57168dae4cd9b28de32be11a21361f6a6512faf09c2732e5781813fcce28bc1
L2RAR2_R19_CONF_01_886001__T4_transport_same_time_contact_false_then_true,31,32,1.400000000000001,False,,b3a77de496a6d6ee2f3a368277a4042aeb1300c2be85910e14cbf11fd1fd5c1c
L2RAR2_R19_CONF_01_886001__T4_transport_same_time_contact_false_then_true,32,33,1.450000000000001,False,,f9ae43c8016b381c7da8ca0a269420d4379cce9dec2b1d6ee7a478fe686ab5eb
L2RAR2_R19_CONF_01_886001__T4_transport_same_time_contact_false_then_true,33,34,1.500000000000001,False,,fcc54543318788f833d55528eee01ccc2d65cef8b985808426c2f2fa95945306
L2RAR2_R19_CONF_01_886001__T4_transport_same_time_contact_false_then_true,34,35,1.500000000000001,False,,fcc54543318788f833d55528eee01ccc2d65cef8b985808426c2f2fa95945306
L2RAR2_R19_CONF_01_886001__T4_transport_same_time_contact_false_then_true,35,36,1.5500000000000012,False,,44e2509676ef778e9281773289d1c4e3fcc8f7b16fa6b0bfcb2cb92db8a5cfb9
L2RAR2_R19_CONF_01_886001__T4_transport_same_time_contact_false_then_true,36,37,1.6000000000000012,False,,fa3fc8fec41fd28206c451d45564c37d6798e5ec1b90cf623f522fb1e76c87e5
L2RAR2_R19_CONF_01_886001__T4_transport_same_time_contact_false_then_true,37,38,1.6500000000000012,False,,d094ff9a13d45db2a44afe7c0b0a65708c575232e38fb6eb8a5830def3252c03
L2RAR2_R19_CONF_01_886001__T4_transport_same_time_contact_false_then_true,38,39,1.7000000000000013,False,,61ddfdb2ae4ca19e00fb2f1369c813ea0bd2c145e26afd1acd72e41dc136d663
L2RAR2_R19_CONF_01_886001__T4_transport_same_time_contact_false_then_true,39,40,1.7500000000000013,False,,20f3262e756f2a4fc368644bdc6c9040cd3cf85b9b8e4cb3b2dd30db70faacd6
L2RAR2_R19_CONF_01_886001__T4_transport_same_time_contact_false_then_true,40,41,1.8000000000000014,False,,05b7c41d8285342897069b586ce25fdb6970e9a575baa4f2c15a36b82a10a09f
L2RAR2_R19_CONF_01_886001__T4_transport_same_time_contact_false_then_true,41,42,1.8500000000000014,False,,36e063148a4cb974a3b9a0c260375a0eeea6e44c85fb01eb1804a74e1ebcd085
L2RAR2_R19_CONF_01_886001__T4_transport_same_time_contact_false_then_true,42,43,1.9000000000000015,False,,ba008cbf986a7038018a2f6833821150101a61a5a3e3c343e783fac411d95afc
L2RAR2_R19_CONF_01_886001__T4_transport_same_time_contact_false_then_true,43,44,1.9500000000000015,False,,ba008cbf986a7038018a2f6833821150101a61a5a3e3c343e783fac411d95afc
L2RAR2_R19_CONF_01_886001__T4_transport_same_time_contact_false_then_true,44,45,2.0000000000000013,False,,ba008cbf986a7038018a2f6833821150101a61a5a3e3c343e783fac411d95afc
L2RAR2_R19_CONF_01_886001__T4_transport_same_time_contact_false_then_true,45,46,2.0500000000000003,False,,42e9fa64e56344a5788f6d9fafcd64a3f6254f7e49e01ccb2879c163c35523b6
L2RAR2_R19_CONF_01_886001__T4_transport_same_time_contact_false_then_true,46,47,2.099999999999999,False,,9ffc25446d30c255bf0dd9b8de2b6ae1664091807e343c6f5ad25ebb34bdcb24
L2RAR2_R19_CONF_01_886001__T4_transport_same_time_contact_false_then_true,47,48,2.149999999999998,False,,55e909365a93b3b6004da5394b407d10bf1776b99461699ab8bf4a1421275268
L2RAR2_R19_CONF_01_886001__T4_transport_same_time_contact_false_then_true,48,49,2.199999999999997,False,,f234c065ade3a318641a5937cfafcf35a9c507db68fdada0af8e6de9e51b99b2
L2RAR2_R19_CONF_01_886001__T4_transport_same_time_contact_false_then_true,49,50,2.249999999999996,False,,0e1e92f03f1a1191d948d37a71015ed5ddd163a165e6bf8169bc9438ccb48947
L2RAR2_R19_CONF_01_886001__T4_transport_same_time_contact_false_then_true,50,51,2.299999999999995,False,,f2bf0269557a76e39322bf8a3f0010653c25dd2eb3c8e8389f78a4365e9eaca6
L2RAR2_R19_CONF_01_886001__T4_transport_same_time_contact_false_then_true,51,52,2.349999999999994,False,,00571f8081d5fbeabd28b7caefc69216e6155df28c658f437a55b68eca72523a
L2RAR2_R19_CONF_01_886001__T4_transport_same_time_contact_false_then_true,52,53,2.399999999999993,False,,0abbf69eada92efa78d4160b797bb4749f85b47caa809bef88f1f864e8735e43
L2RAR2_R19_CONF_01_886001__T4_transport_same_time_contact_false_then_true,53,54,2.4499999999999917,False,,e4354183d8701cec16264b797c06f9d046dc4a01b32911e1ef0b7fa082ed16fd
L2RAR2_R19_CONF_01_886001__T4_transport_same_time_contact_false_then_true,54,55,2.4999999999999907,False,,55e909365a93b3b6004da5394b407d10bf1776b99461699ab8bf4a1421275268
L2RAR2_R19_CONF_01_886001__T4_transport_same_time_contact_false_then_true,55,56,2.4999999999999907,False,,55e909365a93b3b6004da5394b407d10bf1776b99461699ab8bf4a1421275268
L2RAR2_R19_CONF_01_886001__T5_transport_weak_outcome,0,0,0.0,False,,fc959477790af517b30e3ee4e987548d8c512233686eb1e7311d676e49d0ae77
L2RAR2_R19_CONF_01_886001__T5_transport_weak_outcome,1,1,0.05,False,,b991cf689b617aabad9b25c3f54f005a4036aee33cb13a267c03ea362f6756c6
L2RAR2_R19_CONF_01_886001__T5_transport_weak_outcome,2,2,0.09999999999999999,False,,9595b19ffdb7bf62728f666b26537668d5104d1951262c2228e8f794498a798b
L2RAR2_R19_CONF_01_886001__T5_transport_weak_outcome,3,3,0.15,False,,4bdb6a4036df3a36a8271c8d7372dffc2d0245f235c41df86dcc5f1941bdfa19
L2RAR2_R19_CONF_01_886001__T5_transport_weak_outcome,4,4,0.20000000000000004,False,,1593ff5efb8887495eee40421d63ab4559a823352284b84f1d87e23a21c84c83
L2RAR2_R19_CONF_01_886001__T5_transport_weak_outcome,5,5,0.20000000000000004,False,,1593ff5efb8887495eee40421d63ab4559a823352284b84f1d87e23a21c84c83
L2RAR2_R19_CONF_01_886001__T5_transport_weak_outcome,6,6,0.25000000000000006,False,,0a80756e83e8470c3430df1bf33ecb7ca4f3c4b22edf498c4e7d0952ccac0609
L2RAR2_R19_CONF_01_886001__T5_transport_weak_outcome,7,7,0.3000000000000001,False,,c04e1183b843f53f8c49cec5b9fc271ac387c1952e42404bb7770a14d6d00dfa
L2RAR2_R19_CONF_01_886001__T5_transport_weak_outcome,8,8,0.3000000000000001,False,,c04e1183b843f53f8c49cec5b9fc271ac387c1952e42404bb7770a14d6d00dfa
L2RAR2_R19_CONF_01_886001__T5_transport_weak_outcome,9,9,0.35000000000000014,False,,90db5245fa10d117121c3954a5332be2ac32b6167e178328af389ec7c504dd1b
L2RAR2_R19_CONF_01_886001__T5_transport_weak_outcome,10,10,0.4000000000000002,False,,8aac84be431275e61be354a202913b85315ecf922182515e25d2ee0a29c01ea3
L2RAR2_R19_CONF_01_886001__T5_transport_weak_outcome,11,11,0.45000000000000023,False,,8ab8261950d54a17cce2627619a5dc83fa2bfa51613f1dc4f0fb39b31414154f
L2RAR2_R19_CONF_01_886001__T5_transport_weak_outcome,12,12,0.5000000000000002,False,,c0e16f232994d00df2b79a4c645206729ef9ce43b4732897b1ff4defb1d46f48
L2RAR2_R19_CONF_01_886001__T5_transport_weak_outcome,13,13,0.5000000000000002,False,,c0e16f232994d00df2b79a4c645206729ef9ce43b4732897b1ff4defb1d46f48
L2RAR2_R19_CONF_01_886001__T5_transport_weak_outcome,14,14,0.5500000000000003,False,,a8f74c89116de90ef6cac1f84ba83e4b5c45c3ff6e1f73a87f1ee5c2e5817ca6
L2RAR2_R19_CONF_01_886001__T5_transport_weak_outcome,15,15,0.6000000000000003,False,,0a2d8f282a653b5a3aea0cacb78415f72650519ee45f34bdeebc8c1f23f5f640
L2RAR2_R19_CONF_01_886001__T5_transport_weak_outcome,16,16,0.6500000000000004,False,,c6121d458cd48daba8148c0776e03179771298140e80cb70fb2f919664791241
L2RAR2_R19_CONF_01_886001__T5_transport_weak_outcome,17,17,0.7000000000000004,False,,8aa62b5a7993c51d0dd40c3686d8921595effcf98a8578657e1d9058b8dab621
L2RAR2_R19_CONF_01_886001__T5_transport_weak_outcome,18,18,0.7500000000000004,False,,14ab2406d7031fbc4fc44cb2d6dbe3193e6d65b236674c8cd7f1555beb418bfd
L2RAR2_R19_CONF_01_886001__T5_transport_weak_outcome,19,19,0.8000000000000005,False,,e677ec0e4e9fccf4f255318f421abd9fd653210ca417963180ec0156d911ed5b
L2RAR2_R19_CONF_01_886001__T5_transport_weak_outcome,20,20,0.8500000000000005,False,,611a1b57b247cc009307448d2e35acb71d70702533f77bcc8b1e8e22526ebc88
L2RAR2_R19_CONF_01_886001__T5_transport_weak_outcome,21,21,0.9000000000000006,False,,720ae180c605bc98c8ef7dfac950cfc5b47c0b864908d8e07ff384ecc4b06c74
L2RAR2_R19_CONF_01_886001__T5_transport_weak_outcome,22,22,0.9500000000000006,False,,4155503951c6e518f7f1e532394b06278135aac5dd371df52018053983d0c238
L2RAR2_R19_CONF_01_886001__T5_transport_weak_outcome,23,23,1.0000000000000007,False,,1a4b82e7b21b6bc82d29a746ecb3ce9dfcdeba8259168e1d845fda4ecdb6a306
L2RAR2_R19_CONF_01_886001__T5_transport_weak_outcome,24,24,1.0500000000000007,False,,97ce74bc8133bc302bb82522cf76a192846282a0e1ffc99f1ec82bb07ffbbb76
L2RAR2_R19_CONF_01_886001__T5_transport_weak_outcome,25,25,1.1000000000000008,False,,9e50c7dbbec6f7ef9a78250b626856ff0123dbf0c51fbd1775c1bcf91aec25fe
L2RAR2_R19_CONF_01_886001__T5_transport_weak_outcome,26,26,1.1500000000000008,False,,9f7ef59b9785755fc1d9c6ecc3cd1a236675be0a759e292363175d4d0857664f
L2RAR2_R19_CONF_01_886001__T5_transport_weak_outcome,27,27,1.2000000000000008,False,,a631f74e7d8b990f5e9973a1d3a9631ec879042f683751e8c23a10767da828dd
L2RAR2_R19_CONF_01_886001__T5_transport_weak_outcome,28,28,1.2500000000000009,False,,f39a4e719fdee784090924e5c229f9847dc28418f513a2547752150693f620ba
L2RAR2_R19_CONF_01_886001__T5_transport_weak_outcome,29,29,1.300000000000001,False,,c10f9a08882bc8d26a9cf14c716d040f004146312cff905025dacd3997d34d43
L2RAR2_R19_CONF_01_886001__T5_transport_weak_outcome,30,30,1.350000000000001,False,,27c2df38209541c79781624ff67bba960dcbc0421afc73373faf057f73299821
L2RAR2_R19_CONF_01_886001__T5_transport_weak_outcome,31,31,1.400000000000001,False,,a9e023d1cb06138acefd8b9457dfde3289cc2c58d46493b17e87d9a2ab1bbbab
L2RAR2_R19_CONF_01_886001__T5_transport_weak_outcome,32,32,1.450000000000001,False,,945d0131543901a5fc2981692e6e6a5da75f241072577b85be67d07d1d56700d
L2RAR2_R19_CONF_01_886001__T5_transport_weak_outcome,33,33,1.500000000000001,False,,38a7ec3f182e39f8d6b14c4de81fbf835116b95bbffe0ea80c3df1923cbf5b8f
L2RAR2_R19_CONF_01_886001__T5_transport_weak_outcome,34,34,1.5200000000000011,False,,ba60fd4c550b6a8bf1c4f94716e08444ef4439d8c3e569acb07c3388a5a64dee
L2RAR2_R19_CONF_01_886001__T5_transport_weak_outcome,35,35,1.5500000000000012,False,,0b0d0e0a45a45cdf040cb7717aa721464b4e7c5df02992dddeb84d62a801d723
L2RAR2_R19_CONF_01_886001__T5_transport_weak_outcome,36,36,1.6000000000000012,False,,c1a0bec2b32568c512df8ce9ae73632cb3238bc9beba89b4a9b1197cb053040d
L2RAR2_R19_CONF_01_886001__T5_transport_weak_outcome,37,37,1.6500000000000012,False,,5106586d60a203292093ebac90f091e14a7bd7faaee5132400c811fe754e4a5f
L2RAR2_R19_CONF_01_886001__T5_transport_weak_outcome,38,38,1.7000000000000013,False,,c0e117e8c0a3ad740d5b1b53fe1ccc039b2bfba310ea79fca5c380b945efe867
L2RAR2_R19_CONF_01_886001__T5_transport_weak_outcome,39,39,1.7200000000000013,False,,c9a28abfc0ad911b6e6aacbc0c00b68ffa727bf9aa37a024720b7d0e719612cf
L2RAR2_R19_CONF_01_886001__T5_transport_weak_outcome,40,40,1.7500000000000013,False,,d22bbb7c688f14bab355c557470895cd0af9c0e57b293907d1d1ade20a00e977
L2RAR2_R19_CONF_01_886001__T5_transport_weak_outcome,41,41,1.8000000000000014,False,,6351e6dc4c7067bf1c839fbeacdda51b90e1903ca70e3c5fc4c3ed6a44b78f73
L2RAR2_R19_CONF_01_886001__T5_transport_weak_outcome,42,42,1.8500000000000014,False,,9f895510d29a6736d53c186c1fe2b62e958a3b368fc74a0c7687a701d369fd2a
L2RAR2_R19_CONF_01_886001__T5_transport_weak_outcome,43,43,1.9000000000000015,False,,4d10b5832759c1d1f9c426f5109126c95e02bb57425bb38004fea8ff0484394e
L2RAR2_R19_CONF_01_886001__T5_transport_weak_outcome,44,44,1.9500000000000015,False,,d55b594ec929d2fa51d6401db461b7eb388b841840e183e3fdf2db531bfe6f1f
L2RAR2_R19_CONF_01_886001__T5_transport_weak_outcome,45,45,2.0000000000000013,False,,1d9c34963405b18af116a8adc19cd8e1394c089a7fbb5e70fd9ecf878c95bc91
L2RAR2_R19_CONF_01_886001__T5_transport_weak_outcome,46,46,2.0500000000000003,False,,04a4610f31a9e43351c33a418a8c9dfdf32a0640b1ac2dea01b13e2d63181321
L2RAR2_R19_CONF_01_886001__T5_transport_weak_outcome,47,47,2.099999999999999,False,,aca54e0529819ad0d64b8fd13bdbb61c1a478fec29aaae4869eff9aea1d01c6a
L2RAR2_R19_CONF_01_886001__T5_transport_weak_outcome,48,48,2.149999999999998,False,,3e5221786bcf714ce2f9e5adada3b0a376bab454814af2619d11f75299aaeb8a
L2RAR2_R19_CONF_01_886001__T5_transport_weak_outcome,49,49,2.199999999999997,False,,a416334ff6f247d2bdb5390165baf4e09e49f4c46105a53589b7656edc93deac
L2RAR2_R19_CONF_01_886001__T5_transport_weak_outcome,50,50,2.249999999999996,False,,4498675eaaf3312a14bb074411a12e46742b311db57ea35a4f30e936f44e41ed
L2RAR2_R19_CONF_01_886001__T5_transport_weak_outcome,51,51,2.299999999999995,False,,dfe0724fd807475cdaa30117809c5988e51cf2d5535be7f744ca6c16b37efeb7
L2RAR2_R19_CONF_01_886001__T5_transport_weak_outcome,52,52,2.349999999999994,False,,a9e3bb0e733a5ec02781ca7b8bbed13e4b745efd774b5694b16f118e2d61b998
L2RAR2_R19_CONF_01_886001__T5_transport_weak_outcome,53,53,2.399999999999993,False,,42dca0ec9f80359dc45794b40ad40581187ca7302efc20c771d6f4a45c5f94b2
L2RAR2_R19_CONF_01_886001__T5_transport_weak_outcome,54,54,2.4499999999999917,False,,7c4ee085ef5ccd2ab0cdc94b799e7928753d66a22595389b3d496f2bb37145ac
L2RAR2_R19_CONF_01_886001__T5_transport_weak_outcome,55,55,2.4999999999999907,False,,47c50cacf68ee24de14969ec702d3a89649a0666173290fc5ecc428a1d5ad17f
L2RAR2_R19_CONF_01_886001__T5_transport_weak_outcome,56,56,2.5499999999999896,False,,34a58d5dc5cda7b9358f03c0a9ff943518dacf23dd92dd7ae7e561672855072c
L2RAR2_R19_CONF_01_886001__T5_transport_weak_outcome,57,57,2.5999999999999885,False,,24b4c44ca7450362d25d1865b40a288fcb808ba8b6bafc8324a8b84bf7ccee36
L2RAR2_R19_CONF_01_886001__T5_transport_weak_outcome,58,58,2.6499999999999875,False,,2fcdfcb92d16df70e2be0f074ed3b664df024e8964776493630da3854478ea0a
L2RAR2_R19_CONF_01_886001__T5_transport_weak_outcome,59,59,2.6999999999999864,False,,216a68e9503ff07b6262f472f9a630762ddd8a147514f2161a9e4a0b18025ebd
L2RAR2_R19_CONF_01_886001__T5_transport_weak_outcome,60,60,2.719999999999986,False,,19881558b7f2fc34dd550318b5fedda600584a350d7c4838e521e2ed62f2911f
L2RAR2_R19_CONF_01_886001__T6_transport_medium_outcome,0,0,0.0,False,,fc959477790af517b30e3ee4e987548d8c512233686eb1e7311d676e49d0ae77
L2RAR2_R19_CONF_01_886001__T6_transport_medium_outcome,1,1,0.05,False,,b991cf689b617aabad9b25c3f54f005a4036aee33cb13a267c03ea362f6756c6
L2RAR2_R19_CONF_01_886001__T6_transport_medium_outcome,2,2,0.09999999999999999,False,,9595b19ffdb7bf62728f666b26537668d5104d1951262c2228e8f794498a798b
L2RAR2_R19_CONF_01_886001__T6_transport_medium_outcome,3,3,0.15,False,,4bdb6a4036df3a36a8271c8d7372dffc2d0245f235c41df86dcc5f1941bdfa19
L2RAR2_R19_CONF_01_886001__T6_transport_medium_outcome,4,4,0.20000000000000004,False,,1593ff5efb8887495eee40421d63ab4559a823352284b84f1d87e23a21c84c83
L2RAR2_R19_CONF_01_886001__T6_transport_medium_outcome,5,5,0.20000000000000004,False,,1593ff5efb8887495eee40421d63ab4559a823352284b84f1d87e23a21c84c83
L2RAR2_R19_CONF_01_886001__T6_transport_medium_outcome,6,6,0.25000000000000006,False,,0a80756e83e8470c3430df1bf33ecb7ca4f3c4b22edf498c4e7d0952ccac0609
L2RAR2_R19_CONF_01_886001__T6_transport_medium_outcome,7,7,0.3000000000000001,False,,c04e1183b843f53f8c49cec5b9fc271ac387c1952e42404bb7770a14d6d00dfa
L2RAR2_R19_CONF_01_886001__T6_transport_medium_outcome,8,8,0.3000000000000001,False,,c04e1183b843f53f8c49cec5b9fc271ac387c1952e42404bb7770a14d6d00dfa
L2RAR2_R19_CONF_01_886001__T6_transport_medium_outcome,9,9,0.35000000000000014,False,,90db5245fa10d117121c3954a5332be2ac32b6167e178328af389ec7c504dd1b
L2RAR2_R19_CONF_01_886001__T6_transport_medium_outcome,10,10,0.4000000000000002,False,,8aac84be431275e61be354a202913b85315ecf922182515e25d2ee0a29c01ea3
L2RAR2_R19_CONF_01_886001__T6_transport_medium_outcome,11,11,0.45000000000000023,False,,8ab8261950d54a17cce2627619a5dc83fa2bfa51613f1dc4f0fb39b31414154f
L2RAR2_R19_CONF_01_886001__T6_transport_medium_outcome,12,12,0.5000000000000002,False,,c0e16f232994d00df2b79a4c645206729ef9ce43b4732897b1ff4defb1d46f48
L2RAR2_R19_CONF_01_886001__T6_transport_medium_outcome,13,13,0.5000000000000002,False,,c0e16f232994d00df2b79a4c645206729ef9ce43b4732897b1ff4defb1d46f48
L2RAR2_R19_CONF_01_886001__T6_transport_medium_outcome,14,14,0.5500000000000003,False,,a8f74c89116de90ef6cac1f84ba83e4b5c45c3ff6e1f73a87f1ee5c2e5817ca6
L2RAR2_R19_CONF_01_886001__T6_transport_medium_outcome,15,15,0.6000000000000003,False,,0a2d8f282a653b5a3aea0cacb78415f72650519ee45f34bdeebc8c1f23f5f640
L2RAR2_R19_CONF_01_886001__T6_transport_medium_outcome,16,16,0.6500000000000004,False,,c6121d458cd48daba8148c0776e03179771298140e80cb70fb2f919664791241
L2RAR2_R19_CONF_01_886001__T6_transport_medium_outcome,17,17,0.7000000000000004,False,,8aa62b5a7993c51d0dd40c3686d8921595effcf98a8578657e1d9058b8dab621
L2RAR2_R19_CONF_01_886001__T6_transport_medium_outcome,18,18,0.7500000000000004,False,,14ab2406d7031fbc4fc44cb2d6dbe3193e6d65b236674c8cd7f1555beb418bfd
L2RAR2_R19_CONF_01_886001__T6_transport_medium_outcome,19,19,0.8000000000000005,False,,e677ec0e4e9fccf4f255318f421abd9fd653210ca417963180ec0156d911ed5b
L2RAR2_R19_CONF_01_886001__T6_transport_medium_outcome,20,20,0.8500000000000005,False,,611a1b57b247cc009307448d2e35acb71d70702533f77bcc8b1e8e22526ebc88
L2RAR2_R19_CONF_01_886001__T6_transport_medium_outcome,21,21,0.9000000000000006,False,,720ae180c605bc98c8ef7dfac950cfc5b47c0b864908d8e07ff384ecc4b06c74
L2RAR2_R19_CONF_01_886001__T6_transport_medium_outcome,22,22,0.9500000000000006,False,,4155503951c6e518f7f1e532394b06278135aac5dd371df52018053983d0c238
L2RAR2_R19_CONF_01_886001__T6_transport_medium_outcome,23,23,1.0000000000000007,False,,1a4b82e7b21b6bc82d29a746ecb3ce9dfcdeba8259168e1d845fda4ecdb6a306
L2RAR2_R19_CONF_01_886001__T6_transport_medium_outcome,24,24,1.0500000000000007,False,,97ce74bc8133bc302bb82522cf76a192846282a0e1ffc99f1ec82bb07ffbbb76
L2RAR2_R19_CONF_01_886001__T6_transport_medium_outcome,25,25,1.1000000000000008,False,,9e50c7dbbec6f7ef9a78250b626856ff0123dbf0c51fbd1775c1bcf91aec25fe
L2RAR2_R19_CONF_01_886001__T6_transport_medium_outcome,26,26,1.1500000000000008,False,,9f7ef59b9785755fc1d9c6ecc3cd1a236675be0a759e292363175d4d0857664f
L2RAR2_R19_CONF_01_886001__T6_transport_medium_outcome,27,27,1.2000000000000008,False,,a631f74e7d8b990f5e9973a1d3a9631ec879042f683751e8c23a10767da828dd
L2RAR2_R19_CONF_01_886001__T6_transport_medium_outcome,28,28,1.2500000000000009,False,,f39a4e719fdee784090924e5c229f9847dc28418f513a2547752150693f620ba
L2RAR2_R19_CONF_01_886001__T6_transport_medium_outcome,29,29,1.300000000000001,False,,c10f9a08882bc8d26a9cf14c716d040f004146312cff905025dacd3997d34d43
L2RAR2_R19_CONF_01_886001__T6_transport_medium_outcome,30,30,1.350000000000001,False,,86c785e1ef2bbf9060a817f439e245762376f00f99a673fc90e041dcc45f23b2
L2RAR2_R19_CONF_01_886001__T6_transport_medium_outcome,31,31,1.400000000000001,False,,6a51b3bc1904f5b984a7859d17dfd4cedd6db50ab9a77bf0f57ee3ed1c56ca62
L2RAR2_R19_CONF_01_886001__T6_transport_medium_outcome,32,32,1.450000000000001,False,,082f05d0e5afd60e94e054a1eb545ae3f8084793590276273ba0161b525c3581
L2RAR2_R19_CONF_01_886001__T6_transport_medium_outcome,33,33,1.500000000000001,False,,123d30dd6a69e8ec39e8ace19a4296b63fd52760f4de05cd52bec2e22830fa5c
L2RAR2_R19_CONF_01_886001__T6_transport_medium_outcome,34,34,1.5200000000000011,False,,8911ba1528321b7be297f1451253e891f94181b1168ad1c8af5083180cbbaa05
L2RAR2_R19_CONF_01_886001__T6_transport_medium_outcome,35,35,1.5500000000000012,False,,8d77583f75fed9fee20f8e8c2266b0877c63dc0b56fdaca13dcb567820fdf62b
L2RAR2_R19_CONF_01_886001__T6_transport_medium_outcome,36,36,1.6000000000000012,False,,ba92040e1725d070d1e4a82594eca522f0b86641824b57f3468f35a5369654a1
L2RAR2_R19_CONF_01_886001__T6_transport_medium_outcome,37,37,1.6500000000000012,False,,647fe704f3c729b032706543ea94a85150ae49bc639eae2a8117bd5144ce21b1
L2RAR2_R19_CONF_01_886001__T6_transport_medium_outcome,38,38,1.7000000000000013,False,,1c7cbec6581e42ae78b25da611a4c7468083f577eef282a8ce7511a46e46afef
L2RAR2_R19_CONF_01_886001__T6_transport_medium_outcome,39,39,1.7200000000000013,False,,39713436e9fcb009328aed34cb1f7d7ed8fb292e6b008a4d1b32c28154c7ae06
L2RAR2_R19_CONF_01_886001__T6_transport_medium_outcome,40,40,1.7500000000000013,False,,1f4d0edcbd4dff0b161092789ed6b4ef7fe710b2af2913c975193f4173a4a9dc
L2RAR2_R19_CONF_01_886001__T6_transport_medium_outcome,41,41,1.8000000000000014,False,,7ab5ac0516e162ec870039a55421084b11887584bdb1027d97fe6aac989d8d75
L2RAR2_R19_CONF_01_886001__T6_transport_medium_outcome,42,42,1.8500000000000014,False,,d1c93aac877d0c63d4d16a43ae6ea02865f9de8713b678f260b2fa78110a47f8
L2RAR2_R19_CONF_01_886001__T6_transport_medium_outcome,43,43,1.9000000000000015,False,,7e3e6fcf4063301f41c2917fc4e498b6b40146cf85eef22c11cfd8f0df9952eb
L2RAR2_R19_CONF_01_886001__T6_transport_medium_outcome,44,44,1.9500000000000015,False,,1aa5111a08ddaf3023db0a1f28fa28a45317326506a3f501479bdf709d3f5897
L2RAR2_R19_CONF_01_886001__T6_transport_medium_outcome,45,45,2.0000000000000013,False,,9896d321512c426903b8e12fadcd46723c4540d3df07c14fe730a20ab5c2637b
L2RAR2_R19_CONF_01_886001__T6_transport_medium_outcome,46,46,2.0500000000000003,False,,52fbd0d5412bc0e3c6c132cc01bd5605c7d60b3712c496354d557e8b2bbd362a
L2RAR2_R19_CONF_01_886001__T6_transport_medium_outcome,47,47,2.099999999999999,False,,b49f7d3946a94aefff68aecd986f963645232a053b97b659c1d3f86d22e32fad
L2RAR2_R19_CONF_01_886001__T6_transport_medium_outcome,48,48,2.149999999999998,False,,b46673205bbe1b748740703e81c777eb4721c390d18e0920b67f9054da27bff6
L2RAR2_R19_CONF_01_886001__T6_transport_medium_outcome,49,49,2.199999999999997,False,,e3bd802f301921add17a52cb4784f1c20c79d7029907068d4530f1bb5e1f4629
L2RAR2_R19_CONF_01_886001__T6_transport_medium_outcome,50,50,2.249999999999996,False,,5704e64afffe6a3f813abf10d7c946e34f22171a902e4810ba8f99c984c5191d
L2RAR2_R19_CONF_01_886001__T6_transport_medium_outcome,51,51,2.299999999999995,False,,2bad95ff4349108b6bc9f323d36698b39ca280b621841fef1335bc9bced6c257
L2RAR2_R19_CONF_01_886001__T6_transport_medium_outcome,52,52,2.349999999999994,False,,45ff4a4b0b6d75018a63aeae8949eb94b044fb72d581e415e6f2edf75c479947
L2RAR2_R19_CONF_01_886001__T6_transport_medium_outcome,53,53,2.399999999999993,False,,e2bb04020dcf6821c31a982a1c990333b1044c3b268da38367b89da9c253dcef
L2RAR2_R19_CONF_01_886001__T6_transport_medium_outcome,54,54,2.4499999999999917,False,,5dab5f2f7cea5e7544a4274ba667d470da5e4027a291f3e334b8e4ccd3ee8806
L2RAR2_R19_CONF_01_886001__T6_transport_medium_outcome,55,55,2.4999999999999907,False,,3085d38f9f9c16d803bb35210245d5221c215bc611daf9572f67e6efa34bb8f8
L2RAR2_R19_CONF_01_886001__T6_transport_medium_outcome,56,56,2.5499999999999896,False,,b803792c652cb965a7b4a9e46ecdce7fb95369ac1a04e26ce4f48bbf15773d46
L2RAR2_R19_CONF_01_886001__T6_transport_medium_outcome,57,57,2.5999999999999885,False,,f9b483ef6bef5ce73a6a30d3802926d30568efa206b408ec019334f9ef38770e
L2RAR2_R19_CONF_01_886001__T6_transport_medium_outcome,58,58,2.6499999999999875,False,,401f53ea9bbd76f3e7d05961a731b5b8bb5d9c4c380649b92c189673038a7b10
L2RAR2_R19_CONF_01_886001__T6_transport_medium_outcome,59,59,2.6999999999999864,False,,785be5051066648a6438ec986d8461fd59e6200f9e288b09e06b2cfd8f204bdf
L2RAR2_R19_CONF_01_886001__T6_transport_medium_outcome,60,60,2.719999999999986,False,,a5c0677b12f3396d66c965520c02a7b9b8d51192f6f83236677c60faf155f9c8
L2RAR2_R19_CONF_01_886001__T7_transport_strong_phase_00ms,0,0,0.0,False,,fc959477790af517b30e3ee4e987548d8c512233686eb1e7311d676e49d0ae77
L2RAR2_R19_CONF_01_886001__T7_transport_strong_phase_00ms,1,1,0.05,False,,b991cf689b617aabad9b25c3f54f005a4036aee33cb13a267c03ea362f6756c6
L2RAR2_R19_CONF_01_886001__T7_transport_strong_phase_00ms,2,2,0.09999999999999999,False,,9595b19ffdb7bf62728f666b26537668d5104d1951262c2228e8f794498a798b
L2RAR2_R19_CONF_01_886001__T7_transport_strong_phase_00ms,3,3,0.15,False,,4bdb6a4036df3a36a8271c8d7372dffc2d0245f235c41df86dcc5f1941bdfa19
L2RAR2_R19_CONF_01_886001__T7_transport_strong_phase_00ms,4,4,0.20000000000000004,False,,1593ff5efb8887495eee40421d63ab4559a823352284b84f1d87e23a21c84c83
L2RAR2_R19_CONF_01_886001__T7_transport_strong_phase_00ms,5,5,0.20000000000000004,False,,1593ff5efb8887495eee40421d63ab4559a823352284b84f1d87e23a21c84c83
L2RAR2_R19_CONF_01_886001__T7_transport_strong_phase_00ms,6,6,0.25000000000000006,False,,0a80756e83e8470c3430df1bf33ecb7ca4f3c4b22edf498c4e7d0952ccac0609
L2RAR2_R19_CONF_01_886001__T7_transport_strong_phase_00ms,7,7,0.3000000000000001,False,,c04e1183b843f53f8c49cec5b9fc271ac387c1952e42404bb7770a14d6d00dfa
L2RAR2_R19_CONF_01_886001__T7_transport_strong_phase_00ms,8,8,0.3000000000000001,False,,c04e1183b843f53f8c49cec5b9fc271ac387c1952e42404bb7770a14d6d00dfa
L2RAR2_R19_CONF_01_886001__T7_transport_strong_phase_00ms,9,9,0.35000000000000014,False,,90db5245fa10d117121c3954a5332be2ac32b6167e178328af389ec7c504dd1b
L2RAR2_R19_CONF_01_886001__T7_transport_strong_phase_00ms,10,10,0.4000000000000002,False,,8aac84be431275e61be354a202913b85315ecf922182515e25d2ee0a29c01ea3
L2RAR2_R19_CONF_01_886001__T7_transport_strong_phase_00ms,11,11,0.45000000000000023,False,,8ab8261950d54a17cce2627619a5dc83fa2bfa51613f1dc4f0fb39b31414154f
L2RAR2_R19_CONF_01_886001__T7_transport_strong_phase_00ms,12,12,0.5000000000000002,False,,c0e16f232994d00df2b79a4c645206729ef9ce43b4732897b1ff4defb1d46f48
L2RAR2_R19_CONF_01_886001__T7_transport_strong_phase_00ms,13,13,0.5000000000000002,False,,c0e16f232994d00df2b79a4c645206729ef9ce43b4732897b1ff4defb1d46f48
L2RAR2_R19_CONF_01_886001__T7_transport_strong_phase_00ms,14,14,0.5500000000000003,False,,a8f74c89116de90ef6cac1f84ba83e4b5c45c3ff6e1f73a87f1ee5c2e5817ca6
L2RAR2_R19_CONF_01_886001__T7_transport_strong_phase_00ms,15,15,0.6000000000000003,False,,0a2d8f282a653b5a3aea0cacb78415f72650519ee45f34bdeebc8c1f23f5f640
L2RAR2_R19_CONF_01_886001__T7_transport_strong_phase_00ms,16,16,0.6500000000000004,False,,c6121d458cd48daba8148c0776e03179771298140e80cb70fb2f919664791241
L2RAR2_R19_CONF_01_886001__T7_transport_strong_phase_00ms,17,17,0.7000000000000004,False,,8aa62b5a7993c51d0dd40c3686d8921595effcf98a8578657e1d9058b8dab621
L2RAR2_R19_CONF_01_886001__T7_transport_strong_phase_00ms,18,18,0.7500000000000004,False,,14ab2406d7031fbc4fc44cb2d6dbe3193e6d65b236674c8cd7f1555beb418bfd
L2RAR2_R19_CONF_01_886001__T7_transport_strong_phase_00ms,19,19,0.8000000000000005,False,,e677ec0e4e9fccf4f255318f421abd9fd653210ca417963180ec0156d911ed5b
L2RAR2_R19_CONF_01_886001__T7_transport_strong_phase_00ms,20,20,0.8500000000000005,False,,611a1b57b247cc009307448d2e35acb71d70702533f77bcc8b1e8e22526ebc88
L2RAR2_R19_CONF_01_886001__T7_transport_strong_phase_00ms,21,21,0.9000000000000006,False,,720ae180c605bc98c8ef7dfac950cfc5b47c0b864908d8e07ff384ecc4b06c74
L2RAR2_R19_CONF_01_886001__T7_transport_strong_phase_00ms,22,22,0.9500000000000006,False,,4155503951c6e518f7f1e532394b06278135aac5dd371df52018053983d0c238
L2RAR2_R19_CONF_01_886001__T7_transport_strong_phase_00ms,23,23,1.0000000000000007,False,,1a4b82e7b21b6bc82d29a746ecb3ce9dfcdeba8259168e1d845fda4ecdb6a306
L2RAR2_R19_CONF_01_886001__T7_transport_strong_phase_00ms,24,24,1.0500000000000007,False,,97ce74bc8133bc302bb82522cf76a192846282a0e1ffc99f1ec82bb07ffbbb76
L2RAR2_R19_CONF_01_886001__T7_transport_strong_phase_00ms,25,25,1.1000000000000008,False,,9e50c7dbbec6f7ef9a78250b626856ff0123dbf0c51fbd1775c1bcf91aec25fe
L2RAR2_R19_CONF_01_886001__T7_transport_strong_phase_00ms,26,26,1.1500000000000008,False,,9f7ef59b9785755fc1d9c6ecc3cd1a236675be0a759e292363175d4d0857664f
L2RAR2_R19_CONF_01_886001__T7_transport_strong_phase_00ms,27,27,1.2000000000000008,False,,a631f74e7d8b990f5e9973a1d3a9631ec879042f683751e8c23a10767da828dd
L2RAR2_R19_CONF_01_886001__T7_transport_strong_phase_00ms,28,28,1.2500000000000009,False,,f39a4e719fdee784090924e5c229f9847dc28418f513a2547752150693f620ba
L2RAR2_R19_CONF_01_886001__T7_transport_strong_phase_00ms,29,29,1.300000000000001,False,,c10f9a08882bc8d26a9cf14c716d040f004146312cff905025dacd3997d34d43
L2RAR2_R19_CONF_01_886001__T7_transport_strong_phase_00ms,30,30,1.350000000000001,False,,82b2080063a65172db8d72fc3ae85d68e9d0b516334ae140097587c22157e560
L2RAR2_R19_CONF_01_886001__T7_transport_strong_phase_00ms,31,31,1.400000000000001,False,,7d3c6af4bc84133d7d9b5519236eab5c424fcbcab8fffb0d677eb2bd0ceace3e
L2RAR2_R19_CONF_01_886001__T7_transport_strong_phase_00ms,32,32,1.450000000000001,False,,6a838fad8df4f26da73d5259d94ed6f8b26a55da5a045e6d5bc41731ae8d8859
L2RAR2_R19_CONF_01_886001__T7_transport_strong_phase_00ms,33,33,1.500000000000001,False,,8d07998c445e9c7a003ab257fbda48bc4ff5aa5211479dae89644d886fcdf447
L2RAR2_R19_CONF_01_886001__T7_transport_strong_phase_00ms,34,34,1.500000000000001,False,,9ca5c02b06245385b8e0ed83507fb0a4a10b007c7415f4f84d51fd8486beda19
L2RAR2_R19_CONF_01_886001__T7_transport_strong_phase_00ms,35,35,1.5500000000000012,False,,cbbe074325692088164357af3bea6b7612e6e0ca19475fb236b3d70634f1b8d0
L2RAR2_R19_CONF_01_886001__T7_transport_strong_phase_00ms,36,36,1.6000000000000012,False,,7c7b71d9e409120d9e2136f26ea15f771e3f246ec09a221b7266737210c7648e
L2RAR2_R19_CONF_01_886001__T7_transport_strong_phase_00ms,37,37,1.6500000000000012,False,,660043fb6de4811d377a55480cb3e384e45b3f71f39a5336cf906e6658a446fc
L2RAR2_R19_CONF_01_886001__T7_transport_strong_phase_00ms,38,38,1.7000000000000013,False,,e6ee97207ded7236ecfa6ca6eb072cc86b7d68c2d9ad5e1df926af3707e639e9
L2RAR2_R19_CONF_01_886001__T7_transport_strong_phase_00ms,39,39,1.7000000000000013,False,,e6ee97207ded7236ecfa6ca6eb072cc86b7d68c2d9ad5e1df926af3707e639e9
L2RAR2_R19_CONF_01_886001__T7_transport_strong_phase_00ms,40,40,1.7500000000000013,False,,38a16549ae1c1ad772df6358368f139280231312a214e12a3e2b146f7252c0e2
L2RAR2_R19_CONF_01_886001__T7_transport_strong_phase_00ms,41,41,1.8000000000000014,False,,2f8e12dd0a92db40524ef5afef1fbf4c772923c611aa7b23ade468eeea3059c7
L2RAR2_R19_CONF_01_886001__T7_transport_strong_phase_00ms,42,42,1.8500000000000014,False,,5aaeed338d4d002fa5bb37f7ffcee08b17c822a776e17bcc56fe695cc68943fc
L2RAR2_R19_CONF_01_886001__T7_transport_strong_phase_00ms,43,43,1.9000000000000015,False,,67978559fa7b47d3693b6cc2370d009e03f635594146a07c8ac3c1ba2c46fa7e
L2RAR2_R19_CONF_01_886001__T7_transport_strong_phase_00ms,44,44,1.9500000000000015,False,,b7e6a31fb973907fec830db10362381931bc93a00402bcf281b1d5e3fd2dcdbd
L2RAR2_R19_CONF_01_886001__T7_transport_strong_phase_00ms,45,45,2.0000000000000013,False,,9d1c3860e75df8c20b185f24c1951fb0b812940e05cb53ad8114ed933c1448cd
L2RAR2_R19_CONF_01_886001__T7_transport_strong_phase_00ms,46,46,2.0500000000000003,False,,d56bb65ee29dce38662fbbabf99ec20733178c72ec62f97794e72944465b6247
L2RAR2_R19_CONF_01_886001__T7_transport_strong_phase_00ms,47,47,2.099999999999999,False,,51d8f7bf33acbbdc4e8ec971dd5f51d33d01c46b9504667455ce83b6bebb4a2c
L2RAR2_R19_CONF_01_886001__T7_transport_strong_phase_00ms,48,48,2.149999999999998,False,,fc1fb11f1425d163b06e09390b9c54fc779f53161b73214b289655cf47c2291c
L2RAR2_R19_CONF_01_886001__T7_transport_strong_phase_00ms,49,49,2.199999999999997,False,,709e5dcbb6d4082d511722ad5f22503d97d6d2fccb1d73c2c92808c1ac64ba26
L2RAR2_R19_CONF_01_886001__T7_transport_strong_phase_00ms,50,50,2.249999999999996,False,,1613266eb44ef24425193d9661387ac1bb0d4bee66e3e200bf93590fc1ab4824
L2RAR2_R19_CONF_01_886001__T7_transport_strong_phase_00ms,51,51,2.299999999999995,False,,6b8701464e63ef62737d312163be375e01698d961cd2655a4f276fbd78f30ae6
L2RAR2_R19_CONF_01_886001__T7_transport_strong_phase_00ms,52,52,2.349999999999994,False,,21cade151fee00a86924025e6dd33078e97ac47861d0e10a0f08d0678a9947a8
L2RAR2_R19_CONF_01_886001__T7_transport_strong_phase_00ms,53,53,2.399999999999993,False,,40f89959fb4401aac4cade3ac68790d33d0c68138ee1ccdd419335dcfd6a3df7
L2RAR2_R19_CONF_01_886001__T7_transport_strong_phase_00ms,54,54,2.4499999999999917,False,,082394d85a4370cc26f00baf6fae4726a61a4da2933c1d02b644c802ee2e423c
L2RAR2_R19_CONF_01_886001__T7_transport_strong_phase_00ms,55,55,2.4999999999999907,False,,28794ea5d847bd9e09e83396d288d6384bdacca3f932649503e7602f6f558895
L2RAR2_R19_CONF_01_886001__T7_transport_strong_phase_00ms,56,56,2.5499999999999896,False,,c7b3681f32e7721fe6639d360f04e878113d34dd65cc21f7a8a3ec870ff63198
L2RAR2_R19_CONF_01_886001__T7_transport_strong_phase_00ms,57,57,2.5999999999999885,False,,4fc75f73eebf658603ea7be631625ff75eed0d0bff371745b3ae5680cfd4152f
L2RAR2_R19_CONF_01_886001__T7_transport_strong_phase_00ms,58,58,2.6499999999999875,False,,8ba0c650749754d63ff012f287cc2c8a716387b6d23ea9a30033d1e3fe4ce5e9
L2RAR2_R19_CONF_01_886001__T7_transport_strong_phase_00ms,59,59,2.6999999999999864,False,,bcb0c1597e8013b87bb1c16f1fd0ac128bfc8cfef6871500135d6e0d68fedf42
L2RAR2_R19_CONF_01_886001__T7_transport_strong_phase_00ms,60,60,2.6999999999999864,False,,bcb0c1597e8013b87bb1c16f1fd0ac128bfc8cfef6871500135d6e0d68fedf42
L2RAR2_R19_CONF_01_886001__T8_transport_strong_phase_10ms,0,0,0.0,False,,fc959477790af517b30e3ee4e987548d8c512233686eb1e7311d676e49d0ae77
L2RAR2_R19_CONF_01_886001__T8_transport_strong_phase_10ms,1,1,0.05,False,,b991cf689b617aabad9b25c3f54f005a4036aee33cb13a267c03ea362f6756c6
L2RAR2_R19_CONF_01_886001__T8_transport_strong_phase_10ms,2,2,0.09999999999999999,False,,9595b19ffdb7bf62728f666b26537668d5104d1951262c2228e8f794498a798b
L2RAR2_R19_CONF_01_886001__T8_transport_strong_phase_10ms,3,3,0.15,False,,4bdb6a4036df3a36a8271c8d7372dffc2d0245f235c41df86dcc5f1941bdfa19
L2RAR2_R19_CONF_01_886001__T8_transport_strong_phase_10ms,4,4,0.20000000000000004,False,,1593ff5efb8887495eee40421d63ab4559a823352284b84f1d87e23a21c84c83
L2RAR2_R19_CONF_01_886001__T8_transport_strong_phase_10ms,5,5,0.20000000000000004,False,,1593ff5efb8887495eee40421d63ab4559a823352284b84f1d87e23a21c84c83
L2RAR2_R19_CONF_01_886001__T8_transport_strong_phase_10ms,6,6,0.25000000000000006,False,,0a80756e83e8470c3430df1bf33ecb7ca4f3c4b22edf498c4e7d0952ccac0609
L2RAR2_R19_CONF_01_886001__T8_transport_strong_phase_10ms,7,7,0.3000000000000001,False,,c04e1183b843f53f8c49cec5b9fc271ac387c1952e42404bb7770a14d6d00dfa
L2RAR2_R19_CONF_01_886001__T8_transport_strong_phase_10ms,8,8,0.3000000000000001,False,,c04e1183b843f53f8c49cec5b9fc271ac387c1952e42404bb7770a14d6d00dfa
L2RAR2_R19_CONF_01_886001__T8_transport_strong_phase_10ms,9,9,0.35000000000000014,False,,90db5245fa10d117121c3954a5332be2ac32b6167e178328af389ec7c504dd1b
L2RAR2_R19_CONF_01_886001__T8_transport_strong_phase_10ms,10,10,0.4000000000000002,False,,8aac84be431275e61be354a202913b85315ecf922182515e25d2ee0a29c01ea3
L2RAR2_R19_CONF_01_886001__T8_transport_strong_phase_10ms,11,11,0.45000000000000023,False,,8ab8261950d54a17cce2627619a5dc83fa2bfa51613f1dc4f0fb39b31414154f
L2RAR2_R19_CONF_01_886001__T8_transport_strong_phase_10ms,12,12,0.5000000000000002,False,,c0e16f232994d00df2b79a4c645206729ef9ce43b4732897b1ff4defb1d46f48
L2RAR2_R19_CONF_01_886001__T8_transport_strong_phase_10ms,13,13,0.5000000000000002,False,,c0e16f232994d00df2b79a4c645206729ef9ce43b4732897b1ff4defb1d46f48
L2RAR2_R19_CONF_01_886001__T8_transport_strong_phase_10ms,14,14,0.5500000000000003,False,,a8f74c89116de90ef6cac1f84ba83e4b5c45c3ff6e1f73a87f1ee5c2e5817ca6
L2RAR2_R19_CONF_01_886001__T8_transport_strong_phase_10ms,15,15,0.6000000000000003,False,,0a2d8f282a653b5a3aea0cacb78415f72650519ee45f34bdeebc8c1f23f5f640
L2RAR2_R19_CONF_01_886001__T8_transport_strong_phase_10ms,16,16,0.6500000000000004,False,,c6121d458cd48daba8148c0776e03179771298140e80cb70fb2f919664791241
L2RAR2_R19_CONF_01_886001__T8_transport_strong_phase_10ms,17,17,0.7000000000000004,False,,8aa62b5a7993c51d0dd40c3686d8921595effcf98a8578657e1d9058b8dab621
L2RAR2_R19_CONF_01_886001__T8_transport_strong_phase_10ms,18,18,0.7500000000000004,False,,14ab2406d7031fbc4fc44cb2d6dbe3193e6d65b236674c8cd7f1555beb418bfd
L2RAR2_R19_CONF_01_886001__T8_transport_strong_phase_10ms,19,19,0.8000000000000005,False,,e677ec0e4e9fccf4f255318f421abd9fd653210ca417963180ec0156d911ed5b
L2RAR2_R19_CONF_01_886001__T8_transport_strong_phase_10ms,20,20,0.8500000000000005,False,,611a1b57b247cc009307448d2e35acb71d70702533f77bcc8b1e8e22526ebc88
L2RAR2_R19_CONF_01_886001__T8_transport_strong_phase_10ms,21,21,0.9000000000000006,False,,720ae180c605bc98c8ef7dfac950cfc5b47c0b864908d8e07ff384ecc4b06c74
L2RAR2_R19_CONF_01_886001__T8_transport_strong_phase_10ms,22,22,0.9500000000000006,False,,4155503951c6e518f7f1e532394b06278135aac5dd371df52018053983d0c238
L2RAR2_R19_CONF_01_886001__T8_transport_strong_phase_10ms,23,23,1.0000000000000007,False,,1a4b82e7b21b6bc82d29a746ecb3ce9dfcdeba8259168e1d845fda4ecdb6a306
L2RAR2_R19_CONF_01_886001__T8_transport_strong_phase_10ms,24,24,1.0500000000000007,False,,97ce74bc8133bc302bb82522cf76a192846282a0e1ffc99f1ec82bb07ffbbb76
L2RAR2_R19_CONF_01_886001__T8_transport_strong_phase_10ms,25,25,1.1000000000000008,False,,9e50c7dbbec6f7ef9a78250b626856ff0123dbf0c51fbd1775c1bcf91aec25fe
L2RAR2_R19_CONF_01_886001__T8_transport_strong_phase_10ms,26,26,1.1500000000000008,False,,9f7ef59b9785755fc1d9c6ecc3cd1a236675be0a759e292363175d4d0857664f
L2RAR2_R19_CONF_01_886001__T8_transport_strong_phase_10ms,27,27,1.2000000000000008,False,,a631f74e7d8b990f5e9973a1d3a9631ec879042f683751e8c23a10767da828dd
L2RAR2_R19_CONF_01_886001__T8_transport_strong_phase_10ms,28,28,1.2500000000000009,False,,f39a4e719fdee784090924e5c229f9847dc28418f513a2547752150693f620ba
L2RAR2_R19_CONF_01_886001__T8_transport_strong_phase_10ms,29,29,1.300000000000001,False,,c10f9a08882bc8d26a9cf14c716d040f004146312cff905025dacd3997d34d43
L2RAR2_R19_CONF_01_886001__T8_transport_strong_phase_10ms,30,30,1.350000000000001,False,,10e742a11c0edf54f6d62ac77da26cd56b22658577e53363b9f15ac3d6dd380f
L2RAR2_R19_CONF_01_886001__T8_transport_strong_phase_10ms,31,31,1.400000000000001,False,,677a7c891708ba42804bf72dcbd4cd9be6ccdd5778c4a6298bc64458a0181549
L2RAR2_R19_CONF_01_886001__T8_transport_strong_phase_10ms,32,32,1.450000000000001,False,,295df65dceb7d2dfaa2558465deeae7c14bb60f8969fdb6427f7528f46640261
L2RAR2_R19_CONF_01_886001__T8_transport_strong_phase_10ms,33,33,1.500000000000001,False,,467911adbd97389ec1e75caee421b76b6db45feb242df3722b2a50e283026255
L2RAR2_R19_CONF_01_886001__T8_transport_strong_phase_10ms,34,34,1.5100000000000011,False,,0d5e7e186d76f8f139f2a56e3cb7e15fac7032bc38376731126cc6221a94ec87
L2RAR2_R19_CONF_01_886001__T8_transport_strong_phase_10ms,35,35,1.5500000000000012,False,,beabd41998b9b3f4c53f16fce6611b825949f54ca1c1f60c603f21ec9bd9d782
L2RAR2_R19_CONF_01_886001__T8_transport_strong_phase_10ms,36,36,1.6000000000000012,False,,3156831d2c1d35710e2cc5f37e63d4dca81ceb794b8fdd55f6fef457fd394ab2
L2RAR2_R19_CONF_01_886001__T8_transport_strong_phase_10ms,37,37,1.6500000000000012,False,,c77c9b4af7f6f49c22b3d9c3e00cc3b4555539ef14c86d4aa0d8a59d91996442
L2RAR2_R19_CONF_01_886001__T8_transport_strong_phase_10ms,38,38,1.7000000000000013,False,,9b48a23599f7951f75840045b59240149e38b14ab6db31d3389badb967f685f6
L2RAR2_R19_CONF_01_886001__T8_transport_strong_phase_10ms,39,39,1.7100000000000013,False,,76a9ce356126eef9054d5cdfbf0016b4e63dd0b55f25ead744481795c5e230c4
L2RAR2_R19_CONF_01_886001__T8_transport_strong_phase_10ms,40,40,1.7500000000000013,False,,a831866da964d687cd0d43396c99a34da72e0e1ccbbdf6019ecf701d1b7b85bb
L2RAR2_R19_CONF_01_886001__T8_transport_strong_phase_10ms,41,41,1.8000000000000014,False,,94b6fb4101e222bb7665e5064e57ddff93f41df807e53cee81868e81fc2b2a4d
L2RAR2_R19_CONF_01_886001__T8_transport_strong_phase_10ms,42,42,1.8500000000000014,False,,f8fd3ac4a0a4265fb2092ea5f1cf3469d7a43a6d6f4d481ac9dee9f76e646199
L2RAR2_R19_CONF_01_886001__T8_transport_strong_phase_10ms,43,43,1.9000000000000015,False,,04d4bc33e98ae65820941a84bfdf8b59ad73a374fbbf43a2a5c82176f1d37980
L2RAR2_R19_CONF_01_886001__T8_transport_strong_phase_10ms,44,44,1.9500000000000015,False,,b9679c614f9e879c75a2d7dbf7a67628c892de3bf2ded335c26ed194e11324f6
L2RAR2_R19_CONF_01_886001__T8_transport_strong_phase_10ms,45,45,2.0000000000000013,False,,ccf7b7d8c253d7caf5a35627a9854f4e9d4d3255b3f1bf17a6d391c238fbd627
L2RAR2_R19_CONF_01_886001__T8_transport_strong_phase_10ms,46,46,2.0500000000000003,False,,b2a5797b392219f851bad1a272f02a793a28a4669d87e38bbfc81ac4a10f1ae7
L2RAR2_R19_CONF_01_886001__T8_transport_strong_phase_10ms,47,47,2.099999999999999,False,,751631e3d930ee262c1adf0c1cf08ae98ddad3bf3ab46c0b068c8d5739f42ff4
L2RAR2_R19_CONF_01_886001__T8_transport_strong_phase_10ms,48,48,2.149999999999998,False,,77686d00efadc23b99d5f73a71d9d05dc6eb9cde034aad29fdb1cd310677812c
L2RAR2_R19_CONF_01_886001__T8_transport_strong_phase_10ms,49,49,2.199999999999997,False,,6e356fc71db6c0cbfa14a8556a0e415f10265c757d89d761f10f1d73d70dd526
L2RAR2_R19_CONF_01_886001__T8_transport_strong_phase_10ms,50,50,2.249999999999996,False,,9b3d879699caff06b52e4592f6f122efe0059ae90ff218643c837f0b7c0310a2
L2RAR2_R19_CONF_01_886001__T8_transport_strong_phase_10ms,51,51,2.299999999999995,False,,84d347381192819f8ccbb639f88285729a688ef4ef3423856241810c623bca8e
L2RAR2_R19_CONF_01_886001__T8_transport_strong_phase_10ms,52,52,2.349999999999994,False,,445be1dd94fafc5ddd966684087808721259208599fca8efd711c3e6541f98b8
L2RAR2_R19_CONF_01_886001__T8_transport_strong_phase_10ms,53,53,2.399999999999993,False,,3040c11a431fd7a7022eec28fae90b07f968b22f37bf1a1dfcb74b4901231a92
L2RAR2_R19_CONF_01_886001__T8_transport_strong_phase_10ms,54,54,2.4499999999999917,False,,b0b21e7be26b5d707841b9813c3644e3bf642e80905094968b6babda3277ce1a
L2RAR2_R19_CONF_01_886001__T8_transport_strong_phase_10ms,55,55,2.4999999999999907,False,,6c74f2a2a84469743ced7cdd3492f7e1ad91317e7d395c0f56fbf98f60a10cf0
L2RAR2_R19_CONF_01_886001__T8_transport_strong_phase_10ms,56,56,2.5499999999999896,False,,b0bc9b04c8dc0f55a89c127d80d08258102245015038dd983eebaf8ffd1b7e8b
L2RAR2_R19_CONF_01_886001__T8_transport_strong_phase_10ms,57,57,2.5999999999999885,False,,b6daf9354133dd170b4445ebdaa4acf71b0afb8a7f87c84e2731c145b08d26b0
L2RAR2_R19_CONF_01_886001__T8_transport_strong_phase_10ms,58,58,2.6499999999999875,False,,5dad87aef4a9f56d8bf3460414977ba3da3dccb07599b55fa7de6fbe4c536773
L2RAR2_R19_CONF_01_886001__T8_transport_strong_phase_10ms,59,59,2.6999999999999864,False,,3162c65e31de5394ed70e51a05a09af95621d17a663e15b56337ff0c71f7b544
L2RAR2_R19_CONF_01_886001__T8_transport_strong_phase_10ms,60,60,2.709999999999986,False,,c9c0919434e265217a91a132be607b190d9a2ef79a1898c8c3ee6e1d9715c9a6
L2RAR2_R19_CONF_01_886001__T9_transport_strong_phase_20ms,0,0,0.0,False,,fc959477790af517b30e3ee4e987548d8c512233686eb1e7311d676e49d0ae77
L2RAR2_R19_CONF_01_886001__T9_transport_strong_phase_20ms,1,1,0.05,False,,b991cf689b617aabad9b25c3f54f005a4036aee33cb13a267c03ea362f6756c6
L2RAR2_R19_CONF_01_886001__T9_transport_strong_phase_20ms,2,2,0.09999999999999999,False,,9595b19ffdb7bf62728f666b26537668d5104d1951262c2228e8f794498a798b
L2RAR2_R19_CONF_01_886001__T9_transport_strong_phase_20ms,3,3,0.15,False,,4bdb6a4036df3a36a8271c8d7372dffc2d0245f235c41df86dcc5f1941bdfa19
L2RAR2_R19_CONF_01_886001__T9_transport_strong_phase_20ms,4,4,0.20000000000000004,False,,1593ff5efb8887495eee40421d63ab4559a823352284b84f1d87e23a21c84c83
L2RAR2_R19_CONF_01_886001__T9_transport_strong_phase_20ms,5,5,0.20000000000000004,False,,1593ff5efb8887495eee40421d63ab4559a823352284b84f1d87e23a21c84c83
L2RAR2_R19_CONF_01_886001__T9_transport_strong_phase_20ms,6,6,0.25000000000000006,False,,0a80756e83e8470c3430df1bf33ecb7ca4f3c4b22edf498c4e7d0952ccac0609
L2RAR2_R19_CONF_01_886001__T9_transport_strong_phase_20ms,7,7,0.3000000000000001,False,,c04e1183b843f53f8c49cec5b9fc271ac387c1952e42404bb7770a14d6d00dfa
L2RAR2_R19_CONF_01_886001__T9_transport_strong_phase_20ms,8,8,0.3000000000000001,False,,c04e1183b843f53f8c49cec5b9fc271ac387c1952e42404bb7770a14d6d00dfa
L2RAR2_R19_CONF_01_886001__T9_transport_strong_phase_20ms,9,9,0.35000000000000014,False,,90db5245fa10d117121c3954a5332be2ac32b6167e178328af389ec7c504dd1b
L2RAR2_R19_CONF_01_886001__T9_transport_strong_phase_20ms,10,10,0.4000000000000002,False,,8aac84be431275e61be354a202913b85315ecf922182515e25d2ee0a29c01ea3
L2RAR2_R19_CONF_01_886001__T9_transport_strong_phase_20ms,11,11,0.45000000000000023,False,,8ab8261950d54a17cce2627619a5dc83fa2bfa51613f1dc4f0fb39b31414154f
L2RAR2_R19_CONF_01_886001__T9_transport_strong_phase_20ms,12,12,0.5000000000000002,False,,c0e16f232994d00df2b79a4c645206729ef9ce43b4732897b1ff4defb1d46f48
L2RAR2_R19_CONF_01_886001__T9_transport_strong_phase_20ms,13,13,0.5000000000000002,False,,c0e16f232994d00df2b79a4c645206729ef9ce43b4732897b1ff4defb1d46f48
L2RAR2_R19_CONF_01_886001__T9_transport_strong_phase_20ms,14,14,0.5500000000000003,False,,a8f74c89116de90ef6cac1f84ba83e4b5c45c3ff6e1f73a87f1ee5c2e5817ca6
L2RAR2_R19_CONF_01_886001__T9_transport_strong_phase_20ms,15,15,0.6000000000000003,False,,0a2d8f282a653b5a3aea0cacb78415f72650519ee45f34bdeebc8c1f23f5f640
L2RAR2_R19_CONF_01_886001__T9_transport_strong_phase_20ms,16,16,0.6500000000000004,False,,c6121d458cd48daba8148c0776e03179771298140e80cb70fb2f919664791241
L2RAR2_R19_CONF_01_886001__T9_transport_strong_phase_20ms,17,17,0.7000000000000004,False,,8aa62b5a7993c51d0dd40c3686d8921595effcf98a8578657e1d9058b8dab621
L2RAR2_R19_CONF_01_886001__T9_transport_strong_phase_20ms,18,18,0.7500000000000004,False,,14ab2406d7031fbc4fc44cb2d6dbe3193e6d65b236674c8cd7f1555beb418bfd
L2RAR2_R19_CONF_01_886001__T9_transport_strong_phase_20ms,19,19,0.8000000000000005,False,,e677ec0e4e9fccf4f255318f421abd9fd653210ca417963180ec0156d911ed5b
L2RAR2_R19_CONF_01_886001__T9_transport_strong_phase_20ms,20,20,0.8500000000000005,False,,611a1b57b247cc009307448d2e35acb71d70702533f77bcc8b1e8e22526ebc88
L2RAR2_R19_CONF_01_886001__T9_transport_strong_phase_20ms,21,21,0.9000000000000006,False,,720ae180c605bc98c8ef7dfac950cfc5b47c0b864908d8e07ff384ecc4b06c74
L2RAR2_R19_CONF_01_886001__T9_transport_strong_phase_20ms,22,22,0.9500000000000006,False,,4155503951c6e518f7f1e532394b06278135aac5dd371df52018053983d0c238
L2RAR2_R19_CONF_01_886001__T9_transport_strong_phase_20ms,23,23,1.0000000000000007,False,,1a4b82e7b21b6bc82d29a746ecb3ce9dfcdeba8259168e1d845fda4ecdb6a306
L2RAR2_R19_CONF_01_886001__T9_transport_strong_phase_20ms,24,24,1.0500000000000007,False,,97ce74bc8133bc302bb82522cf76a192846282a0e1ffc99f1ec82bb07ffbbb76
L2RAR2_R19_CONF_01_886001__T9_transport_strong_phase_20ms,25,25,1.1000000000000008,False,,9e50c7dbbec6f7ef9a78250b626856ff0123dbf0c51fbd1775c1bcf91aec25fe
L2RAR2_R19_CONF_01_886001__T9_transport_strong_phase_20ms,26,26,1.1500000000000008,False,,9f7ef59b9785755fc1d9c6ecc3cd1a236675be0a759e292363175d4d0857664f
L2RAR2_R19_CONF_01_886001__T9_transport_strong_phase_20ms,27,27,1.2000000000000008,False,,a631f74e7d8b990f5e9973a1d3a9631ec879042f683751e8c23a10767da828dd
L2RAR2_R19_CONF_01_886001__T9_transport_strong_phase_20ms,28,28,1.2500000000000009,False,,f39a4e719fdee784090924e5c229f9847dc28418f513a2547752150693f620ba
L2RAR2_R19_CONF_01_886001__T9_transport_strong_phase_20ms,29,29,1.300000000000001,False,,c10f9a08882bc8d26a9cf14c716d040f004146312cff905025dacd3997d34d43
L2RAR2_R19_CONF_01_886001__T9_transport_strong_phase_20ms,30,30,1.350000000000001,False,,7b2c6faa4b1c40d8d98ece3d21440a3fa7a144b8c71421ca50d563798c6838a6
L2RAR2_R19_CONF_01_886001__T9_transport_strong_phase_20ms,31,31,1.400000000000001,False,,56aae4397d4d73e09cef2e1e24950689b326a95463e13360b8c6f324b110b11d
L2RAR2_R19_CONF_01_886001__T9_transport_strong_phase_20ms,32,32,1.450000000000001,False,,7eacc28723b5b63d4f2cbefa39db0dce1006c9fa5882b042897fc79078d889ba
L2RAR2_R19_CONF_01_886001__T9_transport_strong_phase_20ms,33,33,1.500000000000001,False,,8cc91f11678267d92f003ae5eec0b188de65d2a74b150712b15c91c057895f06
L2RAR2_R19_CONF_01_886001__T9_transport_strong_phase_20ms,34,34,1.5200000000000011,False,,9674fa0c66c2139aac8a5a5148c817a01d67d83faca28b3535d2412d5c3bc632
L2RAR2_R19_CONF_01_886001__T9_transport_strong_phase_20ms,35,35,1.5500000000000012,False,,36191f3ba73fa284063597b80917f434eae4fd6286449ac747beef1b848e1d64
L2RAR2_R19_CONF_01_886001__T9_transport_strong_phase_20ms,36,36,1.6000000000000012,False,,a559858384d6db0600d4902593d2f45c6f7cefa841d8a29189ee3dd2133c18cc
L2RAR2_R19_CONF_01_886001__T9_transport_strong_phase_20ms,37,37,1.6500000000000012,False,,4a6a47bd69f2e8cfea666ba029f3bb105d6710bc501231bfef0e4cdca365d602
L2RAR2_R19_CONF_01_886001__T9_transport_strong_phase_20ms,38,38,1.7000000000000013,False,,f09817f2d37fddd561d9c6f163a88159305e3d1d0102635f81da36e383cf94d7
L2RAR2_R19_CONF_01_886001__T9_transport_strong_phase_20ms,39,39,1.7200000000000013,False,,0184919f7a3ee70944a60b39d7753e8c91eaad52586cd0085bf69e0f91f21102
L2RAR2_R19_CONF_01_886001__T9_transport_strong_phase_20ms,40,40,1.7500000000000013,False,,241de5070b71fc3d4f4ce35b4b1e6678f9bb03fb00970cbc9f9bfb38e8ee2eb4
L2RAR2_R19_CONF_01_886001__T9_transport_strong_phase_20ms,41,41,1.8000000000000014,False,,5f6deea61e5e8330a1e84ab08ff7481347de2f7c2d8e83a2050ac93d2ef9853c
L2RAR2_R19_CONF_01_886001__T9_transport_strong_phase_20ms,42,42,1.8500000000000014,False,,a7d45ee08fc4312fb01f696a61ac65264a6e337c4835e61c494a5953bded9cfe
L2RAR2_R19_CONF_01_886001__T9_transport_strong_phase_20ms,43,43,1.9000000000000015,False,,75cfc0a40ebd0d34621c528eb3dd66d68a8ec65f702f13f31d20b284467a672e
L2RAR2_R19_CONF_01_886001__T9_transport_strong_phase_20ms,44,44,1.9500000000000015,False,,c2e3683897015c2d59058f90cf23b788cf9996e4f49296513681f1e494287b62
L2RAR2_R19_CONF_01_886001__T9_transport_strong_phase_20ms,45,45,2.0000000000000013,False,,a84b1e0ea0e23d9b0cee10115df242660844784ddea358d90a6812a9fd9d242f
L2RAR2_R19_CONF_01_886001__T9_transport_strong_phase_20ms,46,46,2.0500000000000003,False,,a3ee6971bd4924e60f1e25bf6bbd7cd51e03be9c33670eaaba72038d44ea5ccf
L2RAR2_R19_CONF_01_886001__T9_transport_strong_phase_20ms,47,47,2.099999999999999,False,,bc8fb1f84cdac0a0818065a61feba04ab1a46afd59488915721f39d87ac89669
L2RAR2_R19_CONF_01_886001__T9_transport_strong_phase_20ms,48,48,2.149999999999998,False,,bad25ab432beff037d063d4c2abc74e6af2d57acef700f0b4595661fc8dc149e
L2RAR2_R19_CONF_01_886001__T9_transport_strong_phase_20ms,49,49,2.199999999999997,False,,e93777c8fb6e8c7773c0e2b2b5c261623234ae1ddb8c86ec78c8062678f27c6c
L2RAR2_R19_CONF_01_886001__T9_transport_strong_phase_20ms,50,50,2.249999999999996,False,,9f73132841aad28faa5f6e14707bb3bdea2e0a6b113794377bbea7fd6fbe7a57
L2RAR2_R19_CONF_01_886001__T9_transport_strong_phase_20ms,51,51,2.299999999999995,False,,afea1f60ced05dc79cbafd2571e3e361ce087df18e8c63ef9b02ba7f19ad1423
L2RAR2_R19_CONF_01_886001__T9_transport_strong_phase_20ms,52,52,2.349999999999994,False,,8df3c368ae0c4160eaeb8990fa1a5a4e629c0b6a00cfe8235ca1ac746f035a41
L2RAR2_R19_CONF_01_886001__T9_transport_strong_phase_20ms,53,53,2.399999999999993,False,,5c147bcb2db6fe98025dd841c5e932624a438ddd11cf366550d3b8fe0da88088
L2RAR2_R19_CONF_01_886001__T9_transport_strong_phase_20ms,54,54,2.4499999999999917,False,,d4bfe10fcf87a48077eb20eb38fdfcc0472d57b049132b44d46d9e7410d4cb1d
L2RAR2_R19_CONF_01_886001__T9_transport_strong_phase_20ms,55,55,2.4999999999999907,False,,577df4786be34cc808df07b0d2d27714a312034e5b1a81df228cdac8de61296f
L2RAR2_R19_CONF_01_886001__T9_transport_strong_phase_20ms,56,56,2.5499999999999896,False,,9355614d23547342007931a4f7635ea870d8a611853dd16c02961a43fc26ef20
L2RAR2_R19_CONF_01_886001__T9_transport_strong_phase_20ms,57,57,2.5999999999999885,False,,41d6f5e26d7fd0a63dada278bacf518a18b630536c9d54abe0a218a549375957
L2RAR2_R19_CONF_01_886001__T9_transport_strong_phase_20ms,58,58,2.6499999999999875,False,,d8ac7b688d77e5e99425c95fac38a8ad8451c2e55934d09b8623bf4d2c40acf3
L2RAR2_R19_CONF_01_886001__T9_transport_strong_phase_20ms,59,59,2.6999999999999864,False,,155787c5380123acd7534537e9874622fa78d95ca014622aa648ed67ee2dbb44
L2RAR2_R19_CONF_01_886001__T9_transport_strong_phase_20ms,60,60,2.719999999999986,False,,a5c7fb8bf0ddda53fc224ab5003672989913ce25b7db625f62065fda6703d8f4
L2RAR2_R19_CONF_02_886002__T10_transport_strong_phase_30ms,0,0,0.0,False,,117658e5e682c356d04f6c8bcd7679bf088a153a362e4700cb43d35af63640bc
L2RAR2_R19_CONF_02_886002__T10_transport_strong_phase_30ms,1,1,0.05,False,,3286900ae828226e5095e943210a8f68a42949228d6a4c547bb407740efb1583
L2RAR2_R19_CONF_02_886002__T10_transport_strong_phase_30ms,2,2,0.09999999999999999,False,,a01a56a48e99bc85f440cd814adfcb33eb5467a722abb09226bdc2b2248814b9
L2RAR2_R19_CONF_02_886002__T10_transport_strong_phase_30ms,3,3,0.15,False,,cea620dbc48d3fb94646845593ac421b8c77fdcaaf438c850f6fd375df8360d2
L2RAR2_R19_CONF_02_886002__T10_transport_strong_phase_30ms,4,4,0.20000000000000004,False,,b3f5a7236a92c00d5e8cca9d74286cb041a52d948499a8306be468dea8c24716
L2RAR2_R19_CONF_02_886002__T10_transport_strong_phase_30ms,5,5,0.20000000000000004,False,,b3f5a7236a92c00d5e8cca9d74286cb041a52d948499a8306be468dea8c24716
L2RAR2_R19_CONF_02_886002__T10_transport_strong_phase_30ms,6,6,0.25000000000000006,False,,c87b9992c4743d50205d7793ad4eb1da50e6bb38d152b99e0110bea128cba2df
L2RAR2_R19_CONF_02_886002__T10_transport_strong_phase_30ms,7,7,0.3000000000000001,False,,be3c02f2b488790376abb35b84e751056a17cd25f8e6519c9b5155acc4ff298a
L2RAR2_R19_CONF_02_886002__T10_transport_strong_phase_30ms,8,8,0.3000000000000001,False,,be3c02f2b488790376abb35b84e751056a17cd25f8e6519c9b5155acc4ff298a
L2RAR2_R19_CONF_02_886002__T10_transport_strong_phase_30ms,9,9,0.35000000000000014,False,,1399d9789e28d9b5cfb53aba0b743f444c045f33502fece54b8d9df09a60d1a7
L2RAR2_R19_CONF_02_886002__T10_transport_strong_phase_30ms,10,10,0.4000000000000002,False,,a64fb3ab57ce133620230cf6b9a5ccbb656bb7e147bd9f4d741ed1cccff9a40b
L2RAR2_R19_CONF_02_886002__T10_transport_strong_phase_30ms,11,11,0.45000000000000023,False,,4ec2e433ea09e7e4ec9383fc889befe1a775497784c8bc7f1ce31aae74f8440f
L2RAR2_R19_CONF_02_886002__T10_transport_strong_phase_30ms,12,12,0.5000000000000002,False,,bb8e57bf6c3ea403f595b1ec341a45cef2b73e0cac1aadcda97ef491046dfb66
L2RAR2_R19_CONF_02_886002__T10_transport_strong_phase_30ms,13,13,0.5000000000000002,False,,bb8e57bf6c3ea403f595b1ec341a45cef2b73e0cac1aadcda97ef491046dfb66
L2RAR2_R19_CONF_02_886002__T10_transport_strong_phase_30ms,14,14,0.5500000000000003,False,,4466730458eac3fd69ce48c25801f620f6500ee0202be4f38bd6b5b6a6738715
L2RAR2_R19_CONF_02_886002__T10_transport_strong_phase_30ms,15,15,0.6000000000000003,False,,cf0f78b83b98fa9325042005ab4a684088f014937876da0ad4f2fa2fa6a982d3
L2RAR2_R19_CONF_02_886002__T10_transport_strong_phase_30ms,16,16,0.6500000000000004,False,,c9e74852b8c24c1811d3d6ecc3ad6fdbe90ea64bdd8bebcc9707a889be372094
L2RAR2_R19_CONF_02_886002__T10_transport_strong_phase_30ms,17,17,0.7000000000000004,False,,57ee02f5771e994e821524b61b71f42dfffdefb60439a12e30b5d0252185157c
L2RAR2_R19_CONF_02_886002__T10_transport_strong_phase_30ms,18,18,0.7500000000000004,False,,57ee02f5771e994e821524b61b71f42dfffdefb60439a12e30b5d0252185157c
L2RAR2_R19_CONF_02_886002__T10_transport_strong_phase_30ms,19,19,0.8000000000000005,False,,57ee02f5771e994e821524b61b71f42dfffdefb60439a12e30b5d0252185157c
L2RAR2_R19_CONF_02_886002__T10_transport_strong_phase_30ms,20,20,0.8500000000000005,False,,57ee02f5771e994e821524b61b71f42dfffdefb60439a12e30b5d0252185157c
L2RAR2_R19_CONF_02_886002__T10_transport_strong_phase_30ms,21,21,0.9000000000000006,False,,57ee02f5771e994e821524b61b71f42dfffdefb60439a12e30b5d0252185157c
L2RAR2_R19_CONF_02_886002__T10_transport_strong_phase_30ms,22,22,0.9500000000000006,False,,57ee02f5771e994e821524b61b71f42dfffdefb60439a12e30b5d0252185157c
L2RAR2_R19_CONF_02_886002__T10_transport_strong_phase_30ms,23,23,1.0000000000000007,False,,57ee02f5771e994e821524b61b71f42dfffdefb60439a12e30b5d0252185157c
L2RAR2_R19_CONF_02_886002__T10_transport_strong_phase_30ms,24,24,1.0500000000000007,False,,57ee02f5771e994e821524b61b71f42dfffdefb60439a12e30b5d0252185157c
L2RAR2_R19_CONF_02_886002__T10_transport_strong_phase_30ms,25,25,1.1000000000000008,False,,57ee02f5771e994e821524b61b71f42dfffdefb60439a12e30b5d0252185157c
L2RAR2_R19_CONF_02_886002__T10_transport_strong_phase_30ms,26,26,1.1500000000000008,False,,aacbf74fd56d4e715e89c202920f872f9109d8e516819f0b1510e1a9e64a4a77
L2RAR2_R19_CONF_02_886002__T10_transport_strong_phase_30ms,27,27,1.2000000000000008,False,,3dd9cf243bcfadb412ee99c358af860683b5fef27c65c2269dbd3e899f4f89d6
L2RAR2_R19_CONF_02_886002__T10_transport_strong_phase_30ms,28,28,1.2500000000000009,False,,8067ddead048f503aa919fdba2a659e54ca87d4a613fd40a53ad6a367410921d
L2RAR2_R19_CONF_02_886002__T10_transport_strong_phase_30ms,29,29,1.300000000000001,False,,dc0152e1b5fc9a42239a6cf6f0c244909caab09d33a2eb7c85cddce886ebf119
L2RAR2_R19_CONF_02_886002__T10_transport_strong_phase_30ms,30,30,1.350000000000001,False,,716448f90f74b0e8f81fa28335a5d808b114ec828837c3f578e8ac83e092fe0e
L2RAR2_R19_CONF_02_886002__T10_transport_strong_phase_30ms,31,31,1.400000000000001,False,,7cf1ade06920d4ee90d866b1733790658f8ba1f0f4bb1b8e4053516023449bbc
L2RAR2_R19_CONF_02_886002__T10_transport_strong_phase_30ms,32,32,1.450000000000001,False,,8ba56ed684b03910e1a48c12a9171b947e98c54da6fcf363655d8ff5570bead6
L2RAR2_R19_CONF_02_886002__T10_transport_strong_phase_30ms,33,33,1.500000000000001,False,,1dd59dd9056bac042cb0c6c901cd17eb6d21fb885d3bb589ac17a366bd6bdc34
L2RAR2_R19_CONF_02_886002__T10_transport_strong_phase_30ms,34,34,1.5300000000000011,False,,77439c0ecc9f4064746d418575b801e2e8047bb24bfc75665511cf2ef13ad84b
L2RAR2_R19_CONF_02_886002__T10_transport_strong_phase_30ms,35,35,1.5500000000000012,False,,e3afd4e3a854aa49a5e54f5dbc05e51c2f674422129d63bd56fc49441bccafbb
L2RAR2_R19_CONF_02_886002__T10_transport_strong_phase_30ms,36,36,1.6000000000000012,False,,3d359cd3283a65e0c7cbff2c11a59a95e1de97e5eb67748d5eff664c51a230cb
L2RAR2_R19_CONF_02_886002__T10_transport_strong_phase_30ms,37,37,1.6500000000000012,False,,4a40b851da2925742d126ace1ea16eddcc1d5182c3abb9b34fc7ec21c99a1457
L2RAR2_R19_CONF_02_886002__T10_transport_strong_phase_30ms,38,38,1.7000000000000013,False,,a80a004105d052bd343f184899624ba93f3ed4cbd841e9dfd47115799cf4aa6d
L2RAR2_R19_CONF_02_886002__T10_transport_strong_phase_30ms,39,39,1.7300000000000013,False,,a80a004105d052bd343f184899624ba93f3ed4cbd841e9dfd47115799cf4aa6d
L2RAR2_R19_CONF_02_886002__T10_transport_strong_phase_30ms,40,40,1.7500000000000013,False,,a80a004105d052bd343f184899624ba93f3ed4cbd841e9dfd47115799cf4aa6d
L2RAR2_R19_CONF_02_886002__T10_transport_strong_phase_30ms,41,41,1.8000000000000014,False,,a80a004105d052bd343f184899624ba93f3ed4cbd841e9dfd47115799cf4aa6d
L2RAR2_R19_CONF_02_886002__T10_transport_strong_phase_30ms,42,42,1.8500000000000014,False,,a80a004105d052bd343f184899624ba93f3ed4cbd841e9dfd47115799cf4aa6d
L2RAR2_R19_CONF_02_886002__T10_transport_strong_phase_30ms,43,43,1.9000000000000015,False,,a80a004105d052bd343f184899624ba93f3ed4cbd841e9dfd47115799cf4aa6d
L2RAR2_R19_CONF_02_886002__T10_transport_strong_phase_30ms,44,44,1.9500000000000015,False,,a80a004105d052bd343f184899624ba93f3ed4cbd841e9dfd47115799cf4aa6d
L2RAR2_R19_CONF_02_886002__T10_transport_strong_phase_30ms,45,45,2.0000000000000013,False,,a80a004105d052bd343f184899624ba93f3ed4cbd841e9dfd47115799cf4aa6d
L2RAR2_R19_CONF_02_886002__T10_transport_strong_phase_30ms,46,46,2.0500000000000003,False,,a80a004105d052bd343f184899624ba93f3ed4cbd841e9dfd47115799cf4aa6d
L2RAR2_R19_CONF_02_886002__T10_transport_strong_phase_30ms,47,47,2.099999999999999,False,,a80a004105d052bd343f184899624ba93f3ed4cbd841e9dfd47115799cf4aa6d
L2RAR2_R19_CONF_02_886002__T10_transport_strong_phase_30ms,48,48,2.149999999999998,False,,a80a004105d052bd343f184899624ba93f3ed4cbd841e9dfd47115799cf4aa6d
L2RAR2_R19_CONF_02_886002__T10_transport_strong_phase_30ms,49,49,2.199999999999997,False,,a80a004105d052bd343f184899624ba93f3ed4cbd841e9dfd47115799cf4aa6d
L2RAR2_R19_CONF_02_886002__T10_transport_strong_phase_30ms,50,50,2.249999999999996,False,,a80a004105d052bd343f184899624ba93f3ed4cbd841e9dfd47115799cf4aa6d
L2RAR2_R19_CONF_02_886002__T10_transport_strong_phase_30ms,51,51,2.299999999999995,False,,a80a004105d052bd343f184899624ba93f3ed4cbd841e9dfd47115799cf4aa6d
L2RAR2_R19_CONF_02_886002__T10_transport_strong_phase_30ms,52,52,2.349999999999994,False,,a80a004105d052bd343f184899624ba93f3ed4cbd841e9dfd47115799cf4aa6d
L2RAR2_R19_CONF_02_886002__T10_transport_strong_phase_30ms,53,53,2.399999999999993,False,,a80a004105d052bd343f184899624ba93f3ed4cbd841e9dfd47115799cf4aa6d
L2RAR2_R19_CONF_02_886002__T10_transport_strong_phase_30ms,54,54,2.4499999999999917,False,,a80a004105d052bd343f184899624ba93f3ed4cbd841e9dfd47115799cf4aa6d
L2RAR2_R19_CONF_02_886002__T10_transport_strong_phase_30ms,55,55,2.4999999999999907,False,,a80a004105d052bd343f184899624ba93f3ed4cbd841e9dfd47115799cf4aa6d
L2RAR2_R19_CONF_02_886002__T10_transport_strong_phase_30ms,56,56,2.5499999999999896,False,,a80a004105d052bd343f184899624ba93f3ed4cbd841e9dfd47115799cf4aa6d
L2RAR2_R19_CONF_02_886002__T10_transport_strong_phase_30ms,57,57,2.5999999999999885,False,,a80a004105d052bd343f184899624ba93f3ed4cbd841e9dfd47115799cf4aa6d
L2RAR2_R19_CONF_02_886002__T10_transport_strong_phase_30ms,58,58,2.6499999999999875,False,,a80a004105d052bd343f184899624ba93f3ed4cbd841e9dfd47115799cf4aa6d
L2RAR2_R19_CONF_02_886002__T10_transport_strong_phase_30ms,59,59,2.6999999999999864,False,,a80a004105d052bd343f184899624ba93f3ed4cbd841e9dfd47115799cf4aa6d
L2RAR2_R19_CONF_02_886002__T10_transport_strong_phase_30ms,60,60,2.7299999999999858,False,,a80a004105d052bd343f184899624ba93f3ed4cbd841e9dfd47115799cf4aa6d
L2RAR2_R19_CONF_02_886002__T11_transport_strong_phase_40ms_rgb_dropout,0,0,0.0,False,,117658e5e682c356d04f6c8bcd7679bf088a153a362e4700cb43d35af63640bc
L2RAR2_R19_CONF_02_886002__T11_transport_strong_phase_40ms_rgb_dropout,1,1,0.05,False,,3286900ae828226e5095e943210a8f68a42949228d6a4c547bb407740efb1583
L2RAR2_R19_CONF_02_886002__T11_transport_strong_phase_40ms_rgb_dropout,2,2,0.09999999999999999,False,,a01a56a48e99bc85f440cd814adfcb33eb5467a722abb09226bdc2b2248814b9
L2RAR2_R19_CONF_02_886002__T11_transport_strong_phase_40ms_rgb_dropout,3,3,0.15,False,,cea620dbc48d3fb94646845593ac421b8c77fdcaaf438c850f6fd375df8360d2
L2RAR2_R19_CONF_02_886002__T11_transport_strong_phase_40ms_rgb_dropout,4,4,0.20000000000000004,False,,b3f5a7236a92c00d5e8cca9d74286cb041a52d948499a8306be468dea8c24716
L2RAR2_R19_CONF_02_886002__T11_transport_strong_phase_40ms_rgb_dropout,5,5,0.20000000000000004,False,,b3f5a7236a92c00d5e8cca9d74286cb041a52d948499a8306be468dea8c24716
L2RAR2_R19_CONF_02_886002__T11_transport_strong_phase_40ms_rgb_dropout,6,6,0.25000000000000006,False,,c87b9992c4743d50205d7793ad4eb1da50e6bb38d152b99e0110bea128cba2df
L2RAR2_R19_CONF_02_886002__T11_transport_strong_phase_40ms_rgb_dropout,7,7,0.3000000000000001,False,,be3c02f2b488790376abb35b84e751056a17cd25f8e6519c9b5155acc4ff298a
L2RAR2_R19_CONF_02_886002__T11_transport_strong_phase_40ms_rgb_dropout,8,8,0.3000000000000001,False,,be3c02f2b488790376abb35b84e751056a17cd25f8e6519c9b5155acc4ff298a
L2RAR2_R19_CONF_02_886002__T11_transport_strong_phase_40ms_rgb_dropout,9,9,0.35000000000000014,False,,1399d9789e28d9b5cfb53aba0b743f444c045f33502fece54b8d9df09a60d1a7
L2RAR2_R19_CONF_02_886002__T11_transport_strong_phase_40ms_rgb_dropout,10,10,0.4000000000000002,False,,a64fb3ab57ce133620230cf6b9a5ccbb656bb7e147bd9f4d741ed1cccff9a40b
L2RAR2_R19_CONF_02_886002__T11_transport_strong_phase_40ms_rgb_dropout,11,11,0.45000000000000023,False,,4ec2e433ea09e7e4ec9383fc889befe1a775497784c8bc7f1ce31aae74f8440f
L2RAR2_R19_CONF_02_886002__T11_transport_strong_phase_40ms_rgb_dropout,12,12,0.5000000000000002,False,,bb8e57bf6c3ea403f595b1ec341a45cef2b73e0cac1aadcda97ef491046dfb66
L2RAR2_R19_CONF_02_886002__T11_transport_strong_phase_40ms_rgb_dropout,13,13,0.5000000000000002,False,,bb8e57bf6c3ea403f595b1ec341a45cef2b73e0cac1aadcda97ef491046dfb66
L2RAR2_R19_CONF_02_886002__T11_transport_strong_phase_40ms_rgb_dropout,14,14,0.5500000000000003,False,,4466730458eac3fd69ce48c25801f620f6500ee0202be4f38bd6b5b6a6738715
L2RAR2_R19_CONF_02_886002__T11_transport_strong_phase_40ms_rgb_dropout,15,15,0.6000000000000003,False,,cf0f78b83b98fa9325042005ab4a684088f014937876da0ad4f2fa2fa6a982d3
L2RAR2_R19_CONF_02_886002__T11_transport_strong_phase_40ms_rgb_dropout,16,16,0.6500000000000004,False,,c9e74852b8c24c1811d3d6ecc3ad6fdbe90ea64bdd8bebcc9707a889be372094
L2RAR2_R19_CONF_02_886002__T11_transport_strong_phase_40ms_rgb_dropout,17,17,0.7000000000000004,False,,57ee02f5771e994e821524b61b71f42dfffdefb60439a12e30b5d0252185157c
L2RAR2_R19_CONF_02_886002__T11_transport_strong_phase_40ms_rgb_dropout,18,18,0.7500000000000004,False,,57ee02f5771e994e821524b61b71f42dfffdefb60439a12e30b5d0252185157c
L2RAR2_R19_CONF_02_886002__T11_transport_strong_phase_40ms_rgb_dropout,19,19,0.8000000000000005,False,,57ee02f5771e994e821524b61b71f42dfffdefb60439a12e30b5d0252185157c
L2RAR2_R19_CONF_02_886002__T11_transport_strong_phase_40ms_rgb_dropout,20,20,0.8500000000000005,False,,57ee02f5771e994e821524b61b71f42dfffdefb60439a12e30b5d0252185157c
L2RAR2_R19_CONF_02_886002__T11_transport_strong_phase_40ms_rgb_dropout,21,21,0.9000000000000006,False,,57ee02f5771e994e821524b61b71f42dfffdefb60439a12e30b5d0252185157c
L2RAR2_R19_CONF_02_886002__T11_transport_strong_phase_40ms_rgb_dropout,22,22,0.9500000000000006,False,,57ee02f5771e994e821524b61b71f42dfffdefb60439a12e30b5d0252185157c
L2RAR2_R19_CONF_02_886002__T11_transport_strong_phase_40ms_rgb_dropout,23,23,1.0000000000000007,False,,57ee02f5771e994e821524b61b71f42dfffdefb60439a12e30b5d0252185157c
L2RAR2_R19_CONF_02_886002__T11_transport_strong_phase_40ms_rgb_dropout,24,24,1.0500000000000007,False,,57ee02f5771e994e821524b61b71f42dfffdefb60439a12e30b5d0252185157c
L2RAR2_R19_CONF_02_886002__T11_transport_strong_phase_40ms_rgb_dropout,25,25,1.1000000000000008,False,,57ee02f5771e994e821524b61b71f42dfffdefb60439a12e30b5d0252185157c
L2RAR2_R19_CONF_02_886002__T11_transport_strong_phase_40ms_rgb_dropout,26,26,1.1500000000000008,False,,aacbf74fd56d4e715e89c202920f872f9109d8e516819f0b1510e1a9e64a4a77
L2RAR2_R19_CONF_02_886002__T11_transport_strong_phase_40ms_rgb_dropout,27,27,1.2000000000000008,False,,3dd9cf243bcfadb412ee99c358af860683b5fef27c65c2269dbd3e899f4f89d6
L2RAR2_R19_CONF_02_886002__T11_transport_strong_phase_40ms_rgb_dropout,28,28,1.2500000000000009,False,,8067ddead048f503aa919fdba2a659e54ca87d4a613fd40a53ad6a367410921d
L2RAR2_R19_CONF_02_886002__T11_transport_strong_phase_40ms_rgb_dropout,29,29,1.300000000000001,False,,dc0152e1b5fc9a42239a6cf6f0c244909caab09d33a2eb7c85cddce886ebf119
L2RAR2_R19_CONF_02_886002__T11_transport_strong_phase_40ms_rgb_dropout,30,30,1.350000000000001,False,,a6503270df67f25b9658e7cc27dc6bd62147d75e7b74efc86f0486aa47f46813
L2RAR2_R19_CONF_02_886002__T11_transport_strong_phase_40ms_rgb_dropout,31,31,1.400000000000001,False,,6e5894c2fc838e04d3b550409cd3393a5b905db251aae5bc4c98c4a07c5aa026
L2RAR2_R19_CONF_02_886002__T11_transport_strong_phase_40ms_rgb_dropout,32,32,1.450000000000001,False,,
L2RAR2_R19_CONF_02_886002__T11_transport_strong_phase_40ms_rgb_dropout,33,33,1.500000000000001,False,,
L2RAR2_R19_CONF_02_886002__T11_transport_strong_phase_40ms_rgb_dropout,34,34,1.5400000000000011,False,,6b2fca715e814b6050255ff835acad09a20ea88f50f94817cdb3669a57950ae0
L2RAR2_R19_CONF_02_886002__T11_transport_strong_phase_40ms_rgb_dropout,35,35,1.5500000000000012,False,,
L2RAR2_R19_CONF_02_886002__T11_transport_strong_phase_40ms_rgb_dropout,36,36,1.6000000000000012,False,,aa8440bf897f5a87e02e77a743c54d7a46374ae65075110514aa599e1460c8f4
L2RAR2_R19_CONF_02_886002__T11_transport_strong_phase_40ms_rgb_dropout,37,37,1.6500000000000012,False,,4a40b851da2925742d126ace1ea16eddcc1d5182c3abb9b34fc7ec21c99a1457
L2RAR2_R19_CONF_02_886002__T11_transport_strong_phase_40ms_rgb_dropout,38,38,1.7000000000000013,False,,a80a004105d052bd343f184899624ba93f3ed4cbd841e9dfd47115799cf4aa6d
L2RAR2_R19_CONF_02_886002__T11_transport_strong_phase_40ms_rgb_dropout,39,39,1.7400000000000013,False,,a80a004105d052bd343f184899624ba93f3ed4cbd841e9dfd47115799cf4aa6d
L2RAR2_R19_CONF_02_886002__T11_transport_strong_phase_40ms_rgb_dropout,40,40,1.7500000000000013,False,,a80a004105d052bd343f184899624ba93f3ed4cbd841e9dfd47115799cf4aa6d
L2RAR2_R19_CONF_02_886002__T11_transport_strong_phase_40ms_rgb_dropout,41,41,1.8000000000000014,False,,a80a004105d052bd343f184899624ba93f3ed4cbd841e9dfd47115799cf4aa6d
L2RAR2_R19_CONF_02_886002__T11_transport_strong_phase_40ms_rgb_dropout,42,42,1.8500000000000014,False,,a80a004105d052bd343f184899624ba93f3ed4cbd841e9dfd47115799cf4aa6d
L2RAR2_R19_CONF_02_886002__T11_transport_strong_phase_40ms_rgb_dropout,43,43,1.9000000000000015,False,,a80a004105d052bd343f184899624ba93f3ed4cbd841e9dfd47115799cf4aa6d
L2RAR2_R19_CONF_02_886002__T11_transport_strong_phase_40ms_rgb_dropout,44,44,1.9500000000000015,False,,a80a004105d052bd343f184899624ba93f3ed4cbd841e9dfd47115799cf4aa6d
L2RAR2_R19_CONF_02_886002__T11_transport_strong_phase_40ms_rgb_dropout,45,45,2.0000000000000013,False,,a80a004105d052bd343f184899624ba93f3ed4cbd841e9dfd47115799cf4aa6d
L2RAR2_R19_CONF_02_886002__T11_transport_strong_phase_40ms_rgb_dropout,46,46,2.0500000000000003,False,,a80a004105d052bd343f184899624ba93f3ed4cbd841e9dfd47115799cf4aa6d
L2RAR2_R19_CONF_02_886002__T11_transport_strong_phase_40ms_rgb_dropout,47,47,2.099999999999999,False,,a80a004105d052bd343f184899624ba93f3ed4cbd841e9dfd47115799cf4aa6d
L2RAR2_R19_CONF_02_886002__T11_transport_strong_phase_40ms_rgb_dropout,48,48,2.149999999999998,False,,a80a004105d052bd343f184899624ba93f3ed4cbd841e9dfd47115799cf4aa6d
L2RAR2_R19_CONF_02_886002__T11_transport_strong_phase_40ms_rgb_dropout,49,49,2.199999999999997,False,,a80a004105d052bd343f184899624ba93f3ed4cbd841e9dfd47115799cf4aa6d
L2RAR2_R19_CONF_02_886002__T11_transport_strong_phase_40ms_rgb_dropout,50,50,2.249999999999996,False,,a80a004105d052bd343f184899624ba93f3ed4cbd841e9dfd47115799cf4aa6d
L2RAR2_R19_CONF_02_886002__T11_transport_strong_phase_40ms_rgb_dropout,51,51,2.299999999999995,False,,a80a004105d052bd343f184899624ba93f3ed4cbd841e9dfd47115799cf4aa6d
L2RAR2_R19_CONF_02_886002__T11_transport_strong_phase_40ms_rgb_dropout,52,52,2.349999999999994,False,,a80a004105d052bd343f184899624ba93f3ed4cbd841e9dfd47115799cf4aa6d
L2RAR2_R19_CONF_02_886002__T11_transport_strong_phase_40ms_rgb_dropout,53,53,2.399999999999993,False,,a80a004105d052bd343f184899624ba93f3ed4cbd841e9dfd47115799cf4aa6d
L2RAR2_R19_CONF_02_886002__T11_transport_strong_phase_40ms_rgb_dropout,54,54,2.4499999999999917,False,,a80a004105d052bd343f184899624ba93f3ed4cbd841e9dfd47115799cf4aa6d
L2RAR2_R19_CONF_02_886002__T11_transport_strong_phase_40ms_rgb_dropout,55,55,2.4999999999999907,False,,a80a004105d052bd343f184899624ba93f3ed4cbd841e9dfd47115799cf4aa6d
L2RAR2_R19_CONF_02_886002__T11_transport_strong_phase_40ms_rgb_dropout,56,56,2.5499999999999896,False,,a80a004105d052bd343f184899624ba93f3ed4cbd841e9dfd47115799cf4aa6d
L2RAR2_R19_CONF_02_886002__T11_transport_strong_phase_40ms_rgb_dropout,57,57,2.5999999999999885,False,,a80a004105d052bd343f184899624ba93f3ed4cbd841e9dfd47115799cf4aa6d
L2RAR2_R19_CONF_02_886002__T11_transport_strong_phase_40ms_rgb_dropout,58,58,2.6499999999999875,False,,a80a004105d052bd343f184899624ba93f3ed4cbd841e9dfd47115799cf4aa6d
L2RAR2_R19_CONF_02_886002__T11_transport_strong_phase_40ms_rgb_dropout,59,59,2.6999999999999864,False,,a80a004105d052bd343f184899624ba93f3ed4cbd841e9dfd47115799cf4aa6d
L2RAR2_R19_CONF_02_886002__T11_transport_strong_phase_40ms_rgb_dropout,60,60,2.7399999999999856,False,,a80a004105d052bd343f184899624ba93f3ed4cbd841e9dfd47115799cf4aa6d
L2RAR2_R19_CONF_02_886002__T12_transport_commanded_release,0,0,0.0,False,,117658e5e682c356d04f6c8bcd7679bf088a153a362e4700cb43d35af63640bc
L2RAR2_R19_CONF_02_886002__T12_transport_commanded_release,1,1,0.05,False,,3286900ae828226e5095e943210a8f68a42949228d6a4c547bb407740efb1583
L2RAR2_R19_CONF_02_886002__T12_transport_commanded_release,2,2,0.09999999999999999,False,,a01a56a48e99bc85f440cd814adfcb33eb5467a722abb09226bdc2b2248814b9
L2RAR2_R19_CONF_02_886002__T12_transport_commanded_release,3,3,0.15,False,,cea620dbc48d3fb94646845593ac421b8c77fdcaaf438c850f6fd375df8360d2
L2RAR2_R19_CONF_02_886002__T12_transport_commanded_release,4,4,0.20000000000000004,False,,b3f5a7236a92c00d5e8cca9d74286cb041a52d948499a8306be468dea8c24716
L2RAR2_R19_CONF_02_886002__T12_transport_commanded_release,5,5,0.20000000000000004,False,,b3f5a7236a92c00d5e8cca9d74286cb041a52d948499a8306be468dea8c24716
L2RAR2_R19_CONF_02_886002__T12_transport_commanded_release,6,6,0.25000000000000006,False,,c87b9992c4743d50205d7793ad4eb1da50e6bb38d152b99e0110bea128cba2df
L2RAR2_R19_CONF_02_886002__T12_transport_commanded_release,7,7,0.3000000000000001,False,,be3c02f2b488790376abb35b84e751056a17cd25f8e6519c9b5155acc4ff298a
L2RAR2_R19_CONF_02_886002__T12_transport_commanded_release,8,8,0.3000000000000001,False,,be3c02f2b488790376abb35b84e751056a17cd25f8e6519c9b5155acc4ff298a
L2RAR2_R19_CONF_02_886002__T12_transport_commanded_release,9,9,0.35000000000000014,False,,1399d9789e28d9b5cfb53aba0b743f444c045f33502fece54b8d9df09a60d1a7
L2RAR2_R19_CONF_02_886002__T12_transport_commanded_release,10,10,0.4000000000000002,False,,a64fb3ab57ce133620230cf6b9a5ccbb656bb7e147bd9f4d741ed1cccff9a40b
L2RAR2_R19_CONF_02_886002__T12_transport_commanded_release,11,11,0.45000000000000023,False,,4ec2e433ea09e7e4ec9383fc889befe1a775497784c8bc7f1ce31aae74f8440f
L2RAR2_R19_CONF_02_886002__T12_transport_commanded_release,12,12,0.5000000000000002,False,,bb8e57bf6c3ea403f595b1ec341a45cef2b73e0cac1aadcda97ef491046dfb66
L2RAR2_R19_CONF_02_886002__T12_transport_commanded_release,13,13,0.5000000000000002,False,,bb8e57bf6c3ea403f595b1ec341a45cef2b73e0cac1aadcda97ef491046dfb66
L2RAR2_R19_CONF_02_886002__T12_transport_commanded_release,14,14,0.5500000000000003,False,,4466730458eac3fd69ce48c25801f620f6500ee0202be4f38bd6b5b6a6738715
L2RAR2_R19_CONF_02_886002__T12_transport_commanded_release,15,15,0.6000000000000003,False,,cf0f78b83b98fa9325042005ab4a684088f014937876da0ad4f2fa2fa6a982d3
L2RAR2_R19_CONF_02_886002__T12_transport_commanded_release,16,16,0.6500000000000004,False,,c9e74852b8c24c1811d3d6ecc3ad6fdbe90ea64bdd8bebcc9707a889be372094
L2RAR2_R19_CONF_02_886002__T12_transport_commanded_release,17,17,0.7000000000000004,False,,57ee02f5771e994e821524b61b71f42dfffdefb60439a12e30b5d0252185157c
L2RAR2_R19_CONF_02_886002__T12_transport_commanded_release,18,18,0.7500000000000004,False,,57ee02f5771e994e821524b61b71f42dfffdefb60439a12e30b5d0252185157c
L2RAR2_R19_CONF_02_886002__T12_transport_commanded_release,19,19,0.8000000000000005,False,,57ee02f5771e994e821524b61b71f42dfffdefb60439a12e30b5d0252185157c
L2RAR2_R19_CONF_02_886002__T12_transport_commanded_release,20,20,0.8500000000000005,False,,57ee02f5771e994e821524b61b71f42dfffdefb60439a12e30b5d0252185157c
L2RAR2_R19_CONF_02_886002__T12_transport_commanded_release,21,21,0.9000000000000006,False,,57ee02f5771e994e821524b61b71f42dfffdefb60439a12e30b5d0252185157c
L2RAR2_R19_CONF_02_886002__T12_transport_commanded_release,22,22,0.9500000000000006,False,,57ee02f5771e994e821524b61b71f42dfffdefb60439a12e30b5d0252185157c
L2RAR2_R19_CONF_02_886002__T12_transport_commanded_release,23,23,1.0000000000000007,False,,57ee02f5771e994e821524b61b71f42dfffdefb60439a12e30b5d0252185157c
L2RAR2_R19_CONF_02_886002__T12_transport_commanded_release,24,24,1.0500000000000007,False,,57ee02f5771e994e821524b61b71f42dfffdefb60439a12e30b5d0252185157c
L2RAR2_R19_CONF_02_886002__T12_transport_commanded_release,25,25,1.1000000000000008,False,,57ee02f5771e994e821524b61b71f42dfffdefb60439a12e30b5d0252185157c
L2RAR2_R19_CONF_02_886002__T12_transport_commanded_release,26,26,1.1500000000000008,False,,aacbf74fd56d4e715e89c202920f872f9109d8e516819f0b1510e1a9e64a4a77
L2RAR2_R19_CONF_02_886002__T12_transport_commanded_release,27,27,1.2000000000000008,False,,3dd9cf243bcfadb412ee99c358af860683b5fef27c65c2269dbd3e899f4f89d6
L2RAR2_R19_CONF_02_886002__T12_transport_commanded_release,28,28,1.2500000000000009,False,,8067ddead048f503aa919fdba2a659e54ca87d4a613fd40a53ad6a367410921d
L2RAR2_R19_CONF_02_886002__T12_transport_commanded_release,29,29,1.300000000000001,False,,dc0152e1b5fc9a42239a6cf6f0c244909caab09d33a2eb7c85cddce886ebf119
L2RAR2_R19_CONF_02_886002__T12_transport_commanded_release,30,30,1.350000000000001,False,,4d4a6e3997b12a89caa3a609451ed27ba2615b3567a6289ce228a364b0416e10
L2RAR2_R19_CONF_02_886002__T12_transport_commanded_release,31,31,1.400000000000001,False,,e1c4b6072ff185c4cf7e4488694ff8b54db988bbee975edfb6140ce49d07e8cd
L2RAR2_R19_CONF_02_886002__T12_transport_commanded_release,32,32,1.450000000000001,False,,d9ff23202f4ddac75621b55e3c8be7327d9a4237ea7d482d3e4cc22b4ee10eae
L2RAR2_R19_CONF_02_886002__T12_transport_commanded_release,33,33,1.500000000000001,False,,6b2ba4e2ec28424c4be5d1eec7e996fb64ab299e0107137562437bda1dd64fbf
L2RAR2_R19_CONF_02_886002__T12_transport_commanded_release,34,34,1.5500000000000012,False,,565d8a7bfb1db2fc78ceac2a4efa2cacce559990074e76c10e444d257df54b38
L2RAR2_R19_CONF_02_886002__T12_transport_commanded_release,35,35,1.6000000000000012,False,,b8bbe8981799edfb8548fa1f9bbe53d96c8ca64a01ee06d37cf4e34f222653fb
L2RAR2_R19_CONF_02_886002__T12_transport_commanded_release,36,36,1.6500000000000012,False,,07b63f9f60dbbaeca3849590be76caa779ab0b74832c46f9b77abf9cfe1622f7
L2RAR2_R19_CONF_02_886002__T12_transport_commanded_release,37,37,1.7000000000000013,False,,0c4a1df033a8add87d96f945bc7e44da1255b8387f388206e98e90ba8ba1775f
L2RAR2_R19_CONF_02_886002__T12_transport_commanded_release,38,38,1.7500000000000013,False,,b2a1ae1f40e41dc45f508783fc6105f681dfddf467c8bb638611224a4e886347
L2RAR2_R19_CONF_02_886002__T12_transport_commanded_release,39,39,1.8000000000000014,False,,89c0b75d16d39615550e11f6fe68615a947e87ce7237a109fdf66c933f3a32fc
L2RAR2_R19_CONF_02_886002__T12_transport_commanded_release,40,40,1.8200000000000014,False,,6ddaafdf1f82ee47b8a36cd362e31d07ff2b33cb5b4f37935190476aabe32655
L2RAR2_R19_CONF_02_886002__T12_transport_commanded_release,41,41,1.8500000000000014,False,,f6ab7688211e6a6110be23a8c9c01f54f1da8b03050ebc4b3ee69968b0d876c7
L2RAR2_R19_CONF_02_886002__T12_transport_commanded_release,42,42,1.9000000000000015,False,,fb2c69c007d599081f5b0893c34c84e437c601776e1f3d630907dd9377e44a83
L2RAR2_R19_CONF_02_886002__T12_transport_commanded_release,43,43,1.9500000000000015,False,,90ccb6c94923e0433f043041dcd81665fa6e8c1c2b6b4527335bfd0bf28862d5
L2RAR2_R19_CONF_02_886002__T12_transport_commanded_release,44,44,2.0000000000000013,False,,c4c95c3da383decdbee9619e943d0440c6a87d4610ae298acac21f6bca40c8cf
L2RAR2_R19_CONF_02_886002__T12_transport_commanded_release,45,45,2.020000000000001,False,,c4c95c3da383decdbee9619e943d0440c6a87d4610ae298acac21f6bca40c8cf
L2RAR2_R19_CONF_02_886002__T12_transport_commanded_release,46,46,2.0500000000000003,False,,ddc4f25c964f87a6dfa73593c48f0eab1fc989f1e7e8e2f433158e4127ee709b
L2RAR2_R19_CONF_02_886002__T12_transport_commanded_release,47,47,2.099999999999999,False,,c8c57ca9210fd97f0141d818e0d980cf634ecc14bb828450332a83d68c648069
L2RAR2_R19_CONF_02_886002__T12_transport_commanded_release,48,48,2.149999999999998,False,,07225a0d7b82e017e1d08e29fa9d03bd4c075d7e78043c8a6cc51c0e531400fa
L2RAR2_R19_CONF_02_886002__T12_transport_commanded_release,49,49,2.199999999999997,False,,0bc4715a03b006097675a447dc59eef757fa5af52383eaecb781d8a8e1c07fc2
L2RAR2_R19_CONF_02_886002__T12_transport_commanded_release,50,50,2.249999999999996,False,,45c6cc6a3f056bedbb9b76bc969e6c598b55ed81b50727488bdde939bb873368
L2RAR2_R19_CONF_02_886002__T12_transport_commanded_release,51,51,2.299999999999995,False,,1a29a0027044100a10ff52f6d595769f5780f860697417f6c3e7819600d1bad2
L2RAR2_R19_CONF_02_886002__T12_transport_commanded_release,52,52,2.349999999999994,False,,79d5392aafbc48c4e69aad23309c6dfab68d8b03cee99f95e8db2d81f595d1a9
L2RAR2_R19_CONF_02_886002__T12_transport_commanded_release,53,53,2.399999999999993,False,,91b585242dabd2c6f13eca0647cf750423d4276792e70a4e6e31b01f9c03a485
L2RAR2_R19_CONF_02_886002__T12_transport_commanded_release,54,54,2.4499999999999917,False,,546ec9f08ad1bdbdceb9b52b2e27a45c1ee87ba67d14d2a604edf975d3ee7a19
L2RAR2_R19_CONF_02_886002__T12_transport_commanded_release,55,55,2.4999999999999907,False,,91b585242dabd2c6f13eca0647cf750423d4276792e70a4e6e31b01f9c03a485
L2RAR2_R19_CONF_02_886002__T12_transport_commanded_release,56,56,2.5499999999999896,False,,59f11ce461f12208333768164ad1f5f9605be318c49f0003ba2255e474635630
L2RAR2_R19_CONF_02_886002__T12_transport_commanded_release,57,57,2.5999999999999885,False,,7fba78fd4c2ce799f89d519ecf0f1350f7b54a6d2db0ac28865dfea44501feca
L2RAR2_R19_CONF_02_886002__T12_transport_commanded_release,58,58,2.6499999999999875,False,,5d58238a3a53833c85243ca1bb8167d89c81cf4c57ccef8d80b913c55c0a6493
L2RAR2_R19_CONF_02_886002__T12_transport_commanded_release,59,59,2.6999999999999864,False,,92f8aac0b9e9ac767682e6047010bfc458ebfb6a6b710dd6ac2de9c883d42db6
L2RAR2_R19_CONF_02_886002__T12_transport_commanded_release,60,60,2.7499999999999853,False,,ad19b016575416835701d688fce68e78cf1bb5c2d1c19fdf2da232f7c9b9c43f
L2RAR2_R19_CONF_02_886002__T12_transport_commanded_release,61,61,2.7999999999999843,False,,8f928bbe949ae64ab38327a4d72e0d7b3614d7753cb49d98513456fcdaf64d78
L2RAR2_R19_CONF_02_886002__T12_transport_commanded_release,62,62,2.849999999999983,False,,8f928bbe949ae64ab38327a4d72e0d7b3614d7753cb49d98513456fcdaf64d78
L2RAR2_R19_CONF_02_886002__T12_transport_commanded_release,63,63,2.899999999999982,False,,8f928bbe949ae64ab38327a4d72e0d7b3614d7753cb49d98513456fcdaf64d78
L2RAR2_R19_CONF_02_886002__T12_transport_commanded_release,64,64,2.949999999999981,False,,4f90bd91e294b8269f1ca3693f0fbfeec8db40e34d6372d6554ab650dfc8819b
L2RAR2_R19_CONF_02_886002__T12_transport_commanded_release,65,65,2.99999999999998,False,,79b4c52433c108d4a4fd0c8977c9b402f9f188774640041cd54ae5fc108eaea2
L2RAR2_R19_CONF_02_886002__T12_transport_commanded_release,66,66,3.0199999999999796,False,,454889f148ab1a30569a6d31441c03e88066c26c75279b27c2a951f0272bdf5d
L2RAR2_R19_CONF_02_886002__T1_transport_stable_clean,0,0,0.0,False,,117658e5e682c356d04f6c8bcd7679bf088a153a362e4700cb43d35af63640bc
L2RAR2_R19_CONF_02_886002__T1_transport_stable_clean,1,1,0.05,False,,3286900ae828226e5095e943210a8f68a42949228d6a4c547bb407740efb1583
L2RAR2_R19_CONF_02_886002__T1_transport_stable_clean,2,2,0.09999999999999999,False,,a01a56a48e99bc85f440cd814adfcb33eb5467a722abb09226bdc2b2248814b9
L2RAR2_R19_CONF_02_886002__T1_transport_stable_clean,3,3,0.15,False,,cea620dbc48d3fb94646845593ac421b8c77fdcaaf438c850f6fd375df8360d2
L2RAR2_R19_CONF_02_886002__T1_transport_stable_clean,4,4,0.20000000000000004,False,,b3f5a7236a92c00d5e8cca9d74286cb041a52d948499a8306be468dea8c24716
L2RAR2_R19_CONF_02_886002__T1_transport_stable_clean,5,5,0.20000000000000004,False,,b3f5a7236a92c00d5e8cca9d74286cb041a52d948499a8306be468dea8c24716
L2RAR2_R19_CONF_02_886002__T1_transport_stable_clean,6,6,0.25000000000000006,False,,c87b9992c4743d50205d7793ad4eb1da50e6bb38d152b99e0110bea128cba2df
L2RAR2_R19_CONF_02_886002__T1_transport_stable_clean,7,7,0.3000000000000001,False,,be3c02f2b488790376abb35b84e751056a17cd25f8e6519c9b5155acc4ff298a
L2RAR2_R19_CONF_02_886002__T1_transport_stable_clean,8,8,0.3000000000000001,False,,be3c02f2b488790376abb35b84e751056a17cd25f8e6519c9b5155acc4ff298a
L2RAR2_R19_CONF_02_886002__T1_transport_stable_clean,9,9,0.35000000000000014,False,,1399d9789e28d9b5cfb53aba0b743f444c045f33502fece54b8d9df09a60d1a7
L2RAR2_R19_CONF_02_886002__T1_transport_stable_clean,10,10,0.4000000000000002,False,,a64fb3ab57ce133620230cf6b9a5ccbb656bb7e147bd9f4d741ed1cccff9a40b
L2RAR2_R19_CONF_02_886002__T1_transport_stable_clean,11,11,0.45000000000000023,False,,4ec2e433ea09e7e4ec9383fc889befe1a775497784c8bc7f1ce31aae74f8440f
L2RAR2_R19_CONF_02_886002__T1_transport_stable_clean,12,12,0.5000000000000002,False,,bb8e57bf6c3ea403f595b1ec341a45cef2b73e0cac1aadcda97ef491046dfb66
L2RAR2_R19_CONF_02_886002__T1_transport_stable_clean,13,13,0.5000000000000002,False,,bb8e57bf6c3ea403f595b1ec341a45cef2b73e0cac1aadcda97ef491046dfb66
L2RAR2_R19_CONF_02_886002__T1_transport_stable_clean,14,14,0.5500000000000003,False,,4466730458eac3fd69ce48c25801f620f6500ee0202be4f38bd6b5b6a6738715
L2RAR2_R19_CONF_02_886002__T1_transport_stable_clean,15,15,0.6000000000000003,False,,cf0f78b83b98fa9325042005ab4a684088f014937876da0ad4f2fa2fa6a982d3
L2RAR2_R19_CONF_02_886002__T1_transport_stable_clean,16,16,0.6500000000000004,False,,c9e74852b8c24c1811d3d6ecc3ad6fdbe90ea64bdd8bebcc9707a889be372094
L2RAR2_R19_CONF_02_886002__T1_transport_stable_clean,17,17,0.7000000000000004,False,,57ee02f5771e994e821524b61b71f42dfffdefb60439a12e30b5d0252185157c
L2RAR2_R19_CONF_02_886002__T1_transport_stable_clean,18,18,0.7500000000000004,False,,57ee02f5771e994e821524b61b71f42dfffdefb60439a12e30b5d0252185157c
L2RAR2_R19_CONF_02_886002__T1_transport_stable_clean,19,19,0.8000000000000005,False,,57ee02f5771e994e821524b61b71f42dfffdefb60439a12e30b5d0252185157c
L2RAR2_R19_CONF_02_886002__T1_transport_stable_clean,20,20,0.8500000000000005,False,,57ee02f5771e994e821524b61b71f42dfffdefb60439a12e30b5d0252185157c
L2RAR2_R19_CONF_02_886002__T1_transport_stable_clean,21,21,0.9000000000000006,False,,57ee02f5771e994e821524b61b71f42dfffdefb60439a12e30b5d0252185157c
L2RAR2_R19_CONF_02_886002__T1_transport_stable_clean,22,22,0.9500000000000006,False,,57ee02f5771e994e821524b61b71f42dfffdefb60439a12e30b5d0252185157c
L2RAR2_R19_CONF_02_886002__T1_transport_stable_clean,23,23,1.0000000000000007,False,,57ee02f5771e994e821524b61b71f42dfffdefb60439a12e30b5d0252185157c
L2RAR2_R19_CONF_02_886002__T1_transport_stable_clean,24,24,1.0500000000000007,False,,57ee02f5771e994e821524b61b71f42dfffdefb60439a12e30b5d0252185157c
L2RAR2_R19_CONF_02_886002__T1_transport_stable_clean,25,25,1.1000000000000008,False,,57ee02f5771e994e821524b61b71f42dfffdefb60439a12e30b5d0252185157c
L2RAR2_R19_CONF_02_886002__T1_transport_stable_clean,26,26,1.1500000000000008,False,,aacbf74fd56d4e715e89c202920f872f9109d8e516819f0b1510e1a9e64a4a77
L2RAR2_R19_CONF_02_886002__T1_transport_stable_clean,27,27,1.2000000000000008,False,,3dd9cf243bcfadb412ee99c358af860683b5fef27c65c2269dbd3e899f4f89d6
L2RAR2_R19_CONF_02_886002__T1_transport_stable_clean,28,28,1.2500000000000009,False,,8067ddead048f503aa919fdba2a659e54ca87d4a613fd40a53ad6a367410921d
L2RAR2_R19_CONF_02_886002__T1_transport_stable_clean,29,29,1.300000000000001,False,,dc0152e1b5fc9a42239a6cf6f0c244909caab09d33a2eb7c85cddce886ebf119
L2RAR2_R19_CONF_02_886002__T1_transport_stable_clean,30,30,1.350000000000001,False,,5786629b0525e1f66c8f23b6970c5b818a3915199dca1523e1e7048555a8f362
L2RAR2_R19_CONF_02_886002__T1_transport_stable_clean,31,31,1.400000000000001,False,,e37edef3dd0ae5c86aa23336818302bd85e6e0bd3206a19946977f62c1344192
L2RAR2_R19_CONF_02_886002__T1_transport_stable_clean,32,32,1.450000000000001,False,,b7b94a1c0bcb3dcbcc695d13de3c365aae606826f22e7c8723bcc67b5bdcf22e
L2RAR2_R19_CONF_02_886002__T1_transport_stable_clean,33,33,1.500000000000001,False,,c8b9a4c47d5a5c071a823025ba1cd9b1a5d61ea343b96be6676c79a9a30eae20
L2RAR2_R19_CONF_02_886002__T1_transport_stable_clean,34,34,1.500000000000001,False,,c8b9a4c47d5a5c071a823025ba1cd9b1a5d61ea343b96be6676c79a9a30eae20
L2RAR2_R19_CONF_02_886002__T1_transport_stable_clean,35,35,1.5500000000000012,False,,941be2c3017d2261c5083527ca1c5cb5f3dd0e06c9d342b99df767552149deff
L2RAR2_R19_CONF_02_886002__T1_transport_stable_clean,36,36,1.6000000000000012,False,,6b85f70b7aa6e636912a19eae1ea096635fdf4eb8185cc5afaaef2e6d7c6db85
L2RAR2_R19_CONF_02_886002__T1_transport_stable_clean,37,37,1.6500000000000012,False,,b7fec7b4e3242b74a17722b70c0ac3c5b327c0a1202489abb014b1a83d30006d
L2RAR2_R19_CONF_02_886002__T1_transport_stable_clean,38,38,1.7000000000000013,False,,186a64c0a2c4cad061d403344e13027a9c22978077f7ff54397be52927076fb3
L2RAR2_R19_CONF_02_886002__T1_transport_stable_clean,39,39,1.7500000000000013,False,,b9ff8121865d3ffadafa8736a8da9445cad818a3521a70f3c4fb898cf5dad91f
L2RAR2_R19_CONF_02_886002__T1_transport_stable_clean,40,40,1.8000000000000014,False,,3e94d3fd93bf0d38e61fddc2a60f71c74203a9c99a59cd41913f70de5f6eb015
L2RAR2_R19_CONF_02_886002__T1_transport_stable_clean,41,41,1.8500000000000014,False,,3e94d3fd93bf0d38e61fddc2a60f71c74203a9c99a59cd41913f70de5f6eb015
L2RAR2_R19_CONF_02_886002__T1_transport_stable_clean,42,42,1.9000000000000015,False,,ec3d6b7b3521fbb69d1d3885960d8a4603f86a1556203e071c2a372fd7b2e0f6
L2RAR2_R19_CONF_02_886002__T1_transport_stable_clean,43,43,1.9500000000000015,False,,ec3d6b7b3521fbb69d1d3885960d8a4603f86a1556203e071c2a372fd7b2e0f6
L2RAR2_R19_CONF_02_886002__T1_transport_stable_clean,44,44,2.0000000000000013,False,,ec3d6b7b3521fbb69d1d3885960d8a4603f86a1556203e071c2a372fd7b2e0f6
L2RAR2_R19_CONF_02_886002__T1_transport_stable_clean,45,45,2.0500000000000003,False,,ec3d6b7b3521fbb69d1d3885960d8a4603f86a1556203e071c2a372fd7b2e0f6
L2RAR2_R19_CONF_02_886002__T1_transport_stable_clean,46,46,2.099999999999999,False,,ec3d6b7b3521fbb69d1d3885960d8a4603f86a1556203e071c2a372fd7b2e0f6
L2RAR2_R19_CONF_02_886002__T1_transport_stable_clean,47,47,2.149999999999998,False,,ec3d6b7b3521fbb69d1d3885960d8a4603f86a1556203e071c2a372fd7b2e0f6
L2RAR2_R19_CONF_02_886002__T1_transport_stable_clean,48,48,2.199999999999997,False,,ec3d6b7b3521fbb69d1d3885960d8a4603f86a1556203e071c2a372fd7b2e0f6
L2RAR2_R19_CONF_02_886002__T1_transport_stable_clean,49,49,2.249999999999996,False,,ec3d6b7b3521fbb69d1d3885960d8a4603f86a1556203e071c2a372fd7b2e0f6
L2RAR2_R19_CONF_02_886002__T1_transport_stable_clean,50,50,2.299999999999995,False,,ec3d6b7b3521fbb69d1d3885960d8a4603f86a1556203e071c2a372fd7b2e0f6
L2RAR2_R19_CONF_02_886002__T1_transport_stable_clean,51,51,2.349999999999994,False,,ec3d6b7b3521fbb69d1d3885960d8a4603f86a1556203e071c2a372fd7b2e0f6
L2RAR2_R19_CONF_02_886002__T1_transport_stable_clean,52,52,2.399999999999993,False,,ec3d6b7b3521fbb69d1d3885960d8a4603f86a1556203e071c2a372fd7b2e0f6
L2RAR2_R19_CONF_02_886002__T1_transport_stable_clean,53,53,2.4499999999999917,False,,ec3d6b7b3521fbb69d1d3885960d8a4603f86a1556203e071c2a372fd7b2e0f6
L2RAR2_R19_CONF_02_886002__T1_transport_stable_clean,54,54,2.4999999999999907,False,,ec3d6b7b3521fbb69d1d3885960d8a4603f86a1556203e071c2a372fd7b2e0f6
L2RAR2_R19_CONF_02_886002__T1_transport_stable_clean,55,55,2.4999999999999907,False,,ec3d6b7b3521fbb69d1d3885960d8a4603f86a1556203e071c2a372fd7b2e0f6
L2RAR2_R19_CONF_02_886002__T2_transport_camera_jitter,0,0,0.0,False,,117658e5e682c356d04f6c8bcd7679bf088a153a362e4700cb43d35af63640bc
L2RAR2_R19_CONF_02_886002__T2_transport_camera_jitter,1,1,0.05,False,,3286900ae828226e5095e943210a8f68a42949228d6a4c547bb407740efb1583
L2RAR2_R19_CONF_02_886002__T2_transport_camera_jitter,2,2,0.09999999999999999,False,,a01a56a48e99bc85f440cd814adfcb33eb5467a722abb09226bdc2b2248814b9
L2RAR2_R19_CONF_02_886002__T2_transport_camera_jitter,3,3,0.15,False,,cea620dbc48d3fb94646845593ac421b8c77fdcaaf438c850f6fd375df8360d2
L2RAR2_R19_CONF_02_886002__T2_transport_camera_jitter,4,4,0.20000000000000004,False,,b3f5a7236a92c00d5e8cca9d74286cb041a52d948499a8306be468dea8c24716
L2RAR2_R19_CONF_02_886002__T2_transport_camera_jitter,5,5,0.20000000000000004,False,,b3f5a7236a92c00d5e8cca9d74286cb041a52d948499a8306be468dea8c24716
L2RAR2_R19_CONF_02_886002__T2_transport_camera_jitter,6,6,0.25000000000000006,False,,c87b9992c4743d50205d7793ad4eb1da50e6bb38d152b99e0110bea128cba2df
L2RAR2_R19_CONF_02_886002__T2_transport_camera_jitter,7,7,0.3000000000000001,False,,be3c02f2b488790376abb35b84e751056a17cd25f8e6519c9b5155acc4ff298a
L2RAR2_R19_CONF_02_886002__T2_transport_camera_jitter,8,8,0.3000000000000001,False,,be3c02f2b488790376abb35b84e751056a17cd25f8e6519c9b5155acc4ff298a
L2RAR2_R19_CONF_02_886002__T2_transport_camera_jitter,9,9,0.35000000000000014,False,,1399d9789e28d9b5cfb53aba0b743f444c045f33502fece54b8d9df09a60d1a7
L2RAR2_R19_CONF_02_886002__T2_transport_camera_jitter,10,10,0.4000000000000002,False,,a64fb3ab57ce133620230cf6b9a5ccbb656bb7e147bd9f4d741ed1cccff9a40b
L2RAR2_R19_CONF_02_886002__T2_transport_camera_jitter,11,11,0.45000000000000023,False,,4ec2e433ea09e7e4ec9383fc889befe1a775497784c8bc7f1ce31aae74f8440f
L2RAR2_R19_CONF_02_886002__T2_transport_camera_jitter,12,12,0.5000000000000002,False,,bb8e57bf6c3ea403f595b1ec341a45cef2b73e0cac1aadcda97ef491046dfb66
L2RAR2_R19_CONF_02_886002__T2_transport_camera_jitter,13,13,0.5000000000000002,False,,bb8e57bf6c3ea403f595b1ec341a45cef2b73e0cac1aadcda97ef491046dfb66
L2RAR2_R19_CONF_02_886002__T2_transport_camera_jitter,14,14,0.5500000000000003,False,,4466730458eac3fd69ce48c25801f620f6500ee0202be4f38bd6b5b6a6738715
L2RAR2_R19_CONF_02_886002__T2_transport_camera_jitter,15,15,0.6000000000000003,False,,cf0f78b83b98fa9325042005ab4a684088f014937876da0ad4f2fa2fa6a982d3
L2RAR2_R19_CONF_02_886002__T2_transport_camera_jitter,16,16,0.6500000000000004,False,,c9e74852b8c24c1811d3d6ecc3ad6fdbe90ea64bdd8bebcc9707a889be372094
L2RAR2_R19_CONF_02_886002__T2_transport_camera_jitter,17,17,0.7000000000000004,False,,57ee02f5771e994e821524b61b71f42dfffdefb60439a12e30b5d0252185157c
L2RAR2_R19_CONF_02_886002__T2_transport_camera_jitter,18,18,0.7500000000000004,False,,57ee02f5771e994e821524b61b71f42dfffdefb60439a12e30b5d0252185157c
L2RAR2_R19_CONF_02_886002__T2_transport_camera_jitter,19,19,0.8000000000000005,False,,57ee02f5771e994e821524b61b71f42dfffdefb60439a12e30b5d0252185157c
L2RAR2_R19_CONF_02_886002__T2_transport_camera_jitter,20,20,0.8500000000000005,False,,57ee02f5771e994e821524b61b71f42dfffdefb60439a12e30b5d0252185157c
L2RAR2_R19_CONF_02_886002__T2_transport_camera_jitter,21,21,0.9000000000000006,False,,57ee02f5771e994e821524b61b71f42dfffdefb60439a12e30b5d0252185157c
L2RAR2_R19_CONF_02_886002__T2_transport_camera_jitter,22,22,0.9500000000000006,False,,57ee02f5771e994e821524b61b71f42dfffdefb60439a12e30b5d0252185157c
L2RAR2_R19_CONF_02_886002__T2_transport_camera_jitter,23,23,1.0000000000000007,False,,57ee02f5771e994e821524b61b71f42dfffdefb60439a12e30b5d0252185157c
L2RAR2_R19_CONF_02_886002__T2_transport_camera_jitter,24,24,1.0500000000000007,False,,57ee02f5771e994e821524b61b71f42dfffdefb60439a12e30b5d0252185157c
L2RAR2_R19_CONF_02_886002__T2_transport_camera_jitter,25,25,1.1000000000000008,False,,57ee02f5771e994e821524b61b71f42dfffdefb60439a12e30b5d0252185157c
L2RAR2_R19_CONF_02_886002__T2_transport_camera_jitter,26,26,1.1500000000000008,False,,aacbf74fd56d4e715e89c202920f872f9109d8e516819f0b1510e1a9e64a4a77
L2RAR2_R19_CONF_02_886002__T2_transport_camera_jitter,27,27,1.2000000000000008,False,,536544d560e11289a3c370d3259396b83b3ac53fa6bc6f645ac8d38d847d2e6c
L2RAR2_R19_CONF_02_886002__T2_transport_camera_jitter,28,28,1.2500000000000009,False,,7dc49000abcb31bb23bcb6fec29d2342cbbfc8eb9706da60bb151a9c3040563d
L2RAR2_R19_CONF_02_886002__T2_transport_camera_jitter,29,29,1.300000000000001,False,,d787fa595a291d4a92af340ee39fb6e58377713002471fd8d88fb615dd17c4fd
L2RAR2_R19_CONF_02_886002__T2_transport_camera_jitter,30,30,1.350000000000001,False,,5786629b0525e1f66c8f23b6970c5b818a3915199dca1523e1e7048555a8f362
L2RAR2_R19_CONF_02_886002__T2_transport_camera_jitter,31,31,1.400000000000001,False,,866b04417600b0630a8037b207be6859ba99e2df75a3e4bf3d6becab6bc8302b
L2RAR2_R19_CONF_02_886002__T2_transport_camera_jitter,32,32,1.450000000000001,False,,19b2454f59eec8a5ebd043b48ed800815dffaa10bc938f03a7818fd4281226d6
L2RAR2_R19_CONF_02_886002__T2_transport_camera_jitter,33,33,1.500000000000001,False,,1a6258eae5a9a8ccd044af34e0d873244822672036e653a711fa59b3a2fd66e9
L2RAR2_R19_CONF_02_886002__T2_transport_camera_jitter,34,34,1.500000000000001,False,,1a6258eae5a9a8ccd044af34e0d873244822672036e653a711fa59b3a2fd66e9
L2RAR2_R19_CONF_02_886002__T2_transport_camera_jitter,35,35,1.5500000000000012,False,,941be2c3017d2261c5083527ca1c5cb5f3dd0e06c9d342b99df767552149deff
L2RAR2_R19_CONF_02_886002__T2_transport_camera_jitter,36,36,1.6000000000000012,False,,8a3e23b735098e80db97b129da6b72aa3c21baea2c58d5e025fed37e350679b6
L2RAR2_R19_CONF_02_886002__T2_transport_camera_jitter,37,37,1.6500000000000012,False,,eb4420f7e8a3f9ab14cf3d81f187a2c1b89c930f2c705fa543ceb85cbc6933f1
L2RAR2_R19_CONF_02_886002__T2_transport_camera_jitter,38,38,1.7000000000000013,False,,04ed8b2e5ac24d70e73f76ebda4560d82048ad2f6c71f9026088a1435816b29e
L2RAR2_R19_CONF_02_886002__T2_transport_camera_jitter,39,39,1.7500000000000013,False,,b9ff8121865d3ffadafa8736a8da9445cad818a3521a70f3c4fb898cf5dad91f
L2RAR2_R19_CONF_02_886002__T2_transport_camera_jitter,40,40,1.8000000000000014,False,,c64b647baf2c08ab029c588acd7a0faaa43da856aeef60abdd03911cd0fb26f0
L2RAR2_R19_CONF_02_886002__T2_transport_camera_jitter,41,41,1.8500000000000014,False,,d2ce87e6c107e2904ec5093c5ae9657bb7db64c226f47de3d89f04c59a0e63c2
L2RAR2_R19_CONF_02_886002__T2_transport_camera_jitter,42,42,1.9000000000000015,False,,c64b647baf2c08ab029c588acd7a0faaa43da856aeef60abdd03911cd0fb26f0
L2RAR2_R19_CONF_02_886002__T2_transport_camera_jitter,43,43,1.9500000000000015,False,,ec3d6b7b3521fbb69d1d3885960d8a4603f86a1556203e071c2a372fd7b2e0f6
L2RAR2_R19_CONF_02_886002__T2_transport_camera_jitter,44,44,2.0000000000000013,False,,1f67f8890ace95bc3884dd82f698af530524de8897d092ecbb77685e11031dd9
L2RAR2_R19_CONF_02_886002__T2_transport_camera_jitter,45,45,2.0500000000000003,False,,b45bb2b593f6449b70a18373507c2c049d35c4bf179ff0c686ecd9d9e365a750
L2RAR2_R19_CONF_02_886002__T2_transport_camera_jitter,46,46,2.099999999999999,False,,1f67f8890ace95bc3884dd82f698af530524de8897d092ecbb77685e11031dd9
L2RAR2_R19_CONF_02_886002__T2_transport_camera_jitter,47,47,2.149999999999998,False,,ec3d6b7b3521fbb69d1d3885960d8a4603f86a1556203e071c2a372fd7b2e0f6
L2RAR2_R19_CONF_02_886002__T2_transport_camera_jitter,48,48,2.199999999999997,False,,c64b647baf2c08ab029c588acd7a0faaa43da856aeef60abdd03911cd0fb26f0
L2RAR2_R19_CONF_02_886002__T2_transport_camera_jitter,49,49,2.249999999999996,False,,76b49c877ee77ffa3e17ce55312114f63e858931574a76759c7435d1ae27a378
L2RAR2_R19_CONF_02_886002__T2_transport_camera_jitter,50,50,2.299999999999995,False,,c64b647baf2c08ab029c588acd7a0faaa43da856aeef60abdd03911cd0fb26f0
L2RAR2_R19_CONF_02_886002__T2_transport_camera_jitter,51,51,2.349999999999994,False,,ec3d6b7b3521fbb69d1d3885960d8a4603f86a1556203e071c2a372fd7b2e0f6
L2RAR2_R19_CONF_02_886002__T2_transport_camera_jitter,52,52,2.399999999999993,False,,1f67f8890ace95bc3884dd82f698af530524de8897d092ecbb77685e11031dd9
L2RAR2_R19_CONF_02_886002__T2_transport_camera_jitter,53,53,2.4499999999999917,False,,b45bb2b593f6449b70a18373507c2c049d35c4bf179ff0c686ecd9d9e365a750
L2RAR2_R19_CONF_02_886002__T2_transport_camera_jitter,54,54,2.4999999999999907,False,,1f67f8890ace95bc3884dd82f698af530524de8897d092ecbb77685e11031dd9
L2RAR2_R19_CONF_02_886002__T2_transport_camera_jitter,55,55,2.4999999999999907,False,,1f67f8890ace95bc3884dd82f698af530524de8897d092ecbb77685e11031dd9
L2RAR2_R19_CONF_02_886002__T3_transport_single_contact_proxy_dropout,0,0,0.0,False,,117658e5e682c356d04f6c8bcd7679bf088a153a362e4700cb43d35af63640bc
L2RAR2_R19_CONF_02_886002__T3_transport_single_contact_proxy_dropout,1,1,0.05,False,,3286900ae828226e5095e943210a8f68a42949228d6a4c547bb407740efb1583
L2RAR2_R19_CONF_02_886002__T3_transport_single_contact_proxy_dropout,2,2,0.09999999999999999,False,,a01a56a48e99bc85f440cd814adfcb33eb5467a722abb09226bdc2b2248814b9
L2RAR2_R19_CONF_02_886002__T3_transport_single_contact_proxy_dropout,3,3,0.15,False,,cea620dbc48d3fb94646845593ac421b8c77fdcaaf438c850f6fd375df8360d2
L2RAR2_R19_CONF_02_886002__T3_transport_single_contact_proxy_dropout,4,4,0.20000000000000004,False,,b3f5a7236a92c00d5e8cca9d74286cb041a52d948499a8306be468dea8c24716
L2RAR2_R19_CONF_02_886002__T3_transport_single_contact_proxy_dropout,5,5,0.20000000000000004,False,,b3f5a7236a92c00d5e8cca9d74286cb041a52d948499a8306be468dea8c24716
L2RAR2_R19_CONF_02_886002__T3_transport_single_contact_proxy_dropout,6,6,0.25000000000000006,False,,c87b9992c4743d50205d7793ad4eb1da50e6bb38d152b99e0110bea128cba2df
L2RAR2_R19_CONF_02_886002__T3_transport_single_contact_proxy_dropout,7,7,0.3000000000000001,False,,be3c02f2b488790376abb35b84e751056a17cd25f8e6519c9b5155acc4ff298a
L2RAR2_R19_CONF_02_886002__T3_transport_single_contact_proxy_dropout,8,8,0.3000000000000001,False,,be3c02f2b488790376abb35b84e751056a17cd25f8e6519c9b5155acc4ff298a
L2RAR2_R19_CONF_02_886002__T3_transport_single_contact_proxy_dropout,9,9,0.35000000000000014,False,,1399d9789e28d9b5cfb53aba0b743f444c045f33502fece54b8d9df09a60d1a7
L2RAR2_R19_CONF_02_886002__T3_transport_single_contact_proxy_dropout,10,10,0.4000000000000002,False,,a64fb3ab57ce133620230cf6b9a5ccbb656bb7e147bd9f4d741ed1cccff9a40b
L2RAR2_R19_CONF_02_886002__T3_transport_single_contact_proxy_dropout,11,11,0.45000000000000023,False,,4ec2e433ea09e7e4ec9383fc889befe1a775497784c8bc7f1ce31aae74f8440f
L2RAR2_R19_CONF_02_886002__T3_transport_single_contact_proxy_dropout,12,12,0.5000000000000002,False,,bb8e57bf6c3ea403f595b1ec341a45cef2b73e0cac1aadcda97ef491046dfb66
L2RAR2_R19_CONF_02_886002__T3_transport_single_contact_proxy_dropout,13,13,0.5000000000000002,False,,bb8e57bf6c3ea403f595b1ec341a45cef2b73e0cac1aadcda97ef491046dfb66
L2RAR2_R19_CONF_02_886002__T3_transport_single_contact_proxy_dropout,14,14,0.5500000000000003,False,,4466730458eac3fd69ce48c25801f620f6500ee0202be4f38bd6b5b6a6738715
L2RAR2_R19_CONF_02_886002__T3_transport_single_contact_proxy_dropout,15,15,0.6000000000000003,False,,cf0f78b83b98fa9325042005ab4a684088f014937876da0ad4f2fa2fa6a982d3
L2RAR2_R19_CONF_02_886002__T3_transport_single_contact_proxy_dropout,16,16,0.6500000000000004,False,,c9e74852b8c24c1811d3d6ecc3ad6fdbe90ea64bdd8bebcc9707a889be372094
L2RAR2_R19_CONF_02_886002__T3_transport_single_contact_proxy_dropout,17,17,0.7000000000000004,False,,57ee02f5771e994e821524b61b71f42dfffdefb60439a12e30b5d0252185157c
L2RAR2_R19_CONF_02_886002__T3_transport_single_contact_proxy_dropout,18,18,0.7500000000000004,False,,57ee02f5771e994e821524b61b71f42dfffdefb60439a12e30b5d0252185157c
L2RAR2_R19_CONF_02_886002__T3_transport_single_contact_proxy_dropout,19,19,0.8000000000000005,False,,57ee02f5771e994e821524b61b71f42dfffdefb60439a12e30b5d0252185157c
L2RAR2_R19_CONF_02_886002__T3_transport_single_contact_proxy_dropout,20,20,0.8500000000000005,False,,57ee02f5771e994e821524b61b71f42dfffdefb60439a12e30b5d0252185157c
L2RAR2_R19_CONF_02_886002__T3_transport_single_contact_proxy_dropout,21,21,0.9000000000000006,False,,57ee02f5771e994e821524b61b71f42dfffdefb60439a12e30b5d0252185157c
L2RAR2_R19_CONF_02_886002__T3_transport_single_contact_proxy_dropout,22,22,0.9500000000000006,False,,57ee02f5771e994e821524b61b71f42dfffdefb60439a12e30b5d0252185157c
L2RAR2_R19_CONF_02_886002__T3_transport_single_contact_proxy_dropout,23,23,1.0000000000000007,False,,57ee02f5771e994e821524b61b71f42dfffdefb60439a12e30b5d0252185157c
L2RAR2_R19_CONF_02_886002__T3_transport_single_contact_proxy_dropout,24,24,1.0500000000000007,False,,57ee02f5771e994e821524b61b71f42dfffdefb60439a12e30b5d0252185157c
L2RAR2_R19_CONF_02_886002__T3_transport_single_contact_proxy_dropout,25,25,1.1000000000000008,False,,57ee02f5771e994e821524b61b71f42dfffdefb60439a12e30b5d0252185157c
L2RAR2_R19_CONF_02_886002__T3_transport_single_contact_proxy_dropout,26,26,1.1500000000000008,False,,aacbf74fd56d4e715e89c202920f872f9109d8e516819f0b1510e1a9e64a4a77
L2RAR2_R19_CONF_02_886002__T3_transport_single_contact_proxy_dropout,27,27,1.2000000000000008,False,,3dd9cf243bcfadb412ee99c358af860683b5fef27c65c2269dbd3e899f4f89d6
L2RAR2_R19_CONF_02_886002__T3_transport_single_contact_proxy_dropout,28,28,1.2500000000000009,False,,8067ddead048f503aa919fdba2a659e54ca87d4a613fd40a53ad6a367410921d
L2RAR2_R19_CONF_02_886002__T3_transport_single_contact_proxy_dropout,29,29,1.300000000000001,False,T3_SINGLE_FALSE,dc0152e1b5fc9a42239a6cf6f0c244909caab09d33a2eb7c85cddce886ebf119
L2RAR2_R19_CONF_02_886002__T3_transport_single_contact_proxy_dropout,30,30,1.350000000000001,False,,5786629b0525e1f66c8f23b6970c5b818a3915199dca1523e1e7048555a8f362
L2RAR2_R19_CONF_02_886002__T3_transport_single_contact_proxy_dropout,31,31,1.400000000000001,False,,e37edef3dd0ae5c86aa23336818302bd85e6e0bd3206a19946977f62c1344192
L2RAR2_R19_CONF_02_886002__T3_transport_single_contact_proxy_dropout,32,32,1.450000000000001,False,,b7b94a1c0bcb3dcbcc695d13de3c365aae606826f22e7c8723bcc67b5bdcf22e
L2RAR2_R19_CONF_02_886002__T3_transport_single_contact_proxy_dropout,33,33,1.500000000000001,False,,c8b9a4c47d5a5c071a823025ba1cd9b1a5d61ea343b96be6676c79a9a30eae20
L2RAR2_R19_CONF_02_886002__T3_transport_single_contact_proxy_dropout,34,34,1.500000000000001,False,,c8b9a4c47d5a5c071a823025ba1cd9b1a5d61ea343b96be6676c79a9a30eae20
L2RAR2_R19_CONF_02_886002__T3_transport_single_contact_proxy_dropout,35,35,1.5500000000000012,False,,941be2c3017d2261c5083527ca1c5cb5f3dd0e06c9d342b99df767552149deff
L2RAR2_R19_CONF_02_886002__T3_transport_single_contact_proxy_dropout,36,36,1.6000000000000012,False,,6b85f70b7aa6e636912a19eae1ea096635fdf4eb8185cc5afaaef2e6d7c6db85
L2RAR2_R19_CONF_02_886002__T3_transport_single_contact_proxy_dropout,37,37,1.6500000000000012,False,,b7fec7b4e3242b74a17722b70c0ac3c5b327c0a1202489abb014b1a83d30006d
L2RAR2_R19_CONF_02_886002__T3_transport_single_contact_proxy_dropout,38,38,1.7000000000000013,False,,186a64c0a2c4cad061d403344e13027a9c22978077f7ff54397be52927076fb3
L2RAR2_R19_CONF_02_886002__T3_transport_single_contact_proxy_dropout,39,39,1.7500000000000013,False,,b9ff8121865d3ffadafa8736a8da9445cad818a3521a70f3c4fb898cf5dad91f
L2RAR2_R19_CONF_02_886002__T3_transport_single_contact_proxy_dropout,40,40,1.8000000000000014,False,,3e94d3fd93bf0d38e61fddc2a60f71c74203a9c99a59cd41913f70de5f6eb015
L2RAR2_R19_CONF_02_886002__T3_transport_single_contact_proxy_dropout,41,41,1.8500000000000014,False,,3e94d3fd93bf0d38e61fddc2a60f71c74203a9c99a59cd41913f70de5f6eb015
L2RAR2_R19_CONF_02_886002__T3_transport_single_contact_proxy_dropout,42,42,1.9000000000000015,False,,ec3d6b7b3521fbb69d1d3885960d8a4603f86a1556203e071c2a372fd7b2e0f6
L2RAR2_R19_CONF_02_886002__T3_transport_single_contact_proxy_dropout,43,43,1.9500000000000015,False,,ec3d6b7b3521fbb69d1d3885960d8a4603f86a1556203e071c2a372fd7b2e0f6
L2RAR2_R19_CONF_02_886002__T3_transport_single_contact_proxy_dropout,44,44,2.0000000000000013,False,,ec3d6b7b3521fbb69d1d3885960d8a4603f86a1556203e071c2a372fd7b2e0f6
L2RAR2_R19_CONF_02_886002__T3_transport_single_contact_proxy_dropout,45,45,2.0500000000000003,False,,ec3d6b7b3521fbb69d1d3885960d8a4603f86a1556203e071c2a372fd7b2e0f6
L2RAR2_R19_CONF_02_886002__T3_transport_single_contact_proxy_dropout,46,46,2.099999999999999,False,,ec3d6b7b3521fbb69d1d3885960d8a4603f86a1556203e071c2a372fd7b2e0f6
L2RAR2_R19_CONF_02_886002__T3_transport_single_contact_proxy_dropout,47,47,2.149999999999998,False,,ec3d6b7b3521fbb69d1d3885960d8a4603f86a1556203e071c2a372fd7b2e0f6
L2RAR2_R19_CONF_02_886002__T3_transport_single_contact_proxy_dropout,48,48,2.199999999999997,False,,ec3d6b7b3521fbb69d1d3885960d8a4603f86a1556203e071c2a372fd7b2e0f6
L2RAR2_R19_CONF_02_886002__T3_transport_single_contact_proxy_dropout,49,49,2.249999999999996,False,,ec3d6b7b3521fbb69d1d3885960d8a4603f86a1556203e071c2a372fd7b2e0f6
L2RAR2_R19_CONF_02_886002__T3_transport_single_contact_proxy_dropout,50,50,2.299999999999995,False,,ec3d6b7b3521fbb69d1d3885960d8a4603f86a1556203e071c2a372fd7b2e0f6
L2RAR2_R19_CONF_02_886002__T3_transport_single_contact_proxy_dropout,51,51,2.349999999999994,False,,ec3d6b7b3521fbb69d1d3885960d8a4603f86a1556203e071c2a372fd7b2e0f6
L2RAR2_R19_CONF_02_886002__T3_transport_single_contact_proxy_dropout,52,52,2.399999999999993,False,,ec3d6b7b3521fbb69d1d3885960d8a4603f86a1556203e071c2a372fd7b2e0f6
L2RAR2_R19_CONF_02_886002__T3_transport_single_contact_proxy_dropout,53,53,2.4499999999999917,False,,ec3d6b7b3521fbb69d1d3885960d8a4603f86a1556203e071c2a372fd7b2e0f6
L2RAR2_R19_CONF_02_886002__T3_transport_single_contact_proxy_dropout,54,54,2.4999999999999907,False,,ec3d6b7b3521fbb69d1d3885960d8a4603f86a1556203e071c2a372fd7b2e0f6
L2RAR2_R19_CONF_02_886002__T3_transport_single_contact_proxy_dropout,55,55,2.4999999999999907,False,,ec3d6b7b3521fbb69d1d3885960d8a4603f86a1556203e071c2a372fd7b2e0f6
L2RAR2_R19_CONF_02_886002__T4_transport_same_time_contact_false_then_true,0,0,0.0,False,,117658e5e682c356d04f6c8bcd7679bf088a153a362e4700cb43d35af63640bc
L2RAR2_R19_CONF_02_886002__T4_transport_same_time_contact_false_then_true,1,1,0.05,False,,3286900ae828226e5095e943210a8f68a42949228d6a4c547bb407740efb1583
L2RAR2_R19_CONF_02_886002__T4_transport_same_time_contact_false_then_true,2,2,0.09999999999999999,False,,a01a56a48e99bc85f440cd814adfcb33eb5467a722abb09226bdc2b2248814b9
L2RAR2_R19_CONF_02_886002__T4_transport_same_time_contact_false_then_true,3,3,0.15,False,,cea620dbc48d3fb94646845593ac421b8c77fdcaaf438c850f6fd375df8360d2
L2RAR2_R19_CONF_02_886002__T4_transport_same_time_contact_false_then_true,4,4,0.20000000000000004,False,,b3f5a7236a92c00d5e8cca9d74286cb041a52d948499a8306be468dea8c24716
L2RAR2_R19_CONF_02_886002__T4_transport_same_time_contact_false_then_true,5,5,0.20000000000000004,False,,b3f5a7236a92c00d5e8cca9d74286cb041a52d948499a8306be468dea8c24716
L2RAR2_R19_CONF_02_886002__T4_transport_same_time_contact_false_then_true,6,6,0.25000000000000006,False,,c87b9992c4743d50205d7793ad4eb1da50e6bb38d152b99e0110bea128cba2df
L2RAR2_R19_CONF_02_886002__T4_transport_same_time_contact_false_then_true,7,7,0.3000000000000001,False,,be3c02f2b488790376abb35b84e751056a17cd25f8e6519c9b5155acc4ff298a
L2RAR2_R19_CONF_02_886002__T4_transport_same_time_contact_false_then_true,8,8,0.3000000000000001,False,,be3c02f2b488790376abb35b84e751056a17cd25f8e6519c9b5155acc4ff298a
L2RAR2_R19_CONF_02_886002__T4_transport_same_time_contact_false_then_true,9,9,0.35000000000000014,False,,1399d9789e28d9b5cfb53aba0b743f444c045f33502fece54b8d9df09a60d1a7
L2RAR2_R19_CONF_02_886002__T4_transport_same_time_contact_false_then_true,10,10,0.4000000000000002,False,,a64fb3ab57ce133620230cf6b9a5ccbb656bb7e147bd9f4d741ed1cccff9a40b
L2RAR2_R19_CONF_02_886002__T4_transport_same_time_contact_false_then_true,11,11,0.45000000000000023,False,,4ec2e433ea09e7e4ec9383fc889befe1a775497784c8bc7f1ce31aae74f8440f
L2RAR2_R19_CONF_02_886002__T4_transport_same_time_contact_false_then_true,12,12,0.5000000000000002,False,,bb8e57bf6c3ea403f595b1ec341a45cef2b73e0cac1aadcda97ef491046dfb66
L2RAR2_R19_CONF_02_886002__T4_transport_same_time_contact_false_then_true,13,13,0.5000000000000002,False,,bb8e57bf6c3ea403f595b1ec341a45cef2b73e0cac1aadcda97ef491046dfb66
L2RAR2_R19_CONF_02_886002__T4_transport_same_time_contact_false_then_true,14,14,0.5500000000000003,False,,4466730458eac3fd69ce48c25801f620f6500ee0202be4f38bd6b5b6a6738715
L2RAR2_R19_CONF_02_886002__T4_transport_same_time_contact_false_then_true,15,15,0.6000000000000003,False,,cf0f78b83b98fa9325042005ab4a684088f014937876da0ad4f2fa2fa6a982d3
L2RAR2_R19_CONF_02_886002__T4_transport_same_time_contact_false_then_true,16,16,0.6500000000000004,False,,c9e74852b8c24c1811d3d6ecc3ad6fdbe90ea64bdd8bebcc9707a889be372094
L2RAR2_R19_CONF_02_886002__T4_transport_same_time_contact_false_then_true,17,17,0.7000000000000004,False,,57ee02f5771e994e821524b61b71f42dfffdefb60439a12e30b5d0252185157c
L2RAR2_R19_CONF_02_886002__T4_transport_same_time_contact_false_then_true,18,18,0.7500000000000004,False,,57ee02f5771e994e821524b61b71f42dfffdefb60439a12e30b5d0252185157c
L2RAR2_R19_CONF_02_886002__T4_transport_same_time_contact_false_then_true,19,19,0.8000000000000005,False,,57ee02f5771e994e821524b61b71f42dfffdefb60439a12e30b5d0252185157c
L2RAR2_R19_CONF_02_886002__T4_transport_same_time_contact_false_then_true,20,20,0.8500000000000005,False,,57ee02f5771e994e821524b61b71f42dfffdefb60439a12e30b5d0252185157c
L2RAR2_R19_CONF_02_886002__T4_transport_same_time_contact_false_then_true,21,21,0.9000000000000006,False,,57ee02f5771e994e821524b61b71f42dfffdefb60439a12e30b5d0252185157c
L2RAR2_R19_CONF_02_886002__T4_transport_same_time_contact_false_then_true,22,22,0.9500000000000006,False,,57ee02f5771e994e821524b61b71f42dfffdefb60439a12e30b5d0252185157c
L2RAR2_R19_CONF_02_886002__T4_transport_same_time_contact_false_then_true,23,23,1.0000000000000007,False,,57ee02f5771e994e821524b61b71f42dfffdefb60439a12e30b5d0252185157c
L2RAR2_R19_CONF_02_886002__T4_transport_same_time_contact_false_then_true,24,24,1.0500000000000007,False,,57ee02f5771e994e821524b61b71f42dfffdefb60439a12e30b5d0252185157c
L2RAR2_R19_CONF_02_886002__T4_transport_same_time_contact_false_then_true,25,25,1.1000000000000008,False,,57ee02f5771e994e821524b61b71f42dfffdefb60439a12e30b5d0252185157c
L2RAR2_R19_CONF_02_886002__T4_transport_same_time_contact_false_then_true,26,26,1.1500000000000008,False,,aacbf74fd56d4e715e89c202920f872f9109d8e516819f0b1510e1a9e64a4a77
L2RAR2_R19_CONF_02_886002__T4_transport_same_time_contact_false_then_true,27,27,1.2000000000000008,False,,3dd9cf243bcfadb412ee99c358af860683b5fef27c65c2269dbd3e899f4f89d6
L2RAR2_R19_CONF_02_886002__T4_transport_same_time_contact_false_then_true,28,28,1.2500000000000009,False,,8067ddead048f503aa919fdba2a659e54ca87d4a613fd40a53ad6a367410921d
L2RAR2_R19_CONF_02_886002__T4_transport_same_time_contact_false_then_true,29,29,1.300000000000001,False,T4_FALSE_A,dc0152e1b5fc9a42239a6cf6f0c244909caab09d33a2eb7c85cddce886ebf119
L2RAR2_R19_CONF_02_886002__T4_transport_same_time_contact_false_then_true,29,30,1.300000000000001,True,T4_TRUE_B,dc0152e1b5fc9a42239a6cf6f0c244909caab09d33a2eb7c85cddce886ebf119
L2RAR2_R19_CONF_02_886002__T4_transport_same_time_contact_false_then_true,30,31,1.350000000000001,False,,5786629b0525e1f66c8f23b6970c5b818a3915199dca1523e1e7048555a8f362
L2RAR2_R19_CONF_02_886002__T4_transport_same_time_contact_false_then_true,31,32,1.400000000000001,False,,e37edef3dd0ae5c86aa23336818302bd85e6e0bd3206a19946977f62c1344192
L2RAR2_R19_CONF_02_886002__T4_transport_same_time_contact_false_then_true,32,33,1.450000000000001,False,,b7b94a1c0bcb3dcbcc695d13de3c365aae606826f22e7c8723bcc67b5bdcf22e
L2RAR2_R19_CONF_02_886002__T4_transport_same_time_contact_false_then_true,33,34,1.500000000000001,False,,c8b9a4c47d5a5c071a823025ba1cd9b1a5d61ea343b96be6676c79a9a30eae20
L2RAR2_R19_CONF_02_886002__T4_transport_same_time_contact_false_then_true,34,35,1.500000000000001,False,,c8b9a4c47d5a5c071a823025ba1cd9b1a5d61ea343b96be6676c79a9a30eae20
L2RAR2_R19_CONF_02_886002__T4_transport_same_time_contact_false_then_true,35,36,1.5500000000000012,False,,941be2c3017d2261c5083527ca1c5cb5f3dd0e06c9d342b99df767552149deff
L2RAR2_R19_CONF_02_886002__T4_transport_same_time_contact_false_then_true,36,37,1.6000000000000012,False,,6b85f70b7aa6e636912a19eae1ea096635fdf4eb8185cc5afaaef2e6d7c6db85
L2RAR2_R19_CONF_02_886002__T4_transport_same_time_contact_false_then_true,37,38,1.6500000000000012,False,,b7fec7b4e3242b74a17722b70c0ac3c5b327c0a1202489abb014b1a83d30006d
L2RAR2_R19_CONF_02_886002__T4_transport_same_time_contact_false_then_true,38,39,1.7000000000000013,False,,186a64c0a2c4cad061d403344e13027a9c22978077f7ff54397be52927076fb3
L2RAR2_R19_CONF_02_886002__T4_transport_same_time_contact_false_then_true,39,40,1.7500000000000013,False,,b9ff8121865d3ffadafa8736a8da9445cad818a3521a70f3c4fb898cf5dad91f
L2RAR2_R19_CONF_02_886002__T4_transport_same_time_contact_false_then_true,40,41,1.8000000000000014,False,,3e94d3fd93bf0d38e61fddc2a60f71c74203a9c99a59cd41913f70de5f6eb015
L2RAR2_R19_CONF_02_886002__T4_transport_same_time_contact_false_then_true,41,42,1.8500000000000014,False,,3e94d3fd93bf0d38e61fddc2a60f71c74203a9c99a59cd41913f70de5f6eb015
L2RAR2_R19_CONF_02_886002__T4_transport_same_time_contact_false_then_true,42,43,1.9000000000000015,False,,ec3d6b7b3521fbb69d1d3885960d8a4603f86a1556203e071c2a372fd7b2e0f6
L2RAR2_R19_CONF_02_886002__T4_transport_same_time_contact_false_then_true,43,44,1.9500000000000015,False,,ec3d6b7b3521fbb69d1d3885960d8a4603f86a1556203e071c2a372fd7b2e0f6
L2RAR2_R19_CONF_02_886002__T4_transport_same_time_contact_false_then_true,44,45,2.0000000000000013,False,,ec3d6b7b3521fbb69d1d3885960d8a4603f86a1556203e071c2a372fd7b2e0f6
L2RAR2_R19_CONF_02_886002__T4_transport_same_time_contact_false_then_true,45,46,2.0500000000000003,False,,ec3d6b7b3521fbb69d1d3885960d8a4603f86a1556203e071c2a372fd7b2e0f6
L2RAR2_R19_CONF_02_886002__T4_transport_same_time_contact_false_then_true,46,47,2.099999999999999,False,,ec3d6b7b3521fbb69d1d3885960d8a4603f86a1556203e071c2a372fd7b2e0f6
L2RAR2_R19_CONF_02_886002__T4_transport_same_time_contact_false_then_true,47,48,2.149999999999998,False,,ec3d6b7b3521fbb69d1d3885960d8a4603f86a1556203e071c2a372fd7b2e0f6
L2RAR2_R19_CONF_02_886002__T4_transport_same_time_contact_false_then_true,48,49,2.199999999999997,False,,ec3d6b7b3521fbb69d1d3885960d8a4603f86a1556203e071c2a372fd7b2e0f6
L2RAR2_R19_CONF_02_886002__T4_transport_same_time_contact_false_then_true,49,50,2.249999999999996,False,,ec3d6b7b3521fbb69d1d3885960d8a4603f86a1556203e071c2a372fd7b2e0f6
L2RAR2_R19_CONF_02_886002__T4_transport_same_time_contact_false_then_true,50,51,2.299999999999995,False,,ec3d6b7b3521fbb69d1d3885960d8a4603f86a1556203e071c2a372fd7b2e0f6
L2RAR2_R19_CONF_02_886002__T4_transport_same_time_contact_false_then_true,51,52,2.349999999999994,False,,ec3d6b7b3521fbb69d1d3885960d8a4603f86a1556203e071c2a372fd7b2e0f6
L2RAR2_R19_CONF_02_886002__T4_transport_same_time_contact_false_then_true,52,53,2.399999999999993,False,,ec3d6b7b3521fbb69d1d3885960d8a4603f86a1556203e071c2a372fd7b2e0f6
L2RAR2_R19_CONF_02_886002__T4_transport_same_time_contact_false_then_true,53,54,2.4499999999999917,False,,ec3d6b7b3521fbb69d1d3885960d8a4603f86a1556203e071c2a372fd7b2e0f6
L2RAR2_R19_CONF_02_886002__T4_transport_same_time_contact_false_then_true,54,55,2.4999999999999907,False,,ec3d6b7b3521fbb69d1d3885960d8a4603f86a1556203e071c2a372fd7b2e0f6
L2RAR2_R19_CONF_02_886002__T4_transport_same_time_contact_false_then_true,55,56,2.4999999999999907,False,,ec3d6b7b3521fbb69d1d3885960d8a4603f86a1556203e071c2a372fd7b2e0f6
L2RAR2_R19_CONF_02_886002__T5_transport_weak_outcome,0,0,0.0,False,,117658e5e682c356d04f6c8bcd7679bf088a153a362e4700cb43d35af63640bc
L2RAR2_R19_CONF_02_886002__T5_transport_weak_outcome,1,1,0.05,False,,3286900ae828226e5095e943210a8f68a42949228d6a4c547bb407740efb1583
L2RAR2_R19_CONF_02_886002__T5_transport_weak_outcome,2,2,0.09999999999999999,False,,a01a56a48e99bc85f440cd814adfcb33eb5467a722abb09226bdc2b2248814b9
L2RAR2_R19_CONF_02_886002__T5_transport_weak_outcome,3,3,0.15,False,,cea620dbc48d3fb94646845593ac421b8c77fdcaaf438c850f6fd375df8360d2
L2RAR2_R19_CONF_02_886002__T5_transport_weak_outcome,4,4,0.20000000000000004,False,,b3f5a7236a92c00d5e8cca9d74286cb041a52d948499a8306be468dea8c24716
L2RAR2_R19_CONF_02_886002__T5_transport_weak_outcome,5,5,0.20000000000000004,False,,b3f5a7236a92c00d5e8cca9d74286cb041a52d948499a8306be468dea8c24716
L2RAR2_R19_CONF_02_886002__T5_transport_weak_outcome,6,6,0.25000000000000006,False,,c87b9992c4743d50205d7793ad4eb1da50e6bb38d152b99e0110bea128cba2df
L2RAR2_R19_CONF_02_886002__T5_transport_weak_outcome,7,7,0.3000000000000001,False,,be3c02f2b488790376abb35b84e751056a17cd25f8e6519c9b5155acc4ff298a
L2RAR2_R19_CONF_02_886002__T5_transport_weak_outcome,8,8,0.3000000000000001,False,,be3c02f2b488790376abb35b84e751056a17cd25f8e6519c9b5155acc4ff298a
L2RAR2_R19_CONF_02_886002__T5_transport_weak_outcome,9,9,0.35000000000000014,False,,1399d9789e28d9b5cfb53aba0b743f444c045f33502fece54b8d9df09a60d1a7
L2RAR2_R19_CONF_02_886002__T5_transport_weak_outcome,10,10,0.4000000000000002,False,,a64fb3ab57ce133620230cf6b9a5ccbb656bb7e147bd9f4d741ed1cccff9a40b
L2RAR2_R19_CONF_02_886002__T5_transport_weak_outcome,11,11,0.45000000000000023,False,,4ec2e433ea09e7e4ec9383fc889befe1a775497784c8bc7f1ce31aae74f8440f
L2RAR2_R19_CONF_02_886002__T5_transport_weak_outcome,12,12,0.5000000000000002,False,,bb8e57bf6c3ea403f595b1ec341a45cef2b73e0cac1aadcda97ef491046dfb66
L2RAR2_R19_CONF_02_886002__T5_transport_weak_outcome,13,13,0.5000000000000002,False,,bb8e57bf6c3ea403f595b1ec341a45cef2b73e0cac1aadcda97ef491046dfb66
L2RAR2_R19_CONF_02_886002__T5_transport_weak_outcome,14,14,0.5500000000000003,False,,4466730458eac3fd69ce48c25801f620f6500ee0202be4f38bd6b5b6a6738715
L2RAR2_R19_CONF_02_886002__T5_transport_weak_outcome,15,15,0.6000000000000003,False,,cf0f78b83b98fa9325042005ab4a684088f014937876da0ad4f2fa2fa6a982d3
L2RAR2_R19_CONF_02_886002__T5_transport_weak_outcome,16,16,0.6500000000000004,False,,c9e74852b8c24c1811d3d6ecc3ad6fdbe90ea64bdd8bebcc9707a889be372094
L2RAR2_R19_CONF_02_886002__T5_transport_weak_outcome,17,17,0.7000000000000004,False,,57ee02f5771e994e821524b61b71f42dfffdefb60439a12e30b5d0252185157c
L2RAR2_R19_CONF_02_886002__T5_transport_weak_outcome,18,18,0.7500000000000004,False,,57ee02f5771e994e821524b61b71f42dfffdefb60439a12e30b5d0252185157c
L2RAR2_R19_CONF_02_886002__T5_transport_weak_outcome,19,19,0.8000000000000005,False,,57ee02f5771e994e821524b61b71f42dfffdefb60439a12e30b5d0252185157c
L2RAR2_R19_CONF_02_886002__T5_transport_weak_outcome,20,20,0.8500000000000005,False,,57ee02f5771e994e821524b61b71f42dfffdefb60439a12e30b5d0252185157c
L2RAR2_R19_CONF_02_886002__T5_transport_weak_outcome,21,21,0.9000000000000006,False,,57ee02f5771e994e821524b61b71f42dfffdefb60439a12e30b5d0252185157c
L2RAR2_R19_CONF_02_886002__T5_transport_weak_outcome,22,22,0.9500000000000006,False,,57ee02f5771e994e821524b61b71f42dfffdefb60439a12e30b5d0252185157c
L2RAR2_R19_CONF_02_886002__T5_transport_weak_outcome,23,23,1.0000000000000007,False,,57ee02f5771e994e821524b61b71f42dfffdefb60439a12e30b5d0252185157c
L2RAR2_R19_CONF_02_886002__T5_transport_weak_outcome,24,24,1.0500000000000007,False,,57ee02f5771e994e821524b61b71f42dfffdefb60439a12e30b5d0252185157c
L2RAR2_R19_CONF_02_886002__T5_transport_weak_outcome,25,25,1.1000000000000008,False,,57ee02f5771e994e821524b61b71f42dfffdefb60439a12e30b5d0252185157c
L2RAR2_R19_CONF_02_886002__T5_transport_weak_outcome,26,26,1.1500000000000008,False,,aacbf74fd56d4e715e89c202920f872f9109d8e516819f0b1510e1a9e64a4a77
L2RAR2_R19_CONF_02_886002__T5_transport_weak_outcome,27,27,1.2000000000000008,False,,3dd9cf243bcfadb412ee99c358af860683b5fef27c65c2269dbd3e899f4f89d6
L2RAR2_R19_CONF_02_886002__T5_transport_weak_outcome,28,28,1.2500000000000009,False,,8067ddead048f503aa919fdba2a659e54ca87d4a613fd40a53ad6a367410921d
L2RAR2_R19_CONF_02_886002__T5_transport_weak_outcome,29,29,1.300000000000001,False,,dc0152e1b5fc9a42239a6cf6f0c244909caab09d33a2eb7c85cddce886ebf119
L2RAR2_R19_CONF_02_886002__T5_transport_weak_outcome,30,30,1.350000000000001,False,,7b66ccc7890f0a4470392b1659499f32bb5f2fe6589599390ee43422bc31e8fb
L2RAR2_R19_CONF_02_886002__T5_transport_weak_outcome,31,31,1.400000000000001,False,,df7d49ad522b8055bd05d4d1a7b9c7f15b41018eb852f3306b36522e37371cf6
L2RAR2_R19_CONF_02_886002__T5_transport_weak_outcome,32,32,1.450000000000001,False,,d0b54622045738d66cc26abedbe83c39c41d180b64cff96d46933c52bec48a05
L2RAR2_R19_CONF_02_886002__T5_transport_weak_outcome,33,33,1.500000000000001,False,,59ee4880deccc05e9200b460807b993f12e6eac79ddc918a279022bcf7a8d8d4
L2RAR2_R19_CONF_02_886002__T5_transport_weak_outcome,34,34,1.5200000000000011,False,,6a60c59e25c23b482dd0e54b2b872987fe55110de96931700cc0c85dd630ec13
L2RAR2_R19_CONF_02_886002__T5_transport_weak_outcome,35,35,1.5500000000000012,False,,c41dd6b1d55164ca33a21295eb40ea6c798d84f3902d101e440d982b8f697fb5
L2RAR2_R19_CONF_02_886002__T5_transport_weak_outcome,36,36,1.6000000000000012,False,,8cc04418cf0dbc5edf758aa4f5c0c25f020328dd39371d83689c69d2be6ea6e2
L2RAR2_R19_CONF_02_886002__T5_transport_weak_outcome,37,37,1.6500000000000012,False,,281ac59ac29199010cd4852e916e0d6c019e8fe2bc2cc9f31382de97b5134154
L2RAR2_R19_CONF_02_886002__T5_transport_weak_outcome,38,38,1.7000000000000013,False,,647011fb1a615ed74e4932bd3ce1f7eeb2c2f0059aa8d467769f52a932da2a94
L2RAR2_R19_CONF_02_886002__T5_transport_weak_outcome,39,39,1.7200000000000013,False,,a80a004105d052bd343f184899624ba93f3ed4cbd841e9dfd47115799cf4aa6d
L2RAR2_R19_CONF_02_886002__T5_transport_weak_outcome,40,40,1.7500000000000013,False,,a80a004105d052bd343f184899624ba93f3ed4cbd841e9dfd47115799cf4aa6d
L2RAR2_R19_CONF_02_886002__T5_transport_weak_outcome,41,41,1.8000000000000014,False,,a80a004105d052bd343f184899624ba93f3ed4cbd841e9dfd47115799cf4aa6d
L2RAR2_R19_CONF_02_886002__T5_transport_weak_outcome,42,42,1.8500000000000014,False,,a80a004105d052bd343f184899624ba93f3ed4cbd841e9dfd47115799cf4aa6d
L2RAR2_R19_CONF_02_886002__T5_transport_weak_outcome,43,43,1.9000000000000015,False,,a80a004105d052bd343f184899624ba93f3ed4cbd841e9dfd47115799cf4aa6d
L2RAR2_R19_CONF_02_886002__T5_transport_weak_outcome,44,44,1.9500000000000015,False,,a80a004105d052bd343f184899624ba93f3ed4cbd841e9dfd47115799cf4aa6d
L2RAR2_R19_CONF_02_886002__T5_transport_weak_outcome,45,45,2.0000000000000013,False,,a80a004105d052bd343f184899624ba93f3ed4cbd841e9dfd47115799cf4aa6d
L2RAR2_R19_CONF_02_886002__T5_transport_weak_outcome,46,46,2.0500000000000003,False,,a80a004105d052bd343f184899624ba93f3ed4cbd841e9dfd47115799cf4aa6d
L2RAR2_R19_CONF_02_886002__T5_transport_weak_outcome,47,47,2.099999999999999,False,,a80a004105d052bd343f184899624ba93f3ed4cbd841e9dfd47115799cf4aa6d
L2RAR2_R19_CONF_02_886002__T5_transport_weak_outcome,48,48,2.149999999999998,False,,a80a004105d052bd343f184899624ba93f3ed4cbd841e9dfd47115799cf4aa6d
L2RAR2_R19_CONF_02_886002__T5_transport_weak_outcome,49,49,2.199999999999997,False,,a80a004105d052bd343f184899624ba93f3ed4cbd841e9dfd47115799cf4aa6d
L2RAR2_R19_CONF_02_886002__T5_transport_weak_outcome,50,50,2.249999999999996,False,,a80a004105d052bd343f184899624ba93f3ed4cbd841e9dfd47115799cf4aa6d
L2RAR2_R19_CONF_02_886002__T5_transport_weak_outcome,51,51,2.299999999999995,False,,a80a004105d052bd343f184899624ba93f3ed4cbd841e9dfd47115799cf4aa6d
L2RAR2_R19_CONF_02_886002__T5_transport_weak_outcome,52,52,2.349999999999994,False,,a80a004105d052bd343f184899624ba93f3ed4cbd841e9dfd47115799cf4aa6d
L2RAR2_R19_CONF_02_886002__T5_transport_weak_outcome,53,53,2.399999999999993,False,,a80a004105d052bd343f184899624ba93f3ed4cbd841e9dfd47115799cf4aa6d
L2RAR2_R19_CONF_02_886002__T5_transport_weak_outcome,54,54,2.4499999999999917,False,,a80a004105d052bd343f184899624ba93f3ed4cbd841e9dfd47115799cf4aa6d
L2RAR2_R19_CONF_02_886002__T5_transport_weak_outcome,55,55,2.4999999999999907,False,,a80a004105d052bd343f184899624ba93f3ed4cbd841e9dfd47115799cf4aa6d
L2RAR2_R19_CONF_02_886002__T5_transport_weak_outcome,56,56,2.5499999999999896,False,,a80a004105d052bd343f184899624ba93f3ed4cbd841e9dfd47115799cf4aa6d
L2RAR2_R19_CONF_02_886002__T5_transport_weak_outcome,57,57,2.5999999999999885,False,,a80a004105d052bd343f184899624ba93f3ed4cbd841e9dfd47115799cf4aa6d
L2RAR2_R19_CONF_02_886002__T5_transport_weak_outcome,58,58,2.6499999999999875,False,,a80a004105d052bd343f184899624ba93f3ed4cbd841e9dfd47115799cf4aa6d
L2RAR2_R19_CONF_02_886002__T5_transport_weak_outcome,59,59,2.6999999999999864,False,,a80a004105d052bd343f184899624ba93f3ed4cbd841e9dfd47115799cf4aa6d
L2RAR2_R19_CONF_02_886002__T5_transport_weak_outcome,60,60,2.719999999999986,False,,a80a004105d052bd343f184899624ba93f3ed4cbd841e9dfd47115799cf4aa6d
L2RAR2_R19_CONF_02_886002__T6_transport_medium_outcome,0,0,0.0,False,,117658e5e682c356d04f6c8bcd7679bf088a153a362e4700cb43d35af63640bc
L2RAR2_R19_CONF_02_886002__T6_transport_medium_outcome,1,1,0.05,False,,3286900ae828226e5095e943210a8f68a42949228d6a4c547bb407740efb1583
L2RAR2_R19_CONF_02_886002__T6_transport_medium_outcome,2,2,0.09999999999999999,False,,a01a56a48e99bc85f440cd814adfcb33eb5467a722abb09226bdc2b2248814b9
L2RAR2_R19_CONF_02_886002__T6_transport_medium_outcome,3,3,0.15,False,,cea620dbc48d3fb94646845593ac421b8c77fdcaaf438c850f6fd375df8360d2
L2RAR2_R19_CONF_02_886002__T6_transport_medium_outcome,4,4,0.20000000000000004,False,,b3f5a7236a92c00d5e8cca9d74286cb041a52d948499a8306be468dea8c24716
L2RAR2_R19_CONF_02_886002__T6_transport_medium_outcome,5,5,0.20000000000000004,False,,b3f5a7236a92c00d5e8cca9d74286cb041a52d948499a8306be468dea8c24716
L2RAR2_R19_CONF_02_886002__T6_transport_medium_outcome,6,6,0.25000000000000006,False,,c87b9992c4743d50205d7793ad4eb1da50e6bb38d152b99e0110bea128cba2df
L2RAR2_R19_CONF_02_886002__T6_transport_medium_outcome,7,7,0.3000000000000001,False,,be3c02f2b488790376abb35b84e751056a17cd25f8e6519c9b5155acc4ff298a
L2RAR2_R19_CONF_02_886002__T6_transport_medium_outcome,8,8,0.3000000000000001,False,,be3c02f2b488790376abb35b84e751056a17cd25f8e6519c9b5155acc4ff298a
L2RAR2_R19_CONF_02_886002__T6_transport_medium_outcome,9,9,0.35000000000000014,False,,1399d9789e28d9b5cfb53aba0b743f444c045f33502fece54b8d9df09a60d1a7
L2RAR2_R19_CONF_02_886002__T6_transport_medium_outcome,10,10,0.4000000000000002,False,,a64fb3ab57ce133620230cf6b9a5ccbb656bb7e147bd9f4d741ed1cccff9a40b
L2RAR2_R19_CONF_02_886002__T6_transport_medium_outcome,11,11,0.45000000000000023,False,,4ec2e433ea09e7e4ec9383fc889befe1a775497784c8bc7f1ce31aae74f8440f
L2RAR2_R19_CONF_02_886002__T6_transport_medium_outcome,12,12,0.5000000000000002,False,,bb8e57bf6c3ea403f595b1ec341a45cef2b73e0cac1aadcda97ef491046dfb66
L2RAR2_R19_CONF_02_886002__T6_transport_medium_outcome,13,13,0.5000000000000002,False,,bb8e57bf6c3ea403f595b1ec341a45cef2b73e0cac1aadcda97ef491046dfb66
L2RAR2_R19_CONF_02_886002__T6_transport_medium_outcome,14,14,0.5500000000000003,False,,4466730458eac3fd69ce48c25801f620f6500ee0202be4f38bd6b5b6a6738715
L2RAR2_R19_CONF_02_886002__T6_transport_medium_outcome,15,15,0.6000000000000003,False,,cf0f78b83b98fa9325042005ab4a684088f014937876da0ad4f2fa2fa6a982d3
L2RAR2_R19_CONF_02_886002__T6_transport_medium_outcome,16,16,0.6500000000000004,False,,c9e74852b8c24c1811d3d6ecc3ad6fdbe90ea64bdd8bebcc9707a889be372094
L2RAR2_R19_CONF_02_886002__T6_transport_medium_outcome,17,17,0.7000000000000004,False,,57ee02f5771e994e821524b61b71f42dfffdefb60439a12e30b5d0252185157c
L2RAR2_R19_CONF_02_886002__T6_transport_medium_outcome,18,18,0.7500000000000004,False,,57ee02f5771e994e821524b61b71f42dfffdefb60439a12e30b5d0252185157c
L2RAR2_R19_CONF_02_886002__T6_transport_medium_outcome,19,19,0.8000000000000005,False,,57ee02f5771e994e821524b61b71f42dfffdefb60439a12e30b5d0252185157c
L2RAR2_R19_CONF_02_886002__T6_transport_medium_outcome,20,20,0.8500000000000005,False,,57ee02f5771e994e821524b61b71f42dfffdefb60439a12e30b5d0252185157c
L2RAR2_R19_CONF_02_886002__T6_transport_medium_outcome,21,21,0.9000000000000006,False,,57ee02f5771e994e821524b61b71f42dfffdefb60439a12e30b5d0252185157c
L2RAR2_R19_CONF_02_886002__T6_transport_medium_outcome,22,22,0.9500000000000006,False,,57ee02f5771e994e821524b61b71f42dfffdefb60439a12e30b5d0252185157c
L2RAR2_R19_CONF_02_886002__T6_transport_medium_outcome,23,23,1.0000000000000007,False,,57ee02f5771e994e821524b61b71f42dfffdefb60439a12e30b5d0252185157c
L2RAR2_R19_CONF_02_886002__T6_transport_medium_outcome,24,24,1.0500000000000007,False,,57ee02f5771e994e821524b61b71f42dfffdefb60439a12e30b5d0252185157c
L2RAR2_R19_CONF_02_886002__T6_transport_medium_outcome,25,25,1.1000000000000008,False,,57ee02f5771e994e821524b61b71f42dfffdefb60439a12e30b5d0252185157c
L2RAR2_R19_CONF_02_886002__T6_transport_medium_outcome,26,26,1.1500000000000008,False,,aacbf74fd56d4e715e89c202920f872f9109d8e516819f0b1510e1a9e64a4a77
L2RAR2_R19_CONF_02_886002__T6_transport_medium_outcome,27,27,1.2000000000000008,False,,3dd9cf243bcfadb412ee99c358af860683b5fef27c65c2269dbd3e899f4f89d6
L2RAR2_R19_CONF_02_886002__T6_transport_medium_outcome,28,28,1.2500000000000009,False,,8067ddead048f503aa919fdba2a659e54ca87d4a613fd40a53ad6a367410921d
L2RAR2_R19_CONF_02_886002__T6_transport_medium_outcome,29,29,1.300000000000001,False,,dc0152e1b5fc9a42239a6cf6f0c244909caab09d33a2eb7c85cddce886ebf119
L2RAR2_R19_CONF_02_886002__T6_transport_medium_outcome,30,30,1.350000000000001,False,,a028537684c310b838a95d37dd6ebb854845e3facf928aa76d6ad0506e433f90
L2RAR2_R19_CONF_02_886002__T6_transport_medium_outcome,31,31,1.400000000000001,False,,880a005f2b5c082b1e4a950407cfa799d493e9d4fe4e872860ef1cbf9f1fa66d
L2RAR2_R19_CONF_02_886002__T6_transport_medium_outcome,32,32,1.450000000000001,False,,99c94e20497ddd8361fb7f23227b335ab40980272e65c5e5443283b0af4b5b7e
L2RAR2_R19_CONF_02_886002__T6_transport_medium_outcome,33,33,1.500000000000001,False,,d4fb6757edbb06b2a089a6026d91dc31aa2a0ba7e0baf3352d95262737ad7e27
L2RAR2_R19_CONF_02_886002__T6_transport_medium_outcome,34,34,1.5200000000000011,False,,a352a7dd16801e968d106a99fea0dbdbc21f86932515c6fa4d9b1a37b794098e
L2RAR2_R19_CONF_02_886002__T6_transport_medium_outcome,35,35,1.5500000000000012,False,,995ae32fed9e145282c57afa0e2b9059c77ee8484a3374892fd5c18b5e92f997
L2RAR2_R19_CONF_02_886002__T6_transport_medium_outcome,36,36,1.6000000000000012,False,,2825355aa48fffe40eb115cffa23749f45e58f937181a3bee981a5b40b1f7e06
L2RAR2_R19_CONF_02_886002__T6_transport_medium_outcome,37,37,1.6500000000000012,False,,9d7a03463d68c304575c81f81aa24ca3af43ecd55178f9b125f9d12f1815643d
L2RAR2_R19_CONF_02_886002__T6_transport_medium_outcome,38,38,1.7000000000000013,False,,a80a004105d052bd343f184899624ba93f3ed4cbd841e9dfd47115799cf4aa6d
L2RAR2_R19_CONF_02_886002__T6_transport_medium_outcome,39,39,1.7200000000000013,False,,a80a004105d052bd343f184899624ba93f3ed4cbd841e9dfd47115799cf4aa6d
L2RAR2_R19_CONF_02_886002__T6_transport_medium_outcome,40,40,1.7500000000000013,False,,a80a004105d052bd343f184899624ba93f3ed4cbd841e9dfd47115799cf4aa6d
L2RAR2_R19_CONF_02_886002__T6_transport_medium_outcome,41,41,1.8000000000000014,False,,a80a004105d052bd343f184899624ba93f3ed4cbd841e9dfd47115799cf4aa6d
L2RAR2_R19_CONF_02_886002__T6_transport_medium_outcome,42,42,1.8500000000000014,False,,a80a004105d052bd343f184899624ba93f3ed4cbd841e9dfd47115799cf4aa6d
L2RAR2_R19_CONF_02_886002__T6_transport_medium_outcome,43,43,1.9000000000000015,False,,a80a004105d052bd343f184899624ba93f3ed4cbd841e9dfd47115799cf4aa6d
L2RAR2_R19_CONF_02_886002__T6_transport_medium_outcome,44,44,1.9500000000000015,False,,a80a004105d052bd343f184899624ba93f3ed4cbd841e9dfd47115799cf4aa6d
L2RAR2_R19_CONF_02_886002__T6_transport_medium_outcome,45,45,2.0000000000000013,False,,a80a004105d052bd343f184899624ba93f3ed4cbd841e9dfd47115799cf4aa6d
L2RAR2_R19_CONF_02_886002__T6_transport_medium_outcome,46,46,2.0500000000000003,False,,a80a004105d052bd343f184899624ba93f3ed4cbd841e9dfd47115799cf4aa6d
L2RAR2_R19_CONF_02_886002__T6_transport_medium_outcome,47,47,2.099999999999999,False,,a80a004105d052bd343f184899624ba93f3ed4cbd841e9dfd47115799cf4aa6d
L2RAR2_R19_CONF_02_886002__T6_transport_medium_outcome,48,48,2.149999999999998,False,,a80a004105d052bd343f184899624ba93f3ed4cbd841e9dfd47115799cf4aa6d
L2RAR2_R19_CONF_02_886002__T6_transport_medium_outcome,49,49,2.199999999999997,False,,a80a004105d052bd343f184899624ba93f3ed4cbd841e9dfd47115799cf4aa6d
L2RAR2_R19_CONF_02_886002__T6_transport_medium_outcome,50,50,2.249999999999996,False,,a80a004105d052bd343f184899624ba93f3ed4cbd841e9dfd47115799cf4aa6d
L2RAR2_R19_CONF_02_886002__T6_transport_medium_outcome,51,51,2.299999999999995,False,,a80a004105d052bd343f184899624ba93f3ed4cbd841e9dfd47115799cf4aa6d
L2RAR2_R19_CONF_02_886002__T6_transport_medium_outcome,52,52,2.349999999999994,False,,a80a004105d052bd343f184899624ba93f3ed4cbd841e9dfd47115799cf4aa6d
L2RAR2_R19_CONF_02_886002__T6_transport_medium_outcome,53,53,2.399999999999993,False,,a80a004105d052bd343f184899624ba93f3ed4cbd841e9dfd47115799cf4aa6d
L2RAR2_R19_CONF_02_886002__T6_transport_medium_outcome,54,54,2.4499999999999917,False,,a80a004105d052bd343f184899624ba93f3ed4cbd841e9dfd47115799cf4aa6d
L2RAR2_R19_CONF_02_886002__T6_transport_medium_outcome,55,55,2.4999999999999907,False,,a80a004105d052bd343f184899624ba93f3ed4cbd841e9dfd47115799cf4aa6d
L2RAR2_R19_CONF_02_886002__T6_transport_medium_outcome,56,56,2.5499999999999896,False,,a80a004105d052bd343f184899624ba93f3ed4cbd841e9dfd47115799cf4aa6d
L2RAR2_R19_CONF_02_886002__T6_transport_medium_outcome,57,57,2.5999999999999885,False,,a80a004105d052bd343f184899624ba93f3ed4cbd841e9dfd47115799cf4aa6d
L2RAR2_R19_CONF_02_886002__T6_transport_medium_outcome,58,58,2.6499999999999875,False,,a80a004105d052bd343f184899624ba93f3ed4cbd841e9dfd47115799cf4aa6d
L2RAR2_R19_CONF_02_886002__T6_transport_medium_outcome,59,59,2.6999999999999864,False,,a80a004105d052bd343f184899624ba93f3ed4cbd841e9dfd47115799cf4aa6d
L2RAR2_R19_CONF_02_886002__T6_transport_medium_outcome,60,60,2.719999999999986,False,,a80a004105d052bd343f184899624ba93f3ed4cbd841e9dfd47115799cf4aa6d
L2RAR2_R19_CONF_02_886002__T7_transport_strong_phase_00ms,0,0,0.0,False,,117658e5e682c356d04f6c8bcd7679bf088a153a362e4700cb43d35af63640bc
L2RAR2_R19_CONF_02_886002__T7_transport_strong_phase_00ms,1,1,0.05,False,,3286900ae828226e5095e943210a8f68a42949228d6a4c547bb407740efb1583
L2RAR2_R19_CONF_02_886002__T7_transport_strong_phase_00ms,2,2,0.09999999999999999,False,,a01a56a48e99bc85f440cd814adfcb33eb5467a722abb09226bdc2b2248814b9
L2RAR2_R19_CONF_02_886002__T7_transport_strong_phase_00ms,3,3,0.15,False,,cea620dbc48d3fb94646845593ac421b8c77fdcaaf438c850f6fd375df8360d2
L2RAR2_R19_CONF_02_886002__T7_transport_strong_phase_00ms,4,4,0.20000000000000004,False,,b3f5a7236a92c00d5e8cca9d74286cb041a52d948499a8306be468dea8c24716
L2RAR2_R19_CONF_02_886002__T7_transport_strong_phase_00ms,5,5,0.20000000000000004,False,,b3f5a7236a92c00d5e8cca9d74286cb041a52d948499a8306be468dea8c24716
L2RAR2_R19_CONF_02_886002__T7_transport_strong_phase_00ms,6,6,0.25000000000000006,False,,c87b9992c4743d50205d7793ad4eb1da50e6bb38d152b99e0110bea128cba2df
L2RAR2_R19_CONF_02_886002__T7_transport_strong_phase_00ms,7,7,0.3000000000000001,False,,be3c02f2b488790376abb35b84e751056a17cd25f8e6519c9b5155acc4ff298a
L2RAR2_R19_CONF_02_886002__T7_transport_strong_phase_00ms,8,8,0.3000000000000001,False,,be3c02f2b488790376abb35b84e751056a17cd25f8e6519c9b5155acc4ff298a
L2RAR2_R19_CONF_02_886002__T7_transport_strong_phase_00ms,9,9,0.35000000000000014,False,,1399d9789e28d9b5cfb53aba0b743f444c045f33502fece54b8d9df09a60d1a7
L2RAR2_R19_CONF_02_886002__T7_transport_strong_phase_00ms,10,10,0.4000000000000002,False,,a64fb3ab57ce133620230cf6b9a5ccbb656bb7e147bd9f4d741ed1cccff9a40b
L2RAR2_R19_CONF_02_886002__T7_transport_strong_phase_00ms,11,11,0.45000000000000023,False,,4ec2e433ea09e7e4ec9383fc889befe1a775497784c8bc7f1ce31aae74f8440f
L2RAR2_R19_CONF_02_886002__T7_transport_strong_phase_00ms,12,12,0.5000000000000002,False,,bb8e57bf6c3ea403f595b1ec341a45cef2b73e0cac1aadcda97ef491046dfb66
L2RAR2_R19_CONF_02_886002__T7_transport_strong_phase_00ms,13,13,0.5000000000000002,False,,bb8e57bf6c3ea403f595b1ec341a45cef2b73e0cac1aadcda97ef491046dfb66
L2RAR2_R19_CONF_02_886002__T7_transport_strong_phase_00ms,14,14,0.5500000000000003,False,,4466730458eac3fd69ce48c25801f620f6500ee0202be4f38bd6b5b6a6738715
L2RAR2_R19_CONF_02_886002__T7_transport_strong_phase_00ms,15,15,0.6000000000000003,False,,cf0f78b83b98fa9325042005ab4a684088f014937876da0ad4f2fa2fa6a982d3
L2RAR2_R19_CONF_02_886002__T7_transport_strong_phase_00ms,16,16,0.6500000000000004,False,,c9e74852b8c24c1811d3d6ecc3ad6fdbe90ea64bdd8bebcc9707a889be372094
L2RAR2_R19_CONF_02_886002__T7_transport_strong_phase_00ms,17,17,0.7000000000000004,False,,57ee02f5771e994e821524b61b71f42dfffdefb60439a12e30b5d0252185157c
L2RAR2_R19_CONF_02_886002__T7_transport_strong_phase_00ms,18,18,0.7500000000000004,False,,57ee02f5771e994e821524b61b71f42dfffdefb60439a12e30b5d0252185157c
L2RAR2_R19_CONF_02_886002__T7_transport_strong_phase_00ms,19,19,0.8000000000000005,False,,57ee02f5771e994e821524b61b71f42dfffdefb60439a12e30b5d0252185157c
L2RAR2_R19_CONF_02_886002__T7_transport_strong_phase_00ms,20,20,0.8500000000000005,False,,57ee02f5771e994e821524b61b71f42dfffdefb60439a12e30b5d0252185157c
L2RAR2_R19_CONF_02_886002__T7_transport_strong_phase_00ms,21,21,0.9000000000000006,False,,57ee02f5771e994e821524b61b71f42dfffdefb60439a12e30b5d0252185157c
L2RAR2_R19_CONF_02_886002__T7_transport_strong_phase_00ms,22,22,0.9500000000000006,False,,57ee02f5771e994e821524b61b71f42dfffdefb60439a12e30b5d0252185157c
L2RAR2_R19_CONF_02_886002__T7_transport_strong_phase_00ms,23,23,1.0000000000000007,False,,57ee02f5771e994e821524b61b71f42dfffdefb60439a12e30b5d0252185157c
L2RAR2_R19_CONF_02_886002__T7_transport_strong_phase_00ms,24,24,1.0500000000000007,False,,57ee02f5771e994e821524b61b71f42dfffdefb60439a12e30b5d0252185157c
L2RAR2_R19_CONF_02_886002__T7_transport_strong_phase_00ms,25,25,1.1000000000000008,False,,57ee02f5771e994e821524b61b71f42dfffdefb60439a12e30b5d0252185157c
L2RAR2_R19_CONF_02_886002__T7_transport_strong_phase_00ms,26,26,1.1500000000000008,False,,aacbf74fd56d4e715e89c202920f872f9109d8e516819f0b1510e1a9e64a4a77
L2RAR2_R19_CONF_02_886002__T7_transport_strong_phase_00ms,27,27,1.2000000000000008,False,,3dd9cf243bcfadb412ee99c358af860683b5fef27c65c2269dbd3e899f4f89d6
L2RAR2_R19_CONF_02_886002__T7_transport_strong_phase_00ms,28,28,1.2500000000000009,False,,8067ddead048f503aa919fdba2a659e54ca87d4a613fd40a53ad6a367410921d
L2RAR2_R19_CONF_02_886002__T7_transport_strong_phase_00ms,29,29,1.300000000000001,False,,dc0152e1b5fc9a42239a6cf6f0c244909caab09d33a2eb7c85cddce886ebf119
L2RAR2_R19_CONF_02_886002__T7_transport_strong_phase_00ms,30,30,1.350000000000001,False,,240b802dfa6bae4fccd036eb77174114008802c192d1a0f2fc7b8c09f7f90e69
L2RAR2_R19_CONF_02_886002__T7_transport_strong_phase_00ms,31,31,1.400000000000001,False,,d3398d84f922cb9257f470e126309d5816181a485d756ce6b171f7a6cbceaa9a
L2RAR2_R19_CONF_02_886002__T7_transport_strong_phase_00ms,32,32,1.450000000000001,False,,f98b2e881e6855d6e1b6a4586c63dc6367140d6cf86773ac9003432f57238058
L2RAR2_R19_CONF_02_886002__T7_transport_strong_phase_00ms,33,33,1.500000000000001,False,,b3ea779442ebff26bbe2036f33641a514adfb63695ab32942c8398f9fd5d2593
L2RAR2_R19_CONF_02_886002__T7_transport_strong_phase_00ms,34,34,1.500000000000001,False,,b3ea779442ebff26bbe2036f33641a514adfb63695ab32942c8398f9fd5d2593
L2RAR2_R19_CONF_02_886002__T7_transport_strong_phase_00ms,35,35,1.5500000000000012,False,,effdc514cb69a46bac393968869dacb4ed6bab7890685a11be7c39a2122cb425
L2RAR2_R19_CONF_02_886002__T7_transport_strong_phase_00ms,36,36,1.6000000000000012,False,,3d359cd3283a65e0c7cbff2c11a59a95e1de97e5eb67748d5eff664c51a230cb
L2RAR2_R19_CONF_02_886002__T7_transport_strong_phase_00ms,37,37,1.6500000000000012,False,,4a40b851da2925742d126ace1ea16eddcc1d5182c3abb9b34fc7ec21c99a1457
L2RAR2_R19_CONF_02_886002__T7_transport_strong_phase_00ms,38,38,1.7000000000000013,False,,a80a004105d052bd343f184899624ba93f3ed4cbd841e9dfd47115799cf4aa6d
L2RAR2_R19_CONF_02_886002__T7_transport_strong_phase_00ms,39,39,1.7000000000000013,False,,a80a004105d052bd343f184899624ba93f3ed4cbd841e9dfd47115799cf4aa6d
L2RAR2_R19_CONF_02_886002__T7_transport_strong_phase_00ms,40,40,1.7500000000000013,False,,a80a004105d052bd343f184899624ba93f3ed4cbd841e9dfd47115799cf4aa6d
L2RAR2_R19_CONF_02_886002__T7_transport_strong_phase_00ms,41,41,1.8000000000000014,False,,a80a004105d052bd343f184899624ba93f3ed4cbd841e9dfd47115799cf4aa6d
L2RAR2_R19_CONF_02_886002__T7_transport_strong_phase_00ms,42,42,1.8500000000000014,False,,a80a004105d052bd343f184899624ba93f3ed4cbd841e9dfd47115799cf4aa6d
L2RAR2_R19_CONF_02_886002__T7_transport_strong_phase_00ms,43,43,1.9000000000000015,False,,a80a004105d052bd343f184899624ba93f3ed4cbd841e9dfd47115799cf4aa6d
L2RAR2_R19_CONF_02_886002__T7_transport_strong_phase_00ms,44,44,1.9500000000000015,False,,a80a004105d052bd343f184899624ba93f3ed4cbd841e9dfd47115799cf4aa6d
L2RAR2_R19_CONF_02_886002__T7_transport_strong_phase_00ms,45,45,2.0000000000000013,False,,a80a004105d052bd343f184899624ba93f3ed4cbd841e9dfd47115799cf4aa6d
L2RAR2_R19_CONF_02_886002__T7_transport_strong_phase_00ms,46,46,2.0500000000000003,False,,a80a004105d052bd343f184899624ba93f3ed4cbd841e9dfd47115799cf4aa6d
L2RAR2_R19_CONF_02_886002__T7_transport_strong_phase_00ms,47,47,2.099999999999999,False,,a80a004105d052bd343f184899624ba93f3ed4cbd841e9dfd47115799cf4aa6d
L2RAR2_R19_CONF_02_886002__T7_transport_strong_phase_00ms,48,48,2.149999999999998,False,,a80a004105d052bd343f184899624ba93f3ed4cbd841e9dfd47115799cf4aa6d
L2RAR2_R19_CONF_02_886002__T7_transport_strong_phase_00ms,49,49,2.199999999999997,False,,a80a004105d052bd343f184899624ba93f3ed4cbd841e9dfd47115799cf4aa6d
L2RAR2_R19_CONF_02_886002__T7_transport_strong_phase_00ms,50,50,2.249999999999996,False,,a80a004105d052bd343f184899624ba93f3ed4cbd841e9dfd47115799cf4aa6d
L2RAR2_R19_CONF_02_886002__T7_transport_strong_phase_00ms,51,51,2.299999999999995,False,,a80a004105d052bd343f184899624ba93f3ed4cbd841e9dfd47115799cf4aa6d
L2RAR2_R19_CONF_02_886002__T7_transport_strong_phase_00ms,52,52,2.349999999999994,False,,a80a004105d052bd343f184899624ba93f3ed4cbd841e9dfd47115799cf4aa6d
L2RAR2_R19_CONF_02_886002__T7_transport_strong_phase_00ms,53,53,2.399999999999993,False,,a80a004105d052bd343f184899624ba93f3ed4cbd841e9dfd47115799cf4aa6d
L2RAR2_R19_CONF_02_886002__T7_transport_strong_phase_00ms,54,54,2.4499999999999917,False,,a80a004105d052bd343f184899624ba93f3ed4cbd841e9dfd47115799cf4aa6d
L2RAR2_R19_CONF_02_886002__T7_transport_strong_phase_00ms,55,55,2.4999999999999907,False,,a80a004105d052bd343f184899624ba93f3ed4cbd841e9dfd47115799cf4aa6d
L2RAR2_R19_CONF_02_886002__T7_transport_strong_phase_00ms,56,56,2.5499999999999896,False,,a80a004105d052bd343f184899624ba93f3ed4cbd841e9dfd47115799cf4aa6d
L2RAR2_R19_CONF_02_886002__T7_transport_strong_phase_00ms,57,57,2.5999999999999885,False,,a80a004105d052bd343f184899624ba93f3ed4cbd841e9dfd47115799cf4aa6d
L2RAR2_R19_CONF_02_886002__T7_transport_strong_phase_00ms,58,58,2.6499999999999875,False,,a80a004105d052bd343f184899624ba93f3ed4cbd841e9dfd47115799cf4aa6d
L2RAR2_R19_CONF_02_886002__T7_transport_strong_phase_00ms,59,59,2.6999999999999864,False,,a80a004105d052bd343f184899624ba93f3ed4cbd841e9dfd47115799cf4aa6d
L2RAR2_R19_CONF_02_886002__T7_transport_strong_phase_00ms,60,60,2.6999999999999864,False,,a80a004105d052bd343f184899624ba93f3ed4cbd841e9dfd47115799cf4aa6d
L2RAR2_R19_CONF_02_886002__T8_transport_strong_phase_10ms,0,0,0.0,False,,117658e5e682c356d04f6c8bcd7679bf088a153a362e4700cb43d35af63640bc
L2RAR2_R19_CONF_02_886002__T8_transport_strong_phase_10ms,1,1,0.05,False,,3286900ae828226e5095e943210a8f68a42949228d6a4c547bb407740efb1583
L2RAR2_R19_CONF_02_886002__T8_transport_strong_phase_10ms,2,2,0.09999999999999999,False,,a01a56a48e99bc85f440cd814adfcb33eb5467a722abb09226bdc2b2248814b9
L2RAR2_R19_CONF_02_886002__T8_transport_strong_phase_10ms,3,3,0.15,False,,cea620dbc48d3fb94646845593ac421b8c77fdcaaf438c850f6fd375df8360d2
L2RAR2_R19_CONF_02_886002__T8_transport_strong_phase_10ms,4,4,0.20000000000000004,False,,b3f5a7236a92c00d5e8cca9d74286cb041a52d948499a8306be468dea8c24716
L2RAR2_R19_CONF_02_886002__T8_transport_strong_phase_10ms,5,5,0.20000000000000004,False,,b3f5a7236a92c00d5e8cca9d74286cb041a52d948499a8306be468dea8c24716
L2RAR2_R19_CONF_02_886002__T8_transport_strong_phase_10ms,6,6,0.25000000000000006,False,,c87b9992c4743d50205d7793ad4eb1da50e6bb38d152b99e0110bea128cba2df
L2RAR2_R19_CONF_02_886002__T8_transport_strong_phase_10ms,7,7,0.3000000000000001,False,,be3c02f2b488790376abb35b84e751056a17cd25f8e6519c9b5155acc4ff298a
L2RAR2_R19_CONF_02_886002__T8_transport_strong_phase_10ms,8,8,0.3000000000000001,False,,be3c02f2b488790376abb35b84e751056a17cd25f8e6519c9b5155acc4ff298a
L2RAR2_R19_CONF_02_886002__T8_transport_strong_phase_10ms,9,9,0.35000000000000014,False,,1399d9789e28d9b5cfb53aba0b743f444c045f33502fece54b8d9df09a60d1a7
L2RAR2_R19_CONF_02_886002__T8_transport_strong_phase_10ms,10,10,0.4000000000000002,False,,a64fb3ab57ce133620230cf6b9a5ccbb656bb7e147bd9f4d741ed1cccff9a40b
L2RAR2_R19_CONF_02_886002__T8_transport_strong_phase_10ms,11,11,0.45000000000000023,False,,4ec2e433ea09e7e4ec9383fc889befe1a775497784c8bc7f1ce31aae74f8440f
L2RAR2_R19_CONF_02_886002__T8_transport_strong_phase_10ms,12,12,0.5000000000000002,False,,bb8e57bf6c3ea403f595b1ec341a45cef2b73e0cac1aadcda97ef491046dfb66
L2RAR2_R19_CONF_02_886002__T8_transport_strong_phase_10ms,13,13,0.5000000000000002,False,,bb8e57bf6c3ea403f595b1ec341a45cef2b73e0cac1aadcda97ef491046dfb66
L2RAR2_R19_CONF_02_886002__T8_transport_strong_phase_10ms,14,14,0.5500000000000003,False,,4466730458eac3fd69ce48c25801f620f6500ee0202be4f38bd6b5b6a6738715
L2RAR2_R19_CONF_02_886002__T8_transport_strong_phase_10ms,15,15,0.6000000000000003,False,,cf0f78b83b98fa9325042005ab4a684088f014937876da0ad4f2fa2fa6a982d3
L2RAR2_R19_CONF_02_886002__T8_transport_strong_phase_10ms,16,16,0.6500000000000004,False,,c9e74852b8c24c1811d3d6ecc3ad6fdbe90ea64bdd8bebcc9707a889be372094
L2RAR2_R19_CONF_02_886002__T8_transport_strong_phase_10ms,17,17,0.7000000000000004,False,,57ee02f5771e994e821524b61b71f42dfffdefb60439a12e30b5d0252185157c
L2RAR2_R19_CONF_02_886002__T8_transport_strong_phase_10ms,18,18,0.7500000000000004,False,,57ee02f5771e994e821524b61b71f42dfffdefb60439a12e30b5d0252185157c
L2RAR2_R19_CONF_02_886002__T8_transport_strong_phase_10ms,19,19,0.8000000000000005,False,,57ee02f5771e994e821524b61b71f42dfffdefb60439a12e30b5d0252185157c
L2RAR2_R19_CONF_02_886002__T8_transport_strong_phase_10ms,20,20,0.8500000000000005,False,,57ee02f5771e994e821524b61b71f42dfffdefb60439a12e30b5d0252185157c
L2RAR2_R19_CONF_02_886002__T8_transport_strong_phase_10ms,21,21,0.9000000000000006,False,,57ee02f5771e994e821524b61b71f42dfffdefb60439a12e30b5d0252185157c
L2RAR2_R19_CONF_02_886002__T8_transport_strong_phase_10ms,22,22,0.9500000000000006,False,,57ee02f5771e994e821524b61b71f42dfffdefb60439a12e30b5d0252185157c
L2RAR2_R19_CONF_02_886002__T8_transport_strong_phase_10ms,23,23,1.0000000000000007,False,,57ee02f5771e994e821524b61b71f42dfffdefb60439a12e30b5d0252185157c
L2RAR2_R19_CONF_02_886002__T8_transport_strong_phase_10ms,24,24,1.0500000000000007,False,,57ee02f5771e994e821524b61b71f42dfffdefb60439a12e30b5d0252185157c
L2RAR2_R19_CONF_02_886002__T8_transport_strong_phase_10ms,25,25,1.1000000000000008,False,,57ee02f5771e994e821524b61b71f42dfffdefb60439a12e30b5d0252185157c
L2RAR2_R19_CONF_02_886002__T8_transport_strong_phase_10ms,26,26,1.1500000000000008,False,,aacbf74fd56d4e715e89c202920f872f9109d8e516819f0b1510e1a9e64a4a77
L2RAR2_R19_CONF_02_886002__T8_transport_strong_phase_10ms,27,27,1.2000000000000008,False,,3dd9cf243bcfadb412ee99c358af860683b5fef27c65c2269dbd3e899f4f89d6
L2RAR2_R19_CONF_02_886002__T8_transport_strong_phase_10ms,28,28,1.2500000000000009,False,,8067ddead048f503aa919fdba2a659e54ca87d4a613fd40a53ad6a367410921d
L2RAR2_R19_CONF_02_886002__T8_transport_strong_phase_10ms,29,29,1.300000000000001,False,,dc0152e1b5fc9a42239a6cf6f0c244909caab09d33a2eb7c85cddce886ebf119
L2RAR2_R19_CONF_02_886002__T8_transport_strong_phase_10ms,30,30,1.350000000000001,False,,b8e61fb7d13036b7e88bc37ce6eea5755c8f6d40a47681cd0806031299060e94
L2RAR2_R19_CONF_02_886002__T8_transport_strong_phase_10ms,31,31,1.400000000000001,False,,5c85b23c62a24bf6f67dd7beb6f953331b1dbfb3acadb041896caf68fa11a648
L2RAR2_R19_CONF_02_886002__T8_transport_strong_phase_10ms,32,32,1.450000000000001,False,,c5c33e1c3aae3e036eb1a20d729c351c6637fc1b2d832daeebed016a59a56db8
L2RAR2_R19_CONF_02_886002__T8_transport_strong_phase_10ms,33,33,1.500000000000001,False,,736ac7792e1007fd6ffd44371aabc02947383c6bb4b79de992cce62260b1170a
L2RAR2_R19_CONF_02_886002__T8_transport_strong_phase_10ms,34,34,1.5100000000000011,False,,dc61ba30a40ee8a2ddbd16a74b11dc8d4869923fd84efff0449729b8a40d7db0
L2RAR2_R19_CONF_02_886002__T8_transport_strong_phase_10ms,35,35,1.5500000000000012,False,,a1f98e6919c6a721e7bc5ffb2899e57c8feb02e28d5ae53606db32f0c7291e0e
L2RAR2_R19_CONF_02_886002__T8_transport_strong_phase_10ms,36,36,1.6000000000000012,False,,3d359cd3283a65e0c7cbff2c11a59a95e1de97e5eb67748d5eff664c51a230cb
L2RAR2_R19_CONF_02_886002__T8_transport_strong_phase_10ms,37,37,1.6500000000000012,False,,4a40b851da2925742d126ace1ea16eddcc1d5182c3abb9b34fc7ec21c99a1457
L2RAR2_R19_CONF_02_886002__T8_transport_strong_phase_10ms,38,38,1.7000000000000013,False,,a80a004105d052bd343f184899624ba93f3ed4cbd841e9dfd47115799cf4aa6d
L2RAR2_R19_CONF_02_886002__T8_transport_strong_phase_10ms,39,39,1.7100000000000013,False,,a80a004105d052bd343f184899624ba93f3ed4cbd841e9dfd47115799cf4aa6d
L2RAR2_R19_CONF_02_886002__T8_transport_strong_phase_10ms,40,40,1.7500000000000013,False,,a80a004105d052bd343f184899624ba93f3ed4cbd841e9dfd47115799cf4aa6d
L2RAR2_R19_CONF_02_886002__T8_transport_strong_phase_10ms,41,41,1.8000000000000014,False,,a80a004105d052bd343f184899624ba93f3ed4cbd841e9dfd47115799cf4aa6d
L2RAR2_R19_CONF_02_886002__T8_transport_strong_phase_10ms,42,42,1.8500000000000014,False,,a80a004105d052bd343f184899624ba93f3ed4cbd841e9dfd47115799cf4aa6d
L2RAR2_R19_CONF_02_886002__T8_transport_strong_phase_10ms,43,43,1.9000000000000015,False,,a80a004105d052bd343f184899624ba93f3ed4cbd841e9dfd47115799cf4aa6d
L2RAR2_R19_CONF_02_886002__T8_transport_strong_phase_10ms,44,44,1.9500000000000015,False,,a80a004105d052bd343f184899624ba93f3ed4cbd841e9dfd47115799cf4aa6d
L2RAR2_R19_CONF_02_886002__T8_transport_strong_phase_10ms,45,45,2.0000000000000013,False,,a80a004105d052bd343f184899624ba93f3ed4cbd841e9dfd47115799cf4aa6d
L2RAR2_R19_CONF_02_886002__T8_transport_strong_phase_10ms,46,46,2.0500000000000003,False,,a80a004105d052bd343f184899624ba93f3ed4cbd841e9dfd47115799cf4aa6d
L2RAR2_R19_CONF_02_886002__T8_transport_strong_phase_10ms,47,47,2.099999999999999,False,,a80a004105d052bd343f184899624ba93f3ed4cbd841e9dfd47115799cf4aa6d
L2RAR2_R19_CONF_02_886002__T8_transport_strong_phase_10ms,48,48,2.149999999999998,False,,a80a004105d052bd343f184899624ba93f3ed4cbd841e9dfd47115799cf4aa6d
L2RAR2_R19_CONF_02_886002__T8_transport_strong_phase_10ms,49,49,2.199999999999997,False,,a80a004105d052bd343f184899624ba93f3ed4cbd841e9dfd47115799cf4aa6d
L2RAR2_R19_CONF_02_886002__T8_transport_strong_phase_10ms,50,50,2.249999999999996,False,,a80a004105d052bd343f184899624ba93f3ed4cbd841e9dfd47115799cf4aa6d
L2RAR2_R19_CONF_02_886002__T8_transport_strong_phase_10ms,51,51,2.299999999999995,False,,a80a004105d052bd343f184899624ba93f3ed4cbd841e9dfd47115799cf4aa6d
L2RAR2_R19_CONF_02_886002__T8_transport_strong_phase_10ms,52,52,2.349999999999994,False,,a80a004105d052bd343f184899624ba93f3ed4cbd841e9dfd47115799cf4aa6d
L2RAR2_R19_CONF_02_886002__T8_transport_strong_phase_10ms,53,53,2.399999999999993,False,,a80a004105d052bd343f184899624ba93f3ed4cbd841e9dfd47115799cf4aa6d
L2RAR2_R19_CONF_02_886002__T8_transport_strong_phase_10ms,54,54,2.4499999999999917,False,,a80a004105d052bd343f184899624ba93f3ed4cbd841e9dfd47115799cf4aa6d
L2RAR2_R19_CONF_02_886002__T8_transport_strong_phase_10ms,55,55,2.4999999999999907,False,,a80a004105d052bd343f184899624ba93f3ed4cbd841e9dfd47115799cf4aa6d
L2RAR2_R19_CONF_02_886002__T8_transport_strong_phase_10ms,56,56,2.5499999999999896,False,,a80a004105d052bd343f184899624ba93f3ed4cbd841e9dfd47115799cf4aa6d
L2RAR2_R19_CONF_02_886002__T8_transport_strong_phase_10ms,57,57,2.5999999999999885,False,,a80a004105d052bd343f184899624ba93f3ed4cbd841e9dfd47115799cf4aa6d
L2RAR2_R19_CONF_02_886002__T8_transport_strong_phase_10ms,58,58,2.6499999999999875,False,,a80a004105d052bd343f184899624ba93f3ed4cbd841e9dfd47115799cf4aa6d
L2RAR2_R19_CONF_02_886002__T8_transport_strong_phase_10ms,59,59,2.6999999999999864,False,,a80a004105d052bd343f184899624ba93f3ed4cbd841e9dfd47115799cf4aa6d
L2RAR2_R19_CONF_02_886002__T8_transport_strong_phase_10ms,60,60,2.709999999999986,False,,a80a004105d052bd343f184899624ba93f3ed4cbd841e9dfd47115799cf4aa6d
L2RAR2_R19_CONF_02_886002__T9_transport_strong_phase_20ms,0,0,0.0,False,,117658e5e682c356d04f6c8bcd7679bf088a153a362e4700cb43d35af63640bc
L2RAR2_R19_CONF_02_886002__T9_transport_strong_phase_20ms,1,1,0.05,False,,3286900ae828226e5095e943210a8f68a42949228d6a4c547bb407740efb1583
L2RAR2_R19_CONF_02_886002__T9_transport_strong_phase_20ms,2,2,0.09999999999999999,False,,a01a56a48e99bc85f440cd814adfcb33eb5467a722abb09226bdc2b2248814b9
L2RAR2_R19_CONF_02_886002__T9_transport_strong_phase_20ms,3,3,0.15,False,,cea620dbc48d3fb94646845593ac421b8c77fdcaaf438c850f6fd375df8360d2
L2RAR2_R19_CONF_02_886002__T9_transport_strong_phase_20ms,4,4,0.20000000000000004,False,,b3f5a7236a92c00d5e8cca9d74286cb041a52d948499a8306be468dea8c24716
L2RAR2_R19_CONF_02_886002__T9_transport_strong_phase_20ms,5,5,0.20000000000000004,False,,b3f5a7236a92c00d5e8cca9d74286cb041a52d948499a8306be468dea8c24716
L2RAR2_R19_CONF_02_886002__T9_transport_strong_phase_20ms,6,6,0.25000000000000006,False,,c87b9992c4743d50205d7793ad4eb1da50e6bb38d152b99e0110bea128cba2df
L2RAR2_R19_CONF_02_886002__T9_transport_strong_phase_20ms,7,7,0.3000000000000001,False,,be3c02f2b488790376abb35b84e751056a17cd25f8e6519c9b5155acc4ff298a
L2RAR2_R19_CONF_02_886002__T9_transport_strong_phase_20ms,8,8,0.3000000000000001,False,,be3c02f2b488790376abb35b84e751056a17cd25f8e6519c9b5155acc4ff298a
L2RAR2_R19_CONF_02_886002__T9_transport_strong_phase_20ms,9,9,0.35000000000000014,False,,1399d9789e28d9b5cfb53aba0b743f444c045f33502fece54b8d9df09a60d1a7
L2RAR2_R19_CONF_02_886002__T9_transport_strong_phase_20ms,10,10,0.4000000000000002,False,,a64fb3ab57ce133620230cf6b9a5ccbb656bb7e147bd9f4d741ed1cccff9a40b
L2RAR2_R19_CONF_02_886002__T9_transport_strong_phase_20ms,11,11,0.45000000000000023,False,,4ec2e433ea09e7e4ec9383fc889befe1a775497784c8bc7f1ce31aae74f8440f
L2RAR2_R19_CONF_02_886002__T9_transport_strong_phase_20ms,12,12,0.5000000000000002,False,,bb8e57bf6c3ea403f595b1ec341a45cef2b73e0cac1aadcda97ef491046dfb66
L2RAR2_R19_CONF_02_886002__T9_transport_strong_phase_20ms,13,13,0.5000000000000002,False,,bb8e57bf6c3ea403f595b1ec341a45cef2b73e0cac1aadcda97ef491046dfb66
L2RAR2_R19_CONF_02_886002__T9_transport_strong_phase_20ms,14,14,0.5500000000000003,False,,4466730458eac3fd69ce48c25801f620f6500ee0202be4f38bd6b5b6a6738715
L2RAR2_R19_CONF_02_886002__T9_transport_strong_phase_20ms,15,15,0.6000000000000003,False,,cf0f78b83b98fa9325042005ab4a684088f014937876da0ad4f2fa2fa6a982d3
L2RAR2_R19_CONF_02_886002__T9_transport_strong_phase_20ms,16,16,0.6500000000000004,False,,c9e74852b8c24c1811d3d6ecc3ad6fdbe90ea64bdd8bebcc9707a889be372094
L2RAR2_R19_CONF_02_886002__T9_transport_strong_phase_20ms,17,17,0.7000000000000004,False,,57ee02f5771e994e821524b61b71f42dfffdefb60439a12e30b5d0252185157c
L2RAR2_R19_CONF_02_886002__T9_transport_strong_phase_20ms,18,18,0.7500000000000004,False,,57ee02f5771e994e821524b61b71f42dfffdefb60439a12e30b5d0252185157c
L2RAR2_R19_CONF_02_886002__T9_transport_strong_phase_20ms,19,19,0.8000000000000005,False,,57ee02f5771e994e821524b61b71f42dfffdefb60439a12e30b5d0252185157c
L2RAR2_R19_CONF_02_886002__T9_transport_strong_phase_20ms,20,20,0.8500000000000005,False,,57ee02f5771e994e821524b61b71f42dfffdefb60439a12e30b5d0252185157c
L2RAR2_R19_CONF_02_886002__T9_transport_strong_phase_20ms,21,21,0.9000000000000006,False,,57ee02f5771e994e821524b61b71f42dfffdefb60439a12e30b5d0252185157c
L2RAR2_R19_CONF_02_886002__T9_transport_strong_phase_20ms,22,22,0.9500000000000006,False,,57ee02f5771e994e821524b61b71f42dfffdefb60439a12e30b5d0252185157c
L2RAR2_R19_CONF_02_886002__T9_transport_strong_phase_20ms,23,23,1.0000000000000007,False,,57ee02f5771e994e821524b61b71f42dfffdefb60439a12e30b5d0252185157c
L2RAR2_R19_CONF_02_886002__T9_transport_strong_phase_20ms,24,24,1.0500000000000007,False,,57ee02f5771e994e821524b61b71f42dfffdefb60439a12e30b5d0252185157c
L2RAR2_R19_CONF_02_886002__T9_transport_strong_phase_20ms,25,25,1.1000000000000008,False,,57ee02f5771e994e821524b61b71f42dfffdefb60439a12e30b5d0252185157c
L2RAR2_R19_CONF_02_886002__T9_transport_strong_phase_20ms,26,26,1.1500000000000008,False,,aacbf74fd56d4e715e89c202920f872f9109d8e516819f0b1510e1a9e64a4a77
L2RAR2_R19_CONF_02_886002__T9_transport_strong_phase_20ms,27,27,1.2000000000000008,False,,3dd9cf243bcfadb412ee99c358af860683b5fef27c65c2269dbd3e899f4f89d6
L2RAR2_R19_CONF_02_886002__T9_transport_strong_phase_20ms,28,28,1.2500000000000009,False,,8067ddead048f503aa919fdba2a659e54ca87d4a613fd40a53ad6a367410921d
L2RAR2_R19_CONF_02_886002__T9_transport_strong_phase_20ms,29,29,1.300000000000001,False,,dc0152e1b5fc9a42239a6cf6f0c244909caab09d33a2eb7c85cddce886ebf119
L2RAR2_R19_CONF_02_886002__T9_transport_strong_phase_20ms,30,30,1.350000000000001,False,,a3e562d39cc5657ea419ed000aa98d04a620de1337eba29bd9bbc290a1ab41f9
L2RAR2_R19_CONF_02_886002__T9_transport_strong_phase_20ms,31,31,1.400000000000001,False,,7915eb87ae5bfe31df21ee62577cdc76768e92cd4e859517c18dc9ceef48afb1
L2RAR2_R19_CONF_02_886002__T9_transport_strong_phase_20ms,32,32,1.450000000000001,False,,170daac6f438da4e61e88c717bf38ecf957f442044c2c0b98efaa0fe5c6f6bb4
L2RAR2_R19_CONF_02_886002__T9_transport_strong_phase_20ms,33,33,1.500000000000001,False,,af502728dd0d0c92e341b32575ec23d579a832e97b03dfd8cc088e242150d433
L2RAR2_R19_CONF_02_886002__T9_transport_strong_phase_20ms,34,34,1.5200000000000011,False,,2abf7f2ed12b8a017c91302ac656a846e10f4fa95e6a1c040538bbce7958d1ac
L2RAR2_R19_CONF_02_886002__T9_transport_strong_phase_20ms,35,35,1.5500000000000012,False,,0ab09fcc719058a4e5d49663fc4446be1f504119e1628d9e08b95ab7f0562072
L2RAR2_R19_CONF_02_886002__T9_transport_strong_phase_20ms,36,36,1.6000000000000012,False,,3d359cd3283a65e0c7cbff2c11a59a95e1de97e5eb67748d5eff664c51a230cb
L2RAR2_R19_CONF_02_886002__T9_transport_strong_phase_20ms,37,37,1.6500000000000012,False,,4a40b851da2925742d126ace1ea16eddcc1d5182c3abb9b34fc7ec21c99a1457
L2RAR2_R19_CONF_02_886002__T9_transport_strong_phase_20ms,38,38,1.7000000000000013,False,,a80a004105d052bd343f184899624ba93f3ed4cbd841e9dfd47115799cf4aa6d
L2RAR2_R19_CONF_02_886002__T9_transport_strong_phase_20ms,39,39,1.7200000000000013,False,,a80a004105d052bd343f184899624ba93f3ed4cbd841e9dfd47115799cf4aa6d
L2RAR2_R19_CONF_02_886002__T9_transport_strong_phase_20ms,40,40,1.7500000000000013,False,,a80a004105d052bd343f184899624ba93f3ed4cbd841e9dfd47115799cf4aa6d
L2RAR2_R19_CONF_02_886002__T9_transport_strong_phase_20ms,41,41,1.8000000000000014,False,,a80a004105d052bd343f184899624ba93f3ed4cbd841e9dfd47115799cf4aa6d
L2RAR2_R19_CONF_02_886002__T9_transport_strong_phase_20ms,42,42,1.8500000000000014,False,,a80a004105d052bd343f184899624ba93f3ed4cbd841e9dfd47115799cf4aa6d
L2RAR2_R19_CONF_02_886002__T9_transport_strong_phase_20ms,43,43,1.9000000000000015,False,,a80a004105d052bd343f184899624ba93f3ed4cbd841e9dfd47115799cf4aa6d
L2RAR2_R19_CONF_02_886002__T9_transport_strong_phase_20ms,44,44,1.9500000000000015,False,,a80a004105d052bd343f184899624ba93f3ed4cbd841e9dfd47115799cf4aa6d
L2RAR2_R19_CONF_02_886002__T9_transport_strong_phase_20ms,45,45,2.0000000000000013,False,,a80a004105d052bd343f184899624ba93f3ed4cbd841e9dfd47115799cf4aa6d
L2RAR2_R19_CONF_02_886002__T9_transport_strong_phase_20ms,46,46,2.0500000000000003,False,,a80a004105d052bd343f184899624ba93f3ed4cbd841e9dfd47115799cf4aa6d
L2RAR2_R19_CONF_02_886002__T9_transport_strong_phase_20ms,47,47,2.099999999999999,False,,a80a004105d052bd343f184899624ba93f3ed4cbd841e9dfd47115799cf4aa6d
L2RAR2_R19_CONF_02_886002__T9_transport_strong_phase_20ms,48,48,2.149999999999998,False,,a80a004105d052bd343f184899624ba93f3ed4cbd841e9dfd47115799cf4aa6d
L2RAR2_R19_CONF_02_886002__T9_transport_strong_phase_20ms,49,49,2.199999999999997,False,,a80a004105d052bd343f184899624ba93f3ed4cbd841e9dfd47115799cf4aa6d
L2RAR2_R19_CONF_02_886002__T9_transport_strong_phase_20ms,50,50,2.249999999999996,False,,a80a004105d052bd343f184899624ba93f3ed4cbd841e9dfd47115799cf4aa6d
L2RAR2_R19_CONF_02_886002__T9_transport_strong_phase_20ms,51,51,2.299999999999995,False,,a80a004105d052bd343f184899624ba93f3ed4cbd841e9dfd47115799cf4aa6d
L2RAR2_R19_CONF_02_886002__T9_transport_strong_phase_20ms,52,52,2.349999999999994,False,,a80a004105d052bd343f184899624ba93f3ed4cbd841e9dfd47115799cf4aa6d
L2RAR2_R19_CONF_02_886002__T9_transport_strong_phase_20ms,53,53,2.399999999999993,False,,a80a004105d052bd343f184899624ba93f3ed4cbd841e9dfd47115799cf4aa6d
L2RAR2_R19_CONF_02_886002__T9_transport_strong_phase_20ms,54,54,2.4499999999999917,False,,a80a004105d052bd343f184899624ba93f3ed4cbd841e9dfd47115799cf4aa6d
L2RAR2_R19_CONF_02_886002__T9_transport_strong_phase_20ms,55,55,2.4999999999999907,False,,a80a004105d052bd343f184899624ba93f3ed4cbd841e9dfd47115799cf4aa6d
L2RAR2_R19_CONF_02_886002__T9_transport_strong_phase_20ms,56,56,2.5499999999999896,False,,a80a004105d052bd343f184899624ba93f3ed4cbd841e9dfd47115799cf4aa6d
L2RAR2_R19_CONF_02_886002__T9_transport_strong_phase_20ms,57,57,2.5999999999999885,False,,a80a004105d052bd343f184899624ba93f3ed4cbd841e9dfd47115799cf4aa6d
L2RAR2_R19_CONF_02_886002__T9_transport_strong_phase_20ms,58,58,2.6499999999999875,False,,a80a004105d052bd343f184899624ba93f3ed4cbd841e9dfd47115799cf4aa6d
L2RAR2_R19_CONF_02_886002__T9_transport_strong_phase_20ms,59,59,2.6999999999999864,False,,a80a004105d052bd343f184899624ba93f3ed4cbd841e9dfd47115799cf4aa6d
L2RAR2_R19_CONF_02_886002__T9_transport_strong_phase_20ms,60,60,2.719999999999986,False,,a80a004105d052bd343f184899624ba93f3ed4cbd841e9dfd47115799cf4aa6d
L2RAR2_R19_CONF_03_886003__T10_transport_strong_phase_30ms,0,0,0.0,False,,58538d1943c502b2ade5fe2f291f98307af2db8c58bf689a5fa440a212e97ef1
L2RAR2_R19_CONF_03_886003__T10_transport_strong_phase_30ms,1,1,0.05,False,,edbbfd6b5193fc617245d3dd758a48513ad30e1be61532e19ffc41becf54c3c8
L2RAR2_R19_CONF_03_886003__T10_transport_strong_phase_30ms,2,2,0.09999999999999999,False,,a18cb5fe37469108253b3b99595b3477c6dced79447babb33acceea633921500
L2RAR2_R19_CONF_03_886003__T10_transport_strong_phase_30ms,3,3,0.15,False,,f1d48d6e28aa6360629369e3e717b247daa07b25ec37bf34c81921bef9b902aa
L2RAR2_R19_CONF_03_886003__T10_transport_strong_phase_30ms,4,4,0.20000000000000004,False,,2a61215d916e7c03714cf9c4f2a2dc9a1b19297a0488fc2b6af2f26ad60b8e06
L2RAR2_R19_CONF_03_886003__T10_transport_strong_phase_30ms,5,5,0.20000000000000004,False,,2a61215d916e7c03714cf9c4f2a2dc9a1b19297a0488fc2b6af2f26ad60b8e06
L2RAR2_R19_CONF_03_886003__T10_transport_strong_phase_30ms,6,6,0.25000000000000006,False,,5b9469e8557f516fd59e0cd2c9744aef32bc3e34d39b0dc29600222c0ae56273
L2RAR2_R19_CONF_03_886003__T10_transport_strong_phase_30ms,7,7,0.3000000000000001,False,,c036a1138ff592090f8dabc07f24a0d58b3898d381272ffc4badd6ebea765534
L2RAR2_R19_CONF_03_886003__T10_transport_strong_phase_30ms,8,8,0.3000000000000001,False,,c036a1138ff592090f8dabc07f24a0d58b3898d381272ffc4badd6ebea765534
L2RAR2_R19_CONF_03_886003__T10_transport_strong_phase_30ms,9,9,0.35000000000000014,False,,1b92f3f6308c2bac21142ac770cb61ec2d7034e7536e3497fae017ee8a8ef6b7
L2RAR2_R19_CONF_03_886003__T10_transport_strong_phase_30ms,10,10,0.4000000000000002,False,,78aa865916370e8f96e6684f35f8a1660220bcf07fe42b01aa6763d66dd195fa
L2RAR2_R19_CONF_03_886003__T10_transport_strong_phase_30ms,11,11,0.45000000000000023,False,,7679c1515479d600e34bd20dcc0c06f2bc680df7d0b3327f2dbdb952887a6f5a
L2RAR2_R19_CONF_03_886003__T10_transport_strong_phase_30ms,12,12,0.5000000000000002,False,,8f041c15e95d0c2a29a56bc97062e376a8309922f3f62dafb876273b31b2728b
L2RAR2_R19_CONF_03_886003__T10_transport_strong_phase_30ms,13,13,0.5000000000000002,False,,8f041c15e95d0c2a29a56bc97062e376a8309922f3f62dafb876273b31b2728b
L2RAR2_R19_CONF_03_886003__T10_transport_strong_phase_30ms,14,14,0.5500000000000003,False,,36d0e9bb006af1ac11221476245593f93d805545ff5028f736baa29ab82a9b56
L2RAR2_R19_CONF_03_886003__T10_transport_strong_phase_30ms,15,15,0.6000000000000003,False,,d159d3121ab65ce731b74261c550de5dd5bdbf7f95997393fcc0b697beed1130
L2RAR2_R19_CONF_03_886003__T10_transport_strong_phase_30ms,16,16,0.6500000000000004,False,,78d7715ff976b2b1437b31a552b93af77275d9fc9354f290ccc900045046a2df
L2RAR2_R19_CONF_03_886003__T10_transport_strong_phase_30ms,17,17,0.7000000000000004,False,,0749fccba176b8a2d0586495faf92abdfbe361e6e65e242abc5698b07eedae97
L2RAR2_R19_CONF_03_886003__T10_transport_strong_phase_30ms,18,18,0.7500000000000004,False,,11e797ff0c0059036d58a191397e67be5139a1ce90d9fc977b7e4ce05f86e1e2
L2RAR2_R19_CONF_03_886003__T10_transport_strong_phase_30ms,19,19,0.8000000000000005,False,,32f3cf18d31f884474f272d4d2ed0ae45fdd821effe690f4b27fc85f4126788a
L2RAR2_R19_CONF_03_886003__T10_transport_strong_phase_30ms,20,20,0.8500000000000005,False,,1af3009c9e51b7774b4c7144a358b02b807d57369cc87fd770c2477658476792
L2RAR2_R19_CONF_03_886003__T10_transport_strong_phase_30ms,21,21,0.9000000000000006,False,,29b3f3467e53143b9b285d2113e3ec8b86d2b3bf93b64f875e00cd6776b8ef85
L2RAR2_R19_CONF_03_886003__T10_transport_strong_phase_30ms,22,22,0.9500000000000006,False,,cadc4cc809bdbc75ff993ae5087483ac1e88ec27cf89dbf96a31fc18f63168b5
L2RAR2_R19_CONF_03_886003__T10_transport_strong_phase_30ms,23,23,1.0000000000000007,False,,cadc4cc809bdbc75ff993ae5087483ac1e88ec27cf89dbf96a31fc18f63168b5
L2RAR2_R19_CONF_03_886003__T10_transport_strong_phase_30ms,24,24,1.0500000000000007,False,,10bf03f1b03c57fa69ad8498c67bc0680fd17f6dc5eece90b393c86072e39112
L2RAR2_R19_CONF_03_886003__T10_transport_strong_phase_30ms,25,25,1.1000000000000008,False,,0b7e891a4e3b9cd95ac84f6f7411e51e217f112f1b62e76f3254d8ec83a08cb0
L2RAR2_R19_CONF_03_886003__T10_transport_strong_phase_30ms,26,26,1.1500000000000008,False,,3837cc43d1e8c72acddc70aa0ddaa66a5bbcb7a997793897b358137a826b6a62
L2RAR2_R19_CONF_03_886003__T10_transport_strong_phase_30ms,27,27,1.2000000000000008,False,,dbcb1b016eacb3688d5a4b84506af94d72244ba8c849e0959e4c83d8c2e1e62e
L2RAR2_R19_CONF_03_886003__T10_transport_strong_phase_30ms,28,28,1.2500000000000009,False,,bd26db9146b39827616725bb19806c6f96c149603b2fa60fda8d84bbfda9f1ce
L2RAR2_R19_CONF_03_886003__T10_transport_strong_phase_30ms,29,29,1.300000000000001,False,,ef901274323d5714314fffdbb43c7782c39901970f227f06c7ed47ae527bcccf
L2RAR2_R19_CONF_03_886003__T10_transport_strong_phase_30ms,30,30,1.350000000000001,False,,d9a32a618f851725a5973ee39c5e6e68c5f6ecfd1b6bcc97c11e8420e20e61c6
L2RAR2_R19_CONF_03_886003__T10_transport_strong_phase_30ms,31,31,1.400000000000001,False,,bc13aa29aee4dcdbc961f799b1ccbc84f5505c90fb9eb857328239b3c17a7d8b
L2RAR2_R19_CONF_03_886003__T10_transport_strong_phase_30ms,32,32,1.450000000000001,False,,7b147913c2d7ec81f5d35c6c71241223adc8dbb3a596858f566d1f0c3428c22b
L2RAR2_R19_CONF_03_886003__T10_transport_strong_phase_30ms,33,33,1.500000000000001,False,,962f0a073ea0540f1a652b61ec598ea4df984537a411d8c112cd8e20cc67620a
L2RAR2_R19_CONF_03_886003__T10_transport_strong_phase_30ms,34,34,1.5300000000000011,False,,8b03bd5d76edc8a395056cfc524b7c7f3974667d02e911f54a02fce2345c3158
L2RAR2_R19_CONF_03_886003__T10_transport_strong_phase_30ms,35,35,1.5500000000000012,False,,7d923f8a6f50190a9ec6a7a4aac849f44c41e271b4f5d1fb50de2b72f46d5560
L2RAR2_R19_CONF_03_886003__T10_transport_strong_phase_30ms,36,36,1.6000000000000012,False,,2feea6f161d10d5ae1955df1cc8349c3adc1775ef130d8df2d57ac800953821a
L2RAR2_R19_CONF_03_886003__T10_transport_strong_phase_30ms,37,37,1.6500000000000012,False,,25c65ddcb7749c23f540d30327e88842f55573c11f35000ac2cec627561988a7
L2RAR2_R19_CONF_03_886003__T10_transport_strong_phase_30ms,38,38,1.7000000000000013,False,,50df8350c3f09cb3ef93e6e0ac4bed7e4b253c401bc6a22528b7dd5911cd7478
L2RAR2_R19_CONF_03_886003__T10_transport_strong_phase_30ms,39,39,1.7300000000000013,False,,8b9410c128dbec886acbf37117e5626ab75e8da9d946db467fab66d0391e87ca
L2RAR2_R19_CONF_03_886003__T10_transport_strong_phase_30ms,40,40,1.7500000000000013,False,,284a1c2702f17211ad5b729a40166ce1698dad744be43e629c939e07a0077dcc
L2RAR2_R19_CONF_03_886003__T10_transport_strong_phase_30ms,41,41,1.8000000000000014,False,,b4f5b91b97aaee87e112ad3df5910073cfe05dbd5349656c5428d9ac6c14b594
L2RAR2_R19_CONF_03_886003__T10_transport_strong_phase_30ms,42,42,1.8500000000000014,False,,eafda9985c65051e5fad683928f8f5f3e3c5f7d1f272748621b33012d9ab9067
L2RAR2_R19_CONF_03_886003__T10_transport_strong_phase_30ms,43,43,1.9000000000000015,False,,7258a0714966d44ceffbfdb5fc5f4785a88ed059dbe4ac9c3eb8c5973e3da7dc
L2RAR2_R19_CONF_03_886003__T10_transport_strong_phase_30ms,44,44,1.9500000000000015,False,,77a06a334473b76677b6c9f45699f6ca7e6c64fa4c314f5c78cc9d3dd94317ca
L2RAR2_R19_CONF_03_886003__T10_transport_strong_phase_30ms,45,45,2.0000000000000013,False,,5882311d10deb4f6cad4be03c8405c26645f1a7f9e724a245c243c9a7a451660
L2RAR2_R19_CONF_03_886003__T10_transport_strong_phase_30ms,46,46,2.0500000000000003,False,,19a158c01b09ffbc1005b7267124586013208275a1aa40f964923af7cac0bc95
L2RAR2_R19_CONF_03_886003__T10_transport_strong_phase_30ms,47,47,2.099999999999999,False,,8ea4e84949e2e59c8b93cc4b5ca66621aeba6bece1882d229f1930329a8e13bc
L2RAR2_R19_CONF_03_886003__T10_transport_strong_phase_30ms,48,48,2.149999999999998,False,,9066d51d518305f781c26295093bd8fcf7080dd2c66342e12cb2976b6faa39a8
L2RAR2_R19_CONF_03_886003__T10_transport_strong_phase_30ms,49,49,2.199999999999997,False,,f78bcd4101d3b823d5e32e4c5edf0fbd1030ca72467f5ef195ca2704c3bf7046
L2RAR2_R19_CONF_03_886003__T10_transport_strong_phase_30ms,50,50,2.249999999999996,False,,5da00cf752432c3ef4f813fd2c7a23c0957a84a73737639ce412907e8912c800
L2RAR2_R19_CONF_03_886003__T10_transport_strong_phase_30ms,51,51,2.299999999999995,False,,d101a68112a5f2b128103bfff9f8724c487a55aacc7e1992a4a8e621318b29b5
L2RAR2_R19_CONF_03_886003__T10_transport_strong_phase_30ms,52,52,2.349999999999994,False,,501aedaf176ddc3219372ce2158f4cc9890162691fc63c4f4a19f269eb75aaf6
L2RAR2_R19_CONF_03_886003__T10_transport_strong_phase_30ms,53,53,2.399999999999993,False,,a67f97b2ac8fefd8d33f89386b79aa3e768f728e7d7f02f0560f11e64c04ead5
L2RAR2_R19_CONF_03_886003__T10_transport_strong_phase_30ms,54,54,2.4499999999999917,False,,f95fc6079f1fca71b5d3d1fd6750a21e9c33d0d38497cf0a47a22b9bd9e196da
L2RAR2_R19_CONF_03_886003__T10_transport_strong_phase_30ms,55,55,2.4999999999999907,False,,63e5357da893acc88cd5c1c862f051222d53da1299a849faf961c5eebad2fb68
L2RAR2_R19_CONF_03_886003__T10_transport_strong_phase_30ms,56,56,2.5499999999999896,False,,24015b8f13666c046130ad8a09b7e178f88d323dc64e968deba52bbf96b918d7
L2RAR2_R19_CONF_03_886003__T10_transport_strong_phase_30ms,57,57,2.5999999999999885,False,,9dcc82cea11dab325af514fc9faab4fb330360a4eb1b93813e832a855897cf94
L2RAR2_R19_CONF_03_886003__T10_transport_strong_phase_30ms,58,58,2.6499999999999875,False,,c1871f58ffc6001afae88780b4dc9d36e40d1f6a0bec1dc2674085f164a9fab5
L2RAR2_R19_CONF_03_886003__T10_transport_strong_phase_30ms,59,59,2.6999999999999864,False,,979467a2228dc6d34d1084bdd183470ddcbb25a575224946b398721c21d4aa1e
L2RAR2_R19_CONF_03_886003__T10_transport_strong_phase_30ms,60,60,2.7299999999999858,False,,8d2436c89594c50f53386eb9acff48b434b6dd952aa6daa20a5e61e827ab3ec3
L2RAR2_R19_CONF_03_886003__T11_transport_strong_phase_40ms_rgb_dropout,0,0,0.0,False,,58538d1943c502b2ade5fe2f291f98307af2db8c58bf689a5fa440a212e97ef1
L2RAR2_R19_CONF_03_886003__T11_transport_strong_phase_40ms_rgb_dropout,1,1,0.05,False,,edbbfd6b5193fc617245d3dd758a48513ad30e1be61532e19ffc41becf54c3c8
L2RAR2_R19_CONF_03_886003__T11_transport_strong_phase_40ms_rgb_dropout,2,2,0.09999999999999999,False,,a18cb5fe37469108253b3b99595b3477c6dced79447babb33acceea633921500
L2RAR2_R19_CONF_03_886003__T11_transport_strong_phase_40ms_rgb_dropout,3,3,0.15,False,,f1d48d6e28aa6360629369e3e717b247daa07b25ec37bf34c81921bef9b902aa
L2RAR2_R19_CONF_03_886003__T11_transport_strong_phase_40ms_rgb_dropout,4,4,0.20000000000000004,False,,2a61215d916e7c03714cf9c4f2a2dc9a1b19297a0488fc2b6af2f26ad60b8e06
L2RAR2_R19_CONF_03_886003__T11_transport_strong_phase_40ms_rgb_dropout,5,5,0.20000000000000004,False,,2a61215d916e7c03714cf9c4f2a2dc9a1b19297a0488fc2b6af2f26ad60b8e06
L2RAR2_R19_CONF_03_886003__T11_transport_strong_phase_40ms_rgb_dropout,6,6,0.25000000000000006,False,,5b9469e8557f516fd59e0cd2c9744aef32bc3e34d39b0dc29600222c0ae56273
L2RAR2_R19_CONF_03_886003__T11_transport_strong_phase_40ms_rgb_dropout,7,7,0.3000000000000001,False,,c036a1138ff592090f8dabc07f24a0d58b3898d381272ffc4badd6ebea765534
L2RAR2_R19_CONF_03_886003__T11_transport_strong_phase_40ms_rgb_dropout,8,8,0.3000000000000001,False,,c036a1138ff592090f8dabc07f24a0d58b3898d381272ffc4badd6ebea765534
L2RAR2_R19_CONF_03_886003__T11_transport_strong_phase_40ms_rgb_dropout,9,9,0.35000000000000014,False,,1b92f3f6308c2bac21142ac770cb61ec2d7034e7536e3497fae017ee8a8ef6b7
L2RAR2_R19_CONF_03_886003__T11_transport_strong_phase_40ms_rgb_dropout,10,10,0.4000000000000002,False,,78aa865916370e8f96e6684f35f8a1660220bcf07fe42b01aa6763d66dd195fa
L2RAR2_R19_CONF_03_886003__T11_transport_strong_phase_40ms_rgb_dropout,11,11,0.45000000000000023,False,,7679c1515479d600e34bd20dcc0c06f2bc680df7d0b3327f2dbdb952887a6f5a
L2RAR2_R19_CONF_03_886003__T11_transport_strong_phase_40ms_rgb_dropout,12,12,0.5000000000000002,False,,8f041c15e95d0c2a29a56bc97062e376a8309922f3f62dafb876273b31b2728b
L2RAR2_R19_CONF_03_886003__T11_transport_strong_phase_40ms_rgb_dropout,13,13,0.5000000000000002,False,,8f041c15e95d0c2a29a56bc97062e376a8309922f3f62dafb876273b31b2728b
L2RAR2_R19_CONF_03_886003__T11_transport_strong_phase_40ms_rgb_dropout,14,14,0.5500000000000003,False,,36d0e9bb006af1ac11221476245593f93d805545ff5028f736baa29ab82a9b56
L2RAR2_R19_CONF_03_886003__T11_transport_strong_phase_40ms_rgb_dropout,15,15,0.6000000000000003,False,,d159d3121ab65ce731b74261c550de5dd5bdbf7f95997393fcc0b697beed1130
L2RAR2_R19_CONF_03_886003__T11_transport_strong_phase_40ms_rgb_dropout,16,16,0.6500000000000004,False,,78d7715ff976b2b1437b31a552b93af77275d9fc9354f290ccc900045046a2df
L2RAR2_R19_CONF_03_886003__T11_transport_strong_phase_40ms_rgb_dropout,17,17,0.7000000000000004,False,,0749fccba176b8a2d0586495faf92abdfbe361e6e65e242abc5698b07eedae97
L2RAR2_R19_CONF_03_886003__T11_transport_strong_phase_40ms_rgb_dropout,18,18,0.7500000000000004,False,,11e797ff0c0059036d58a191397e67be5139a1ce90d9fc977b7e4ce05f86e1e2
L2RAR2_R19_CONF_03_886003__T11_transport_strong_phase_40ms_rgb_dropout,19,19,0.8000000000000005,False,,32f3cf18d31f884474f272d4d2ed0ae45fdd821effe690f4b27fc85f4126788a
L2RAR2_R19_CONF_03_886003__T11_transport_strong_phase_40ms_rgb_dropout,20,20,0.8500000000000005,False,,1af3009c9e51b7774b4c7144a358b02b807d57369cc87fd770c2477658476792
L2RAR2_R19_CONF_03_886003__T11_transport_strong_phase_40ms_rgb_dropout,21,21,0.9000000000000006,False,,29b3f3467e53143b9b285d2113e3ec8b86d2b3bf93b64f875e00cd6776b8ef85
L2RAR2_R19_CONF_03_886003__T11_transport_strong_phase_40ms_rgb_dropout,22,22,0.9500000000000006,False,,cadc4cc809bdbc75ff993ae5087483ac1e88ec27cf89dbf96a31fc18f63168b5
L2RAR2_R19_CONF_03_886003__T11_transport_strong_phase_40ms_rgb_dropout,23,23,1.0000000000000007,False,,cadc4cc809bdbc75ff993ae5087483ac1e88ec27cf89dbf96a31fc18f63168b5
L2RAR2_R19_CONF_03_886003__T11_transport_strong_phase_40ms_rgb_dropout,24,24,1.0500000000000007,False,,10bf03f1b03c57fa69ad8498c67bc0680fd17f6dc5eece90b393c86072e39112
L2RAR2_R19_CONF_03_886003__T11_transport_strong_phase_40ms_rgb_dropout,25,25,1.1000000000000008,False,,0b7e891a4e3b9cd95ac84f6f7411e51e217f112f1b62e76f3254d8ec83a08cb0
L2RAR2_R19_CONF_03_886003__T11_transport_strong_phase_40ms_rgb_dropout,26,26,1.1500000000000008,False,,3837cc43d1e8c72acddc70aa0ddaa66a5bbcb7a997793897b358137a826b6a62
L2RAR2_R19_CONF_03_886003__T11_transport_strong_phase_40ms_rgb_dropout,27,27,1.2000000000000008,False,,dbcb1b016eacb3688d5a4b84506af94d72244ba8c849e0959e4c83d8c2e1e62e
L2RAR2_R19_CONF_03_886003__T11_transport_strong_phase_40ms_rgb_dropout,28,28,1.2500000000000009,False,,bd26db9146b39827616725bb19806c6f96c149603b2fa60fda8d84bbfda9f1ce
L2RAR2_R19_CONF_03_886003__T11_transport_strong_phase_40ms_rgb_dropout,29,29,1.300000000000001,False,,ef901274323d5714314fffdbb43c7782c39901970f227f06c7ed47ae527bcccf
L2RAR2_R19_CONF_03_886003__T11_transport_strong_phase_40ms_rgb_dropout,30,30,1.350000000000001,False,,9ffdfe21830b09911b5b7aecc4817bdcfe26fc7e10924b9a53d12478d6b39ffd
L2RAR2_R19_CONF_03_886003__T11_transport_strong_phase_40ms_rgb_dropout,31,31,1.400000000000001,False,,9c4e5fa96ae53d4666935122dcc7b4cda7952bc520fa4b9cb1c002d9e5c2f6e8
L2RAR2_R19_CONF_03_886003__T11_transport_strong_phase_40ms_rgb_dropout,32,32,1.450000000000001,False,,
L2RAR2_R19_CONF_03_886003__T11_transport_strong_phase_40ms_rgb_dropout,33,33,1.500000000000001,False,,
L2RAR2_R19_CONF_03_886003__T11_transport_strong_phase_40ms_rgb_dropout,34,34,1.5400000000000011,False,,db6d4824b29fcef2c7d256a981f93e3f76e778b63217e631323b1ae7b4c8a837
L2RAR2_R19_CONF_03_886003__T11_transport_strong_phase_40ms_rgb_dropout,35,35,1.5500000000000012,False,,
L2RAR2_R19_CONF_03_886003__T11_transport_strong_phase_40ms_rgb_dropout,36,36,1.6000000000000012,False,,2522a5efafd80a4a8ed0327c8e33ef0c59f58889e18fa4bd5295610415cbec51
L2RAR2_R19_CONF_03_886003__T11_transport_strong_phase_40ms_rgb_dropout,37,37,1.6500000000000012,False,,a91402bced5677c020141c1cac94ee98b86872a80e49e7ed0ade101790a99c18
L2RAR2_R19_CONF_03_886003__T11_transport_strong_phase_40ms_rgb_dropout,38,38,1.7000000000000013,False,,209531e08bc1e906cd05358e7d5679da94973ffd543c38e5beda020bf2bc998d
L2RAR2_R19_CONF_03_886003__T11_transport_strong_phase_40ms_rgb_dropout,39,39,1.7400000000000013,False,,6a813cde82da8ddb141455dd2a265b00d0265fa218a2867092ce6b82a69b92de
L2RAR2_R19_CONF_03_886003__T11_transport_strong_phase_40ms_rgb_dropout,40,40,1.7500000000000013,False,,114a4035f0b5cc46c0bc64e464ae43ac4434515b03c52945b7c9b4906035f0a8
L2RAR2_R19_CONF_03_886003__T11_transport_strong_phase_40ms_rgb_dropout,41,41,1.8000000000000014,False,,dfc2b29b4ce07e56b42a87bbebe50e292b221682925c2c9a7a7f5725f42e2d69
L2RAR2_R19_CONF_03_886003__T11_transport_strong_phase_40ms_rgb_dropout,42,42,1.8500000000000014,False,,29c8c7f5139673b147e0dc007fc8a42a9b76142db12c91959cf0965d0088732e
L2RAR2_R19_CONF_03_886003__T11_transport_strong_phase_40ms_rgb_dropout,43,43,1.9000000000000015,False,,9185787fbacb03dda72a36828e3cc531f1047f6054a12e5b3f5cdd9f97b322c4
L2RAR2_R19_CONF_03_886003__T11_transport_strong_phase_40ms_rgb_dropout,44,44,1.9500000000000015,False,,7b574e06c988cd53a2848c8d0d9342bdac4b57a5549b7126ff433393ba9ed13f
L2RAR2_R19_CONF_03_886003__T11_transport_strong_phase_40ms_rgb_dropout,45,45,2.0000000000000013,False,,31397967396341afb77b6165e9763125f62be4346143cd6e6744bda962bc44b9
L2RAR2_R19_CONF_03_886003__T11_transport_strong_phase_40ms_rgb_dropout,46,46,2.0500000000000003,False,,f92a9ca134e231dc9ef20e53a6bd803213c5de8bf8e95a530bfee91f45cd744b
L2RAR2_R19_CONF_03_886003__T11_transport_strong_phase_40ms_rgb_dropout,47,47,2.099999999999999,False,,dbcf99e0c4181f7bd704ed4e155dd610478c871d6fe227a9bae205e452587358
L2RAR2_R19_CONF_03_886003__T11_transport_strong_phase_40ms_rgb_dropout,48,48,2.149999999999998,False,,b437d2f1948b59275d89eba9fd903dd20c976753d1cab06d4a1f489a76743e2a
L2RAR2_R19_CONF_03_886003__T11_transport_strong_phase_40ms_rgb_dropout,49,49,2.199999999999997,False,,2fbd16d1b212c4e507751035ed72b3cea99fab48c6e33497accb476785b6c033
L2RAR2_R19_CONF_03_886003__T11_transport_strong_phase_40ms_rgb_dropout,50,50,2.249999999999996,False,,207045b861d6f3d7ea848077e84790502657980ebab6f3ac2e2ac0775b9aedc2
L2RAR2_R19_CONF_03_886003__T11_transport_strong_phase_40ms_rgb_dropout,51,51,2.299999999999995,False,,d2bf70532479e878fd2d46eaee4a0b35fb3d14cab7bcf3d2ba31ec53bb3cf90a
L2RAR2_R19_CONF_03_886003__T11_transport_strong_phase_40ms_rgb_dropout,52,52,2.349999999999994,False,,9173ccad6838c339f3affa0bc04c2031e3a7b4492f0eca61051fa53e4e70454f
L2RAR2_R19_CONF_03_886003__T11_transport_strong_phase_40ms_rgb_dropout,53,53,2.399999999999993,False,,10424669fb32943b3c06278c315be3b2dc714a96d1a01c2c434817472b6a24dd
L2RAR2_R19_CONF_03_886003__T11_transport_strong_phase_40ms_rgb_dropout,54,54,2.4499999999999917,False,,581b1ef7695eaa0cff841ac22472b3250b1060151d437f28b468b6cb4bdaf87b
L2RAR2_R19_CONF_03_886003__T11_transport_strong_phase_40ms_rgb_dropout,55,55,2.4999999999999907,False,,281c34339ce9287a6704da1293bd7c47e91bedf96e87ca0889ed31e7ff467527
L2RAR2_R19_CONF_03_886003__T11_transport_strong_phase_40ms_rgb_dropout,56,56,2.5499999999999896,False,,86ce67ae8d74452ef8ffc36a1aad2a3bc5458dc70cf98d98025114ba86f3432d
L2RAR2_R19_CONF_03_886003__T11_transport_strong_phase_40ms_rgb_dropout,57,57,2.5999999999999885,False,,5eaf42d951d14f0bb59e214948454af5d23af012f46a0881b391ab9800645440
L2RAR2_R19_CONF_03_886003__T11_transport_strong_phase_40ms_rgb_dropout,58,58,2.6499999999999875,False,,5594dbe11060fa4b7160c0b0820f98511973946168573149cd8713e23021774d
L2RAR2_R19_CONF_03_886003__T11_transport_strong_phase_40ms_rgb_dropout,59,59,2.6999999999999864,False,,5595f5b582dea53de278c43d8fb91be39fe999f6da4c60abf1e85d6e320cc0f2
L2RAR2_R19_CONF_03_886003__T11_transport_strong_phase_40ms_rgb_dropout,60,60,2.7399999999999856,False,,eb463170830194f08e623a60ab2c65c8e805c52ac84222f72590182eb3c9aecd
L2RAR2_R19_CONF_03_886003__T12_transport_commanded_release,0,0,0.0,False,,58538d1943c502b2ade5fe2f291f98307af2db8c58bf689a5fa440a212e97ef1
L2RAR2_R19_CONF_03_886003__T12_transport_commanded_release,1,1,0.05,False,,edbbfd6b5193fc617245d3dd758a48513ad30e1be61532e19ffc41becf54c3c8
L2RAR2_R19_CONF_03_886003__T12_transport_commanded_release,2,2,0.09999999999999999,False,,a18cb5fe37469108253b3b99595b3477c6dced79447babb33acceea633921500
L2RAR2_R19_CONF_03_886003__T12_transport_commanded_release,3,3,0.15,False,,f1d48d6e28aa6360629369e3e717b247daa07b25ec37bf34c81921bef9b902aa
L2RAR2_R19_CONF_03_886003__T12_transport_commanded_release,4,4,0.20000000000000004,False,,2a61215d916e7c03714cf9c4f2a2dc9a1b19297a0488fc2b6af2f26ad60b8e06
L2RAR2_R19_CONF_03_886003__T12_transport_commanded_release,5,5,0.20000000000000004,False,,2a61215d916e7c03714cf9c4f2a2dc9a1b19297a0488fc2b6af2f26ad60b8e06
L2RAR2_R19_CONF_03_886003__T12_transport_commanded_release,6,6,0.25000000000000006,False,,5b9469e8557f516fd59e0cd2c9744aef32bc3e34d39b0dc29600222c0ae56273
L2RAR2_R19_CONF_03_886003__T12_transport_commanded_release,7,7,0.3000000000000001,False,,c036a1138ff592090f8dabc07f24a0d58b3898d381272ffc4badd6ebea765534
L2RAR2_R19_CONF_03_886003__T12_transport_commanded_release,8,8,0.3000000000000001,False,,c036a1138ff592090f8dabc07f24a0d58b3898d381272ffc4badd6ebea765534
L2RAR2_R19_CONF_03_886003__T12_transport_commanded_release,9,9,0.35000000000000014,False,,1b92f3f6308c2bac21142ac770cb61ec2d7034e7536e3497fae017ee8a8ef6b7
L2RAR2_R19_CONF_03_886003__T12_transport_commanded_release,10,10,0.4000000000000002,False,,78aa865916370e8f96e6684f35f8a1660220bcf07fe42b01aa6763d66dd195fa
L2RAR2_R19_CONF_03_886003__T12_transport_commanded_release,11,11,0.45000000000000023,False,,7679c1515479d600e34bd20dcc0c06f2bc680df7d0b3327f2dbdb952887a6f5a
L2RAR2_R19_CONF_03_886003__T12_transport_commanded_release,12,12,0.5000000000000002,False,,8f041c15e95d0c2a29a56bc97062e376a8309922f3f62dafb876273b31b2728b
L2RAR2_R19_CONF_03_886003__T12_transport_commanded_release,13,13,0.5000000000000002,False,,8f041c15e95d0c2a29a56bc97062e376a8309922f3f62dafb876273b31b2728b
L2RAR2_R19_CONF_03_886003__T12_transport_commanded_release,14,14,0.5500000000000003,False,,36d0e9bb006af1ac11221476245593f93d805545ff5028f736baa29ab82a9b56
L2RAR2_R19_CONF_03_886003__T12_transport_commanded_release,15,15,0.6000000000000003,False,,d159d3121ab65ce731b74261c550de5dd5bdbf7f95997393fcc0b697beed1130
L2RAR2_R19_CONF_03_886003__T12_transport_commanded_release,16,16,0.6500000000000004,False,,78d7715ff976b2b1437b31a552b93af77275d9fc9354f290ccc900045046a2df
L2RAR2_R19_CONF_03_886003__T12_transport_commanded_release,17,17,0.7000000000000004,False,,0749fccba176b8a2d0586495faf92abdfbe361e6e65e242abc5698b07eedae97
L2RAR2_R19_CONF_03_886003__T12_transport_commanded_release,18,18,0.7500000000000004,False,,11e797ff0c0059036d58a191397e67be5139a1ce90d9fc977b7e4ce05f86e1e2
L2RAR2_R19_CONF_03_886003__T12_transport_commanded_release,19,19,0.8000000000000005,False,,32f3cf18d31f884474f272d4d2ed0ae45fdd821effe690f4b27fc85f4126788a
L2RAR2_R19_CONF_03_886003__T12_transport_commanded_release,20,20,0.8500000000000005,False,,1af3009c9e51b7774b4c7144a358b02b807d57369cc87fd770c2477658476792
L2RAR2_R19_CONF_03_886003__T12_transport_commanded_release,21,21,0.9000000000000006,False,,29b3f3467e53143b9b285d2113e3ec8b86d2b3bf93b64f875e00cd6776b8ef85
L2RAR2_R19_CONF_03_886003__T12_transport_commanded_release,22,22,0.9500000000000006,False,,cadc4cc809bdbc75ff993ae5087483ac1e88ec27cf89dbf96a31fc18f63168b5
L2RAR2_R19_CONF_03_886003__T12_transport_commanded_release,23,23,1.0000000000000007,False,,cadc4cc809bdbc75ff993ae5087483ac1e88ec27cf89dbf96a31fc18f63168b5
L2RAR2_R19_CONF_03_886003__T12_transport_commanded_release,24,24,1.0500000000000007,False,,10bf03f1b03c57fa69ad8498c67bc0680fd17f6dc5eece90b393c86072e39112
L2RAR2_R19_CONF_03_886003__T12_transport_commanded_release,25,25,1.1000000000000008,False,,0b7e891a4e3b9cd95ac84f6f7411e51e217f112f1b62e76f3254d8ec83a08cb0
L2RAR2_R19_CONF_03_886003__T12_transport_commanded_release,26,26,1.1500000000000008,False,,3837cc43d1e8c72acddc70aa0ddaa66a5bbcb7a997793897b358137a826b6a62
L2RAR2_R19_CONF_03_886003__T12_transport_commanded_release,27,27,1.2000000000000008,False,,dbcb1b016eacb3688d5a4b84506af94d72244ba8c849e0959e4c83d8c2e1e62e
L2RAR2_R19_CONF_03_886003__T12_transport_commanded_release,28,28,1.2500000000000009,False,,bd26db9146b39827616725bb19806c6f96c149603b2fa60fda8d84bbfda9f1ce
L2RAR2_R19_CONF_03_886003__T12_transport_commanded_release,29,29,1.300000000000001,False,,ef901274323d5714314fffdbb43c7782c39901970f227f06c7ed47ae527bcccf
L2RAR2_R19_CONF_03_886003__T12_transport_commanded_release,30,30,1.350000000000001,False,,f722ff15a3a33ab0ca1391ab2b1b33fc6f71a34edbcd29453a6ec5f30815dfe7
L2RAR2_R19_CONF_03_886003__T12_transport_commanded_release,31,31,1.400000000000001,False,,c26bc625bc590f146766211f18ae49860baaf9771887bb7fa3fd6528de40bf5d
L2RAR2_R19_CONF_03_886003__T12_transport_commanded_release,32,32,1.450000000000001,False,,2e602e86e518b137078138780dcf636060aca42a0edc1a87126693bf154d4fbc
L2RAR2_R19_CONF_03_886003__T12_transport_commanded_release,33,33,1.500000000000001,False,,4b983e75dd35e5918df8e38d367dcbe072db7477e19d49865b86573ed7e023e2
L2RAR2_R19_CONF_03_886003__T12_transport_commanded_release,34,34,1.5500000000000012,False,,15b98fba51930ecbd4912052f330e455905fa99bf70a37bfb81e04a990aa9610
L2RAR2_R19_CONF_03_886003__T12_transport_commanded_release,35,35,1.6000000000000012,False,,d62310f5d1ec5594fb9b14948e7329f1fd80c9b15b2421317da3076bf88301a8
L2RAR2_R19_CONF_03_886003__T12_transport_commanded_release,36,36,1.6500000000000012,False,,b056ed06d25791d3c68d0f194edf68895f2a5b28abe07dbe02dcd19421c0dc67
L2RAR2_R19_CONF_03_886003__T12_transport_commanded_release,37,37,1.7000000000000013,False,,21449cade85bb04eef0e5e06add52f1c5bc7a31f6491c177f549039d85383fde
L2RAR2_R19_CONF_03_886003__T12_transport_commanded_release,38,38,1.7500000000000013,False,,f544dff4ea1f3768bdf013f83c7663381c336fdc65d8073a3feaa90ecb2c1170
L2RAR2_R19_CONF_03_886003__T12_transport_commanded_release,39,39,1.8000000000000014,False,,20758cbdf787597f2095ca8f62df9e7aca924082ff77f2929e4d5b5046e246b1
L2RAR2_R19_CONF_03_886003__T12_transport_commanded_release,40,40,1.8200000000000014,False,,86517593a57e317e4c7cdfb702f2484cf4e5374d6ca69aed42d4732987a3a97e
L2RAR2_R19_CONF_03_886003__T12_transport_commanded_release,41,41,1.8500000000000014,False,,44d049b8053ce45caf7afd6cf859dbac1bf13c2130c5d8502d2ae20a3bf56420
L2RAR2_R19_CONF_03_886003__T12_transport_commanded_release,42,42,1.9000000000000015,False,,ded8a4d02715ae122fe40b8cb3fd6ec442f307ee3ff71bf1e7146dc21dc143ca
L2RAR2_R19_CONF_03_886003__T12_transport_commanded_release,43,43,1.9500000000000015,False,,8e70716b7e9c0792435311d25b97a3163a93441223e688cd8f807eed873550cf
L2RAR2_R19_CONF_03_886003__T12_transport_commanded_release,44,44,2.0000000000000013,False,,68d9fa96f6e9d64b6b14303994271f291849f3842919bb7d2539e87ab70b7a15
L2RAR2_R19_CONF_03_886003__T12_transport_commanded_release,45,45,2.020000000000001,False,,a2c5f6b6c53b8666a49dd97f44da9405b83847feeaa7e4231ec5054db8e85aa0
L2RAR2_R19_CONF_03_886003__T12_transport_commanded_release,46,46,2.0500000000000003,False,,b2e7dfeaed597669010a95889a38569e3db2b720b2b23259f1b682a727bca23f
L2RAR2_R19_CONF_03_886003__T12_transport_commanded_release,47,47,2.099999999999999,False,,b44e38c0e5c24b6c3e40bbb5d11d2e87453119fdd9f06ce8efd285fee3182506
L2RAR2_R19_CONF_03_886003__T12_transport_commanded_release,48,48,2.149999999999998,False,,b2e7dfeaed597669010a95889a38569e3db2b720b2b23259f1b682a727bca23f
L2RAR2_R19_CONF_03_886003__T12_transport_commanded_release,49,49,2.199999999999997,False,,c44011612e82fafc16c52763391da1122e48fba3624af48c2f3aacb1cb7b75e2
L2RAR2_R19_CONF_03_886003__T12_transport_commanded_release,50,50,2.249999999999996,False,,147877315d9c73b5b6b6d2f8fc78533b0ed1e05c28a9e9c15e5962d5ad787eb7
L2RAR2_R19_CONF_03_886003__T12_transport_commanded_release,51,51,2.299999999999995,False,,8fdb615a29b7c46baa1fb00f569381f2de993e189ea2944731b6fb36ce996fee
L2RAR2_R19_CONF_03_886003__T12_transport_commanded_release,52,52,2.349999999999994,False,,ab3da56f21e9a7e7d03c25c662c37f4257a1d0c35a6d3d97e280e8e9b4aacf3f
L2RAR2_R19_CONF_03_886003__T12_transport_commanded_release,53,53,2.399999999999993,False,,54e20bb89d7ee5d8ff1235a3faad8af689fa947ef7e1d3562a9dbd760fc63ad0
L2RAR2_R19_CONF_03_886003__T12_transport_commanded_release,54,54,2.4499999999999917,False,,8bcc61e55ec155fa5f99197bdd646a4b6469de61a2a90fcd362749483b0a9ee0
L2RAR2_R19_CONF_03_886003__T12_transport_commanded_release,55,55,2.4999999999999907,False,,2b99eb9e08705a6f5b7694162c035668531dd3f0240459749ee7c47bcc2c1e1a
L2RAR2_R19_CONF_03_886003__T12_transport_commanded_release,56,56,2.5499999999999896,False,,54e20bb89d7ee5d8ff1235a3faad8af689fa947ef7e1d3562a9dbd760fc63ad0
L2RAR2_R19_CONF_03_886003__T12_transport_commanded_release,57,57,2.5999999999999885,False,,349cce7f163859d58e7e12b79536a632645d8e9aff68e1846e401cb45f09530a
L2RAR2_R19_CONF_03_886003__T12_transport_commanded_release,58,58,2.6499999999999875,False,,b18ccec9ab692a83d9bc4d1bdda4d1707ec5c51f94c139a5de85b4aeda234395
L2RAR2_R19_CONF_03_886003__T12_transport_commanded_release,59,59,2.6999999999999864,False,,c3cd6231dfd79fe0810396f78b478919bb134d8e6a7820fdc0512ae0c86cb717
L2RAR2_R19_CONF_03_886003__T12_transport_commanded_release,60,60,2.7499999999999853,False,,035703f25f6d3881684ecb6226de35936d6f1897438c26b214fdc9920ca4a721
L2RAR2_R19_CONF_03_886003__T12_transport_commanded_release,61,61,2.7999999999999843,False,,b31eb7c6f20ea8357c22b5091b351e9f0a9016b37ab96745c79fd40acb859e61
L2RAR2_R19_CONF_03_886003__T12_transport_commanded_release,62,62,2.849999999999983,False,,b31eb7c6f20ea8357c22b5091b351e9f0a9016b37ab96745c79fd40acb859e61
L2RAR2_R19_CONF_03_886003__T12_transport_commanded_release,63,63,2.899999999999982,False,,55bba38b1b667da3aeb3da18fdf6e9e1a25cf19014ee5f6378ebcdf5d535cd05
L2RAR2_R19_CONF_03_886003__T12_transport_commanded_release,64,64,2.949999999999981,False,,c94c1e3b27fa749327d566d8509303928fea1c7052dc14d15da26c700163d307
L2RAR2_R19_CONF_03_886003__T12_transport_commanded_release,65,65,2.99999999999998,False,,6db292197cdc66fdae0f5541239f08ccd954bf573a0b5fbe979bbf64c467f396
L2RAR2_R19_CONF_03_886003__T12_transport_commanded_release,66,66,3.0199999999999796,False,,7aee5c3c848ffa750d11eeba40b963fe61178c13db336b549e080922932a9cad
L2RAR2_R19_CONF_03_886003__T1_transport_stable_clean,0,0,0.0,False,,58538d1943c502b2ade5fe2f291f98307af2db8c58bf689a5fa440a212e97ef1
L2RAR2_R19_CONF_03_886003__T1_transport_stable_clean,1,1,0.05,False,,edbbfd6b5193fc617245d3dd758a48513ad30e1be61532e19ffc41becf54c3c8
L2RAR2_R19_CONF_03_886003__T1_transport_stable_clean,2,2,0.09999999999999999,False,,a18cb5fe37469108253b3b99595b3477c6dced79447babb33acceea633921500
L2RAR2_R19_CONF_03_886003__T1_transport_stable_clean,3,3,0.15,False,,f1d48d6e28aa6360629369e3e717b247daa07b25ec37bf34c81921bef9b902aa
L2RAR2_R19_CONF_03_886003__T1_transport_stable_clean,4,4,0.20000000000000004,False,,2a61215d916e7c03714cf9c4f2a2dc9a1b19297a0488fc2b6af2f26ad60b8e06
L2RAR2_R19_CONF_03_886003__T1_transport_stable_clean,5,5,0.20000000000000004,False,,2a61215d916e7c03714cf9c4f2a2dc9a1b19297a0488fc2b6af2f26ad60b8e06
L2RAR2_R19_CONF_03_886003__T1_transport_stable_clean,6,6,0.25000000000000006,False,,5b9469e8557f516fd59e0cd2c9744aef32bc3e34d39b0dc29600222c0ae56273
L2RAR2_R19_CONF_03_886003__T1_transport_stable_clean,7,7,0.3000000000000001,False,,c036a1138ff592090f8dabc07f24a0d58b3898d381272ffc4badd6ebea765534
L2RAR2_R19_CONF_03_886003__T1_transport_stable_clean,8,8,0.3000000000000001,False,,c036a1138ff592090f8dabc07f24a0d58b3898d381272ffc4badd6ebea765534
L2RAR2_R19_CONF_03_886003__T1_transport_stable_clean,9,9,0.35000000000000014,False,,1b92f3f6308c2bac21142ac770cb61ec2d7034e7536e3497fae017ee8a8ef6b7
L2RAR2_R19_CONF_03_886003__T1_transport_stable_clean,10,10,0.4000000000000002,False,,78aa865916370e8f96e6684f35f8a1660220bcf07fe42b01aa6763d66dd195fa
L2RAR2_R19_CONF_03_886003__T1_transport_stable_clean,11,11,0.45000000000000023,False,,7679c1515479d600e34bd20dcc0c06f2bc680df7d0b3327f2dbdb952887a6f5a
L2RAR2_R19_CONF_03_886003__T1_transport_stable_clean,12,12,0.5000000000000002,False,,8f041c15e95d0c2a29a56bc97062e376a8309922f3f62dafb876273b31b2728b
L2RAR2_R19_CONF_03_886003__T1_transport_stable_clean,13,13,0.5000000000000002,False,,8f041c15e95d0c2a29a56bc97062e376a8309922f3f62dafb876273b31b2728b
L2RAR2_R19_CONF_03_886003__T1_transport_stable_clean,14,14,0.5500000000000003,False,,36d0e9bb006af1ac11221476245593f93d805545ff5028f736baa29ab82a9b56
L2RAR2_R19_CONF_03_886003__T1_transport_stable_clean,15,15,0.6000000000000003,False,,d159d3121ab65ce731b74261c550de5dd5bdbf7f95997393fcc0b697beed1130
L2RAR2_R19_CONF_03_886003__T1_transport_stable_clean,16,16,0.6500000000000004,False,,78d7715ff976b2b1437b31a552b93af77275d9fc9354f290ccc900045046a2df
L2RAR2_R19_CONF_03_886003__T1_transport_stable_clean,17,17,0.7000000000000004,False,,0749fccba176b8a2d0586495faf92abdfbe361e6e65e242abc5698b07eedae97
L2RAR2_R19_CONF_03_886003__T1_transport_stable_clean,18,18,0.7500000000000004,False,,11e797ff0c0059036d58a191397e67be5139a1ce90d9fc977b7e4ce05f86e1e2
L2RAR2_R19_CONF_03_886003__T1_transport_stable_clean,19,19,0.8000000000000005,False,,32f3cf18d31f884474f272d4d2ed0ae45fdd821effe690f4b27fc85f4126788a
L2RAR2_R19_CONF_03_886003__T1_transport_stable_clean,20,20,0.8500000000000005,False,,1af3009c9e51b7774b4c7144a358b02b807d57369cc87fd770c2477658476792
L2RAR2_R19_CONF_03_886003__T1_transport_stable_clean,21,21,0.9000000000000006,False,,29b3f3467e53143b9b285d2113e3ec8b86d2b3bf93b64f875e00cd6776b8ef85
L2RAR2_R19_CONF_03_886003__T1_transport_stable_clean,22,22,0.9500000000000006,False,,cadc4cc809bdbc75ff993ae5087483ac1e88ec27cf89dbf96a31fc18f63168b5
L2RAR2_R19_CONF_03_886003__T1_transport_stable_clean,23,23,1.0000000000000007,False,,cadc4cc809bdbc75ff993ae5087483ac1e88ec27cf89dbf96a31fc18f63168b5
L2RAR2_R19_CONF_03_886003__T1_transport_stable_clean,24,24,1.0500000000000007,False,,10bf03f1b03c57fa69ad8498c67bc0680fd17f6dc5eece90b393c86072e39112
L2RAR2_R19_CONF_03_886003__T1_transport_stable_clean,25,25,1.1000000000000008,False,,0b7e891a4e3b9cd95ac84f6f7411e51e217f112f1b62e76f3254d8ec83a08cb0
L2RAR2_R19_CONF_03_886003__T1_transport_stable_clean,26,26,1.1500000000000008,False,,3837cc43d1e8c72acddc70aa0ddaa66a5bbcb7a997793897b358137a826b6a62
L2RAR2_R19_CONF_03_886003__T1_transport_stable_clean,27,27,1.2000000000000008,False,,dbcb1b016eacb3688d5a4b84506af94d72244ba8c849e0959e4c83d8c2e1e62e
L2RAR2_R19_CONF_03_886003__T1_transport_stable_clean,28,28,1.2500000000000009,False,,bd26db9146b39827616725bb19806c6f96c149603b2fa60fda8d84bbfda9f1ce
L2RAR2_R19_CONF_03_886003__T1_transport_stable_clean,29,29,1.300000000000001,False,,ef901274323d5714314fffdbb43c7782c39901970f227f06c7ed47ae527bcccf
L2RAR2_R19_CONF_03_886003__T1_transport_stable_clean,30,30,1.350000000000001,False,,7b3a8c33b32beb8bf88935b52bf4ef6b73530233961a1a18f7072603fca1519b
L2RAR2_R19_CONF_03_886003__T1_transport_stable_clean,31,31,1.400000000000001,False,,e036c1bf5e2109de0129b8faf4f6afce580e411a9eb3d81a31cb998a2239bca6
L2RAR2_R19_CONF_03_886003__T1_transport_stable_clean,32,32,1.450000000000001,False,,fe2e009714c2a19851b8424be5e2a52f9d65a2ebea152477464a01aeb8a6b797
L2RAR2_R19_CONF_03_886003__T1_transport_stable_clean,33,33,1.500000000000001,False,,2d109590156093347b9edd9891c44572a85a7f7dc8508953d1bb0508f7e6bec6
L2RAR2_R19_CONF_03_886003__T1_transport_stable_clean,34,34,1.500000000000001,False,,2d109590156093347b9edd9891c44572a85a7f7dc8508953d1bb0508f7e6bec6
L2RAR2_R19_CONF_03_886003__T1_transport_stable_clean,35,35,1.5500000000000012,False,,f0bd2bb9af95297749203ae2a704d375328989fafbe3fc244a8a06ea99dba9b8
L2RAR2_R19_CONF_03_886003__T1_transport_stable_clean,36,36,1.6000000000000012,False,,e39c1e7d4487328c9cdc6aae87d5621d438ea0287973762acf8362648c9ac067
L2RAR2_R19_CONF_03_886003__T1_transport_stable_clean,37,37,1.6500000000000012,False,,a9cf515dacaf6a4707b812e907acb0e3b0c3ff516cd17cacfb890e10af07e351
L2RAR2_R19_CONF_03_886003__T1_transport_stable_clean,38,38,1.7000000000000013,False,,37656ed2def79dc19a703de9637b1326e62ec3a45fba27739259f9172bbb7bf2
L2RAR2_R19_CONF_03_886003__T1_transport_stable_clean,39,39,1.7500000000000013,False,,03cff8633962239344d0fa42a1b693860099085dec75dfd82fe244d3268a0e93
L2RAR2_R19_CONF_03_886003__T1_transport_stable_clean,40,40,1.8000000000000014,False,,0ae50a1f32a39cbc134bbd860fe1f5b62f24f2e9df9c1419ffe6205a1130dd66
L2RAR2_R19_CONF_03_886003__T1_transport_stable_clean,41,41,1.8500000000000014,False,,d088b5f06566ac96e7b8c8caf254c47ae966a8b334f710915c7f65869775d7c9
L2RAR2_R19_CONF_03_886003__T1_transport_stable_clean,42,42,1.9000000000000015,False,,cce4c5b1dcf86a6c5f2328c8c8eb1cf2919a2b74f43736c0f9db9fdd4237be02
L2RAR2_R19_CONF_03_886003__T1_transport_stable_clean,43,43,1.9500000000000015,False,,cce4c5b1dcf86a6c5f2328c8c8eb1cf2919a2b74f43736c0f9db9fdd4237be02
L2RAR2_R19_CONF_03_886003__T1_transport_stable_clean,44,44,2.0000000000000013,False,,a6d4155aba7ab5fc7b2830e583cafc9520a366754c549f7e7201a97c1c502ef8
L2RAR2_R19_CONF_03_886003__T1_transport_stable_clean,45,45,2.0500000000000003,False,,7c5891aa058ddd65d04392a0aee7d1aba08c610ead996fb9241bae0d40aac5d8
L2RAR2_R19_CONF_03_886003__T1_transport_stable_clean,46,46,2.099999999999999,False,,a6d4155aba7ab5fc7b2830e583cafc9520a366754c549f7e7201a97c1c502ef8
L2RAR2_R19_CONF_03_886003__T1_transport_stable_clean,47,47,2.149999999999998,False,,ce84607c3d41898c477ebf7fd9e60d4f742ef83c481f6d30fa67910c06da4e8f
L2RAR2_R19_CONF_03_886003__T1_transport_stable_clean,48,48,2.199999999999997,False,,a4cad5caab9ca7a540311479d79bf0086d213128bf1a153e84198feb668e9d46
L2RAR2_R19_CONF_03_886003__T1_transport_stable_clean,49,49,2.249999999999996,False,,a4cad5caab9ca7a540311479d79bf0086d213128bf1a153e84198feb668e9d46
L2RAR2_R19_CONF_03_886003__T1_transport_stable_clean,50,50,2.299999999999995,False,,a4cad5caab9ca7a540311479d79bf0086d213128bf1a153e84198feb668e9d46
L2RAR2_R19_CONF_03_886003__T1_transport_stable_clean,51,51,2.349999999999994,False,,a4cad5caab9ca7a540311479d79bf0086d213128bf1a153e84198feb668e9d46
L2RAR2_R19_CONF_03_886003__T1_transport_stable_clean,52,52,2.399999999999993,False,,a4cad5caab9ca7a540311479d79bf0086d213128bf1a153e84198feb668e9d46
L2RAR2_R19_CONF_03_886003__T1_transport_stable_clean,53,53,2.4499999999999917,False,,a4cad5caab9ca7a540311479d79bf0086d213128bf1a153e84198feb668e9d46
L2RAR2_R19_CONF_03_886003__T1_transport_stable_clean,54,54,2.4999999999999907,False,,a4cad5caab9ca7a540311479d79bf0086d213128bf1a153e84198feb668e9d46
L2RAR2_R19_CONF_03_886003__T1_transport_stable_clean,55,55,2.4999999999999907,False,,a4cad5caab9ca7a540311479d79bf0086d213128bf1a153e84198feb668e9d46
L2RAR2_R19_CONF_03_886003__T2_transport_camera_jitter,0,0,0.0,False,,58538d1943c502b2ade5fe2f291f98307af2db8c58bf689a5fa440a212e97ef1
L2RAR2_R19_CONF_03_886003__T2_transport_camera_jitter,1,1,0.05,False,,edbbfd6b5193fc617245d3dd758a48513ad30e1be61532e19ffc41becf54c3c8
L2RAR2_R19_CONF_03_886003__T2_transport_camera_jitter,2,2,0.09999999999999999,False,,a18cb5fe37469108253b3b99595b3477c6dced79447babb33acceea633921500
L2RAR2_R19_CONF_03_886003__T2_transport_camera_jitter,3,3,0.15,False,,f1d48d6e28aa6360629369e3e717b247daa07b25ec37bf34c81921bef9b902aa
L2RAR2_R19_CONF_03_886003__T2_transport_camera_jitter,4,4,0.20000000000000004,False,,2a61215d916e7c03714cf9c4f2a2dc9a1b19297a0488fc2b6af2f26ad60b8e06
L2RAR2_R19_CONF_03_886003__T2_transport_camera_jitter,5,5,0.20000000000000004,False,,2a61215d916e7c03714cf9c4f2a2dc9a1b19297a0488fc2b6af2f26ad60b8e06
L2RAR2_R19_CONF_03_886003__T2_transport_camera_jitter,6,6,0.25000000000000006,False,,5b9469e8557f516fd59e0cd2c9744aef32bc3e34d39b0dc29600222c0ae56273
L2RAR2_R19_CONF_03_886003__T2_transport_camera_jitter,7,7,0.3000000000000001,False,,c036a1138ff592090f8dabc07f24a0d58b3898d381272ffc4badd6ebea765534
L2RAR2_R19_CONF_03_886003__T2_transport_camera_jitter,8,8,0.3000000000000001,False,,c036a1138ff592090f8dabc07f24a0d58b3898d381272ffc4badd6ebea765534
L2RAR2_R19_CONF_03_886003__T2_transport_camera_jitter,9,9,0.35000000000000014,False,,1b92f3f6308c2bac21142ac770cb61ec2d7034e7536e3497fae017ee8a8ef6b7
L2RAR2_R19_CONF_03_886003__T2_transport_camera_jitter,10,10,0.4000000000000002,False,,78aa865916370e8f96e6684f35f8a1660220bcf07fe42b01aa6763d66dd195fa
L2RAR2_R19_CONF_03_886003__T2_transport_camera_jitter,11,11,0.45000000000000023,False,,7679c1515479d600e34bd20dcc0c06f2bc680df7d0b3327f2dbdb952887a6f5a
L2RAR2_R19_CONF_03_886003__T2_transport_camera_jitter,12,12,0.5000000000000002,False,,8f041c15e95d0c2a29a56bc97062e376a8309922f3f62dafb876273b31b2728b
L2RAR2_R19_CONF_03_886003__T2_transport_camera_jitter,13,13,0.5000000000000002,False,,8f041c15e95d0c2a29a56bc97062e376a8309922f3f62dafb876273b31b2728b
L2RAR2_R19_CONF_03_886003__T2_transport_camera_jitter,14,14,0.5500000000000003,False,,36d0e9bb006af1ac11221476245593f93d805545ff5028f736baa29ab82a9b56
L2RAR2_R19_CONF_03_886003__T2_transport_camera_jitter,15,15,0.6000000000000003,False,,d159d3121ab65ce731b74261c550de5dd5bdbf7f95997393fcc0b697beed1130
L2RAR2_R19_CONF_03_886003__T2_transport_camera_jitter,16,16,0.6500000000000004,False,,78d7715ff976b2b1437b31a552b93af77275d9fc9354f290ccc900045046a2df
L2RAR2_R19_CONF_03_886003__T2_transport_camera_jitter,17,17,0.7000000000000004,False,,0749fccba176b8a2d0586495faf92abdfbe361e6e65e242abc5698b07eedae97
L2RAR2_R19_CONF_03_886003__T2_transport_camera_jitter,18,18,0.7500000000000004,False,,11e797ff0c0059036d58a191397e67be5139a1ce90d9fc977b7e4ce05f86e1e2
L2RAR2_R19_CONF_03_886003__T2_transport_camera_jitter,19,19,0.8000000000000005,False,,32f3cf18d31f884474f272d4d2ed0ae45fdd821effe690f4b27fc85f4126788a
L2RAR2_R19_CONF_03_886003__T2_transport_camera_jitter,20,20,0.8500000000000005,False,,1af3009c9e51b7774b4c7144a358b02b807d57369cc87fd770c2477658476792
L2RAR2_R19_CONF_03_886003__T2_transport_camera_jitter,21,21,0.9000000000000006,False,,29b3f3467e53143b9b285d2113e3ec8b86d2b3bf93b64f875e00cd6776b8ef85
L2RAR2_R19_CONF_03_886003__T2_transport_camera_jitter,22,22,0.9500000000000006,False,,cadc4cc809bdbc75ff993ae5087483ac1e88ec27cf89dbf96a31fc18f63168b5
L2RAR2_R19_CONF_03_886003__T2_transport_camera_jitter,23,23,1.0000000000000007,False,,cadc4cc809bdbc75ff993ae5087483ac1e88ec27cf89dbf96a31fc18f63168b5
L2RAR2_R19_CONF_03_886003__T2_transport_camera_jitter,24,24,1.0500000000000007,False,,10bf03f1b03c57fa69ad8498c67bc0680fd17f6dc5eece90b393c86072e39112
L2RAR2_R19_CONF_03_886003__T2_transport_camera_jitter,25,25,1.1000000000000008,False,,0b7e891a4e3b9cd95ac84f6f7411e51e217f112f1b62e76f3254d8ec83a08cb0
L2RAR2_R19_CONF_03_886003__T2_transport_camera_jitter,26,26,1.1500000000000008,False,,3837cc43d1e8c72acddc70aa0ddaa66a5bbcb7a997793897b358137a826b6a62
L2RAR2_R19_CONF_03_886003__T2_transport_camera_jitter,27,27,1.2000000000000008,False,,a91bd29a3e9c2dc28cfce213ec2de4b9e1f767f07e3bc0c290faee102487a5a8
L2RAR2_R19_CONF_03_886003__T2_transport_camera_jitter,28,28,1.2500000000000009,False,,e162418b1ef4d308b42e4e9b036be9fc7116cbe565e7b9410406b43361dfb0bf
L2RAR2_R19_CONF_03_886003__T2_transport_camera_jitter,29,29,1.300000000000001,False,,35cd67badce684786782c2e2f97f8ceb0861b28844d8101a3df1114f04965eda
L2RAR2_R19_CONF_03_886003__T2_transport_camera_jitter,30,30,1.350000000000001,False,,7b3a8c33b32beb8bf88935b52bf4ef6b73530233961a1a18f7072603fca1519b
L2RAR2_R19_CONF_03_886003__T2_transport_camera_jitter,31,31,1.400000000000001,False,,c1fab3b8d2af79b232a3bfa8a3d32f3fec048603f84013e01b316e602760473a
L2RAR2_R19_CONF_03_886003__T2_transport_camera_jitter,32,32,1.450000000000001,False,,b905c08dae2162124d0f138c46f1dd9e5161af476ec8450def9d25cbfbbdd932
L2RAR2_R19_CONF_03_886003__T2_transport_camera_jitter,33,33,1.500000000000001,False,,93c4a045d7e4c34d41f4973935fddc84df053c23ccf512b89a1b6061e23d6e19
L2RAR2_R19_CONF_03_886003__T2_transport_camera_jitter,34,34,1.500000000000001,False,,93c4a045d7e4c34d41f4973935fddc84df053c23ccf512b89a1b6061e23d6e19
L2RAR2_R19_CONF_03_886003__T2_transport_camera_jitter,35,35,1.5500000000000012,False,,f0bd2bb9af95297749203ae2a704d375328989fafbe3fc244a8a06ea99dba9b8
L2RAR2_R19_CONF_03_886003__T2_transport_camera_jitter,36,36,1.6000000000000012,False,,ed79b3b67ee61ea27610ed341c0c1c929bf769a6ea247b866ac54f1e0f64396f
L2RAR2_R19_CONF_03_886003__T2_transport_camera_jitter,37,37,1.6500000000000012,False,,2d818e5f35ad05f69d465582a33228844181df621872399c5450756b0d75691b
L2RAR2_R19_CONF_03_886003__T2_transport_camera_jitter,38,38,1.7000000000000013,False,,c251446b0972aadae8688c701bc91042123a95ecb517318aba941e045748b47b
L2RAR2_R19_CONF_03_886003__T2_transport_camera_jitter,39,39,1.7500000000000013,False,,03cff8633962239344d0fa42a1b693860099085dec75dfd82fe244d3268a0e93
L2RAR2_R19_CONF_03_886003__T2_transport_camera_jitter,40,40,1.8000000000000014,False,,86e3086354a7194402fb8a84f5abd8c1bc6a1797a55d25fe4c4ed616ed48a9ed
L2RAR2_R19_CONF_03_886003__T2_transport_camera_jitter,41,41,1.8500000000000014,False,,668c7af47b581166ad229b6d1427f40262685d575cfcc602419bc67e0db7821b
L2RAR2_R19_CONF_03_886003__T2_transport_camera_jitter,42,42,1.9000000000000015,False,,498e3f26a0e263d984b6f51754bf7dcfb60a8a8df19d3e738f6da514b050a030
L2RAR2_R19_CONF_03_886003__T2_transport_camera_jitter,43,43,1.9500000000000015,False,,cce4c5b1dcf86a6c5f2328c8c8eb1cf2919a2b74f43736c0f9db9fdd4237be02
L2RAR2_R19_CONF_03_886003__T2_transport_camera_jitter,44,44,2.0000000000000013,False,,c86e7ab094f0670c4618222302cc62835670c63e6763bd24b4ba5b90a009eb25
L2RAR2_R19_CONF_03_886003__T2_transport_camera_jitter,45,45,2.0500000000000003,False,,0a90abab9e37a2385d9eeff3365d5851feb0dfafeed3ebdec0fd2b610d363ca1
L2RAR2_R19_CONF_03_886003__T2_transport_camera_jitter,46,46,2.099999999999999,False,,c86e7ab094f0670c4618222302cc62835670c63e6763bd24b4ba5b90a009eb25
L2RAR2_R19_CONF_03_886003__T2_transport_camera_jitter,47,47,2.149999999999998,False,,ce84607c3d41898c477ebf7fd9e60d4f742ef83c481f6d30fa67910c06da4e8f
L2RAR2_R19_CONF_03_886003__T2_transport_camera_jitter,48,48,2.199999999999997,False,,b7abe7a15379de174db78271bd8327905180d46c4763234719eb5171b5370d96
L2RAR2_R19_CONF_03_886003__T2_transport_camera_jitter,49,49,2.249999999999996,False,,6f2b85e108e8acfa2efdbabd7552c5786bdf3501c0509380c45329a88aab9943
L2RAR2_R19_CONF_03_886003__T2_transport_camera_jitter,50,50,2.299999999999995,False,,b7abe7a15379de174db78271bd8327905180d46c4763234719eb5171b5370d96
L2RAR2_R19_CONF_03_886003__T2_transport_camera_jitter,51,51,2.349999999999994,False,,a4cad5caab9ca7a540311479d79bf0086d213128bf1a153e84198feb668e9d46
L2RAR2_R19_CONF_03_886003__T2_transport_camera_jitter,52,52,2.399999999999993,False,,c0c6795fd85ff3e96910a1328af46b85a464b538435e61ecb381b625e4a7490f
L2RAR2_R19_CONF_03_886003__T2_transport_camera_jitter,53,53,2.4499999999999917,False,,d4507e8dbca9ab1dca08c76b2739bc3429d27e5f48e6c5f3c772ab19566a23a1
L2RAR2_R19_CONF_03_886003__T2_transport_camera_jitter,54,54,2.4999999999999907,False,,784414ede19e37ae8bd4c66d7a61952576d80082849e6667c14076940322deb7
L2RAR2_R19_CONF_03_886003__T2_transport_camera_jitter,55,55,2.4999999999999907,False,,784414ede19e37ae8bd4c66d7a61952576d80082849e6667c14076940322deb7
L2RAR2_R19_CONF_03_886003__T3_transport_single_contact_proxy_dropout,0,0,0.0,False,,58538d1943c502b2ade5fe2f291f98307af2db8c58bf689a5fa440a212e97ef1
L2RAR2_R19_CONF_03_886003__T3_transport_single_contact_proxy_dropout,1,1,0.05,False,,edbbfd6b5193fc617245d3dd758a48513ad30e1be61532e19ffc41becf54c3c8
L2RAR2_R19_CONF_03_886003__T3_transport_single_contact_proxy_dropout,2,2,0.09999999999999999,False,,a18cb5fe37469108253b3b99595b3477c6dced79447babb33acceea633921500
L2RAR2_R19_CONF_03_886003__T3_transport_single_contact_proxy_dropout,3,3,0.15,False,,f1d48d6e28aa6360629369e3e717b247daa07b25ec37bf34c81921bef9b902aa
L2RAR2_R19_CONF_03_886003__T3_transport_single_contact_proxy_dropout,4,4,0.20000000000000004,False,,2a61215d916e7c03714cf9c4f2a2dc9a1b19297a0488fc2b6af2f26ad60b8e06
L2RAR2_R19_CONF_03_886003__T3_transport_single_contact_proxy_dropout,5,5,0.20000000000000004,False,,2a61215d916e7c03714cf9c4f2a2dc9a1b19297a0488fc2b6af2f26ad60b8e06
L2RAR2_R19_CONF_03_886003__T3_transport_single_contact_proxy_dropout,6,6,0.25000000000000006,False,,5b9469e8557f516fd59e0cd2c9744aef32bc3e34d39b0dc29600222c0ae56273
L2RAR2_R19_CONF_03_886003__T3_transport_single_contact_proxy_dropout,7,7,0.3000000000000001,False,,c036a1138ff592090f8dabc07f24a0d58b3898d381272ffc4badd6ebea765534
L2RAR2_R19_CONF_03_886003__T3_transport_single_contact_proxy_dropout,8,8,0.3000000000000001,False,,c036a1138ff592090f8dabc07f24a0d58b3898d381272ffc4badd6ebea765534
L2RAR2_R19_CONF_03_886003__T3_transport_single_contact_proxy_dropout,9,9,0.35000000000000014,False,,1b92f3f6308c2bac21142ac770cb61ec2d7034e7536e3497fae017ee8a8ef6b7
L2RAR2_R19_CONF_03_886003__T3_transport_single_contact_proxy_dropout,10,10,0.4000000000000002,False,,78aa865916370e8f96e6684f35f8a1660220bcf07fe42b01aa6763d66dd195fa
L2RAR2_R19_CONF_03_886003__T3_transport_single_contact_proxy_dropout,11,11,0.45000000000000023,False,,7679c1515479d600e34bd20dcc0c06f2bc680df7d0b3327f2dbdb952887a6f5a
L2RAR2_R19_CONF_03_886003__T3_transport_single_contact_proxy_dropout,12,12,0.5000000000000002,False,,8f041c15e95d0c2a29a56bc97062e376a8309922f3f62dafb876273b31b2728b
L2RAR2_R19_CONF_03_886003__T3_transport_single_contact_proxy_dropout,13,13,0.5000000000000002,False,,8f041c15e95d0c2a29a56bc97062e376a8309922f3f62dafb876273b31b2728b
L2RAR2_R19_CONF_03_886003__T3_transport_single_contact_proxy_dropout,14,14,0.5500000000000003,False,,36d0e9bb006af1ac11221476245593f93d805545ff5028f736baa29ab82a9b56
L2RAR2_R19_CONF_03_886003__T3_transport_single_contact_proxy_dropout,15,15,0.6000000000000003,False,,d159d3121ab65ce731b74261c550de5dd5bdbf7f95997393fcc0b697beed1130
L2RAR2_R19_CONF_03_886003__T3_transport_single_contact_proxy_dropout,16,16,0.6500000000000004,False,,78d7715ff976b2b1437b31a552b93af77275d9fc9354f290ccc900045046a2df
L2RAR2_R19_CONF_03_886003__T3_transport_single_contact_proxy_dropout,17,17,0.7000000000000004,False,,0749fccba176b8a2d0586495faf92abdfbe361e6e65e242abc5698b07eedae97
L2RAR2_R19_CONF_03_886003__T3_transport_single_contact_proxy_dropout,18,18,0.7500000000000004,False,,11e797ff0c0059036d58a191397e67be5139a1ce90d9fc977b7e4ce05f86e1e2
L2RAR2_R19_CONF_03_886003__T3_transport_single_contact_proxy_dropout,19,19,0.8000000000000005,False,,32f3cf18d31f884474f272d4d2ed0ae45fdd821effe690f4b27fc85f4126788a
L2RAR2_R19_CONF_03_886003__T3_transport_single_contact_proxy_dropout,20,20,0.8500000000000005,False,,1af3009c9e51b7774b4c7144a358b02b807d57369cc87fd770c2477658476792
L2RAR2_R19_CONF_03_886003__T3_transport_single_contact_proxy_dropout,21,21,0.9000000000000006,False,,29b3f3467e53143b9b285d2113e3ec8b86d2b3bf93b64f875e00cd6776b8ef85
L2RAR2_R19_CONF_03_886003__T3_transport_single_contact_proxy_dropout,22,22,0.9500000000000006,False,,cadc4cc809bdbc75ff993ae5087483ac1e88ec27cf89dbf96a31fc18f63168b5
L2RAR2_R19_CONF_03_886003__T3_transport_single_contact_proxy_dropout,23,23,1.0000000000000007,False,,cadc4cc809bdbc75ff993ae5087483ac1e88ec27cf89dbf96a31fc18f63168b5
L2RAR2_R19_CONF_03_886003__T3_transport_single_contact_proxy_dropout,24,24,1.0500000000000007,False,,10bf03f1b03c57fa69ad8498c67bc0680fd17f6dc5eece90b393c86072e39112
L2RAR2_R19_CONF_03_886003__T3_transport_single_contact_proxy_dropout,25,25,1.1000000000000008,False,,0b7e891a4e3b9cd95ac84f6f7411e51e217f112f1b62e76f3254d8ec83a08cb0
L2RAR2_R19_CONF_03_886003__T3_transport_single_contact_proxy_dropout,26,26,1.1500000000000008,False,,3837cc43d1e8c72acddc70aa0ddaa66a5bbcb7a997793897b358137a826b6a62
L2RAR2_R19_CONF_03_886003__T3_transport_single_contact_proxy_dropout,27,27,1.2000000000000008,False,,dbcb1b016eacb3688d5a4b84506af94d72244ba8c849e0959e4c83d8c2e1e62e
L2RAR2_R19_CONF_03_886003__T3_transport_single_contact_proxy_dropout,28,28,1.2500000000000009,False,,bd26db9146b39827616725bb19806c6f96c149603b2fa60fda8d84bbfda9f1ce
L2RAR2_R19_CONF_03_886003__T3_transport_single_contact_proxy_dropout,29,29,1.300000000000001,False,T3_SINGLE_FALSE,ef901274323d5714314fffdbb43c7782c39901970f227f06c7ed47ae527bcccf
L2RAR2_R19_CONF_03_886003__T3_transport_single_contact_proxy_dropout,30,30,1.350000000000001,False,,7b3a8c33b32beb8bf88935b52bf4ef6b73530233961a1a18f7072603fca1519b
L2RAR2_R19_CONF_03_886003__T3_transport_single_contact_proxy_dropout,31,31,1.400000000000001,False,,e036c1bf5e2109de0129b8faf4f6afce580e411a9eb3d81a31cb998a2239bca6
L2RAR2_R19_CONF_03_886003__T3_transport_single_contact_proxy_dropout,32,32,1.450000000000001,False,,fe2e009714c2a19851b8424be5e2a52f9d65a2ebea152477464a01aeb8a6b797
L2RAR2_R19_CONF_03_886003__T3_transport_single_contact_proxy_dropout,33,33,1.500000000000001,False,,2d109590156093347b9edd9891c44572a85a7f7dc8508953d1bb0508f7e6bec6
L2RAR2_R19_CONF_03_886003__T3_transport_single_contact_proxy_dropout,34,34,1.500000000000001,False,,2d109590156093347b9edd9891c44572a85a7f7dc8508953d1bb0508f7e6bec6
L2RAR2_R19_CONF_03_886003__T3_transport_single_contact_proxy_dropout,35,35,1.5500000000000012,False,,f0bd2bb9af95297749203ae2a704d375328989fafbe3fc244a8a06ea99dba9b8
L2RAR2_R19_CONF_03_886003__T3_transport_single_contact_proxy_dropout,36,36,1.6000000000000012,False,,e39c1e7d4487328c9cdc6aae87d5621d438ea0287973762acf8362648c9ac067
L2RAR2_R19_CONF_03_886003__T3_transport_single_contact_proxy_dropout,37,37,1.6500000000000012,False,,a9cf515dacaf6a4707b812e907acb0e3b0c3ff516cd17cacfb890e10af07e351
L2RAR2_R19_CONF_03_886003__T3_transport_single_contact_proxy_dropout,38,38,1.7000000000000013,False,,37656ed2def79dc19a703de9637b1326e62ec3a45fba27739259f9172bbb7bf2
L2RAR2_R19_CONF_03_886003__T3_transport_single_contact_proxy_dropout,39,39,1.7500000000000013,False,,03cff8633962239344d0fa42a1b693860099085dec75dfd82fe244d3268a0e93
L2RAR2_R19_CONF_03_886003__T3_transport_single_contact_proxy_dropout,40,40,1.8000000000000014,False,,0ae50a1f32a39cbc134bbd860fe1f5b62f24f2e9df9c1419ffe6205a1130dd66
L2RAR2_R19_CONF_03_886003__T3_transport_single_contact_proxy_dropout,41,41,1.8500000000000014,False,,d088b5f06566ac96e7b8c8caf254c47ae966a8b334f710915c7f65869775d7c9
L2RAR2_R19_CONF_03_886003__T3_transport_single_contact_proxy_dropout,42,42,1.9000000000000015,False,,cce4c5b1dcf86a6c5f2328c8c8eb1cf2919a2b74f43736c0f9db9fdd4237be02
L2RAR2_R19_CONF_03_886003__T3_transport_single_contact_proxy_dropout,43,43,1.9500000000000015,False,,cce4c5b1dcf86a6c5f2328c8c8eb1cf2919a2b74f43736c0f9db9fdd4237be02
L2RAR2_R19_CONF_03_886003__T3_transport_single_contact_proxy_dropout,44,44,2.0000000000000013,False,,a6d4155aba7ab5fc7b2830e583cafc9520a366754c549f7e7201a97c1c502ef8
L2RAR2_R19_CONF_03_886003__T3_transport_single_contact_proxy_dropout,45,45,2.0500000000000003,False,,7c5891aa058ddd65d04392a0aee7d1aba08c610ead996fb9241bae0d40aac5d8
L2RAR2_R19_CONF_03_886003__T3_transport_single_contact_proxy_dropout,46,46,2.099999999999999,False,,a6d4155aba7ab5fc7b2830e583cafc9520a366754c549f7e7201a97c1c502ef8
L2RAR2_R19_CONF_03_886003__T3_transport_single_contact_proxy_dropout,47,47,2.149999999999998,False,,ce84607c3d41898c477ebf7fd9e60d4f742ef83c481f6d30fa67910c06da4e8f
L2RAR2_R19_CONF_03_886003__T3_transport_single_contact_proxy_dropout,48,48,2.199999999999997,False,,a4cad5caab9ca7a540311479d79bf0086d213128bf1a153e84198feb668e9d46
L2RAR2_R19_CONF_03_886003__T3_transport_single_contact_proxy_dropout,49,49,2.249999999999996,False,,a4cad5caab9ca7a540311479d79bf0086d213128bf1a153e84198feb668e9d46
L2RAR2_R19_CONF_03_886003__T3_transport_single_contact_proxy_dropout,50,50,2.299999999999995,False,,a4cad5caab9ca7a540311479d79bf0086d213128bf1a153e84198feb668e9d46
L2RAR2_R19_CONF_03_886003__T3_transport_single_contact_proxy_dropout,51,51,2.349999999999994,False,,a4cad5caab9ca7a540311479d79bf0086d213128bf1a153e84198feb668e9d46
L2RAR2_R19_CONF_03_886003__T3_transport_single_contact_proxy_dropout,52,52,2.399999999999993,False,,a4cad5caab9ca7a540311479d79bf0086d213128bf1a153e84198feb668e9d46
L2RAR2_R19_CONF_03_886003__T3_transport_single_contact_proxy_dropout,53,53,2.4499999999999917,False,,a4cad5caab9ca7a540311479d79bf0086d213128bf1a153e84198feb668e9d46
L2RAR2_R19_CONF_03_886003__T3_transport_single_contact_proxy_dropout,54,54,2.4999999999999907,False,,a4cad5caab9ca7a540311479d79bf0086d213128bf1a153e84198feb668e9d46
L2RAR2_R19_CONF_03_886003__T3_transport_single_contact_proxy_dropout,55,55,2.4999999999999907,False,,a4cad5caab9ca7a540311479d79bf0086d213128bf1a153e84198feb668e9d46
L2RAR2_R19_CONF_03_886003__T4_transport_same_time_contact_false_then_true,0,0,0.0,False,,58538d1943c502b2ade5fe2f291f98307af2db8c58bf689a5fa440a212e97ef1
L2RAR2_R19_CONF_03_886003__T4_transport_same_time_contact_false_then_true,1,1,0.05,False,,edbbfd6b5193fc617245d3dd758a48513ad30e1be61532e19ffc41becf54c3c8
L2RAR2_R19_CONF_03_886003__T4_transport_same_time_contact_false_then_true,2,2,0.09999999999999999,False,,a18cb5fe37469108253b3b99595b3477c6dced79447babb33acceea633921500
L2RAR2_R19_CONF_03_886003__T4_transport_same_time_contact_false_then_true,3,3,0.15,False,,f1d48d6e28aa6360629369e3e717b247daa07b25ec37bf34c81921bef9b902aa
L2RAR2_R19_CONF_03_886003__T4_transport_same_time_contact_false_then_true,4,4,0.20000000000000004,False,,2a61215d916e7c03714cf9c4f2a2dc9a1b19297a0488fc2b6af2f26ad60b8e06
L2RAR2_R19_CONF_03_886003__T4_transport_same_time_contact_false_then_true,5,5,0.20000000000000004,False,,2a61215d916e7c03714cf9c4f2a2dc9a1b19297a0488fc2b6af2f26ad60b8e06
L2RAR2_R19_CONF_03_886003__T4_transport_same_time_contact_false_then_true,6,6,0.25000000000000006,False,,5b9469e8557f516fd59e0cd2c9744aef32bc3e34d39b0dc29600222c0ae56273
L2RAR2_R19_CONF_03_886003__T4_transport_same_time_contact_false_then_true,7,7,0.3000000000000001,False,,c036a1138ff592090f8dabc07f24a0d58b3898d381272ffc4badd6ebea765534
L2RAR2_R19_CONF_03_886003__T4_transport_same_time_contact_false_then_true,8,8,0.3000000000000001,False,,c036a1138ff592090f8dabc07f24a0d58b3898d381272ffc4badd6ebea765534
L2RAR2_R19_CONF_03_886003__T4_transport_same_time_contact_false_then_true,9,9,0.35000000000000014,False,,1b92f3f6308c2bac21142ac770cb61ec2d7034e7536e3497fae017ee8a8ef6b7
L2RAR2_R19_CONF_03_886003__T4_transport_same_time_contact_false_then_true,10,10,0.4000000000000002,False,,78aa865916370e8f96e6684f35f8a1660220bcf07fe42b01aa6763d66dd195fa
L2RAR2_R19_CONF_03_886003__T4_transport_same_time_contact_false_then_true,11,11,0.45000000000000023,False,,7679c1515479d600e34bd20dcc0c06f2bc680df7d0b3327f2dbdb952887a6f5a
L2RAR2_R19_CONF_03_886003__T4_transport_same_time_contact_false_then_true,12,12,0.5000000000000002,False,,8f041c15e95d0c2a29a56bc97062e376a8309922f3f62dafb876273b31b2728b
L2RAR2_R19_CONF_03_886003__T4_transport_same_time_contact_false_then_true,13,13,0.5000000000000002,False,,8f041c15e95d0c2a29a56bc97062e376a8309922f3f62dafb876273b31b2728b
L2RAR2_R19_CONF_03_886003__T4_transport_same_time_contact_false_then_true,14,14,0.5500000000000003,False,,36d0e9bb006af1ac11221476245593f93d805545ff5028f736baa29ab82a9b56
L2RAR2_R19_CONF_03_886003__T4_transport_same_time_contact_false_then_true,15,15,0.6000000000000003,False,,d159d3121ab65ce731b74261c550de5dd5bdbf7f95997393fcc0b697beed1130
L2RAR2_R19_CONF_03_886003__T4_transport_same_time_contact_false_then_true,16,16,0.6500000000000004,False,,78d7715ff976b2b1437b31a552b93af77275d9fc9354f290ccc900045046a2df
L2RAR2_R19_CONF_03_886003__T4_transport_same_time_contact_false_then_true,17,17,0.7000000000000004,False,,0749fccba176b8a2d0586495faf92abdfbe361e6e65e242abc5698b07eedae97
L2RAR2_R19_CONF_03_886003__T4_transport_same_time_contact_false_then_true,18,18,0.7500000000000004,False,,11e797ff0c0059036d58a191397e67be5139a1ce90d9fc977b7e4ce05f86e1e2
L2RAR2_R19_CONF_03_886003__T4_transport_same_time_contact_false_then_true,19,19,0.8000000000000005,False,,32f3cf18d31f884474f272d4d2ed0ae45fdd821effe690f4b27fc85f4126788a
L2RAR2_R19_CONF_03_886003__T4_transport_same_time_contact_false_then_true,20,20,0.8500000000000005,False,,1af3009c9e51b7774b4c7144a358b02b807d57369cc87fd770c2477658476792
L2RAR2_R19_CONF_03_886003__T4_transport_same_time_contact_false_then_true,21,21,0.9000000000000006,False,,29b3f3467e53143b9b285d2113e3ec8b86d2b3bf93b64f875e00cd6776b8ef85
L2RAR2_R19_CONF_03_886003__T4_transport_same_time_contact_false_then_true,22,22,0.9500000000000006,False,,cadc4cc809bdbc75ff993ae5087483ac1e88ec27cf89dbf96a31fc18f63168b5
L2RAR2_R19_CONF_03_886003__T4_transport_same_time_contact_false_then_true,23,23,1.0000000000000007,False,,cadc4cc809bdbc75ff993ae5087483ac1e88ec27cf89dbf96a31fc18f63168b5
L2RAR2_R19_CONF_03_886003__T4_transport_same_time_contact_false_then_true,24,24,1.0500000000000007,False,,10bf03f1b03c57fa69ad8498c67bc0680fd17f6dc5eece90b393c86072e39112
L2RAR2_R19_CONF_03_886003__T4_transport_same_time_contact_false_then_true,25,25,1.1000000000000008,False,,0b7e891a4e3b9cd95ac84f6f7411e51e217f112f1b62e76f3254d8ec83a08cb0
L2RAR2_R19_CONF_03_886003__T4_transport_same_time_contact_false_then_true,26,26,1.1500000000000008,False,,3837cc43d1e8c72acddc70aa0ddaa66a5bbcb7a997793897b358137a826b6a62
L2RAR2_R19_CONF_03_886003__T4_transport_same_time_contact_false_then_true,27,27,1.2000000000000008,False,,dbcb1b016eacb3688d5a4b84506af94d72244ba8c849e0959e4c83d8c2e1e62e
L2RAR2_R19_CONF_03_886003__T4_transport_same_time_contact_false_then_true,28,28,1.2500000000000009,False,,bd26db9146b39827616725bb19806c6f96c149603b2fa60fda8d84bbfda9f1ce
L2RAR2_R19_CONF_03_886003__T4_transport_same_time_contact_false_then_true,29,29,1.300000000000001,False,T4_FALSE_A,ef901274323d5714314fffdbb43c7782c39901970f227f06c7ed47ae527bcccf
L2RAR2_R19_CONF_03_886003__T4_transport_same_time_contact_false_then_true,29,30,1.300000000000001,True,T4_TRUE_B,ef901274323d5714314fffdbb43c7782c39901970f227f06c7ed47ae527bcccf
L2RAR2_R19_CONF_03_886003__T4_transport_same_time_contact_false_then_true,30,31,1.350000000000001,False,,7b3a8c33b32beb8bf88935b52bf4ef6b73530233961a1a18f7072603fca1519b
L2RAR2_R19_CONF_03_886003__T4_transport_same_time_contact_false_then_true,31,32,1.400000000000001,False,,e036c1bf5e2109de0129b8faf4f6afce580e411a9eb3d81a31cb998a2239bca6
L2RAR2_R19_CONF_03_886003__T4_transport_same_time_contact_false_then_true,32,33,1.450000000000001,False,,fe2e009714c2a19851b8424be5e2a52f9d65a2ebea152477464a01aeb8a6b797
L2RAR2_R19_CONF_03_886003__T4_transport_same_time_contact_false_then_true,33,34,1.500000000000001,False,,2d109590156093347b9edd9891c44572a85a7f7dc8508953d1bb0508f7e6bec6
L2RAR2_R19_CONF_03_886003__T4_transport_same_time_contact_false_then_true,34,35,1.500000000000001,False,,2d109590156093347b9edd9891c44572a85a7f7dc8508953d1bb0508f7e6bec6
L2RAR2_R19_CONF_03_886003__T4_transport_same_time_contact_false_then_true,35,36,1.5500000000000012,False,,f0bd2bb9af95297749203ae2a704d375328989fafbe3fc244a8a06ea99dba9b8
L2RAR2_R19_CONF_03_886003__T4_transport_same_time_contact_false_then_true,36,37,1.6000000000000012,False,,e39c1e7d4487328c9cdc6aae87d5621d438ea0287973762acf8362648c9ac067
L2RAR2_R19_CONF_03_886003__T4_transport_same_time_contact_false_then_true,37,38,1.6500000000000012,False,,a9cf515dacaf6a4707b812e907acb0e3b0c3ff516cd17cacfb890e10af07e351
L2RAR2_R19_CONF_03_886003__T4_transport_same_time_contact_false_then_true,38,39,1.7000000000000013,False,,37656ed2def79dc19a703de9637b1326e62ec3a45fba27739259f9172bbb7bf2
L2RAR2_R19_CONF_03_886003__T4_transport_same_time_contact_false_then_true,39,40,1.7500000000000013,False,,03cff8633962239344d0fa42a1b693860099085dec75dfd82fe244d3268a0e93
L2RAR2_R19_CONF_03_886003__T4_transport_same_time_contact_false_then_true,40,41,1.8000000000000014,False,,0ae50a1f32a39cbc134bbd860fe1f5b62f24f2e9df9c1419ffe6205a1130dd66
L2RAR2_R19_CONF_03_886003__T4_transport_same_time_contact_false_then_true,41,42,1.8500000000000014,False,,d088b5f06566ac96e7b8c8caf254c47ae966a8b334f710915c7f65869775d7c9
L2RAR2_R19_CONF_03_886003__T4_transport_same_time_contact_false_then_true,42,43,1.9000000000000015,False,,cce4c5b1dcf86a6c5f2328c8c8eb1cf2919a2b74f43736c0f9db9fdd4237be02
L2RAR2_R19_CONF_03_886003__T4_transport_same_time_contact_false_then_true,43,44,1.9500000000000015,False,,cce4c5b1dcf86a6c5f2328c8c8eb1cf2919a2b74f43736c0f9db9fdd4237be02
L2RAR2_R19_CONF_03_886003__T4_transport_same_time_contact_false_then_true,44,45,2.0000000000000013,False,,a6d4155aba7ab5fc7b2830e583cafc9520a366754c549f7e7201a97c1c502ef8
L2RAR2_R19_CONF_03_886003__T4_transport_same_time_contact_false_then_true,45,46,2.0500000000000003,False,,7c5891aa058ddd65d04392a0aee7d1aba08c610ead996fb9241bae0d40aac5d8
L2RAR2_R19_CONF_03_886003__T4_transport_same_time_contact_false_then_true,46,47,2.099999999999999,False,,a6d4155aba7ab5fc7b2830e583cafc9520a366754c549f7e7201a97c1c502ef8
L2RAR2_R19_CONF_03_886003__T4_transport_same_time_contact_false_then_true,47,48,2.149999999999998,False,,ce84607c3d41898c477ebf7fd9e60d4f742ef83c481f6d30fa67910c06da4e8f
L2RAR2_R19_CONF_03_886003__T4_transport_same_time_contact_false_then_true,48,49,2.199999999999997,False,,a4cad5caab9ca7a540311479d79bf0086d213128bf1a153e84198feb668e9d46
L2RAR2_R19_CONF_03_886003__T4_transport_same_time_contact_false_then_true,49,50,2.249999999999996,False,,a4cad5caab9ca7a540311479d79bf0086d213128bf1a153e84198feb668e9d46
L2RAR2_R19_CONF_03_886003__T4_transport_same_time_contact_false_then_true,50,51,2.299999999999995,False,,a4cad5caab9ca7a540311479d79bf0086d213128bf1a153e84198feb668e9d46
L2RAR2_R19_CONF_03_886003__T4_transport_same_time_contact_false_then_true,51,52,2.349999999999994,False,,a4cad5caab9ca7a540311479d79bf0086d213128bf1a153e84198feb668e9d46
L2RAR2_R19_CONF_03_886003__T4_transport_same_time_contact_false_then_true,52,53,2.399999999999993,False,,a4cad5caab9ca7a540311479d79bf0086d213128bf1a153e84198feb668e9d46
L2RAR2_R19_CONF_03_886003__T4_transport_same_time_contact_false_then_true,53,54,2.4499999999999917,False,,a4cad5caab9ca7a540311479d79bf0086d213128bf1a153e84198feb668e9d46
L2RAR2_R19_CONF_03_886003__T4_transport_same_time_contact_false_then_true,54,55,2.4999999999999907,False,,a4cad5caab9ca7a540311479d79bf0086d213128bf1a153e84198feb668e9d46
L2RAR2_R19_CONF_03_886003__T4_transport_same_time_contact_false_then_true,55,56,2.4999999999999907,False,,a4cad5caab9ca7a540311479d79bf0086d213128bf1a153e84198feb668e9d46
L2RAR2_R19_CONF_03_886003__T5_transport_weak_outcome,0,0,0.0,False,,58538d1943c502b2ade5fe2f291f98307af2db8c58bf689a5fa440a212e97ef1
L2RAR2_R19_CONF_03_886003__T5_transport_weak_outcome,1,1,0.05,False,,edbbfd6b5193fc617245d3dd758a48513ad30e1be61532e19ffc41becf54c3c8
L2RAR2_R19_CONF_03_886003__T5_transport_weak_outcome,2,2,0.09999999999999999,False,,a18cb5fe37469108253b3b99595b3477c6dced79447babb33acceea633921500
L2RAR2_R19_CONF_03_886003__T5_transport_weak_outcome,3,3,0.15,False,,f1d48d6e28aa6360629369e3e717b247daa07b25ec37bf34c81921bef9b902aa
L2RAR2_R19_CONF_03_886003__T5_transport_weak_outcome,4,4,0.20000000000000004,False,,2a61215d916e7c03714cf9c4f2a2dc9a1b19297a0488fc2b6af2f26ad60b8e06
L2RAR2_R19_CONF_03_886003__T5_transport_weak_outcome,5,5,0.20000000000000004,False,,2a61215d916e7c03714cf9c4f2a2dc9a1b19297a0488fc2b6af2f26ad60b8e06
L2RAR2_R19_CONF_03_886003__T5_transport_weak_outcome,6,6,0.25000000000000006,False,,5b9469e8557f516fd59e0cd2c9744aef32bc3e34d39b0dc29600222c0ae56273
L2RAR2_R19_CONF_03_886003__T5_transport_weak_outcome,7,7,0.3000000000000001,False,,c036a1138ff592090f8dabc07f24a0d58b3898d381272ffc4badd6ebea765534
L2RAR2_R19_CONF_03_886003__T5_transport_weak_outcome,8,8,0.3000000000000001,False,,c036a1138ff592090f8dabc07f24a0d58b3898d381272ffc4badd6ebea765534
L2RAR2_R19_CONF_03_886003__T5_transport_weak_outcome,9,9,0.35000000000000014,False,,1b92f3f6308c2bac21142ac770cb61ec2d7034e7536e3497fae017ee8a8ef6b7
L2RAR2_R19_CONF_03_886003__T5_transport_weak_outcome,10,10,0.4000000000000002,False,,78aa865916370e8f96e6684f35f8a1660220bcf07fe42b01aa6763d66dd195fa
L2RAR2_R19_CONF_03_886003__T5_transport_weak_outcome,11,11,0.45000000000000023,False,,7679c1515479d600e34bd20dcc0c06f2bc680df7d0b3327f2dbdb952887a6f5a
L2RAR2_R19_CONF_03_886003__T5_transport_weak_outcome,12,12,0.5000000000000002,False,,8f041c15e95d0c2a29a56bc97062e376a8309922f3f62dafb876273b31b2728b
L2RAR2_R19_CONF_03_886003__T5_transport_weak_outcome,13,13,0.5000000000000002,False,,8f041c15e95d0c2a29a56bc97062e376a8309922f3f62dafb876273b31b2728b
L2RAR2_R19_CONF_03_886003__T5_transport_weak_outcome,14,14,0.5500000000000003,False,,36d0e9bb006af1ac11221476245593f93d805545ff5028f736baa29ab82a9b56
L2RAR2_R19_CONF_03_886003__T5_transport_weak_outcome,15,15,0.6000000000000003,False,,d159d3121ab65ce731b74261c550de5dd5bdbf7f95997393fcc0b697beed1130
L2RAR2_R19_CONF_03_886003__T5_transport_weak_outcome,16,16,0.6500000000000004,False,,78d7715ff976b2b1437b31a552b93af77275d9fc9354f290ccc900045046a2df
L2RAR2_R19_CONF_03_886003__T5_transport_weak_outcome,17,17,0.7000000000000004,False,,0749fccba176b8a2d0586495faf92abdfbe361e6e65e242abc5698b07eedae97
L2RAR2_R19_CONF_03_886003__T5_transport_weak_outcome,18,18,0.7500000000000004,False,,11e797ff0c0059036d58a191397e67be5139a1ce90d9fc977b7e4ce05f86e1e2
L2RAR2_R19_CONF_03_886003__T5_transport_weak_outcome,19,19,0.8000000000000005,False,,32f3cf18d31f884474f272d4d2ed0ae45fdd821effe690f4b27fc85f4126788a
L2RAR2_R19_CONF_03_886003__T5_transport_weak_outcome,20,20,0.8500000000000005,False,,1af3009c9e51b7774b4c7144a358b02b807d57369cc87fd770c2477658476792
L2RAR2_R19_CONF_03_886003__T5_transport_weak_outcome,21,21,0.9000000000000006,False,,29b3f3467e53143b9b285d2113e3ec8b86d2b3bf93b64f875e00cd6776b8ef85
L2RAR2_R19_CONF_03_886003__T5_transport_weak_outcome,22,22,0.9500000000000006,False,,cadc4cc809bdbc75ff993ae5087483ac1e88ec27cf89dbf96a31fc18f63168b5
L2RAR2_R19_CONF_03_886003__T5_transport_weak_outcome,23,23,1.0000000000000007,False,,cadc4cc809bdbc75ff993ae5087483ac1e88ec27cf89dbf96a31fc18f63168b5
L2RAR2_R19_CONF_03_886003__T5_transport_weak_outcome,24,24,1.0500000000000007,False,,10bf03f1b03c57fa69ad8498c67bc0680fd17f6dc5eece90b393c86072e39112
L2RAR2_R19_CONF_03_886003__T5_transport_weak_outcome,25,25,1.1000000000000008,False,,0b7e891a4e3b9cd95ac84f6f7411e51e217f112f1b62e76f3254d8ec83a08cb0
L2RAR2_R19_CONF_03_886003__T5_transport_weak_outcome,26,26,1.1500000000000008,False,,3837cc43d1e8c72acddc70aa0ddaa66a5bbcb7a997793897b358137a826b6a62
L2RAR2_R19_CONF_03_886003__T5_transport_weak_outcome,27,27,1.2000000000000008,False,,dbcb1b016eacb3688d5a4b84506af94d72244ba8c849e0959e4c83d8c2e1e62e
L2RAR2_R19_CONF_03_886003__T5_transport_weak_outcome,28,28,1.2500000000000009,False,,bd26db9146b39827616725bb19806c6f96c149603b2fa60fda8d84bbfda9f1ce
L2RAR2_R19_CONF_03_886003__T5_transport_weak_outcome,29,29,1.300000000000001,False,,ef901274323d5714314fffdbb43c7782c39901970f227f06c7ed47ae527bcccf
L2RAR2_R19_CONF_03_886003__T5_transport_weak_outcome,30,30,1.350000000000001,False,,f31fab42a95c3bb7af6cacd7e53060bd3a87ea216dff8379ec61145fbf1326df
L2RAR2_R19_CONF_03_886003__T5_transport_weak_outcome,31,31,1.400000000000001,False,,98ca3cee5bb3ec39f40d627d38f70d31fda7097f45b54be1796463e28337b292
L2RAR2_R19_CONF_03_886003__T5_transport_weak_outcome,32,32,1.450000000000001,False,,a2396832cfc13e48472618e2efb187a58f3eacb631dd374d0cd2bdea7ba783f1
L2RAR2_R19_CONF_03_886003__T5_transport_weak_outcome,33,33,1.500000000000001,False,,e5d395d15222b3f78c05f9f6d3ac3f7ab52c99521879b6b459d59499abd80f7f
L2RAR2_R19_CONF_03_886003__T5_transport_weak_outcome,34,34,1.5200000000000011,False,,3d85b958e73201fbad03fb5789c4d4e366733e60d8c2a23bc6cbc228d4b2c0dc
L2RAR2_R19_CONF_03_886003__T5_transport_weak_outcome,35,35,1.5500000000000012,False,,2183b95d8b39edceac40d51f33aa24f9feaae278512e254a9f8493eb9abbc7d8
L2RAR2_R19_CONF_03_886003__T5_transport_weak_outcome,36,36,1.6000000000000012,False,,54ff5f1bdd2a71f428715937cfec4ffd82186c1b55b00a12e7873a509f814bc6
L2RAR2_R19_CONF_03_886003__T5_transport_weak_outcome,37,37,1.6500000000000012,False,,308ecea6e41ea40ff682710ba3c5f31f4f6a0846d26dd4789edbacbce644e393
L2RAR2_R19_CONF_03_886003__T5_transport_weak_outcome,38,38,1.7000000000000013,False,,c903bcb4b7f7984515d1ef6dc5758f4a5ac6df47d4bccaedd24b6ec1c8791340
L2RAR2_R19_CONF_03_886003__T5_transport_weak_outcome,39,39,1.7200000000000013,False,,cba43877f33076443ba159b22677fd22be83510820e2ca147f029e1fc9f20dc8
L2RAR2_R19_CONF_03_886003__T5_transport_weak_outcome,40,40,1.7500000000000013,False,,227c8167514ca51b44b241ae5ec32cec24612e99721dd469d80a638732ba9914
L2RAR2_R19_CONF_03_886003__T5_transport_weak_outcome,41,41,1.8000000000000014,False,,aa7633204c90e022c1355abb164f0a2b86b78906470a9667b52295505c2e429f
L2RAR2_R19_CONF_03_886003__T5_transport_weak_outcome,42,42,1.8500000000000014,False,,de28e5d455a97413f831f98a8cb395c22b421dca29e0a05e2a5bf10ce4afe4fa
L2RAR2_R19_CONF_03_886003__T5_transport_weak_outcome,43,43,1.9000000000000015,False,,8b633ffe1e6ead0ca2c8146330a5d06e8cad45c308216f9914ecd67ba4990dfb
L2RAR2_R19_CONF_03_886003__T5_transport_weak_outcome,44,44,1.9500000000000015,False,,384365778250994460c8c4266f864428b420e2391aca2e23cfb7232e3e61589a
L2RAR2_R19_CONF_03_886003__T5_transport_weak_outcome,45,45,2.0000000000000013,False,,3d78d542e5bc77350fc2e5ad2f4f7dac6e69609a494193b66bda57a50e1551ac
L2RAR2_R19_CONF_03_886003__T5_transport_weak_outcome,46,46,2.0500000000000003,False,,88f34871cdcba92ba933bf8149d9a9d200853f969eeab719336880a3ea7f7794
L2RAR2_R19_CONF_03_886003__T5_transport_weak_outcome,47,47,2.099999999999999,False,,5d3157b998538268d42e858e136edd6962e7aed77c1775104a2edbca07fc44e4
L2RAR2_R19_CONF_03_886003__T5_transport_weak_outcome,48,48,2.149999999999998,False,,1cb87ee512dfead1beb5e58e913e08dc8771f22cfe229224a3d3497ec2cee7e4
L2RAR2_R19_CONF_03_886003__T5_transport_weak_outcome,49,49,2.199999999999997,False,,e576e8e499b22dfb57de4d8b0ca296745aad9ee126575a904ec071745adeba5a
L2RAR2_R19_CONF_03_886003__T5_transport_weak_outcome,50,50,2.249999999999996,False,,a089764a544b66e72cb177cd1d2e4123c3c781931c0992e9667454cc2661fdc2
L2RAR2_R19_CONF_03_886003__T5_transport_weak_outcome,51,51,2.299999999999995,False,,811f345e9a34bbe804232ff6089fbfd85ea01261d89ec3e815d7d9b69202e273
L2RAR2_R19_CONF_03_886003__T5_transport_weak_outcome,52,52,2.349999999999994,False,,5d0998c97d3dab150e265e986d38f4734478e600513eeebd842ce2dcbc1bfbbf
L2RAR2_R19_CONF_03_886003__T5_transport_weak_outcome,53,53,2.399999999999993,False,,642fd157ecc20e28cf37987884b122168719fd3252084c785ec413aace5e3a37
L2RAR2_R19_CONF_03_886003__T5_transport_weak_outcome,54,54,2.4499999999999917,False,,ee88fb9e211082b89b535ca75636c322af69aae44eaccf64ea1b79ee53e63feb
L2RAR2_R19_CONF_03_886003__T5_transport_weak_outcome,55,55,2.4999999999999907,False,,9cd9302054c42f66e4f764c682b7449921d3a4eb4de6cb54776bf76415e82cfb
L2RAR2_R19_CONF_03_886003__T5_transport_weak_outcome,56,56,2.5499999999999896,False,,bde72ba873f63f84bb7036f1f11e3ab3873743f3648cb204a28d9859b0457c8e
L2RAR2_R19_CONF_03_886003__T5_transport_weak_outcome,57,57,2.5999999999999885,False,,8fd3a5bd81da68851d49d5cc8f464bad3caf5769d2e5217f68c21816100f2c0b
L2RAR2_R19_CONF_03_886003__T5_transport_weak_outcome,58,58,2.6499999999999875,False,,7b7aee360f4817987d420eebd3f261afa5206a6a778302952d0223ddcf244b4e
L2RAR2_R19_CONF_03_886003__T5_transport_weak_outcome,59,59,2.6999999999999864,False,,dfab8885a9c4c22e800fa991bf9359209dd4234b13eb278125450c87c56e7a11
L2RAR2_R19_CONF_03_886003__T5_transport_weak_outcome,60,60,2.719999999999986,False,,cd4819906b03f5dfc3566cb00faa625ca10c8ae82204dd0d4f4c326444fb457a
L2RAR2_R19_CONF_03_886003__T6_transport_medium_outcome,0,0,0.0,False,,58538d1943c502b2ade5fe2f291f98307af2db8c58bf689a5fa440a212e97ef1
L2RAR2_R19_CONF_03_886003__T6_transport_medium_outcome,1,1,0.05,False,,edbbfd6b5193fc617245d3dd758a48513ad30e1be61532e19ffc41becf54c3c8
L2RAR2_R19_CONF_03_886003__T6_transport_medium_outcome,2,2,0.09999999999999999,False,,a18cb5fe37469108253b3b99595b3477c6dced79447babb33acceea633921500
L2RAR2_R19_CONF_03_886003__T6_transport_medium_outcome,3,3,0.15,False,,f1d48d6e28aa6360629369e3e717b247daa07b25ec37bf34c81921bef9b902aa
L2RAR2_R19_CONF_03_886003__T6_transport_medium_outcome,4,4,0.20000000000000004,False,,2a61215d916e7c03714cf9c4f2a2dc9a1b19297a0488fc2b6af2f26ad60b8e06
L2RAR2_R19_CONF_03_886003__T6_transport_medium_outcome,5,5,0.20000000000000004,False,,2a61215d916e7c03714cf9c4f2a2dc9a1b19297a0488fc2b6af2f26ad60b8e06
L2RAR2_R19_CONF_03_886003__T6_transport_medium_outcome,6,6,0.25000000000000006,False,,5b9469e8557f516fd59e0cd2c9744aef32bc3e34d39b0dc29600222c0ae56273
L2RAR2_R19_CONF_03_886003__T6_transport_medium_outcome,7,7,0.3000000000000001,False,,c036a1138ff592090f8dabc07f24a0d58b3898d381272ffc4badd6ebea765534
L2RAR2_R19_CONF_03_886003__T6_transport_medium_outcome,8,8,0.3000000000000001,False,,c036a1138ff592090f8dabc07f24a0d58b3898d381272ffc4badd6ebea765534
L2RAR2_R19_CONF_03_886003__T6_transport_medium_outcome,9,9,0.35000000000000014,False,,1b92f3f6308c2bac21142ac770cb61ec2d7034e7536e3497fae017ee8a8ef6b7
L2RAR2_R19_CONF_03_886003__T6_transport_medium_outcome,10,10,0.4000000000000002,False,,78aa865916370e8f96e6684f35f8a1660220bcf07fe42b01aa6763d66dd195fa
L2RAR2_R19_CONF_03_886003__T6_transport_medium_outcome,11,11,0.45000000000000023,False,,7679c1515479d600e34bd20dcc0c06f2bc680df7d0b3327f2dbdb952887a6f5a
L2RAR2_R19_CONF_03_886003__T6_transport_medium_outcome,12,12,0.5000000000000002,False,,8f041c15e95d0c2a29a56bc97062e376a8309922f3f62dafb876273b31b2728b
L2RAR2_R19_CONF_03_886003__T6_transport_medium_outcome,13,13,0.5000000000000002,False,,8f041c15e95d0c2a29a56bc97062e376a8309922f3f62dafb876273b31b2728b
L2RAR2_R19_CONF_03_886003__T6_transport_medium_outcome,14,14,0.5500000000000003,False,,36d0e9bb006af1ac11221476245593f93d805545ff5028f736baa29ab82a9b56
L2RAR2_R19_CONF_03_886003__T6_transport_medium_outcome,15,15,0.6000000000000003,False,,d159d3121ab65ce731b74261c550de5dd5bdbf7f95997393fcc0b697beed1130
L2RAR2_R19_CONF_03_886003__T6_transport_medium_outcome,16,16,0.6500000000000004,False,,78d7715ff976b2b1437b31a552b93af77275d9fc9354f290ccc900045046a2df
L2RAR2_R19_CONF_03_886003__T6_transport_medium_outcome,17,17,0.7000000000000004,False,,0749fccba176b8a2d0586495faf92abdfbe361e6e65e242abc5698b07eedae97
L2RAR2_R19_CONF_03_886003__T6_transport_medium_outcome,18,18,0.7500000000000004,False,,11e797ff0c0059036d58a191397e67be5139a1ce90d9fc977b7e4ce05f86e1e2
L2RAR2_R19_CONF_03_886003__T6_transport_medium_outcome,19,19,0.8000000000000005,False,,32f3cf18d31f884474f272d4d2ed0ae45fdd821effe690f4b27fc85f4126788a
L2RAR2_R19_CONF_03_886003__T6_transport_medium_outcome,20,20,0.8500000000000005,False,,1af3009c9e51b7774b4c7144a358b02b807d57369cc87fd770c2477658476792
L2RAR2_R19_CONF_03_886003__T6_transport_medium_outcome,21,21,0.9000000000000006,False,,29b3f3467e53143b9b285d2113e3ec8b86d2b3bf93b64f875e00cd6776b8ef85
L2RAR2_R19_CONF_03_886003__T6_transport_medium_outcome,22,22,0.9500000000000006,False,,cadc4cc809bdbc75ff993ae5087483ac1e88ec27cf89dbf96a31fc18f63168b5
L2RAR2_R19_CONF_03_886003__T6_transport_medium_outcome,23,23,1.0000000000000007,False,,cadc4cc809bdbc75ff993ae5087483ac1e88ec27cf89dbf96a31fc18f63168b5
L2RAR2_R19_CONF_03_886003__T6_transport_medium_outcome,24,24,1.0500000000000007,False,,10bf03f1b03c57fa69ad8498c67bc0680fd17f6dc5eece90b393c86072e39112
L2RAR2_R19_CONF_03_886003__T6_transport_medium_outcome,25,25,1.1000000000000008,False,,0b7e891a4e3b9cd95ac84f6f7411e51e217f112f1b62e76f3254d8ec83a08cb0
L2RAR2_R19_CONF_03_886003__T6_transport_medium_outcome,26,26,1.1500000000000008,False,,3837cc43d1e8c72acddc70aa0ddaa66a5bbcb7a997793897b358137a826b6a62
L2RAR2_R19_CONF_03_886003__T6_transport_medium_outcome,27,27,1.2000000000000008,False,,dbcb1b016eacb3688d5a4b84506af94d72244ba8c849e0959e4c83d8c2e1e62e
L2RAR2_R19_CONF_03_886003__T6_transport_medium_outcome,28,28,1.2500000000000009,False,,bd26db9146b39827616725bb19806c6f96c149603b2fa60fda8d84bbfda9f1ce
L2RAR2_R19_CONF_03_886003__T6_transport_medium_outcome,29,29,1.300000000000001,False,,ef901274323d5714314fffdbb43c7782c39901970f227f06c7ed47ae527bcccf
L2RAR2_R19_CONF_03_886003__T6_transport_medium_outcome,30,30,1.350000000000001,False,,2180dd05f881b511bcfb93a4cd4565e6b97de0011d153d116649a8bae066af4b
L2RAR2_R19_CONF_03_886003__T6_transport_medium_outcome,31,31,1.400000000000001,False,,f327d2bf1b6ee5b5a7aa5260af4d50737e3e698eb14a26ad465cd4aa450f6154
L2RAR2_R19_CONF_03_886003__T6_transport_medium_outcome,32,32,1.450000000000001,False,,847502763b350362e4aef037b63624c174cca0a271e2700db60e605e411e6af2
L2RAR2_R19_CONF_03_886003__T6_transport_medium_outcome,33,33,1.500000000000001,False,,aed43def3fccadd0f5edb063d5039d6fa446628ec8a28384070a016094f262a0
L2RAR2_R19_CONF_03_886003__T6_transport_medium_outcome,34,34,1.5200000000000011,False,,4c30109c55901e352edd2005e81d6f8268c2894cbec084e7fcd56334f4d25c0c
L2RAR2_R19_CONF_03_886003__T6_transport_medium_outcome,35,35,1.5500000000000012,False,,f23ea44783ceac0b24955a4da1c6fae8d74a86263bd0e2bdcf8c7ab89bea25ad
L2RAR2_R19_CONF_03_886003__T6_transport_medium_outcome,36,36,1.6000000000000012,False,,710f58793d89968d577f3a6013cc16f8e0cfb2f6878090076d80e3ec0d3f8f39
L2RAR2_R19_CONF_03_886003__T6_transport_medium_outcome,37,37,1.6500000000000012,False,,3a6890781895b79af2ae554277740008cacd6eeeb9da5f3b01432841980a1c4e
L2RAR2_R19_CONF_03_886003__T6_transport_medium_outcome,38,38,1.7000000000000013,False,,0af28def2dbe73b52ccb55306ea01623aa97643e80fad8dfcbbf4f0c12b1bad4
L2RAR2_R19_CONF_03_886003__T6_transport_medium_outcome,39,39,1.7200000000000013,False,,52b176f71877297a2e6bcc384b80f12493fddef6d11667e199c7545106a8f86e
L2RAR2_R19_CONF_03_886003__T6_transport_medium_outcome,40,40,1.7500000000000013,False,,796a0552ae54cba49f2c0139569434e02fe4ad65b5527880fe8054ea35838c1b
L2RAR2_R19_CONF_03_886003__T6_transport_medium_outcome,41,41,1.8000000000000014,False,,1fdbf83515ef72b0365148aea588191c687ba1b4b908598cc5b38a21fea314fc
L2RAR2_R19_CONF_03_886003__T6_transport_medium_outcome,42,42,1.8500000000000014,False,,3805d5f67f0d3a20db9caa1d66afac3663b21f6d9e2fc6e8e631a9e0d66495d6
L2RAR2_R19_CONF_03_886003__T6_transport_medium_outcome,43,43,1.9000000000000015,False,,432f729f0854397487afab038b4fc6408ae3aace3b842b907f82f52eff5e22d9
L2RAR2_R19_CONF_03_886003__T6_transport_medium_outcome,44,44,1.9500000000000015,False,,cbbf39766f9ffc1f97b5a4d305f4cdc9044653219f67b9084da56d936dd8ad52
L2RAR2_R19_CONF_03_886003__T6_transport_medium_outcome,45,45,2.0000000000000013,False,,45bffb18dfebc13d6406433b9d5ab539a0388577f04a1a880284873aaa96d91f
L2RAR2_R19_CONF_03_886003__T6_transport_medium_outcome,46,46,2.0500000000000003,False,,7fe23588c14183128c35e1a80f6248bc1b59e7b0ef6fd3f5e054c4c04d8c6a4d
L2RAR2_R19_CONF_03_886003__T6_transport_medium_outcome,47,47,2.099999999999999,False,,53b7faab00cf3ed142bb0a0424ed8a4f036e8c7505355ad111ef094e8cc09d9f
L2RAR2_R19_CONF_03_886003__T6_transport_medium_outcome,48,48,2.149999999999998,False,,4ee8eb3f1896ff1c01269c92a15054a12f26f51a348200060f264983dece9844
L2RAR2_R19_CONF_03_886003__T6_transport_medium_outcome,49,49,2.199999999999997,False,,102149a8b66f6eff5583e86d17275568671bb9bfe09d3fce98fde510df90fcb4
L2RAR2_R19_CONF_03_886003__T6_transport_medium_outcome,50,50,2.249999999999996,False,,2435897fb8f88d0e8f369d755c2d633b04e645d62d758cbdaf9ac12676d4e0b0
L2RAR2_R19_CONF_03_886003__T6_transport_medium_outcome,51,51,2.299999999999995,False,,a6d7b689dbe9241a8029269e5086bbdf0666ead2feda834efef355fabdc0e405
L2RAR2_R19_CONF_03_886003__T6_transport_medium_outcome,52,52,2.349999999999994,False,,4abe99b28cea18658d598549471b9ecb4ceebb6688dda4d7b3aac4714ff8a7bb
L2RAR2_R19_CONF_03_886003__T6_transport_medium_outcome,53,53,2.399999999999993,False,,bee60e257c5fbb58678dfe399d9098a82af1b5a78982aece8753f1822fc8b9d5
L2RAR2_R19_CONF_03_886003__T6_transport_medium_outcome,54,54,2.4499999999999917,False,,ba5b043dfdb8d7bb4b9fbebd58b4ce9b70586f46335fd5f0cb9abbcc2be89605
L2RAR2_R19_CONF_03_886003__T6_transport_medium_outcome,55,55,2.4999999999999907,False,,4c6a75d84d5844e70c3d3e080d0a8795dd5ff0086989fe31a6da34afa207f983
L2RAR2_R19_CONF_03_886003__T6_transport_medium_outcome,56,56,2.5499999999999896,False,,4a9cab5c4a9ccf76b8676a5327cb41e176f5e3b3cb1cf61d90493c8c6dcf8db4
L2RAR2_R19_CONF_03_886003__T6_transport_medium_outcome,57,57,2.5999999999999885,False,,a20886af5c024e3eeaafa2a7feb7f8c07ec10e73d384cc55e45b55414e3471e9
L2RAR2_R19_CONF_03_886003__T6_transport_medium_outcome,58,58,2.6499999999999875,False,,c863922796ecacfb0bdd396c3665b9d6c60b5d9e3e39a5b2edfacb1fad3ece0c
L2RAR2_R19_CONF_03_886003__T6_transport_medium_outcome,59,59,2.6999999999999864,False,,1f999c4211989947230c47477b5431fd546f3becbdabbc1611444c944514967d
L2RAR2_R19_CONF_03_886003__T6_transport_medium_outcome,60,60,2.719999999999986,False,,212d71f63f529accc4b6a3f58011c726cb88839047b086f3898f1d726b7a4294
L2RAR2_R19_CONF_03_886003__T7_transport_strong_phase_00ms,0,0,0.0,False,,58538d1943c502b2ade5fe2f291f98307af2db8c58bf689a5fa440a212e97ef1
L2RAR2_R19_CONF_03_886003__T7_transport_strong_phase_00ms,1,1,0.05,False,,edbbfd6b5193fc617245d3dd758a48513ad30e1be61532e19ffc41becf54c3c8
L2RAR2_R19_CONF_03_886003__T7_transport_strong_phase_00ms,2,2,0.09999999999999999,False,,a18cb5fe37469108253b3b99595b3477c6dced79447babb33acceea633921500
L2RAR2_R19_CONF_03_886003__T7_transport_strong_phase_00ms,3,3,0.15,False,,f1d48d6e28aa6360629369e3e717b247daa07b25ec37bf34c81921bef9b902aa
L2RAR2_R19_CONF_03_886003__T7_transport_strong_phase_00ms,4,4,0.20000000000000004,False,,2a61215d916e7c03714cf9c4f2a2dc9a1b19297a0488fc2b6af2f26ad60b8e06
L2RAR2_R19_CONF_03_886003__T7_transport_strong_phase_00ms,5,5,0.20000000000000004,False,,2a61215d916e7c03714cf9c4f2a2dc9a1b19297a0488fc2b6af2f26ad60b8e06
L2RAR2_R19_CONF_03_886003__T7_transport_strong_phase_00ms,6,6,0.25000000000000006,False,,5b9469e8557f516fd59e0cd2c9744aef32bc3e34d39b0dc29600222c0ae56273
L2RAR2_R19_CONF_03_886003__T7_transport_strong_phase_00ms,7,7,0.3000000000000001,False,,c036a1138ff592090f8dabc07f24a0d58b3898d381272ffc4badd6ebea765534
L2RAR2_R19_CONF_03_886003__T7_transport_strong_phase_00ms,8,8,0.3000000000000001,False,,c036a1138ff592090f8dabc07f24a0d58b3898d381272ffc4badd6ebea765534
L2RAR2_R19_CONF_03_886003__T7_transport_strong_phase_00ms,9,9,0.35000000000000014,False,,1b92f3f6308c2bac21142ac770cb61ec2d7034e7536e3497fae017ee8a8ef6b7
L2RAR2_R19_CONF_03_886003__T7_transport_strong_phase_00ms,10,10,0.4000000000000002,False,,78aa865916370e8f96e6684f35f8a1660220bcf07fe42b01aa6763d66dd195fa
L2RAR2_R19_CONF_03_886003__T7_transport_strong_phase_00ms,11,11,0.45000000000000023,False,,7679c1515479d600e34bd20dcc0c06f2bc680df7d0b3327f2dbdb952887a6f5a
L2RAR2_R19_CONF_03_886003__T7_transport_strong_phase_00ms,12,12,0.5000000000000002,False,,8f041c15e95d0c2a29a56bc97062e376a8309922f3f62dafb876273b31b2728b
L2RAR2_R19_CONF_03_886003__T7_transport_strong_phase_00ms,13,13,0.5000000000000002,False,,8f041c15e95d0c2a29a56bc97062e376a8309922f3f62dafb876273b31b2728b
L2RAR2_R19_CONF_03_886003__T7_transport_strong_phase_00ms,14,14,0.5500000000000003,False,,36d0e9bb006af1ac11221476245593f93d805545ff5028f736baa29ab82a9b56
L2RAR2_R19_CONF_03_886003__T7_transport_strong_phase_00ms,15,15,0.6000000000000003,False,,d159d3121ab65ce731b74261c550de5dd5bdbf7f95997393fcc0b697beed1130
L2RAR2_R19_CONF_03_886003__T7_transport_strong_phase_00ms,16,16,0.6500000000000004,False,,78d7715ff976b2b1437b31a552b93af77275d9fc9354f290ccc900045046a2df
L2RAR2_R19_CONF_03_886003__T7_transport_strong_phase_00ms,17,17,0.7000000000000004,False,,0749fccba176b8a2d0586495faf92abdfbe361e6e65e242abc5698b07eedae97
L2RAR2_R19_CONF_03_886003__T7_transport_strong_phase_00ms,18,18,0.7500000000000004,False,,11e797ff0c0059036d58a191397e67be5139a1ce90d9fc977b7e4ce05f86e1e2
L2RAR2_R19_CONF_03_886003__T7_transport_strong_phase_00ms,19,19,0.8000000000000005,False,,32f3cf18d31f884474f272d4d2ed0ae45fdd821effe690f4b27fc85f4126788a
L2RAR2_R19_CONF_03_886003__T7_transport_strong_phase_00ms,20,20,0.8500000000000005,False,,1af3009c9e51b7774b4c7144a358b02b807d57369cc87fd770c2477658476792
L2RAR2_R19_CONF_03_886003__T7_transport_strong_phase_00ms,21,21,0.9000000000000006,False,,29b3f3467e53143b9b285d2113e3ec8b86d2b3bf93b64f875e00cd6776b8ef85
L2RAR2_R19_CONF_03_886003__T7_transport_strong_phase_00ms,22,22,0.9500000000000006,False,,cadc4cc809bdbc75ff993ae5087483ac1e88ec27cf89dbf96a31fc18f63168b5
L2RAR2_R19_CONF_03_886003__T7_transport_strong_phase_00ms,23,23,1.0000000000000007,False,,cadc4cc809bdbc75ff993ae5087483ac1e88ec27cf89dbf96a31fc18f63168b5
L2RAR2_R19_CONF_03_886003__T7_transport_strong_phase_00ms,24,24,1.0500000000000007,False,,10bf03f1b03c57fa69ad8498c67bc0680fd17f6dc5eece90b393c86072e39112
L2RAR2_R19_CONF_03_886003__T7_transport_strong_phase_00ms,25,25,1.1000000000000008,False,,0b7e891a4e3b9cd95ac84f6f7411e51e217f112f1b62e76f3254d8ec83a08cb0
L2RAR2_R19_CONF_03_886003__T7_transport_strong_phase_00ms,26,26,1.1500000000000008,False,,3837cc43d1e8c72acddc70aa0ddaa66a5bbcb7a997793897b358137a826b6a62
L2RAR2_R19_CONF_03_886003__T7_transport_strong_phase_00ms,27,27,1.2000000000000008,False,,dbcb1b016eacb3688d5a4b84506af94d72244ba8c849e0959e4c83d8c2e1e62e
L2RAR2_R19_CONF_03_886003__T7_transport_strong_phase_00ms,28,28,1.2500000000000009,False,,bd26db9146b39827616725bb19806c6f96c149603b2fa60fda8d84bbfda9f1ce
L2RAR2_R19_CONF_03_886003__T7_transport_strong_phase_00ms,29,29,1.300000000000001,False,,ef901274323d5714314fffdbb43c7782c39901970f227f06c7ed47ae527bcccf
L2RAR2_R19_CONF_03_886003__T7_transport_strong_phase_00ms,30,30,1.350000000000001,False,,1e4e5c8e0778e25c55d1bf5a89c519c72868935537222efa4eae3680f15c5fc6
L2RAR2_R19_CONF_03_886003__T7_transport_strong_phase_00ms,31,31,1.400000000000001,False,,5a89f9371e6fb23a932afb6ae312faa22e7c21eaa2ccc728864c426e7351b5ff
L2RAR2_R19_CONF_03_886003__T7_transport_strong_phase_00ms,32,32,1.450000000000001,False,,7826ba283e2484b4795cb63ded867287a2ed2f8b12691674c1903c9b7d16ecdf
L2RAR2_R19_CONF_03_886003__T7_transport_strong_phase_00ms,33,33,1.500000000000001,False,,5f0932d4e15cf05fefb09d920f49105049a240fd9954ec1998a5d9ed7c801f2e
L2RAR2_R19_CONF_03_886003__T7_transport_strong_phase_00ms,34,34,1.500000000000001,False,,e87cd2b8e68227290c9fba07cb10cd2a3f5e0304d4bbbd051103cf9340e2765c
L2RAR2_R19_CONF_03_886003__T7_transport_strong_phase_00ms,35,35,1.5500000000000012,False,,af3ff44f59f11cf6c96650b7da13569c69303d7754e479e7a880364fb157e60f
L2RAR2_R19_CONF_03_886003__T7_transport_strong_phase_00ms,36,36,1.6000000000000012,False,,176b0457d7d5ac08f18a15db79789c0fa6dd1ef6585dfaed43fdb6f2b8110d12
L2RAR2_R19_CONF_03_886003__T7_transport_strong_phase_00ms,37,37,1.6500000000000012,False,,18e7f4269bd586831265e518c8a5b3122618ce1d796b0769052c5873655490b5
L2RAR2_R19_CONF_03_886003__T7_transport_strong_phase_00ms,38,38,1.7000000000000013,False,,0e285df9f716be5c64b766a499842a69972f62b7ee23acb5354cfb451fdeed14
L2RAR2_R19_CONF_03_886003__T7_transport_strong_phase_00ms,39,39,1.7000000000000013,False,,0e285df9f716be5c64b766a499842a69972f62b7ee23acb5354cfb451fdeed14
L2RAR2_R19_CONF_03_886003__T7_transport_strong_phase_00ms,40,40,1.7500000000000013,False,,5b005949026a8d519d17916771f5fc4734fe486e557a4add425bbccd207bafaf
L2RAR2_R19_CONF_03_886003__T7_transport_strong_phase_00ms,41,41,1.8000000000000014,False,,5c06dc70b7d0b0402e3bf06dc2378b043a7180fd9c1afdbb5cd9aaeed4007252
L2RAR2_R19_CONF_03_886003__T7_transport_strong_phase_00ms,42,42,1.8500000000000014,False,,b6ddcf7dd524f4dd34637ba00badb5ebe9230cfd9887d91944e37eebd3419bd7
L2RAR2_R19_CONF_03_886003__T7_transport_strong_phase_00ms,43,43,1.9000000000000015,False,,e490401d64e949aed8f0f25575951fd3aca31a71f22cdbb6d1e014c48336f729
L2RAR2_R19_CONF_03_886003__T7_transport_strong_phase_00ms,44,44,1.9500000000000015,False,,6c5aafccbe03c1acf32a1d333604d98033af304d2cc97a78a8e9fbc27efe61e6
L2RAR2_R19_CONF_03_886003__T7_transport_strong_phase_00ms,45,45,2.0000000000000013,False,,90ff2817ebc27f796d18b01ea16c4e646a4454c695547c159406f64621c24d4c
L2RAR2_R19_CONF_03_886003__T7_transport_strong_phase_00ms,46,46,2.0500000000000003,False,,8136a5ee36596fce82e5d571bd053b44663b00204d3b59ecbc1e14080e81b43b
L2RAR2_R19_CONF_03_886003__T7_transport_strong_phase_00ms,47,47,2.099999999999999,False,,3545c850892aaf5de5f7244b69a3de9abe30775421cba0e2d7226c275ae2617d
L2RAR2_R19_CONF_03_886003__T7_transport_strong_phase_00ms,48,48,2.149999999999998,False,,739e8cf123b05ee1c181971cd9ee1301b0567ea8fe0309da339451299d0bd208
L2RAR2_R19_CONF_03_886003__T7_transport_strong_phase_00ms,49,49,2.199999999999997,False,,85611d67f012e05a5ba3c975b0f1e5c4fb83853e0c8fa16aa6f8bac1c83d973e
L2RAR2_R19_CONF_03_886003__T7_transport_strong_phase_00ms,50,50,2.249999999999996,False,,e516622a8e0ce454f5e27ca7b87e5af695737f9eeefcfa720387e579187521e2
L2RAR2_R19_CONF_03_886003__T7_transport_strong_phase_00ms,51,51,2.299999999999995,False,,651bad4128050b8b8a902f5342cdda99ed52b2ec62342642c02536bb8e2ac36d
L2RAR2_R19_CONF_03_886003__T7_transport_strong_phase_00ms,52,52,2.349999999999994,False,,dad8cdff40c358199e58749dc79a14cba531fe94fe31a7fd66e1db60202485a0
L2RAR2_R19_CONF_03_886003__T7_transport_strong_phase_00ms,53,53,2.399999999999993,False,,a04a6947346a15d55ed0424aba6aa538fb6dfb0ade6173e2832517f92f9a49be
L2RAR2_R19_CONF_03_886003__T7_transport_strong_phase_00ms,54,54,2.4499999999999917,False,,d9ea3ccbe85756312f030800efff8899f47becfe1f63ba60dc415f278de94f9f
L2RAR2_R19_CONF_03_886003__T7_transport_strong_phase_00ms,55,55,2.4999999999999907,False,,e2fc36dae024ff0957b82b8618b644a599aba03b417fd9fe0f472f7c497ab7dd
L2RAR2_R19_CONF_03_886003__T7_transport_strong_phase_00ms,56,56,2.5499999999999896,False,,083317554151d1ca69ee82374e1388f2f4e6528a2c8cd826b233a7127e1a444e
L2RAR2_R19_CONF_03_886003__T7_transport_strong_phase_00ms,57,57,2.5999999999999885,False,,4501d69bd91f105a425877aa0a54a328fd0797162bcf5577de2defa5ce356fee
L2RAR2_R19_CONF_03_886003__T7_transport_strong_phase_00ms,58,58,2.6499999999999875,False,,6230c94ae81adef94c43e8b762504ad2cfa200afea8def2e94d1b3a23957c8e3
L2RAR2_R19_CONF_03_886003__T7_transport_strong_phase_00ms,59,59,2.6999999999999864,False,,458967a63f849397e6c93cda70bc5e0aec2c2fa1380447a1ec0f63cd8d628f9b
L2RAR2_R19_CONF_03_886003__T7_transport_strong_phase_00ms,60,60,2.6999999999999864,False,,458967a63f849397e6c93cda70bc5e0aec2c2fa1380447a1ec0f63cd8d628f9b
L2RAR2_R19_CONF_03_886003__T8_transport_strong_phase_10ms,0,0,0.0,False,,58538d1943c502b2ade5fe2f291f98307af2db8c58bf689a5fa440a212e97ef1
L2RAR2_R19_CONF_03_886003__T8_transport_strong_phase_10ms,1,1,0.05,False,,edbbfd6b5193fc617245d3dd758a48513ad30e1be61532e19ffc41becf54c3c8
L2RAR2_R19_CONF_03_886003__T8_transport_strong_phase_10ms,2,2,0.09999999999999999,False,,a18cb5fe37469108253b3b99595b3477c6dced79447babb33acceea633921500
L2RAR2_R19_CONF_03_886003__T8_transport_strong_phase_10ms,3,3,0.15,False,,f1d48d6e28aa6360629369e3e717b247daa07b25ec37bf34c81921bef9b902aa
L2RAR2_R19_CONF_03_886003__T8_transport_strong_phase_10ms,4,4,0.20000000000000004,False,,2a61215d916e7c03714cf9c4f2a2dc9a1b19297a0488fc2b6af2f26ad60b8e06
L2RAR2_R19_CONF_03_886003__T8_transport_strong_phase_10ms,5,5,0.20000000000000004,False,,2a61215d916e7c03714cf9c4f2a2dc9a1b19297a0488fc2b6af2f26ad60b8e06
L2RAR2_R19_CONF_03_886003__T8_transport_strong_phase_10ms,6,6,0.25000000000000006,False,,5b9469e8557f516fd59e0cd2c9744aef32bc3e34d39b0dc29600222c0ae56273
L2RAR2_R19_CONF_03_886003__T8_transport_strong_phase_10ms,7,7,0.3000000000000001,False,,c036a1138ff592090f8dabc07f24a0d58b3898d381272ffc4badd6ebea765534
L2RAR2_R19_CONF_03_886003__T8_transport_strong_phase_10ms,8,8,0.3000000000000001,False,,c036a1138ff592090f8dabc07f24a0d58b3898d381272ffc4badd6ebea765534
L2RAR2_R19_CONF_03_886003__T8_transport_strong_phase_10ms,9,9,0.35000000000000014,False,,1b92f3f6308c2bac21142ac770cb61ec2d7034e7536e3497fae017ee8a8ef6b7
L2RAR2_R19_CONF_03_886003__T8_transport_strong_phase_10ms,10,10,0.4000000000000002,False,,78aa865916370e8f96e6684f35f8a1660220bcf07fe42b01aa6763d66dd195fa
L2RAR2_R19_CONF_03_886003__T8_transport_strong_phase_10ms,11,11,0.45000000000000023,False,,7679c1515479d600e34bd20dcc0c06f2bc680df7d0b3327f2dbdb952887a6f5a
L2RAR2_R19_CONF_03_886003__T8_transport_strong_phase_10ms,12,12,0.5000000000000002,False,,8f041c15e95d0c2a29a56bc97062e376a8309922f3f62dafb876273b31b2728b
L2RAR2_R19_CONF_03_886003__T8_transport_strong_phase_10ms,13,13,0.5000000000000002,False,,8f041c15e95d0c2a29a56bc97062e376a8309922f3f62dafb876273b31b2728b
L2RAR2_R19_CONF_03_886003__T8_transport_strong_phase_10ms,14,14,0.5500000000000003,False,,36d0e9bb006af1ac11221476245593f93d805545ff5028f736baa29ab82a9b56
L2RAR2_R19_CONF_03_886003__T8_transport_strong_phase_10ms,15,15,0.6000000000000003,False,,d159d3121ab65ce731b74261c550de5dd5bdbf7f95997393fcc0b697beed1130
L2RAR2_R19_CONF_03_886003__T8_transport_strong_phase_10ms,16,16,0.6500000000000004,False,,78d7715ff976b2b1437b31a552b93af77275d9fc9354f290ccc900045046a2df
L2RAR2_R19_CONF_03_886003__T8_transport_strong_phase_10ms,17,17,0.7000000000000004,False,,0749fccba176b8a2d0586495faf92abdfbe361e6e65e242abc5698b07eedae97
L2RAR2_R19_CONF_03_886003__T8_transport_strong_phase_10ms,18,18,0.7500000000000004,False,,11e797ff0c0059036d58a191397e67be5139a1ce90d9fc977b7e4ce05f86e1e2
L2RAR2_R19_CONF_03_886003__T8_transport_strong_phase_10ms,19,19,0.8000000000000005,False,,32f3cf18d31f884474f272d4d2ed0ae45fdd821effe690f4b27fc85f4126788a
L2RAR2_R19_CONF_03_886003__T8_transport_strong_phase_10ms,20,20,0.8500000000000005,False,,1af3009c9e51b7774b4c7144a358b02b807d57369cc87fd770c2477658476792
L2RAR2_R19_CONF_03_886003__T8_transport_strong_phase_10ms,21,21,0.9000000000000006,False,,29b3f3467e53143b9b285d2113e3ec8b86d2b3bf93b64f875e00cd6776b8ef85
L2RAR2_R19_CONF_03_886003__T8_transport_strong_phase_10ms,22,22,0.9500000000000006,False,,cadc4cc809bdbc75ff993ae5087483ac1e88ec27cf89dbf96a31fc18f63168b5
L2RAR2_R19_CONF_03_886003__T8_transport_strong_phase_10ms,23,23,1.0000000000000007,False,,cadc4cc809bdbc75ff993ae5087483ac1e88ec27cf89dbf96a31fc18f63168b5
L2RAR2_R19_CONF_03_886003__T8_transport_strong_phase_10ms,24,24,1.0500000000000007,False,,10bf03f1b03c57fa69ad8498c67bc0680fd17f6dc5eece90b393c86072e39112
L2RAR2_R19_CONF_03_886003__T8_transport_strong_phase_10ms,25,25,1.1000000000000008,False,,0b7e891a4e3b9cd95ac84f6f7411e51e217f112f1b62e76f3254d8ec83a08cb0
L2RAR2_R19_CONF_03_886003__T8_transport_strong_phase_10ms,26,26,1.1500000000000008,False,,3837cc43d1e8c72acddc70aa0ddaa66a5bbcb7a997793897b358137a826b6a62
L2RAR2_R19_CONF_03_886003__T8_transport_strong_phase_10ms,27,27,1.2000000000000008,False,,dbcb1b016eacb3688d5a4b84506af94d72244ba8c849e0959e4c83d8c2e1e62e
L2RAR2_R19_CONF_03_886003__T8_transport_strong_phase_10ms,28,28,1.2500000000000009,False,,bd26db9146b39827616725bb19806c6f96c149603b2fa60fda8d84bbfda9f1ce
L2RAR2_R19_CONF_03_886003__T8_transport_strong_phase_10ms,29,29,1.300000000000001,False,,ef901274323d5714314fffdbb43c7782c39901970f227f06c7ed47ae527bcccf
L2RAR2_R19_CONF_03_886003__T8_transport_strong_phase_10ms,30,30,1.350000000000001,False,,cb8db14de5aee88b909e71f5bd651eef7de4b51343d0aa140e222213db953640
L2RAR2_R19_CONF_03_886003__T8_transport_strong_phase_10ms,31,31,1.400000000000001,False,,e4199e6806ed91cb118b9bfcd338fa513308e0020fbeacfbf3e5ade64b079bc7
L2RAR2_R19_CONF_03_886003__T8_transport_strong_phase_10ms,32,32,1.450000000000001,False,,e4b48d8933b793af0a08883de7348ba8c30bef74399abc5b826fc683a60e7d2b
L2RAR2_R19_CONF_03_886003__T8_transport_strong_phase_10ms,33,33,1.500000000000001,False,,e6e90b2adc781cc6fccbdf95cec05bc3989eb82da2d1b3e5681009183036a41c
L2RAR2_R19_CONF_03_886003__T8_transport_strong_phase_10ms,34,34,1.5100000000000011,False,,cfcf42e17f1d7f53542994d321b1af4ec00a0432bc42c5c794c7cb78b83cb0c0
L2RAR2_R19_CONF_03_886003__T8_transport_strong_phase_10ms,35,35,1.5500000000000012,False,,889e4e60d3dfb7d1741af3b5586842c059ef6e7e2fbeef8aa70039e2dba26446
L2RAR2_R19_CONF_03_886003__T8_transport_strong_phase_10ms,36,36,1.6000000000000012,False,,23785c72503b5ec384fe1b69c7dd074faf286ec42ac67e42bdb4f947fc223892
L2RAR2_R19_CONF_03_886003__T8_transport_strong_phase_10ms,37,37,1.6500000000000012,False,,c8be751d85901a188bbd2d65ada09032f8986345d973d541d100d15d1782574f
L2RAR2_R19_CONF_03_886003__T8_transport_strong_phase_10ms,38,38,1.7000000000000013,False,,defcfa958c7424b8ef455bb5c864919dae1a696dfe9aa11732d1966db7e695d9
L2RAR2_R19_CONF_03_886003__T8_transport_strong_phase_10ms,39,39,1.7100000000000013,False,,55dd8c68be9a2bd733c823b559bf6f8f4f82dadaa50f0b963cb32147e5155099
L2RAR2_R19_CONF_03_886003__T8_transport_strong_phase_10ms,40,40,1.7500000000000013,False,,55e6ec8459957a29e54ce3ea78b3b73b73aaf0d036337ad3d863236b97349f2e
L2RAR2_R19_CONF_03_886003__T8_transport_strong_phase_10ms,41,41,1.8000000000000014,False,,e2925edf2b2a02c105775fe824b464e18dc7d96a7739659790303c19b6a35748
L2RAR2_R19_CONF_03_886003__T8_transport_strong_phase_10ms,42,42,1.8500000000000014,False,,c0050cf6575aca39f895b7e3c0f24560191b0b5dacafde00f1234cb9e4f4dc4e
L2RAR2_R19_CONF_03_886003__T8_transport_strong_phase_10ms,43,43,1.9000000000000015,False,,57e5c76cf4ff61f38b312547333998236e2154c7ee6d2b601eb0b310a11994ef
L2RAR2_R19_CONF_03_886003__T8_transport_strong_phase_10ms,44,44,1.9500000000000015,False,,de0fad7f755f79bc9fc1d4adda8e28b63fc8fcd1d9ec81ef52c9535e8b8c0ef1
L2RAR2_R19_CONF_03_886003__T8_transport_strong_phase_10ms,45,45,2.0000000000000013,False,,b96047f3773a5030c5352f5301615881a95f48804e7500544e1908724de7d6ed
L2RAR2_R19_CONF_03_886003__T8_transport_strong_phase_10ms,46,46,2.0500000000000003,False,,14d35c21dfa0e4f8f2cda49d45355e18c0f11033d66de4d5e7c57c2073cb092e
L2RAR2_R19_CONF_03_886003__T8_transport_strong_phase_10ms,47,47,2.099999999999999,False,,5df7e31c2b34df2e28bf650782c16999ceeece8e3fc4c94abb88d9855369e024
L2RAR2_R19_CONF_03_886003__T8_transport_strong_phase_10ms,48,48,2.149999999999998,False,,3942bcf66fbbd12f914063a8a747b64d6e5a02ab85fdbf9da42fd46896654f08
L2RAR2_R19_CONF_03_886003__T8_transport_strong_phase_10ms,49,49,2.199999999999997,False,,72888921429c4a3ecf0626c627dbedf6a0c319c50014db21656d9f92155bc25a
L2RAR2_R19_CONF_03_886003__T8_transport_strong_phase_10ms,50,50,2.249999999999996,False,,fa41167666bc0d150544a9467f82335e2d33eae255640f6fa1b2668c9ca2a73d
L2RAR2_R19_CONF_03_886003__T8_transport_strong_phase_10ms,51,51,2.299999999999995,False,,724756884477622573659e53326813dcfb996c08a07c98434804d0925a67bfc6
L2RAR2_R19_CONF_03_886003__T8_transport_strong_phase_10ms,52,52,2.349999999999994,False,,e42fd0aa507c94390e56575480e5c67a5b6ca715dcc163d42f1d52c47001fdc0
L2RAR2_R19_CONF_03_886003__T8_transport_strong_phase_10ms,53,53,2.399999999999993,False,,a082a169acb1dccdf53534d481c0056b9c7e40c0c6530cf5061a5f140d582fef
L2RAR2_R19_CONF_03_886003__T8_transport_strong_phase_10ms,54,54,2.4499999999999917,False,,9fe46c70979db5400b31e890ca1dbfd0c0877b3f4806c30fbb573799eb892afa
L2RAR2_R19_CONF_03_886003__T8_transport_strong_phase_10ms,55,55,2.4999999999999907,False,,826fb8312867f37f9bacc369d9fa9f4b2ba66f77d5270625bd2ef83f5ba9b2ac
L2RAR2_R19_CONF_03_886003__T8_transport_strong_phase_10ms,56,56,2.5499999999999896,False,,1fa6f21c7998c4b265eb1e55719df83025edef337b562b7b9e148ea0631166cb
L2RAR2_R19_CONF_03_886003__T8_transport_strong_phase_10ms,57,57,2.5999999999999885,False,,2baedb037d9a829795a6f9e28745a1f90b7347cdc3d026ca344ca26f3c9acb80
L2RAR2_R19_CONF_03_886003__T8_transport_strong_phase_10ms,58,58,2.6499999999999875,False,,7d3b2474584ed3fefb374e49af75aaa35febbdbbe84a07ee0e2bf29c6de9cfd0
L2RAR2_R19_CONF_03_886003__T8_transport_strong_phase_10ms,59,59,2.6999999999999864,False,,ace63e14d8b7f359b34a3eadfaee202d41b97bc6a3cbade6627f9f500e5b0eda
L2RAR2_R19_CONF_03_886003__T8_transport_strong_phase_10ms,60,60,2.709999999999986,False,,57285d36f1fd16dc897554fc3538a2a0f65bc6c72de40d1bf6eac9996691b36b
L2RAR2_R19_CONF_03_886003__T9_transport_strong_phase_20ms,0,0,0.0,False,,58538d1943c502b2ade5fe2f291f98307af2db8c58bf689a5fa440a212e97ef1
L2RAR2_R19_CONF_03_886003__T9_transport_strong_phase_20ms,1,1,0.05,False,,edbbfd6b5193fc617245d3dd758a48513ad30e1be61532e19ffc41becf54c3c8
L2RAR2_R19_CONF_03_886003__T9_transport_strong_phase_20ms,2,2,0.09999999999999999,False,,a18cb5fe37469108253b3b99595b3477c6dced79447babb33acceea633921500
L2RAR2_R19_CONF_03_886003__T9_transport_strong_phase_20ms,3,3,0.15,False,,f1d48d6e28aa6360629369e3e717b247daa07b25ec37bf34c81921bef9b902aa
L2RAR2_R19_CONF_03_886003__T9_transport_strong_phase_20ms,4,4,0.20000000000000004,False,,2a61215d916e7c03714cf9c4f2a2dc9a1b19297a0488fc2b6af2f26ad60b8e06
L2RAR2_R19_CONF_03_886003__T9_transport_strong_phase_20ms,5,5,0.20000000000000004,False,,2a61215d916e7c03714cf9c4f2a2dc9a1b19297a0488fc2b6af2f26ad60b8e06
L2RAR2_R19_CONF_03_886003__T9_transport_strong_phase_20ms,6,6,0.25000000000000006,False,,5b9469e8557f516fd59e0cd2c9744aef32bc3e34d39b0dc29600222c0ae56273
L2RAR2_R19_CONF_03_886003__T9_transport_strong_phase_20ms,7,7,0.3000000000000001,False,,c036a1138ff592090f8dabc07f24a0d58b3898d381272ffc4badd6ebea765534
L2RAR2_R19_CONF_03_886003__T9_transport_strong_phase_20ms,8,8,0.3000000000000001,False,,c036a1138ff592090f8dabc07f24a0d58b3898d381272ffc4badd6ebea765534
L2RAR2_R19_CONF_03_886003__T9_transport_strong_phase_20ms,9,9,0.35000000000000014,False,,1b92f3f6308c2bac21142ac770cb61ec2d7034e7536e3497fae017ee8a8ef6b7
L2RAR2_R19_CONF_03_886003__T9_transport_strong_phase_20ms,10,10,0.4000000000000002,False,,78aa865916370e8f96e6684f35f8a1660220bcf07fe42b01aa6763d66dd195fa
L2RAR2_R19_CONF_03_886003__T9_transport_strong_phase_20ms,11,11,0.45000000000000023,False,,7679c1515479d600e34bd20dcc0c06f2bc680df7d0b3327f2dbdb952887a6f5a
L2RAR2_R19_CONF_03_886003__T9_transport_strong_phase_20ms,12,12,0.5000000000000002,False,,8f041c15e95d0c2a29a56bc97062e376a8309922f3f62dafb876273b31b2728b
L2RAR2_R19_CONF_03_886003__T9_transport_strong_phase_20ms,13,13,0.5000000000000002,False,,8f041c15e95d0c2a29a56bc97062e376a8309922f3f62dafb876273b31b2728b
L2RAR2_R19_CONF_03_886003__T9_transport_strong_phase_20ms,14,14,0.5500000000000003,False,,36d0e9bb006af1ac11221476245593f93d805545ff5028f736baa29ab82a9b56
L2RAR2_R19_CONF_03_886003__T9_transport_strong_phase_20ms,15,15,0.6000000000000003,False,,d159d3121ab65ce731b74261c550de5dd5bdbf7f95997393fcc0b697beed1130
L2RAR2_R19_CONF_03_886003__T9_transport_strong_phase_20ms,16,16,0.6500000000000004,False,,78d7715ff976b2b1437b31a552b93af77275d9fc9354f290ccc900045046a2df
L2RAR2_R19_CONF_03_886003__T9_transport_strong_phase_20ms,17,17,0.7000000000000004,False,,0749fccba176b8a2d0586495faf92abdfbe361e6e65e242abc5698b07eedae97
L2RAR2_R19_CONF_03_886003__T9_transport_strong_phase_20ms,18,18,0.7500000000000004,False,,11e797ff0c0059036d58a191397e67be5139a1ce90d9fc977b7e4ce05f86e1e2
L2RAR2_R19_CONF_03_886003__T9_transport_strong_phase_20ms,19,19,0.8000000000000005,False,,32f3cf18d31f884474f272d4d2ed0ae45fdd821effe690f4b27fc85f4126788a
L2RAR2_R19_CONF_03_886003__T9_transport_strong_phase_20ms,20,20,0.8500000000000005,False,,1af3009c9e51b7774b4c7144a358b02b807d57369cc87fd770c2477658476792
L2RAR2_R19_CONF_03_886003__T9_transport_strong_phase_20ms,21,21,0.9000000000000006,False,,29b3f3467e53143b9b285d2113e3ec8b86d2b3bf93b64f875e00cd6776b8ef85
L2RAR2_R19_CONF_03_886003__T9_transport_strong_phase_20ms,22,22,0.9500000000000006,False,,cadc4cc809bdbc75ff993ae5087483ac1e88ec27cf89dbf96a31fc18f63168b5
L2RAR2_R19_CONF_03_886003__T9_transport_strong_phase_20ms,23,23,1.0000000000000007,False,,cadc4cc809bdbc75ff993ae5087483ac1e88ec27cf89dbf96a31fc18f63168b5
L2RAR2_R19_CONF_03_886003__T9_transport_strong_phase_20ms,24,24,1.0500000000000007,False,,10bf03f1b03c57fa69ad8498c67bc0680fd17f6dc5eece90b393c86072e39112
L2RAR2_R19_CONF_03_886003__T9_transport_strong_phase_20ms,25,25,1.1000000000000008,False,,0b7e891a4e3b9cd95ac84f6f7411e51e217f112f1b62e76f3254d8ec83a08cb0
L2RAR2_R19_CONF_03_886003__T9_transport_strong_phase_20ms,26,26,1.1500000000000008,False,,3837cc43d1e8c72acddc70aa0ddaa66a5bbcb7a997793897b358137a826b6a62
L2RAR2_R19_CONF_03_886003__T9_transport_strong_phase_20ms,27,27,1.2000000000000008,False,,dbcb1b016eacb3688d5a4b84506af94d72244ba8c849e0959e4c83d8c2e1e62e
L2RAR2_R19_CONF_03_886003__T9_transport_strong_phase_20ms,28,28,1.2500000000000009,False,,bd26db9146b39827616725bb19806c6f96c149603b2fa60fda8d84bbfda9f1ce
L2RAR2_R19_CONF_03_886003__T9_transport_strong_phase_20ms,29,29,1.300000000000001,False,,ef901274323d5714314fffdbb43c7782c39901970f227f06c7ed47ae527bcccf
L2RAR2_R19_CONF_03_886003__T9_transport_strong_phase_20ms,30,30,1.350000000000001,False,,e77f40b94d61104cf16a1ff5fbb18ef31a59f0b8200f9fe64a9701ce3d6ea4ad
L2RAR2_R19_CONF_03_886003__T9_transport_strong_phase_20ms,31,31,1.400000000000001,False,,ae432ae8d632f9a279f5fcd15699d49c4ab6ccb4e0e20d23cdeceead59bb5d3d
L2RAR2_R19_CONF_03_886003__T9_transport_strong_phase_20ms,32,32,1.450000000000001,False,,61c5e9f027ca1eb853b0680aa8a8d6ace57a5154333a7eacd3aefd41d8510126
L2RAR2_R19_CONF_03_886003__T9_transport_strong_phase_20ms,33,33,1.500000000000001,False,,e635d0e3a5ffc27d9e8d70a142f72c7b2dc7a0ad45f565019a794664c40bf3d7
L2RAR2_R19_CONF_03_886003__T9_transport_strong_phase_20ms,34,34,1.5200000000000011,False,,dec05fea6852862b9faf62afbab56c72bc2d0950c9b6fe9d3abb1b1c7be2c4fb
L2RAR2_R19_CONF_03_886003__T9_transport_strong_phase_20ms,35,35,1.5500000000000012,False,,305dbb5622202e0b92fd3a74806c0c2bf365cb7c4be8ac4aa4e52cc0b487cdf2
L2RAR2_R19_CONF_03_886003__T9_transport_strong_phase_20ms,36,36,1.6000000000000012,False,,c69512787203cc3be1822638cf80b40bbba590449bb3f23c5d57097a4438eb79
L2RAR2_R19_CONF_03_886003__T9_transport_strong_phase_20ms,37,37,1.6500000000000012,False,,a9059b0914896788285a0a87857184d4998d319afd0c3f1f9680b976abf39cb3
L2RAR2_R19_CONF_03_886003__T9_transport_strong_phase_20ms,38,38,1.7000000000000013,False,,93083fa363c70263baf5185744521ad01927486c0c633d161639cdf6965c3546
L2RAR2_R19_CONF_03_886003__T9_transport_strong_phase_20ms,39,39,1.7200000000000013,False,,4f13c98d358d154b19a344f32cf9cdc97534ef4612ad983ed61d2e4d58aec0ed
L2RAR2_R19_CONF_03_886003__T9_transport_strong_phase_20ms,40,40,1.7500000000000013,False,,9f5d8b39d35b022f471ad33cc74141920f2ae72cca91646739df51491eccbdd0
L2RAR2_R19_CONF_03_886003__T9_transport_strong_phase_20ms,41,41,1.8000000000000014,False,,83242a8801e30c0384052b224dda879cb02c43631e5fea4a95988b78488fd5c8
L2RAR2_R19_CONF_03_886003__T9_transport_strong_phase_20ms,42,42,1.8500000000000014,False,,2a5f6ca7fe1b56645dcee7d83c312ef041fe057b37d729d34727fd44fe4b1325
L2RAR2_R19_CONF_03_886003__T9_transport_strong_phase_20ms,43,43,1.9000000000000015,False,,7ad5bbe92829db0c4552deae53fef02118423999cf04b2c9b7febed74ebda606
L2RAR2_R19_CONF_03_886003__T9_transport_strong_phase_20ms,44,44,1.9500000000000015,False,,6180ebce47f910c60957dd3e537e59d14b72866d81babc427563b38ced1fe518
L2RAR2_R19_CONF_03_886003__T9_transport_strong_phase_20ms,45,45,2.0000000000000013,False,,dcda57a4e02313c7955d5090db3f52cbd4d3724b58961fcea9f445f03ad8b68d
L2RAR2_R19_CONF_03_886003__T9_transport_strong_phase_20ms,46,46,2.0500000000000003,False,,bd0350a67185133c53a59f3aca98f5558b4a3a1f3a42b6a831f7c36dc6aa0cab
L2RAR2_R19_CONF_03_886003__T9_transport_strong_phase_20ms,47,47,2.099999999999999,False,,003cad038ac9e8998a56c84a570aa6f387a485df3e827d1ad17febc256be6416
L2RAR2_R19_CONF_03_886003__T9_transport_strong_phase_20ms,48,48,2.149999999999998,False,,d09898b0418da2210c2fec15dabef18dde765012e9789282c0588c7a5485057f
L2RAR2_R19_CONF_03_886003__T9_transport_strong_phase_20ms,49,49,2.199999999999997,False,,3f95fdfbf2545ae72a5b63174fae998af1977dfcba4252d9712e7c77543d6014
L2RAR2_R19_CONF_03_886003__T9_transport_strong_phase_20ms,50,50,2.249999999999996,False,,bfb178f2ac8e0f1c11c635f79e0f6c2382ef0e516ba83784fb2ba678d8e947d9
L2RAR2_R19_CONF_03_886003__T9_transport_strong_phase_20ms,51,51,2.299999999999995,False,,93ba8bde17bd5bb1e014235eccf216043a1c217ace33a6ad8f1cd90e43010e5f
L2RAR2_R19_CONF_03_886003__T9_transport_strong_phase_20ms,52,52,2.349999999999994,False,,a0a58b5bc62a1b8d9d15b0c1e43d8b5cb8c740141df1e89340cc37e1c0c91375
L2RAR2_R19_CONF_03_886003__T9_transport_strong_phase_20ms,53,53,2.399999999999993,False,,01cc6b3f88b873a9d56d51c187dab9c01887f17b4571be204d31fc57b64e44e2
L2RAR2_R19_CONF_03_886003__T9_transport_strong_phase_20ms,54,54,2.4499999999999917,False,,3bdd80e768d6cdd5800f49504ceb14ccdb4a3aa99004b34e1572e19424082dd8
L2RAR2_R19_CONF_03_886003__T9_transport_strong_phase_20ms,55,55,2.4999999999999907,False,,07cde085d01cc35e773b7b4819f7e51e27511caedc2662576c66d2707e937387
L2RAR2_R19_CONF_03_886003__T9_transport_strong_phase_20ms,56,56,2.5499999999999896,False,,3aece31eade7499b6178d821d0481110b45a520907189b44cf7d5c18ca9cdbfc
L2RAR2_R19_CONF_03_886003__T9_transport_strong_phase_20ms,57,57,2.5999999999999885,False,,672f0cd842e633325ed252501b1e952b87f2a04f58e9c0b36c51acc4d1b50e07
L2RAR2_R19_CONF_03_886003__T9_transport_strong_phase_20ms,58,58,2.6499999999999875,False,,5a563d79008c388a9c91dbe02f03c7de4e28625e3fbb460bb7548e456c320715
L2RAR2_R19_CONF_03_886003__T9_transport_strong_phase_20ms,59,59,2.6999999999999864,False,,f6c6a673d1242b7c1b8c62518e0c27179ec0d4403ae05bcaba1444ceded02935
L2RAR2_R19_CONF_03_886003__T9_transport_strong_phase_20ms,60,60,2.719999999999986,False,,2392f11eced06046306440166fc16bd079995bb5b94bb7b86a68db4a74a5ac64
L2RAR2_R19_CONF_04_886004__T10_transport_strong_phase_30ms,0,0,0.0,False,,b75428c7df870c23dee7242ed095b67430b0e4e54ecbac45a70591ac1b0344f0
L2RAR2_R19_CONF_04_886004__T10_transport_strong_phase_30ms,1,1,0.05,False,,743655ea3789838a374b2b803e0597ef93e2e2a1b33cf28a53a6221ddabed46d
L2RAR2_R19_CONF_04_886004__T10_transport_strong_phase_30ms,2,2,0.09999999999999999,False,,bd0b2111fe2951a97f24ec41f3f690771e5ccd6799fab48364c3b52fb52fca14
L2RAR2_R19_CONF_04_886004__T10_transport_strong_phase_30ms,3,3,0.15,False,,fc6a9cdd52156155a346a65cfb8148b4f144987d9dc11fa456f66e607c01977b
L2RAR2_R19_CONF_04_886004__T10_transport_strong_phase_30ms,4,4,0.20000000000000004,False,,fcc4ea35ced83b36fd3a6366c12791ce8e501b133157dabc237a4f4055db05f7
L2RAR2_R19_CONF_04_886004__T10_transport_strong_phase_30ms,5,5,0.20000000000000004,False,,fcc4ea35ced83b36fd3a6366c12791ce8e501b133157dabc237a4f4055db05f7
L2RAR2_R19_CONF_04_886004__T10_transport_strong_phase_30ms,6,6,0.25000000000000006,False,,65342e687656b1b23e52f08614f3c65cf8d178779716d917c5e0b3f21029026f
L2RAR2_R19_CONF_04_886004__T10_transport_strong_phase_30ms,7,7,0.3000000000000001,False,,42f242168dc4d4f89cb9271cdd8659a48b7362adc61f32ce026088856aff715a
L2RAR2_R19_CONF_04_886004__T10_transport_strong_phase_30ms,8,8,0.3000000000000001,False,,42f242168dc4d4f89cb9271cdd8659a48b7362adc61f32ce026088856aff715a
L2RAR2_R19_CONF_04_886004__T10_transport_strong_phase_30ms,9,9,0.35000000000000014,False,,a7a2427664c26ee0115d390de477f3c08c426ad5db5805c1b69d135094b64fc7
L2RAR2_R19_CONF_04_886004__T10_transport_strong_phase_30ms,10,10,0.4000000000000002,False,,56ac449868512a1dc2dee6193906dbdf1b6dc0e104b07f64e5a8aabcb81aa42d
L2RAR2_R19_CONF_04_886004__T10_transport_strong_phase_30ms,11,11,0.45000000000000023,False,,610a5f50f7cabe181bb8128e603bb6bf1773a9b4923dfbf32625c1ffc9a23418
L2RAR2_R19_CONF_04_886004__T10_transport_strong_phase_30ms,12,12,0.5000000000000002,False,,ae531aab882e1673a158708ff08108f64484b51b8e457b29165c88f9c1a10ed0
L2RAR2_R19_CONF_04_886004__T10_transport_strong_phase_30ms,13,13,0.5000000000000002,False,,ae531aab882e1673a158708ff08108f64484b51b8e457b29165c88f9c1a10ed0
L2RAR2_R19_CONF_04_886004__T10_transport_strong_phase_30ms,14,14,0.5500000000000003,False,,a03601d6b5451bee184fa84666cf7279ab1d93942a68b7e9b83294e7e0e188b2
L2RAR2_R19_CONF_04_886004__T10_transport_strong_phase_30ms,15,15,0.6000000000000003,False,,dced0c49113787422da9d918da68f648dc5d6bdb987f6b5fb81656b474b9c66d
L2RAR2_R19_CONF_04_886004__T10_transport_strong_phase_30ms,16,16,0.6500000000000004,False,,9273111fab310f865cd6c2b8b642bac2545466bd5f04698b961f2fb7889d1ebf
L2RAR2_R19_CONF_04_886004__T10_transport_strong_phase_30ms,17,17,0.7000000000000004,False,,b421d6eba533a05aeb83cc13e1004efd177aa973abcb48edab1eef8453fd2c6b
L2RAR2_R19_CONF_04_886004__T10_transport_strong_phase_30ms,18,18,0.7500000000000004,False,,1270e572d45e2299c36a46e7bf1cebe8c98f44c5d84d167208f952d374d9bd5a
L2RAR2_R19_CONF_04_886004__T10_transport_strong_phase_30ms,19,19,0.8000000000000005,False,,533781f99ecb7abcb967fc25c9a7acd206a2f34a7712004ec1a035f9952079f7
L2RAR2_R19_CONF_04_886004__T10_transport_strong_phase_30ms,20,20,0.8500000000000005,False,,fcde708ac89a7d3f3aee688f6686ef03d3e1281172ca42c6c76ff714a3d8a9dd
L2RAR2_R19_CONF_04_886004__T10_transport_strong_phase_30ms,21,21,0.9000000000000006,False,,3d57bd601b1c66356bf6a211d9a38389422c1af31adcd79a6e5936aa1b573076
L2RAR2_R19_CONF_04_886004__T10_transport_strong_phase_30ms,22,22,0.9500000000000006,False,,a711af660a75611dbec0090d0d506a43a565464d295c487e4f89babec64078a6
L2RAR2_R19_CONF_04_886004__T10_transport_strong_phase_30ms,23,23,1.0000000000000007,False,,34dc1fb169620f96169ab38951511c5a3e82a2c9dd0d71e1290c63757c65073f
L2RAR2_R19_CONF_04_886004__T10_transport_strong_phase_30ms,24,24,1.0500000000000007,False,,7c7edb67b2da962e3e5457ebcfc0a7748057461a8226bd25749c56c4aaffd6c6
L2RAR2_R19_CONF_04_886004__T10_transport_strong_phase_30ms,25,25,1.1000000000000008,False,,a101e0289389cead3071bf0f728c5e65a908ce718de9d1ccd8f1e0e080137083
L2RAR2_R19_CONF_04_886004__T10_transport_strong_phase_30ms,26,26,1.1500000000000008,False,,8a0027b4af771d845ad6baaf1df218073077607af7385273d3ae8a37c14067d4
L2RAR2_R19_CONF_04_886004__T10_transport_strong_phase_30ms,27,27,1.2000000000000008,False,,bdc114b1dec36deb67b168014aa7733d07bb346aa3b6a5701ea7068157e95cc0
L2RAR2_R19_CONF_04_886004__T10_transport_strong_phase_30ms,28,28,1.2500000000000009,False,,e518f0deffb9e86b76b9be643a8f044de5ab168485dcad78abcf5333d69fe680
L2RAR2_R19_CONF_04_886004__T10_transport_strong_phase_30ms,29,29,1.300000000000001,False,,0d89713006288845f33c76c96f099f6b2327319e4dbed717a7ef467164638aa7
L2RAR2_R19_CONF_04_886004__T10_transport_strong_phase_30ms,30,30,1.350000000000001,False,,7f3e7a5ab72e3df64ecf3458cccd9cb9c1082302618db500c83180a3543092de
L2RAR2_R19_CONF_04_886004__T10_transport_strong_phase_30ms,31,31,1.400000000000001,False,,d737d6cacc1b0790cc4bb4b0838a02be2496a16d171b0688f7b96bb499aabe4a
L2RAR2_R19_CONF_04_886004__T10_transport_strong_phase_30ms,32,32,1.450000000000001,False,,e7171ed8268b4a54a5b85741ac766d4f91b4e995f5a7ad92ac55782d35214b3d
L2RAR2_R19_CONF_04_886004__T10_transport_strong_phase_30ms,33,33,1.500000000000001,False,,ff23ae291589b49e32b0ddd3e51354150a5b0e7edba6066e7b80ce5a05f31c87
L2RAR2_R19_CONF_04_886004__T10_transport_strong_phase_30ms,34,34,1.5300000000000011,False,,771a94fcfddca50c169fd6b3d6b0aaddf4ff428d8e3f875c6cbb642c9736e095
L2RAR2_R19_CONF_04_886004__T10_transport_strong_phase_30ms,35,35,1.5500000000000012,False,,facb4d362474b23ee6b9977bfeebb6ed98dc59068abea63d85bc6dddacebcd81
L2RAR2_R19_CONF_04_886004__T10_transport_strong_phase_30ms,36,36,1.6000000000000012,False,,413f35969a16560572b150fbfc0d15a6189b74768fa08c18126515513a5c52db
L2RAR2_R19_CONF_04_886004__T10_transport_strong_phase_30ms,37,37,1.6500000000000012,False,,6784ea09cea3d2da10588ffd53282e86cf8310688044a2a16444ecaa9f3ca8dd
L2RAR2_R19_CONF_04_886004__T10_transport_strong_phase_30ms,38,38,1.7000000000000013,False,,246c34622918dd4f8d875f02d788be0a18509485bea802f6be77932934e1e431
L2RAR2_R19_CONF_04_886004__T10_transport_strong_phase_30ms,39,39,1.7300000000000013,False,,a012bb4f7c844dd30231664c872b59cec56fb0f56a9706d39390ed5cc18b1bf6
L2RAR2_R19_CONF_04_886004__T10_transport_strong_phase_30ms,40,40,1.7500000000000013,False,,e7bdab2ee462314236d555aa2eb6d29725887d9f8b88d1ff5bec77f8ef95a36d
L2RAR2_R19_CONF_04_886004__T10_transport_strong_phase_30ms,41,41,1.8000000000000014,False,,d43c1bf843974db5b182cfbf6ab7422e6e30e3b3e92c6c603385243b7c60efb7
L2RAR2_R19_CONF_04_886004__T10_transport_strong_phase_30ms,42,42,1.8500000000000014,False,,d58c44b6b49876eb2e473b56e963b87cdcdb2b4950539497357263639acea7c6
L2RAR2_R19_CONF_04_886004__T10_transport_strong_phase_30ms,43,43,1.9000000000000015,False,,ea15d31907e91f956102556b1d13eb18d8ce4c1f432703f7798cfc864ead4024
L2RAR2_R19_CONF_04_886004__T10_transport_strong_phase_30ms,44,44,1.9500000000000015,False,,6cbc8e7c981c9c34c52c6c19fff9b5ac1463d6b6b7f8ebf59ed31e58d18fd4e9
L2RAR2_R19_CONF_04_886004__T10_transport_strong_phase_30ms,45,45,2.0000000000000013,False,,2ee6be56931fc8e75dbcafb001f1f39a6a7af1de3635e9d1a87733335b60f7b8
L2RAR2_R19_CONF_04_886004__T10_transport_strong_phase_30ms,46,46,2.0500000000000003,False,,09bf538135ae65766b31e49cf33a712b8360e1aeed805dedf44edc8def016b19
L2RAR2_R19_CONF_04_886004__T10_transport_strong_phase_30ms,47,47,2.099999999999999,False,,dd860240a0bbc7deeaadf6872c533dec453cff65adf346cecd798e3cd8ab234c
L2RAR2_R19_CONF_04_886004__T10_transport_strong_phase_30ms,48,48,2.149999999999998,False,,3d224278805dbf2ecd77fb94d39d35785865f01a027c28a4af4bca841ac32273
L2RAR2_R19_CONF_04_886004__T10_transport_strong_phase_30ms,49,49,2.199999999999997,False,,ba3937b73b2f512a4208fad7a40451230731e29b6833c50791e18bfa7fdf56bd
L2RAR2_R19_CONF_04_886004__T10_transport_strong_phase_30ms,50,50,2.249999999999996,False,,b1073d8546cc3153f20849857ad6673288381f5baffc3bb6106c2af511a84d92
L2RAR2_R19_CONF_04_886004__T10_transport_strong_phase_30ms,51,51,2.299999999999995,False,,ff394f49411f4b1365d76dcd6621219b0bf5ca996de698ff2331e6babb1ddcf1
L2RAR2_R19_CONF_04_886004__T10_transport_strong_phase_30ms,52,52,2.349999999999994,False,,10b5e47dcd1028831fd766f471085a6c50a9b0d7b7550c90525e0fde3210f999
L2RAR2_R19_CONF_04_886004__T10_transport_strong_phase_30ms,53,53,2.399999999999993,False,,7d7c3980a2a537f5fb7e2856116c2b2d734930673ae8793e94339d202380089b
L2RAR2_R19_CONF_04_886004__T10_transport_strong_phase_30ms,54,54,2.4499999999999917,False,,76fdbf2c1cdfde73dd3ab60679e18a7e12fed8ce0e7da7b7c18598e9df310649
L2RAR2_R19_CONF_04_886004__T10_transport_strong_phase_30ms,55,55,2.4999999999999907,False,,0a263983bc3c72f2dede5144cbc63eb904863d38c1e254f18ec0d3463a05543a
L2RAR2_R19_CONF_04_886004__T10_transport_strong_phase_30ms,56,56,2.5499999999999896,False,,e74666e3ab0570e9fd96b0ab34d7cc3a67f936aa5ec535b4c9942bc797e4f60a
L2RAR2_R19_CONF_04_886004__T10_transport_strong_phase_30ms,57,57,2.5999999999999885,False,,e0877434b1d92841937a5991b0c0ffa9efc516d9c150505264ea45d06b2d6d89
L2RAR2_R19_CONF_04_886004__T10_transport_strong_phase_30ms,58,58,2.6499999999999875,False,,74d248f4cf52df125bef9849db2e63680830749c5f860bdd1ff9732da2b487be
L2RAR2_R19_CONF_04_886004__T10_transport_strong_phase_30ms,59,59,2.6999999999999864,False,,2ec7b94960d2467c63c238df1f9f426ff661a5a2ed9d864049172c7f51605fc6
L2RAR2_R19_CONF_04_886004__T10_transport_strong_phase_30ms,60,60,2.7299999999999858,False,,6e0b57c3ea43ccee6ce477a5c714f496adcc4de67e5216d90cbfd678186c2a11
L2RAR2_R19_CONF_04_886004__T11_transport_strong_phase_40ms_rgb_dropout,0,0,0.0,False,,b75428c7df870c23dee7242ed095b67430b0e4e54ecbac45a70591ac1b0344f0
L2RAR2_R19_CONF_04_886004__T11_transport_strong_phase_40ms_rgb_dropout,1,1,0.05,False,,743655ea3789838a374b2b803e0597ef93e2e2a1b33cf28a53a6221ddabed46d
L2RAR2_R19_CONF_04_886004__T11_transport_strong_phase_40ms_rgb_dropout,2,2,0.09999999999999999,False,,bd0b2111fe2951a97f24ec41f3f690771e5ccd6799fab48364c3b52fb52fca14
L2RAR2_R19_CONF_04_886004__T11_transport_strong_phase_40ms_rgb_dropout,3,3,0.15,False,,fc6a9cdd52156155a346a65cfb8148b4f144987d9dc11fa456f66e607c01977b
L2RAR2_R19_CONF_04_886004__T11_transport_strong_phase_40ms_rgb_dropout,4,4,0.20000000000000004,False,,fcc4ea35ced83b36fd3a6366c12791ce8e501b133157dabc237a4f4055db05f7
L2RAR2_R19_CONF_04_886004__T11_transport_strong_phase_40ms_rgb_dropout,5,5,0.20000000000000004,False,,fcc4ea35ced83b36fd3a6366c12791ce8e501b133157dabc237a4f4055db05f7
L2RAR2_R19_CONF_04_886004__T11_transport_strong_phase_40ms_rgb_dropout,6,6,0.25000000000000006,False,,65342e687656b1b23e52f08614f3c65cf8d178779716d917c5e0b3f21029026f
L2RAR2_R19_CONF_04_886004__T11_transport_strong_phase_40ms_rgb_dropout,7,7,0.3000000000000001,False,,42f242168dc4d4f89cb9271cdd8659a48b7362adc61f32ce026088856aff715a
L2RAR2_R19_CONF_04_886004__T11_transport_strong_phase_40ms_rgb_dropout,8,8,0.3000000000000001,False,,42f242168dc4d4f89cb9271cdd8659a48b7362adc61f32ce026088856aff715a
L2RAR2_R19_CONF_04_886004__T11_transport_strong_phase_40ms_rgb_dropout,9,9,0.35000000000000014,False,,a7a2427664c26ee0115d390de477f3c08c426ad5db5805c1b69d135094b64fc7
L2RAR2_R19_CONF_04_886004__T11_transport_strong_phase_40ms_rgb_dropout,10,10,0.4000000000000002,False,,56ac449868512a1dc2dee6193906dbdf1b6dc0e104b07f64e5a8aabcb81aa42d
L2RAR2_R19_CONF_04_886004__T11_transport_strong_phase_40ms_rgb_dropout,11,11,0.45000000000000023,False,,610a5f50f7cabe181bb8128e603bb6bf1773a9b4923dfbf32625c1ffc9a23418
L2RAR2_R19_CONF_04_886004__T11_transport_strong_phase_40ms_rgb_dropout,12,12,0.5000000000000002,False,,ae531aab882e1673a158708ff08108f64484b51b8e457b29165c88f9c1a10ed0
L2RAR2_R19_CONF_04_886004__T11_transport_strong_phase_40ms_rgb_dropout,13,13,0.5000000000000002,False,,ae531aab882e1673a158708ff08108f64484b51b8e457b29165c88f9c1a10ed0
L2RAR2_R19_CONF_04_886004__T11_transport_strong_phase_40ms_rgb_dropout,14,14,0.5500000000000003,False,,a03601d6b5451bee184fa84666cf7279ab1d93942a68b7e9b83294e7e0e188b2
L2RAR2_R19_CONF_04_886004__T11_transport_strong_phase_40ms_rgb_dropout,15,15,0.6000000000000003,False,,dced0c49113787422da9d918da68f648dc5d6bdb987f6b5fb81656b474b9c66d
L2RAR2_R19_CONF_04_886004__T11_transport_strong_phase_40ms_rgb_dropout,16,16,0.6500000000000004,False,,9273111fab310f865cd6c2b8b642bac2545466bd5f04698b961f2fb7889d1ebf
L2RAR2_R19_CONF_04_886004__T11_transport_strong_phase_40ms_rgb_dropout,17,17,0.7000000000000004,False,,b421d6eba533a05aeb83cc13e1004efd177aa973abcb48edab1eef8453fd2c6b
L2RAR2_R19_CONF_04_886004__T11_transport_strong_phase_40ms_rgb_dropout,18,18,0.7500000000000004,False,,1270e572d45e2299c36a46e7bf1cebe8c98f44c5d84d167208f952d374d9bd5a
L2RAR2_R19_CONF_04_886004__T11_transport_strong_phase_40ms_rgb_dropout,19,19,0.8000000000000005,False,,533781f99ecb7abcb967fc25c9a7acd206a2f34a7712004ec1a035f9952079f7
L2RAR2_R19_CONF_04_886004__T11_transport_strong_phase_40ms_rgb_dropout,20,20,0.8500000000000005,False,,fcde708ac89a7d3f3aee688f6686ef03d3e1281172ca42c6c76ff714a3d8a9dd
L2RAR2_R19_CONF_04_886004__T11_transport_strong_phase_40ms_rgb_dropout,21,21,0.9000000000000006,False,,3d57bd601b1c66356bf6a211d9a38389422c1af31adcd79a6e5936aa1b573076
L2RAR2_R19_CONF_04_886004__T11_transport_strong_phase_40ms_rgb_dropout,22,22,0.9500000000000006,False,,a711af660a75611dbec0090d0d506a43a565464d295c487e4f89babec64078a6
L2RAR2_R19_CONF_04_886004__T11_transport_strong_phase_40ms_rgb_dropout,23,23,1.0000000000000007,False,,34dc1fb169620f96169ab38951511c5a3e82a2c9dd0d71e1290c63757c65073f
L2RAR2_R19_CONF_04_886004__T11_transport_strong_phase_40ms_rgb_dropout,24,24,1.0500000000000007,False,,7c7edb67b2da962e3e5457ebcfc0a7748057461a8226bd25749c56c4aaffd6c6
L2RAR2_R19_CONF_04_886004__T11_transport_strong_phase_40ms_rgb_dropout,25,25,1.1000000000000008,False,,a101e0289389cead3071bf0f728c5e65a908ce718de9d1ccd8f1e0e080137083
L2RAR2_R19_CONF_04_886004__T11_transport_strong_phase_40ms_rgb_dropout,26,26,1.1500000000000008,False,,8a0027b4af771d845ad6baaf1df218073077607af7385273d3ae8a37c14067d4
L2RAR2_R19_CONF_04_886004__T11_transport_strong_phase_40ms_rgb_dropout,27,27,1.2000000000000008,False,,bdc114b1dec36deb67b168014aa7733d07bb346aa3b6a5701ea7068157e95cc0
L2RAR2_R19_CONF_04_886004__T11_transport_strong_phase_40ms_rgb_dropout,28,28,1.2500000000000009,False,,e518f0deffb9e86b76b9be643a8f044de5ab168485dcad78abcf5333d69fe680
L2RAR2_R19_CONF_04_886004__T11_transport_strong_phase_40ms_rgb_dropout,29,29,1.300000000000001,False,,0d89713006288845f33c76c96f099f6b2327319e4dbed717a7ef467164638aa7
L2RAR2_R19_CONF_04_886004__T11_transport_strong_phase_40ms_rgb_dropout,30,30,1.350000000000001,False,,f3432bc9b1a9f5e55ef9bda2be8dd9c2cb446a361bb4b4f6d0b817009e02808a
L2RAR2_R19_CONF_04_886004__T11_transport_strong_phase_40ms_rgb_dropout,31,31,1.400000000000001,False,,c1ce51e265ddc6120a7c4a70cda27f17cad9e0c7a886ed5f557e3c6d9d900b7c
L2RAR2_R19_CONF_04_886004__T11_transport_strong_phase_40ms_rgb_dropout,32,32,1.450000000000001,False,,
L2RAR2_R19_CONF_04_886004__T11_transport_strong_phase_40ms_rgb_dropout,33,33,1.500000000000001,False,,
L2RAR2_R19_CONF_04_886004__T11_transport_strong_phase_40ms_rgb_dropout,34,34,1.5400000000000011,False,,d17ce08d2551aa10d2863522539bb6d0a06cb9d292a8b96ae37cadc7cc4eb655
L2RAR2_R19_CONF_04_886004__T11_transport_strong_phase_40ms_rgb_dropout,35,35,1.5500000000000012,False,,
L2RAR2_R19_CONF_04_886004__T11_transport_strong_phase_40ms_rgb_dropout,36,36,1.6000000000000012,False,,b54f64099a6ba43f6e90a36f600e32026353e593372933d838384bb7ad4893e2
L2RAR2_R19_CONF_04_886004__T11_transport_strong_phase_40ms_rgb_dropout,37,37,1.6500000000000012,False,,7d0f188db749a854fe45356a93aa6eb9fec1baedecf09a9ac6d55f5fbbbba64c
L2RAR2_R19_CONF_04_886004__T11_transport_strong_phase_40ms_rgb_dropout,38,38,1.7000000000000013,False,,1ac1bc9655f15b7d15a8eee9733ca2c9b913e94ca360f961d0afd18d38f484db
L2RAR2_R19_CONF_04_886004__T11_transport_strong_phase_40ms_rgb_dropout,39,39,1.7400000000000013,False,,9f49b35114f12ffd8501931f9d12673656d1a51f0d2839dfc29515b595c4f6d3
L2RAR2_R19_CONF_04_886004__T11_transport_strong_phase_40ms_rgb_dropout,40,40,1.7500000000000013,False,,c87b4151c356525d120671e19faf9e419b2f31c137cfd64e1af7048d75b67c3d
L2RAR2_R19_CONF_04_886004__T11_transport_strong_phase_40ms_rgb_dropout,41,41,1.8000000000000014,False,,0c89e442d8b1bd7cc16b2e522ed3400c6f59dc86e01da27c2a42e9ab3642c460
L2RAR2_R19_CONF_04_886004__T11_transport_strong_phase_40ms_rgb_dropout,42,42,1.8500000000000014,False,,a8d39ba5adf708ab718e4d01d8c26d21c6dbb259289c5d5bf805d2746f5a68ad
L2RAR2_R19_CONF_04_886004__T11_transport_strong_phase_40ms_rgb_dropout,43,43,1.9000000000000015,False,,79c1e0dc660cfca7e2340887304c0b88396cb4bdcbec65fab66bcd8d7c67b311
L2RAR2_R19_CONF_04_886004__T11_transport_strong_phase_40ms_rgb_dropout,44,44,1.9500000000000015,False,,4e51509fc2e18373c4aa233efc95e3cc35ba482b44e50c83f114672917a34a07
L2RAR2_R19_CONF_04_886004__T11_transport_strong_phase_40ms_rgb_dropout,45,45,2.0000000000000013,False,,34312f4ed091e9e6a3f49814d6a7cff8fcbece3d34f8b7a6f6656dbbe90f521e
L2RAR2_R19_CONF_04_886004__T11_transport_strong_phase_40ms_rgb_dropout,46,46,2.0500000000000003,False,,ea1a32ba9ce41e9578b442c5487139891bcde6216329334fa019d90651e00940
L2RAR2_R19_CONF_04_886004__T11_transport_strong_phase_40ms_rgb_dropout,47,47,2.099999999999999,False,,9b13fe4b33bf44fc17965118fd48746b63dd2465a490438ce57e1dff582ef75e
L2RAR2_R19_CONF_04_886004__T11_transport_strong_phase_40ms_rgb_dropout,48,48,2.149999999999998,False,,d7497806be0acbaecdeccb475e9490cd675a4214eb9a92fd389ed0c3be8d20c6
L2RAR2_R19_CONF_04_886004__T11_transport_strong_phase_40ms_rgb_dropout,49,49,2.199999999999997,False,,d183e2599911df50ccabaff87c9841b7a1e7caf12218dbff8febb1e6b32c8175
L2RAR2_R19_CONF_04_886004__T11_transport_strong_phase_40ms_rgb_dropout,50,50,2.249999999999996,False,,440efad9cb0e0a6b70ac94d14640972268d22a4401a12fa89d01ef2e598a92d0
L2RAR2_R19_CONF_04_886004__T11_transport_strong_phase_40ms_rgb_dropout,51,51,2.299999999999995,False,,447fc63f182c3383863ccbd3e18364bab81ed02eb24e7a730a22e814f6b8830f
L2RAR2_R19_CONF_04_886004__T11_transport_strong_phase_40ms_rgb_dropout,52,52,2.349999999999994,False,,f4fdbda4fc8851ff14563f8d3870d2f4a0f941a4b5c5f5252cc05c73342393e6
L2RAR2_R19_CONF_04_886004__T11_transport_strong_phase_40ms_rgb_dropout,53,53,2.399999999999993,False,,dcdcffd60792b5b6173555b68d8c6bb558bfe8c6a7ecb86cb60b9aa6de81b5ce
L2RAR2_R19_CONF_04_886004__T11_transport_strong_phase_40ms_rgb_dropout,54,54,2.4499999999999917,False,,b6e80bf356ad29cbe5105e562b8828fa418465fae44254d75e03ea01d0710550
L2RAR2_R19_CONF_04_886004__T11_transport_strong_phase_40ms_rgb_dropout,55,55,2.4999999999999907,False,,fb9d1d4bfe4d1da21855e837b3aa329ea8e0bc439753ae487799cfc8d8e9c97f
L2RAR2_R19_CONF_04_886004__T11_transport_strong_phase_40ms_rgb_dropout,56,56,2.5499999999999896,False,,303c182975c7bb27dd497720ebdfa005ff01ea1d84bb79ce5039bedbcce79e06
L2RAR2_R19_CONF_04_886004__T11_transport_strong_phase_40ms_rgb_dropout,57,57,2.5999999999999885,False,,273d6ba7aa3a947d6cb19e617ac2418481b42150cea6fc8ec4b42fb57412d51a
L2RAR2_R19_CONF_04_886004__T11_transport_strong_phase_40ms_rgb_dropout,58,58,2.6499999999999875,False,,9ce99ef8eab8c5d32c83bbcb35233c679837cd8f033a30af251f252bc9a05baa
L2RAR2_R19_CONF_04_886004__T11_transport_strong_phase_40ms_rgb_dropout,59,59,2.6999999999999864,False,,fdf6dec859fd067d9e18da1fef0fc20ddce407e8cf055578391f452658741adc
L2RAR2_R19_CONF_04_886004__T11_transport_strong_phase_40ms_rgb_dropout,60,60,2.7399999999999856,False,,cd9ec69b5d24ae3fbb7a5b559ccda558258b19fd8df1c58065d4bb73fd9775a8
L2RAR2_R19_CONF_04_886004__T12_transport_commanded_release,0,0,0.0,False,,b75428c7df870c23dee7242ed095b67430b0e4e54ecbac45a70591ac1b0344f0
L2RAR2_R19_CONF_04_886004__T12_transport_commanded_release,1,1,0.05,False,,743655ea3789838a374b2b803e0597ef93e2e2a1b33cf28a53a6221ddabed46d
L2RAR2_R19_CONF_04_886004__T12_transport_commanded_release,2,2,0.09999999999999999,False,,bd0b2111fe2951a97f24ec41f3f690771e5ccd6799fab48364c3b52fb52fca14
L2RAR2_R19_CONF_04_886004__T12_transport_commanded_release,3,3,0.15,False,,fc6a9cdd52156155a346a65cfb8148b4f144987d9dc11fa456f66e607c01977b
L2RAR2_R19_CONF_04_886004__T12_transport_commanded_release,4,4,0.20000000000000004,False,,fcc4ea35ced83b36fd3a6366c12791ce8e501b133157dabc237a4f4055db05f7
L2RAR2_R19_CONF_04_886004__T12_transport_commanded_release,5,5,0.20000000000000004,False,,fcc4ea35ced83b36fd3a6366c12791ce8e501b133157dabc237a4f4055db05f7
L2RAR2_R19_CONF_04_886004__T12_transport_commanded_release,6,6,0.25000000000000006,False,,65342e687656b1b23e52f08614f3c65cf8d178779716d917c5e0b3f21029026f
L2RAR2_R19_CONF_04_886004__T12_transport_commanded_release,7,7,0.3000000000000001,False,,42f242168dc4d4f89cb9271cdd8659a48b7362adc61f32ce026088856aff715a
L2RAR2_R19_CONF_04_886004__T12_transport_commanded_release,8,8,0.3000000000000001,False,,42f242168dc4d4f89cb9271cdd8659a48b7362adc61f32ce026088856aff715a
L2RAR2_R19_CONF_04_886004__T12_transport_commanded_release,9,9,0.35000000000000014,False,,a7a2427664c26ee0115d390de477f3c08c426ad5db5805c1b69d135094b64fc7
L2RAR2_R19_CONF_04_886004__T12_transport_commanded_release,10,10,0.4000000000000002,False,,56ac449868512a1dc2dee6193906dbdf1b6dc0e104b07f64e5a8aabcb81aa42d
L2RAR2_R19_CONF_04_886004__T12_transport_commanded_release,11,11,0.45000000000000023,False,,610a5f50f7cabe181bb8128e603bb6bf1773a9b4923dfbf32625c1ffc9a23418
L2RAR2_R19_CONF_04_886004__T12_transport_commanded_release,12,12,0.5000000000000002,False,,ae531aab882e1673a158708ff08108f64484b51b8e457b29165c88f9c1a10ed0
L2RAR2_R19_CONF_04_886004__T12_transport_commanded_release,13,13,0.5000000000000002,False,,ae531aab882e1673a158708ff08108f64484b51b8e457b29165c88f9c1a10ed0
L2RAR2_R19_CONF_04_886004__T12_transport_commanded_release,14,14,0.5500000000000003,False,,a03601d6b5451bee184fa84666cf7279ab1d93942a68b7e9b83294e7e0e188b2
L2RAR2_R19_CONF_04_886004__T12_transport_commanded_release,15,15,0.6000000000000003,False,,dced0c49113787422da9d918da68f648dc5d6bdb987f6b5fb81656b474b9c66d
L2RAR2_R19_CONF_04_886004__T12_transport_commanded_release,16,16,0.6500000000000004,False,,9273111fab310f865cd6c2b8b642bac2545466bd5f04698b961f2fb7889d1ebf
L2RAR2_R19_CONF_04_886004__T12_transport_commanded_release,17,17,0.7000000000000004,False,,b421d6eba533a05aeb83cc13e1004efd177aa973abcb48edab1eef8453fd2c6b
L2RAR2_R19_CONF_04_886004__T12_transport_commanded_release,18,18,0.7500000000000004,False,,1270e572d45e2299c36a46e7bf1cebe8c98f44c5d84d167208f952d374d9bd5a
L2RAR2_R19_CONF_04_886004__T12_transport_commanded_release,19,19,0.8000000000000005,False,,533781f99ecb7abcb967fc25c9a7acd206a2f34a7712004ec1a035f9952079f7
L2RAR2_R19_CONF_04_886004__T12_transport_commanded_release,20,20,0.8500000000000005,False,,fcde708ac89a7d3f3aee688f6686ef03d3e1281172ca42c6c76ff714a3d8a9dd
L2RAR2_R19_CONF_04_886004__T12_transport_commanded_release,21,21,0.9000000000000006,False,,3d57bd601b1c66356bf6a211d9a38389422c1af31adcd79a6e5936aa1b573076
L2RAR2_R19_CONF_04_886004__T12_transport_commanded_release,22,22,0.9500000000000006,False,,a711af660a75611dbec0090d0d506a43a565464d295c487e4f89babec64078a6
L2RAR2_R19_CONF_04_886004__T12_transport_commanded_release,23,23,1.0000000000000007,False,,34dc1fb169620f96169ab38951511c5a3e82a2c9dd0d71e1290c63757c65073f
L2RAR2_R19_CONF_04_886004__T12_transport_commanded_release,24,24,1.0500000000000007,False,,7c7edb67b2da962e3e5457ebcfc0a7748057461a8226bd25749c56c4aaffd6c6
L2RAR2_R19_CONF_04_886004__T12_transport_commanded_release,25,25,1.1000000000000008,False,,a101e0289389cead3071bf0f728c5e65a908ce718de9d1ccd8f1e0e080137083
L2RAR2_R19_CONF_04_886004__T12_transport_commanded_release,26,26,1.1500000000000008,False,,8a0027b4af771d845ad6baaf1df218073077607af7385273d3ae8a37c14067d4
L2RAR2_R19_CONF_04_886004__T12_transport_commanded_release,27,27,1.2000000000000008,False,,bdc114b1dec36deb67b168014aa7733d07bb346aa3b6a5701ea7068157e95cc0
L2RAR2_R19_CONF_04_886004__T12_transport_commanded_release,28,28,1.2500000000000009,False,,e518f0deffb9e86b76b9be643a8f044de5ab168485dcad78abcf5333d69fe680
L2RAR2_R19_CONF_04_886004__T12_transport_commanded_release,29,29,1.300000000000001,False,,0d89713006288845f33c76c96f099f6b2327319e4dbed717a7ef467164638aa7
L2RAR2_R19_CONF_04_886004__T12_transport_commanded_release,30,30,1.350000000000001,False,,420aa8924334df9d669cb744f7867181bd795d8cb632e7bbe3a186bd05e1f7d4
L2RAR2_R19_CONF_04_886004__T12_transport_commanded_release,31,31,1.400000000000001,False,,17d8e273ffe15bfa011225fc99ee82d59d9a5588331f85098886b4a8834098b3
L2RAR2_R19_CONF_04_886004__T12_transport_commanded_release,32,32,1.450000000000001,False,,920c359fdea477e780cdfb6cd39068d54ad288670d85de252fe21ed8c82379e4
L2RAR2_R19_CONF_04_886004__T12_transport_commanded_release,33,33,1.500000000000001,False,,42d125921ae3297ce597f5848914e383f7ca9eeec596f1c2268cf2819bc4a037
L2RAR2_R19_CONF_04_886004__T12_transport_commanded_release,34,34,1.5500000000000012,False,,de94b67cc72b5878777ec558705797e0d1269f63a32cfed17b27839e3cbd5596
L2RAR2_R19_CONF_04_886004__T12_transport_commanded_release,35,35,1.6000000000000012,False,,30a7d1c8a4b647b528275cf82c20237890a758ca1496d44894180ddcf896e1d4
L2RAR2_R19_CONF_04_886004__T12_transport_commanded_release,36,36,1.6500000000000012,False,,5f89d05b4d0866be033281a74317793f259640403332816b21214cd35806df39
L2RAR2_R19_CONF_04_886004__T12_transport_commanded_release,37,37,1.7000000000000013,False,,80e59fa8fe5e7567bd96effdd3925c84079bcbf6b4c6d32cc0e2a2c76485a101
L2RAR2_R19_CONF_04_886004__T12_transport_commanded_release,38,38,1.7500000000000013,False,,8e37b69fdbca15b2a9f3cd7f3d78f255f4365c9a1f5aa17c1cbb0c61009cfa61
L2RAR2_R19_CONF_04_886004__T12_transport_commanded_release,39,39,1.8000000000000014,False,,50082e3b81a52d89fa769c6552f134cf5d457b3841e479ba3dc9bd436ea43321
L2RAR2_R19_CONF_04_886004__T12_transport_commanded_release,40,40,1.8200000000000014,False,,70174f85f252465bda039bd0f9136a5f93adb6b00bc69b2d275a4927435485c8
L2RAR2_R19_CONF_04_886004__T12_transport_commanded_release,41,41,1.8500000000000014,False,,4a1e914041330b2fea45fc01bedbd9ca0413acac73cdfe407d0d89548c8a3019
L2RAR2_R19_CONF_04_886004__T12_transport_commanded_release,42,42,1.9000000000000015,False,,004f6e04da15cf1c6e83d08c94cd925cef8967287c12460bf9d4d7d456bb11b0
L2RAR2_R19_CONF_04_886004__T12_transport_commanded_release,43,43,1.9500000000000015,False,,022f3d56e4e2a06e6c0e197ba5643a5a55843f5384902c6055fa45a28b4d4da0
L2RAR2_R19_CONF_04_886004__T12_transport_commanded_release,44,44,2.0000000000000013,False,,bedcceedc3f8246da54645acec46254fcc6f4fb96c3216ec6436d0cabc0a4ac6
L2RAR2_R19_CONF_04_886004__T12_transport_commanded_release,45,45,2.020000000000001,False,,bedcceedc3f8246da54645acec46254fcc6f4fb96c3216ec6436d0cabc0a4ac6
L2RAR2_R19_CONF_04_886004__T12_transport_commanded_release,46,46,2.0500000000000003,False,,8d243ba8e0b8b36da41d724993978845199fd6ed41b6e57fe89241e1529bd641
L2RAR2_R19_CONF_04_886004__T12_transport_commanded_release,47,47,2.099999999999999,False,,7a208c2ec8808bb20c9d3babf054fdc3d72d073170efd88d4e8cae0346cad8ee
L2RAR2_R19_CONF_04_886004__T12_transport_commanded_release,48,48,2.149999999999998,False,,1731aca7f7b0b174ae5b55437bd886771a1bf9c9d85dfc5ef454278eae8ca4af
L2RAR2_R19_CONF_04_886004__T12_transport_commanded_release,49,49,2.199999999999997,False,,63f0a578ca6f671482de3a4782e674500a8f62e28b3d2630ab5dd3de5caec49f
L2RAR2_R19_CONF_04_886004__T12_transport_commanded_release,50,50,2.249999999999996,False,,30ed6e2d96415ab1a11e07999765ac9113602c9f4e0e6be04d6e9981f9f9b13d
L2RAR2_R19_CONF_04_886004__T12_transport_commanded_release,51,51,2.299999999999995,False,,3d21f31d8a908e1687a650012f0370e4919fbef3f409baab33e9c26bb0366a94
L2RAR2_R19_CONF_04_886004__T12_transport_commanded_release,52,52,2.349999999999994,False,,69922c9384dd028498c3c310a8bfc9ce10e221f75e431e5de082961ffc077eaf
L2RAR2_R19_CONF_04_886004__T12_transport_commanded_release,53,53,2.399999999999993,False,,69922c9384dd028498c3c310a8bfc9ce10e221f75e431e5de082961ffc077eaf
L2RAR2_R19_CONF_04_886004__T12_transport_commanded_release,54,54,2.4499999999999917,False,,69922c9384dd028498c3c310a8bfc9ce10e221f75e431e5de082961ffc077eaf
L2RAR2_R19_CONF_04_886004__T12_transport_commanded_release,55,55,2.4999999999999907,False,,69922c9384dd028498c3c310a8bfc9ce10e221f75e431e5de082961ffc077eaf
L2RAR2_R19_CONF_04_886004__T12_transport_commanded_release,56,56,2.5499999999999896,False,,69922c9384dd028498c3c310a8bfc9ce10e221f75e431e5de082961ffc077eaf
L2RAR2_R19_CONF_04_886004__T12_transport_commanded_release,57,57,2.5999999999999885,False,,69922c9384dd028498c3c310a8bfc9ce10e221f75e431e5de082961ffc077eaf
L2RAR2_R19_CONF_04_886004__T12_transport_commanded_release,58,58,2.6499999999999875,False,,e647432a921398cf13d2345e6037241b25b69ed8afbe20a23109881795ba253d
L2RAR2_R19_CONF_04_886004__T12_transport_commanded_release,59,59,2.6999999999999864,False,,69922c9384dd028498c3c310a8bfc9ce10e221f75e431e5de082961ffc077eaf
L2RAR2_R19_CONF_04_886004__T12_transport_commanded_release,60,60,2.7499999999999853,False,,f2bf19ad2fffbed27c48bbc69427be46eac6eedf5a23fc4f78fcb0b9709b4ed4
L2RAR2_R19_CONF_04_886004__T12_transport_commanded_release,61,61,2.7999999999999843,False,,9e9d7fd6a8f5bf5da726eb51c4f8b0c272a7931d260b1cb1ca2a449ae8a90540
L2RAR2_R19_CONF_04_886004__T12_transport_commanded_release,62,62,2.849999999999983,False,,802e384598fd1912e317dacda1f5021e4dfb7d25b6e6298599ddec1bcd28507e
L2RAR2_R19_CONF_04_886004__T12_transport_commanded_release,63,63,2.899999999999982,False,,754a44b37bafed89d12c859aaeb8354cae755bd53606e8e311e4a70650274472
L2RAR2_R19_CONF_04_886004__T12_transport_commanded_release,64,64,2.949999999999981,False,,754a44b37bafed89d12c859aaeb8354cae755bd53606e8e311e4a70650274472
L2RAR2_R19_CONF_04_886004__T12_transport_commanded_release,65,65,2.99999999999998,False,,754a44b37bafed89d12c859aaeb8354cae755bd53606e8e311e4a70650274472
L2RAR2_R19_CONF_04_886004__T12_transport_commanded_release,66,66,3.0199999999999796,False,,401a0b3561ac489af3306d57d96deca74870d7e55fade219337846a70df30b99
L2RAR2_R19_CONF_04_886004__T1_transport_stable_clean,0,0,0.0,False,,b75428c7df870c23dee7242ed095b67430b0e4e54ecbac45a70591ac1b0344f0
L2RAR2_R19_CONF_04_886004__T1_transport_stable_clean,1,1,0.05,False,,743655ea3789838a374b2b803e0597ef93e2e2a1b33cf28a53a6221ddabed46d
L2RAR2_R19_CONF_04_886004__T1_transport_stable_clean,2,2,0.09999999999999999,False,,bd0b2111fe2951a97f24ec41f3f690771e5ccd6799fab48364c3b52fb52fca14
L2RAR2_R19_CONF_04_886004__T1_transport_stable_clean,3,3,0.15,False,,fc6a9cdd52156155a346a65cfb8148b4f144987d9dc11fa456f66e607c01977b
L2RAR2_R19_CONF_04_886004__T1_transport_stable_clean,4,4,0.20000000000000004,False,,fcc4ea35ced83b36fd3a6366c12791ce8e501b133157dabc237a4f4055db05f7
L2RAR2_R19_CONF_04_886004__T1_transport_stable_clean,5,5,0.20000000000000004,False,,fcc4ea35ced83b36fd3a6366c12791ce8e501b133157dabc237a4f4055db05f7
L2RAR2_R19_CONF_04_886004__T1_transport_stable_clean,6,6,0.25000000000000006,False,,65342e687656b1b23e52f08614f3c65cf8d178779716d917c5e0b3f21029026f
L2RAR2_R19_CONF_04_886004__T1_transport_stable_clean,7,7,0.3000000000000001,False,,42f242168dc4d4f89cb9271cdd8659a48b7362adc61f32ce026088856aff715a
L2RAR2_R19_CONF_04_886004__T1_transport_stable_clean,8,8,0.3000000000000001,False,,42f242168dc4d4f89cb9271cdd8659a48b7362adc61f32ce026088856aff715a
L2RAR2_R19_CONF_04_886004__T1_transport_stable_clean,9,9,0.35000000000000014,False,,a7a2427664c26ee0115d390de477f3c08c426ad5db5805c1b69d135094b64fc7
L2RAR2_R19_CONF_04_886004__T1_transport_stable_clean,10,10,0.4000000000000002,False,,56ac449868512a1dc2dee6193906dbdf1b6dc0e104b07f64e5a8aabcb81aa42d
L2RAR2_R19_CONF_04_886004__T1_transport_stable_clean,11,11,0.45000000000000023,False,,610a5f50f7cabe181bb8128e603bb6bf1773a9b4923dfbf32625c1ffc9a23418
L2RAR2_R19_CONF_04_886004__T1_transport_stable_clean,12,12,0.5000000000000002,False,,ae531aab882e1673a158708ff08108f64484b51b8e457b29165c88f9c1a10ed0
L2RAR2_R19_CONF_04_886004__T1_transport_stable_clean,13,13,0.5000000000000002,False,,ae531aab882e1673a158708ff08108f64484b51b8e457b29165c88f9c1a10ed0
L2RAR2_R19_CONF_04_886004__T1_transport_stable_clean,14,14,0.5500000000000003,False,,a03601d6b5451bee184fa84666cf7279ab1d93942a68b7e9b83294e7e0e188b2
L2RAR2_R19_CONF_04_886004__T1_transport_stable_clean,15,15,0.6000000000000003,False,,dced0c49113787422da9d918da68f648dc5d6bdb987f6b5fb81656b474b9c66d
L2RAR2_R19_CONF_04_886004__T1_transport_stable_clean,16,16,0.6500000000000004,False,,9273111fab310f865cd6c2b8b642bac2545466bd5f04698b961f2fb7889d1ebf
L2RAR2_R19_CONF_04_886004__T1_transport_stable_clean,17,17,0.7000000000000004,False,,b421d6eba533a05aeb83cc13e1004efd177aa973abcb48edab1eef8453fd2c6b
L2RAR2_R19_CONF_04_886004__T1_transport_stable_clean,18,18,0.7500000000000004,False,,1270e572d45e2299c36a46e7bf1cebe8c98f44c5d84d167208f952d374d9bd5a
L2RAR2_R19_CONF_04_886004__T1_transport_stable_clean,19,19,0.8000000000000005,False,,533781f99ecb7abcb967fc25c9a7acd206a2f34a7712004ec1a035f9952079f7
L2RAR2_R19_CONF_04_886004__T1_transport_stable_clean,20,20,0.8500000000000005,False,,fcde708ac89a7d3f3aee688f6686ef03d3e1281172ca42c6c76ff714a3d8a9dd
L2RAR2_R19_CONF_04_886004__T1_transport_stable_clean,21,21,0.9000000000000006,False,,3d57bd601b1c66356bf6a211d9a38389422c1af31adcd79a6e5936aa1b573076
L2RAR2_R19_CONF_04_886004__T1_transport_stable_clean,22,22,0.9500000000000006,False,,a711af660a75611dbec0090d0d506a43a565464d295c487e4f89babec64078a6
L2RAR2_R19_CONF_04_886004__T1_transport_stable_clean,23,23,1.0000000000000007,False,,34dc1fb169620f96169ab38951511c5a3e82a2c9dd0d71e1290c63757c65073f
L2RAR2_R19_CONF_04_886004__T1_transport_stable_clean,24,24,1.0500000000000007,False,,7c7edb67b2da962e3e5457ebcfc0a7748057461a8226bd25749c56c4aaffd6c6
L2RAR2_R19_CONF_04_886004__T1_transport_stable_clean,25,25,1.1000000000000008,False,,a101e0289389cead3071bf0f728c5e65a908ce718de9d1ccd8f1e0e080137083
L2RAR2_R19_CONF_04_886004__T1_transport_stable_clean,26,26,1.1500000000000008,False,,8a0027b4af771d845ad6baaf1df218073077607af7385273d3ae8a37c14067d4
L2RAR2_R19_CONF_04_886004__T1_transport_stable_clean,27,27,1.2000000000000008,False,,bdc114b1dec36deb67b168014aa7733d07bb346aa3b6a5701ea7068157e95cc0
L2RAR2_R19_CONF_04_886004__T1_transport_stable_clean,28,28,1.2500000000000009,False,,e518f0deffb9e86b76b9be643a8f044de5ab168485dcad78abcf5333d69fe680
L2RAR2_R19_CONF_04_886004__T1_transport_stable_clean,29,29,1.300000000000001,False,,0d89713006288845f33c76c96f099f6b2327319e4dbed717a7ef467164638aa7
L2RAR2_R19_CONF_04_886004__T1_transport_stable_clean,30,30,1.350000000000001,False,,32be61bbb7567bbd1ffba99ef903def165da5a61c27739f9d3ad9fb49dc5940f
L2RAR2_R19_CONF_04_886004__T1_transport_stable_clean,31,31,1.400000000000001,False,,c2165f429b9a5b4bcf489d33a2184dd90c7ed8a8df2c207eaaca9d0772d42fc6
L2RAR2_R19_CONF_04_886004__T1_transport_stable_clean,32,32,1.450000000000001,False,,5d8cbc915c5142b79d2c8e885dee17bcfa1aa77457a65ba66bb74c18ec980fe5
L2RAR2_R19_CONF_04_886004__T1_transport_stable_clean,33,33,1.500000000000001,False,,7ade7641b7944c8493567069e8ca9a85ee6d149168c74e2baab498bb0a4d4725
L2RAR2_R19_CONF_04_886004__T1_transport_stable_clean,34,34,1.500000000000001,False,,7ade7641b7944c8493567069e8ca9a85ee6d149168c74e2baab498bb0a4d4725
L2RAR2_R19_CONF_04_886004__T1_transport_stable_clean,35,35,1.5500000000000012,False,,4e53d971e1de8caffcac2746d3f3a5d02d1c9e81dbaebdfe57e69e155c1f5315
L2RAR2_R19_CONF_04_886004__T1_transport_stable_clean,36,36,1.6000000000000012,False,,d02e8a51fe39700b8b3179573709bdaf83534c7714666667a9bb600ca967257e
L2RAR2_R19_CONF_04_886004__T1_transport_stable_clean,37,37,1.6500000000000012,False,,2de08a5b6fb65bea57c712037f1fdfdd79f17dbb69736218d8d0571851f6c49a
L2RAR2_R19_CONF_04_886004__T1_transport_stable_clean,38,38,1.7000000000000013,False,,fe07122b96aeff2fa01c5514cf56ca84f6cfd466ba7409ec4f9ca859d3afc7a7
L2RAR2_R19_CONF_04_886004__T1_transport_stable_clean,39,39,1.7500000000000013,False,,15d0255d316b2c36a2e2fe6d667030d51420311b30358f563db136a5c7814995
L2RAR2_R19_CONF_04_886004__T1_transport_stable_clean,40,40,1.8000000000000014,False,,23a95da495e7bd03d1c86d8448a081b885525e15e421d316749b6dc410d309fb
L2RAR2_R19_CONF_04_886004__T1_transport_stable_clean,41,41,1.8500000000000014,False,,23a95da495e7bd03d1c86d8448a081b885525e15e421d316749b6dc410d309fb
L2RAR2_R19_CONF_04_886004__T1_transport_stable_clean,42,42,1.9000000000000015,False,,2559d2a26e02b48c6ab4dbd89d7204f0b421ef9868a6eb5d7b2ea0c7958acb74
L2RAR2_R19_CONF_04_886004__T1_transport_stable_clean,43,43,1.9500000000000015,False,,b5b5cd63cbf9426d9c741d200c4dd6af9cec633d6bcb6596145f45e02ed857ae
L2RAR2_R19_CONF_04_886004__T1_transport_stable_clean,44,44,2.0000000000000013,False,,b5b5cd63cbf9426d9c741d200c4dd6af9cec633d6bcb6596145f45e02ed857ae
L2RAR2_R19_CONF_04_886004__T1_transport_stable_clean,45,45,2.0500000000000003,False,,f489da5ebfca9524a39c433dafe19fca2f5b30a676bf8b73df965c5c037c2f3a
L2RAR2_R19_CONF_04_886004__T1_transport_stable_clean,46,46,2.099999999999999,False,,b5b5cd63cbf9426d9c741d200c4dd6af9cec633d6bcb6596145f45e02ed857ae
L2RAR2_R19_CONF_04_886004__T1_transport_stable_clean,47,47,2.149999999999998,False,,696dc36fa4273ce23c855ad9e73ea71b509d9176ee62c4905a4b2ae32162711a
L2RAR2_R19_CONF_04_886004__T1_transport_stable_clean,48,48,2.199999999999997,False,,d70f60aecf5a9cffb6c019daf48632c4968e046b536aba37b67ed871e059117b
L2RAR2_R19_CONF_04_886004__T1_transport_stable_clean,49,49,2.249999999999996,False,,fd2c6d72ef9fbcfface6ca589a42ab2ab5de7a66cd915060a4ae422ac42f0563
L2RAR2_R19_CONF_04_886004__T1_transport_stable_clean,50,50,2.299999999999995,False,,916fa0ca38fab4a64d16c132c7d6ac49d169ab8ab268b8b979a76f8055a5dffb
L2RAR2_R19_CONF_04_886004__T1_transport_stable_clean,51,51,2.349999999999994,False,,8fad4cf449cea77b8a952b36d668c60479df0a9550b0982e3e9f05ad72bcf14a
L2RAR2_R19_CONF_04_886004__T1_transport_stable_clean,52,52,2.399999999999993,False,,ccc5aa765ef3105107169d2d0975df29dbb1634bbaf4af16fab34418114bdea4
L2RAR2_R19_CONF_04_886004__T1_transport_stable_clean,53,53,2.4499999999999917,False,,8bcac4a0cbd40af89b12693c09aa91ae8fff8c25b9480327a24ff163cae441a9
L2RAR2_R19_CONF_04_886004__T1_transport_stable_clean,54,54,2.4999999999999907,False,,ccc5aa765ef3105107169d2d0975df29dbb1634bbaf4af16fab34418114bdea4
L2RAR2_R19_CONF_04_886004__T1_transport_stable_clean,55,55,2.4999999999999907,False,,ccc5aa765ef3105107169d2d0975df29dbb1634bbaf4af16fab34418114bdea4
L2RAR2_R19_CONF_04_886004__T2_transport_camera_jitter,0,0,0.0,False,,b75428c7df870c23dee7242ed095b67430b0e4e54ecbac45a70591ac1b0344f0
L2RAR2_R19_CONF_04_886004__T2_transport_camera_jitter,1,1,0.05,False,,743655ea3789838a374b2b803e0597ef93e2e2a1b33cf28a53a6221ddabed46d
L2RAR2_R19_CONF_04_886004__T2_transport_camera_jitter,2,2,0.09999999999999999,False,,bd0b2111fe2951a97f24ec41f3f690771e5ccd6799fab48364c3b52fb52fca14
L2RAR2_R19_CONF_04_886004__T2_transport_camera_jitter,3,3,0.15,False,,fc6a9cdd52156155a346a65cfb8148b4f144987d9dc11fa456f66e607c01977b
L2RAR2_R19_CONF_04_886004__T2_transport_camera_jitter,4,4,0.20000000000000004,False,,fcc4ea35ced83b36fd3a6366c12791ce8e501b133157dabc237a4f4055db05f7
L2RAR2_R19_CONF_04_886004__T2_transport_camera_jitter,5,5,0.20000000000000004,False,,fcc4ea35ced83b36fd3a6366c12791ce8e501b133157dabc237a4f4055db05f7
L2RAR2_R19_CONF_04_886004__T2_transport_camera_jitter,6,6,0.25000000000000006,False,,65342e687656b1b23e52f08614f3c65cf8d178779716d917c5e0b3f21029026f
L2RAR2_R19_CONF_04_886004__T2_transport_camera_jitter,7,7,0.3000000000000001,False,,42f242168dc4d4f89cb9271cdd8659a48b7362adc61f32ce026088856aff715a
L2RAR2_R19_CONF_04_886004__T2_transport_camera_jitter,8,8,0.3000000000000001,False,,42f242168dc4d4f89cb9271cdd8659a48b7362adc61f32ce026088856aff715a
L2RAR2_R19_CONF_04_886004__T2_transport_camera_jitter,9,9,0.35000000000000014,False,,a7a2427664c26ee0115d390de477f3c08c426ad5db5805c1b69d135094b64fc7
L2RAR2_R19_CONF_04_886004__T2_transport_camera_jitter,10,10,0.4000000000000002,False,,56ac449868512a1dc2dee6193906dbdf1b6dc0e104b07f64e5a8aabcb81aa42d
L2RAR2_R19_CONF_04_886004__T2_transport_camera_jitter,11,11,0.45000000000000023,False,,610a5f50f7cabe181bb8128e603bb6bf1773a9b4923dfbf32625c1ffc9a23418
L2RAR2_R19_CONF_04_886004__T2_transport_camera_jitter,12,12,0.5000000000000002,False,,ae531aab882e1673a158708ff08108f64484b51b8e457b29165c88f9c1a10ed0
L2RAR2_R19_CONF_04_886004__T2_transport_camera_jitter,13,13,0.5000000000000002,False,,ae531aab882e1673a158708ff08108f64484b51b8e457b29165c88f9c1a10ed0
L2RAR2_R19_CONF_04_886004__T2_transport_camera_jitter,14,14,0.5500000000000003,False,,a03601d6b5451bee184fa84666cf7279ab1d93942a68b7e9b83294e7e0e188b2
L2RAR2_R19_CONF_04_886004__T2_transport_camera_jitter,15,15,0.6000000000000003,False,,dced0c49113787422da9d918da68f648dc5d6bdb987f6b5fb81656b474b9c66d
L2RAR2_R19_CONF_04_886004__T2_transport_camera_jitter,16,16,0.6500000000000004,False,,9273111fab310f865cd6c2b8b642bac2545466bd5f04698b961f2fb7889d1ebf
L2RAR2_R19_CONF_04_886004__T2_transport_camera_jitter,17,17,0.7000000000000004,False,,b421d6eba533a05aeb83cc13e1004efd177aa973abcb48edab1eef8453fd2c6b
L2RAR2_R19_CONF_04_886004__T2_transport_camera_jitter,18,18,0.7500000000000004,False,,1270e572d45e2299c36a46e7bf1cebe8c98f44c5d84d167208f952d374d9bd5a
L2RAR2_R19_CONF_04_886004__T2_transport_camera_jitter,19,19,0.8000000000000005,False,,533781f99ecb7abcb967fc25c9a7acd206a2f34a7712004ec1a035f9952079f7
L2RAR2_R19_CONF_04_886004__T2_transport_camera_jitter,20,20,0.8500000000000005,False,,fcde708ac89a7d3f3aee688f6686ef03d3e1281172ca42c6c76ff714a3d8a9dd
L2RAR2_R19_CONF_04_886004__T2_transport_camera_jitter,21,21,0.9000000000000006,False,,3d57bd601b1c66356bf6a211d9a38389422c1af31adcd79a6e5936aa1b573076
L2RAR2_R19_CONF_04_886004__T2_transport_camera_jitter,22,22,0.9500000000000006,False,,a711af660a75611dbec0090d0d506a43a565464d295c487e4f89babec64078a6
L2RAR2_R19_CONF_04_886004__T2_transport_camera_jitter,23,23,1.0000000000000007,False,,34dc1fb169620f96169ab38951511c5a3e82a2c9dd0d71e1290c63757c65073f
L2RAR2_R19_CONF_04_886004__T2_transport_camera_jitter,24,24,1.0500000000000007,False,,7c7edb67b2da962e3e5457ebcfc0a7748057461a8226bd25749c56c4aaffd6c6
L2RAR2_R19_CONF_04_886004__T2_transport_camera_jitter,25,25,1.1000000000000008,False,,a101e0289389cead3071bf0f728c5e65a908ce718de9d1ccd8f1e0e080137083
L2RAR2_R19_CONF_04_886004__T2_transport_camera_jitter,26,26,1.1500000000000008,False,,8a0027b4af771d845ad6baaf1df218073077607af7385273d3ae8a37c14067d4
L2RAR2_R19_CONF_04_886004__T2_transport_camera_jitter,27,27,1.2000000000000008,False,,6ce60ea7ec25026fdd1f53a3b5ad03e5869a1c453a0bc19400376a392f0b0c32
L2RAR2_R19_CONF_04_886004__T2_transport_camera_jitter,28,28,1.2500000000000009,False,,4ba9e2fd2df523dbcb076915d48344ee9c5e67bc7a5d72dcbb75a28939e217af
L2RAR2_R19_CONF_04_886004__T2_transport_camera_jitter,29,29,1.300000000000001,False,,3e261c3b6f74a975c367b8984adefaf5e733ec79de60067c89b63e91db5af1e4
L2RAR2_R19_CONF_04_886004__T2_transport_camera_jitter,30,30,1.350000000000001,False,,32be61bbb7567bbd1ffba99ef903def165da5a61c27739f9d3ad9fb49dc5940f
L2RAR2_R19_CONF_04_886004__T2_transport_camera_jitter,31,31,1.400000000000001,False,,8b537b1f758f0acccb7abf3ab693ea4b7ef1e55a538ddc74dfd8f01b94cc58ed
L2RAR2_R19_CONF_04_886004__T2_transport_camera_jitter,32,32,1.450000000000001,False,,1a0015618a8569fd43127e033a4a156990bd3034ace141bbda3c62db775d8d92
L2RAR2_R19_CONF_04_886004__T2_transport_camera_jitter,33,33,1.500000000000001,False,,8d17c15c7ff28a7998f6f93b0c28edfaffde19ed7f524f378d05108bd5f7dced
L2RAR2_R19_CONF_04_886004__T2_transport_camera_jitter,34,34,1.500000000000001,False,,8d17c15c7ff28a7998f6f93b0c28edfaffde19ed7f524f378d05108bd5f7dced
L2RAR2_R19_CONF_04_886004__T2_transport_camera_jitter,35,35,1.5500000000000012,False,,4e53d971e1de8caffcac2746d3f3a5d02d1c9e81dbaebdfe57e69e155c1f5315
L2RAR2_R19_CONF_04_886004__T2_transport_camera_jitter,36,36,1.6000000000000012,False,,d62716807230acb0a46ccd1c62a9871a8d8a0e5721ac800dc1d97f3c52f1457f
L2RAR2_R19_CONF_04_886004__T2_transport_camera_jitter,37,37,1.6500000000000012,False,,b911512016f352e9a7e4cf4668e86a11d4601a99cd010c7efb2158ac36f8b2a5
L2RAR2_R19_CONF_04_886004__T2_transport_camera_jitter,38,38,1.7000000000000013,False,,f4402e869a286c6dd0fbc7a74322fb83e00f9384fa36228a0a5b0a40edaa1121
L2RAR2_R19_CONF_04_886004__T2_transport_camera_jitter,39,39,1.7500000000000013,False,,15d0255d316b2c36a2e2fe6d667030d51420311b30358f563db136a5c7814995
L2RAR2_R19_CONF_04_886004__T2_transport_camera_jitter,40,40,1.8000000000000014,False,,562896f31c4882e2cce79b98a0e19c99be7bab1975b4b80b6fa3dc9d4229def7
L2RAR2_R19_CONF_04_886004__T2_transport_camera_jitter,41,41,1.8500000000000014,False,,19eb105db7418fed72e60324f6b39473f76dee4bd3f3e08aaac4ce3c46661353
L2RAR2_R19_CONF_04_886004__T2_transport_camera_jitter,42,42,1.9000000000000015,False,,4f8b48a6e49eaf5a580f0bb0800b8d4546b0144ee7f2d55d6e0cc8c4b24195f8
L2RAR2_R19_CONF_04_886004__T2_transport_camera_jitter,43,43,1.9500000000000015,False,,b5b5cd63cbf9426d9c741d200c4dd6af9cec633d6bcb6596145f45e02ed857ae
L2RAR2_R19_CONF_04_886004__T2_transport_camera_jitter,44,44,2.0000000000000013,False,,3df6027a0af5836dbb2efb72e5425edc64659bb39a62fd62fa85beda97166cf2
L2RAR2_R19_CONF_04_886004__T2_transport_camera_jitter,45,45,2.0500000000000003,False,,99b71a22dcf6ad07ab0c19b0bd4c18f31c88e35fcc5fd1b15891ee8194c6c212
L2RAR2_R19_CONF_04_886004__T2_transport_camera_jitter,46,46,2.099999999999999,False,,b20e5d32b74e8b0e699a08c06814988f079b24ca0c0e5c837e34c5c6d1857578
L2RAR2_R19_CONF_04_886004__T2_transport_camera_jitter,47,47,2.149999999999998,False,,696dc36fa4273ce23c855ad9e73ea71b509d9176ee62c4905a4b2ae32162711a
L2RAR2_R19_CONF_04_886004__T2_transport_camera_jitter,48,48,2.199999999999997,False,,d59abb9c30f43ced7fb1029f0995b233d0ab18daa07eb844301c6b37e4dffc7f
L2RAR2_R19_CONF_04_886004__T2_transport_camera_jitter,49,49,2.249999999999996,False,,de43a96f61109272dba637c02deb58eeb6eb0d3583174d34e8433ae2348c6e23
L2RAR2_R19_CONF_04_886004__T2_transport_camera_jitter,50,50,2.299999999999995,False,,2cf592b201d6d0a1836f6277971fa09cfaa18d76608f8af8a5b53752b1bd60a0
L2RAR2_R19_CONF_04_886004__T2_transport_camera_jitter,51,51,2.349999999999994,False,,8fad4cf449cea77b8a952b36d668c60479df0a9550b0982e3e9f05ad72bcf14a
L2RAR2_R19_CONF_04_886004__T2_transport_camera_jitter,52,52,2.399999999999993,False,,fb629c72b1ee6801d8595a1e25eedbb7ed9cc98396f451d1c0871da08738bfda
L2RAR2_R19_CONF_04_886004__T2_transport_camera_jitter,53,53,2.4499999999999917,False,,2dc9975449f40eaa33d7af4c41b597f03d5aadf2389d57ddd24e94d834fe735d
L2RAR2_R19_CONF_04_886004__T2_transport_camera_jitter,54,54,2.4999999999999907,False,,fb629c72b1ee6801d8595a1e25eedbb7ed9cc98396f451d1c0871da08738bfda
L2RAR2_R19_CONF_04_886004__T2_transport_camera_jitter,55,55,2.4999999999999907,False,,fb629c72b1ee6801d8595a1e25eedbb7ed9cc98396f451d1c0871da08738bfda
L2RAR2_R19_CONF_04_886004__T3_transport_single_contact_proxy_dropout,0,0,0.0,False,,b75428c7df870c23dee7242ed095b67430b0e4e54ecbac45a70591ac1b0344f0
L2RAR2_R19_CONF_04_886004__T3_transport_single_contact_proxy_dropout,1,1,0.05,False,,743655ea3789838a374b2b803e0597ef93e2e2a1b33cf28a53a6221ddabed46d
L2RAR2_R19_CONF_04_886004__T3_transport_single_contact_proxy_dropout,2,2,0.09999999999999999,False,,bd0b2111fe2951a97f24ec41f3f690771e5ccd6799fab48364c3b52fb52fca14
L2RAR2_R19_CONF_04_886004__T3_transport_single_contact_proxy_dropout,3,3,0.15,False,,fc6a9cdd52156155a346a65cfb8148b4f144987d9dc11fa456f66e607c01977b
L2RAR2_R19_CONF_04_886004__T3_transport_single_contact_proxy_dropout,4,4,0.20000000000000004,False,,fcc4ea35ced83b36fd3a6366c12791ce8e501b133157dabc237a4f4055db05f7
L2RAR2_R19_CONF_04_886004__T3_transport_single_contact_proxy_dropout,5,5,0.20000000000000004,False,,fcc4ea35ced83b36fd3a6366c12791ce8e501b133157dabc237a4f4055db05f7
L2RAR2_R19_CONF_04_886004__T3_transport_single_contact_proxy_dropout,6,6,0.25000000000000006,False,,65342e687656b1b23e52f08614f3c65cf8d178779716d917c5e0b3f21029026f
L2RAR2_R19_CONF_04_886004__T3_transport_single_contact_proxy_dropout,7,7,0.3000000000000001,False,,42f242168dc4d4f89cb9271cdd8659a48b7362adc61f32ce026088856aff715a
L2RAR2_R19_CONF_04_886004__T3_transport_single_contact_proxy_dropout,8,8,0.3000000000000001,False,,42f242168dc4d4f89cb9271cdd8659a48b7362adc61f32ce026088856aff715a
L2RAR2_R19_CONF_04_886004__T3_transport_single_contact_proxy_dropout,9,9,0.35000000000000014,False,,a7a2427664c26ee0115d390de477f3c08c426ad5db5805c1b69d135094b64fc7
L2RAR2_R19_CONF_04_886004__T3_transport_single_contact_proxy_dropout,10,10,0.4000000000000002,False,,56ac449868512a1dc2dee6193906dbdf1b6dc0e104b07f64e5a8aabcb81aa42d
L2RAR2_R19_CONF_04_886004__T3_transport_single_contact_proxy_dropout,11,11,0.45000000000000023,False,,610a5f50f7cabe181bb8128e603bb6bf1773a9b4923dfbf32625c1ffc9a23418
L2RAR2_R19_CONF_04_886004__T3_transport_single_contact_proxy_dropout,12,12,0.5000000000000002,False,,ae531aab882e1673a158708ff08108f64484b51b8e457b29165c88f9c1a10ed0
L2RAR2_R19_CONF_04_886004__T3_transport_single_contact_proxy_dropout,13,13,0.5000000000000002,False,,ae531aab882e1673a158708ff08108f64484b51b8e457b29165c88f9c1a10ed0
L2RAR2_R19_CONF_04_886004__T3_transport_single_contact_proxy_dropout,14,14,0.5500000000000003,False,,a03601d6b5451bee184fa84666cf7279ab1d93942a68b7e9b83294e7e0e188b2
L2RAR2_R19_CONF_04_886004__T3_transport_single_contact_proxy_dropout,15,15,0.6000000000000003,False,,dced0c49113787422da9d918da68f648dc5d6bdb987f6b5fb81656b474b9c66d
L2RAR2_R19_CONF_04_886004__T3_transport_single_contact_proxy_dropout,16,16,0.6500000000000004,False,,9273111fab310f865cd6c2b8b642bac2545466bd5f04698b961f2fb7889d1ebf
L2RAR2_R19_CONF_04_886004__T3_transport_single_contact_proxy_dropout,17,17,0.7000000000000004,False,,b421d6eba533a05aeb83cc13e1004efd177aa973abcb48edab1eef8453fd2c6b
L2RAR2_R19_CONF_04_886004__T3_transport_single_contact_proxy_dropout,18,18,0.7500000000000004,False,,1270e572d45e2299c36a46e7bf1cebe8c98f44c5d84d167208f952d374d9bd5a
L2RAR2_R19_CONF_04_886004__T3_transport_single_contact_proxy_dropout,19,19,0.8000000000000005,False,,533781f99ecb7abcb967fc25c9a7acd206a2f34a7712004ec1a035f9952079f7
L2RAR2_R19_CONF_04_886004__T3_transport_single_contact_proxy_dropout,20,20,0.8500000000000005,False,,fcde708ac89a7d3f3aee688f6686ef03d3e1281172ca42c6c76ff714a3d8a9dd
L2RAR2_R19_CONF_04_886004__T3_transport_single_contact_proxy_dropout,21,21,0.9000000000000006,False,,3d57bd601b1c66356bf6a211d9a38389422c1af31adcd79a6e5936aa1b573076
L2RAR2_R19_CONF_04_886004__T3_transport_single_contact_proxy_dropout,22,22,0.9500000000000006,False,,a711af660a75611dbec0090d0d506a43a565464d295c487e4f89babec64078a6
L2RAR2_R19_CONF_04_886004__T3_transport_single_contact_proxy_dropout,23,23,1.0000000000000007,False,,34dc1fb169620f96169ab38951511c5a3e82a2c9dd0d71e1290c63757c65073f
L2RAR2_R19_CONF_04_886004__T3_transport_single_contact_proxy_dropout,24,24,1.0500000000000007,False,,7c7edb67b2da962e3e5457ebcfc0a7748057461a8226bd25749c56c4aaffd6c6
L2RAR2_R19_CONF_04_886004__T3_transport_single_contact_proxy_dropout,25,25,1.1000000000000008,False,,a101e0289389cead3071bf0f728c5e65a908ce718de9d1ccd8f1e0e080137083
L2RAR2_R19_CONF_04_886004__T3_transport_single_contact_proxy_dropout,26,26,1.1500000000000008,False,,8a0027b4af771d845ad6baaf1df218073077607af7385273d3ae8a37c14067d4
L2RAR2_R19_CONF_04_886004__T3_transport_single_contact_proxy_dropout,27,27,1.2000000000000008,False,,bdc114b1dec36deb67b168014aa7733d07bb346aa3b6a5701ea7068157e95cc0
L2RAR2_R19_CONF_04_886004__T3_transport_single_contact_proxy_dropout,28,28,1.2500000000000009,False,,e518f0deffb9e86b76b9be643a8f044de5ab168485dcad78abcf5333d69fe680
L2RAR2_R19_CONF_04_886004__T3_transport_single_contact_proxy_dropout,29,29,1.300000000000001,False,T3_SINGLE_FALSE,0d89713006288845f33c76c96f099f6b2327319e4dbed717a7ef467164638aa7
L2RAR2_R19_CONF_04_886004__T3_transport_single_contact_proxy_dropout,30,30,1.350000000000001,False,,32be61bbb7567bbd1ffba99ef903def165da5a61c27739f9d3ad9fb49dc5940f
L2RAR2_R19_CONF_04_886004__T3_transport_single_contact_proxy_dropout,31,31,1.400000000000001,False,,c2165f429b9a5b4bcf489d33a2184dd90c7ed8a8df2c207eaaca9d0772d42fc6
L2RAR2_R19_CONF_04_886004__T3_transport_single_contact_proxy_dropout,32,32,1.450000000000001,False,,5d8cbc915c5142b79d2c8e885dee17bcfa1aa77457a65ba66bb74c18ec980fe5
L2RAR2_R19_CONF_04_886004__T3_transport_single_contact_proxy_dropout,33,33,1.500000000000001,False,,7ade7641b7944c8493567069e8ca9a85ee6d149168c74e2baab498bb0a4d4725
L2RAR2_R19_CONF_04_886004__T3_transport_single_contact_proxy_dropout,34,34,1.500000000000001,False,,7ade7641b7944c8493567069e8ca9a85ee6d149168c74e2baab498bb0a4d4725
L2RAR2_R19_CONF_04_886004__T3_transport_single_contact_proxy_dropout,35,35,1.5500000000000012,False,,4e53d971e1de8caffcac2746d3f3a5d02d1c9e81dbaebdfe57e69e155c1f5315
L2RAR2_R19_CONF_04_886004__T3_transport_single_contact_proxy_dropout,36,36,1.6000000000000012,False,,d02e8a51fe39700b8b3179573709bdaf83534c7714666667a9bb600ca967257e
L2RAR2_R19_CONF_04_886004__T3_transport_single_contact_proxy_dropout,37,37,1.6500000000000012,False,,2de08a5b6fb65bea57c712037f1fdfdd79f17dbb69736218d8d0571851f6c49a
L2RAR2_R19_CONF_04_886004__T3_transport_single_contact_proxy_dropout,38,38,1.7000000000000013,False,,fe07122b96aeff2fa01c5514cf56ca84f6cfd466ba7409ec4f9ca859d3afc7a7
L2RAR2_R19_CONF_04_886004__T3_transport_single_contact_proxy_dropout,39,39,1.7500000000000013,False,,15d0255d316b2c36a2e2fe6d667030d51420311b30358f563db136a5c7814995
L2RAR2_R19_CONF_04_886004__T3_transport_single_contact_proxy_dropout,40,40,1.8000000000000014,False,,23a95da495e7bd03d1c86d8448a081b885525e15e421d316749b6dc410d309fb
L2RAR2_R19_CONF_04_886004__T3_transport_single_contact_proxy_dropout,41,41,1.8500000000000014,False,,23a95da495e7bd03d1c86d8448a081b885525e15e421d316749b6dc410d309fb
L2RAR2_R19_CONF_04_886004__T3_transport_single_contact_proxy_dropout,42,42,1.9000000000000015,False,,2559d2a26e02b48c6ab4dbd89d7204f0b421ef9868a6eb5d7b2ea0c7958acb74
L2RAR2_R19_CONF_04_886004__T3_transport_single_contact_proxy_dropout,43,43,1.9500000000000015,False,,b5b5cd63cbf9426d9c741d200c4dd6af9cec633d6bcb6596145f45e02ed857ae
L2RAR2_R19_CONF_04_886004__T3_transport_single_contact_proxy_dropout,44,44,2.0000000000000013,False,,b5b5cd63cbf9426d9c741d200c4dd6af9cec633d6bcb6596145f45e02ed857ae
L2RAR2_R19_CONF_04_886004__T3_transport_single_contact_proxy_dropout,45,45,2.0500000000000003,False,,f489da5ebfca9524a39c433dafe19fca2f5b30a676bf8b73df965c5c037c2f3a
L2RAR2_R19_CONF_04_886004__T3_transport_single_contact_proxy_dropout,46,46,2.099999999999999,False,,b5b5cd63cbf9426d9c741d200c4dd6af9cec633d6bcb6596145f45e02ed857ae
L2RAR2_R19_CONF_04_886004__T3_transport_single_contact_proxy_dropout,47,47,2.149999999999998,False,,696dc36fa4273ce23c855ad9e73ea71b509d9176ee62c4905a4b2ae32162711a
L2RAR2_R19_CONF_04_886004__T3_transport_single_contact_proxy_dropout,48,48,2.199999999999997,False,,d70f60aecf5a9cffb6c019daf48632c4968e046b536aba37b67ed871e059117b
L2RAR2_R19_CONF_04_886004__T3_transport_single_contact_proxy_dropout,49,49,2.249999999999996,False,,fd2c6d72ef9fbcfface6ca589a42ab2ab5de7a66cd915060a4ae422ac42f0563
L2RAR2_R19_CONF_04_886004__T3_transport_single_contact_proxy_dropout,50,50,2.299999999999995,False,,916fa0ca38fab4a64d16c132c7d6ac49d169ab8ab268b8b979a76f8055a5dffb
L2RAR2_R19_CONF_04_886004__T3_transport_single_contact_proxy_dropout,51,51,2.349999999999994,False,,8fad4cf449cea77b8a952b36d668c60479df0a9550b0982e3e9f05ad72bcf14a
L2RAR2_R19_CONF_04_886004__T3_transport_single_contact_proxy_dropout,52,52,2.399999999999993,False,,ccc5aa765ef3105107169d2d0975df29dbb1634bbaf4af16fab34418114bdea4
L2RAR2_R19_CONF_04_886004__T3_transport_single_contact_proxy_dropout,53,53,2.4499999999999917,False,,8bcac4a0cbd40af89b12693c09aa91ae8fff8c25b9480327a24ff163cae441a9
L2RAR2_R19_CONF_04_886004__T3_transport_single_contact_proxy_dropout,54,54,2.4999999999999907,False,,ccc5aa765ef3105107169d2d0975df29dbb1634bbaf4af16fab34418114bdea4
L2RAR2_R19_CONF_04_886004__T3_transport_single_contact_proxy_dropout,55,55,2.4999999999999907,False,,ccc5aa765ef3105107169d2d0975df29dbb1634bbaf4af16fab34418114bdea4
L2RAR2_R19_CONF_04_886004__T4_transport_same_time_contact_false_then_true,0,0,0.0,False,,b75428c7df870c23dee7242ed095b67430b0e4e54ecbac45a70591ac1b0344f0
L2RAR2_R19_CONF_04_886004__T4_transport_same_time_contact_false_then_true,1,1,0.05,False,,743655ea3789838a374b2b803e0597ef93e2e2a1b33cf28a53a6221ddabed46d
L2RAR2_R19_CONF_04_886004__T4_transport_same_time_contact_false_then_true,2,2,0.09999999999999999,False,,bd0b2111fe2951a97f24ec41f3f690771e5ccd6799fab48364c3b52fb52fca14
L2RAR2_R19_CONF_04_886004__T4_transport_same_time_contact_false_then_true,3,3,0.15,False,,fc6a9cdd52156155a346a65cfb8148b4f144987d9dc11fa456f66e607c01977b
L2RAR2_R19_CONF_04_886004__T4_transport_same_time_contact_false_then_true,4,4,0.20000000000000004,False,,fcc4ea35ced83b36fd3a6366c12791ce8e501b133157dabc237a4f4055db05f7
L2RAR2_R19_CONF_04_886004__T4_transport_same_time_contact_false_then_true,5,5,0.20000000000000004,False,,fcc4ea35ced83b36fd3a6366c12791ce8e501b133157dabc237a4f4055db05f7
L2RAR2_R19_CONF_04_886004__T4_transport_same_time_contact_false_then_true,6,6,0.25000000000000006,False,,65342e687656b1b23e52f08614f3c65cf8d178779716d917c5e0b3f21029026f
L2RAR2_R19_CONF_04_886004__T4_transport_same_time_contact_false_then_true,7,7,0.3000000000000001,False,,42f242168dc4d4f89cb9271cdd8659a48b7362adc61f32ce026088856aff715a
L2RAR2_R19_CONF_04_886004__T4_transport_same_time_contact_false_then_true,8,8,0.3000000000000001,False,,42f242168dc4d4f89cb9271cdd8659a48b7362adc61f32ce026088856aff715a
L2RAR2_R19_CONF_04_886004__T4_transport_same_time_contact_false_then_true,9,9,0.35000000000000014,False,,a7a2427664c26ee0115d390de477f3c08c426ad5db5805c1b69d135094b64fc7
L2RAR2_R19_CONF_04_886004__T4_transport_same_time_contact_false_then_true,10,10,0.4000000000000002,False,,56ac449868512a1dc2dee6193906dbdf1b6dc0e104b07f64e5a8aabcb81aa42d
L2RAR2_R19_CONF_04_886004__T4_transport_same_time_contact_false_then_true,11,11,0.45000000000000023,False,,610a5f50f7cabe181bb8128e603bb6bf1773a9b4923dfbf32625c1ffc9a23418
L2RAR2_R19_CONF_04_886004__T4_transport_same_time_contact_false_then_true,12,12,0.5000000000000002,False,,ae531aab882e1673a158708ff08108f64484b51b8e457b29165c88f9c1a10ed0
L2RAR2_R19_CONF_04_886004__T4_transport_same_time_contact_false_then_true,13,13,0.5000000000000002,False,,ae531aab882e1673a158708ff08108f64484b51b8e457b29165c88f9c1a10ed0
L2RAR2_R19_CONF_04_886004__T4_transport_same_time_contact_false_then_true,14,14,0.5500000000000003,False,,a03601d6b5451bee184fa84666cf7279ab1d93942a68b7e9b83294e7e0e188b2
L2RAR2_R19_CONF_04_886004__T4_transport_same_time_contact_false_then_true,15,15,0.6000000000000003,False,,dced0c49113787422da9d918da68f648dc5d6bdb987f6b5fb81656b474b9c66d
L2RAR2_R19_CONF_04_886004__T4_transport_same_time_contact_false_then_true,16,16,0.6500000000000004,False,,9273111fab310f865cd6c2b8b642bac2545466bd5f04698b961f2fb7889d1ebf
L2RAR2_R19_CONF_04_886004__T4_transport_same_time_contact_false_then_true,17,17,0.7000000000000004,False,,b421d6eba533a05aeb83cc13e1004efd177aa973abcb48edab1eef8453fd2c6b
L2RAR2_R19_CONF_04_886004__T4_transport_same_time_contact_false_then_true,18,18,0.7500000000000004,False,,1270e572d45e2299c36a46e7bf1cebe8c98f44c5d84d167208f952d374d9bd5a
L2RAR2_R19_CONF_04_886004__T4_transport_same_time_contact_false_then_true,19,19,0.8000000000000005,False,,533781f99ecb7abcb967fc25c9a7acd206a2f34a7712004ec1a035f9952079f7
L2RAR2_R19_CONF_04_886004__T4_transport_same_time_contact_false_then_true,20,20,0.8500000000000005,False,,fcde708ac89a7d3f3aee688f6686ef03d3e1281172ca42c6c76ff714a3d8a9dd
L2RAR2_R19_CONF_04_886004__T4_transport_same_time_contact_false_then_true,21,21,0.9000000000000006,False,,3d57bd601b1c66356bf6a211d9a38389422c1af31adcd79a6e5936aa1b573076
L2RAR2_R19_CONF_04_886004__T4_transport_same_time_contact_false_then_true,22,22,0.9500000000000006,False,,a711af660a75611dbec0090d0d506a43a565464d295c487e4f89babec64078a6
L2RAR2_R19_CONF_04_886004__T4_transport_same_time_contact_false_then_true,23,23,1.0000000000000007,False,,34dc1fb169620f96169ab38951511c5a3e82a2c9dd0d71e1290c63757c65073f
L2RAR2_R19_CONF_04_886004__T4_transport_same_time_contact_false_then_true,24,24,1.0500000000000007,False,,7c7edb67b2da962e3e5457ebcfc0a7748057461a8226bd25749c56c4aaffd6c6
L2RAR2_R19_CONF_04_886004__T4_transport_same_time_contact_false_then_true,25,25,1.1000000000000008,False,,a101e0289389cead3071bf0f728c5e65a908ce718de9d1ccd8f1e0e080137083
L2RAR2_R19_CONF_04_886004__T4_transport_same_time_contact_false_then_true,26,26,1.1500000000000008,False,,8a0027b4af771d845ad6baaf1df218073077607af7385273d3ae8a37c14067d4
L2RAR2_R19_CONF_04_886004__T4_transport_same_time_contact_false_then_true,27,27,1.2000000000000008,False,,bdc114b1dec36deb67b168014aa7733d07bb346aa3b6a5701ea7068157e95cc0
L2RAR2_R19_CONF_04_886004__T4_transport_same_time_contact_false_then_true,28,28,1.2500000000000009,False,,e518f0deffb9e86b76b9be643a8f044de5ab168485dcad78abcf5333d69fe680
L2RAR2_R19_CONF_04_886004__T4_transport_same_time_contact_false_then_true,29,29,1.300000000000001,False,T4_FALSE_A,0d89713006288845f33c76c96f099f6b2327319e4dbed717a7ef467164638aa7
L2RAR2_R19_CONF_04_886004__T4_transport_same_time_contact_false_then_true,29,30,1.300000000000001,True,T4_TRUE_B,0d89713006288845f33c76c96f099f6b2327319e4dbed717a7ef467164638aa7
L2RAR2_R19_CONF_04_886004__T4_transport_same_time_contact_false_then_true,30,31,1.350000000000001,False,,32be61bbb7567bbd1ffba99ef903def165da5a61c27739f9d3ad9fb49dc5940f
L2RAR2_R19_CONF_04_886004__T4_transport_same_time_contact_false_then_true,31,32,1.400000000000001,False,,c2165f429b9a5b4bcf489d33a2184dd90c7ed8a8df2c207eaaca9d0772d42fc6
L2RAR2_R19_CONF_04_886004__T4_transport_same_time_contact_false_then_true,32,33,1.450000000000001,False,,5d8cbc915c5142b79d2c8e885dee17bcfa1aa77457a65ba66bb74c18ec980fe5
L2RAR2_R19_CONF_04_886004__T4_transport_same_time_contact_false_then_true,33,34,1.500000000000001,False,,7ade7641b7944c8493567069e8ca9a85ee6d149168c74e2baab498bb0a4d4725
L2RAR2_R19_CONF_04_886004__T4_transport_same_time_contact_false_then_true,34,35,1.500000000000001,False,,7ade7641b7944c8493567069e8ca9a85ee6d149168c74e2baab498bb0a4d4725
L2RAR2_R19_CONF_04_886004__T4_transport_same_time_contact_false_then_true,35,36,1.5500000000000012,False,,4e53d971e1de8caffcac2746d3f3a5d02d1c9e81dbaebdfe57e69e155c1f5315
L2RAR2_R19_CONF_04_886004__T4_transport_same_time_contact_false_then_true,36,37,1.6000000000000012,False,,d02e8a51fe39700b8b3179573709bdaf83534c7714666667a9bb600ca967257e
L2RAR2_R19_CONF_04_886004__T4_transport_same_time_contact_false_then_true,37,38,1.6500000000000012,False,,2de08a5b6fb65bea57c712037f1fdfdd79f17dbb69736218d8d0571851f6c49a
L2RAR2_R19_CONF_04_886004__T4_transport_same_time_contact_false_then_true,38,39,1.7000000000000013,False,,fe07122b96aeff2fa01c5514cf56ca84f6cfd466ba7409ec4f9ca859d3afc7a7
L2RAR2_R19_CONF_04_886004__T4_transport_same_time_contact_false_then_true,39,40,1.7500000000000013,False,,15d0255d316b2c36a2e2fe6d667030d51420311b30358f563db136a5c7814995
L2RAR2_R19_CONF_04_886004__T4_transport_same_time_contact_false_then_true,40,41,1.8000000000000014,False,,23a95da495e7bd03d1c86d8448a081b885525e15e421d316749b6dc410d309fb
L2RAR2_R19_CONF_04_886004__T4_transport_same_time_contact_false_then_true,41,42,1.8500000000000014,False,,23a95da495e7bd03d1c86d8448a081b885525e15e421d316749b6dc410d309fb
L2RAR2_R19_CONF_04_886004__T4_transport_same_time_contact_false_then_true,42,43,1.9000000000000015,False,,2559d2a26e02b48c6ab4dbd89d7204f0b421ef9868a6eb5d7b2ea0c7958acb74
L2RAR2_R19_CONF_04_886004__T4_transport_same_time_contact_false_then_true,43,44,1.9500000000000015,False,,b5b5cd63cbf9426d9c741d200c4dd6af9cec633d6bcb6596145f45e02ed857ae
L2RAR2_R19_CONF_04_886004__T4_transport_same_time_contact_false_then_true,44,45,2.0000000000000013,False,,b5b5cd63cbf9426d9c741d200c4dd6af9cec633d6bcb6596145f45e02ed857ae
L2RAR2_R19_CONF_04_886004__T4_transport_same_time_contact_false_then_true,45,46,2.0500000000000003,False,,f489da5ebfca9524a39c433dafe19fca2f5b30a676bf8b73df965c5c037c2f3a
L2RAR2_R19_CONF_04_886004__T4_transport_same_time_contact_false_then_true,46,47,2.099999999999999,False,,b5b5cd63cbf9426d9c741d200c4dd6af9cec633d6bcb6596145f45e02ed857ae
L2RAR2_R19_CONF_04_886004__T4_transport_same_time_contact_false_then_true,47,48,2.149999999999998,False,,696dc36fa4273ce23c855ad9e73ea71b509d9176ee62c4905a4b2ae32162711a
L2RAR2_R19_CONF_04_886004__T4_transport_same_time_contact_false_then_true,48,49,2.199999999999997,False,,d70f60aecf5a9cffb6c019daf48632c4968e046b536aba37b67ed871e059117b
L2RAR2_R19_CONF_04_886004__T4_transport_same_time_contact_false_then_true,49,50,2.249999999999996,False,,fd2c6d72ef9fbcfface6ca589a42ab2ab5de7a66cd915060a4ae422ac42f0563
L2RAR2_R19_CONF_04_886004__T4_transport_same_time_contact_false_then_true,50,51,2.299999999999995,False,,916fa0ca38fab4a64d16c132c7d6ac49d169ab8ab268b8b979a76f8055a5dffb
L2RAR2_R19_CONF_04_886004__T4_transport_same_time_contact_false_then_true,51,52,2.349999999999994,False,,8fad4cf449cea77b8a952b36d668c60479df0a9550b0982e3e9f05ad72bcf14a
L2RAR2_R19_CONF_04_886004__T4_transport_same_time_contact_false_then_true,52,53,2.399999999999993,False,,ccc5aa765ef3105107169d2d0975df29dbb1634bbaf4af16fab34418114bdea4
L2RAR2_R19_CONF_04_886004__T4_transport_same_time_contact_false_then_true,53,54,2.4499999999999917,False,,8bcac4a0cbd40af89b12693c09aa91ae8fff8c25b9480327a24ff163cae441a9
L2RAR2_R19_CONF_04_886004__T4_transport_same_time_contact_false_then_true,54,55,2.4999999999999907,False,,ccc5aa765ef3105107169d2d0975df29dbb1634bbaf4af16fab34418114bdea4
L2RAR2_R19_CONF_04_886004__T4_transport_same_time_contact_false_then_true,55,56,2.4999999999999907,False,,ccc5aa765ef3105107169d2d0975df29dbb1634bbaf4af16fab34418114bdea4
L2RAR2_R19_CONF_04_886004__T5_transport_weak_outcome,0,0,0.0,False,,b75428c7df870c23dee7242ed095b67430b0e4e54ecbac45a70591ac1b0344f0
L2RAR2_R19_CONF_04_886004__T5_transport_weak_outcome,1,1,0.05,False,,743655ea3789838a374b2b803e0597ef93e2e2a1b33cf28a53a6221ddabed46d
L2RAR2_R19_CONF_04_886004__T5_transport_weak_outcome,2,2,0.09999999999999999,False,,bd0b2111fe2951a97f24ec41f3f690771e5ccd6799fab48364c3b52fb52fca14
L2RAR2_R19_CONF_04_886004__T5_transport_weak_outcome,3,3,0.15,False,,fc6a9cdd52156155a346a65cfb8148b4f144987d9dc11fa456f66e607c01977b
L2RAR2_R19_CONF_04_886004__T5_transport_weak_outcome,4,4,0.20000000000000004,False,,fcc4ea35ced83b36fd3a6366c12791ce8e501b133157dabc237a4f4055db05f7
L2RAR2_R19_CONF_04_886004__T5_transport_weak_outcome,5,5,0.20000000000000004,False,,fcc4ea35ced83b36fd3a6366c12791ce8e501b133157dabc237a4f4055db05f7
L2RAR2_R19_CONF_04_886004__T5_transport_weak_outcome,6,6,0.25000000000000006,False,,65342e687656b1b23e52f08614f3c65cf8d178779716d917c5e0b3f21029026f
L2RAR2_R19_CONF_04_886004__T5_transport_weak_outcome,7,7,0.3000000000000001,False,,42f242168dc4d4f89cb9271cdd8659a48b7362adc61f32ce026088856aff715a
L2RAR2_R19_CONF_04_886004__T5_transport_weak_outcome,8,8,0.3000000000000001,False,,42f242168dc4d4f89cb9271cdd8659a48b7362adc61f32ce026088856aff715a
L2RAR2_R19_CONF_04_886004__T5_transport_weak_outcome,9,9,0.35000000000000014,False,,a7a2427664c26ee0115d390de477f3c08c426ad5db5805c1b69d135094b64fc7
L2RAR2_R19_CONF_04_886004__T5_transport_weak_outcome,10,10,0.4000000000000002,False,,56ac449868512a1dc2dee6193906dbdf1b6dc0e104b07f64e5a8aabcb81aa42d
L2RAR2_R19_CONF_04_886004__T5_transport_weak_outcome,11,11,0.45000000000000023,False,,610a5f50f7cabe181bb8128e603bb6bf1773a9b4923dfbf32625c1ffc9a23418
L2RAR2_R19_CONF_04_886004__T5_transport_weak_outcome,12,12,0.5000000000000002,False,,ae531aab882e1673a158708ff08108f64484b51b8e457b29165c88f9c1a10ed0
L2RAR2_R19_CONF_04_886004__T5_transport_weak_outcome,13,13,0.5000000000000002,False,,ae531aab882e1673a158708ff08108f64484b51b8e457b29165c88f9c1a10ed0
L2RAR2_R19_CONF_04_886004__T5_transport_weak_outcome,14,14,0.5500000000000003,False,,a03601d6b5451bee184fa84666cf7279ab1d93942a68b7e9b83294e7e0e188b2
L2RAR2_R19_CONF_04_886004__T5_transport_weak_outcome,15,15,0.6000000000000003,False,,dced0c49113787422da9d918da68f648dc5d6bdb987f6b5fb81656b474b9c66d
L2RAR2_R19_CONF_04_886004__T5_transport_weak_outcome,16,16,0.6500000000000004,False,,9273111fab310f865cd6c2b8b642bac2545466bd5f04698b961f2fb7889d1ebf
L2RAR2_R19_CONF_04_886004__T5_transport_weak_outcome,17,17,0.7000000000000004,False,,b421d6eba533a05aeb83cc13e1004efd177aa973abcb48edab1eef8453fd2c6b
L2RAR2_R19_CONF_04_886004__T5_transport_weak_outcome,18,18,0.7500000000000004,False,,1270e572d45e2299c36a46e7bf1cebe8c98f44c5d84d167208f952d374d9bd5a
L2RAR2_R19_CONF_04_886004__T5_transport_weak_outcome,19,19,0.8000000000000005,False,,533781f99ecb7abcb967fc25c9a7acd206a2f34a7712004ec1a035f9952079f7
L2RAR2_R19_CONF_04_886004__T5_transport_weak_outcome,20,20,0.8500000000000005,False,,fcde708ac89a7d3f3aee688f6686ef03d3e1281172ca42c6c76ff714a3d8a9dd
L2RAR2_R19_CONF_04_886004__T5_transport_weak_outcome,21,21,0.9000000000000006,False,,3d57bd601b1c66356bf6a211d9a38389422c1af31adcd79a6e5936aa1b573076
L2RAR2_R19_CONF_04_886004__T5_transport_weak_outcome,22,22,0.9500000000000006,False,,a711af660a75611dbec0090d0d506a43a565464d295c487e4f89babec64078a6
L2RAR2_R19_CONF_04_886004__T5_transport_weak_outcome,23,23,1.0000000000000007,False,,34dc1fb169620f96169ab38951511c5a3e82a2c9dd0d71e1290c63757c65073f
L2RAR2_R19_CONF_04_886004__T5_transport_weak_outcome,24,24,1.0500000000000007,False,,7c7edb67b2da962e3e5457ebcfc0a7748057461a8226bd25749c56c4aaffd6c6
L2RAR2_R19_CONF_04_886004__T5_transport_weak_outcome,25,25,1.1000000000000008,False,,a101e0289389cead3071bf0f728c5e65a908ce718de9d1ccd8f1e0e080137083
L2RAR2_R19_CONF_04_886004__T5_transport_weak_outcome,26,26,1.1500000000000008,False,,8a0027b4af771d845ad6baaf1df218073077607af7385273d3ae8a37c14067d4
L2RAR2_R19_CONF_04_886004__T5_transport_weak_outcome,27,27,1.2000000000000008,False,,bdc114b1dec36deb67b168014aa7733d07bb346aa3b6a5701ea7068157e95cc0
L2RAR2_R19_CONF_04_886004__T5_transport_weak_outcome,28,28,1.2500000000000009,False,,e518f0deffb9e86b76b9be643a8f044de5ab168485dcad78abcf5333d69fe680
L2RAR2_R19_CONF_04_886004__T5_transport_weak_outcome,29,29,1.300000000000001,False,,0d89713006288845f33c76c96f099f6b2327319e4dbed717a7ef467164638aa7
L2RAR2_R19_CONF_04_886004__T5_transport_weak_outcome,30,30,1.350000000000001,False,,5248923f0c3b2dcc2e1441cafe8c711502fbe42446e671035a508a10c2720eb3
L2RAR2_R19_CONF_04_886004__T5_transport_weak_outcome,31,31,1.400000000000001,False,,d7ce9e98cf5cd61cefb33a2a8a6999eac307e716ee05c705109c68af26286dae
L2RAR2_R19_CONF_04_886004__T5_transport_weak_outcome,32,32,1.450000000000001,False,,bf99f8ea0b091106b0eba20f7faa6ec3ad219de8b61b142612675dc06200d78e
L2RAR2_R19_CONF_04_886004__T5_transport_weak_outcome,33,33,1.500000000000001,False,,12a655d458eafc192c9a49a293c19473cee0dd0dd83bfcef1d7e80235bd8b349
L2RAR2_R19_CONF_04_886004__T5_transport_weak_outcome,34,34,1.5200000000000011,False,,181982b965696bf9d09d9270bc2fa20f386afc763f0934b699ecf98b277da236
L2RAR2_R19_CONF_04_886004__T5_transport_weak_outcome,35,35,1.5500000000000012,False,,2b3b31b8b67e2ff7a0b2ded6d53d00fb9231e0b301de00cd7433d04ac4519884
L2RAR2_R19_CONF_04_886004__T5_transport_weak_outcome,36,36,1.6000000000000012,False,,44d45959069087db53be74538556e8f2b86fd4a56679c1584f313d19e4a273e0
L2RAR2_R19_CONF_04_886004__T5_transport_weak_outcome,37,37,1.6500000000000012,False,,b56552bf2cc8914fc960656e02dc7d87c0c837bdcc53eb2960d47cad2730df0a
L2RAR2_R19_CONF_04_886004__T5_transport_weak_outcome,38,38,1.7000000000000013,False,,6764235fbfc8a00c5fbf633865adc38eefa0e6106a39d7b7b99324cbfd4f63fd
L2RAR2_R19_CONF_04_886004__T5_transport_weak_outcome,39,39,1.7200000000000013,False,,fb8492aa04c404989419854571e9eaeac69f912b00b9e7734d0ae15fda6928c0
L2RAR2_R19_CONF_04_886004__T5_transport_weak_outcome,40,40,1.7500000000000013,False,,b570201ffca01d68acfbc8e060216ebd3f3cbdff7a8d57cb398151851a3c992e
L2RAR2_R19_CONF_04_886004__T5_transport_weak_outcome,41,41,1.8000000000000014,False,,35c305a87623c9f5f2ac4c4e4ff68c9d47d16996125c4ac3ce53701d993c5be3
L2RAR2_R19_CONF_04_886004__T5_transport_weak_outcome,42,42,1.8500000000000014,False,,1cf149bc31bc580c4cf11cd3d8054918cb7a559b0c85fa5b716d8a07c7d30bf9
L2RAR2_R19_CONF_04_886004__T5_transport_weak_outcome,43,43,1.9000000000000015,False,,4dc9e6445fd94ab93548dce17ad770175447f93a2f404baaa7f196a2a108c33c
L2RAR2_R19_CONF_04_886004__T5_transport_weak_outcome,44,44,1.9500000000000015,False,,878b0a6127ba8dd973fd52ac70d9d2ab12cb6701ae85a5289681bf1e9b9fc855
L2RAR2_R19_CONF_04_886004__T5_transport_weak_outcome,45,45,2.0000000000000013,False,,19d92f2bd548de4c8961e20a474c9c886d60ae1b902083bc855285f426401276
L2RAR2_R19_CONF_04_886004__T5_transport_weak_outcome,46,46,2.0500000000000003,False,,a08e26a1561be44d6af828092ba6158e929c0572ab8e8f8f88834562eba7b662
L2RAR2_R19_CONF_04_886004__T5_transport_weak_outcome,47,47,2.099999999999999,False,,43a828ead9b68e747d70ffcff1ffec5927b7b0625e4af19e2198e5a2e6126a18
L2RAR2_R19_CONF_04_886004__T5_transport_weak_outcome,48,48,2.149999999999998,False,,22eb6be769e3c11f99ad4d2c6a25603cfc57cbd23fc1a0fe098dcc37eb5044d6
L2RAR2_R19_CONF_04_886004__T5_transport_weak_outcome,49,49,2.199999999999997,False,,db422acde10c5b1f114da28e8c32b5205300d7b12dcffba238b2fa0bc0052ccc
L2RAR2_R19_CONF_04_886004__T5_transport_weak_outcome,50,50,2.249999999999996,False,,1cd0e5b7b879e0892ff0994975ebd7a713e62ab199f0d799a97d0e224db91f74
L2RAR2_R19_CONF_04_886004__T5_transport_weak_outcome,51,51,2.299999999999995,False,,e2488b1967c49d5a01826509e034d2cfbf140f9482e03c80daceaf1b109183ea
L2RAR2_R19_CONF_04_886004__T5_transport_weak_outcome,52,52,2.349999999999994,False,,86baf495679b993fb168d530bc615c7bf202c5b78c3d319be6c91a5a4279d79c
L2RAR2_R19_CONF_04_886004__T5_transport_weak_outcome,53,53,2.399999999999993,False,,0e0d20578885b7f78537dbf0771ff8e0ad88eb26000ea09e66fd1a29b0ec4534
L2RAR2_R19_CONF_04_886004__T5_transport_weak_outcome,54,54,2.4499999999999917,False,,a09e064f76f42815d6cfd9abbd1975676b69b5febe57984fea287352db0f713c
L2RAR2_R19_CONF_04_886004__T5_transport_weak_outcome,55,55,2.4999999999999907,False,,895809f95e4c181c6815875d1914b0de03613163ce4894c9e8583e780a051415
L2RAR2_R19_CONF_04_886004__T5_transport_weak_outcome,56,56,2.5499999999999896,False,,6a0c97b1a3667f24983daad2b0156cf3422972910f2ecdbc109e31a7de981637
L2RAR2_R19_CONF_04_886004__T5_transport_weak_outcome,57,57,2.5999999999999885,False,,f4dcf0cd000f51651a6e77acee05cbab4ef53c02da1b98ed87d0e1414531637b
L2RAR2_R19_CONF_04_886004__T5_transport_weak_outcome,58,58,2.6499999999999875,False,,12fc46477d02f4b157eda8ba8ea0035d8d90efd394301d48004f054f95f41222
L2RAR2_R19_CONF_04_886004__T5_transport_weak_outcome,59,59,2.6999999999999864,False,,db2a76a5a86e9889ba5396d0bd5531f8a2e21c338d0a6f49e109ec2337e936f9
L2RAR2_R19_CONF_04_886004__T5_transport_weak_outcome,60,60,2.719999999999986,False,,8f5112e8a8e1c7635946729e00bcef4ff21bb54d5d1d166f4ddf783fb32a0616
L2RAR2_R19_CONF_04_886004__T6_transport_medium_outcome,0,0,0.0,False,,b75428c7df870c23dee7242ed095b67430b0e4e54ecbac45a70591ac1b0344f0
L2RAR2_R19_CONF_04_886004__T6_transport_medium_outcome,1,1,0.05,False,,743655ea3789838a374b2b803e0597ef93e2e2a1b33cf28a53a6221ddabed46d
L2RAR2_R19_CONF_04_886004__T6_transport_medium_outcome,2,2,0.09999999999999999,False,,bd0b2111fe2951a97f24ec41f3f690771e5ccd6799fab48364c3b52fb52fca14
L2RAR2_R19_CONF_04_886004__T6_transport_medium_outcome,3,3,0.15,False,,fc6a9cdd52156155a346a65cfb8148b4f144987d9dc11fa456f66e607c01977b
L2RAR2_R19_CONF_04_886004__T6_transport_medium_outcome,4,4,0.20000000000000004,False,,fcc4ea35ced83b36fd3a6366c12791ce8e501b133157dabc237a4f4055db05f7
L2RAR2_R19_CONF_04_886004__T6_transport_medium_outcome,5,5,0.20000000000000004,False,,fcc4ea35ced83b36fd3a6366c12791ce8e501b133157dabc237a4f4055db05f7
L2RAR2_R19_CONF_04_886004__T6_transport_medium_outcome,6,6,0.25000000000000006,False,,65342e687656b1b23e52f08614f3c65cf8d178779716d917c5e0b3f21029026f
L2RAR2_R19_CONF_04_886004__T6_transport_medium_outcome,7,7,0.3000000000000001,False,,42f242168dc4d4f89cb9271cdd8659a48b7362adc61f32ce026088856aff715a
L2RAR2_R19_CONF_04_886004__T6_transport_medium_outcome,8,8,0.3000000000000001,False,,42f242168dc4d4f89cb9271cdd8659a48b7362adc61f32ce026088856aff715a
L2RAR2_R19_CONF_04_886004__T6_transport_medium_outcome,9,9,0.35000000000000014,False,,a7a2427664c26ee0115d390de477f3c08c426ad5db5805c1b69d135094b64fc7
L2RAR2_R19_CONF_04_886004__T6_transport_medium_outcome,10,10,0.4000000000000002,False,,56ac449868512a1dc2dee6193906dbdf1b6dc0e104b07f64e5a8aabcb81aa42d
L2RAR2_R19_CONF_04_886004__T6_transport_medium_outcome,11,11,0.45000000000000023,False,,610a5f50f7cabe181bb8128e603bb6bf1773a9b4923dfbf32625c1ffc9a23418
L2RAR2_R19_CONF_04_886004__T6_transport_medium_outcome,12,12,0.5000000000000002,False,,ae531aab882e1673a158708ff08108f64484b51b8e457b29165c88f9c1a10ed0
L2RAR2_R19_CONF_04_886004__T6_transport_medium_outcome,13,13,0.5000000000000002,False,,ae531aab882e1673a158708ff08108f64484b51b8e457b29165c88f9c1a10ed0
L2RAR2_R19_CONF_04_886004__T6_transport_medium_outcome,14,14,0.5500000000000003,False,,a03601d6b5451bee184fa84666cf7279ab1d93942a68b7e9b83294e7e0e188b2
L2RAR2_R19_CONF_04_886004__T6_transport_medium_outcome,15,15,0.6000000000000003,False,,dced0c49113787422da9d918da68f648dc5d6bdb987f6b5fb81656b474b9c66d
L2RAR2_R19_CONF_04_886004__T6_transport_medium_outcome,16,16,0.6500000000000004,False,,9273111fab310f865cd6c2b8b642bac2545466bd5f04698b961f2fb7889d1ebf
L2RAR2_R19_CONF_04_886004__T6_transport_medium_outcome,17,17,0.7000000000000004,False,,b421d6eba533a05aeb83cc13e1004efd177aa973abcb48edab1eef8453fd2c6b
L2RAR2_R19_CONF_04_886004__T6_transport_medium_outcome,18,18,0.7500000000000004,False,,1270e572d45e2299c36a46e7bf1cebe8c98f44c5d84d167208f952d374d9bd5a
L2RAR2_R19_CONF_04_886004__T6_transport_medium_outcome,19,19,0.8000000000000005,False,,533781f99ecb7abcb967fc25c9a7acd206a2f34a7712004ec1a035f9952079f7
L2RAR2_R19_CONF_04_886004__T6_transport_medium_outcome,20,20,0.8500000000000005,False,,fcde708ac89a7d3f3aee688f6686ef03d3e1281172ca42c6c76ff714a3d8a9dd
L2RAR2_R19_CONF_04_886004__T6_transport_medium_outcome,21,21,0.9000000000000006,False,,3d57bd601b1c66356bf6a211d9a38389422c1af31adcd79a6e5936aa1b573076
L2RAR2_R19_CONF_04_886004__T6_transport_medium_outcome,22,22,0.9500000000000006,False,,a711af660a75611dbec0090d0d506a43a565464d295c487e4f89babec64078a6
L2RAR2_R19_CONF_04_886004__T6_transport_medium_outcome,23,23,1.0000000000000007,False,,34dc1fb169620f96169ab38951511c5a3e82a2c9dd0d71e1290c63757c65073f
L2RAR2_R19_CONF_04_886004__T6_transport_medium_outcome,24,24,1.0500000000000007,False,,7c7edb67b2da962e3e5457ebcfc0a7748057461a8226bd25749c56c4aaffd6c6
L2RAR2_R19_CONF_04_886004__T6_transport_medium_outcome,25,25,1.1000000000000008,False,,a101e0289389cead3071bf0f728c5e65a908ce718de9d1ccd8f1e0e080137083
L2RAR2_R19_CONF_04_886004__T6_transport_medium_outcome,26,26,1.1500000000000008,False,,8a0027b4af771d845ad6baaf1df218073077607af7385273d3ae8a37c14067d4
L2RAR2_R19_CONF_04_886004__T6_transport_medium_outcome,27,27,1.2000000000000008,False,,bdc114b1dec36deb67b168014aa7733d07bb346aa3b6a5701ea7068157e95cc0
L2RAR2_R19_CONF_04_886004__T6_transport_medium_outcome,28,28,1.2500000000000009,False,,e518f0deffb9e86b76b9be643a8f044de5ab168485dcad78abcf5333d69fe680
L2RAR2_R19_CONF_04_886004__T6_transport_medium_outcome,29,29,1.300000000000001,False,,0d89713006288845f33c76c96f099f6b2327319e4dbed717a7ef467164638aa7
L2RAR2_R19_CONF_04_886004__T6_transport_medium_outcome,30,30,1.350000000000001,False,,d3bc66f769161c69aa040ed88ac4b3cfbff62e28694201387016ccb972cc666c
L2RAR2_R19_CONF_04_886004__T6_transport_medium_outcome,31,31,1.400000000000001,False,,af85b0ada0dd91102c6029dc7019b1a37a47b060e1a042553d0b8a7343b7c3ff
L2RAR2_R19_CONF_04_886004__T6_transport_medium_outcome,32,32,1.450000000000001,False,,0097deaea44f3767031f3a60951e5c436ca06860394599fcd8e940c731cad158
L2RAR2_R19_CONF_04_886004__T6_transport_medium_outcome,33,33,1.500000000000001,False,,b1a2add592c800ce3830881106f6f539e201eaae1c59171e17163dd7f62193ec
L2RAR2_R19_CONF_04_886004__T6_transport_medium_outcome,34,34,1.5200000000000011,False,,6614af8ea1b015c9277bf9006351859a6dd30a99d3faca6c4a8d1ad3ccec4ccf
L2RAR2_R19_CONF_04_886004__T6_transport_medium_outcome,35,35,1.5500000000000012,False,,ed0c18f4b5ceb4eef653f3e265c09a29682457b0623c393ebdcaa5978a60fa3e
L2RAR2_R19_CONF_04_886004__T6_transport_medium_outcome,36,36,1.6000000000000012,False,,64353cd3b60b9475d4bd7ba2fd4bb1b1380be55f19b5bb6400e67cd52875f4f4
L2RAR2_R19_CONF_04_886004__T6_transport_medium_outcome,37,37,1.6500000000000012,False,,20c771da73cc20661900470378371eea13884a421756bb80e0fc25a0a8f072fb
L2RAR2_R19_CONF_04_886004__T6_transport_medium_outcome,38,38,1.7000000000000013,False,,223eb5e8b9b615170f7e71724ecd39fe80265ea351b4be17b223dffde451c2ab
L2RAR2_R19_CONF_04_886004__T6_transport_medium_outcome,39,39,1.7200000000000013,False,,6a956eabddc279cd9dc3414c2b547d4cf1663ddb445fd6cde41b15cc45bbe417
L2RAR2_R19_CONF_04_886004__T6_transport_medium_outcome,40,40,1.7500000000000013,False,,6f164cb134e932e723514b415a61b7753b3fc279d6aa4f0298bc8aa26b4641fa
L2RAR2_R19_CONF_04_886004__T6_transport_medium_outcome,41,41,1.8000000000000014,False,,22fb1afa0bf50a3e7ca4d49fd2f74c03d1569e6c6c9b273e3c7d3dce7fc58930
L2RAR2_R19_CONF_04_886004__T6_transport_medium_outcome,42,42,1.8500000000000014,False,,6c9362ed3b1d25195461a222518a98dec86f1191cc46910b0e5402463ca4ea8c
L2RAR2_R19_CONF_04_886004__T6_transport_medium_outcome,43,43,1.9000000000000015,False,,774c3d00aba96856cc6e3a0ab4cb57446e9a92d3c428221fa90b0826bfd36451
L2RAR2_R19_CONF_04_886004__T6_transport_medium_outcome,44,44,1.9500000000000015,False,,817c191373cfb82e295f3f3e58f6e2589833cf794512d56547273e8878fb8380
L2RAR2_R19_CONF_04_886004__T6_transport_medium_outcome,45,45,2.0000000000000013,False,,f4057e5674c037fa3ced0b777d6b3bd9b8989bf266199fded7ba3f7deac077dc
L2RAR2_R19_CONF_04_886004__T6_transport_medium_outcome,46,46,2.0500000000000003,False,,2348eb739d5b832df279afdf03a5b88b8792dc9ef83072d68d0c20e514493dff
L2RAR2_R19_CONF_04_886004__T6_transport_medium_outcome,47,47,2.099999999999999,False,,2668ed62af01b8f19a11f02cb2d1991171370d9ec8f0ce801bae5662bbfb4a74
L2RAR2_R19_CONF_04_886004__T6_transport_medium_outcome,48,48,2.149999999999998,False,,439f8ca6b534c13c8826fa861faa7455594dab15cbf17571aac04462006a3531
L2RAR2_R19_CONF_04_886004__T6_transport_medium_outcome,49,49,2.199999999999997,False,,989c28b74f88657a2a9d683587019c7e05fef1638f9471e400678c82d9054d87
L2RAR2_R19_CONF_04_886004__T6_transport_medium_outcome,50,50,2.249999999999996,False,,ae108bfcbde4c71399b1f96dc261873cff00e5dd9ac5c3b2d567ca63624755e1
L2RAR2_R19_CONF_04_886004__T6_transport_medium_outcome,51,51,2.299999999999995,False,,fe825f067e6759b661fcf1443b45c0cf3e3b169165124eb3703fa35b3a2a58f5
L2RAR2_R19_CONF_04_886004__T6_transport_medium_outcome,52,52,2.349999999999994,False,,9bee3d67ef11fc2b15fa83d2e12acb2ad77098de42798d05f463ce16badcba07
L2RAR2_R19_CONF_04_886004__T6_transport_medium_outcome,53,53,2.399999999999993,False,,41c7f8e9bcf97892c4abb411a42691da38667593d66a18206751ff365005515f
L2RAR2_R19_CONF_04_886004__T6_transport_medium_outcome,54,54,2.4499999999999917,False,,3347aa72bb8e539f43690ddb202b4d4997b662ce181a33b9cf24e10138e95537
L2RAR2_R19_CONF_04_886004__T6_transport_medium_outcome,55,55,2.4999999999999907,False,,8e0d4f92c5c4360c8dc1c134057a5d0a0fa9232cfec0cecf8dc42de99e210a1c
L2RAR2_R19_CONF_04_886004__T6_transport_medium_outcome,56,56,2.5499999999999896,False,,7f7ea09d2dcc3e60d06d446ba713eef92cbd60f98bef6798ba6680a65cef3518
L2RAR2_R19_CONF_04_886004__T6_transport_medium_outcome,57,57,2.5999999999999885,False,,43c85f575322d686d57c020ad5be36c9bca3a5e0cbba9d16b7a1bb247965733c
L2RAR2_R19_CONF_04_886004__T6_transport_medium_outcome,58,58,2.6499999999999875,False,,40eb94e7f9113cdafb2337318b8820d5c25038d659bbc6564061fc4ffc36b733
L2RAR2_R19_CONF_04_886004__T6_transport_medium_outcome,59,59,2.6999999999999864,False,,862757d022763026fee16323d960d7c0004b8e3cc351ee8b7863da5b6ba89c8c
L2RAR2_R19_CONF_04_886004__T6_transport_medium_outcome,60,60,2.719999999999986,False,,c9dcc936da8c0194a5f0e59f711cb83f8bd06bb64ddec8a9b8426f81a628a8d1
L2RAR2_R19_CONF_04_886004__T7_transport_strong_phase_00ms,0,0,0.0,False,,b75428c7df870c23dee7242ed095b67430b0e4e54ecbac45a70591ac1b0344f0
L2RAR2_R19_CONF_04_886004__T7_transport_strong_phase_00ms,1,1,0.05,False,,743655ea3789838a374b2b803e0597ef93e2e2a1b33cf28a53a6221ddabed46d
L2RAR2_R19_CONF_04_886004__T7_transport_strong_phase_00ms,2,2,0.09999999999999999,False,,bd0b2111fe2951a97f24ec41f3f690771e5ccd6799fab48364c3b52fb52fca14
L2RAR2_R19_CONF_04_886004__T7_transport_strong_phase_00ms,3,3,0.15,False,,fc6a9cdd52156155a346a65cfb8148b4f144987d9dc11fa456f66e607c01977b
L2RAR2_R19_CONF_04_886004__T7_transport_strong_phase_00ms,4,4,0.20000000000000004,False,,fcc4ea35ced83b36fd3a6366c12791ce8e501b133157dabc237a4f4055db05f7
L2RAR2_R19_CONF_04_886004__T7_transport_strong_phase_00ms,5,5,0.20000000000000004,False,,fcc4ea35ced83b36fd3a6366c12791ce8e501b133157dabc237a4f4055db05f7
L2RAR2_R19_CONF_04_886004__T7_transport_strong_phase_00ms,6,6,0.25000000000000006,False,,65342e687656b1b23e52f08614f3c65cf8d178779716d917c5e0b3f21029026f
L2RAR2_R19_CONF_04_886004__T7_transport_strong_phase_00ms,7,7,0.3000000000000001,False,,42f242168dc4d4f89cb9271cdd8659a48b7362adc61f32ce026088856aff715a
L2RAR2_R19_CONF_04_886004__T7_transport_strong_phase_00ms,8,8,0.3000000000000001,False,,42f242168dc4d4f89cb9271cdd8659a48b7362adc61f32ce026088856aff715a
L2RAR2_R19_CONF_04_886004__T7_transport_strong_phase_00ms,9,9,0.35000000000000014,False,,a7a2427664c26ee0115d390de477f3c08c426ad5db5805c1b69d135094b64fc7
L2RAR2_R19_CONF_04_886004__T7_transport_strong_phase_00ms,10,10,0.4000000000000002,False,,56ac449868512a1dc2dee6193906dbdf1b6dc0e104b07f64e5a8aabcb81aa42d
L2RAR2_R19_CONF_04_886004__T7_transport_strong_phase_00ms,11,11,0.45000000000000023,False,,610a5f50f7cabe181bb8128e603bb6bf1773a9b4923dfbf32625c1ffc9a23418
L2RAR2_R19_CONF_04_886004__T7_transport_strong_phase_00ms,12,12,0.5000000000000002,False,,ae531aab882e1673a158708ff08108f64484b51b8e457b29165c88f9c1a10ed0
L2RAR2_R19_CONF_04_886004__T7_transport_strong_phase_00ms,13,13,0.5000000000000002,False,,ae531aab882e1673a158708ff08108f64484b51b8e457b29165c88f9c1a10ed0
L2RAR2_R19_CONF_04_886004__T7_transport_strong_phase_00ms,14,14,0.5500000000000003,False,,a03601d6b5451bee184fa84666cf7279ab1d93942a68b7e9b83294e7e0e188b2
L2RAR2_R19_CONF_04_886004__T7_transport_strong_phase_00ms,15,15,0.6000000000000003,False,,dced0c49113787422da9d918da68f648dc5d6bdb987f6b5fb81656b474b9c66d
L2RAR2_R19_CONF_04_886004__T7_transport_strong_phase_00ms,16,16,0.6500000000000004,False,,9273111fab310f865cd6c2b8b642bac2545466bd5f04698b961f2fb7889d1ebf
L2RAR2_R19_CONF_04_886004__T7_transport_strong_phase_00ms,17,17,0.7000000000000004,False,,b421d6eba533a05aeb83cc13e1004efd177aa973abcb48edab1eef8453fd2c6b
L2RAR2_R19_CONF_04_886004__T7_transport_strong_phase_00ms,18,18,0.7500000000000004,False,,1270e572d45e2299c36a46e7bf1cebe8c98f44c5d84d167208f952d374d9bd5a
L2RAR2_R19_CONF_04_886004__T7_transport_strong_phase_00ms,19,19,0.8000000000000005,False,,533781f99ecb7abcb967fc25c9a7acd206a2f34a7712004ec1a035f9952079f7
L2RAR2_R19_CONF_04_886004__T7_transport_strong_phase_00ms,20,20,0.8500000000000005,False,,fcde708ac89a7d3f3aee688f6686ef03d3e1281172ca42c6c76ff714a3d8a9dd
L2RAR2_R19_CONF_04_886004__T7_transport_strong_phase_00ms,21,21,0.9000000000000006,False,,3d57bd601b1c66356bf6a211d9a38389422c1af31adcd79a6e5936aa1b573076
L2RAR2_R19_CONF_04_886004__T7_transport_strong_phase_00ms,22,22,0.9500000000000006,False,,a711af660a75611dbec0090d0d506a43a565464d295c487e4f89babec64078a6
L2RAR2_R19_CONF_04_886004__T7_transport_strong_phase_00ms,23,23,1.0000000000000007,False,,34dc1fb169620f96169ab38951511c5a3e82a2c9dd0d71e1290c63757c65073f
L2RAR2_R19_CONF_04_886004__T7_transport_strong_phase_00ms,24,24,1.0500000000000007,False,,7c7edb67b2da962e3e5457ebcfc0a7748057461a8226bd25749c56c4aaffd6c6
L2RAR2_R19_CONF_04_886004__T7_transport_strong_phase_00ms,25,25,1.1000000000000008,False,,a101e0289389cead3071bf0f728c5e65a908ce718de9d1ccd8f1e0e080137083
L2RAR2_R19_CONF_04_886004__T7_transport_strong_phase_00ms,26,26,1.1500000000000008,False,,8a0027b4af771d845ad6baaf1df218073077607af7385273d3ae8a37c14067d4
L2RAR2_R19_CONF_04_886004__T7_transport_strong_phase_00ms,27,27,1.2000000000000008,False,,bdc114b1dec36deb67b168014aa7733d07bb346aa3b6a5701ea7068157e95cc0
L2RAR2_R19_CONF_04_886004__T7_transport_strong_phase_00ms,28,28,1.2500000000000009,False,,e518f0deffb9e86b76b9be643a8f044de5ab168485dcad78abcf5333d69fe680
L2RAR2_R19_CONF_04_886004__T7_transport_strong_phase_00ms,29,29,1.300000000000001,False,,0d89713006288845f33c76c96f099f6b2327319e4dbed717a7ef467164638aa7
L2RAR2_R19_CONF_04_886004__T7_transport_strong_phase_00ms,30,30,1.350000000000001,False,,3e97a2934f54040b677917c43b515e4078114d4b369d36f21b1d4de681401b41
L2RAR2_R19_CONF_04_886004__T7_transport_strong_phase_00ms,31,31,1.400000000000001,False,,88b2b81dd5d7a22f4fdb9ee0d09bf4bba9bb67f1006cbae92f59ba699bb76db5
L2RAR2_R19_CONF_04_886004__T7_transport_strong_phase_00ms,32,32,1.450000000000001,False,,0a45d085c277c52379a15d587c8ef4c79942966281505fbaecac6264eb8c8dd2
L2RAR2_R19_CONF_04_886004__T7_transport_strong_phase_00ms,33,33,1.500000000000001,False,,9081d8b04afcdf2420d1ed226435e0ff74d0aa885166ed2469125422b45b06cb
L2RAR2_R19_CONF_04_886004__T7_transport_strong_phase_00ms,34,34,1.500000000000001,False,,dd7cef0ee7af2215636eba3f03b2df2d75294d21199d30208eb96a65a4744e26
L2RAR2_R19_CONF_04_886004__T7_transport_strong_phase_00ms,35,35,1.5500000000000012,False,,6786297635d0266901fde32bc573ce23e292428027a1b71c7afba9572cda65c6
L2RAR2_R19_CONF_04_886004__T7_transport_strong_phase_00ms,36,36,1.6000000000000012,False,,a120e468b5b05856c837674b65a93103fedc3061a49aa4b67fadfc245435f0f1
L2RAR2_R19_CONF_04_886004__T7_transport_strong_phase_00ms,37,37,1.6500000000000012,False,,8ef2e8acba258100b744cc876c7e2f2a47d28a60d11d9412800d3cb09bafd6f7
L2RAR2_R19_CONF_04_886004__T7_transport_strong_phase_00ms,38,38,1.7000000000000013,False,,4287ccf336bf2e3913081c956bee457bd0ff78d569671b03ab294e9a42425a64
L2RAR2_R19_CONF_04_886004__T7_transport_strong_phase_00ms,39,39,1.7000000000000013,False,,4287ccf336bf2e3913081c956bee457bd0ff78d569671b03ab294e9a42425a64
L2RAR2_R19_CONF_04_886004__T7_transport_strong_phase_00ms,40,40,1.7500000000000013,False,,8b38b2c6ca367bccce0431df7cfb2f167a4747b1483db217c27c331ab673b17a
L2RAR2_R19_CONF_04_886004__T7_transport_strong_phase_00ms,41,41,1.8000000000000014,False,,838f02b749281f06c0ebe2939c7fd64b5eec822083a1756f7cae5a57dfcfcf55
L2RAR2_R19_CONF_04_886004__T7_transport_strong_phase_00ms,42,42,1.8500000000000014,False,,335bb80e94e71f0980b95d7b4b015fa59fb73ebe5ce589e1e543ba873598e81d
L2RAR2_R19_CONF_04_886004__T7_transport_strong_phase_00ms,43,43,1.9000000000000015,False,,dfe3a930f5b3ef154a2367f3a81a89937cf0dbe59ef642547c22f9c6a2763824
L2RAR2_R19_CONF_04_886004__T7_transport_strong_phase_00ms,44,44,1.9500000000000015,False,,dca38f7947552eadbf3f7d5e5253f65c884784ccfa555a8205b10cdd0946e4ab
L2RAR2_R19_CONF_04_886004__T7_transport_strong_phase_00ms,45,45,2.0000000000000013,False,,5a764d366c857cff98f577b20fea926c704975ba013cc957ccfe191a0044560c
L2RAR2_R19_CONF_04_886004__T7_transport_strong_phase_00ms,46,46,2.0500000000000003,False,,eb977a773bab92f782cf2a0fa06399bbbac4a990eb10fa228b72c620ba15111e
L2RAR2_R19_CONF_04_886004__T7_transport_strong_phase_00ms,47,47,2.099999999999999,False,,a51eca21af8ef25fcc467b2c6058f57d992de3bd614285e7ca9baab57ec0ec14
L2RAR2_R19_CONF_04_886004__T7_transport_strong_phase_00ms,48,48,2.149999999999998,False,,42fe250ff5f61394b9b67ea471020f505a447bad52b887a0a31b6006a881cdca
L2RAR2_R19_CONF_04_886004__T7_transport_strong_phase_00ms,49,49,2.199999999999997,False,,3c9a261cb88bcb77fdda530615aa3f2d86eda484d97da62255dd5cc1c4e012d6
L2RAR2_R19_CONF_04_886004__T7_transport_strong_phase_00ms,50,50,2.249999999999996,False,,c5f2631dbd97bd4d6c6332a6b11322cc54f5a6b5cfd6eecfd4f7112386409344
L2RAR2_R19_CONF_04_886004__T7_transport_strong_phase_00ms,51,51,2.299999999999995,False,,c574b4b912ce401921fede9d0df3fbf46458667e68e2fc4a35cf2ec2b29958f1
L2RAR2_R19_CONF_04_886004__T7_transport_strong_phase_00ms,52,52,2.349999999999994,False,,b36a574573398d82a26e962c3f55543b921b2c870cd3182048ec69c0a6544579
L2RAR2_R19_CONF_04_886004__T7_transport_strong_phase_00ms,53,53,2.399999999999993,False,,dd53b4cee871cfaa7b00b9191a23f34f98a1fd42f30e33a091f8db921cd7cf2a
L2RAR2_R19_CONF_04_886004__T7_transport_strong_phase_00ms,54,54,2.4499999999999917,False,,4606de4468c91035d2df5cdf962864e1b0dccac1be1d392007c3e765dc332d6b
L2RAR2_R19_CONF_04_886004__T7_transport_strong_phase_00ms,55,55,2.4999999999999907,False,,5472b7a0f80dae672f6a04db20463aee0905453ed799e64509519cee2c04e5e9
L2RAR2_R19_CONF_04_886004__T7_transport_strong_phase_00ms,56,56,2.5499999999999896,False,,ddc5ccc27a1513dac393f9334e4d22a0581944aa7bedc80f1bfd0416f224bfbe
L2RAR2_R19_CONF_04_886004__T7_transport_strong_phase_00ms,57,57,2.5999999999999885,False,,3f42e41fc25d98f12fb506e31c43c83dd8ef25c73468baeaf8dda47bf3e8317c
L2RAR2_R19_CONF_04_886004__T7_transport_strong_phase_00ms,58,58,2.6499999999999875,False,,71b42603a30bbe15ef5894b030a7854baea0464c8e58be072c482acc38b01633
L2RAR2_R19_CONF_04_886004__T7_transport_strong_phase_00ms,59,59,2.6999999999999864,False,,9a17e8043ece6bd050e32ac41311025caed4c190c0eff5e26e47ff4df09cd02f
L2RAR2_R19_CONF_04_886004__T7_transport_strong_phase_00ms,60,60,2.6999999999999864,False,,9a17e8043ece6bd050e32ac41311025caed4c190c0eff5e26e47ff4df09cd02f
L2RAR2_R19_CONF_04_886004__T8_transport_strong_phase_10ms,0,0,0.0,False,,b75428c7df870c23dee7242ed095b67430b0e4e54ecbac45a70591ac1b0344f0
L2RAR2_R19_CONF_04_886004__T8_transport_strong_phase_10ms,1,1,0.05,False,,743655ea3789838a374b2b803e0597ef93e2e2a1b33cf28a53a6221ddabed46d
L2RAR2_R19_CONF_04_886004__T8_transport_strong_phase_10ms,2,2,0.09999999999999999,False,,bd0b2111fe2951a97f24ec41f3f690771e5ccd6799fab48364c3b52fb52fca14
L2RAR2_R19_CONF_04_886004__T8_transport_strong_phase_10ms,3,3,0.15,False,,fc6a9cdd52156155a346a65cfb8148b4f144987d9dc11fa456f66e607c01977b
L2RAR2_R19_CONF_04_886004__T8_transport_strong_phase_10ms,4,4,0.20000000000000004,False,,fcc4ea35ced83b36fd3a6366c12791ce8e501b133157dabc237a4f4055db05f7
L2RAR2_R19_CONF_04_886004__T8_transport_strong_phase_10ms,5,5,0.20000000000000004,False,,fcc4ea35ced83b36fd3a6366c12791ce8e501b133157dabc237a4f4055db05f7
L2RAR2_R19_CONF_04_886004__T8_transport_strong_phase_10ms,6,6,0.25000000000000006,False,,65342e687656b1b23e52f08614f3c65cf8d178779716d917c5e0b3f21029026f
L2RAR2_R19_CONF_04_886004__T8_transport_strong_phase_10ms,7,7,0.3000000000000001,False,,42f242168dc4d4f89cb9271cdd8659a48b7362adc61f32ce026088856aff715a
L2RAR2_R19_CONF_04_886004__T8_transport_strong_phase_10ms,8,8,0.3000000000000001,False,,42f242168dc4d4f89cb9271cdd8659a48b7362adc61f32ce026088856aff715a
L2RAR2_R19_CONF_04_886004__T8_transport_strong_phase_10ms,9,9,0.35000000000000014,False,,a7a2427664c26ee0115d390de477f3c08c426ad5db5805c1b69d135094b64fc7
L2RAR2_R19_CONF_04_886004__T8_transport_strong_phase_10ms,10,10,0.4000000000000002,False,,56ac449868512a1dc2dee6193906dbdf1b6dc0e104b07f64e5a8aabcb81aa42d
L2RAR2_R19_CONF_04_886004__T8_transport_strong_phase_10ms,11,11,0.45000000000000023,False,,610a5f50f7cabe181bb8128e603bb6bf1773a9b4923dfbf32625c1ffc9a23418
L2RAR2_R19_CONF_04_886004__T8_transport_strong_phase_10ms,12,12,0.5000000000000002,False,,ae531aab882e1673a158708ff08108f64484b51b8e457b29165c88f9c1a10ed0
L2RAR2_R19_CONF_04_886004__T8_transport_strong_phase_10ms,13,13,0.5000000000000002,False,,ae531aab882e1673a158708ff08108f64484b51b8e457b29165c88f9c1a10ed0
L2RAR2_R19_CONF_04_886004__T8_transport_strong_phase_10ms,14,14,0.5500000000000003,False,,a03601d6b5451bee184fa84666cf7279ab1d93942a68b7e9b83294e7e0e188b2
L2RAR2_R19_CONF_04_886004__T8_transport_strong_phase_10ms,15,15,0.6000000000000003,False,,dced0c49113787422da9d918da68f648dc5d6bdb987f6b5fb81656b474b9c66d
L2RAR2_R19_CONF_04_886004__T8_transport_strong_phase_10ms,16,16,0.6500000000000004,False,,9273111fab310f865cd6c2b8b642bac2545466bd5f04698b961f2fb7889d1ebf
L2RAR2_R19_CONF_04_886004__T8_transport_strong_phase_10ms,17,17,0.7000000000000004,False,,b421d6eba533a05aeb83cc13e1004efd177aa973abcb48edab1eef8453fd2c6b
L2RAR2_R19_CONF_04_886004__T8_transport_strong_phase_10ms,18,18,0.7500000000000004,False,,1270e572d45e2299c36a46e7bf1cebe8c98f44c5d84d167208f952d374d9bd5a
L2RAR2_R19_CONF_04_886004__T8_transport_strong_phase_10ms,19,19,0.8000000000000005,False,,533781f99ecb7abcb967fc25c9a7acd206a2f34a7712004ec1a035f9952079f7
L2RAR2_R19_CONF_04_886004__T8_transport_strong_phase_10ms,20,20,0.8500000000000005,False,,fcde708ac89a7d3f3aee688f6686ef03d3e1281172ca42c6c76ff714a3d8a9dd
L2RAR2_R19_CONF_04_886004__T8_transport_strong_phase_10ms,21,21,0.9000000000000006,False,,3d57bd601b1c66356bf6a211d9a38389422c1af31adcd79a6e5936aa1b573076
L2RAR2_R19_CONF_04_886004__T8_transport_strong_phase_10ms,22,22,0.9500000000000006,False,,a711af660a75611dbec0090d0d506a43a565464d295c487e4f89babec64078a6
L2RAR2_R19_CONF_04_886004__T8_transport_strong_phase_10ms,23,23,1.0000000000000007,False,,34dc1fb169620f96169ab38951511c5a3e82a2c9dd0d71e1290c63757c65073f
L2RAR2_R19_CONF_04_886004__T8_transport_strong_phase_10ms,24,24,1.0500000000000007,False,,7c7edb67b2da962e3e5457ebcfc0a7748057461a8226bd25749c56c4aaffd6c6
L2RAR2_R19_CONF_04_886004__T8_transport_strong_phase_10ms,25,25,1.1000000000000008,False,,a101e0289389cead3071bf0f728c5e65a908ce718de9d1ccd8f1e0e080137083
L2RAR2_R19_CONF_04_886004__T8_transport_strong_phase_10ms,26,26,1.1500000000000008,False,,8a0027b4af771d845ad6baaf1df218073077607af7385273d3ae8a37c14067d4
L2RAR2_R19_CONF_04_886004__T8_transport_strong_phase_10ms,27,27,1.2000000000000008,False,,bdc114b1dec36deb67b168014aa7733d07bb346aa3b6a5701ea7068157e95cc0
L2RAR2_R19_CONF_04_886004__T8_transport_strong_phase_10ms,28,28,1.2500000000000009,False,,e518f0deffb9e86b76b9be643a8f044de5ab168485dcad78abcf5333d69fe680
L2RAR2_R19_CONF_04_886004__T8_transport_strong_phase_10ms,29,29,1.300000000000001,False,,0d89713006288845f33c76c96f099f6b2327319e4dbed717a7ef467164638aa7
L2RAR2_R19_CONF_04_886004__T8_transport_strong_phase_10ms,30,30,1.350000000000001,False,,bc102b1c244ee153fdf3aef8ab29ce5e7ee51c42d245b354c296faf3719c682b
L2RAR2_R19_CONF_04_886004__T8_transport_strong_phase_10ms,31,31,1.400000000000001,False,,ea156b39a0763a608c491df810739a85aec6fd298ce623de86416b1bc07af06e
L2RAR2_R19_CONF_04_886004__T8_transport_strong_phase_10ms,32,32,1.450000000000001,False,,84510c95eea885629801ab841a7a8234c22ca83b2303bb1c72556db37b448c80
L2RAR2_R19_CONF_04_886004__T8_transport_strong_phase_10ms,33,33,1.500000000000001,False,,f5a84747e6a1a1124851a4e690147d18dc551f2da86437dcdf955d9927db5c29
L2RAR2_R19_CONF_04_886004__T8_transport_strong_phase_10ms,34,34,1.5100000000000011,False,,fd7cdf4a22d1cf7ec696a5e6f23830e69025532528a38ae176c84a6043d0fb2f
L2RAR2_R19_CONF_04_886004__T8_transport_strong_phase_10ms,35,35,1.5500000000000012,False,,e514427544db6f9a8bb318e3e8ab3febf6240dce49bc553d1b81c01377326905
L2RAR2_R19_CONF_04_886004__T8_transport_strong_phase_10ms,36,36,1.6000000000000012,False,,4385834f388f2f0d8d053e68300c31af8be6b4122b3e234116f21e8bac4ba720
L2RAR2_R19_CONF_04_886004__T8_transport_strong_phase_10ms,37,37,1.6500000000000012,False,,c877e63b38f20790fe09d9ae6b353a9a5cfe4db3b7554297c6d550cf7eafb0b5
L2RAR2_R19_CONF_04_886004__T8_transport_strong_phase_10ms,38,38,1.7000000000000013,False,,05dc39c86687151b520a593a18c4be4576f4d3f0e7494dd3a6fe6e53988d994a
L2RAR2_R19_CONF_04_886004__T8_transport_strong_phase_10ms,39,39,1.7100000000000013,False,,cb1261c2ce2fb2517de8333cbbc93ebe97e32a49aa9a24f142bd32f4a5363341
L2RAR2_R19_CONF_04_886004__T8_transport_strong_phase_10ms,40,40,1.7500000000000013,False,,18b29ed36e068ba7508bcc0a8e4d0b10997275b12434051d372ad8853d25c501
L2RAR2_R19_CONF_04_886004__T8_transport_strong_phase_10ms,41,41,1.8000000000000014,False,,887e05dbd60daf6311e1518d977d830715568a8b73e34630be8fec12e1e7a10f
L2RAR2_R19_CONF_04_886004__T8_transport_strong_phase_10ms,42,42,1.8500000000000014,False,,b24444d61c64d4dd5e86702526c702110d494804bcb76cf2e162bf87b5efc8bf
L2RAR2_R19_CONF_04_886004__T8_transport_strong_phase_10ms,43,43,1.9000000000000015,False,,7c97b3b1dfdca50cbefaaa95cc93fb921456a1d22ce0ac823db1c75504e8aac8
L2RAR2_R19_CONF_04_886004__T8_transport_strong_phase_10ms,44,44,1.9500000000000015,False,,bc0f6d841c2e641b9097dd0971976f15eb73caccc4ead0d0005e699c2ef5b5f4
L2RAR2_R19_CONF_04_886004__T8_transport_strong_phase_10ms,45,45,2.0000000000000013,False,,6c480017105dbd7512fcec7ea5b0f4b7e1990e105751fac5837a0bf9006e6605
L2RAR2_R19_CONF_04_886004__T8_transport_strong_phase_10ms,46,46,2.0500000000000003,False,,f8bfb7a63cf8dbaf90718eadd23fbd15f6ee4f68dd93279cfc5e251adf03be45
L2RAR2_R19_CONF_04_886004__T8_transport_strong_phase_10ms,47,47,2.099999999999999,False,,32e39991403febce7ae74e56c49a4dd094d355be23a2fffdd291972a2aaff593
L2RAR2_R19_CONF_04_886004__T8_transport_strong_phase_10ms,48,48,2.149999999999998,False,,d985a8235fc39c072ce0b5fb233997d2683c376690a1776b17377a1b5ff515f2
L2RAR2_R19_CONF_04_886004__T8_transport_strong_phase_10ms,49,49,2.199999999999997,False,,b19dc86371745b3bef1280da7720bd7355d8ee81b68fdb43cc79bd13a3cf45ca
L2RAR2_R19_CONF_04_886004__T8_transport_strong_phase_10ms,50,50,2.249999999999996,False,,1882621af96df65559eb11f97652bbb9c2984d9d7661414b1b45794642bb4c4e
L2RAR2_R19_CONF_04_886004__T8_transport_strong_phase_10ms,51,51,2.299999999999995,False,,ad7bea5c341d36ebb083c270238201b358dbf6b8018881f201edd7f3e6c5993e
L2RAR2_R19_CONF_04_886004__T8_transport_strong_phase_10ms,52,52,2.349999999999994,False,,38b920451006b3d40cb2a05e4d697132e14e89e12e7f042cbd66ee7dc5633fd5
L2RAR2_R19_CONF_04_886004__T8_transport_strong_phase_10ms,53,53,2.399999999999993,False,,ef9b60d996111991b573580d703392157da13900090edcea0bb8498b578ae99e
L2RAR2_R19_CONF_04_886004__T8_transport_strong_phase_10ms,54,54,2.4499999999999917,False,,362222f3c72e8c25fe96e0deb10056b7648738d80a3be02e038aa151bed8591f
L2RAR2_R19_CONF_04_886004__T8_transport_strong_phase_10ms,55,55,2.4999999999999907,False,,ef55e91a967114d2e44c64f752d4061016e6b786ee5772c8ef9d982b2f9361a3
L2RAR2_R19_CONF_04_886004__T8_transport_strong_phase_10ms,56,56,2.5499999999999896,False,,f3302f0bd8a611b83baed21de4ace413584a41a7d870f1052cb2cb5e0e05385b
L2RAR2_R19_CONF_04_886004__T8_transport_strong_phase_10ms,57,57,2.5999999999999885,False,,0290407fa9a5f224ca4bc71123912f15f3841f006c8c60534b1a2abc1e19b287
L2RAR2_R19_CONF_04_886004__T8_transport_strong_phase_10ms,58,58,2.6499999999999875,False,,03e3d514e0f6a573de9639ece583ec4b5fa1f0574da6fb1830bfff50814b4e36
L2RAR2_R19_CONF_04_886004__T8_transport_strong_phase_10ms,59,59,2.6999999999999864,False,,1327be58f8c0e2c20f876fd14e29e193300117761f0be1920dbc97a430af117f
L2RAR2_R19_CONF_04_886004__T8_transport_strong_phase_10ms,60,60,2.709999999999986,False,,5722917f6994753a2fe9712b623bb60042d41e9a865b664f74390df0caf70a43
L2RAR2_R19_CONF_04_886004__T9_transport_strong_phase_20ms,0,0,0.0,False,,b75428c7df870c23dee7242ed095b67430b0e4e54ecbac45a70591ac1b0344f0
L2RAR2_R19_CONF_04_886004__T9_transport_strong_phase_20ms,1,1,0.05,False,,743655ea3789838a374b2b803e0597ef93e2e2a1b33cf28a53a6221ddabed46d
L2RAR2_R19_CONF_04_886004__T9_transport_strong_phase_20ms,2,2,0.09999999999999999,False,,bd0b2111fe2951a97f24ec41f3f690771e5ccd6799fab48364c3b52fb52fca14
L2RAR2_R19_CONF_04_886004__T9_transport_strong_phase_20ms,3,3,0.15,False,,fc6a9cdd52156155a346a65cfb8148b4f144987d9dc11fa456f66e607c01977b
L2RAR2_R19_CONF_04_886004__T9_transport_strong_phase_20ms,4,4,0.20000000000000004,False,,fcc4ea35ced83b36fd3a6366c12791ce8e501b133157dabc237a4f4055db05f7
L2RAR2_R19_CONF_04_886004__T9_transport_strong_phase_20ms,5,5,0.20000000000000004,False,,fcc4ea35ced83b36fd3a6366c12791ce8e501b133157dabc237a4f4055db05f7
L2RAR2_R19_CONF_04_886004__T9_transport_strong_phase_20ms,6,6,0.25000000000000006,False,,65342e687656b1b23e52f08614f3c65cf8d178779716d917c5e0b3f21029026f
L2RAR2_R19_CONF_04_886004__T9_transport_strong_phase_20ms,7,7,0.3000000000000001,False,,42f242168dc4d4f89cb9271cdd8659a48b7362adc61f32ce026088856aff715a
L2RAR2_R19_CONF_04_886004__T9_transport_strong_phase_20ms,8,8,0.3000000000000001,False,,42f242168dc4d4f89cb9271cdd8659a48b7362adc61f32ce026088856aff715a
L2RAR2_R19_CONF_04_886004__T9_transport_strong_phase_20ms,9,9,0.35000000000000014,False,,a7a2427664c26ee0115d390de477f3c08c426ad5db5805c1b69d135094b64fc7
L2RAR2_R19_CONF_04_886004__T9_transport_strong_phase_20ms,10,10,0.4000000000000002,False,,56ac449868512a1dc2dee6193906dbdf1b6dc0e104b07f64e5a8aabcb81aa42d
L2RAR2_R19_CONF_04_886004__T9_transport_strong_phase_20ms,11,11,0.45000000000000023,False,,610a5f50f7cabe181bb8128e603bb6bf1773a9b4923dfbf32625c1ffc9a23418
L2RAR2_R19_CONF_04_886004__T9_transport_strong_phase_20ms,12,12,0.5000000000000002,False,,ae531aab882e1673a158708ff08108f64484b51b8e457b29165c88f9c1a10ed0
L2RAR2_R19_CONF_04_886004__T9_transport_strong_phase_20ms,13,13,0.5000000000000002,False,,ae531aab882e1673a158708ff08108f64484b51b8e457b29165c88f9c1a10ed0
L2RAR2_R19_CONF_04_886004__T9_transport_strong_phase_20ms,14,14,0.5500000000000003,False,,a03601d6b5451bee184fa84666cf7279ab1d93942a68b7e9b83294e7e0e188b2
L2RAR2_R19_CONF_04_886004__T9_transport_strong_phase_20ms,15,15,0.6000000000000003,False,,dced0c49113787422da9d918da68f648dc5d6bdb987f6b5fb81656b474b9c66d
L2RAR2_R19_CONF_04_886004__T9_transport_strong_phase_20ms,16,16,0.6500000000000004,False,,9273111fab310f865cd6c2b8b642bac2545466bd5f04698b961f2fb7889d1ebf
L2RAR2_R19_CONF_04_886004__T9_transport_strong_phase_20ms,17,17,0.7000000000000004,False,,b421d6eba533a05aeb83cc13e1004efd177aa973abcb48edab1eef8453fd2c6b
L2RAR2_R19_CONF_04_886004__T9_transport_strong_phase_20ms,18,18,0.7500000000000004,False,,1270e572d45e2299c36a46e7bf1cebe8c98f44c5d84d167208f952d374d9bd5a
L2RAR2_R19_CONF_04_886004__T9_transport_strong_phase_20ms,19,19,0.8000000000000005,False,,533781f99ecb7abcb967fc25c9a7acd206a2f34a7712004ec1a035f9952079f7
L2RAR2_R19_CONF_04_886004__T9_transport_strong_phase_20ms,20,20,0.8500000000000005,False,,fcde708ac89a7d3f3aee688f6686ef03d3e1281172ca42c6c76ff714a3d8a9dd
L2RAR2_R19_CONF_04_886004__T9_transport_strong_phase_20ms,21,21,0.9000000000000006,False,,3d57bd601b1c66356bf6a211d9a38389422c1af31adcd79a6e5936aa1b573076
L2RAR2_R19_CONF_04_886004__T9_transport_strong_phase_20ms,22,22,0.9500000000000006,False,,a711af660a75611dbec0090d0d506a43a565464d295c487e4f89babec64078a6
L2RAR2_R19_CONF_04_886004__T9_transport_strong_phase_20ms,23,23,1.0000000000000007,False,,34dc1fb169620f96169ab38951511c5a3e82a2c9dd0d71e1290c63757c65073f
L2RAR2_R19_CONF_04_886004__T9_transport_strong_phase_20ms,24,24,1.0500000000000007,False,,7c7edb67b2da962e3e5457ebcfc0a7748057461a8226bd25749c56c4aaffd6c6
L2RAR2_R19_CONF_04_886004__T9_transport_strong_phase_20ms,25,25,1.1000000000000008,False,,a101e0289389cead3071bf0f728c5e65a908ce718de9d1ccd8f1e0e080137083
L2RAR2_R19_CONF_04_886004__T9_transport_strong_phase_20ms,26,26,1.1500000000000008,False,,8a0027b4af771d845ad6baaf1df218073077607af7385273d3ae8a37c14067d4
L2RAR2_R19_CONF_04_886004__T9_transport_strong_phase_20ms,27,27,1.2000000000000008,False,,bdc114b1dec36deb67b168014aa7733d07bb346aa3b6a5701ea7068157e95cc0
L2RAR2_R19_CONF_04_886004__T9_transport_strong_phase_20ms,28,28,1.2500000000000009,False,,e518f0deffb9e86b76b9be643a8f044de5ab168485dcad78abcf5333d69fe680
L2RAR2_R19_CONF_04_886004__T9_transport_strong_phase_20ms,29,29,1.300000000000001,False,,0d89713006288845f33c76c96f099f6b2327319e4dbed717a7ef467164638aa7
L2RAR2_R19_CONF_04_886004__T9_transport_strong_phase_20ms,30,30,1.350000000000001,False,,7a891b6dff79dd9ec8bbaa8173c87f991f7b12651bef8bc593c8b6ea72d4526a
L2RAR2_R19_CONF_04_886004__T9_transport_strong_phase_20ms,31,31,1.400000000000001,False,,be0927fb6ba70579fe3ea34b967f8ef6f65d2c20fb49e41f47182adc8467f22f
L2RAR2_R19_CONF_04_886004__T9_transport_strong_phase_20ms,32,32,1.450000000000001,False,,fad66a70fbaaeb1993a464200716a8714c7646977e573643499ac39a04819de3
L2RAR2_R19_CONF_04_886004__T9_transport_strong_phase_20ms,33,33,1.500000000000001,False,,b84093c5f2bfe65eb6114aadc2ef03a74fcf1d60deaa1522292ccd3bf42dc0aa
L2RAR2_R19_CONF_04_886004__T9_transport_strong_phase_20ms,34,34,1.5200000000000011,False,,864d78063d5833003edd6349e40fedf92daa7389b23cbf9fbe5997a6ece525ca
L2RAR2_R19_CONF_04_886004__T9_transport_strong_phase_20ms,35,35,1.5500000000000012,False,,aa539187bd77706ba464cabed19ba58ff6913444eeb1be33977369ce689641b3
L2RAR2_R19_CONF_04_886004__T9_transport_strong_phase_20ms,36,36,1.6000000000000012,False,,14f867ca078a148b911d18fe2170400db241015b527ad64f1ec2e85f9bfe12c9
L2RAR2_R19_CONF_04_886004__T9_transport_strong_phase_20ms,37,37,1.6500000000000012,False,,459d382d31d894fac8c864902956cf6900460ccf4774f9465f066e4658f273a2
L2RAR2_R19_CONF_04_886004__T9_transport_strong_phase_20ms,38,38,1.7000000000000013,False,,a7872b474b9cbb93e6469c127656c0130ac533573089d1b342d3799d27e72b07
L2RAR2_R19_CONF_04_886004__T9_transport_strong_phase_20ms,39,39,1.7200000000000013,False,,ffaac2168d15a6f25a37b7f9a6ec9d0546bd85cc8364960a668652caae01a2a8
L2RAR2_R19_CONF_04_886004__T9_transport_strong_phase_20ms,40,40,1.7500000000000013,False,,be623a429102ec0643aebfcec864c8994bb0ddf2226e2d437e1f03cab163256f
L2RAR2_R19_CONF_04_886004__T9_transport_strong_phase_20ms,41,41,1.8000000000000014,False,,30faf81406021225c3e2b781bd5305e9f0abbbb3fc57430000b7eb9c717e70cd
L2RAR2_R19_CONF_04_886004__T9_transport_strong_phase_20ms,42,42,1.8500000000000014,False,,3034ca3b88d0a2821686ea31e0e2ff3103e25c987ac052726e592b326ddacdc1
L2RAR2_R19_CONF_04_886004__T9_transport_strong_phase_20ms,43,43,1.9000000000000015,False,,3f68595b5ee78a1b4d5261c948a1decd11bc0ca02cb35bc2576f4e84165c8131
L2RAR2_R19_CONF_04_886004__T9_transport_strong_phase_20ms,44,44,1.9500000000000015,False,,df325fef8238cb1652ff2a0cb0415aa207a04dd7e934f4dc6cf887726056d189
L2RAR2_R19_CONF_04_886004__T9_transport_strong_phase_20ms,45,45,2.0000000000000013,False,,a92b4793ff2d6c112bcd9d8bc6a8945aeb805a492b520fcdb264ef46e1f5f5af
L2RAR2_R19_CONF_04_886004__T9_transport_strong_phase_20ms,46,46,2.0500000000000003,False,,2e72152b467106996e4be7c426a65689941eb2df90f0facbb3e13dadd157f92b
L2RAR2_R19_CONF_04_886004__T9_transport_strong_phase_20ms,47,47,2.099999999999999,False,,80fe246a34e0ebe848de1064169e142af8b69b70846a720af6a0a645f578c99e
L2RAR2_R19_CONF_04_886004__T9_transport_strong_phase_20ms,48,48,2.149999999999998,False,,7145894c47d211801bfcba4a9da867e2ae64d65fbdc2f8c99f6277fa53220e8a
L2RAR2_R19_CONF_04_886004__T9_transport_strong_phase_20ms,49,49,2.199999999999997,False,,aa33dc67cec7a5316c35a3a8126e707790f6c31064c5bdb015798a3fba1f99f9
L2RAR2_R19_CONF_04_886004__T9_transport_strong_phase_20ms,50,50,2.249999999999996,False,,ea852df0f830baba439f7ddabc7556394ed61f712d6c2b62705da10f43019062
L2RAR2_R19_CONF_04_886004__T9_transport_strong_phase_20ms,51,51,2.299999999999995,False,,6be1c87bb39a997808136fdc831921dc190d016ccb1b248b1b3388303d2e79f5
L2RAR2_R19_CONF_04_886004__T9_transport_strong_phase_20ms,52,52,2.349999999999994,False,,935442b13469fed1fa3212b04b05f29d1d2f6baf8bddbb362ac5353d60ddc2d7
L2RAR2_R19_CONF_04_886004__T9_transport_strong_phase_20ms,53,53,2.399999999999993,False,,c07e650388d0fbbc4dd80066334f997c7b4671a1e431aa13c343abd0b2fb03b9
L2RAR2_R19_CONF_04_886004__T9_transport_strong_phase_20ms,54,54,2.4499999999999917,False,,e79c5a9c54a11f2bce7702c293d6374988937abf986b3fcbeae73efb8d0215c0
L2RAR2_R19_CONF_04_886004__T9_transport_strong_phase_20ms,55,55,2.4999999999999907,False,,5ef1a8b01028214fa59318043d6a5ed1d9c8a6b12e4a6991be07d6b72bfde3e0
L2RAR2_R19_CONF_04_886004__T9_transport_strong_phase_20ms,56,56,2.5499999999999896,False,,21d0e524b6decc5169cbf483bb88f8560f4e99804847e6a13a85b405fa5cc43e
L2RAR2_R19_CONF_04_886004__T9_transport_strong_phase_20ms,57,57,2.5999999999999885,False,,4353ac3a09ec7b524b42a0a35e04d8878ddc5d868dc8cd4b499c7f3a0991c0be
L2RAR2_R19_CONF_04_886004__T9_transport_strong_phase_20ms,58,58,2.6499999999999875,False,,9293ecb2c0255ea76e4457a6841bce787ef6f3566cfd944095870677e943752f
L2RAR2_R19_CONF_04_886004__T9_transport_strong_phase_20ms,59,59,2.6999999999999864,False,,11ee3994e1198cf64d34e25337b234c9d2d70d6aadd2a0bb0dc1f6e1d34916e7
L2RAR2_R19_CONF_04_886004__T9_transport_strong_phase_20ms,60,60,2.719999999999986,False,,9b775c5359c04c9f11f27269385047d8aafde643a5495f137a122d9a86aeeb70
L2RAR2_R19_CONF_05_886005__T10_transport_strong_phase_30ms,0,0,0.0,False,,e5e90784a6beb1da9164934c68b24a3c3c72dee2b019d05cd07c06941b3cf91c
L2RAR2_R19_CONF_05_886005__T10_transport_strong_phase_30ms,1,1,0.05,False,,391ab870e04ac5faa3c4c6b7c5d547756b87f66502aadf0d15cc49ccae5c70df
L2RAR2_R19_CONF_05_886005__T10_transport_strong_phase_30ms,2,2,0.09999999999999999,False,,d93c502978e7174eba4d1e6e9be91fd4dfaaec4d041d583ea8bb046545aa2ef7
L2RAR2_R19_CONF_05_886005__T10_transport_strong_phase_30ms,3,3,0.15,False,,330654f67845ce9907a07b29dc8e7527322e80209323edf64c9bc377eee014b1
L2RAR2_R19_CONF_05_886005__T10_transport_strong_phase_30ms,4,4,0.20000000000000004,False,,f78b7e552006d8fc805f4a96b98ceb326408597f6c7bc3b3b4faf9df82fb851a
L2RAR2_R19_CONF_05_886005__T10_transport_strong_phase_30ms,5,5,0.20000000000000004,False,,f78b7e552006d8fc805f4a96b98ceb326408597f6c7bc3b3b4faf9df82fb851a
L2RAR2_R19_CONF_05_886005__T10_transport_strong_phase_30ms,6,6,0.25000000000000006,False,,dda84df1718c5942a7c30998825a5158d5a47875a664f68f651eeaa4b4359e4d
L2RAR2_R19_CONF_05_886005__T10_transport_strong_phase_30ms,7,7,0.3000000000000001,False,,65ef51e012efc83a80e410f769fa2c19eb198e1ed812acc6951e86a4fece45ed
L2RAR2_R19_CONF_05_886005__T10_transport_strong_phase_30ms,8,8,0.3000000000000001,False,,65ef51e012efc83a80e410f769fa2c19eb198e1ed812acc6951e86a4fece45ed
L2RAR2_R19_CONF_05_886005__T10_transport_strong_phase_30ms,9,9,0.35000000000000014,False,,ca7773d45bb872ab29470f612c03c886bd207adbcd179cb4af801c911ab7e53c
L2RAR2_R19_CONF_05_886005__T10_transport_strong_phase_30ms,10,10,0.4000000000000002,False,,518fb202127af2a103c10cf26dd77ccc22df1ee10488b2a821fb4d59737b10d2
L2RAR2_R19_CONF_05_886005__T10_transport_strong_phase_30ms,11,11,0.45000000000000023,False,,0f82e2fcdc87c10a1b790e73d636cbc66d48af46ac8ccadca168c75e4637766f
L2RAR2_R19_CONF_05_886005__T10_transport_strong_phase_30ms,12,12,0.5000000000000002,False,,0e492401906575c3364b00fb1fcf988add3e465a6f899fddd58ea06b3bca34b2
L2RAR2_R19_CONF_05_886005__T10_transport_strong_phase_30ms,13,13,0.5000000000000002,False,,0e492401906575c3364b00fb1fcf988add3e465a6f899fddd58ea06b3bca34b2
L2RAR2_R19_CONF_05_886005__T10_transport_strong_phase_30ms,14,14,0.5500000000000003,False,,bc2e1a4157bbf60fdad4f81b47671ac11d2241a4e1e32a35211be9693b073878
L2RAR2_R19_CONF_05_886005__T10_transport_strong_phase_30ms,15,15,0.6000000000000003,False,,1718e4461e6498a45c11bb3db021a49bf2e40cce721bbbd43d1d8fff4246c254
L2RAR2_R19_CONF_05_886005__T10_transport_strong_phase_30ms,16,16,0.6500000000000004,False,,ccf7813994a8c0fff6f1842cbdd6502b07924c2cd4758a1524b0304cb15d25fd
L2RAR2_R19_CONF_05_886005__T10_transport_strong_phase_30ms,17,17,0.7000000000000004,False,,2726aa0305691859600bf88d17ca457703938a30cb080d470b5fa3a790e10176
L2RAR2_R19_CONF_05_886005__T10_transport_strong_phase_30ms,18,18,0.7500000000000004,False,,da99a1e61f17abe356de87197b36b6eccf698373a86f83760da3d942dbdeff51
L2RAR2_R19_CONF_05_886005__T10_transport_strong_phase_30ms,19,19,0.8000000000000005,False,,9de8328efb04294bc30f4093a9e4d7d6c4fdb435c7637d57a8b30184c3fb5e29
L2RAR2_R19_CONF_05_886005__T10_transport_strong_phase_30ms,20,20,0.8500000000000005,False,,7d506c3181181a187e4767a21f2ed68a14297ce3d8e45e9a1c1b2309512cd240
L2RAR2_R19_CONF_05_886005__T10_transport_strong_phase_30ms,21,21,0.9000000000000006,False,,ade084109accf026c91cceafb10996fd4f0f135e1ea3fa96f6607411888aa59e
L2RAR2_R19_CONF_05_886005__T10_transport_strong_phase_30ms,22,22,0.9500000000000006,False,,64bef5d111b648d0ca1466f70b17a1edeaed539d050f6a4f4a2b86d069832635
L2RAR2_R19_CONF_05_886005__T10_transport_strong_phase_30ms,23,23,1.0000000000000007,False,,a362eeb9a0d9ca4e205e4d1ced95d83024e1e9261b2cb3a7f16a4ba312bc13b4
L2RAR2_R19_CONF_05_886005__T10_transport_strong_phase_30ms,24,24,1.0500000000000007,False,,50eb42b5b728f9416329ca177ca933143f9340e7739c87523faaea5551ad1433
L2RAR2_R19_CONF_05_886005__T10_transport_strong_phase_30ms,25,25,1.1000000000000008,False,,88df748b5856b749f7c7d578b81ad5749cab399bf594871ba86315e1ebf82d4b
L2RAR2_R19_CONF_05_886005__T10_transport_strong_phase_30ms,26,26,1.1500000000000008,False,,6ece63a1102b5acf621a9cdda8bd8b97b48e0a994b3025ac292cf46eda1b0869
L2RAR2_R19_CONF_05_886005__T10_transport_strong_phase_30ms,27,27,1.2000000000000008,False,,97f5df717595851df4ca2d40185e409aa112cebed2f848f0360ee5bac32b7538
L2RAR2_R19_CONF_05_886005__T10_transport_strong_phase_30ms,28,28,1.2500000000000009,False,,7ee7d3256f2c217e4832652dac324cbb31dbd4b854cd83fbb7bb922f45ebe281
L2RAR2_R19_CONF_05_886005__T10_transport_strong_phase_30ms,29,29,1.300000000000001,False,,2d71ed8b4a12cb0957e3805aa8ec114f54466845169e72329850e9161a1fea0b
L2RAR2_R19_CONF_05_886005__T10_transport_strong_phase_30ms,30,30,1.350000000000001,False,,1dfc4bcd6ed61da267e7bcb868ff6b497181625a478a4f2235a9efbd0ddd09f7
L2RAR2_R19_CONF_05_886005__T10_transport_strong_phase_30ms,31,31,1.400000000000001,False,,4444777fd50608eca815744175c3e33a6b211b60601914aa4b5eb3252151493f
L2RAR2_R19_CONF_05_886005__T10_transport_strong_phase_30ms,32,32,1.450000000000001,False,,8b1193d881f67a6c19a5516d90bd3493151bd785cb8641e67efb42ac2cd39816
L2RAR2_R19_CONF_05_886005__T10_transport_strong_phase_30ms,33,33,1.500000000000001,False,,319c7cf7576891ae6c3ba554eaebbed79bbb72682f4f6fc168e8d341e2e57fec
L2RAR2_R19_CONF_05_886005__T10_transport_strong_phase_30ms,34,34,1.5300000000000011,False,,2718c428adcb86ae670e4b71fa48a6f81ea08c958cb47a003215f1efe9341806
L2RAR2_R19_CONF_05_886005__T10_transport_strong_phase_30ms,35,35,1.5500000000000012,False,,b6345148d6381e127538c88c06f25d1a58e96d5524c7d83a07b96a06e602df6d
L2RAR2_R19_CONF_05_886005__T10_transport_strong_phase_30ms,36,36,1.6000000000000012,False,,732ecbbc38fc51e574ebd1c5052dbfcb0e798b0bb44ed85758134215676d9478
L2RAR2_R19_CONF_05_886005__T10_transport_strong_phase_30ms,37,37,1.6500000000000012,False,,742a951497941ba8dbef9bc89f1c0e004da1886cce2b505fffb6aef6571c6ef7
L2RAR2_R19_CONF_05_886005__T10_transport_strong_phase_30ms,38,38,1.7000000000000013,False,,a7618f3bec0e179159268857bbe17c6ed5aef5a5b9a811bbb2a5ecf6b81f4bf2
L2RAR2_R19_CONF_05_886005__T10_transport_strong_phase_30ms,39,39,1.7300000000000013,False,,7241480b740e51b535552f4c61d71e523193b8779174705063a6b2087df72218
L2RAR2_R19_CONF_05_886005__T10_transport_strong_phase_30ms,40,40,1.7500000000000013,False,,7f1a5b7cc528d59287745286b994372b86cd9770062efda7dcf16ed3fadc4a3b
L2RAR2_R19_CONF_05_886005__T10_transport_strong_phase_30ms,41,41,1.8000000000000014,False,,7f54b208b86d73fe9f98ad9c5144860d2ee2cc99026820375b7656d3243e55c5
L2RAR2_R19_CONF_05_886005__T10_transport_strong_phase_30ms,42,42,1.8500000000000014,False,,5c9cdddf3b152b463fe4f552f191bb47523c05dd535ba47a6c3be58ccef3a57b
L2RAR2_R19_CONF_05_886005__T10_transport_strong_phase_30ms,43,43,1.9000000000000015,False,,4189c1597a41c9391d781ce0b5e684679397a8d79ae02a3fcdd31f3ae87c377d
L2RAR2_R19_CONF_05_886005__T10_transport_strong_phase_30ms,44,44,1.9500000000000015,False,,f6861bf7b1823d6058bdc6e48ade9d9852f7aa61ef41082f88238994a2415b2f
L2RAR2_R19_CONF_05_886005__T10_transport_strong_phase_30ms,45,45,2.0000000000000013,False,,51244a7f68c9e8334776c8ab773b88a6953cf5b5c2dbefeb4b60a1d9a2bed8cf
L2RAR2_R19_CONF_05_886005__T10_transport_strong_phase_30ms,46,46,2.0500000000000003,False,,5175b3775461095c04ba7f65ee5b95400fddaa9798e6544e9b9f6700a5782314
L2RAR2_R19_CONF_05_886005__T10_transport_strong_phase_30ms,47,47,2.099999999999999,False,,db050976ca08b7e962384d9053cbc06935eb5b3bddbf4cfaabd9eb363b2709b1
L2RAR2_R19_CONF_05_886005__T10_transport_strong_phase_30ms,48,48,2.149999999999998,False,,c93e8ed69f41e4b8d320f92e7752b4e2bd861c1493dd9206b08d9e5ff14615a9
L2RAR2_R19_CONF_05_886005__T10_transport_strong_phase_30ms,49,49,2.199999999999997,False,,43877226717ad57228ee6b95c7fddf055b002aa3cffa71731523544474db0e2a
L2RAR2_R19_CONF_05_886005__T10_transport_strong_phase_30ms,50,50,2.249999999999996,False,,781187e5e09179815b7343a9ff5e02e2370500ba4f6d220b3ec574d3acbf1ff1
L2RAR2_R19_CONF_05_886005__T10_transport_strong_phase_30ms,51,51,2.299999999999995,False,,4d697278778b2b8eacb5ff2324f6e42aab1e2984fc7cc27ecef747dacba2228c
L2RAR2_R19_CONF_05_886005__T10_transport_strong_phase_30ms,52,52,2.349999999999994,False,,b13546e8252404abf5ac8c05c42ee4b5f0345aa3f01d5a004818bd73c5b8667e
L2RAR2_R19_CONF_05_886005__T10_transport_strong_phase_30ms,53,53,2.399999999999993,False,,305084b970dc9d268ad2c7d3e862bdcc4a6e58bee7f54ecc6b14af6b58d403c8
L2RAR2_R19_CONF_05_886005__T10_transport_strong_phase_30ms,54,54,2.4499999999999917,False,,b0d683846a9d5b96081be71320f88b3239325ea2c92d10c5b3ff5c22bb5ffa3a
L2RAR2_R19_CONF_05_886005__T10_transport_strong_phase_30ms,55,55,2.4999999999999907,False,,6bda8eebe0ff76190ae048781df4638350158120df8645c453e01ee0559406b1
L2RAR2_R19_CONF_05_886005__T10_transport_strong_phase_30ms,56,56,2.5499999999999896,False,,99ce3c41e43ad912d584d75ff349566d3ab47d382e0f12b94bcfd3109181d69c
L2RAR2_R19_CONF_05_886005__T10_transport_strong_phase_30ms,57,57,2.5999999999999885,False,,588d8f640f65a637391e11d186d595a08302282592efce792731fd8614680857
L2RAR2_R19_CONF_05_886005__T10_transport_strong_phase_30ms,58,58,2.6499999999999875,False,,701776376edba49bdcd66e33ae59961ad9e5c522c57460cab8f4cb7958bb3a71
L2RAR2_R19_CONF_05_886005__T10_transport_strong_phase_30ms,59,59,2.6999999999999864,False,,140c7e7946fb7f6a5aa43567b8658dfc3a93309d87f453efcc6a7445bc18e5c5
L2RAR2_R19_CONF_05_886005__T10_transport_strong_phase_30ms,60,60,2.7299999999999858,False,,5dbbe357c4561298e53ed45d14f3c0060b55c047f43e6484ca785776f7dee8c7
L2RAR2_R19_CONF_05_886005__T11_transport_strong_phase_40ms_rgb_dropout,0,0,0.0,False,,e5e90784a6beb1da9164934c68b24a3c3c72dee2b019d05cd07c06941b3cf91c
L2RAR2_R19_CONF_05_886005__T11_transport_strong_phase_40ms_rgb_dropout,1,1,0.05,False,,391ab870e04ac5faa3c4c6b7c5d547756b87f66502aadf0d15cc49ccae5c70df
L2RAR2_R19_CONF_05_886005__T11_transport_strong_phase_40ms_rgb_dropout,2,2,0.09999999999999999,False,,d93c502978e7174eba4d1e6e9be91fd4dfaaec4d041d583ea8bb046545aa2ef7
L2RAR2_R19_CONF_05_886005__T11_transport_strong_phase_40ms_rgb_dropout,3,3,0.15,False,,330654f67845ce9907a07b29dc8e7527322e80209323edf64c9bc377eee014b1
L2RAR2_R19_CONF_05_886005__T11_transport_strong_phase_40ms_rgb_dropout,4,4,0.20000000000000004,False,,f78b7e552006d8fc805f4a96b98ceb326408597f6c7bc3b3b4faf9df82fb851a
L2RAR2_R19_CONF_05_886005__T11_transport_strong_phase_40ms_rgb_dropout,5,5,0.20000000000000004,False,,f78b7e552006d8fc805f4a96b98ceb326408597f6c7bc3b3b4faf9df82fb851a
L2RAR2_R19_CONF_05_886005__T11_transport_strong_phase_40ms_rgb_dropout,6,6,0.25000000000000006,False,,dda84df1718c5942a7c30998825a5158d5a47875a664f68f651eeaa4b4359e4d
L2RAR2_R19_CONF_05_886005__T11_transport_strong_phase_40ms_rgb_dropout,7,7,0.3000000000000001,False,,65ef51e012efc83a80e410f769fa2c19eb198e1ed812acc6951e86a4fece45ed
L2RAR2_R19_CONF_05_886005__T11_transport_strong_phase_40ms_rgb_dropout,8,8,0.3000000000000001,False,,65ef51e012efc83a80e410f769fa2c19eb198e1ed812acc6951e86a4fece45ed
L2RAR2_R19_CONF_05_886005__T11_transport_strong_phase_40ms_rgb_dropout,9,9,0.35000000000000014,False,,ca7773d45bb872ab29470f612c03c886bd207adbcd179cb4af801c911ab7e53c
L2RAR2_R19_CONF_05_886005__T11_transport_strong_phase_40ms_rgb_dropout,10,10,0.4000000000000002,False,,518fb202127af2a103c10cf26dd77ccc22df1ee10488b2a821fb4d59737b10d2
L2RAR2_R19_CONF_05_886005__T11_transport_strong_phase_40ms_rgb_dropout,11,11,0.45000000000000023,False,,0f82e2fcdc87c10a1b790e73d636cbc66d48af46ac8ccadca168c75e4637766f
L2RAR2_R19_CONF_05_886005__T11_transport_strong_phase_40ms_rgb_dropout,12,12,0.5000000000000002,False,,0e492401906575c3364b00fb1fcf988add3e465a6f899fddd58ea06b3bca34b2
L2RAR2_R19_CONF_05_886005__T11_transport_strong_phase_40ms_rgb_dropout,13,13,0.5000000000000002,False,,0e492401906575c3364b00fb1fcf988add3e465a6f899fddd58ea06b3bca34b2
L2RAR2_R19_CONF_05_886005__T11_transport_strong_phase_40ms_rgb_dropout,14,14,0.5500000000000003,False,,bc2e1a4157bbf60fdad4f81b47671ac11d2241a4e1e32a35211be9693b073878
L2RAR2_R19_CONF_05_886005__T11_transport_strong_phase_40ms_rgb_dropout,15,15,0.6000000000000003,False,,1718e4461e6498a45c11bb3db021a49bf2e40cce721bbbd43d1d8fff4246c254
L2RAR2_R19_CONF_05_886005__T11_transport_strong_phase_40ms_rgb_dropout,16,16,0.6500000000000004,False,,ccf7813994a8c0fff6f1842cbdd6502b07924c2cd4758a1524b0304cb15d25fd
L2RAR2_R19_CONF_05_886005__T11_transport_strong_phase_40ms_rgb_dropout,17,17,0.7000000000000004,False,,2726aa0305691859600bf88d17ca457703938a30cb080d470b5fa3a790e10176
L2RAR2_R19_CONF_05_886005__T11_transport_strong_phase_40ms_rgb_dropout,18,18,0.7500000000000004,False,,da99a1e61f17abe356de87197b36b6eccf698373a86f83760da3d942dbdeff51
L2RAR2_R19_CONF_05_886005__T11_transport_strong_phase_40ms_rgb_dropout,19,19,0.8000000000000005,False,,9de8328efb04294bc30f4093a9e4d7d6c4fdb435c7637d57a8b30184c3fb5e29
L2RAR2_R19_CONF_05_886005__T11_transport_strong_phase_40ms_rgb_dropout,20,20,0.8500000000000005,False,,7d506c3181181a187e4767a21f2ed68a14297ce3d8e45e9a1c1b2309512cd240
L2RAR2_R19_CONF_05_886005__T11_transport_strong_phase_40ms_rgb_dropout,21,21,0.9000000000000006,False,,ade084109accf026c91cceafb10996fd4f0f135e1ea3fa96f6607411888aa59e
L2RAR2_R19_CONF_05_886005__T11_transport_strong_phase_40ms_rgb_dropout,22,22,0.9500000000000006,False,,64bef5d111b648d0ca1466f70b17a1edeaed539d050f6a4f4a2b86d069832635
L2RAR2_R19_CONF_05_886005__T11_transport_strong_phase_40ms_rgb_dropout,23,23,1.0000000000000007,False,,a362eeb9a0d9ca4e205e4d1ced95d83024e1e9261b2cb3a7f16a4ba312bc13b4
L2RAR2_R19_CONF_05_886005__T11_transport_strong_phase_40ms_rgb_dropout,24,24,1.0500000000000007,False,,50eb42b5b728f9416329ca177ca933143f9340e7739c87523faaea5551ad1433
L2RAR2_R19_CONF_05_886005__T11_transport_strong_phase_40ms_rgb_dropout,25,25,1.1000000000000008,False,,88df748b5856b749f7c7d578b81ad5749cab399bf594871ba86315e1ebf82d4b
L2RAR2_R19_CONF_05_886005__T11_transport_strong_phase_40ms_rgb_dropout,26,26,1.1500000000000008,False,,6ece63a1102b5acf621a9cdda8bd8b97b48e0a994b3025ac292cf46eda1b0869
L2RAR2_R19_CONF_05_886005__T11_transport_strong_phase_40ms_rgb_dropout,27,27,1.2000000000000008,False,,97f5df717595851df4ca2d40185e409aa112cebed2f848f0360ee5bac32b7538
L2RAR2_R19_CONF_05_886005__T11_transport_strong_phase_40ms_rgb_dropout,28,28,1.2500000000000009,False,,7ee7d3256f2c217e4832652dac324cbb31dbd4b854cd83fbb7bb922f45ebe281
L2RAR2_R19_CONF_05_886005__T11_transport_strong_phase_40ms_rgb_dropout,29,29,1.300000000000001,False,,2d71ed8b4a12cb0957e3805aa8ec114f54466845169e72329850e9161a1fea0b
L2RAR2_R19_CONF_05_886005__T11_transport_strong_phase_40ms_rgb_dropout,30,30,1.350000000000001,False,,2988d31eec2acb4938644bd781481fe5a5d8d632b4b291134eb9e25422a070d3
L2RAR2_R19_CONF_05_886005__T11_transport_strong_phase_40ms_rgb_dropout,31,31,1.400000000000001,False,,e300472ce24fdd2577aee324ee2408f815248def1ff03d5c923252ea99c86c96
L2RAR2_R19_CONF_05_886005__T11_transport_strong_phase_40ms_rgb_dropout,32,32,1.450000000000001,False,,
L2RAR2_R19_CONF_05_886005__T11_transport_strong_phase_40ms_rgb_dropout,33,33,1.500000000000001,False,,
L2RAR2_R19_CONF_05_886005__T11_transport_strong_phase_40ms_rgb_dropout,34,34,1.5400000000000011,False,,3258b4bd61d74a4e96d8b769f4af9a45d60672a4ae8b880da42e7a039fb4035d
L2RAR2_R19_CONF_05_886005__T11_transport_strong_phase_40ms_rgb_dropout,35,35,1.5500000000000012,False,,
L2RAR2_R19_CONF_05_886005__T11_transport_strong_phase_40ms_rgb_dropout,36,36,1.6000000000000012,False,,8c7e6b22c7c072f8d43868ed054554daa7148accc4f10589e827bf4f60198156
L2RAR2_R19_CONF_05_886005__T11_transport_strong_phase_40ms_rgb_dropout,37,37,1.6500000000000012,False,,46b8d5ff50f9d6e91f5dedfe6ff5f3c86c5104bcde29f9665cbf7e5ca2b94b75
L2RAR2_R19_CONF_05_886005__T11_transport_strong_phase_40ms_rgb_dropout,38,38,1.7000000000000013,False,,7852ee7bb410e4ab88dc15066b62ae095d8cbb764a346fef750f9af5bf5ff00e
L2RAR2_R19_CONF_05_886005__T11_transport_strong_phase_40ms_rgb_dropout,39,39,1.7400000000000013,False,,c19addd23ad099d9544783f2fb6d842f619e24abdbd028ca2d1def8bd93b7a29
L2RAR2_R19_CONF_05_886005__T11_transport_strong_phase_40ms_rgb_dropout,40,40,1.7500000000000013,False,,76d07747519c18aed870566b2c6fd4d7d81fb181118e0d99c89c3760fd3c8540
L2RAR2_R19_CONF_05_886005__T11_transport_strong_phase_40ms_rgb_dropout,41,41,1.8000000000000014,False,,d65ea521f2b6502a35a0f3e603d5f59d1efd613c0e84a7ede2fd0301beb431c5
L2RAR2_R19_CONF_05_886005__T11_transport_strong_phase_40ms_rgb_dropout,42,42,1.8500000000000014,False,,07d6ca33f4ce2e20ecca749664aa8424cebd14cdf2f3e6d9b22e7ebf0a8d8f80
L2RAR2_R19_CONF_05_886005__T11_transport_strong_phase_40ms_rgb_dropout,43,43,1.9000000000000015,False,,976d272bce691ccfa8c7f48cc4165fe53b7deeff428d3d1d8ac11940a6a2abac
L2RAR2_R19_CONF_05_886005__T11_transport_strong_phase_40ms_rgb_dropout,44,44,1.9500000000000015,False,,0e2600bf3ee51ce10018f5bd24313adad9ffd91b5bb8347f891493986ec738cd
L2RAR2_R19_CONF_05_886005__T11_transport_strong_phase_40ms_rgb_dropout,45,45,2.0000000000000013,False,,f8ad46de0e89f2da5f2f7c710a770bd31daa7be7fcc3955da6302ed0dece4f9e
L2RAR2_R19_CONF_05_886005__T11_transport_strong_phase_40ms_rgb_dropout,46,46,2.0500000000000003,False,,909ebda82b6d905e588ab426cdd3d9c8076a85f0f922ad4390afa16923b0d3f7
L2RAR2_R19_CONF_05_886005__T11_transport_strong_phase_40ms_rgb_dropout,47,47,2.099999999999999,False,,70061a18e4f3b917e5858f4ba7213c758adc457cc4c240db4b9ce5c5553de33f
L2RAR2_R19_CONF_05_886005__T11_transport_strong_phase_40ms_rgb_dropout,48,48,2.149999999999998,False,,d9812dd4f2bffe473140cb1492163695f44fa50617af8898bcd91088399f17e6
L2RAR2_R19_CONF_05_886005__T11_transport_strong_phase_40ms_rgb_dropout,49,49,2.199999999999997,False,,47544bb417b024e26098733687d6edc63635a90d66f90a76259657c5299080a8
L2RAR2_R19_CONF_05_886005__T11_transport_strong_phase_40ms_rgb_dropout,50,50,2.249999999999996,False,,d260cc2a3c8611a4e015860e40ba7c7bc65b08bff5c0c7a526ab98c52cb9c30b
L2RAR2_R19_CONF_05_886005__T11_transport_strong_phase_40ms_rgb_dropout,51,51,2.299999999999995,False,,c5296877291fd2320473be208d73b3729a1131142e33966f25c256f972f4c1c9
L2RAR2_R19_CONF_05_886005__T11_transport_strong_phase_40ms_rgb_dropout,52,52,2.349999999999994,False,,29b3a19646bf250fb09578136c531671b27749df3bd64655059eddc4326cade2
L2RAR2_R19_CONF_05_886005__T11_transport_strong_phase_40ms_rgb_dropout,53,53,2.399999999999993,False,,9046ff1164b8103efde53432a884b0d9800cb9a7d7cb5d65fb892710cba04656
L2RAR2_R19_CONF_05_886005__T11_transport_strong_phase_40ms_rgb_dropout,54,54,2.4499999999999917,False,,3f89eb0264997f278100b781cf2202499cb8df184b7f2970aa7b2f70c1356242
L2RAR2_R19_CONF_05_886005__T11_transport_strong_phase_40ms_rgb_dropout,55,55,2.4999999999999907,False,,ebc927e93c2eef26c7d274b7cc9b69dc898ff09e91bc21a41647ac717d062557
L2RAR2_R19_CONF_05_886005__T11_transport_strong_phase_40ms_rgb_dropout,56,56,2.5499999999999896,False,,1cec72d80d0f6a1af1761de2384ab4d7cb13d1c6bfc836070f4b27add8c2a518
L2RAR2_R19_CONF_05_886005__T11_transport_strong_phase_40ms_rgb_dropout,57,57,2.5999999999999885,False,,a4182eb52b0cda8fdad6285bfc1a48652f72672a628c7ab56ce88879bed45ac4
L2RAR2_R19_CONF_05_886005__T11_transport_strong_phase_40ms_rgb_dropout,58,58,2.6499999999999875,False,,ae12a3ac21929c87c7815080a51e42e1932f66f7e2bf9fbc177d38f1e9d410f3
L2RAR2_R19_CONF_05_886005__T11_transport_strong_phase_40ms_rgb_dropout,59,59,2.6999999999999864,False,,f2599ad497c41ae54c2810a243b153e1bfbb22e1c4febc9b40708a3aad00ed9d
L2RAR2_R19_CONF_05_886005__T11_transport_strong_phase_40ms_rgb_dropout,60,60,2.7399999999999856,False,,f5245f29788bcc8d61d430cc2671b9deae7342ddee81838e7b301927db312c67
L2RAR2_R19_CONF_05_886005__T12_transport_commanded_release,0,0,0.0,False,,e5e90784a6beb1da9164934c68b24a3c3c72dee2b019d05cd07c06941b3cf91c
L2RAR2_R19_CONF_05_886005__T12_transport_commanded_release,1,1,0.05,False,,391ab870e04ac5faa3c4c6b7c5d547756b87f66502aadf0d15cc49ccae5c70df
L2RAR2_R19_CONF_05_886005__T12_transport_commanded_release,2,2,0.09999999999999999,False,,d93c502978e7174eba4d1e6e9be91fd4dfaaec4d041d583ea8bb046545aa2ef7
L2RAR2_R19_CONF_05_886005__T12_transport_commanded_release,3,3,0.15,False,,330654f67845ce9907a07b29dc8e7527322e80209323edf64c9bc377eee014b1
L2RAR2_R19_CONF_05_886005__T12_transport_commanded_release,4,4,0.20000000000000004,False,,f78b7e552006d8fc805f4a96b98ceb326408597f6c7bc3b3b4faf9df82fb851a
L2RAR2_R19_CONF_05_886005__T12_transport_commanded_release,5,5,0.20000000000000004,False,,f78b7e552006d8fc805f4a96b98ceb326408597f6c7bc3b3b4faf9df82fb851a
L2RAR2_R19_CONF_05_886005__T12_transport_commanded_release,6,6,0.25000000000000006,False,,dda84df1718c5942a7c30998825a5158d5a47875a664f68f651eeaa4b4359e4d
L2RAR2_R19_CONF_05_886005__T12_transport_commanded_release,7,7,0.3000000000000001,False,,65ef51e012efc83a80e410f769fa2c19eb198e1ed812acc6951e86a4fece45ed
L2RAR2_R19_CONF_05_886005__T12_transport_commanded_release,8,8,0.3000000000000001,False,,65ef51e012efc83a80e410f769fa2c19eb198e1ed812acc6951e86a4fece45ed
L2RAR2_R19_CONF_05_886005__T12_transport_commanded_release,9,9,0.35000000000000014,False,,ca7773d45bb872ab29470f612c03c886bd207adbcd179cb4af801c911ab7e53c
L2RAR2_R19_CONF_05_886005__T12_transport_commanded_release,10,10,0.4000000000000002,False,,518fb202127af2a103c10cf26dd77ccc22df1ee10488b2a821fb4d59737b10d2
L2RAR2_R19_CONF_05_886005__T12_transport_commanded_release,11,11,0.45000000000000023,False,,0f82e2fcdc87c10a1b790e73d636cbc66d48af46ac8ccadca168c75e4637766f
L2RAR2_R19_CONF_05_886005__T12_transport_commanded_release,12,12,0.5000000000000002,False,,0e492401906575c3364b00fb1fcf988add3e465a6f899fddd58ea06b3bca34b2
L2RAR2_R19_CONF_05_886005__T12_transport_commanded_release,13,13,0.5000000000000002,False,,0e492401906575c3364b00fb1fcf988add3e465a6f899fddd58ea06b3bca34b2
L2RAR2_R19_CONF_05_886005__T12_transport_commanded_release,14,14,0.5500000000000003,False,,bc2e1a4157bbf60fdad4f81b47671ac11d2241a4e1e32a35211be9693b073878
L2RAR2_R19_CONF_05_886005__T12_transport_commanded_release,15,15,0.6000000000000003,False,,1718e4461e6498a45c11bb3db021a49bf2e40cce721bbbd43d1d8fff4246c254
L2RAR2_R19_CONF_05_886005__T12_transport_commanded_release,16,16,0.6500000000000004,False,,ccf7813994a8c0fff6f1842cbdd6502b07924c2cd4758a1524b0304cb15d25fd
L2RAR2_R19_CONF_05_886005__T12_transport_commanded_release,17,17,0.7000000000000004,False,,2726aa0305691859600bf88d17ca457703938a30cb080d470b5fa3a790e10176
L2RAR2_R19_CONF_05_886005__T12_transport_commanded_release,18,18,0.7500000000000004,False,,da99a1e61f17abe356de87197b36b6eccf698373a86f83760da3d942dbdeff51
L2RAR2_R19_CONF_05_886005__T12_transport_commanded_release,19,19,0.8000000000000005,False,,9de8328efb04294bc30f4093a9e4d7d6c4fdb435c7637d57a8b30184c3fb5e29
L2RAR2_R19_CONF_05_886005__T12_transport_commanded_release,20,20,0.8500000000000005,False,,7d506c3181181a187e4767a21f2ed68a14297ce3d8e45e9a1c1b2309512cd240
L2RAR2_R19_CONF_05_886005__T12_transport_commanded_release,21,21,0.9000000000000006,False,,ade084109accf026c91cceafb10996fd4f0f135e1ea3fa96f6607411888aa59e
L2RAR2_R19_CONF_05_886005__T12_transport_commanded_release,22,22,0.9500000000000006,False,,64bef5d111b648d0ca1466f70b17a1edeaed539d050f6a4f4a2b86d069832635
L2RAR2_R19_CONF_05_886005__T12_transport_commanded_release,23,23,1.0000000000000007,False,,a362eeb9a0d9ca4e205e4d1ced95d83024e1e9261b2cb3a7f16a4ba312bc13b4
L2RAR2_R19_CONF_05_886005__T12_transport_commanded_release,24,24,1.0500000000000007,False,,50eb42b5b728f9416329ca177ca933143f9340e7739c87523faaea5551ad1433
L2RAR2_R19_CONF_05_886005__T12_transport_commanded_release,25,25,1.1000000000000008,False,,88df748b5856b749f7c7d578b81ad5749cab399bf594871ba86315e1ebf82d4b
L2RAR2_R19_CONF_05_886005__T12_transport_commanded_release,26,26,1.1500000000000008,False,,6ece63a1102b5acf621a9cdda8bd8b97b48e0a994b3025ac292cf46eda1b0869
L2RAR2_R19_CONF_05_886005__T12_transport_commanded_release,27,27,1.2000000000000008,False,,97f5df717595851df4ca2d40185e409aa112cebed2f848f0360ee5bac32b7538
L2RAR2_R19_CONF_05_886005__T12_transport_commanded_release,28,28,1.2500000000000009,False,,7ee7d3256f2c217e4832652dac324cbb31dbd4b854cd83fbb7bb922f45ebe281
L2RAR2_R19_CONF_05_886005__T12_transport_commanded_release,29,29,1.300000000000001,False,,2d71ed8b4a12cb0957e3805aa8ec114f54466845169e72329850e9161a1fea0b
L2RAR2_R19_CONF_05_886005__T12_transport_commanded_release,30,30,1.350000000000001,False,,9936741d72195b2b8a0e1d8879537385ec73bdb0431b5c0d02cab45ed8a5d8bc
L2RAR2_R19_CONF_05_886005__T12_transport_commanded_release,31,31,1.400000000000001,False,,0fdc8a615571f3e17b39c4a4100c9425b0e0bee450d179f9327eb6a61dcba898
L2RAR2_R19_CONF_05_886005__T12_transport_commanded_release,32,32,1.450000000000001,False,,e3dd714faa933c204a395c7c547c87d3a0defc6202b47d9fad662eacc9cd918f
L2RAR2_R19_CONF_05_886005__T12_transport_commanded_release,33,33,1.500000000000001,False,,dbdd8e815715fa2bd0a15dbbd292f55717c4815e6d97a1b3ef5897954ce41da9
L2RAR2_R19_CONF_05_886005__T12_transport_commanded_release,34,34,1.5500000000000012,False,,079c5df3762118bdaed1200375247d6f76f1ac482fe39879923c0100c5c324a7
L2RAR2_R19_CONF_05_886005__T12_transport_commanded_release,35,35,1.6000000000000012,False,,67e4b5123f13fe98d4fd6a3cfb929d2a0f2a4751595b1c676def8be579c0d166
L2RAR2_R19_CONF_05_886005__T12_transport_commanded_release,36,36,1.6500000000000012,False,,718d5338edeeaab0019f50f888db905ae29fd627a1d37c1943885e55ee974508
L2RAR2_R19_CONF_05_886005__T12_transport_commanded_release,37,37,1.7000000000000013,False,,10c5982890bef42db4910710fc6ea4b7da708e9e1ed6b9ac9713e26f3b16c9e6
L2RAR2_R19_CONF_05_886005__T12_transport_commanded_release,38,38,1.7500000000000013,False,,0edac4d9db6feaa049394b9ee5286f02ae74c66b8d6c4d2a4918aae4fcb1c292
L2RAR2_R19_CONF_05_886005__T12_transport_commanded_release,39,39,1.8000000000000014,False,,95a1a97a86b6f44e9233b517445744fce3111334693279f731625a90d327ef07
L2RAR2_R19_CONF_05_886005__T12_transport_commanded_release,40,40,1.8200000000000014,False,,b3f084d24b010b2c6c86ef07adb417bb06ec82b661fc23cd45ac5d5587edef58
L2RAR2_R19_CONF_05_886005__T12_transport_commanded_release,41,41,1.8500000000000014,False,,4ff32d3004949084e0ea07a582d014ec9074285c9f2428af4fde7f6ca67f309b
L2RAR2_R19_CONF_05_886005__T12_transport_commanded_release,42,42,1.9000000000000015,False,,0a79b54a22c469e433f446a5039a831234102746724106fbe3d0e3e9437da298
L2RAR2_R19_CONF_05_886005__T12_transport_commanded_release,43,43,1.9500000000000015,False,,0fc186313cf314a6140c1ef486b407cb710ff93187dfaf661418797b44b027fd
L2RAR2_R19_CONF_05_886005__T12_transport_commanded_release,44,44,2.0000000000000013,False,,28734a624794b09035d11e7c2e39940828cb503ab317f4e21b3dc08165e7f041
L2RAR2_R19_CONF_05_886005__T12_transport_commanded_release,45,45,2.020000000000001,False,,f2354315d7607c66b4d8d8eae9adf1a73c5849371ba086b1754559b56d53bde0
L2RAR2_R19_CONF_05_886005__T12_transport_commanded_release,46,46,2.0500000000000003,False,,80e935e0e2dc3ffd4f781a936ff92d91e562981332b88fdbbd76de911b076c99
L2RAR2_R19_CONF_05_886005__T12_transport_commanded_release,47,47,2.099999999999999,False,,91aec8e1928a0f4817cd7ede26bae9bf2ae79510aa30fd617b43da10a196d9e2
L2RAR2_R19_CONF_05_886005__T12_transport_commanded_release,48,48,2.149999999999998,False,,91aec8e1928a0f4817cd7ede26bae9bf2ae79510aa30fd617b43da10a196d9e2
L2RAR2_R19_CONF_05_886005__T12_transport_commanded_release,49,49,2.199999999999997,False,,91aec8e1928a0f4817cd7ede26bae9bf2ae79510aa30fd617b43da10a196d9e2
L2RAR2_R19_CONF_05_886005__T12_transport_commanded_release,50,50,2.249999999999996,False,,91aec8e1928a0f4817cd7ede26bae9bf2ae79510aa30fd617b43da10a196d9e2
L2RAR2_R19_CONF_05_886005__T12_transport_commanded_release,51,51,2.299999999999995,False,,91aec8e1928a0f4817cd7ede26bae9bf2ae79510aa30fd617b43da10a196d9e2
L2RAR2_R19_CONF_05_886005__T12_transport_commanded_release,52,52,2.349999999999994,False,,91aec8e1928a0f4817cd7ede26bae9bf2ae79510aa30fd617b43da10a196d9e2
L2RAR2_R19_CONF_05_886005__T12_transport_commanded_release,53,53,2.399999999999993,False,,91aec8e1928a0f4817cd7ede26bae9bf2ae79510aa30fd617b43da10a196d9e2
L2RAR2_R19_CONF_05_886005__T12_transport_commanded_release,54,54,2.4499999999999917,False,,91aec8e1928a0f4817cd7ede26bae9bf2ae79510aa30fd617b43da10a196d9e2
L2RAR2_R19_CONF_05_886005__T12_transport_commanded_release,55,55,2.4999999999999907,False,,91aec8e1928a0f4817cd7ede26bae9bf2ae79510aa30fd617b43da10a196d9e2
L2RAR2_R19_CONF_05_886005__T12_transport_commanded_release,56,56,2.5499999999999896,False,,91aec8e1928a0f4817cd7ede26bae9bf2ae79510aa30fd617b43da10a196d9e2
L2RAR2_R19_CONF_05_886005__T12_transport_commanded_release,57,57,2.5999999999999885,False,,91aec8e1928a0f4817cd7ede26bae9bf2ae79510aa30fd617b43da10a196d9e2
L2RAR2_R19_CONF_05_886005__T12_transport_commanded_release,58,58,2.6499999999999875,False,,91aec8e1928a0f4817cd7ede26bae9bf2ae79510aa30fd617b43da10a196d9e2
L2RAR2_R19_CONF_05_886005__T12_transport_commanded_release,59,59,2.6999999999999864,False,,91aec8e1928a0f4817cd7ede26bae9bf2ae79510aa30fd617b43da10a196d9e2
L2RAR2_R19_CONF_05_886005__T12_transport_commanded_release,60,60,2.7499999999999853,False,,91aec8e1928a0f4817cd7ede26bae9bf2ae79510aa30fd617b43da10a196d9e2
L2RAR2_R19_CONF_05_886005__T12_transport_commanded_release,61,61,2.7999999999999843,False,,91aec8e1928a0f4817cd7ede26bae9bf2ae79510aa30fd617b43da10a196d9e2
L2RAR2_R19_CONF_05_886005__T12_transport_commanded_release,62,62,2.849999999999983,False,,91aec8e1928a0f4817cd7ede26bae9bf2ae79510aa30fd617b43da10a196d9e2
L2RAR2_R19_CONF_05_886005__T12_transport_commanded_release,63,63,2.899999999999982,False,,91aec8e1928a0f4817cd7ede26bae9bf2ae79510aa30fd617b43da10a196d9e2
L2RAR2_R19_CONF_05_886005__T12_transport_commanded_release,64,64,2.949999999999981,False,,04fff6a883efef0d10f3dfbcf1984b4614b70928fd23c864dd620eea82cd411d
L2RAR2_R19_CONF_05_886005__T12_transport_commanded_release,65,65,2.99999999999998,False,,04fff6a883efef0d10f3dfbcf1984b4614b70928fd23c864dd620eea82cd411d
L2RAR2_R19_CONF_05_886005__T12_transport_commanded_release,66,66,3.0199999999999796,False,,04fff6a883efef0d10f3dfbcf1984b4614b70928fd23c864dd620eea82cd411d
L2RAR2_R19_CONF_05_886005__T1_transport_stable_clean,0,0,0.0,False,,e5e90784a6beb1da9164934c68b24a3c3c72dee2b019d05cd07c06941b3cf91c
L2RAR2_R19_CONF_05_886005__T1_transport_stable_clean,1,1,0.05,False,,391ab870e04ac5faa3c4c6b7c5d547756b87f66502aadf0d15cc49ccae5c70df
L2RAR2_R19_CONF_05_886005__T1_transport_stable_clean,2,2,0.09999999999999999,False,,d93c502978e7174eba4d1e6e9be91fd4dfaaec4d041d583ea8bb046545aa2ef7
L2RAR2_R19_CONF_05_886005__T1_transport_stable_clean,3,3,0.15,False,,330654f67845ce9907a07b29dc8e7527322e80209323edf64c9bc377eee014b1
L2RAR2_R19_CONF_05_886005__T1_transport_stable_clean,4,4,0.20000000000000004,False,,f78b7e552006d8fc805f4a96b98ceb326408597f6c7bc3b3b4faf9df82fb851a
L2RAR2_R19_CONF_05_886005__T1_transport_stable_clean,5,5,0.20000000000000004,False,,f78b7e552006d8fc805f4a96b98ceb326408597f6c7bc3b3b4faf9df82fb851a
L2RAR2_R19_CONF_05_886005__T1_transport_stable_clean,6,6,0.25000000000000006,False,,dda84df1718c5942a7c30998825a5158d5a47875a664f68f651eeaa4b4359e4d
L2RAR2_R19_CONF_05_886005__T1_transport_stable_clean,7,7,0.3000000000000001,False,,65ef51e012efc83a80e410f769fa2c19eb198e1ed812acc6951e86a4fece45ed
L2RAR2_R19_CONF_05_886005__T1_transport_stable_clean,8,8,0.3000000000000001,False,,65ef51e012efc83a80e410f769fa2c19eb198e1ed812acc6951e86a4fece45ed
L2RAR2_R19_CONF_05_886005__T1_transport_stable_clean,9,9,0.35000000000000014,False,,ca7773d45bb872ab29470f612c03c886bd207adbcd179cb4af801c911ab7e53c
L2RAR2_R19_CONF_05_886005__T1_transport_stable_clean,10,10,0.4000000000000002,False,,518fb202127af2a103c10cf26dd77ccc22df1ee10488b2a821fb4d59737b10d2
L2RAR2_R19_CONF_05_886005__T1_transport_stable_clean,11,11,0.45000000000000023,False,,0f82e2fcdc87c10a1b790e73d636cbc66d48af46ac8ccadca168c75e4637766f
L2RAR2_R19_CONF_05_886005__T1_transport_stable_clean,12,12,0.5000000000000002,False,,0e492401906575c3364b00fb1fcf988add3e465a6f899fddd58ea06b3bca34b2
L2RAR2_R19_CONF_05_886005__T1_transport_stable_clean,13,13,0.5000000000000002,False,,0e492401906575c3364b00fb1fcf988add3e465a6f899fddd58ea06b3bca34b2
L2RAR2_R19_CONF_05_886005__T1_transport_stable_clean,14,14,0.5500000000000003,False,,bc2e1a4157bbf60fdad4f81b47671ac11d2241a4e1e32a35211be9693b073878
L2RAR2_R19_CONF_05_886005__T1_transport_stable_clean,15,15,0.6000000000000003,False,,1718e4461e6498a45c11bb3db021a49bf2e40cce721bbbd43d1d8fff4246c254
L2RAR2_R19_CONF_05_886005__T1_transport_stable_clean,16,16,0.6500000000000004,False,,ccf7813994a8c0fff6f1842cbdd6502b07924c2cd4758a1524b0304cb15d25fd
L2RAR2_R19_CONF_05_886005__T1_transport_stable_clean,17,17,0.7000000000000004,False,,2726aa0305691859600bf88d17ca457703938a30cb080d470b5fa3a790e10176
L2RAR2_R19_CONF_05_886005__T1_transport_stable_clean,18,18,0.7500000000000004,False,,da99a1e61f17abe356de87197b36b6eccf698373a86f83760da3d942dbdeff51
L2RAR2_R19_CONF_05_886005__T1_transport_stable_clean,19,19,0.8000000000000005,False,,9de8328efb04294bc30f4093a9e4d7d6c4fdb435c7637d57a8b30184c3fb5e29
L2RAR2_R19_CONF_05_886005__T1_transport_stable_clean,20,20,0.8500000000000005,False,,7d506c3181181a187e4767a21f2ed68a14297ce3d8e45e9a1c1b2309512cd240
L2RAR2_R19_CONF_05_886005__T1_transport_stable_clean,21,21,0.9000000000000006,False,,ade084109accf026c91cceafb10996fd4f0f135e1ea3fa96f6607411888aa59e
L2RAR2_R19_CONF_05_886005__T1_transport_stable_clean,22,22,0.9500000000000006,False,,64bef5d111b648d0ca1466f70b17a1edeaed539d050f6a4f4a2b86d069832635
L2RAR2_R19_CONF_05_886005__T1_transport_stable_clean,23,23,1.0000000000000007,False,,a362eeb9a0d9ca4e205e4d1ced95d83024e1e9261b2cb3a7f16a4ba312bc13b4
L2RAR2_R19_CONF_05_886005__T1_transport_stable_clean,24,24,1.0500000000000007,False,,50eb42b5b728f9416329ca177ca933143f9340e7739c87523faaea5551ad1433
L2RAR2_R19_CONF_05_886005__T1_transport_stable_clean,25,25,1.1000000000000008,False,,88df748b5856b749f7c7d578b81ad5749cab399bf594871ba86315e1ebf82d4b
L2RAR2_R19_CONF_05_886005__T1_transport_stable_clean,26,26,1.1500000000000008,False,,6ece63a1102b5acf621a9cdda8bd8b97b48e0a994b3025ac292cf46eda1b0869
L2RAR2_R19_CONF_05_886005__T1_transport_stable_clean,27,27,1.2000000000000008,False,,97f5df717595851df4ca2d40185e409aa112cebed2f848f0360ee5bac32b7538
L2RAR2_R19_CONF_05_886005__T1_transport_stable_clean,28,28,1.2500000000000009,False,,7ee7d3256f2c217e4832652dac324cbb31dbd4b854cd83fbb7bb922f45ebe281
L2RAR2_R19_CONF_05_886005__T1_transport_stable_clean,29,29,1.300000000000001,False,,2d71ed8b4a12cb0957e3805aa8ec114f54466845169e72329850e9161a1fea0b
L2RAR2_R19_CONF_05_886005__T1_transport_stable_clean,30,30,1.350000000000001,False,,1bf047eb77d20aafd98225072fbcf72fae62c25bb09f19b65e9b0c42d29859ed
L2RAR2_R19_CONF_05_886005__T1_transport_stable_clean,31,31,1.400000000000001,False,,4e14191d9cde43534bf14df53a78760e6aa9082fbc307dabdca45fd1581156fb
L2RAR2_R19_CONF_05_886005__T1_transport_stable_clean,32,32,1.450000000000001,False,,0396be861a3d48420d85a8c60f49a8061105f35f3aac166fda86caf290ee8494
L2RAR2_R19_CONF_05_886005__T1_transport_stable_clean,33,33,1.500000000000001,False,,bbac5b502a89a8f4b075064a1f6072f246fe7814a3c122303f95b72aaa4600f4
L2RAR2_R19_CONF_05_886005__T1_transport_stable_clean,34,34,1.500000000000001,False,,bbac5b502a89a8f4b075064a1f6072f246fe7814a3c122303f95b72aaa4600f4
L2RAR2_R19_CONF_05_886005__T1_transport_stable_clean,35,35,1.5500000000000012,False,,b16f92629377381e5655ea7e8ff8f4160eb84d126c189206f984aa741b768734
L2RAR2_R19_CONF_05_886005__T1_transport_stable_clean,36,36,1.6000000000000012,False,,93a53e6afb7eda3f5bff1a1ecf288e8f5b0181e531aff72aebb5d17b094347df
L2RAR2_R19_CONF_05_886005__T1_transport_stable_clean,37,37,1.6500000000000012,False,,cceadf56e2696e4d2ecd063d189cfffb35c38c982f8212d6a1b680239011c6d4
L2RAR2_R19_CONF_05_886005__T1_transport_stable_clean,38,38,1.7000000000000013,False,,a344e155a8a32016a37ef1d9b932f9e857bc9cea8327d137eeac632cdd684bbe
L2RAR2_R19_CONF_05_886005__T1_transport_stable_clean,39,39,1.7500000000000013,False,,846a607fdfa599b15767e3757f12b79944c5ec7b4e4b8f28efc5026d0f605674
L2RAR2_R19_CONF_05_886005__T1_transport_stable_clean,40,40,1.8000000000000014,False,,0275ddfd87de115f25aff6bbfba2e704106607b714b15eb6f6f45b411e635306
L2RAR2_R19_CONF_05_886005__T1_transport_stable_clean,41,41,1.8500000000000014,False,,0227902ad3b0b9fb584da0b75c9a441d4c95e8d59df0145f9e844a1b96f90dbc
L2RAR2_R19_CONF_05_886005__T1_transport_stable_clean,42,42,1.9000000000000015,False,,19b28c3f423cf131ae5cc2b2ac1b3a7c7dc5e1c96190af0d63d61de370c8f485
L2RAR2_R19_CONF_05_886005__T1_transport_stable_clean,43,43,1.9500000000000015,False,,0a9f775d32d5d1ab3f2e2dd1c7461a78278b9a90a097a37f78104ffdf1cf619d
L2RAR2_R19_CONF_05_886005__T1_transport_stable_clean,44,44,2.0000000000000013,False,,fc3771cabca54142c79d799f185f0c0b1e1cd895ee2d0b03c5b6fb49f2573def
L2RAR2_R19_CONF_05_886005__T1_transport_stable_clean,45,45,2.0500000000000003,False,,079ab34c33a194e91f2fde29548fcd17d091eb0ad0aa9440ac4298f0e687c06e
L2RAR2_R19_CONF_05_886005__T1_transport_stable_clean,46,46,2.099999999999999,False,,a68e6a16006f9070de5a7c6b044b0fc2fce17971bbebd19e20deb8f261086c11
L2RAR2_R19_CONF_05_886005__T1_transport_stable_clean,47,47,2.149999999999998,False,,4d614f31fa84d4d22e4002040c093413f1b3b640815aa566f7654ac6a8a2e1ef
L2RAR2_R19_CONF_05_886005__T1_transport_stable_clean,48,48,2.199999999999997,False,,d998bc735cacbebf13a5378109924bb404c1f62b9b171b621dd59bc387d81d8f
L2RAR2_R19_CONF_05_886005__T1_transport_stable_clean,49,49,2.249999999999996,False,,d998bc735cacbebf13a5378109924bb404c1f62b9b171b621dd59bc387d81d8f
L2RAR2_R19_CONF_05_886005__T1_transport_stable_clean,50,50,2.299999999999995,False,,d998bc735cacbebf13a5378109924bb404c1f62b9b171b621dd59bc387d81d8f
L2RAR2_R19_CONF_05_886005__T1_transport_stable_clean,51,51,2.349999999999994,False,,d998bc735cacbebf13a5378109924bb404c1f62b9b171b621dd59bc387d81d8f
L2RAR2_R19_CONF_05_886005__T1_transport_stable_clean,52,52,2.399999999999993,False,,ffc283cc1e0d9c5780df4e5d5ade29cb8237ed7de62aee9f5caca41d9b471e71
L2RAR2_R19_CONF_05_886005__T1_transport_stable_clean,53,53,2.4499999999999917,False,,f6e72171bc797ea07e9d30a7a2c137d0947a90bd508b7333adf6040cb49172a6
L2RAR2_R19_CONF_05_886005__T1_transport_stable_clean,54,54,2.4999999999999907,False,,9158d2f696420ab7b1d3c98997e31b9ec7343218b8137681ec59adaa919c6dcd
L2RAR2_R19_CONF_05_886005__T1_transport_stable_clean,55,55,2.4999999999999907,False,,9158d2f696420ab7b1d3c98997e31b9ec7343218b8137681ec59adaa919c6dcd
L2RAR2_R19_CONF_05_886005__T2_transport_camera_jitter,0,0,0.0,False,,e5e90784a6beb1da9164934c68b24a3c3c72dee2b019d05cd07c06941b3cf91c
L2RAR2_R19_CONF_05_886005__T2_transport_camera_jitter,1,1,0.05,False,,391ab870e04ac5faa3c4c6b7c5d547756b87f66502aadf0d15cc49ccae5c70df
L2RAR2_R19_CONF_05_886005__T2_transport_camera_jitter,2,2,0.09999999999999999,False,,d93c502978e7174eba4d1e6e9be91fd4dfaaec4d041d583ea8bb046545aa2ef7
L2RAR2_R19_CONF_05_886005__T2_transport_camera_jitter,3,3,0.15,False,,330654f67845ce9907a07b29dc8e7527322e80209323edf64c9bc377eee014b1
L2RAR2_R19_CONF_05_886005__T2_transport_camera_jitter,4,4,0.20000000000000004,False,,f78b7e552006d8fc805f4a96b98ceb326408597f6c7bc3b3b4faf9df82fb851a
L2RAR2_R19_CONF_05_886005__T2_transport_camera_jitter,5,5,0.20000000000000004,False,,f78b7e552006d8fc805f4a96b98ceb326408597f6c7bc3b3b4faf9df82fb851a
L2RAR2_R19_CONF_05_886005__T2_transport_camera_jitter,6,6,0.25000000000000006,False,,dda84df1718c5942a7c30998825a5158d5a47875a664f68f651eeaa4b4359e4d
L2RAR2_R19_CONF_05_886005__T2_transport_camera_jitter,7,7,0.3000000000000001,False,,65ef51e012efc83a80e410f769fa2c19eb198e1ed812acc6951e86a4fece45ed
L2RAR2_R19_CONF_05_886005__T2_transport_camera_jitter,8,8,0.3000000000000001,False,,65ef51e012efc83a80e410f769fa2c19eb198e1ed812acc6951e86a4fece45ed
L2RAR2_R19_CONF_05_886005__T2_transport_camera_jitter,9,9,0.35000000000000014,False,,ca7773d45bb872ab29470f612c03c886bd207adbcd179cb4af801c911ab7e53c
L2RAR2_R19_CONF_05_886005__T2_transport_camera_jitter,10,10,0.4000000000000002,False,,518fb202127af2a103c10cf26dd77ccc22df1ee10488b2a821fb4d59737b10d2
L2RAR2_R19_CONF_05_886005__T2_transport_camera_jitter,11,11,0.45000000000000023,False,,0f82e2fcdc87c10a1b790e73d636cbc66d48af46ac8ccadca168c75e4637766f
L2RAR2_R19_CONF_05_886005__T2_transport_camera_jitter,12,12,0.5000000000000002,False,,0e492401906575c3364b00fb1fcf988add3e465a6f899fddd58ea06b3bca34b2
L2RAR2_R19_CONF_05_886005__T2_transport_camera_jitter,13,13,0.5000000000000002,False,,0e492401906575c3364b00fb1fcf988add3e465a6f899fddd58ea06b3bca34b2
L2RAR2_R19_CONF_05_886005__T2_transport_camera_jitter,14,14,0.5500000000000003,False,,bc2e1a4157bbf60fdad4f81b47671ac11d2241a4e1e32a35211be9693b073878
L2RAR2_R19_CONF_05_886005__T2_transport_camera_jitter,15,15,0.6000000000000003,False,,1718e4461e6498a45c11bb3db021a49bf2e40cce721bbbd43d1d8fff4246c254
L2RAR2_R19_CONF_05_886005__T2_transport_camera_jitter,16,16,0.6500000000000004,False,,ccf7813994a8c0fff6f1842cbdd6502b07924c2cd4758a1524b0304cb15d25fd
L2RAR2_R19_CONF_05_886005__T2_transport_camera_jitter,17,17,0.7000000000000004,False,,2726aa0305691859600bf88d17ca457703938a30cb080d470b5fa3a790e10176
L2RAR2_R19_CONF_05_886005__T2_transport_camera_jitter,18,18,0.7500000000000004,False,,da99a1e61f17abe356de87197b36b6eccf698373a86f83760da3d942dbdeff51
L2RAR2_R19_CONF_05_886005__T2_transport_camera_jitter,19,19,0.8000000000000005,False,,9de8328efb04294bc30f4093a9e4d7d6c4fdb435c7637d57a8b30184c3fb5e29
L2RAR2_R19_CONF_05_886005__T2_transport_camera_jitter,20,20,0.8500000000000005,False,,7d506c3181181a187e4767a21f2ed68a14297ce3d8e45e9a1c1b2309512cd240
L2RAR2_R19_CONF_05_886005__T2_transport_camera_jitter,21,21,0.9000000000000006,False,,ade084109accf026c91cceafb10996fd4f0f135e1ea3fa96f6607411888aa59e
L2RAR2_R19_CONF_05_886005__T2_transport_camera_jitter,22,22,0.9500000000000006,False,,64bef5d111b648d0ca1466f70b17a1edeaed539d050f6a4f4a2b86d069832635
L2RAR2_R19_CONF_05_886005__T2_transport_camera_jitter,23,23,1.0000000000000007,False,,a362eeb9a0d9ca4e205e4d1ced95d83024e1e9261b2cb3a7f16a4ba312bc13b4
L2RAR2_R19_CONF_05_886005__T2_transport_camera_jitter,24,24,1.0500000000000007,False,,50eb42b5b728f9416329ca177ca933143f9340e7739c87523faaea5551ad1433
L2RAR2_R19_CONF_05_886005__T2_transport_camera_jitter,25,25,1.1000000000000008,False,,88df748b5856b749f7c7d578b81ad5749cab399bf594871ba86315e1ebf82d4b
L2RAR2_R19_CONF_05_886005__T2_transport_camera_jitter,26,26,1.1500000000000008,False,,6ece63a1102b5acf621a9cdda8bd8b97b48e0a994b3025ac292cf46eda1b0869
L2RAR2_R19_CONF_05_886005__T2_transport_camera_jitter,27,27,1.2000000000000008,False,,cc203d6fbdbf06a52549c1d8213529d113b6f4dad6d56ff14152e9706bd62228
L2RAR2_R19_CONF_05_886005__T2_transport_camera_jitter,28,28,1.2500000000000009,False,,d8c4ef63f9cc49b0b591e069bf0661ba35b48b9bc74138e65a514a7ab988a751
L2RAR2_R19_CONF_05_886005__T2_transport_camera_jitter,29,29,1.300000000000001,False,,0698efd78f2d8f67d8ba1aa68a7e6505f77ee5966a62469f4db5b9c02dc0cb1c
L2RAR2_R19_CONF_05_886005__T2_transport_camera_jitter,30,30,1.350000000000001,False,,1bf047eb77d20aafd98225072fbcf72fae62c25bb09f19b65e9b0c42d29859ed
L2RAR2_R19_CONF_05_886005__T2_transport_camera_jitter,31,31,1.400000000000001,False,,44635e25621e48f90b47e514af334650872bd6ed7fc5863cd751eace94b7dc2d
L2RAR2_R19_CONF_05_886005__T2_transport_camera_jitter,32,32,1.450000000000001,False,,839154e72bdcf99f881abf4f333c05bde185d284cda724e13dc629fccd0ba3e8
L2RAR2_R19_CONF_05_886005__T2_transport_camera_jitter,33,33,1.500000000000001,False,,d41151b23e75153e662a16bbdf99bbc12e78de960eb906a91b7ae557be5d3235
L2RAR2_R19_CONF_05_886005__T2_transport_camera_jitter,34,34,1.500000000000001,False,,d41151b23e75153e662a16bbdf99bbc12e78de960eb906a91b7ae557be5d3235
L2RAR2_R19_CONF_05_886005__T2_transport_camera_jitter,35,35,1.5500000000000012,False,,b16f92629377381e5655ea7e8ff8f4160eb84d126c189206f984aa741b768734
L2RAR2_R19_CONF_05_886005__T2_transport_camera_jitter,36,36,1.6000000000000012,False,,76a3c97fe279e5880eb878505d313f69c64a54f167225c88be3b6cc43e871921
L2RAR2_R19_CONF_05_886005__T2_transport_camera_jitter,37,37,1.6500000000000012,False,,962d03d1307c521158b035c50d80ceb7439da35cac25480c9736d4af6fde658c
L2RAR2_R19_CONF_05_886005__T2_transport_camera_jitter,38,38,1.7000000000000013,False,,3a048da884f108b677a627b12aaf538d7b0fcdbeb90f0aeb2a243695922e5955
L2RAR2_R19_CONF_05_886005__T2_transport_camera_jitter,39,39,1.7500000000000013,False,,846a607fdfa599b15767e3757f12b79944c5ec7b4e4b8f28efc5026d0f605674
L2RAR2_R19_CONF_05_886005__T2_transport_camera_jitter,40,40,1.8000000000000014,False,,bc881d0d07acf2b9ca9958da7a85505f6de484551b9111a0ef41f5978c5564c3
L2RAR2_R19_CONF_05_886005__T2_transport_camera_jitter,41,41,1.8500000000000014,False,,6e52a62f441e1c8759be84c1c237bb90140132ad7a44a79b5d6954108db2223a
L2RAR2_R19_CONF_05_886005__T2_transport_camera_jitter,42,42,1.9000000000000015,False,,81918d0893b2f191673f887f7cc30109ac43530720e05ebbe361548e3550a5fd
L2RAR2_R19_CONF_05_886005__T2_transport_camera_jitter,43,43,1.9500000000000015,False,,0a9f775d32d5d1ab3f2e2dd1c7461a78278b9a90a097a37f78104ffdf1cf619d
L2RAR2_R19_CONF_05_886005__T2_transport_camera_jitter,44,44,2.0000000000000013,False,,faf3f130d3a88bb37faca13c9008acf0e3beae79373cf3688682be10e67a4e4b
L2RAR2_R19_CONF_05_886005__T2_transport_camera_jitter,45,45,2.0500000000000003,False,,9866d4d9ecea17c42220e07e922647a9553f273b63638bcf897673fdbe5fed81
L2RAR2_R19_CONF_05_886005__T2_transport_camera_jitter,46,46,2.099999999999999,False,,d5ae418f99ce055d0059bb98248ac7e86ac4ae30efde40a989d418460a4bf136
L2RAR2_R19_CONF_05_886005__T2_transport_camera_jitter,47,47,2.149999999999998,False,,4d614f31fa84d4d22e4002040c093413f1b3b640815aa566f7654ac6a8a2e1ef
L2RAR2_R19_CONF_05_886005__T2_transport_camera_jitter,48,48,2.199999999999997,False,,1a306e67250b55396aa109f282ea16271e061562391be72825feae01d779bb10
L2RAR2_R19_CONF_05_886005__T2_transport_camera_jitter,49,49,2.249999999999996,False,,ca8d4c188c3eaa50b11199baa44c3b6669fd87b9af653aa4f6e700ca14cd4f1c
L2RAR2_R19_CONF_05_886005__T2_transport_camera_jitter,50,50,2.299999999999995,False,,ef5a8b7bd0243a20b7f982063694ef3f6c04a21eb5585502a3883de7219e870b
L2RAR2_R19_CONF_05_886005__T2_transport_camera_jitter,51,51,2.349999999999994,False,,d998bc735cacbebf13a5378109924bb404c1f62b9b171b621dd59bc387d81d8f
L2RAR2_R19_CONF_05_886005__T2_transport_camera_jitter,52,52,2.399999999999993,False,,5e2711746950cf1a59a68968aa4bce48cde3e8728c9c67b7a6cc12c1f22d6a8a
L2RAR2_R19_CONF_05_886005__T2_transport_camera_jitter,53,53,2.4499999999999917,False,,527927ebba832ff6a93c08183aa36176436ac9f662d7d5a73e7cca4309bca6f5
L2RAR2_R19_CONF_05_886005__T2_transport_camera_jitter,54,54,2.4999999999999907,False,,0971e86c9a48835d46c4155f50e96f7868668e7c5481fb66261b3319e848a613
L2RAR2_R19_CONF_05_886005__T2_transport_camera_jitter,55,55,2.4999999999999907,False,,0971e86c9a48835d46c4155f50e96f7868668e7c5481fb66261b3319e848a613
L2RAR2_R19_CONF_05_886005__T3_transport_single_contact_proxy_dropout,0,0,0.0,False,,e5e90784a6beb1da9164934c68b24a3c3c72dee2b019d05cd07c06941b3cf91c
L2RAR2_R19_CONF_05_886005__T3_transport_single_contact_proxy_dropout,1,1,0.05,False,,391ab870e04ac5faa3c4c6b7c5d547756b87f66502aadf0d15cc49ccae5c70df
L2RAR2_R19_CONF_05_886005__T3_transport_single_contact_proxy_dropout,2,2,0.09999999999999999,False,,d93c502978e7174eba4d1e6e9be91fd4dfaaec4d041d583ea8bb046545aa2ef7
L2RAR2_R19_CONF_05_886005__T3_transport_single_contact_proxy_dropout,3,3,0.15,False,,330654f67845ce9907a07b29dc8e7527322e80209323edf64c9bc377eee014b1
L2RAR2_R19_CONF_05_886005__T3_transport_single_contact_proxy_dropout,4,4,0.20000000000000004,False,,f78b7e552006d8fc805f4a96b98ceb326408597f6c7bc3b3b4faf9df82fb851a
L2RAR2_R19_CONF_05_886005__T3_transport_single_contact_proxy_dropout,5,5,0.20000000000000004,False,,f78b7e552006d8fc805f4a96b98ceb326408597f6c7bc3b3b4faf9df82fb851a
L2RAR2_R19_CONF_05_886005__T3_transport_single_contact_proxy_dropout,6,6,0.25000000000000006,False,,dda84df1718c5942a7c30998825a5158d5a47875a664f68f651eeaa4b4359e4d
L2RAR2_R19_CONF_05_886005__T3_transport_single_contact_proxy_dropout,7,7,0.3000000000000001,False,,65ef51e012efc83a80e410f769fa2c19eb198e1ed812acc6951e86a4fece45ed
L2RAR2_R19_CONF_05_886005__T3_transport_single_contact_proxy_dropout,8,8,0.3000000000000001,False,,65ef51e012efc83a80e410f769fa2c19eb198e1ed812acc6951e86a4fece45ed
L2RAR2_R19_CONF_05_886005__T3_transport_single_contact_proxy_dropout,9,9,0.35000000000000014,False,,ca7773d45bb872ab29470f612c03c886bd207adbcd179cb4af801c911ab7e53c
L2RAR2_R19_CONF_05_886005__T3_transport_single_contact_proxy_dropout,10,10,0.4000000000000002,False,,518fb202127af2a103c10cf26dd77ccc22df1ee10488b2a821fb4d59737b10d2
L2RAR2_R19_CONF_05_886005__T3_transport_single_contact_proxy_dropout,11,11,0.45000000000000023,False,,0f82e2fcdc87c10a1b790e73d636cbc66d48af46ac8ccadca168c75e4637766f
L2RAR2_R19_CONF_05_886005__T3_transport_single_contact_proxy_dropout,12,12,0.5000000000000002,False,,0e492401906575c3364b00fb1fcf988add3e465a6f899fddd58ea06b3bca34b2
L2RAR2_R19_CONF_05_886005__T3_transport_single_contact_proxy_dropout,13,13,0.5000000000000002,False,,0e492401906575c3364b00fb1fcf988add3e465a6f899fddd58ea06b3bca34b2
L2RAR2_R19_CONF_05_886005__T3_transport_single_contact_proxy_dropout,14,14,0.5500000000000003,False,,bc2e1a4157bbf60fdad4f81b47671ac11d2241a4e1e32a35211be9693b073878
L2RAR2_R19_CONF_05_886005__T3_transport_single_contact_proxy_dropout,15,15,0.6000000000000003,False,,1718e4461e6498a45c11bb3db021a49bf2e40cce721bbbd43d1d8fff4246c254
L2RAR2_R19_CONF_05_886005__T3_transport_single_contact_proxy_dropout,16,16,0.6500000000000004,False,,ccf7813994a8c0fff6f1842cbdd6502b07924c2cd4758a1524b0304cb15d25fd
L2RAR2_R19_CONF_05_886005__T3_transport_single_contact_proxy_dropout,17,17,0.7000000000000004,False,,2726aa0305691859600bf88d17ca457703938a30cb080d470b5fa3a790e10176
L2RAR2_R19_CONF_05_886005__T3_transport_single_contact_proxy_dropout,18,18,0.7500000000000004,False,,da99a1e61f17abe356de87197b36b6eccf698373a86f83760da3d942dbdeff51
L2RAR2_R19_CONF_05_886005__T3_transport_single_contact_proxy_dropout,19,19,0.8000000000000005,False,,9de8328efb04294bc30f4093a9e4d7d6c4fdb435c7637d57a8b30184c3fb5e29
L2RAR2_R19_CONF_05_886005__T3_transport_single_contact_proxy_dropout,20,20,0.8500000000000005,False,,7d506c3181181a187e4767a21f2ed68a14297ce3d8e45e9a1c1b2309512cd240
L2RAR2_R19_CONF_05_886005__T3_transport_single_contact_proxy_dropout,21,21,0.9000000000000006,False,,ade084109accf026c91cceafb10996fd4f0f135e1ea3fa96f6607411888aa59e
L2RAR2_R19_CONF_05_886005__T3_transport_single_contact_proxy_dropout,22,22,0.9500000000000006,False,,64bef5d111b648d0ca1466f70b17a1edeaed539d050f6a4f4a2b86d069832635
L2RAR2_R19_CONF_05_886005__T3_transport_single_contact_proxy_dropout,23,23,1.0000000000000007,False,,a362eeb9a0d9ca4e205e4d1ced95d83024e1e9261b2cb3a7f16a4ba312bc13b4
L2RAR2_R19_CONF_05_886005__T3_transport_single_contact_proxy_dropout,24,24,1.0500000000000007,False,,50eb42b5b728f9416329ca177ca933143f9340e7739c87523faaea5551ad1433
L2RAR2_R19_CONF_05_886005__T3_transport_single_contact_proxy_dropout,25,25,1.1000000000000008,False,,88df748b5856b749f7c7d578b81ad5749cab399bf594871ba86315e1ebf82d4b
L2RAR2_R19_CONF_05_886005__T3_transport_single_contact_proxy_dropout,26,26,1.1500000000000008,False,,6ece63a1102b5acf621a9cdda8bd8b97b48e0a994b3025ac292cf46eda1b0869
L2RAR2_R19_CONF_05_886005__T3_transport_single_contact_proxy_dropout,27,27,1.2000000000000008,False,,97f5df717595851df4ca2d40185e409aa112cebed2f848f0360ee5bac32b7538
L2RAR2_R19_CONF_05_886005__T3_transport_single_contact_proxy_dropout,28,28,1.2500000000000009,False,,7ee7d3256f2c217e4832652dac324cbb31dbd4b854cd83fbb7bb922f45ebe281
L2RAR2_R19_CONF_05_886005__T3_transport_single_contact_proxy_dropout,29,29,1.300000000000001,False,T3_SINGLE_FALSE,2d71ed8b4a12cb0957e3805aa8ec114f54466845169e72329850e9161a1fea0b
L2RAR2_R19_CONF_05_886005__T3_transport_single_contact_proxy_dropout,30,30,1.350000000000001,False,,1bf047eb77d20aafd98225072fbcf72fae62c25bb09f19b65e9b0c42d29859ed
L2RAR2_R19_CONF_05_886005__T3_transport_single_contact_proxy_dropout,31,31,1.400000000000001,False,,4e14191d9cde43534bf14df53a78760e6aa9082fbc307dabdca45fd1581156fb
L2RAR2_R19_CONF_05_886005__T3_transport_single_contact_proxy_dropout,32,32,1.450000000000001,False,,0396be861a3d48420d85a8c60f49a8061105f35f3aac166fda86caf290ee8494
L2RAR2_R19_CONF_05_886005__T3_transport_single_contact_proxy_dropout,33,33,1.500000000000001,False,,bbac5b502a89a8f4b075064a1f6072f246fe7814a3c122303f95b72aaa4600f4
L2RAR2_R19_CONF_05_886005__T3_transport_single_contact_proxy_dropout,34,34,1.500000000000001,False,,bbac5b502a89a8f4b075064a1f6072f246fe7814a3c122303f95b72aaa4600f4
L2RAR2_R19_CONF_05_886005__T3_transport_single_contact_proxy_dropout,35,35,1.5500000000000012,False,,b16f92629377381e5655ea7e8ff8f4160eb84d126c189206f984aa741b768734
L2RAR2_R19_CONF_05_886005__T3_transport_single_contact_proxy_dropout,36,36,1.6000000000000012,False,,93a53e6afb7eda3f5bff1a1ecf288e8f5b0181e531aff72aebb5d17b094347df
L2RAR2_R19_CONF_05_886005__T3_transport_single_contact_proxy_dropout,37,37,1.6500000000000012,False,,cceadf56e2696e4d2ecd063d189cfffb35c38c982f8212d6a1b680239011c6d4
L2RAR2_R19_CONF_05_886005__T3_transport_single_contact_proxy_dropout,38,38,1.7000000000000013,False,,a344e155a8a32016a37ef1d9b932f9e857bc9cea8327d137eeac632cdd684bbe
L2RAR2_R19_CONF_05_886005__T3_transport_single_contact_proxy_dropout,39,39,1.7500000000000013,False,,846a607fdfa599b15767e3757f12b79944c5ec7b4e4b8f28efc5026d0f605674
L2RAR2_R19_CONF_05_886005__T3_transport_single_contact_proxy_dropout,40,40,1.8000000000000014,False,,0275ddfd87de115f25aff6bbfba2e704106607b714b15eb6f6f45b411e635306
L2RAR2_R19_CONF_05_886005__T3_transport_single_contact_proxy_dropout,41,41,1.8500000000000014,False,,0227902ad3b0b9fb584da0b75c9a441d4c95e8d59df0145f9e844a1b96f90dbc
L2RAR2_R19_CONF_05_886005__T3_transport_single_contact_proxy_dropout,42,42,1.9000000000000015,False,,19b28c3f423cf131ae5cc2b2ac1b3a7c7dc5e1c96190af0d63d61de370c8f485
L2RAR2_R19_CONF_05_886005__T3_transport_single_contact_proxy_dropout,43,43,1.9500000000000015,False,,0a9f775d32d5d1ab3f2e2dd1c7461a78278b9a90a097a37f78104ffdf1cf619d
L2RAR2_R19_CONF_05_886005__T3_transport_single_contact_proxy_dropout,44,44,2.0000000000000013,False,,fc3771cabca54142c79d799f185f0c0b1e1cd895ee2d0b03c5b6fb49f2573def
L2RAR2_R19_CONF_05_886005__T3_transport_single_contact_proxy_dropout,45,45,2.0500000000000003,False,,079ab34c33a194e91f2fde29548fcd17d091eb0ad0aa9440ac4298f0e687c06e
L2RAR2_R19_CONF_05_886005__T3_transport_single_contact_proxy_dropout,46,46,2.099999999999999,False,,a68e6a16006f9070de5a7c6b044b0fc2fce17971bbebd19e20deb8f261086c11
L2RAR2_R19_CONF_05_886005__T3_transport_single_contact_proxy_dropout,47,47,2.149999999999998,False,,4d614f31fa84d4d22e4002040c093413f1b3b640815aa566f7654ac6a8a2e1ef
L2RAR2_R19_CONF_05_886005__T3_transport_single_contact_proxy_dropout,48,48,2.199999999999997,False,,d998bc735cacbebf13a5378109924bb404c1f62b9b171b621dd59bc387d81d8f
L2RAR2_R19_CONF_05_886005__T3_transport_single_contact_proxy_dropout,49,49,2.249999999999996,False,,d998bc735cacbebf13a5378109924bb404c1f62b9b171b621dd59bc387d81d8f
L2RAR2_R19_CONF_05_886005__T3_transport_single_contact_proxy_dropout,50,50,2.299999999999995,False,,d998bc735cacbebf13a5378109924bb404c1f62b9b171b621dd59bc387d81d8f
L2RAR2_R19_CONF_05_886005__T3_transport_single_contact_proxy_dropout,51,51,2.349999999999994,False,,d998bc735cacbebf13a5378109924bb404c1f62b9b171b621dd59bc387d81d8f
L2RAR2_R19_CONF_05_886005__T3_transport_single_contact_proxy_dropout,52,52,2.399999999999993,False,,ffc283cc1e0d9c5780df4e5d5ade29cb8237ed7de62aee9f5caca41d9b471e71
L2RAR2_R19_CONF_05_886005__T3_transport_single_contact_proxy_dropout,53,53,2.4499999999999917,False,,f6e72171bc797ea07e9d30a7a2c137d0947a90bd508b7333adf6040cb49172a6
L2RAR2_R19_CONF_05_886005__T3_transport_single_contact_proxy_dropout,54,54,2.4999999999999907,False,,9158d2f696420ab7b1d3c98997e31b9ec7343218b8137681ec59adaa919c6dcd
L2RAR2_R19_CONF_05_886005__T3_transport_single_contact_proxy_dropout,55,55,2.4999999999999907,False,,9158d2f696420ab7b1d3c98997e31b9ec7343218b8137681ec59adaa919c6dcd
L2RAR2_R19_CONF_05_886005__T4_transport_same_time_contact_false_then_true,0,0,0.0,False,,e5e90784a6beb1da9164934c68b24a3c3c72dee2b019d05cd07c06941b3cf91c
L2RAR2_R19_CONF_05_886005__T4_transport_same_time_contact_false_then_true,1,1,0.05,False,,391ab870e04ac5faa3c4c6b7c5d547756b87f66502aadf0d15cc49ccae5c70df
L2RAR2_R19_CONF_05_886005__T4_transport_same_time_contact_false_then_true,2,2,0.09999999999999999,False,,d93c502978e7174eba4d1e6e9be91fd4dfaaec4d041d583ea8bb046545aa2ef7
L2RAR2_R19_CONF_05_886005__T4_transport_same_time_contact_false_then_true,3,3,0.15,False,,330654f67845ce9907a07b29dc8e7527322e80209323edf64c9bc377eee014b1
L2RAR2_R19_CONF_05_886005__T4_transport_same_time_contact_false_then_true,4,4,0.20000000000000004,False,,f78b7e552006d8fc805f4a96b98ceb326408597f6c7bc3b3b4faf9df82fb851a
L2RAR2_R19_CONF_05_886005__T4_transport_same_time_contact_false_then_true,5,5,0.20000000000000004,False,,f78b7e552006d8fc805f4a96b98ceb326408597f6c7bc3b3b4faf9df82fb851a
L2RAR2_R19_CONF_05_886005__T4_transport_same_time_contact_false_then_true,6,6,0.25000000000000006,False,,dda84df1718c5942a7c30998825a5158d5a47875a664f68f651eeaa4b4359e4d
L2RAR2_R19_CONF_05_886005__T4_transport_same_time_contact_false_then_true,7,7,0.3000000000000001,False,,65ef51e012efc83a80e410f769fa2c19eb198e1ed812acc6951e86a4fece45ed
L2RAR2_R19_CONF_05_886005__T4_transport_same_time_contact_false_then_true,8,8,0.3000000000000001,False,,65ef51e012efc83a80e410f769fa2c19eb198e1ed812acc6951e86a4fece45ed
L2RAR2_R19_CONF_05_886005__T4_transport_same_time_contact_false_then_true,9,9,0.35000000000000014,False,,ca7773d45bb872ab29470f612c03c886bd207adbcd179cb4af801c911ab7e53c
L2RAR2_R19_CONF_05_886005__T4_transport_same_time_contact_false_then_true,10,10,0.4000000000000002,False,,518fb202127af2a103c10cf26dd77ccc22df1ee10488b2a821fb4d59737b10d2
L2RAR2_R19_CONF_05_886005__T4_transport_same_time_contact_false_then_true,11,11,0.45000000000000023,False,,0f82e2fcdc87c10a1b790e73d636cbc66d48af46ac8ccadca168c75e4637766f
L2RAR2_R19_CONF_05_886005__T4_transport_same_time_contact_false_then_true,12,12,0.5000000000000002,False,,0e492401906575c3364b00fb1fcf988add3e465a6f899fddd58ea06b3bca34b2
L2RAR2_R19_CONF_05_886005__T4_transport_same_time_contact_false_then_true,13,13,0.5000000000000002,False,,0e492401906575c3364b00fb1fcf988add3e465a6f899fddd58ea06b3bca34b2
L2RAR2_R19_CONF_05_886005__T4_transport_same_time_contact_false_then_true,14,14,0.5500000000000003,False,,bc2e1a4157bbf60fdad4f81b47671ac11d2241a4e1e32a35211be9693b073878
L2RAR2_R19_CONF_05_886005__T4_transport_same_time_contact_false_then_true,15,15,0.6000000000000003,False,,1718e4461e6498a45c11bb3db021a49bf2e40cce721bbbd43d1d8fff4246c254
L2RAR2_R19_CONF_05_886005__T4_transport_same_time_contact_false_then_true,16,16,0.6500000000000004,False,,ccf7813994a8c0fff6f1842cbdd6502b07924c2cd4758a1524b0304cb15d25fd
L2RAR2_R19_CONF_05_886005__T4_transport_same_time_contact_false_then_true,17,17,0.7000000000000004,False,,2726aa0305691859600bf88d17ca457703938a30cb080d470b5fa3a790e10176
L2RAR2_R19_CONF_05_886005__T4_transport_same_time_contact_false_then_true,18,18,0.7500000000000004,False,,da99a1e61f17abe356de87197b36b6eccf698373a86f83760da3d942dbdeff51
L2RAR2_R19_CONF_05_886005__T4_transport_same_time_contact_false_then_true,19,19,0.8000000000000005,False,,9de8328efb04294bc30f4093a9e4d7d6c4fdb435c7637d57a8b30184c3fb5e29
L2RAR2_R19_CONF_05_886005__T4_transport_same_time_contact_false_then_true,20,20,0.8500000000000005,False,,7d506c3181181a187e4767a21f2ed68a14297ce3d8e45e9a1c1b2309512cd240
L2RAR2_R19_CONF_05_886005__T4_transport_same_time_contact_false_then_true,21,21,0.9000000000000006,False,,ade084109accf026c91cceafb10996fd4f0f135e1ea3fa96f6607411888aa59e
L2RAR2_R19_CONF_05_886005__T4_transport_same_time_contact_false_then_true,22,22,0.9500000000000006,False,,64bef5d111b648d0ca1466f70b17a1edeaed539d050f6a4f4a2b86d069832635
L2RAR2_R19_CONF_05_886005__T4_transport_same_time_contact_false_then_true,23,23,1.0000000000000007,False,,a362eeb9a0d9ca4e205e4d1ced95d83024e1e9261b2cb3a7f16a4ba312bc13b4
L2RAR2_R19_CONF_05_886005__T4_transport_same_time_contact_false_then_true,24,24,1.0500000000000007,False,,50eb42b5b728f9416329ca177ca933143f9340e7739c87523faaea5551ad1433
L2RAR2_R19_CONF_05_886005__T4_transport_same_time_contact_false_then_true,25,25,1.1000000000000008,False,,88df748b5856b749f7c7d578b81ad5749cab399bf594871ba86315e1ebf82d4b
L2RAR2_R19_CONF_05_886005__T4_transport_same_time_contact_false_then_true,26,26,1.1500000000000008,False,,6ece63a1102b5acf621a9cdda8bd8b97b48e0a994b3025ac292cf46eda1b0869
L2RAR2_R19_CONF_05_886005__T4_transport_same_time_contact_false_then_true,27,27,1.2000000000000008,False,,97f5df717595851df4ca2d40185e409aa112cebed2f848f0360ee5bac32b7538
L2RAR2_R19_CONF_05_886005__T4_transport_same_time_contact_false_then_true,28,28,1.2500000000000009,False,,7ee7d3256f2c217e4832652dac324cbb31dbd4b854cd83fbb7bb922f45ebe281
L2RAR2_R19_CONF_05_886005__T4_transport_same_time_contact_false_then_true,29,29,1.300000000000001,False,T4_FALSE_A,2d71ed8b4a12cb0957e3805aa8ec114f54466845169e72329850e9161a1fea0b
L2RAR2_R19_CONF_05_886005__T4_transport_same_time_contact_false_then_true,29,30,1.300000000000001,True,T4_TRUE_B,2d71ed8b4a12cb0957e3805aa8ec114f54466845169e72329850e9161a1fea0b
L2RAR2_R19_CONF_05_886005__T4_transport_same_time_contact_false_then_true,30,31,1.350000000000001,False,,1bf047eb77d20aafd98225072fbcf72fae62c25bb09f19b65e9b0c42d29859ed
L2RAR2_R19_CONF_05_886005__T4_transport_same_time_contact_false_then_true,31,32,1.400000000000001,False,,4e14191d9cde43534bf14df53a78760e6aa9082fbc307dabdca45fd1581156fb
L2RAR2_R19_CONF_05_886005__T4_transport_same_time_contact_false_then_true,32,33,1.450000000000001,False,,0396be861a3d48420d85a8c60f49a8061105f35f3aac166fda86caf290ee8494
L2RAR2_R19_CONF_05_886005__T4_transport_same_time_contact_false_then_true,33,34,1.500000000000001,False,,bbac5b502a89a8f4b075064a1f6072f246fe7814a3c122303f95b72aaa4600f4
L2RAR2_R19_CONF_05_886005__T4_transport_same_time_contact_false_then_true,34,35,1.500000000000001,False,,bbac5b502a89a8f4b075064a1f6072f246fe7814a3c122303f95b72aaa4600f4
L2RAR2_R19_CONF_05_886005__T4_transport_same_time_contact_false_then_true,35,36,1.5500000000000012,False,,b16f92629377381e5655ea7e8ff8f4160eb84d126c189206f984aa741b768734
L2RAR2_R19_CONF_05_886005__T4_transport_same_time_contact_false_then_true,36,37,1.6000000000000012,False,,93a53e6afb7eda3f5bff1a1ecf288e8f5b0181e531aff72aebb5d17b094347df
L2RAR2_R19_CONF_05_886005__T4_transport_same_time_contact_false_then_true,37,38,1.6500000000000012,False,,cceadf56e2696e4d2ecd063d189cfffb35c38c982f8212d6a1b680239011c6d4
L2RAR2_R19_CONF_05_886005__T4_transport_same_time_contact_false_then_true,38,39,1.7000000000000013,False,,a344e155a8a32016a37ef1d9b932f9e857bc9cea8327d137eeac632cdd684bbe
L2RAR2_R19_CONF_05_886005__T4_transport_same_time_contact_false_then_true,39,40,1.7500000000000013,False,,846a607fdfa599b15767e3757f12b79944c5ec7b4e4b8f28efc5026d0f605674
L2RAR2_R19_CONF_05_886005__T4_transport_same_time_contact_false_then_true,40,41,1.8000000000000014,False,,0275ddfd87de115f25aff6bbfba2e704106607b714b15eb6f6f45b411e635306
L2RAR2_R19_CONF_05_886005__T4_transport_same_time_contact_false_then_true,41,42,1.8500000000000014,False,,0227902ad3b0b9fb584da0b75c9a441d4c95e8d59df0145f9e844a1b96f90dbc
L2RAR2_R19_CONF_05_886005__T4_transport_same_time_contact_false_then_true,42,43,1.9000000000000015,False,,19b28c3f423cf131ae5cc2b2ac1b3a7c7dc5e1c96190af0d63d61de370c8f485
L2RAR2_R19_CONF_05_886005__T4_transport_same_time_contact_false_then_true,43,44,1.9500000000000015,False,,0a9f775d32d5d1ab3f2e2dd1c7461a78278b9a90a097a37f78104ffdf1cf619d
L2RAR2_R19_CONF_05_886005__T4_transport_same_time_contact_false_then_true,44,45,2.0000000000000013,False,,fc3771cabca54142c79d799f185f0c0b1e1cd895ee2d0b03c5b6fb49f2573def
L2RAR2_R19_CONF_05_886005__T4_transport_same_time_contact_false_then_true,45,46,2.0500000000000003,False,,079ab34c33a194e91f2fde29548fcd17d091eb0ad0aa9440ac4298f0e687c06e
L2RAR2_R19_CONF_05_886005__T4_transport_same_time_contact_false_then_true,46,47,2.099999999999999,False,,a68e6a16006f9070de5a7c6b044b0fc2fce17971bbebd19e20deb8f261086c11
L2RAR2_R19_CONF_05_886005__T4_transport_same_time_contact_false_then_true,47,48,2.149999999999998,False,,4d614f31fa84d4d22e4002040c093413f1b3b640815aa566f7654ac6a8a2e1ef
L2RAR2_R19_CONF_05_886005__T4_transport_same_time_contact_false_then_true,48,49,2.199999999999997,False,,d998bc735cacbebf13a5378109924bb404c1f62b9b171b621dd59bc387d81d8f
L2RAR2_R19_CONF_05_886005__T4_transport_same_time_contact_false_then_true,49,50,2.249999999999996,False,,d998bc735cacbebf13a5378109924bb404c1f62b9b171b621dd59bc387d81d8f
L2RAR2_R19_CONF_05_886005__T4_transport_same_time_contact_false_then_true,50,51,2.299999999999995,False,,d998bc735cacbebf13a5378109924bb404c1f62b9b171b621dd59bc387d81d8f
L2RAR2_R19_CONF_05_886005__T4_transport_same_time_contact_false_then_true,51,52,2.349999999999994,False,,d998bc735cacbebf13a5378109924bb404c1f62b9b171b621dd59bc387d81d8f
L2RAR2_R19_CONF_05_886005__T4_transport_same_time_contact_false_then_true,52,53,2.399999999999993,False,,ffc283cc1e0d9c5780df4e5d5ade29cb8237ed7de62aee9f5caca41d9b471e71
L2RAR2_R19_CONF_05_886005__T4_transport_same_time_contact_false_then_true,53,54,2.4499999999999917,False,,f6e72171bc797ea07e9d30a7a2c137d0947a90bd508b7333adf6040cb49172a6
L2RAR2_R19_CONF_05_886005__T4_transport_same_time_contact_false_then_true,54,55,2.4999999999999907,False,,9158d2f696420ab7b1d3c98997e31b9ec7343218b8137681ec59adaa919c6dcd
L2RAR2_R19_CONF_05_886005__T4_transport_same_time_contact_false_then_true,55,56,2.4999999999999907,False,,9158d2f696420ab7b1d3c98997e31b9ec7343218b8137681ec59adaa919c6dcd
L2RAR2_R19_CONF_05_886005__T5_transport_weak_outcome,0,0,0.0,False,,e5e90784a6beb1da9164934c68b24a3c3c72dee2b019d05cd07c06941b3cf91c
L2RAR2_R19_CONF_05_886005__T5_transport_weak_outcome,1,1,0.05,False,,391ab870e04ac5faa3c4c6b7c5d547756b87f66502aadf0d15cc49ccae5c70df
L2RAR2_R19_CONF_05_886005__T5_transport_weak_outcome,2,2,0.09999999999999999,False,,d93c502978e7174eba4d1e6e9be91fd4dfaaec4d041d583ea8bb046545aa2ef7
L2RAR2_R19_CONF_05_886005__T5_transport_weak_outcome,3,3,0.15,False,,330654f67845ce9907a07b29dc8e7527322e80209323edf64c9bc377eee014b1
L2RAR2_R19_CONF_05_886005__T5_transport_weak_outcome,4,4,0.20000000000000004,False,,f78b7e552006d8fc805f4a96b98ceb326408597f6c7bc3b3b4faf9df82fb851a
L2RAR2_R19_CONF_05_886005__T5_transport_weak_outcome,5,5,0.20000000000000004,False,,f78b7e552006d8fc805f4a96b98ceb326408597f6c7bc3b3b4faf9df82fb851a
L2RAR2_R19_CONF_05_886005__T5_transport_weak_outcome,6,6,0.25000000000000006,False,,dda84df1718c5942a7c30998825a5158d5a47875a664f68f651eeaa4b4359e4d
L2RAR2_R19_CONF_05_886005__T5_transport_weak_outcome,7,7,0.3000000000000001,False,,65ef51e012efc83a80e410f769fa2c19eb198e1ed812acc6951e86a4fece45ed
L2RAR2_R19_CONF_05_886005__T5_transport_weak_outcome,8,8,0.3000000000000001,False,,65ef51e012efc83a80e410f769fa2c19eb198e1ed812acc6951e86a4fece45ed
L2RAR2_R19_CONF_05_886005__T5_transport_weak_outcome,9,9,0.35000000000000014,False,,ca7773d45bb872ab29470f612c03c886bd207adbcd179cb4af801c911ab7e53c
L2RAR2_R19_CONF_05_886005__T5_transport_weak_outcome,10,10,0.4000000000000002,False,,518fb202127af2a103c10cf26dd77ccc22df1ee10488b2a821fb4d59737b10d2
L2RAR2_R19_CONF_05_886005__T5_transport_weak_outcome,11,11,0.45000000000000023,False,,0f82e2fcdc87c10a1b790e73d636cbc66d48af46ac8ccadca168c75e4637766f
L2RAR2_R19_CONF_05_886005__T5_transport_weak_outcome,12,12,0.5000000000000002,False,,0e492401906575c3364b00fb1fcf988add3e465a6f899fddd58ea06b3bca34b2
L2RAR2_R19_CONF_05_886005__T5_transport_weak_outcome,13,13,0.5000000000000002,False,,0e492401906575c3364b00fb1fcf988add3e465a6f899fddd58ea06b3bca34b2
L2RAR2_R19_CONF_05_886005__T5_transport_weak_outcome,14,14,0.5500000000000003,False,,bc2e1a4157bbf60fdad4f81b47671ac11d2241a4e1e32a35211be9693b073878
L2RAR2_R19_CONF_05_886005__T5_transport_weak_outcome,15,15,0.6000000000000003,False,,1718e4461e6498a45c11bb3db021a49bf2e40cce721bbbd43d1d8fff4246c254
L2RAR2_R19_CONF_05_886005__T5_transport_weak_outcome,16,16,0.6500000000000004,False,,ccf7813994a8c0fff6f1842cbdd6502b07924c2cd4758a1524b0304cb15d25fd
L2RAR2_R19_CONF_05_886005__T5_transport_weak_outcome,17,17,0.7000000000000004,False,,2726aa0305691859600bf88d17ca457703938a30cb080d470b5fa3a790e10176
L2RAR2_R19_CONF_05_886005__T5_transport_weak_outcome,18,18,0.7500000000000004,False,,da99a1e61f17abe356de87197b36b6eccf698373a86f83760da3d942dbdeff51
L2RAR2_R19_CONF_05_886005__T5_transport_weak_outcome,19,19,0.8000000000000005,False,,9de8328efb04294bc30f4093a9e4d7d6c4fdb435c7637d57a8b30184c3fb5e29
L2RAR2_R19_CONF_05_886005__T5_transport_weak_outcome,20,20,0.8500000000000005,False,,7d506c3181181a187e4767a21f2ed68a14297ce3d8e45e9a1c1b2309512cd240
L2RAR2_R19_CONF_05_886005__T5_transport_weak_outcome,21,21,0.9000000000000006,False,,ade084109accf026c91cceafb10996fd4f0f135e1ea3fa96f6607411888aa59e
L2RAR2_R19_CONF_05_886005__T5_transport_weak_outcome,22,22,0.9500000000000006,False,,64bef5d111b648d0ca1466f70b17a1edeaed539d050f6a4f4a2b86d069832635
L2RAR2_R19_CONF_05_886005__T5_transport_weak_outcome,23,23,1.0000000000000007,False,,a362eeb9a0d9ca4e205e4d1ced95d83024e1e9261b2cb3a7f16a4ba312bc13b4
L2RAR2_R19_CONF_05_886005__T5_transport_weak_outcome,24,24,1.0500000000000007,False,,50eb42b5b728f9416329ca177ca933143f9340e7739c87523faaea5551ad1433
L2RAR2_R19_CONF_05_886005__T5_transport_weak_outcome,25,25,1.1000000000000008,False,,88df748b5856b749f7c7d578b81ad5749cab399bf594871ba86315e1ebf82d4b
L2RAR2_R19_CONF_05_886005__T5_transport_weak_outcome,26,26,1.1500000000000008,False,,6ece63a1102b5acf621a9cdda8bd8b97b48e0a994b3025ac292cf46eda1b0869
L2RAR2_R19_CONF_05_886005__T5_transport_weak_outcome,27,27,1.2000000000000008,False,,97f5df717595851df4ca2d40185e409aa112cebed2f848f0360ee5bac32b7538
L2RAR2_R19_CONF_05_886005__T5_transport_weak_outcome,28,28,1.2500000000000009,False,,7ee7d3256f2c217e4832652dac324cbb31dbd4b854cd83fbb7bb922f45ebe281
L2RAR2_R19_CONF_05_886005__T5_transport_weak_outcome,29,29,1.300000000000001,False,,2d71ed8b4a12cb0957e3805aa8ec114f54466845169e72329850e9161a1fea0b
L2RAR2_R19_CONF_05_886005__T5_transport_weak_outcome,30,30,1.350000000000001,False,,af5724aba6c77fc49972f96fd1fc6b96f092bff14f380f73af9a351fa26aea07
L2RAR2_R19_CONF_05_886005__T5_transport_weak_outcome,31,31,1.400000000000001,False,,f7208449e8dda0f07957a06bd4381db6fa15d0fd39446bbfe0111731eb7d45d2
L2RAR2_R19_CONF_05_886005__T5_transport_weak_outcome,32,32,1.450000000000001,False,,d6cd47fc8b034d1e805d26525fec9e8261b58cf1321ea69f3255fc8512538051
L2RAR2_R19_CONF_05_886005__T5_transport_weak_outcome,33,33,1.500000000000001,False,,6de43ca768935ea230bda9ca5fe21e2f5b4991bf900e13769e350fab58f0a85a
L2RAR2_R19_CONF_05_886005__T5_transport_weak_outcome,34,34,1.5200000000000011,False,,af38b9dd206f5673a1ba329ec68a2e7e632c7c4c8f8f01f7c5d833757994b60d
L2RAR2_R19_CONF_05_886005__T5_transport_weak_outcome,35,35,1.5500000000000012,False,,19fc776a96d70bbbab9c6d898595f5d0227619f20f7a6a27579d3ad02742cd09
L2RAR2_R19_CONF_05_886005__T5_transport_weak_outcome,36,36,1.6000000000000012,False,,35389ffb0517952aff744a44eeaa22bd96916ef410c6dcadd1b897b3fa2288a2
L2RAR2_R19_CONF_05_886005__T5_transport_weak_outcome,37,37,1.6500000000000012,False,,adfcad0ed162e7e7f32eba69cb2d4b265a3b5d1500a4aa5f668acf6ee358a521
L2RAR2_R19_CONF_05_886005__T5_transport_weak_outcome,38,38,1.7000000000000013,False,,4336684db54a6ce0822f87b044db77f8dd18680ce97872c379405f81ccabda3e
L2RAR2_R19_CONF_05_886005__T5_transport_weak_outcome,39,39,1.7200000000000013,False,,d62eb79c0221df9dd42a9fd47ec29c260487c63f4c41c9137451aebbb37429e5
L2RAR2_R19_CONF_05_886005__T5_transport_weak_outcome,40,40,1.7500000000000013,False,,34d0c9ea5425ad917f32c9544393f884682b48596754d774cff37970681becc9
L2RAR2_R19_CONF_05_886005__T5_transport_weak_outcome,41,41,1.8000000000000014,False,,8d1f3451bf6ea837fa33bd3e5a4980708b2c52313b7739202ee1b21a8c048170
L2RAR2_R19_CONF_05_886005__T5_transport_weak_outcome,42,42,1.8500000000000014,False,,93896adc826e4807d6c42e743c4a49629753c4d26679f2daeea7cfa89ff75fca
L2RAR2_R19_CONF_05_886005__T5_transport_weak_outcome,43,43,1.9000000000000015,False,,cc0ed9b90c074e2d3326d29453393f286786e5f2c5f0f49c95b59f3aa4020d91
L2RAR2_R19_CONF_05_886005__T5_transport_weak_outcome,44,44,1.9500000000000015,False,,c173ced066526961c34144a7c04979dd5acb76e2682b7d0567c82bf84b4fdfb3
L2RAR2_R19_CONF_05_886005__T5_transport_weak_outcome,45,45,2.0000000000000013,False,,d07cc624ee70d1b06fe8adbcd6fe21d90e3661b2d8079f23bfff88128aaf42b2
L2RAR2_R19_CONF_05_886005__T5_transport_weak_outcome,46,46,2.0500000000000003,False,,66ea7d43dadfddaeb346021f758eef7bae39e002dc40fdcfdb482c3a51262b45
L2RAR2_R19_CONF_05_886005__T5_transport_weak_outcome,47,47,2.099999999999999,False,,13aca373ba85de09a046c17396350c554fb42f3e335272746697cf9e1bc0f513
L2RAR2_R19_CONF_05_886005__T5_transport_weak_outcome,48,48,2.149999999999998,False,,417b71cc523b66f6a6c963196538bd053f96ef90b0adaf5228e9f394923ef4a2
L2RAR2_R19_CONF_05_886005__T5_transport_weak_outcome,49,49,2.199999999999997,False,,2f811466b136bb3bb030bc923becb4297dc88296c9eef6901c88b233c958a7d4
L2RAR2_R19_CONF_05_886005__T5_transport_weak_outcome,50,50,2.249999999999996,False,,1ab4a0bf601844d78f7e2db53add4bc4488ed251510f8c9c9974e3f56ebecf81
L2RAR2_R19_CONF_05_886005__T5_transport_weak_outcome,51,51,2.299999999999995,False,,9e81d97ecc2e6a3836bc563720217fed777c23cddc170fc1476627414e0ddedd
L2RAR2_R19_CONF_05_886005__T5_transport_weak_outcome,52,52,2.349999999999994,False,,c855ca689e36aa50e423b1abe7c9774bfa5411464786092ca52478eaf50b8c5a
L2RAR2_R19_CONF_05_886005__T5_transport_weak_outcome,53,53,2.399999999999993,False,,817a89a6181bd8adae8ba01e80590b03f0aaec4231e6f2883adb184dd1b49048
L2RAR2_R19_CONF_05_886005__T5_transport_weak_outcome,54,54,2.4499999999999917,False,,c146d943fadd571cc4003db093907ce39278549a37ef578341ec06f55d6e51c1
L2RAR2_R19_CONF_05_886005__T5_transport_weak_outcome,55,55,2.4999999999999907,False,,425f3efad63989f747301df395ea54698aa130c1d0cbcffc4ef5b9f73f962d6a
L2RAR2_R19_CONF_05_886005__T5_transport_weak_outcome,56,56,2.5499999999999896,False,,9f6de3b08d485afbfd275ecc41c42bead945d40eda2b40eb2b1744a72ba357e3
L2RAR2_R19_CONF_05_886005__T5_transport_weak_outcome,57,57,2.5999999999999885,False,,df3aab599635397345dc76b03e3a4a4421a371b3da3c2b4ae22196c8f692a5cd
L2RAR2_R19_CONF_05_886005__T5_transport_weak_outcome,58,58,2.6499999999999875,False,,d5bfc331d301bd65ae80c554831122199f645fbb55030c34dc782a481c879e0a
L2RAR2_R19_CONF_05_886005__T5_transport_weak_outcome,59,59,2.6999999999999864,False,,39232d1e3a26218ec50c69bc8c3aaeb7642c54d04052e3745b5f1d09f3de5244
L2RAR2_R19_CONF_05_886005__T5_transport_weak_outcome,60,60,2.719999999999986,False,,75e73ce68b450944fa1aa398b61fe16fb6f93d7a16a96c26b8fd9a8a108d1e6d
L2RAR2_R19_CONF_05_886005__T6_transport_medium_outcome,0,0,0.0,False,,e5e90784a6beb1da9164934c68b24a3c3c72dee2b019d05cd07c06941b3cf91c
L2RAR2_R19_CONF_05_886005__T6_transport_medium_outcome,1,1,0.05,False,,391ab870e04ac5faa3c4c6b7c5d547756b87f66502aadf0d15cc49ccae5c70df
L2RAR2_R19_CONF_05_886005__T6_transport_medium_outcome,2,2,0.09999999999999999,False,,d93c502978e7174eba4d1e6e9be91fd4dfaaec4d041d583ea8bb046545aa2ef7
L2RAR2_R19_CONF_05_886005__T6_transport_medium_outcome,3,3,0.15,False,,330654f67845ce9907a07b29dc8e7527322e80209323edf64c9bc377eee014b1
L2RAR2_R19_CONF_05_886005__T6_transport_medium_outcome,4,4,0.20000000000000004,False,,f78b7e552006d8fc805f4a96b98ceb326408597f6c7bc3b3b4faf9df82fb851a
L2RAR2_R19_CONF_05_886005__T6_transport_medium_outcome,5,5,0.20000000000000004,False,,f78b7e552006d8fc805f4a96b98ceb326408597f6c7bc3b3b4faf9df82fb851a
L2RAR2_R19_CONF_05_886005__T6_transport_medium_outcome,6,6,0.25000000000000006,False,,dda84df1718c5942a7c30998825a5158d5a47875a664f68f651eeaa4b4359e4d
L2RAR2_R19_CONF_05_886005__T6_transport_medium_outcome,7,7,0.3000000000000001,False,,65ef51e012efc83a80e410f769fa2c19eb198e1ed812acc6951e86a4fece45ed
L2RAR2_R19_CONF_05_886005__T6_transport_medium_outcome,8,8,0.3000000000000001,False,,65ef51e012efc83a80e410f769fa2c19eb198e1ed812acc6951e86a4fece45ed
L2RAR2_R19_CONF_05_886005__T6_transport_medium_outcome,9,9,0.35000000000000014,False,,ca7773d45bb872ab29470f612c03c886bd207adbcd179cb4af801c911ab7e53c
L2RAR2_R19_CONF_05_886005__T6_transport_medium_outcome,10,10,0.4000000000000002,False,,518fb202127af2a103c10cf26dd77ccc22df1ee10488b2a821fb4d59737b10d2
L2RAR2_R19_CONF_05_886005__T6_transport_medium_outcome,11,11,0.45000000000000023,False,,0f82e2fcdc87c10a1b790e73d636cbc66d48af46ac8ccadca168c75e4637766f
L2RAR2_R19_CONF_05_886005__T6_transport_medium_outcome,12,12,0.5000000000000002,False,,0e492401906575c3364b00fb1fcf988add3e465a6f899fddd58ea06b3bca34b2
L2RAR2_R19_CONF_05_886005__T6_transport_medium_outcome,13,13,0.5000000000000002,False,,0e492401906575c3364b00fb1fcf988add3e465a6f899fddd58ea06b3bca34b2
L2RAR2_R19_CONF_05_886005__T6_transport_medium_outcome,14,14,0.5500000000000003,False,,bc2e1a4157bbf60fdad4f81b47671ac11d2241a4e1e32a35211be9693b073878
L2RAR2_R19_CONF_05_886005__T6_transport_medium_outcome,15,15,0.6000000000000003,False,,1718e4461e6498a45c11bb3db021a49bf2e40cce721bbbd43d1d8fff4246c254
L2RAR2_R19_CONF_05_886005__T6_transport_medium_outcome,16,16,0.6500000000000004,False,,ccf7813994a8c0fff6f1842cbdd6502b07924c2cd4758a1524b0304cb15d25fd
L2RAR2_R19_CONF_05_886005__T6_transport_medium_outcome,17,17,0.7000000000000004,False,,2726aa0305691859600bf88d17ca457703938a30cb080d470b5fa3a790e10176
L2RAR2_R19_CONF_05_886005__T6_transport_medium_outcome,18,18,0.7500000000000004,False,,da99a1e61f17abe356de87197b36b6eccf698373a86f83760da3d942dbdeff51
L2RAR2_R19_CONF_05_886005__T6_transport_medium_outcome,19,19,0.8000000000000005,False,,9de8328efb04294bc30f4093a9e4d7d6c4fdb435c7637d57a8b30184c3fb5e29
L2RAR2_R19_CONF_05_886005__T6_transport_medium_outcome,20,20,0.8500000000000005,False,,7d506c3181181a187e4767a21f2ed68a14297ce3d8e45e9a1c1b2309512cd240
L2RAR2_R19_CONF_05_886005__T6_transport_medium_outcome,21,21,0.9000000000000006,False,,ade084109accf026c91cceafb10996fd4f0f135e1ea3fa96f6607411888aa59e
L2RAR2_R19_CONF_05_886005__T6_transport_medium_outcome,22,22,0.9500000000000006,False,,64bef5d111b648d0ca1466f70b17a1edeaed539d050f6a4f4a2b86d069832635
L2RAR2_R19_CONF_05_886005__T6_transport_medium_outcome,23,23,1.0000000000000007,False,,a362eeb9a0d9ca4e205e4d1ced95d83024e1e9261b2cb3a7f16a4ba312bc13b4
L2RAR2_R19_CONF_05_886005__T6_transport_medium_outcome,24,24,1.0500000000000007,False,,50eb42b5b728f9416329ca177ca933143f9340e7739c87523faaea5551ad1433
L2RAR2_R19_CONF_05_886005__T6_transport_medium_outcome,25,25,1.1000000000000008,False,,88df748b5856b749f7c7d578b81ad5749cab399bf594871ba86315e1ebf82d4b
L2RAR2_R19_CONF_05_886005__T6_transport_medium_outcome,26,26,1.1500000000000008,False,,6ece63a1102b5acf621a9cdda8bd8b97b48e0a994b3025ac292cf46eda1b0869
L2RAR2_R19_CONF_05_886005__T6_transport_medium_outcome,27,27,1.2000000000000008,False,,97f5df717595851df4ca2d40185e409aa112cebed2f848f0360ee5bac32b7538
L2RAR2_R19_CONF_05_886005__T6_transport_medium_outcome,28,28,1.2500000000000009,False,,7ee7d3256f2c217e4832652dac324cbb31dbd4b854cd83fbb7bb922f45ebe281
L2RAR2_R19_CONF_05_886005__T6_transport_medium_outcome,29,29,1.300000000000001,False,,2d71ed8b4a12cb0957e3805aa8ec114f54466845169e72329850e9161a1fea0b
L2RAR2_R19_CONF_05_886005__T6_transport_medium_outcome,30,30,1.350000000000001,False,,63f5b429d18538c95e5ecdd860f0cce941c96a735e1ce41621926c1b09fe1ecc
L2RAR2_R19_CONF_05_886005__T6_transport_medium_outcome,31,31,1.400000000000001,False,,41841999868ab84a44400c4a0356166457d3eb011839b1f294a9e92464bde94e
L2RAR2_R19_CONF_05_886005__T6_transport_medium_outcome,32,32,1.450000000000001,False,,c5996c3c22cb13a5958d40142aefa987c581e813022f4e63a7c4f9d5565ecf37
L2RAR2_R19_CONF_05_886005__T6_transport_medium_outcome,33,33,1.500000000000001,False,,1e55b0d272a2141091be4933bbec6787abe558e7b89e3dc2f4ac4a0f2c1a8e3d
L2RAR2_R19_CONF_05_886005__T6_transport_medium_outcome,34,34,1.5200000000000011,False,,4e8ff727e8c2b4a6a6ee7612313045aae263d58aef84979c99666d6642551fb5
L2RAR2_R19_CONF_05_886005__T6_transport_medium_outcome,35,35,1.5500000000000012,False,,2ec31ae54fafe1d3cc8f42c8e89b7b65f02b164c5b21fa0c6fd516ca3d0ec9df
L2RAR2_R19_CONF_05_886005__T6_transport_medium_outcome,36,36,1.6000000000000012,False,,71802e85214507faa20d6a2b88b91c8d81d931f2af5ef003b8c190f4c03affff
L2RAR2_R19_CONF_05_886005__T6_transport_medium_outcome,37,37,1.6500000000000012,False,,e54f260746bb6fd5411e78b36272589316489ef836e2ded21c3c48edfffd0bd5
L2RAR2_R19_CONF_05_886005__T6_transport_medium_outcome,38,38,1.7000000000000013,False,,853fcb88fad8c45170551abdb8564acf0b94ed4a2a11536da27c734b34a28776
L2RAR2_R19_CONF_05_886005__T6_transport_medium_outcome,39,39,1.7200000000000013,False,,89b6d0e25cbccb01ba98df7a2472702fe67914702dbe412d00293d903afef2b7
L2RAR2_R19_CONF_05_886005__T6_transport_medium_outcome,40,40,1.7500000000000013,False,,668f0cdf7141cca0abe3bdd97c2b16e3b9adaea1c89eb7669bec45616ee99840
L2RAR2_R19_CONF_05_886005__T6_transport_medium_outcome,41,41,1.8000000000000014,False,,965457d5d28945a3c38d99dda6a6d78c2442fdf65832c1c05fd9903b9bed9720
L2RAR2_R19_CONF_05_886005__T6_transport_medium_outcome,42,42,1.8500000000000014,False,,14a6a13bb3ad46dbc2400e5be14f4ae8e318853fdcd3102dec246341784d8595
L2RAR2_R19_CONF_05_886005__T6_transport_medium_outcome,43,43,1.9000000000000015,False,,ea57ef9da69c7799ccbd9ca32a5e2b37aaaffec35e15c86a7909d07c4f22b178
L2RAR2_R19_CONF_05_886005__T6_transport_medium_outcome,44,44,1.9500000000000015,False,,6a737f7a0203cf777e1168c70930afcade3ba6815ae86200564a76a5f77fd182
L2RAR2_R19_CONF_05_886005__T6_transport_medium_outcome,45,45,2.0000000000000013,False,,0b0d07813c29d639505ec9e7801531e205a6f9d425751a011a7a3ba7f505b774
L2RAR2_R19_CONF_05_886005__T6_transport_medium_outcome,46,46,2.0500000000000003,False,,5d26ece295cd357b84f7c064e86131621b04ab71d69b4e32e91a69d3bdc373b3
L2RAR2_R19_CONF_05_886005__T6_transport_medium_outcome,47,47,2.099999999999999,False,,1cbe562104450529c3d76cf8d9fa6cd224573a4dc020c8e67e74d6a8aee7f669
L2RAR2_R19_CONF_05_886005__T6_transport_medium_outcome,48,48,2.149999999999998,False,,9aea20c502c4a4b99b8cc216618d5c1cc0f5cd23b82840c794d5ef909b5f3778
L2RAR2_R19_CONF_05_886005__T6_transport_medium_outcome,49,49,2.199999999999997,False,,4476ea308803813ee0a065c4548f705c75fa9fe11aecb279d770e8d36e82edd9
L2RAR2_R19_CONF_05_886005__T6_transport_medium_outcome,50,50,2.249999999999996,False,,73be8a3384e8462503bb29926db34bdb537f89b141a9acd097650d97d057e12b
L2RAR2_R19_CONF_05_886005__T6_transport_medium_outcome,51,51,2.299999999999995,False,,e9affa2e9e6881b1725284a7e8daae2492958e75de8cf329ac84e93e2c0aa42f
L2RAR2_R19_CONF_05_886005__T6_transport_medium_outcome,52,52,2.349999999999994,False,,ee993fb09d3d1b5738c1e20e090b6261782cd14c2d55d4795f97095ed3c24e02
L2RAR2_R19_CONF_05_886005__T6_transport_medium_outcome,53,53,2.399999999999993,False,,de7467a9d52c737d128d9e034bf122e60f907fd2ffffb2e66e9993fb46a5098d
L2RAR2_R19_CONF_05_886005__T6_transport_medium_outcome,54,54,2.4499999999999917,False,,ce6548b8ef23ee3432574a798e69c49c9ed5eb52b986ac987524045c4227bdfc
L2RAR2_R19_CONF_05_886005__T6_transport_medium_outcome,55,55,2.4999999999999907,False,,7a5b2e63cf3a7c22297f544cef8c2331f242729d89e2e10caaee49628291cb3f
L2RAR2_R19_CONF_05_886005__T6_transport_medium_outcome,56,56,2.5499999999999896,False,,f1095704545957a6291b97d53ce0b81075ca43ca636ba764004ab36dedacc189
L2RAR2_R19_CONF_05_886005__T6_transport_medium_outcome,57,57,2.5999999999999885,False,,7355a4a4565adc2eac5db26e3611751af5e5e4884e83ccb84d5932df45f6ae07
L2RAR2_R19_CONF_05_886005__T6_transport_medium_outcome,58,58,2.6499999999999875,False,,46a7036b55211274f607625a8c7ec9523da4454c708ef3cea0e7f16a512c53ce
L2RAR2_R19_CONF_05_886005__T6_transport_medium_outcome,59,59,2.6999999999999864,False,,b95deaad47875d180c331fc1cffda822eb035bf242c23884c53b7b87f4ae0455
L2RAR2_R19_CONF_05_886005__T6_transport_medium_outcome,60,60,2.719999999999986,False,,6c2fbef4cb32b82460b284448f8a7b78ff29d23de4ff6a4c501315923c3205ea
L2RAR2_R19_CONF_05_886005__T7_transport_strong_phase_00ms,0,0,0.0,False,,e5e90784a6beb1da9164934c68b24a3c3c72dee2b019d05cd07c06941b3cf91c
L2RAR2_R19_CONF_05_886005__T7_transport_strong_phase_00ms,1,1,0.05,False,,391ab870e04ac5faa3c4c6b7c5d547756b87f66502aadf0d15cc49ccae5c70df
L2RAR2_R19_CONF_05_886005__T7_transport_strong_phase_00ms,2,2,0.09999999999999999,False,,d93c502978e7174eba4d1e6e9be91fd4dfaaec4d041d583ea8bb046545aa2ef7
L2RAR2_R19_CONF_05_886005__T7_transport_strong_phase_00ms,3,3,0.15,False,,330654f67845ce9907a07b29dc8e7527322e80209323edf64c9bc377eee014b1
L2RAR2_R19_CONF_05_886005__T7_transport_strong_phase_00ms,4,4,0.20000000000000004,False,,f78b7e552006d8fc805f4a96b98ceb326408597f6c7bc3b3b4faf9df82fb851a
L2RAR2_R19_CONF_05_886005__T7_transport_strong_phase_00ms,5,5,0.20000000000000004,False,,f78b7e552006d8fc805f4a96b98ceb326408597f6c7bc3b3b4faf9df82fb851a
L2RAR2_R19_CONF_05_886005__T7_transport_strong_phase_00ms,6,6,0.25000000000000006,False,,dda84df1718c5942a7c30998825a5158d5a47875a664f68f651eeaa4b4359e4d
L2RAR2_R19_CONF_05_886005__T7_transport_strong_phase_00ms,7,7,0.3000000000000001,False,,65ef51e012efc83a80e410f769fa2c19eb198e1ed812acc6951e86a4fece45ed
L2RAR2_R19_CONF_05_886005__T7_transport_strong_phase_00ms,8,8,0.3000000000000001,False,,65ef51e012efc83a80e410f769fa2c19eb198e1ed812acc6951e86a4fece45ed
L2RAR2_R19_CONF_05_886005__T7_transport_strong_phase_00ms,9,9,0.35000000000000014,False,,ca7773d45bb872ab29470f612c03c886bd207adbcd179cb4af801c911ab7e53c
L2RAR2_R19_CONF_05_886005__T7_transport_strong_phase_00ms,10,10,0.4000000000000002,False,,518fb202127af2a103c10cf26dd77ccc22df1ee10488b2a821fb4d59737b10d2
L2RAR2_R19_CONF_05_886005__T7_transport_strong_phase_00ms,11,11,0.45000000000000023,False,,0f82e2fcdc87c10a1b790e73d636cbc66d48af46ac8ccadca168c75e4637766f
L2RAR2_R19_CONF_05_886005__T7_transport_strong_phase_00ms,12,12,0.5000000000000002,False,,0e492401906575c3364b00fb1fcf988add3e465a6f899fddd58ea06b3bca34b2
L2RAR2_R19_CONF_05_886005__T7_transport_strong_phase_00ms,13,13,0.5000000000000002,False,,0e492401906575c3364b00fb1fcf988add3e465a6f899fddd58ea06b3bca34b2
L2RAR2_R19_CONF_05_886005__T7_transport_strong_phase_00ms,14,14,0.5500000000000003,False,,bc2e1a4157bbf60fdad4f81b47671ac11d2241a4e1e32a35211be9693b073878
L2RAR2_R19_CONF_05_886005__T7_transport_strong_phase_00ms,15,15,0.6000000000000003,False,,1718e4461e6498a45c11bb3db021a49bf2e40cce721bbbd43d1d8fff4246c254
L2RAR2_R19_CONF_05_886005__T7_transport_strong_phase_00ms,16,16,0.6500000000000004,False,,ccf7813994a8c0fff6f1842cbdd6502b07924c2cd4758a1524b0304cb15d25fd
L2RAR2_R19_CONF_05_886005__T7_transport_strong_phase_00ms,17,17,0.7000000000000004,False,,2726aa0305691859600bf88d17ca457703938a30cb080d470b5fa3a790e10176
L2RAR2_R19_CONF_05_886005__T7_transport_strong_phase_00ms,18,18,0.7500000000000004,False,,da99a1e61f17abe356de87197b36b6eccf698373a86f83760da3d942dbdeff51
L2RAR2_R19_CONF_05_886005__T7_transport_strong_phase_00ms,19,19,0.8000000000000005,False,,9de8328efb04294bc30f4093a9e4d7d6c4fdb435c7637d57a8b30184c3fb5e29
L2RAR2_R19_CONF_05_886005__T7_transport_strong_phase_00ms,20,20,0.8500000000000005,False,,7d506c3181181a187e4767a21f2ed68a14297ce3d8e45e9a1c1b2309512cd240
L2RAR2_R19_CONF_05_886005__T7_transport_strong_phase_00ms,21,21,0.9000000000000006,False,,ade084109accf026c91cceafb10996fd4f0f135e1ea3fa96f6607411888aa59e
L2RAR2_R19_CONF_05_886005__T7_transport_strong_phase_00ms,22,22,0.9500000000000006,False,,64bef5d111b648d0ca1466f70b17a1edeaed539d050f6a4f4a2b86d069832635
L2RAR2_R19_CONF_05_886005__T7_transport_strong_phase_00ms,23,23,1.0000000000000007,False,,a362eeb9a0d9ca4e205e4d1ced95d83024e1e9261b2cb3a7f16a4ba312bc13b4
L2RAR2_R19_CONF_05_886005__T7_transport_strong_phase_00ms,24,24,1.0500000000000007,False,,50eb42b5b728f9416329ca177ca933143f9340e7739c87523faaea5551ad1433
L2RAR2_R19_CONF_05_886005__T7_transport_strong_phase_00ms,25,25,1.1000000000000008,False,,88df748b5856b749f7c7d578b81ad5749cab399bf594871ba86315e1ebf82d4b
L2RAR2_R19_CONF_05_886005__T7_transport_strong_phase_00ms,26,26,1.1500000000000008,False,,6ece63a1102b5acf621a9cdda8bd8b97b48e0a994b3025ac292cf46eda1b0869
L2RAR2_R19_CONF_05_886005__T7_transport_strong_phase_00ms,27,27,1.2000000000000008,False,,97f5df717595851df4ca2d40185e409aa112cebed2f848f0360ee5bac32b7538
L2RAR2_R19_CONF_05_886005__T7_transport_strong_phase_00ms,28,28,1.2500000000000009,False,,7ee7d3256f2c217e4832652dac324cbb31dbd4b854cd83fbb7bb922f45ebe281
L2RAR2_R19_CONF_05_886005__T7_transport_strong_phase_00ms,29,29,1.300000000000001,False,,2d71ed8b4a12cb0957e3805aa8ec114f54466845169e72329850e9161a1fea0b
L2RAR2_R19_CONF_05_886005__T7_transport_strong_phase_00ms,30,30,1.350000000000001,False,,f48d56d0fecdb598a1249250ab11fe03bca51889076e8e6849dce7e24ecc64bf
L2RAR2_R19_CONF_05_886005__T7_transport_strong_phase_00ms,31,31,1.400000000000001,False,,f127f95dfd3e8d726901dcf70debea7aded9da760ae665c15f0633bc24d67bd2
L2RAR2_R19_CONF_05_886005__T7_transport_strong_phase_00ms,32,32,1.450000000000001,False,,8b486bc3585f95a8c39341bf0a4ed3601d9504512d4c6a84b48576b2a12369fe
L2RAR2_R19_CONF_05_886005__T7_transport_strong_phase_00ms,33,33,1.500000000000001,False,,f62b31377e3e04a9a3117a254c2bbb763a6c148b1904ad1b80aef2f753c528d2
L2RAR2_R19_CONF_05_886005__T7_transport_strong_phase_00ms,34,34,1.500000000000001,False,,f0ddb0daa9115d78032eb625d23306913e4a40169ac307bdd269ae7f40561515
L2RAR2_R19_CONF_05_886005__T7_transport_strong_phase_00ms,35,35,1.5500000000000012,False,,9603c60d9387138cd4d0780ab64fd4c18f5c975bdfd2dba2da7ca8281c2c5107
L2RAR2_R19_CONF_05_886005__T7_transport_strong_phase_00ms,36,36,1.6000000000000012,False,,a3d79ace58d813b4543792bc3276763e7cf5bbf80427aba32ce3c0c6254fa09b
L2RAR2_R19_CONF_05_886005__T7_transport_strong_phase_00ms,37,37,1.6500000000000012,False,,92e5ab6a334785dc300508c7e8fd7b247974acdbdc7c859435cd0b38a7f0a51e
L2RAR2_R19_CONF_05_886005__T7_transport_strong_phase_00ms,38,38,1.7000000000000013,False,,6bae45d51125297078c58166d5555b947ef255d1174c5d68920d78ba94be9a9f
L2RAR2_R19_CONF_05_886005__T7_transport_strong_phase_00ms,39,39,1.7000000000000013,False,,6bae45d51125297078c58166d5555b947ef255d1174c5d68920d78ba94be9a9f
L2RAR2_R19_CONF_05_886005__T7_transport_strong_phase_00ms,40,40,1.7500000000000013,False,,c5e916a49d7566e5da5d66bbf1b7122c13a71ea4d26d51750388250cdd3a99e6
L2RAR2_R19_CONF_05_886005__T7_transport_strong_phase_00ms,41,41,1.8000000000000014,False,,5ab05a30625392a9ad8c2d14e86f2c799c0fdae299067b54361103e710533984
L2RAR2_R19_CONF_05_886005__T7_transport_strong_phase_00ms,42,42,1.8500000000000014,False,,c167cfa2491372aef9f5140f676f3c45141ce6825a63d5115af7c2072cb63e2f
L2RAR2_R19_CONF_05_886005__T7_transport_strong_phase_00ms,43,43,1.9000000000000015,False,,e1ea96df6a2060d9b1de66dd00fafb111a4724b878bc9cb4696ee772f7f02117
L2RAR2_R19_CONF_05_886005__T7_transport_strong_phase_00ms,44,44,1.9500000000000015,False,,1ea99537c8e460f88c3f84a467e44b70dcb163246e085b5ae045a31764e7d1cb
L2RAR2_R19_CONF_05_886005__T7_transport_strong_phase_00ms,45,45,2.0000000000000013,False,,3c2aa50f83dc50251888b819ac8951967d2dc8d83cced39caa3800e62b0aa7b1
L2RAR2_R19_CONF_05_886005__T7_transport_strong_phase_00ms,46,46,2.0500000000000003,False,,c4b3c563fd0ff90176e29b09b1020b7cdc9c0e6dbfac9d96321298a350761d61
L2RAR2_R19_CONF_05_886005__T7_transport_strong_phase_00ms,47,47,2.099999999999999,False,,bd79770b6f082dfc27d375c188c089c6aafc802ee9ebea9408904ce5813ea35c
L2RAR2_R19_CONF_05_886005__T7_transport_strong_phase_00ms,48,48,2.149999999999998,False,,1a51ce1387df47f653710a75266c7009029c590b59228c3e1e3bbc2bc6a21b72
L2RAR2_R19_CONF_05_886005__T7_transport_strong_phase_00ms,49,49,2.199999999999997,False,,4022baa34b0de83c387b95785b124c126c0afb4eb3825900af35b70565a1d362
L2RAR2_R19_CONF_05_886005__T7_transport_strong_phase_00ms,50,50,2.249999999999996,False,,9ee7d6e4793741bb5e457cb06e5da05d1ec8ba9d948f863ee489e4c88c46af66
L2RAR2_R19_CONF_05_886005__T7_transport_strong_phase_00ms,51,51,2.299999999999995,False,,bfbd061229ff4c58ec62f1fbc844749f1b2e2bc8890183cf19462a887d436f73
L2RAR2_R19_CONF_05_886005__T7_transport_strong_phase_00ms,52,52,2.349999999999994,False,,853a64b8bef6c712ec3c62becfb57c8a5bf60602bae15ce6f1929b77f6a683f9
L2RAR2_R19_CONF_05_886005__T7_transport_strong_phase_00ms,53,53,2.399999999999993,False,,dee23d5da307850a447bab81f14075c5c29598316400502c6997a6599247c432
L2RAR2_R19_CONF_05_886005__T7_transport_strong_phase_00ms,54,54,2.4499999999999917,False,,020c0c943e2e0db560bf36bd2699068a5c332ed4e23afb72640e1ff3ffc3c1f6
L2RAR2_R19_CONF_05_886005__T7_transport_strong_phase_00ms,55,55,2.4999999999999907,False,,1f643595c8d155e444d28f442b27bbc27a88845f8fad4dfdfdd5f5ea3ab32922
L2RAR2_R19_CONF_05_886005__T7_transport_strong_phase_00ms,56,56,2.5499999999999896,False,,576b104cb4a6e5d58af852d868cc620b6d5b5a68e69b274373cf971663e45474
L2RAR2_R19_CONF_05_886005__T7_transport_strong_phase_00ms,57,57,2.5999999999999885,False,,5bc766ebf5f7fc148c470c1bc948f2e3c8e6abade1de6d27e5ee5e3809bebee4
L2RAR2_R19_CONF_05_886005__T7_transport_strong_phase_00ms,58,58,2.6499999999999875,False,,03879e65e27d3907f2d5c791472011b3ada862ce2058f4a88dcf82d1b8451cb8
L2RAR2_R19_CONF_05_886005__T7_transport_strong_phase_00ms,59,59,2.6999999999999864,False,,ef28763bfd30559e2038effcb625b1d8b5213258d2339ed726fddfb39c88612a
L2RAR2_R19_CONF_05_886005__T7_transport_strong_phase_00ms,60,60,2.6999999999999864,False,,ef28763bfd30559e2038effcb625b1d8b5213258d2339ed726fddfb39c88612a
L2RAR2_R19_CONF_05_886005__T8_transport_strong_phase_10ms,0,0,0.0,False,,e5e90784a6beb1da9164934c68b24a3c3c72dee2b019d05cd07c06941b3cf91c
L2RAR2_R19_CONF_05_886005__T8_transport_strong_phase_10ms,1,1,0.05,False,,391ab870e04ac5faa3c4c6b7c5d547756b87f66502aadf0d15cc49ccae5c70df
L2RAR2_R19_CONF_05_886005__T8_transport_strong_phase_10ms,2,2,0.09999999999999999,False,,d93c502978e7174eba4d1e6e9be91fd4dfaaec4d041d583ea8bb046545aa2ef7
L2RAR2_R19_CONF_05_886005__T8_transport_strong_phase_10ms,3,3,0.15,False,,330654f67845ce9907a07b29dc8e7527322e80209323edf64c9bc377eee014b1
L2RAR2_R19_CONF_05_886005__T8_transport_strong_phase_10ms,4,4,0.20000000000000004,False,,f78b7e552006d8fc805f4a96b98ceb326408597f6c7bc3b3b4faf9df82fb851a
L2RAR2_R19_CONF_05_886005__T8_transport_strong_phase_10ms,5,5,0.20000000000000004,False,,f78b7e552006d8fc805f4a96b98ceb326408597f6c7bc3b3b4faf9df82fb851a
L2RAR2_R19_CONF_05_886005__T8_transport_strong_phase_10ms,6,6,0.25000000000000006,False,,dda84df1718c5942a7c30998825a5158d5a47875a664f68f651eeaa4b4359e4d
L2RAR2_R19_CONF_05_886005__T8_transport_strong_phase_10ms,7,7,0.3000000000000001,False,,65ef51e012efc83a80e410f769fa2c19eb198e1ed812acc6951e86a4fece45ed
L2RAR2_R19_CONF_05_886005__T8_transport_strong_phase_10ms,8,8,0.3000000000000001,False,,65ef51e012efc83a80e410f769fa2c19eb198e1ed812acc6951e86a4fece45ed
L2RAR2_R19_CONF_05_886005__T8_transport_strong_phase_10ms,9,9,0.35000000000000014,False,,ca7773d45bb872ab29470f612c03c886bd207adbcd179cb4af801c911ab7e53c
L2RAR2_R19_CONF_05_886005__T8_transport_strong_phase_10ms,10,10,0.4000000000000002,False,,518fb202127af2a103c10cf26dd77ccc22df1ee10488b2a821fb4d59737b10d2
L2RAR2_R19_CONF_05_886005__T8_transport_strong_phase_10ms,11,11,0.45000000000000023,False,,0f82e2fcdc87c10a1b790e73d636cbc66d48af46ac8ccadca168c75e4637766f
L2RAR2_R19_CONF_05_886005__T8_transport_strong_phase_10ms,12,12,0.5000000000000002,False,,0e492401906575c3364b00fb1fcf988add3e465a6f899fddd58ea06b3bca34b2
L2RAR2_R19_CONF_05_886005__T8_transport_strong_phase_10ms,13,13,0.5000000000000002,False,,0e492401906575c3364b00fb1fcf988add3e465a6f899fddd58ea06b3bca34b2
L2RAR2_R19_CONF_05_886005__T8_transport_strong_phase_10ms,14,14,0.5500000000000003,False,,bc2e1a4157bbf60fdad4f81b47671ac11d2241a4e1e32a35211be9693b073878
L2RAR2_R19_CONF_05_886005__T8_transport_strong_phase_10ms,15,15,0.6000000000000003,False,,1718e4461e6498a45c11bb3db021a49bf2e40cce721bbbd43d1d8fff4246c254
L2RAR2_R19_CONF_05_886005__T8_transport_strong_phase_10ms,16,16,0.6500000000000004,False,,ccf7813994a8c0fff6f1842cbdd6502b07924c2cd4758a1524b0304cb15d25fd
L2RAR2_R19_CONF_05_886005__T8_transport_strong_phase_10ms,17,17,0.7000000000000004,False,,2726aa0305691859600bf88d17ca457703938a30cb080d470b5fa3a790e10176
L2RAR2_R19_CONF_05_886005__T8_transport_strong_phase_10ms,18,18,0.7500000000000004,False,,da99a1e61f17abe356de87197b36b6eccf698373a86f83760da3d942dbdeff51
L2RAR2_R19_CONF_05_886005__T8_transport_strong_phase_10ms,19,19,0.8000000000000005,False,,9de8328efb04294bc30f4093a9e4d7d6c4fdb435c7637d57a8b30184c3fb5e29
L2RAR2_R19_CONF_05_886005__T8_transport_strong_phase_10ms,20,20,0.8500000000000005,False,,7d506c3181181a187e4767a21f2ed68a14297ce3d8e45e9a1c1b2309512cd240
L2RAR2_R19_CONF_05_886005__T8_transport_strong_phase_10ms,21,21,0.9000000000000006,False,,ade084109accf026c91cceafb10996fd4f0f135e1ea3fa96f6607411888aa59e
L2RAR2_R19_CONF_05_886005__T8_transport_strong_phase_10ms,22,22,0.9500000000000006,False,,64bef5d111b648d0ca1466f70b17a1edeaed539d050f6a4f4a2b86d069832635
L2RAR2_R19_CONF_05_886005__T8_transport_strong_phase_10ms,23,23,1.0000000000000007,False,,a362eeb9a0d9ca4e205e4d1ced95d83024e1e9261b2cb3a7f16a4ba312bc13b4
L2RAR2_R19_CONF_05_886005__T8_transport_strong_phase_10ms,24,24,1.0500000000000007,False,,50eb42b5b728f9416329ca177ca933143f9340e7739c87523faaea5551ad1433
L2RAR2_R19_CONF_05_886005__T8_transport_strong_phase_10ms,25,25,1.1000000000000008,False,,88df748b5856b749f7c7d578b81ad5749cab399bf594871ba86315e1ebf82d4b
L2RAR2_R19_CONF_05_886005__T8_transport_strong_phase_10ms,26,26,1.1500000000000008,False,,6ece63a1102b5acf621a9cdda8bd8b97b48e0a994b3025ac292cf46eda1b0869
L2RAR2_R19_CONF_05_886005__T8_transport_strong_phase_10ms,27,27,1.2000000000000008,False,,97f5df717595851df4ca2d40185e409aa112cebed2f848f0360ee5bac32b7538
L2RAR2_R19_CONF_05_886005__T8_transport_strong_phase_10ms,28,28,1.2500000000000009,False,,7ee7d3256f2c217e4832652dac324cbb31dbd4b854cd83fbb7bb922f45ebe281
L2RAR2_R19_CONF_05_886005__T8_transport_strong_phase_10ms,29,29,1.300000000000001,False,,2d71ed8b4a12cb0957e3805aa8ec114f54466845169e72329850e9161a1fea0b
L2RAR2_R19_CONF_05_886005__T8_transport_strong_phase_10ms,30,30,1.350000000000001,False,,fe3bbff083c8f7dd347cd641ee454d289b62c9c95a8abb42be1751684efb5dea
L2RAR2_R19_CONF_05_886005__T8_transport_strong_phase_10ms,31,31,1.400000000000001,False,,747e1e9681431c9317a9ade636bf485c0a772c021cd06d5da9da6f05227568f0
L2RAR2_R19_CONF_05_886005__T8_transport_strong_phase_10ms,32,32,1.450000000000001,False,,d295496b7e46f17e75311d2f215dfae74b1ff301d2b717a9045257425a84d248
L2RAR2_R19_CONF_05_886005__T8_transport_strong_phase_10ms,33,33,1.500000000000001,False,,c6221fb5f55dd30201f1bc328620d7082812e1f6c748022b78f625180cfe329d
L2RAR2_R19_CONF_05_886005__T8_transport_strong_phase_10ms,34,34,1.5100000000000011,False,,94f456808b649f54c882813d337f4b13081dc30bc0d4fdec9028cc11a180f0c3
L2RAR2_R19_CONF_05_886005__T8_transport_strong_phase_10ms,35,35,1.5500000000000012,False,,88736e0ad54870fba37fdcafa976ca5564b5a35eedde7ccc8d741c07af890e72
L2RAR2_R19_CONF_05_886005__T8_transport_strong_phase_10ms,36,36,1.6000000000000012,False,,cbe1184784eca753ac2eecb50c68b53ceec91b30d21a68a125ad9071f2275a68
L2RAR2_R19_CONF_05_886005__T8_transport_strong_phase_10ms,37,37,1.6500000000000012,False,,cd69b2158afc1945cf0e308916d0f69f7749a463a4ed44b3c512f949d0bf593c
L2RAR2_R19_CONF_05_886005__T8_transport_strong_phase_10ms,38,38,1.7000000000000013,False,,cd0574be7a3f95d3601499f433cc342884cd247fd02ca43727220b21dda608a2
L2RAR2_R19_CONF_05_886005__T8_transport_strong_phase_10ms,39,39,1.7100000000000013,False,,a3dded8c15d66978dfd489a5449dacc378868d203f135f958c04d0b7f5efdbe0
L2RAR2_R19_CONF_05_886005__T8_transport_strong_phase_10ms,40,40,1.7500000000000013,False,,85034cab1cd5ccce46996516374b0a013dfd82be8d87af8d1f7455f2ad7c6b9d
L2RAR2_R19_CONF_05_886005__T8_transport_strong_phase_10ms,41,41,1.8000000000000014,False,,852ec505a0bcb0f173ce191c37267e6dee7086ab4282c37e51b164456b576a57
L2RAR2_R19_CONF_05_886005__T8_transport_strong_phase_10ms,42,42,1.8500000000000014,False,,c47db9fb3fb5643129e109662b222837a0b37273780b4ddefd291d3c1d5f3b29
L2RAR2_R19_CONF_05_886005__T8_transport_strong_phase_10ms,43,43,1.9000000000000015,False,,8297330a04bcca285b0993abaf19d18613771c72726b34466179a9b3dd98ac39
L2RAR2_R19_CONF_05_886005__T8_transport_strong_phase_10ms,44,44,1.9500000000000015,False,,2cedc9be4894ac5a28697a95e8180ab1e43fd910196228dcf28c9c7caff3b214
L2RAR2_R19_CONF_05_886005__T8_transport_strong_phase_10ms,45,45,2.0000000000000013,False,,2235849977107d61aeeef26ac03f6d78aae6e6915796f18e12481841892f243a
L2RAR2_R19_CONF_05_886005__T8_transport_strong_phase_10ms,46,46,2.0500000000000003,False,,419da2a664079f7b16daacdf6b97b09160b90efc43bec74f110590453969ecd1
L2RAR2_R19_CONF_05_886005__T8_transport_strong_phase_10ms,47,47,2.099999999999999,False,,97952171ef211a2085a1f1de0b9823435ffe5376d10d4dd9ff96c01cab3dd361
L2RAR2_R19_CONF_05_886005__T8_transport_strong_phase_10ms,48,48,2.149999999999998,False,,05318aa761280967c2813a437eb24edd17a5f96daf5e23bf8d83b21a6d37b79b
L2RAR2_R19_CONF_05_886005__T8_transport_strong_phase_10ms,49,49,2.199999999999997,False,,5dcd314c81a0085c4553fa89e105ab35847b2203d64a8900e562f7f0d11bcffd
L2RAR2_R19_CONF_05_886005__T8_transport_strong_phase_10ms,50,50,2.249999999999996,False,,dfac0940ea564130278732ed5ccaa3d63c859fb0d212eeb46e2d9fac831ae393
L2RAR2_R19_CONF_05_886005__T8_transport_strong_phase_10ms,51,51,2.299999999999995,False,,d2a7aab9e9075a5bef359b7af7081678600c02b5b1940ff72f65367205d1a6d4
L2RAR2_R19_CONF_05_886005__T8_transport_strong_phase_10ms,52,52,2.349999999999994,False,,70482613076fa1b57c1ec55ab8989ee84b0465ccc9005750d4bdc8eb562ae650
L2RAR2_R19_CONF_05_886005__T8_transport_strong_phase_10ms,53,53,2.399999999999993,False,,82e69cb8b0346a368cef7e1e5287d9c0ab6d9df195baab84fa609fc6bf045d4b
L2RAR2_R19_CONF_05_886005__T8_transport_strong_phase_10ms,54,54,2.4499999999999917,False,,bb350da5e473705cee7e9f50bc42d3db9491a33b9132479d5c222ad997d20d78
L2RAR2_R19_CONF_05_886005__T8_transport_strong_phase_10ms,55,55,2.4999999999999907,False,,ab79f688cbc08dcaeb7dbaf39066f85d46b95cb95c6af992b37a77c05e25d4bc
L2RAR2_R19_CONF_05_886005__T8_transport_strong_phase_10ms,56,56,2.5499999999999896,False,,1a32020250dd674332c6c2910ba90a6f1bcf4716b41ded56e194a42d9b930deb
L2RAR2_R19_CONF_05_886005__T8_transport_strong_phase_10ms,57,57,2.5999999999999885,False,,04b1ff6f5e539723b1130c1fb871848fc2084eb597ac7d575fe595d8c271f7d8
L2RAR2_R19_CONF_05_886005__T8_transport_strong_phase_10ms,58,58,2.6499999999999875,False,,0e15eccebd86836bcb672f68fe893666b3fc123b68b258836944000243a466d2
L2RAR2_R19_CONF_05_886005__T8_transport_strong_phase_10ms,59,59,2.6999999999999864,False,,f3783b43690b2871fe09cdc92eebddece2b1b9582eabf0576bb4c74d49649cf5
L2RAR2_R19_CONF_05_886005__T8_transport_strong_phase_10ms,60,60,2.709999999999986,False,,fc096d3fd69639548ec49aa748651c2967c1c6d03bab365ef46e794d5942807a
L2RAR2_R19_CONF_05_886005__T9_transport_strong_phase_20ms,0,0,0.0,False,,e5e90784a6beb1da9164934c68b24a3c3c72dee2b019d05cd07c06941b3cf91c
L2RAR2_R19_CONF_05_886005__T9_transport_strong_phase_20ms,1,1,0.05,False,,391ab870e04ac5faa3c4c6b7c5d547756b87f66502aadf0d15cc49ccae5c70df
L2RAR2_R19_CONF_05_886005__T9_transport_strong_phase_20ms,2,2,0.09999999999999999,False,,d93c502978e7174eba4d1e6e9be91fd4dfaaec4d041d583ea8bb046545aa2ef7
L2RAR2_R19_CONF_05_886005__T9_transport_strong_phase_20ms,3,3,0.15,False,,330654f67845ce9907a07b29dc8e7527322e80209323edf64c9bc377eee014b1
L2RAR2_R19_CONF_05_886005__T9_transport_strong_phase_20ms,4,4,0.20000000000000004,False,,f78b7e552006d8fc805f4a96b98ceb326408597f6c7bc3b3b4faf9df82fb851a
L2RAR2_R19_CONF_05_886005__T9_transport_strong_phase_20ms,5,5,0.20000000000000004,False,,f78b7e552006d8fc805f4a96b98ceb326408597f6c7bc3b3b4faf9df82fb851a
L2RAR2_R19_CONF_05_886005__T9_transport_strong_phase_20ms,6,6,0.25000000000000006,False,,dda84df1718c5942a7c30998825a5158d5a47875a664f68f651eeaa4b4359e4d
L2RAR2_R19_CONF_05_886005__T9_transport_strong_phase_20ms,7,7,0.3000000000000001,False,,65ef51e012efc83a80e410f769fa2c19eb198e1ed812acc6951e86a4fece45ed
L2RAR2_R19_CONF_05_886005__T9_transport_strong_phase_20ms,8,8,0.3000000000000001,False,,65ef51e012efc83a80e410f769fa2c19eb198e1ed812acc6951e86a4fece45ed
L2RAR2_R19_CONF_05_886005__T9_transport_strong_phase_20ms,9,9,0.35000000000000014,False,,ca7773d45bb872ab29470f612c03c886bd207adbcd179cb4af801c911ab7e53c
L2RAR2_R19_CONF_05_886005__T9_transport_strong_phase_20ms,10,10,0.4000000000000002,False,,518fb202127af2a103c10cf26dd77ccc22df1ee10488b2a821fb4d59737b10d2
L2RAR2_R19_CONF_05_886005__T9_transport_strong_phase_20ms,11,11,0.45000000000000023,False,,0f82e2fcdc87c10a1b790e73d636cbc66d48af46ac8ccadca168c75e4637766f
L2RAR2_R19_CONF_05_886005__T9_transport_strong_phase_20ms,12,12,0.5000000000000002,False,,0e492401906575c3364b00fb1fcf988add3e465a6f899fddd58ea06b3bca34b2
L2RAR2_R19_CONF_05_886005__T9_transport_strong_phase_20ms,13,13,0.5000000000000002,False,,0e492401906575c3364b00fb1fcf988add3e465a6f899fddd58ea06b3bca34b2
L2RAR2_R19_CONF_05_886005__T9_transport_strong_phase_20ms,14,14,0.5500000000000003,False,,bc2e1a4157bbf60fdad4f81b47671ac11d2241a4e1e32a35211be9693b073878
L2RAR2_R19_CONF_05_886005__T9_transport_strong_phase_20ms,15,15,0.6000000000000003,False,,1718e4461e6498a45c11bb3db021a49bf2e40cce721bbbd43d1d8fff4246c254
L2RAR2_R19_CONF_05_886005__T9_transport_strong_phase_20ms,16,16,0.6500000000000004,False,,ccf7813994a8c0fff6f1842cbdd6502b07924c2cd4758a1524b0304cb15d25fd
L2RAR2_R19_CONF_05_886005__T9_transport_strong_phase_20ms,17,17,0.7000000000000004,False,,2726aa0305691859600bf88d17ca457703938a30cb080d470b5fa3a790e10176
L2RAR2_R19_CONF_05_886005__T9_transport_strong_phase_20ms,18,18,0.7500000000000004,False,,da99a1e61f17abe356de87197b36b6eccf698373a86f83760da3d942dbdeff51
L2RAR2_R19_CONF_05_886005__T9_transport_strong_phase_20ms,19,19,0.8000000000000005,False,,9de8328efb04294bc30f4093a9e4d7d6c4fdb435c7637d57a8b30184c3fb5e29
L2RAR2_R19_CONF_05_886005__T9_transport_strong_phase_20ms,20,20,0.8500000000000005,False,,7d506c3181181a187e4767a21f2ed68a14297ce3d8e45e9a1c1b2309512cd240
L2RAR2_R19_CONF_05_886005__T9_transport_strong_phase_20ms,21,21,0.9000000000000006,False,,ade084109accf026c91cceafb10996fd4f0f135e1ea3fa96f6607411888aa59e
L2RAR2_R19_CONF_05_886005__T9_transport_strong_phase_20ms,22,22,0.9500000000000006,False,,64bef5d111b648d0ca1466f70b17a1edeaed539d050f6a4f4a2b86d069832635
L2RAR2_R19_CONF_05_886005__T9_transport_strong_phase_20ms,23,23,1.0000000000000007,False,,a362eeb9a0d9ca4e205e4d1ced95d83024e1e9261b2cb3a7f16a4ba312bc13b4
L2RAR2_R19_CONF_05_886005__T9_transport_strong_phase_20ms,24,24,1.0500000000000007,False,,50eb42b5b728f9416329ca177ca933143f9340e7739c87523faaea5551ad1433
L2RAR2_R19_CONF_05_886005__T9_transport_strong_phase_20ms,25,25,1.1000000000000008,False,,88df748b5856b749f7c7d578b81ad5749cab399bf594871ba86315e1ebf82d4b
L2RAR2_R19_CONF_05_886005__T9_transport_strong_phase_20ms,26,26,1.1500000000000008,False,,6ece63a1102b5acf621a9cdda8bd8b97b48e0a994b3025ac292cf46eda1b0869
L2RAR2_R19_CONF_05_886005__T9_transport_strong_phase_20ms,27,27,1.2000000000000008,False,,97f5df717595851df4ca2d40185e409aa112cebed2f848f0360ee5bac32b7538
L2RAR2_R19_CONF_05_886005__T9_transport_strong_phase_20ms,28,28,1.2500000000000009,False,,7ee7d3256f2c217e4832652dac324cbb31dbd4b854cd83fbb7bb922f45ebe281
L2RAR2_R19_CONF_05_886005__T9_transport_strong_phase_20ms,29,29,1.300000000000001,False,,2d71ed8b4a12cb0957e3805aa8ec114f54466845169e72329850e9161a1fea0b
L2RAR2_R19_CONF_05_886005__T9_transport_strong_phase_20ms,30,30,1.350000000000001,False,,9ddf1d62d64fffed57b5ca581d1deb5b1f74c8f59adedf9fed3bc71b126b23ac
L2RAR2_R19_CONF_05_886005__T9_transport_strong_phase_20ms,31,31,1.400000000000001,False,,10b96ad951c528e49b2fd7d7cb1a91a4462c449ad6550467f33e765471d419e5
L2RAR2_R19_CONF_05_886005__T9_transport_strong_phase_20ms,32,32,1.450000000000001,False,,0808e596c2846f3204d360b4563bc00d4569d3cc69f250a91522a7a3a182b198
L2RAR2_R19_CONF_05_886005__T9_transport_strong_phase_20ms,33,33,1.500000000000001,False,,c0674cfd1f426391b965d0eb9596616b43255d2997a5e1d6552f968b23e5ba52
L2RAR2_R19_CONF_05_886005__T9_transport_strong_phase_20ms,34,34,1.5200000000000011,False,,a13beab2c82c90bb2f58c19ae611c1c68fe0107b76754bff438b420067821281
L2RAR2_R19_CONF_05_886005__T9_transport_strong_phase_20ms,35,35,1.5500000000000012,False,,88fb1c030c7bf2bd746da70b0f51aa625aa925d3eb952da31dfda01f1ea9e5e3
L2RAR2_R19_CONF_05_886005__T9_transport_strong_phase_20ms,36,36,1.6000000000000012,False,,420297469fe8a21f022226c3b45b1b34841b4e543e88b290607fe1d9b990584a
L2RAR2_R19_CONF_05_886005__T9_transport_strong_phase_20ms,37,37,1.6500000000000012,False,,c295a99ed6972a045d725662b0beb174beea8d44e4f18b089c4b7e9181bbfcae
L2RAR2_R19_CONF_05_886005__T9_transport_strong_phase_20ms,38,38,1.7000000000000013,False,,361ab7e6593f8ec57072755b689843e433ee3d94a68ad3a942f03622edbb60d2
L2RAR2_R19_CONF_05_886005__T9_transport_strong_phase_20ms,39,39,1.7200000000000013,False,,ef4f73ed04384ddcfca20ac99091dd013e05a77f4b9122a1c2064cd89949fb2d
L2RAR2_R19_CONF_05_886005__T9_transport_strong_phase_20ms,40,40,1.7500000000000013,False,,3b4504698cc226c5de2d3e3a825eb18625eb558b0f84d19b6e83627534cbe7ff
L2RAR2_R19_CONF_05_886005__T9_transport_strong_phase_20ms,41,41,1.8000000000000014,False,,bf09c442a36de7d731ebffcc13892c624d44314771873c171010d67b3d363294
L2RAR2_R19_CONF_05_886005__T9_transport_strong_phase_20ms,42,42,1.8500000000000014,False,,5e26fc33ee0e23c7e043d5a1a3cd2681dc3ceab8e2cf1d53510a04bad9c2a022
L2RAR2_R19_CONF_05_886005__T9_transport_strong_phase_20ms,43,43,1.9000000000000015,False,,70d202da2bc4ae6f174e4f2203ffcb4b1035ad2af32c39a5b43521b60537e8e7
L2RAR2_R19_CONF_05_886005__T9_transport_strong_phase_20ms,44,44,1.9500000000000015,False,,69029ec9c61514ac6930c15fe885fe4dd4ca665c7f1638c634e094ee94342761
L2RAR2_R19_CONF_05_886005__T9_transport_strong_phase_20ms,45,45,2.0000000000000013,False,,5b1a71bd1cad55485ee2661fdda58d36bb8b5903bd6332348cda0c1b7b936e5d
L2RAR2_R19_CONF_05_886005__T9_transport_strong_phase_20ms,46,46,2.0500000000000003,False,,c6da649e049e55105bcd2de74df1d46e34aa9cbfc10ba51a905b9f7cb4422a48
L2RAR2_R19_CONF_05_886005__T9_transport_strong_phase_20ms,47,47,2.099999999999999,False,,cdf17590652a5bafafcd0a926bb814d4f842db24cb981b9d7afbcf33cf4b6165
L2RAR2_R19_CONF_05_886005__T9_transport_strong_phase_20ms,48,48,2.149999999999998,False,,50554b6db43f9285c4c10a0bd61631095a67fbb976fb164e34e21b0091d1877a
L2RAR2_R19_CONF_05_886005__T9_transport_strong_phase_20ms,49,49,2.199999999999997,False,,09a8be0048d5be8d9d68a8849ae64a8ab9fac52c497a2ca09b233bdf03943149
L2RAR2_R19_CONF_05_886005__T9_transport_strong_phase_20ms,50,50,2.249999999999996,False,,8f0824f9e26911afdfd041fda5a4f33959e05d1fc74f6369a783f8c1fd0cebcf
L2RAR2_R19_CONF_05_886005__T9_transport_strong_phase_20ms,51,51,2.299999999999995,False,,dab61a8f66f2d39a36d456201bf72b99ecf02574a8194e0ff6d8ae961becc93c
L2RAR2_R19_CONF_05_886005__T9_transport_strong_phase_20ms,52,52,2.349999999999994,False,,d82037c8c0d3493b1bdf3592cf2042f0d3d3a56e4b58c5d04b0dfecf4b21a1b7
L2RAR2_R19_CONF_05_886005__T9_transport_strong_phase_20ms,53,53,2.399999999999993,False,,f53933625146d5d9bf16d5acc108d7de5ea3c41002dd810ef8be6dedb02871f8
L2RAR2_R19_CONF_05_886005__T9_transport_strong_phase_20ms,54,54,2.4499999999999917,False,,975111a90c70fd5755fa0d3155754993771baf20123191dc9627cb8dd512c6d1
L2RAR2_R19_CONF_05_886005__T9_transport_strong_phase_20ms,55,55,2.4999999999999907,False,,8b514be2202328ae899417a20c1ca43420b83efd139a2c57f2e148569cf02ced
L2RAR2_R19_CONF_05_886005__T9_transport_strong_phase_20ms,56,56,2.5499999999999896,False,,c59bbe978ca9ebdd0fbb984939676b5c6356546c2b256ecec4e38fc9039763ae
L2RAR2_R19_CONF_05_886005__T9_transport_strong_phase_20ms,57,57,2.5999999999999885,False,,ae0af04a96dcf64181b53536b11e7fafa790ccf96d58321eae3df7f23b0ebc36
L2RAR2_R19_CONF_05_886005__T9_transport_strong_phase_20ms,58,58,2.6499999999999875,False,,59ea2373bcd4a31172569f4a7dee392ba49da8595552c36ab11d3936443771b0
L2RAR2_R19_CONF_05_886005__T9_transport_strong_phase_20ms,59,59,2.6999999999999864,False,,49b8e41bf977d3abe03912bea4be1a9e701c399ea327f9053fe4896d3bde1e8a
L2RAR2_R19_CONF_05_886005__T9_transport_strong_phase_20ms,60,60,2.719999999999986,False,,ccda87ed6413409c7215b2ba540582cdbf022fe97628e81e8f46d193ebf96b5a
