cluster_id,episode_id,evidence_status,observable_contact_loss_count,observable_ever_contact,root_family_id,segment_id,split,unknown_fraction
3,formal_u2_family_000_r00,train_observed_hypothesis,0,True,u2_family_000,formal_u2_family_000_r00_s00,train,0.3333333333333333
5,formal_u2_family_000_r00,train_observed_hypothesis,0,True,u2_family_000,formal_u2_family_000_r00_s01,train,0.75
4,formal_u2_family_000_r00,train_observed_hypothesis,0,True,u2_family_000,formal_u2_family_000_r00_s02,train,0.45454545454545453
9,formal_u2_family_000_r00,train_observed_hypothesis,0,True,u2_family_000,formal_u2_family_000_r00_s03,train,1.0
9,formal_u2_family_000_r00,train_observed_hypothesis,0,True,u2_family_000,formal_u2_family_000_r00_s04,train,0.6666666666666666
2,formal_u2_family_000_r00,train_observed_hypothesis,0,True,u2_family_000,formal_u2_family_000_r00_s05,train,1.0
3,formal_u2_family_000_r01,train_observed_hypothesis,0,True,u2_family_000,formal_u2_family_000_r01_s00,train,0.3333333333333333
5,formal_u2_family_000_r01,train_observed_hypothesis,0,True,u2_family_000,formal_u2_family_000_r01_s01,train,0.75
4,formal_u2_family_000_r01,train_observed_hypothesis,0,True,u2_family_000,formal_u2_family_000_r01_s02,train,0.4
7,formal_u2_family_000_r01,train_observed_hypothesis,0,True,u2_family_000,formal_u2_family_000_r01_s03,train,1.0
9,formal_u2_family_000_r01,train_observed_hypothesis,0,True,u2_family_000,formal_u2_family_000_r01_s04,train,1.0
2,formal_u2_family_000_r01,train_observed_hypothesis,0,True,u2_family_000,formal_u2_family_000_r01_s05,train,0.6666666666666666
3,formal_u2_family_000_r02,train_observed_hypothesis,0,True,u2_family_000,formal_u2_family_000_r02_s00,train,0.3333333333333333
5,formal_u2_family_000_r02,train_observed_hypothesis,0,True,u2_family_000,formal_u2_family_000_r02_s01,train,0.6666666666666666
4,formal_u2_family_000_r02,train_observed_hypothesis,0,True,u2_family_000,formal_u2_family_000_r02_s02,train,0.36363636363636365
7,formal_u2_family_000_r02,train_observed_hypothesis,0,True,u2_family_000,formal_u2_family_000_r02_s03,train,1.0
9,formal_u2_family_000_r02,train_observed_hypothesis,0,True,u2_family_000,formal_u2_family_000_r02_s04,train,1.0
2,formal_u2_family_000_r02,train_observed_hypothesis,0,True,u2_family_000,formal_u2_family_000_r02_s05,train,0.6666666666666666
3,formal_u2_family_000_r03,train_observed_hypothesis,0,True,u2_family_000,formal_u2_family_000_r03_s00,train,0.3333333333333333
5,formal_u2_family_000_r03,train_observed_hypothesis,0,True,u2_family_000,formal_u2_family_000_r03_s01,train,0.75
4,formal_u2_family_000_r03,train_observed_hypothesis,0,True,u2_family_000,formal_u2_family_000_r03_s02,train,0.4
7,formal_u2_family_000_r03,train_observed_hypothesis,0,True,u2_family_000,formal_u2_family_000_r03_s03,train,1.0
9,formal_u2_family_000_r03,train_observed_hypothesis,0,True,u2_family_000,formal_u2_family_000_r03_s04,train,0.8
2,formal_u2_family_000_r03,train_observed_hypothesis,0,True,u2_family_000,formal_u2_family_000_r03_s05,train,1.0
3,formal_u2_family_000_r04,train_observed_hypothesis,0,True,u2_family_000,formal_u2_family_000_r04_s00,train,0.3333333333333333
5,formal_u2_family_000_r04,train_observed_hypothesis,0,True,u2_family_000,formal_u2_family_000_r04_s01,train,0.75
4,formal_u2_family_000_r04,train_observed_hypothesis,0,True,u2_family_000,formal_u2_family_000_r04_s02,train,0.3333333333333333
7,formal_u2_family_000_r04,train_observed_hypothesis,0,True,u2_family_000,formal_u2_family_000_r04_s03,train,1.0
9,formal_u2_family_000_r04,train_observed_hypothesis,0,True,u2_family_000,formal_u2_family_000_r04_s04,train,0.8571428571428571
2,formal_u2_family_000_r04,train_observed_hypothesis,0,True,u2_family_000,formal_u2_family_000_r04_s05,train,1.0
3,formal_u2_family_000_r05,train_observed_hypothesis,0,True,u2_family_000,formal_u2_family_000_r05_s00,train,0.3333333333333333
5,formal_u2_family_000_r05,train_observed_hypothesis,0,True,u2_family_000,formal_u2_family_000_r05_s01,train,0.75
4,formal_u2_family_000_r05,train_observed_hypothesis,0,True,u2_family_000,formal_u2_family_000_r05_s02,train,0.5454545454545454
9,formal_u2_family_000_r05,train_observed_hypothesis,0,True,u2_family_000,formal_u2_family_000_r05_s03,train,1.0
2,formal_u2_family_000_r05,train_observed_hypothesis,0,True,u2_family_000,formal_u2_family_000_r05_s04,train,0.6666666666666666
3,formal_u2_family_001_r00,train_observed_hypothesis,0,True,u2_family_001,formal_u2_family_001_r00_s00,train,0.3333333333333333
5,formal_u2_family_001_r00,train_observed_hypothesis,0,True,u2_family_001,formal_u2_family_001_r00_s01,train,0.75
4,formal_u2_family_001_r00,train_observed_hypothesis,0,True,u2_family_001,formal_u2_family_001_r00_s02,train,0.3
7,formal_u2_family_001_r00,train_observed_hypothesis,0,True,u2_family_001,formal_u2_family_001_r00_s03,train,1.0
9,formal_u2_family_001_r00,train_observed_hypothesis,0,True,u2_family_001,formal_u2_family_001_r00_s04,train,0.8333333333333334
2,formal_u2_family_001_r00,train_observed_hypothesis,0,True,u2_family_001,formal_u2_family_001_r00_s05,train,1.0
3,formal_u2_family_001_r01,train_observed_hypothesis,0,True,u2_family_001,formal_u2_family_001_r01_s00,train,0.3333333333333333
5,formal_u2_family_001_r01,train_observed_hypothesis,0,True,u2_family_001,formal_u2_family_001_r01_s01,train,0.75
4,formal_u2_family_001_r01,train_observed_hypothesis,0,True,u2_family_001,formal_u2_family_001_r01_s02,train,0.6
9,formal_u2_family_001_r01,train_observed_hypothesis,0,True,u2_family_001,formal_u2_family_001_r01_s03,train,0.8571428571428571
2,formal_u2_family_001_r01,train_observed_hypothesis,0,True,u2_family_001,formal_u2_family_001_r01_s04,train,1.0
3,formal_u2_family_001_r02,train_observed_hypothesis,0,True,u2_family_001,formal_u2_family_001_r02_s00,train,0.3333333333333333
5,formal_u2_family_001_r02,train_observed_hypothesis,0,True,u2_family_001,formal_u2_family_001_r02_s01,train,0.6666666666666666
4,formal_u2_family_001_r02,train_observed_hypothesis,0,True,u2_family_001,formal_u2_family_001_r02_s02,train,0.5454545454545454
9,formal_u2_family_001_r02,train_observed_hypothesis,0,True,u2_family_001,formal_u2_family_001_r02_s03,train,1.0
9,formal_u2_family_001_r02,train_observed_hypothesis,0,True,u2_family_001,formal_u2_family_001_r02_s04,train,0.6666666666666666
2,formal_u2_family_001_r02,train_observed_hypothesis,0,True,u2_family_001,formal_u2_family_001_r02_s05,train,1.0
3,formal_u2_family_001_r03,train_observed_hypothesis,0,True,u2_family_001,formal_u2_family_001_r03_s00,train,0.3333333333333333
8,formal_u2_family_001_r03,train_observed_hypothesis,1,True,u2_family_001,formal_u2_family_001_r03_s01,train,0.3333333333333333
5,formal_u2_family_001_r03,train_observed_hypothesis,0,True,u2_family_001,formal_u2_family_001_r03_s02,train,0.3333333333333333
4,formal_u2_family_001_r03,train_observed_hypothesis,0,True,u2_family_001,formal_u2_family_001_r03_s03,train,0.6363636363636364
9,formal_u2_family_001_r03,train_observed_hypothesis,0,True,u2_family_001,formal_u2_family_001_r03_s04,train,1.0
9,formal_u2_family_001_r03,train_observed_hypothesis,0,True,u2_family_001,formal_u2_family_001_r03_s05,train,0.6666666666666666
2,formal_u2_family_001_r03,train_observed_hypothesis,0,True,u2_family_001,formal_u2_family_001_r03_s06,train,1.0
3,formal_u2_family_001_r04,train_observed_hypothesis,0,True,u2_family_001,formal_u2_family_001_r04_s00,train,0.3333333333333333
8,formal_u2_family_001_r04,train_observed_hypothesis,1,True,u2_family_001,formal_u2_family_001_r04_s01,train,0.3333333333333333
5,formal_u2_family_001_r04,train_observed_hypothesis,0,True,u2_family_001,formal_u2_family_001_r04_s02,train,0.5
4,formal_u2_family_001_r04,train_observed_hypothesis,0,True,u2_family_001,formal_u2_family_001_r04_s03,train,0.6
9,formal_u2_family_001_r04,train_observed_hypothesis,0,True,u2_family_001,formal_u2_family_001_r04_s04,train,1.0
9,formal_u2_family_001_r04,train_observed_hypothesis,0,True,u2_family_001,formal_u2_family_001_r04_s05,train,0.6666666666666666
2,formal_u2_family_001_r04,train_observed_hypothesis,0,True,u2_family_001,formal_u2_family_001_r04_s06,train,1.0
3,formal_u2_family_001_r05,train_observed_hypothesis,0,True,u2_family_001,formal_u2_family_001_r05_s00,train,0.3333333333333333
5,formal_u2_family_001_r05,train_observed_hypothesis,0,True,u2_family_001,formal_u2_family_001_r05_s01,train,0.8
4,formal_u2_family_001_r05,train_observed_hypothesis,0,True,u2_family_001,formal_u2_family_001_r05_s02,train,0.75
9,formal_u2_family_001_r05,train_observed_hypothesis,0,True,u2_family_001,formal_u2_family_001_r05_s03,train,1.0
2,formal_u2_family_001_r05,train_observed_hypothesis,0,True,u2_family_001,formal_u2_family_001_r05_s04,train,0.6666666666666666
3,formal_u2_family_002_r00,train_observed_hypothesis,0,True,u2_family_002,formal_u2_family_002_r00_s00,train,0.3333333333333333
8,formal_u2_family_002_r00,train_observed_hypothesis,0,True,u2_family_002,formal_u2_family_002_r00_s01,train,0.0
5,formal_u2_family_002_r00,train_observed_hypothesis,0,True,u2_family_002,formal_u2_family_002_r00_s02,train,1.0
4,formal_u2_family_002_r00,train_observed_hypothesis,0,True,u2_family_002,formal_u2_family_002_r00_s03,train,0.5
9,formal_u2_family_002_r00,train_observed_hypothesis,0,True,u2_family_002,formal_u2_family_002_r00_s04,train,1.0
2,formal_u2_family_002_r00,train_observed_hypothesis,0,True,u2_family_002,formal_u2_family_002_r00_s05,train,0.6666666666666666
3,formal_u2_family_002_r01,train_observed_hypothesis,0,True,u2_family_002,formal_u2_family_002_r01_s00,train,0.3333333333333333
8,formal_u2_family_002_r01,train_observed_hypothesis,0,True,u2_family_002,formal_u2_family_002_r01_s01,train,0.0
5,formal_u2_family_002_r01,train_observed_hypothesis,0,True,u2_family_002,formal_u2_family_002_r01_s02,train,0.6666666666666666
4,formal_u2_family_002_r01,train_observed_hypothesis,0,True,u2_family_002,formal_u2_family_002_r01_s03,train,0.7
9,formal_u2_family_002_r01,train_observed_hypothesis,0,True,u2_family_002,formal_u2_family_002_r01_s04,train,1.0
2,formal_u2_family_002_r01,train_observed_hypothesis,0,True,u2_family_002,formal_u2_family_002_r01_s05,train,0.6666666666666666
3,formal_u2_family_002_r02,train_observed_hypothesis,0,True,u2_family_002,formal_u2_family_002_r02_s00,train,0.3333333333333333
8,formal_u2_family_002_r02,train_observed_hypothesis,0,True,u2_family_002,formal_u2_family_002_r02_s01,train,0.0
4,formal_u2_family_002_r02,train_observed_hypothesis,0,True,u2_family_002,formal_u2_family_002_r02_s02,train,0.35714285714285715
7,formal_u2_family_002_r02,train_observed_hypothesis,0,True,u2_family_002,formal_u2_family_002_r02_s03,train,1.0
9,formal_u2_family_002_r02,train_observed_hypothesis,0,True,u2_family_002,formal_u2_family_002_r02_s04,train,0.8
2,formal_u2_family_002_r02,train_observed_hypothesis,0,True,u2_family_002,formal_u2_family_002_r02_s05,train,1.0
3,formal_u2_family_002_r03,train_observed_hypothesis,0,True,u2_family_002,formal_u2_family_002_r03_s00,train,0.3333333333333333
8,formal_u2_family_002_r03,train_observed_hypothesis,0,True,u2_family_002,formal_u2_family_002_r03_s01,train,0.0
5,formal_u2_family_002_r03,train_observed_hypothesis,0,True,u2_family_002,formal_u2_family_002_r03_s02,train,1.0
4,formal_u2_family_002_r03,train_observed_hypothesis,0,True,u2_family_002,formal_u2_family_002_r03_s03,train,0.36363636363636365
7,formal_u2_family_002_r03,train_observed_hypothesis,0,True,u2_family_002,formal_u2_family_002_r03_s04,train,1.0
9,formal_u2_family_002_r03,train_observed_hypothesis,0,True,u2_family_002,formal_u2_family_002_r03_s05,train,0.8
2,formal_u2_family_002_r03,train_observed_hypothesis,0,True,u2_family_002,formal_u2_family_002_r03_s06,train,1.0
3,formal_u2_family_002_r04,train_observed_hypothesis,0,True,u2_family_002,formal_u2_family_002_r04_s00,train,0.3333333333333333
8,formal_u2_family_002_r04,train_observed_hypothesis,0,True,u2_family_002,formal_u2_family_002_r04_s01,train,0.0
5,formal_u2_family_002_r04,train_observed_hypothesis,0,True,u2_family_002,formal_u2_family_002_r04_s02,train,1.0
4,formal_u2_family_002_r04,train_observed_hypothesis,0,True,u2_family_002,formal_u2_family_002_r04_s03,train,0.5454545454545454
9,formal_u2_family_002_r04,train_observed_hypothesis,0,True,u2_family_002,formal_u2_family_002_r04_s04,train,1.0
9,formal_u2_family_002_r04,train_observed_hypothesis,0,True,u2_family_002,formal_u2_family_002_r04_s05,train,0.6666666666666666
2,formal_u2_family_002_r04,train_observed_hypothesis,0,True,u2_family_002,formal_u2_family_002_r04_s06,train,1.0
3,formal_u2_family_002_r05,train_observed_hypothesis,0,True,u2_family_002,formal_u2_family_002_r05_s00,train,0.3333333333333333
8,formal_u2_family_002_r05,train_observed_hypothesis,0,True,u2_family_002,formal_u2_family_002_r05_s01,train,0.0
5,formal_u2_family_002_r05,train_observed_hypothesis,0,True,u2_family_002,formal_u2_family_002_r05_s02,train,0.6666666666666666
4,formal_u2_family_002_r05,train_observed_hypothesis,0,True,u2_family_002,formal_u2_family_002_r05_s03,train,0.36363636363636365
7,formal_u2_family_002_r05,train_observed_hypothesis,0,True,u2_family_002,formal_u2_family_002_r05_s04,train,1.0
9,formal_u2_family_002_r05,train_observed_hypothesis,0,True,u2_family_002,formal_u2_family_002_r05_s05,train,0.8
2,formal_u2_family_002_r05,train_observed_hypothesis,0,True,u2_family_002,formal_u2_family_002_r05_s06,train,1.0
3,formal_u2_family_003_r00,train_observed_hypothesis,0,True,u2_family_003,formal_u2_family_003_r00_s00,train,0.3333333333333333
5,formal_u2_family_003_r00,train_observed_hypothesis,0,True,u2_family_003,formal_u2_family_003_r00_s01,train,0.6666666666666666
4,formal_u2_family_003_r00,train_observed_hypothesis,0,True,u2_family_003,formal_u2_family_003_r00_s02,train,0.3333333333333333
7,formal_u2_family_003_r00,train_observed_hypothesis,0,True,u2_family_003,formal_u2_family_003_r00_s03,train,1.0
9,formal_u2_family_003_r00,train_observed_hypothesis,0,True,u2_family_003,formal_u2_family_003_r00_s04,train,0.8333333333333334
2,formal_u2_family_003_r00,train_observed_hypothesis,0,True,u2_family_003,formal_u2_family_003_r00_s05,train,1.0
3,formal_u2_family_003_r01,train_observed_hypothesis,0,True,u2_family_003,formal_u2_family_003_r01_s00,train,0.3333333333333333
5,formal_u2_family_003_r01,train_observed_hypothesis,0,True,u2_family_003,formal_u2_family_003_r01_s01,train,0.75
4,formal_u2_family_003_r01,train_observed_hypothesis,0,True,u2_family_003,formal_u2_family_003_r01_s02,train,0.4
7,formal_u2_family_003_r01,train_observed_hypothesis,0,True,u2_family_003,formal_u2_family_003_r01_s03,train,1.0
9,formal_u2_family_003_r01,train_observed_hypothesis,0,True,u2_family_003,formal_u2_family_003_r01_s04,train,0.8333333333333334
2,formal_u2_family_003_r01,train_observed_hypothesis,0,True,u2_family_003,formal_u2_family_003_r01_s05,train,1.0
3,formal_u2_family_003_r02,train_observed_hypothesis,0,True,u2_family_003,formal_u2_family_003_r02_s00,train,0.3333333333333333
5,formal_u2_family_003_r02,train_observed_hypothesis,0,True,u2_family_003,formal_u2_family_003_r02_s01,train,0.75
4,formal_u2_family_003_r02,train_observed_hypothesis,0,True,u2_family_003,formal_u2_family_003_r02_s02,train,0.5454545454545454
9,formal_u2_family_003_r02,train_observed_hypothesis,0,True,u2_family_003,formal_u2_family_003_r02_s03,train,1.0
9,formal_u2_family_003_r02,train_observed_hypothesis,0,True,u2_family_003,formal_u2_family_003_r02_s04,train,0.6666666666666666
2,formal_u2_family_003_r02,train_observed_hypothesis,0,True,u2_family_003,formal_u2_family_003_r02_s05,train,1.0
3,formal_u2_family_003_r03,train_observed_hypothesis,0,True,u2_family_003,formal_u2_family_003_r03_s00,train,0.3333333333333333
5,formal_u2_family_003_r03,train_observed_hypothesis,0,True,u2_family_003,formal_u2_family_003_r03_s01,train,0.75
4,formal_u2_family_003_r03,train_observed_hypothesis,0,True,u2_family_003,formal_u2_family_003_r03_s02,train,0.36363636363636365
7,formal_u2_family_003_r03,train_observed_hypothesis,0,True,u2_family_003,formal_u2_family_003_r03_s03,train,1.0
9,formal_u2_family_003_r03,train_observed_hypothesis,0,True,u2_family_003,formal_u2_family_003_r03_s04,train,0.8
2,formal_u2_family_003_r03,train_observed_hypothesis,0,True,u2_family_003,formal_u2_family_003_r03_s05,train,1.0
3,formal_u2_family_003_r04,train_observed_hypothesis,0,True,u2_family_003,formal_u2_family_003_r04_s00,train,0.3333333333333333
5,formal_u2_family_003_r04,train_observed_hypothesis,0,True,u2_family_003,formal_u2_family_003_r04_s01,train,0.6666666666666666
4,formal_u2_family_003_r04,train_observed_hypothesis,0,True,u2_family_003,formal_u2_family_003_r04_s02,train,0.23076923076923078
7,formal_u2_family_003_r04,train_observed_hypothesis,0,True,u2_family_003,formal_u2_family_003_r04_s03,train,1.0
9,formal_u2_family_003_r04,train_observed_hypothesis,0,True,u2_family_003,formal_u2_family_003_r04_s04,train,0.8
2,formal_u2_family_003_r04,train_observed_hypothesis,0,True,u2_family_003,formal_u2_family_003_r04_s05,train,1.0
3,formal_u2_family_003_r05,train_observed_hypothesis,0,True,u2_family_003,formal_u2_family_003_r05_s00,train,0.3333333333333333
5,formal_u2_family_003_r05,train_observed_hypothesis,0,True,u2_family_003,formal_u2_family_003_r05_s01,train,0.75
4,formal_u2_family_003_r05,train_observed_hypothesis,0,True,u2_family_003,formal_u2_family_003_r05_s02,train,0.4444444444444444
7,formal_u2_family_003_r05,train_observed_hypothesis,0,True,u2_family_003,formal_u2_family_003_r05_s03,train,1.0
9,formal_u2_family_003_r05,train_observed_hypothesis,0,True,u2_family_003,formal_u2_family_003_r05_s04,train,1.0
2,formal_u2_family_003_r05,train_observed_hypothesis,0,True,u2_family_003,formal_u2_family_003_r05_s05,train,0.6666666666666666
3,formal_u2_family_004_r00,train_observed_hypothesis,0,True,u2_family_004,formal_u2_family_004_r00_s00,train,0.6666666666666666
5,formal_u2_family_004_r00,train_observed_hypothesis,0,True,u2_family_004,formal_u2_family_004_r00_s01,train,0.6666666666666666
3,formal_u2_family_004_r01,train_observed_hypothesis,0,True,u2_family_004,formal_u2_family_004_r01_s00,train,0.3333333333333333
5,formal_u2_family_004_r01,train_observed_hypothesis,0,True,u2_family_004,formal_u2_family_004_r01_s01,train,0.6666666666666666
3,formal_u2_family_004_r02,train_observed_hypothesis,0,True,u2_family_004,formal_u2_family_004_r02_s00,train,0.3333333333333333
5,formal_u2_family_004_r02,train_observed_hypothesis,0,True,u2_family_004,formal_u2_family_004_r02_s01,train,0.6666666666666666
3,formal_u2_family_004_r03,train_observed_hypothesis,0,True,u2_family_004,formal_u2_family_004_r03_s00,train,0.3333333333333333
5,formal_u2_family_004_r03,train_observed_hypothesis,0,True,u2_family_004,formal_u2_family_004_r03_s01,train,0.75
3,formal_u2_family_004_r04,train_observed_hypothesis,0,True,u2_family_004,formal_u2_family_004_r04_s00,train,0.3333333333333333
5,formal_u2_family_004_r04,train_observed_hypothesis,0,True,u2_family_004,formal_u2_family_004_r04_s01,train,0.6666666666666666
3,formal_u2_family_004_r05,train_observed_hypothesis,0,True,u2_family_004,formal_u2_family_004_r05_s00,train,0.3333333333333333
5,formal_u2_family_004_r05,train_observed_hypothesis,0,True,u2_family_004,formal_u2_family_004_r05_s01,train,1.0
5,formal_u2_family_004_r05,train_observed_hypothesis,0,True,u2_family_004,formal_u2_family_004_r05_s02,train,0.0
10,formal_u2_family_005_r00,train_observed_hypothesis,0,True,u2_family_005,formal_u2_family_005_r00_s00,train,0.0
5,formal_u2_family_005_r00,train_observed_hypothesis,0,True,u2_family_005,formal_u2_family_005_r00_s01,train,1.0
5,formal_u2_family_005_r00,train_observed_hypothesis,0,True,u2_family_005,formal_u2_family_005_r00_s02,train,1.0
4,formal_u2_family_005_r00,train_observed_hypothesis,0,True,u2_family_005,formal_u2_family_005_r00_s03,train,0.5454545454545454
9,formal_u2_family_005_r00,train_observed_hypothesis,0,True,u2_family_005,formal_u2_family_005_r00_s04,train,1.0
2,formal_u2_family_005_r00,train_observed_hypothesis,0,True,u2_family_005,formal_u2_family_005_r00_s05,train,0.6666666666666666
10,formal_u2_family_005_r01,train_observed_hypothesis,0,False,u2_family_005,formal_u2_family_005_r01_s00,train,0.0
3,formal_u2_family_005_r01,train_observed_hypothesis,0,True,u2_family_005,formal_u2_family_005_r01_s01,train,0.6666666666666666
4,formal_u2_family_005_r01,train_observed_hypothesis,0,True,u2_family_005,formal_u2_family_005_r01_s02,train,0.5384615384615384
9,formal_u2_family_005_r01,train_observed_hypothesis,0,True,u2_family_005,formal_u2_family_005_r01_s03,train,1.0
9,formal_u2_family_005_r01,train_observed_hypothesis,0,True,u2_family_005,formal_u2_family_005_r01_s04,train,0.6666666666666666
2,formal_u2_family_005_r01,train_observed_hypothesis,0,True,u2_family_005,formal_u2_family_005_r01_s05,train,1.0
10,formal_u2_family_005_r02,train_observed_hypothesis,0,True,u2_family_005,formal_u2_family_005_r02_s00,train,0.0
5,formal_u2_family_005_r02,train_observed_hypothesis,0,True,u2_family_005,formal_u2_family_005_r02_s01,train,0.75
4,formal_u2_family_005_r02,train_observed_hypothesis,0,True,u2_family_005,formal_u2_family_005_r02_s02,train,0.4
7,formal_u2_family_005_r02,train_observed_hypothesis,0,True,u2_family_005,formal_u2_family_005_r02_s03,train,1.0
9,formal_u2_family_005_r02,train_observed_hypothesis,0,True,u2_family_005,formal_u2_family_005_r02_s04,train,1.0
2,formal_u2_family_005_r02,train_observed_hypothesis,0,True,u2_family_005,formal_u2_family_005_r02_s05,train,0.6666666666666666
10,formal_u2_family_005_r03,train_observed_hypothesis,0,False,u2_family_005,formal_u2_family_005_r03_s00,train,0.0
3,formal_u2_family_005_r03,train_observed_hypothesis,0,True,u2_family_005,formal_u2_family_005_r03_s01,train,0.6666666666666666
5,formal_u2_family_005_r03,train_observed_hypothesis,0,True,u2_family_005,formal_u2_family_005_r03_s02,train,0.6666666666666666
4,formal_u2_family_005_r03,train_observed_hypothesis,0,True,u2_family_005,formal_u2_family_005_r03_s03,train,0.4
7,formal_u2_family_005_r03,train_observed_hypothesis,0,True,u2_family_005,formal_u2_family_005_r03_s04,train,1.0
9,formal_u2_family_005_r03,train_observed_hypothesis,0,True,u2_family_005,formal_u2_family_005_r03_s05,train,0.8333333333333334
2,formal_u2_family_005_r03,train_observed_hypothesis,0,True,u2_family_005,formal_u2_family_005_r03_s06,train,1.0
10,formal_u2_family_005_r04,train_observed_hypothesis,0,True,u2_family_005,formal_u2_family_005_r04_s00,train,0.0
5,formal_u2_family_005_r04,train_observed_hypothesis,0,True,u2_family_005,formal_u2_family_005_r04_s01,train,0.8
4,formal_u2_family_005_r04,train_observed_hypothesis,0,True,u2_family_005,formal_u2_family_005_r04_s02,train,0.6
9,formal_u2_family_005_r04,train_observed_hypothesis,0,True,u2_family_005,formal_u2_family_005_r04_s03,train,0.75
2,formal_u2_family_005_r04,train_observed_hypothesis,0,True,u2_family_005,formal_u2_family_005_r04_s04,train,1.0
10,formal_u2_family_005_r05,train_observed_hypothesis,0,True,u2_family_005,formal_u2_family_005_r05_s00,train,0.0
5,formal_u2_family_005_r05,train_observed_hypothesis,0,True,u2_family_005,formal_u2_family_005_r05_s01,train,1.0
4,formal_u2_family_005_r05,train_observed_hypothesis,0,True,u2_family_005,formal_u2_family_005_r05_s02,train,0.6363636363636364
9,formal_u2_family_005_r05,train_observed_hypothesis,0,True,u2_family_005,formal_u2_family_005_r05_s03,train,0.875
2,formal_u2_family_005_r05,train_observed_hypothesis,0,True,u2_family_005,formal_u2_family_005_r05_s04,train,1.0
3,formal_u2_family_006_r00,train_observed_hypothesis,0,True,u2_family_006,formal_u2_family_006_r00_s00,train,0.3333333333333333
1,formal_u2_family_006_r00,train_observed_hypothesis,0,True,u2_family_006,formal_u2_family_006_r00_s01,train,1.0
6,formal_u2_family_006_r00,train_observed_hypothesis,0,True,u2_family_006,formal_u2_family_006_r00_s02,train,0.9090909090909091
2,formal_u2_family_006_r00,train_observed_hypothesis,0,True,u2_family_006,formal_u2_family_006_r00_s03,train,1.0
3,formal_u2_family_006_r01,train_observed_hypothesis,0,True,u2_family_006,formal_u2_family_006_r01_s00,train,0.3333333333333333
1,formal_u2_family_006_r01,train_observed_hypothesis,0,True,u2_family_006,formal_u2_family_006_r01_s01,train,1.0
6,formal_u2_family_006_r01,train_observed_hypothesis,0,True,u2_family_006,formal_u2_family_006_r01_s02,train,0.9166666666666666
2,formal_u2_family_006_r01,train_observed_hypothesis,0,True,u2_family_006,formal_u2_family_006_r01_s03,train,1.0
3,formal_u2_family_006_r02,train_observed_hypothesis,0,True,u2_family_006,formal_u2_family_006_r02_s00,train,0.3333333333333333
1,formal_u2_family_006_r02,train_observed_hypothesis,0,True,u2_family_006,formal_u2_family_006_r02_s01,train,1.0
6,formal_u2_family_006_r02,train_observed_hypothesis,0,True,u2_family_006,formal_u2_family_006_r02_s02,train,0.9
2,formal_u2_family_006_r02,train_observed_hypothesis,0,True,u2_family_006,formal_u2_family_006_r02_s03,train,1.0
3,formal_u2_family_006_r03,train_observed_hypothesis,0,True,u2_family_006,formal_u2_family_006_r03_s00,train,0.3333333333333333
1,formal_u2_family_006_r03,train_observed_hypothesis,0,True,u2_family_006,formal_u2_family_006_r03_s01,train,1.0
6,formal_u2_family_006_r03,train_observed_hypothesis,0,True,u2_family_006,formal_u2_family_006_r03_s02,train,0.9230769230769231
2,formal_u2_family_006_r03,train_observed_hypothesis,0,True,u2_family_006,formal_u2_family_006_r03_s03,train,1.0
3,formal_u2_family_006_r04,train_observed_hypothesis,0,True,u2_family_006,formal_u2_family_006_r04_s00,train,0.3333333333333333
1,formal_u2_family_006_r04,train_observed_hypothesis,0,True,u2_family_006,formal_u2_family_006_r04_s01,train,1.0
6,formal_u2_family_006_r04,train_observed_hypothesis,0,True,u2_family_006,formal_u2_family_006_r04_s02,train,1.0
6,formal_u2_family_006_r04,train_observed_hypothesis,0,True,u2_family_006,formal_u2_family_006_r04_s03,train,0.875
2,formal_u2_family_006_r04,train_observed_hypothesis,0,True,u2_family_006,formal_u2_family_006_r04_s04,train,1.0
3,formal_u2_family_006_r05,train_observed_hypothesis,0,True,u2_family_006,formal_u2_family_006_r05_s00,train,0.3333333333333333
1,formal_u2_family_006_r05,train_observed_hypothesis,0,True,u2_family_006,formal_u2_family_006_r05_s01,train,1.0
6,formal_u2_family_006_r05,train_observed_hypothesis,0,True,u2_family_006,formal_u2_family_006_r05_s02,train,0.9166666666666666
2,formal_u2_family_006_r05,train_observed_hypothesis,0,True,u2_family_006,formal_u2_family_006_r05_s03,train,1.0
3,formal_u2_family_007_r00,train_observed_hypothesis,0,True,u2_family_007,formal_u2_family_007_r00_s00,train,0.3333333333333333
1,formal_u2_family_007_r00,train_observed_hypothesis,0,True,u2_family_007,formal_u2_family_007_r00_s01,train,1.0
6,formal_u2_family_007_r00,train_observed_hypothesis,0,True,u2_family_007,formal_u2_family_007_r00_s02,train,1.0
6,formal_u2_family_007_r00,train_observed_hypothesis,0,True,u2_family_007,formal_u2_family_007_r00_s03,train,1.0
6,formal_u2_family_007_r00,train_observed_hypothesis,0,True,u2_family_007,formal_u2_family_007_r00_s04,train,0.875
2,formal_u2_family_007_r00,train_observed_hypothesis,0,True,u2_family_007,formal_u2_family_007_r00_s05,train,1.0
3,formal_u2_family_007_r01,train_observed_hypothesis,0,True,u2_family_007,formal_u2_family_007_r01_s00,train,0.3333333333333333
8,formal_u2_family_007_r01,train_observed_hypothesis,1,True,u2_family_007,formal_u2_family_007_r01_s01,train,0.3333333333333333
1,formal_u2_family_007_r01,train_observed_hypothesis,0,True,u2_family_007,formal_u2_family_007_r01_s02,train,0.6666666666666666
1,formal_u2_family_007_r01,train_observed_hypothesis,0,True,u2_family_007,formal_u2_family_007_r01_s03,train,1.0
6,formal_u2_family_007_r01,train_observed_hypothesis,0,True,u2_family_007,formal_u2_family_007_r01_s04,train,0.9
2,formal_u2_family_007_r01,train_observed_hypothesis,0,True,u2_family_007,formal_u2_family_007_r01_s05,train,1.0
3,formal_u2_family_007_r02,train_observed_hypothesis,0,True,u2_family_007,formal_u2_family_007_r02_s00,train,0.3333333333333333
1,formal_u2_family_007_r02,train_observed_hypothesis,0,True,u2_family_007,formal_u2_family_007_r02_s01,train,1.0
1,formal_u2_family_007_r02,train_observed_hypothesis,0,True,u2_family_007,formal_u2_family_007_r02_s02,train,1.0
1,formal_u2_family_007_r02,train_observed_hypothesis,0,True,u2_family_007,formal_u2_family_007_r02_s03,train,1.0
6,formal_u2_family_007_r02,train_observed_hypothesis,0,True,u2_family_007,formal_u2_family_007_r02_s04,train,0.8888888888888888
2,formal_u2_family_007_r02,train_observed_hypothesis,0,True,u2_family_007,formal_u2_family_007_r02_s05,train,1.0
3,formal_u2_family_007_r03,train_observed_hypothesis,0,True,u2_family_007,formal_u2_family_007_r03_s00,train,0.3333333333333333
8,formal_u2_family_007_r03,train_observed_hypothesis,1,True,u2_family_007,formal_u2_family_007_r03_s01,train,0.3333333333333333
1,formal_u2_family_007_r03,train_observed_hypothesis,0,True,u2_family_007,formal_u2_family_007_r03_s02,train,0.6666666666666666
1,formal_u2_family_007_r03,train_observed_hypothesis,0,True,u2_family_007,formal_u2_family_007_r03_s03,train,1.0
6,formal_u2_family_007_r03,train_observed_hypothesis,0,True,u2_family_007,formal_u2_family_007_r03_s04,train,0.9090909090909091
2,formal_u2_family_007_r03,train_observed_hypothesis,0,True,u2_family_007,formal_u2_family_007_r03_s05,train,1.0
3,formal_u2_family_007_r04,train_observed_hypothesis,0,True,u2_family_007,formal_u2_family_007_r04_s00,train,0.6666666666666666
8,formal_u2_family_007_r04,train_observed_hypothesis,1,True,u2_family_007,formal_u2_family_007_r04_s01,train,0.3333333333333333
1,formal_u2_family_007_r04,train_observed_hypothesis,0,True,u2_family_007,formal_u2_family_007_r04_s02,train,0.875
6,formal_u2_family_007_r04,train_observed_hypothesis,0,True,u2_family_007,formal_u2_family_007_r04_s03,train,0.8888888888888888
2,formal_u2_family_007_r04,train_observed_hypothesis,0,True,u2_family_007,formal_u2_family_007_r04_s04,train,1.0
3,formal_u2_family_007_r05,train_observed_hypothesis,0,True,u2_family_007,formal_u2_family_007_r05_s00,train,0.3333333333333333
8,formal_u2_family_007_r05,train_observed_hypothesis,1,True,u2_family_007,formal_u2_family_007_r05_s01,train,0.3333333333333333
0,formal_u2_family_007_r05,train_observed_hypothesis,0,False,u2_family_007,formal_u2_family_007_r05_s02,train,0.3333333333333333
0,formal_u2_family_007_r05,train_observed_hypothesis,0,False,u2_family_007,formal_u2_family_007_r05_s03,train,1.0
0,formal_u2_family_007_r05,train_observed_hypothesis,0,False,u2_family_007,formal_u2_family_007_r05_s04,train,1.0
0,formal_u2_family_007_r05,train_observed_hypothesis,0,False,u2_family_007,formal_u2_family_007_r05_s05,train,1.0
0,formal_u2_family_007_r05,train_observed_hypothesis,0,False,u2_family_007,formal_u2_family_007_r05_s06,train,1.0
0,formal_u2_family_007_r05,train_observed_hypothesis,0,False,u2_family_007,formal_u2_family_007_r05_s07,train,1.0
0,formal_u2_family_007_r05,train_observed_hypothesis,0,False,u2_family_007,formal_u2_family_007_r05_s08,train,1.0
0,formal_u2_family_007_r05,train_observed_hypothesis,0,False,u2_family_007,formal_u2_family_007_r05_s09,train,1.0
0,formal_u2_family_007_r05,train_observed_hypothesis,0,False,u2_family_007,formal_u2_family_007_r05_s10,train,1.0
0,formal_u2_family_007_r05,train_observed_hypothesis,0,False,u2_family_007,formal_u2_family_007_r05_s11,train,1.0
0,formal_u2_family_007_r05,train_observed_hypothesis,0,False,u2_family_007,formal_u2_family_007_r05_s12,train,1.0
0,formal_u2_family_007_r05,train_observed_hypothesis,0,False,u2_family_007,formal_u2_family_007_r05_s13,train,1.0
0,formal_u2_family_007_r05,train_observed_hypothesis,0,False,u2_family_007,formal_u2_family_007_r05_s14,train,1.0
0,formal_u2_family_007_r05,train_observed_hypothesis,0,False,u2_family_007,formal_u2_family_007_r05_s15,train,1.0
3,formal_u2_family_008_r00,train_observed_hypothesis,0,True,u2_family_008,formal_u2_family_008_r00_s00,train,0.3333333333333333
1,formal_u2_family_008_r00,train_observed_hypothesis,1,True,u2_family_008,formal_u2_family_008_r00_s01,train,0.6666666666666666
8,formal_u2_family_008_r00,train_observed_hypothesis,0,True,u2_family_008,formal_u2_family_008_r00_s02,train,0.3333333333333333
1,formal_u2_family_008_r00,train_observed_hypothesis,0,True,u2_family_008,formal_u2_family_008_r00_s03,train,1.0
6,formal_u2_family_008_r00,train_observed_hypothesis,0,True,u2_family_008,formal_u2_family_008_r00_s04,train,0.8571428571428571
2,formal_u2_family_008_r00,train_observed_hypothesis,0,True,u2_family_008,formal_u2_family_008_r00_s05,train,1.0
3,formal_u2_family_008_r01,train_observed_hypothesis,0,True,u2_family_008,formal_u2_family_008_r01_s00,train,0.3333333333333333
1,formal_u2_family_008_r01,train_observed_hypothesis,1,True,u2_family_008,formal_u2_family_008_r01_s01,train,0.6666666666666666
8,formal_u2_family_008_r01,train_observed_hypothesis,0,True,u2_family_008,formal_u2_family_008_r01_s02,train,0.3333333333333333
6,formal_u2_family_008_r01,train_observed_hypothesis,0,True,u2_family_008,formal_u2_family_008_r01_s03,train,0.9333333333333333
2,formal_u2_family_008_r01,train_observed_hypothesis,0,True,u2_family_008,formal_u2_family_008_r01_s04,train,1.0
3,formal_u2_family_008_r02,train_observed_hypothesis,0,True,u2_family_008,formal_u2_family_008_r02_s00,train,0.3333333333333333
1,formal_u2_family_008_r02,train_observed_hypothesis,1,True,u2_family_008,formal_u2_family_008_r02_s01,train,0.6666666666666666
8,formal_u2_family_008_r02,train_observed_hypothesis,0,True,u2_family_008,formal_u2_family_008_r02_s02,train,0.3333333333333333
1,formal_u2_family_008_r02,train_observed_hypothesis,0,True,u2_family_008,formal_u2_family_008_r02_s03,train,1.0
6,formal_u2_family_008_r02,train_observed_hypothesis,0,True,u2_family_008,formal_u2_family_008_r02_s04,train,0.8888888888888888
2,formal_u2_family_008_r02,train_observed_hypothesis,0,True,u2_family_008,formal_u2_family_008_r02_s05,train,1.0
3,formal_u2_family_008_r03,train_observed_hypothesis,0,True,u2_family_008,formal_u2_family_008_r03_s00,train,0.3333333333333333
1,formal_u2_family_008_r03,train_observed_hypothesis,1,True,u2_family_008,formal_u2_family_008_r03_s01,train,0.6666666666666666
8,formal_u2_family_008_r03,train_observed_hypothesis,0,True,u2_family_008,formal_u2_family_008_r03_s02,train,0.3333333333333333
1,formal_u2_family_008_r03,train_observed_hypothesis,0,True,u2_family_008,formal_u2_family_008_r03_s03,train,1.0
6,formal_u2_family_008_r03,train_observed_hypothesis,0,True,u2_family_008,formal_u2_family_008_r03_s04,train,0.8571428571428571
2,formal_u2_family_008_r03,train_observed_hypothesis,0,True,u2_family_008,formal_u2_family_008_r03_s05,train,1.0
3,formal_u2_family_008_r04,train_observed_hypothesis,0,True,u2_family_008,formal_u2_family_008_r04_s00,train,0.3333333333333333
1,formal_u2_family_008_r04,train_observed_hypothesis,1,True,u2_family_008,formal_u2_family_008_r04_s01,train,0.6666666666666666
8,formal_u2_family_008_r04,train_observed_hypothesis,0,True,u2_family_008,formal_u2_family_008_r04_s02,train,0.3333333333333333
1,formal_u2_family_008_r04,train_observed_hypothesis,0,True,u2_family_008,formal_u2_family_008_r04_s03,train,1.0
6,formal_u2_family_008_r04,train_observed_hypothesis,0,True,u2_family_008,formal_u2_family_008_r04_s04,train,0.8888888888888888
2,formal_u2_family_008_r04,train_observed_hypothesis,0,True,u2_family_008,formal_u2_family_008_r04_s05,train,1.0
3,formal_u2_family_008_r05,train_observed_hypothesis,0,True,u2_family_008,formal_u2_family_008_r05_s00,train,0.3333333333333333
1,formal_u2_family_008_r05,train_observed_hypothesis,1,True,u2_family_008,formal_u2_family_008_r05_s01,train,0.6666666666666666
8,formal_u2_family_008_r05,train_observed_hypothesis,0,True,u2_family_008,formal_u2_family_008_r05_s02,train,0.3333333333333333
6,formal_u2_family_008_r05,train_observed_hypothesis,0,True,u2_family_008,formal_u2_family_008_r05_s03,train,0.9285714285714286
2,formal_u2_family_008_r05,train_observed_hypothesis,0,True,u2_family_008,formal_u2_family_008_r05_s04,train,1.0
3,formal_u2_family_009_r00,train_observed_hypothesis,0,True,u2_family_009,formal_u2_family_009_r00_s00,train,0.3333333333333333
1,formal_u2_family_009_r00,train_observed_hypothesis,0,True,u2_family_009,formal_u2_family_009_r00_s01,train,1.0
6,formal_u2_family_009_r00,train_observed_hypothesis,0,True,u2_family_009,formal_u2_family_009_r00_s02,train,0.8888888888888888
2,formal_u2_family_009_r00,train_observed_hypothesis,0,True,u2_family_009,formal_u2_family_009_r00_s03,train,1.0
3,formal_u2_family_009_r01,train_observed_hypothesis,0,True,u2_family_009,formal_u2_family_009_r01_s00,train,0.3333333333333333
1,formal_u2_family_009_r01,train_observed_hypothesis,0,True,u2_family_009,formal_u2_family_009_r01_s01,train,1.0
6,formal_u2_family_009_r01,train_observed_hypothesis,0,True,u2_family_009,formal_u2_family_009_r01_s02,train,0.9090909090909091
2,formal_u2_family_009_r01,train_observed_hypothesis,0,True,u2_family_009,formal_u2_family_009_r01_s03,train,1.0
3,formal_u2_family_009_r02,train_observed_hypothesis,0,True,u2_family_009,formal_u2_family_009_r02_s00,train,0.3333333333333333
1,formal_u2_family_009_r02,train_observed_hypothesis,0,True,u2_family_009,formal_u2_family_009_r02_s01,train,1.0
6,formal_u2_family_009_r02,train_observed_hypothesis,0,True,u2_family_009,formal_u2_family_009_r02_s02,train,1.0
6,formal_u2_family_009_r02,train_observed_hypothesis,0,True,u2_family_009,formal_u2_family_009_r02_s03,train,0.8888888888888888
2,formal_u2_family_009_r02,train_observed_hypothesis,0,True,u2_family_009,formal_u2_family_009_r02_s04,train,1.0
3,formal_u2_family_009_r03,train_observed_hypothesis,0,True,u2_family_009,formal_u2_family_009_r03_s00,train,0.3333333333333333
1,formal_u2_family_009_r03,train_observed_hypothesis,0,True,u2_family_009,formal_u2_family_009_r03_s01,train,1.0
6,formal_u2_family_009_r03,train_observed_hypothesis,0,True,u2_family_009,formal_u2_family_009_r03_s02,train,1.0
6,formal_u2_family_009_r03,train_observed_hypothesis,0,True,u2_family_009,formal_u2_family_009_r03_s03,train,0.8571428571428571
2,formal_u2_family_009_r03,train_observed_hypothesis,0,True,u2_family_009,formal_u2_family_009_r03_s04,train,1.0
3,formal_u2_family_009_r04,train_observed_hypothesis,0,True,u2_family_009,formal_u2_family_009_r04_s00,train,0.3333333333333333
1,formal_u2_family_009_r04,train_observed_hypothesis,0,True,u2_family_009,formal_u2_family_009_r04_s01,train,1.0
6,formal_u2_family_009_r04,train_observed_hypothesis,0,True,u2_family_009,formal_u2_family_009_r04_s02,train,0.8888888888888888
2,formal_u2_family_009_r04,train_observed_hypothesis,0,True,u2_family_009,formal_u2_family_009_r04_s03,train,1.0
3,formal_u2_family_009_r05,train_observed_hypothesis,0,True,u2_family_009,formal_u2_family_009_r05_s00,train,0.3333333333333333
1,formal_u2_family_009_r05,train_observed_hypothesis,0,True,u2_family_009,formal_u2_family_009_r05_s01,train,1.0
6,formal_u2_family_009_r05,train_observed_hypothesis,0,True,u2_family_009,formal_u2_family_009_r05_s02,train,0.9090909090909091
2,formal_u2_family_009_r05,train_observed_hypothesis,0,True,u2_family_009,formal_u2_family_009_r05_s03,train,1.0
3,formal_u2_family_010_r00,train_observed_hypothesis,0,True,u2_family_010,formal_u2_family_010_r00_s00,train,0.3333333333333333
5,formal_u2_family_010_r00,train_observed_hypothesis,0,True,u2_family_010,formal_u2_family_010_r00_s01,train,1.0
5,formal_u2_family_010_r00,train_observed_hypothesis,0,True,u2_family_010,formal_u2_family_010_r00_s02,train,0.5
3,formal_u2_family_010_r01,train_observed_hypothesis,0,True,u2_family_010,formal_u2_family_010_r01_s00,train,0.3333333333333333
5,formal_u2_family_010_r01,train_observed_hypothesis,0,True,u2_family_010,formal_u2_family_010_r01_s01,train,1.0
5,formal_u2_family_010_r01,train_observed_hypothesis,0,True,u2_family_010,formal_u2_family_010_r01_s02,train,0.6666666666666666
3,formal_u2_family_010_r02,train_observed_hypothesis,0,True,u2_family_010,formal_u2_family_010_r02_s00,train,0.3333333333333333
5,formal_u2_family_010_r02,train_observed_hypothesis,0,True,u2_family_010,formal_u2_family_010_r02_s01,train,1.0
5,formal_u2_family_010_r02,train_observed_hypothesis,0,True,u2_family_010,formal_u2_family_010_r02_s02,train,0.5
3,formal_u2_family_010_r03,train_observed_hypothesis,0,True,u2_family_010,formal_u2_family_010_r03_s00,train,0.3333333333333333
5,formal_u2_family_010_r03,train_observed_hypothesis,0,True,u2_family_010,formal_u2_family_010_r03_s01,train,1.0
5,formal_u2_family_010_r03,train_observed_hypothesis,0,True,u2_family_010,formal_u2_family_010_r03_s02,train,0.5
3,formal_u2_family_010_r04,train_observed_hypothesis,0,True,u2_family_010,formal_u2_family_010_r04_s00,train,0.3333333333333333
5,formal_u2_family_010_r04,train_observed_hypothesis,0,True,u2_family_010,formal_u2_family_010_r04_s01,train,1.0
5,formal_u2_family_010_r04,train_observed_hypothesis,0,True,u2_family_010,formal_u2_family_010_r04_s02,train,0.5
3,formal_u2_family_010_r05,train_observed_hypothesis,0,True,u2_family_010,formal_u2_family_010_r05_s00,train,0.3333333333333333
5,formal_u2_family_010_r05,train_observed_hypothesis,0,True,u2_family_010,formal_u2_family_010_r05_s01,train,1.0
5,formal_u2_family_010_r05,train_observed_hypothesis,0,True,u2_family_010,formal_u2_family_010_r05_s02,train,0.5
10,formal_u2_family_011_r00,train_observed_hypothesis,0,True,u2_family_011,formal_u2_family_011_r00_s00,train,0.0
5,formal_u2_family_011_r00,train_observed_hypothesis,0,True,u2_family_011,formal_u2_family_011_r00_s01,train,1.0
1,formal_u2_family_011_r00,train_observed_hypothesis,0,True,u2_family_011,formal_u2_family_011_r00_s02,train,1.0
1,formal_u2_family_011_r00,train_observed_hypothesis,0,True,u2_family_011,formal_u2_family_011_r00_s03,train,1.0
6,formal_u2_family_011_r00,train_observed_hypothesis,0,True,u2_family_011,formal_u2_family_011_r00_s04,train,0.9
2,formal_u2_family_011_r00,train_observed_hypothesis,0,True,u2_family_011,formal_u2_family_011_r00_s05,train,1.0
10,formal_u2_family_011_r01,train_observed_hypothesis,0,False,u2_family_011,formal_u2_family_011_r01_s00,train,0.0
3,formal_u2_family_011_r01,train_observed_hypothesis,0,True,u2_family_011,formal_u2_family_011_r01_s01,train,0.6666666666666666
1,formal_u2_family_011_r01,train_observed_hypothesis,0,True,u2_family_011,formal_u2_family_011_r01_s02,train,1.0
6,formal_u2_family_011_r01,train_observed_hypothesis,0,True,u2_family_011,formal_u2_family_011_r01_s03,train,0.9090909090909091
2,formal_u2_family_011_r01,train_observed_hypothesis,0,True,u2_family_011,formal_u2_family_011_r01_s04,train,1.0
10,formal_u2_family_011_r02,train_observed_hypothesis,0,False,u2_family_011,formal_u2_family_011_r02_s00,train,0.0
3,formal_u2_family_011_r02,train_observed_hypothesis,0,True,u2_family_011,formal_u2_family_011_r02_s01,train,0.6666666666666666
1,formal_u2_family_011_r02,train_observed_hypothesis,0,True,u2_family_011,formal_u2_family_011_r02_s02,train,1.0
6,formal_u2_family_011_r02,train_observed_hypothesis,0,True,u2_family_011,formal_u2_family_011_r02_s03,train,1.0
6,formal_u2_family_011_r02,train_observed_hypothesis,0,True,u2_family_011,formal_u2_family_011_r02_s04,train,0.875
2,formal_u2_family_011_r02,train_observed_hypothesis,0,True,u2_family_011,formal_u2_family_011_r02_s05,train,1.0
10,formal_u2_family_011_r03,train_observed_hypothesis,0,True,u2_family_011,formal_u2_family_011_r03_s00,train,0.0
1,formal_u2_family_011_r03,train_observed_hypothesis,0,True,u2_family_011,formal_u2_family_011_r03_s01,train,1.0
1,formal_u2_family_011_r03,train_observed_hypothesis,0,True,u2_family_011,formal_u2_family_011_r03_s02,train,1.0
6,formal_u2_family_011_r03,train_observed_hypothesis,0,True,u2_family_011,formal_u2_family_011_r03_s03,train,0.9
2,formal_u2_family_011_r03,train_observed_hypothesis,0,True,u2_family_011,formal_u2_family_011_r03_s04,train,1.0
10,formal_u2_family_011_r04,train_observed_hypothesis,0,True,u2_family_011,formal_u2_family_011_r04_s00,train,0.0
1,formal_u2_family_011_r04,train_observed_hypothesis,0,True,u2_family_011,formal_u2_family_011_r04_s01,train,1.0
1,formal_u2_family_011_r04,train_observed_hypothesis,0,True,u2_family_011,formal_u2_family_011_r04_s02,train,1.0
6,formal_u2_family_011_r04,train_observed_hypothesis,0,True,u2_family_011,formal_u2_family_011_r04_s03,train,1.0
1,formal_u2_family_011_r04,train_observed_hypothesis,0,True,u2_family_011,formal_u2_family_011_r04_s04,train,1.0
6,formal_u2_family_011_r04,train_observed_hypothesis,0,True,u2_family_011,formal_u2_family_011_r04_s05,train,0.8888888888888888
2,formal_u2_family_011_r04,train_observed_hypothesis,0,True,u2_family_011,formal_u2_family_011_r04_s06,train,1.0
10,formal_u2_family_011_r05,train_observed_hypothesis,0,True,u2_family_011,formal_u2_family_011_r05_s00,train,0.0
5,formal_u2_family_011_r05,train_observed_hypothesis,0,True,u2_family_011,formal_u2_family_011_r05_s01,train,1.0
1,formal_u2_family_011_r05,train_observed_hypothesis,0,True,u2_family_011,formal_u2_family_011_r05_s02,train,1.0
1,formal_u2_family_011_r05,train_observed_hypothesis,0,True,u2_family_011,formal_u2_family_011_r05_s03,train,1.0
6,formal_u2_family_011_r05,train_observed_hypothesis,0,True,u2_family_011,formal_u2_family_011_r05_s04,train,0.9090909090909091
2,formal_u2_family_011_r05,train_observed_hypothesis,0,True,u2_family_011,formal_u2_family_011_r05_s05,train,1.0
3,formal_u2_family_012_r00,train_observed_hypothesis,0,True,u2_family_012,formal_u2_family_012_r00_s00,train,0.3333333333333333
5,formal_u2_family_012_r00,train_observed_hypothesis,0,True,u2_family_012,formal_u2_family_012_r00_s01,train,0.6666666666666666
4,formal_u2_family_012_r00,train_observed_hypothesis,0,True,u2_family_012,formal_u2_family_012_r00_s02,train,0.6
9,formal_u2_family_012_r00,train_observed_hypothesis,0,True,u2_family_012,formal_u2_family_012_r00_s03,train,1.0
9,formal_u2_family_012_r00,train_observed_hypothesis,0,True,u2_family_012,formal_u2_family_012_r00_s04,train,0.6666666666666666
2,formal_u2_family_012_r00,train_observed_hypothesis,0,True,u2_family_012,formal_u2_family_012_r00_s05,train,1.0
3,formal_u2_family_012_r01,train_observed_hypothesis,0,True,u2_family_012,formal_u2_family_012_r01_s00,train,0.6666666666666666
5,formal_u2_family_012_r01,train_observed_hypothesis,0,True,u2_family_012,formal_u2_family_012_r01_s01,train,0.6666666666666666
4,formal_u2_family_012_r01,train_observed_hypothesis,0,True,u2_family_012,formal_u2_family_012_r01_s02,train,0.3333333333333333
7,formal_u2_family_012_r01,train_observed_hypothesis,0,True,u2_family_012,formal_u2_family_012_r01_s03,train,1.0
9,formal_u2_family_012_r01,train_observed_hypothesis,0,True,u2_family_012,formal_u2_family_012_r01_s04,train,0.75
2,formal_u2_family_012_r01,train_observed_hypothesis,0,True,u2_family_012,formal_u2_family_012_r01_s05,train,1.0
3,formal_u2_family_012_r02,train_observed_hypothesis,0,True,u2_family_012,formal_u2_family_012_r02_s00,train,0.3333333333333333
5,formal_u2_family_012_r02,train_observed_hypothesis,0,True,u2_family_012,formal_u2_family_012_r02_s01,train,0.75
4,formal_u2_family_012_r02,train_observed_hypothesis,0,True,u2_family_012,formal_u2_family_012_r02_s02,train,0.4444444444444444
7,formal_u2_family_012_r02,train_observed_hypothesis,0,True,u2_family_012,formal_u2_family_012_r02_s03,train,1.0
9,formal_u2_family_012_r02,train_observed_hypothesis,0,True,u2_family_012,formal_u2_family_012_r02_s04,train,0.75
2,formal_u2_family_012_r02,train_observed_hypothesis,0,True,u2_family_012,formal_u2_family_012_r02_s05,train,1.0
3,formal_u2_family_012_r03,train_observed_hypothesis,0,True,u2_family_012,formal_u2_family_012_r03_s00,train,0.3333333333333333
5,formal_u2_family_012_r03,train_observed_hypothesis,0,True,u2_family_012,formal_u2_family_012_r03_s01,train,0.6666666666666666
4,formal_u2_family_012_r03,train_observed_hypothesis,0,True,u2_family_012,formal_u2_family_012_r03_s02,train,0.5454545454545454
9,formal_u2_family_012_r03,train_observed_hypothesis,0,True,u2_family_012,formal_u2_family_012_r03_s03,train,0.8571428571428571
2,formal_u2_family_012_r03,train_observed_hypothesis,0,True,u2_family_012,formal_u2_family_012_r03_s04,train,1.0
3,formal_u2_family_012_r04,train_observed_hypothesis,0,True,u2_family_012,formal_u2_family_012_r04_s00,train,0.3333333333333333
5,formal_u2_family_012_r04,train_observed_hypothesis,0,True,u2_family_012,formal_u2_family_012_r04_s01,train,0.75
4,formal_u2_family_012_r04,train_observed_hypothesis,0,True,u2_family_012,formal_u2_family_012_r04_s02,train,0.3333333333333333
7,formal_u2_family_012_r04,train_observed_hypothesis,0,True,u2_family_012,formal_u2_family_012_r04_s03,train,1.0
9,formal_u2_family_012_r04,train_observed_hypothesis,0,True,u2_family_012,formal_u2_family_012_r04_s04,train,0.8333333333333334
2,formal_u2_family_012_r04,train_observed_hypothesis,0,True,u2_family_012,formal_u2_family_012_r04_s05,train,1.0
3,formal_u2_family_012_r05,train_observed_hypothesis,0,True,u2_family_012,formal_u2_family_012_r05_s00,train,0.3333333333333333
5,formal_u2_family_012_r05,train_observed_hypothesis,0,True,u2_family_012,formal_u2_family_012_r05_s01,train,0.75
4,formal_u2_family_012_r05,train_observed_hypothesis,0,True,u2_family_012,formal_u2_family_012_r05_s02,train,0.6666666666666666
9,formal_u2_family_012_r05,train_observed_hypothesis,0,True,u2_family_012,formal_u2_family_012_r05_s03,train,1.0
2,formal_u2_family_012_r05,train_observed_hypothesis,0,True,u2_family_012,formal_u2_family_012_r05_s04,train,0.6666666666666666
3,formal_u2_family_013_r00,train_observed_hypothesis,0,True,u2_family_013,formal_u2_family_013_r00_s00,train,0.3333333333333333
8,formal_u2_family_013_r00,train_observed_hypothesis,1,True,u2_family_013,formal_u2_family_013_r00_s01,train,0.3333333333333333
4,formal_u2_family_013_r00,train_observed_hypothesis,0,True,u2_family_013,formal_u2_family_013_r00_s02,train,0.46153846153846156
9,formal_u2_family_013_r00,train_observed_hypothesis,0,True,u2_family_013,formal_u2_family_013_r00_s03,train,1.0
2,formal_u2_family_013_r00,train_observed_hypothesis,0,True,u2_family_013,formal_u2_family_013_r00_s04,train,0.6666666666666666
3,formal_u2_family_013_r01,train_observed_hypothesis,0,True,u2_family_013,formal_u2_family_013_r01_s00,train,0.3333333333333333
5,formal_u2_family_013_r01,train_observed_hypothesis,0,True,u2_family_013,formal_u2_family_013_r01_s01,train,0.75
4,formal_u2_family_013_r01,train_observed_hypothesis,0,True,u2_family_013,formal_u2_family_013_r01_s02,train,0.4
7,formal_u2_family_013_r01,train_observed_hypothesis,0,True,u2_family_013,formal_u2_family_013_r01_s03,train,1.0
9,formal_u2_family_013_r01,train_observed_hypothesis,0,True,u2_family_013,formal_u2_family_013_r01_s04,train,0.8571428571428571
2,formal_u2_family_013_r01,train_observed_hypothesis,0,True,u2_family_013,formal_u2_family_013_r01_s05,train,1.0
3,formal_u2_family_013_r02,train_observed_hypothesis,0,True,u2_family_013,formal_u2_family_013_r02_s00,train,0.3333333333333333
8,formal_u2_family_013_r02,train_observed_hypothesis,1,True,u2_family_013,formal_u2_family_013_r02_s01,train,0.3333333333333333
0,formal_u2_family_013_r02,train_observed_hypothesis,0,False,u2_family_013,formal_u2_family_013_r02_s02,train,0.3333333333333333
0,formal_u2_family_013_r02,train_observed_hypothesis,0,False,u2_family_013,formal_u2_family_013_r02_s03,train,0.0
0,formal_u2_family_013_r02,train_observed_hypothesis,0,False,u2_family_013,formal_u2_family_013_r02_s04,train,0.0
0,formal_u2_family_013_r02,train_observed_hypothesis,0,False,u2_family_013,formal_u2_family_013_r02_s05,train,0.0
0,formal_u2_family_013_r02,train_observed_hypothesis,0,False,u2_family_013,formal_u2_family_013_r02_s06,train,0.0
0,formal_u2_family_013_r02,train_observed_hypothesis,0,False,u2_family_013,formal_u2_family_013_r02_s07,train,0.0
0,formal_u2_family_013_r02,train_observed_hypothesis,0,False,u2_family_013,formal_u2_family_013_r02_s08,train,0.0
0,formal_u2_family_013_r02,train_observed_hypothesis,0,False,u2_family_013,formal_u2_family_013_r02_s09,train,0.0
0,formal_u2_family_013_r02,train_observed_hypothesis,0,False,u2_family_013,formal_u2_family_013_r02_s10,train,0.0
0,formal_u2_family_013_r02,train_observed_hypothesis,0,False,u2_family_013,formal_u2_family_013_r02_s11,train,0.0
0,formal_u2_family_013_r02,train_observed_hypothesis,0,False,u2_family_013,formal_u2_family_013_r02_s12,train,0.0
3,formal_u2_family_013_r03,train_observed_hypothesis,0,True,u2_family_013,formal_u2_family_013_r03_s00,train,0.3333333333333333
5,formal_u2_family_013_r03,train_observed_hypothesis,0,True,u2_family_013,formal_u2_family_013_r03_s01,train,0.75
4,formal_u2_family_013_r03,train_observed_hypothesis,0,True,u2_family_013,formal_u2_family_013_r03_s02,train,0.36363636363636365
7,formal_u2_family_013_r03,train_observed_hypothesis,0,True,u2_family_013,formal_u2_family_013_r03_s03,train,1.0
9,formal_u2_family_013_r03,train_observed_hypothesis,0,True,u2_family_013,formal_u2_family_013_r03_s04,train,0.6666666666666666
2,formal_u2_family_013_r03,train_observed_hypothesis,0,True,u2_family_013,formal_u2_family_013_r03_s05,train,1.0
3,formal_u2_family_013_r04,train_observed_hypothesis,0,True,u2_family_013,formal_u2_family_013_r04_s00,train,0.3333333333333333
8,formal_u2_family_013_r04,train_observed_hypothesis,1,True,u2_family_013,formal_u2_family_013_r04_s01,train,0.3333333333333333
5,formal_u2_family_013_r04,train_observed_hypothesis,0,True,u2_family_013,formal_u2_family_013_r04_s02,train,0.6666666666666666
5,formal_u2_family_013_r04,train_observed_hypothesis,0,True,u2_family_013,formal_u2_family_013_r04_s03,train,0.6666666666666666
4,formal_u2_family_013_r04,train_observed_hypothesis,0,True,u2_family_013,formal_u2_family_013_r04_s04,train,0.5555555555555556
9,formal_u2_family_013_r04,train_observed_hypothesis,0,True,u2_family_013,formal_u2_family_013_r04_s05,train,0.8888888888888888
2,formal_u2_family_013_r04,train_observed_hypothesis,0,True,u2_family_013,formal_u2_family_013_r04_s06,train,1.0
3,formal_u2_family_013_r05,train_observed_hypothesis,0,True,u2_family_013,formal_u2_family_013_r05_s00,train,0.3333333333333333
5,formal_u2_family_013_r05,train_observed_hypothesis,0,True,u2_family_013,formal_u2_family_013_r05_s01,train,0.75
4,formal_u2_family_013_r05,train_observed_hypothesis,0,True,u2_family_013,formal_u2_family_013_r05_s02,train,0.3333333333333333
7,formal_u2_family_013_r05,train_observed_hypothesis,0,True,u2_family_013,formal_u2_family_013_r05_s03,train,1.0
9,formal_u2_family_013_r05,train_observed_hypothesis,0,True,u2_family_013,formal_u2_family_013_r05_s04,train,0.8
2,formal_u2_family_013_r05,train_observed_hypothesis,0,True,u2_family_013,formal_u2_family_013_r05_s05,train,1.0
3,formal_u2_family_014_r00,train_observed_hypothesis,0,True,u2_family_014,formal_u2_family_014_r00_s00,train,0.3333333333333333
8,formal_u2_family_014_r00,train_observed_hypothesis,1,True,u2_family_014,formal_u2_family_014_r00_s01,train,0.3333333333333333
4,formal_u2_family_014_r00,train_observed_hypothesis,0,True,u2_family_014,formal_u2_family_014_r00_s02,train,0.38461538461538464
7,formal_u2_family_014_r00,train_observed_hypothesis,0,True,u2_family_014,formal_u2_family_014_r00_s03,train,1.0
9,formal_u2_family_014_r00,train_observed_hypothesis,0,True,u2_family_014,formal_u2_family_014_r00_s04,train,0.8571428571428571
2,formal_u2_family_014_r00,train_observed_hypothesis,0,True,u2_family_014,formal_u2_family_014_r00_s05,train,1.0
3,formal_u2_family_014_r01,train_observed_hypothesis,0,True,u2_family_014,formal_u2_family_014_r01_s00,train,0.3333333333333333
8,formal_u2_family_014_r01,train_observed_hypothesis,1,True,u2_family_014,formal_u2_family_014_r01_s01,train,0.3333333333333333
4,formal_u2_family_014_r01,train_observed_hypothesis,0,True,u2_family_014,formal_u2_family_014_r01_s02,train,0.5
9,formal_u2_family_014_r01,train_observed_hypothesis,0,True,u2_family_014,formal_u2_family_014_r01_s03,train,1.0
9,formal_u2_family_014_r01,train_observed_hypothesis,0,True,u2_family_014,formal_u2_family_014_r01_s04,train,0.6666666666666666
2,formal_u2_family_014_r01,train_observed_hypothesis,0,True,u2_family_014,formal_u2_family_014_r01_s05,train,1.0
3,formal_u2_family_014_r02,train_observed_hypothesis,0,True,u2_family_014,formal_u2_family_014_r02_s00,train,0.3333333333333333
8,formal_u2_family_014_r02,train_observed_hypothesis,1,True,u2_family_014,formal_u2_family_014_r02_s01,train,0.3333333333333333
5,formal_u2_family_014_r02,train_observed_hypothesis,0,True,u2_family_014,formal_u2_family_014_r02_s02,train,0.6666666666666666
4,formal_u2_family_014_r02,train_observed_hypothesis,0,True,u2_family_014,formal_u2_family_014_r02_s03,train,0.42857142857142855
9,formal_u2_family_014_r02,train_observed_hypothesis,0,True,u2_family_014,formal_u2_family_014_r02_s04,train,0.8
2,formal_u2_family_014_r02,train_observed_hypothesis,0,True,u2_family_014,formal_u2_family_014_r02_s05,train,1.0
3,formal_u2_family_014_r03,train_observed_hypothesis,0,True,u2_family_014,formal_u2_family_014_r03_s00,train,0.3333333333333333
8,formal_u2_family_014_r03,train_observed_hypothesis,1,True,u2_family_014,formal_u2_family_014_r03_s01,train,0.3333333333333333
4,formal_u2_family_014_r03,train_observed_hypothesis,0,True,u2_family_014,formal_u2_family_014_r03_s02,train,0.5
9,formal_u2_family_014_r03,train_observed_hypothesis,0,True,u2_family_014,formal_u2_family_014_r03_s03,train,1.0
2,formal_u2_family_014_r03,train_observed_hypothesis,0,True,u2_family_014,formal_u2_family_014_r03_s04,train,0.6666666666666666
3,formal_u2_family_014_r04,train_observed_hypothesis,0,True,u2_family_014,formal_u2_family_014_r04_s00,train,0.3333333333333333
8,formal_u2_family_014_r04,train_observed_hypothesis,1,True,u2_family_014,formal_u2_family_014_r04_s01,train,0.3333333333333333
5,formal_u2_family_014_r04,train_observed_hypothesis,0,True,u2_family_014,formal_u2_family_014_r04_s02,train,0.3333333333333333
4,formal_u2_family_014_r04,train_observed_hypothesis,0,True,u2_family_014,formal_u2_family_014_r04_s03,train,0.5833333333333334
9,formal_u2_family_014_r04,train_observed_hypothesis,0,True,u2_family_014,formal_u2_family_014_r04_s04,train,1.0
9,formal_u2_family_014_r04,train_observed_hypothesis,0,True,u2_family_014,formal_u2_family_014_r04_s05,train,0.6666666666666666
2,formal_u2_family_014_r04,train_observed_hypothesis,0,True,u2_family_014,formal_u2_family_014_r04_s06,train,1.0
3,formal_u2_family_014_r05,train_observed_hypothesis,0,True,u2_family_014,formal_u2_family_014_r05_s00,train,0.3333333333333333
8,formal_u2_family_014_r05,train_observed_hypothesis,1,True,u2_family_014,formal_u2_family_014_r05_s01,train,0.3333333333333333
5,formal_u2_family_014_r05,train_observed_hypothesis,0,True,u2_family_014,formal_u2_family_014_r05_s02,train,0.3333333333333333
4,formal_u2_family_014_r05,train_observed_hypothesis,0,True,u2_family_014,formal_u2_family_014_r05_s03,train,0.8
9,formal_u2_family_014_r05,train_observed_hypothesis,0,True,u2_family_014,formal_u2_family_014_r05_s04,train,1.0
2,formal_u2_family_014_r05,train_observed_hypothesis,0,True,u2_family_014,formal_u2_family_014_r05_s05,train,0.6666666666666666
3,formal_u2_family_015_r00,train_observed_hypothesis,0,True,u2_family_015,formal_u2_family_015_r00_s00,train,0.3333333333333333
5,formal_u2_family_015_r00,train_observed_hypothesis,0,True,u2_family_015,formal_u2_family_015_r00_s01,train,0.75
4,formal_u2_family_015_r00,train_observed_hypothesis,0,True,u2_family_015,formal_u2_family_015_r00_s02,train,0.4
7,formal_u2_family_015_r00,train_observed_hypothesis,0,True,u2_family_015,formal_u2_family_015_r00_s03,train,1.0
9,formal_u2_family_015_r00,train_observed_hypothesis,0,True,u2_family_015,formal_u2_family_015_r00_s04,train,0.8
2,formal_u2_family_015_r00,train_observed_hypothesis,0,True,u2_family_015,formal_u2_family_015_r00_s05,train,1.0
3,formal_u2_family_015_r01,train_observed_hypothesis,0,True,u2_family_015,formal_u2_family_015_r01_s00,train,0.3333333333333333
5,formal_u2_family_015_r01,train_observed_hypothesis,0,True,u2_family_015,formal_u2_family_015_r01_s01,train,0.75
4,formal_u2_family_015_r01,train_observed_hypothesis,0,True,u2_family_015,formal_u2_family_015_r01_s02,train,0.4444444444444444
7,formal_u2_family_015_r01,train_observed_hypothesis,0,True,u2_family_015,formal_u2_family_015_r01_s03,train,1.0
9,formal_u2_family_015_r01,train_observed_hypothesis,0,True,u2_family_015,formal_u2_family_015_r01_s04,train,0.8
2,formal_u2_family_015_r01,train_observed_hypothesis,0,True,u2_family_015,formal_u2_family_015_r01_s05,train,1.0
3,formal_u2_family_015_r02,train_observed_hypothesis,0,True,u2_family_015,formal_u2_family_015_r02_s00,train,0.3333333333333333
5,formal_u2_family_015_r02,train_observed_hypothesis,0,True,u2_family_015,formal_u2_family_015_r02_s01,train,0.75
4,formal_u2_family_015_r02,train_observed_hypothesis,0,True,u2_family_015,formal_u2_family_015_r02_s02,train,0.5454545454545454
9,formal_u2_family_015_r02,train_observed_hypothesis,0,True,u2_family_015,formal_u2_family_015_r02_s03,train,1.0
2,formal_u2_family_015_r02,train_observed_hypothesis,0,True,u2_family_015,formal_u2_family_015_r02_s04,train,0.6666666666666666
3,formal_u2_family_015_r03,train_observed_hypothesis,0,True,u2_family_015,formal_u2_family_015_r03_s00,train,0.3333333333333333
5,formal_u2_family_015_r03,train_observed_hypothesis,0,True,u2_family_015,formal_u2_family_015_r03_s01,train,0.75
4,formal_u2_family_015_r03,train_observed_hypothesis,0,True,u2_family_015,formal_u2_family_015_r03_s02,train,0.2727272727272727
7,formal_u2_family_015_r03,train_observed_hypothesis,0,True,u2_family_015,formal_u2_family_015_r03_s03,train,1.0
9,formal_u2_family_015_r03,train_observed_hypothesis,0,True,u2_family_015,formal_u2_family_015_r03_s04,train,0.8333333333333334
2,formal_u2_family_015_r03,train_observed_hypothesis,0,True,u2_family_015,formal_u2_family_015_r03_s05,train,1.0
3,formal_u2_family_015_r04,train_observed_hypothesis,0,True,u2_family_015,formal_u2_family_015_r04_s00,train,0.3333333333333333
5,formal_u2_family_015_r04,train_observed_hypothesis,0,True,u2_family_015,formal_u2_family_015_r04_s01,train,0.6666666666666666
4,formal_u2_family_015_r04,train_observed_hypothesis,0,True,u2_family_015,formal_u2_family_015_r04_s02,train,0.36363636363636365
7,formal_u2_family_015_r04,train_observed_hypothesis,0,True,u2_family_015,formal_u2_family_015_r04_s03,train,1.0
9,formal_u2_family_015_r04,train_observed_hypothesis,0,True,u2_family_015,formal_u2_family_015_r04_s04,train,0.8
2,formal_u2_family_015_r04,train_observed_hypothesis,0,True,u2_family_015,formal_u2_family_015_r04_s05,train,1.0
3,formal_u2_family_015_r05,train_observed_hypothesis,0,True,u2_family_015,formal_u2_family_015_r05_s00,train,0.3333333333333333
5,formal_u2_family_015_r05,train_observed_hypothesis,0,True,u2_family_015,formal_u2_family_015_r05_s01,train,0.75
4,formal_u2_family_015_r05,train_observed_hypothesis,0,True,u2_family_015,formal_u2_family_015_r05_s02,train,0.4444444444444444
7,formal_u2_family_015_r05,train_observed_hypothesis,0,True,u2_family_015,formal_u2_family_015_r05_s03,train,1.0
9,formal_u2_family_015_r05,train_observed_hypothesis,0,True,u2_family_015,formal_u2_family_015_r05_s04,train,1.0
2,formal_u2_family_015_r05,train_observed_hypothesis,0,True,u2_family_015,formal_u2_family_015_r05_s05,train,0.6666666666666666
3,formal_u2_family_016_r00,train_observed_hypothesis,0,True,u2_family_016,formal_u2_family_016_r00_s00,train,0.3333333333333333
5,formal_u2_family_016_r00,train_observed_hypothesis,0,True,u2_family_016,formal_u2_family_016_r00_s01,train,0.75
3,formal_u2_family_016_r01,train_observed_hypothesis,0,True,u2_family_016,formal_u2_family_016_r01_s00,train,0.3333333333333333
5,formal_u2_family_016_r01,train_observed_hypothesis,0,True,u2_family_016,formal_u2_family_016_r01_s01,train,0.75
3,formal_u2_family_016_r02,train_observed_hypothesis,0,True,u2_family_016,formal_u2_family_016_r02_s00,train,0.3333333333333333
5,formal_u2_family_016_r02,train_observed_hypothesis,0,True,u2_family_016,formal_u2_family_016_r02_s01,train,0.75
3,formal_u2_family_016_r03,train_observed_hypothesis,0,True,u2_family_016,formal_u2_family_016_r03_s00,train,0.3333333333333333
5,formal_u2_family_016_r03,train_observed_hypothesis,0,True,u2_family_016,formal_u2_family_016_r03_s01,train,0.6666666666666666
3,formal_u2_family_016_r04,train_observed_hypothesis,0,True,u2_family_016,formal_u2_family_016_r04_s00,train,0.3333333333333333
5,formal_u2_family_016_r04,train_observed_hypothesis,0,True,u2_family_016,formal_u2_family_016_r04_s01,train,0.6666666666666666
3,formal_u2_family_016_r05,train_observed_hypothesis,0,True,u2_family_016,formal_u2_family_016_r05_s00,train,0.3333333333333333
5,formal_u2_family_016_r05,train_observed_hypothesis,0,True,u2_family_016,formal_u2_family_016_r05_s01,train,0.75
10,formal_u2_family_017_r00,train_observed_hypothesis,0,True,u2_family_017,formal_u2_family_017_r00_s00,train,0.0
5,formal_u2_family_017_r00,train_observed_hypothesis,0,True,u2_family_017,formal_u2_family_017_r00_s01,train,1.0
5,formal_u2_family_017_r00,train_observed_hypothesis,0,True,u2_family_017,formal_u2_family_017_r00_s02,train,0.6666666666666666
4,formal_u2_family_017_r00,train_observed_hypothesis,0,True,u2_family_017,formal_u2_family_017_r00_s03,train,0.4
7,formal_u2_family_017_r00,train_observed_hypothesis,0,True,u2_family_017,formal_u2_family_017_r00_s04,train,1.0
9,formal_u2_family_017_r00,train_observed_hypothesis,0,True,u2_family_017,formal_u2_family_017_r00_s05,train,0.8
2,formal_u2_family_017_r00,train_observed_hypothesis,0,True,u2_family_017,formal_u2_family_017_r00_s06,train,1.0
10,formal_u2_family_017_r01,train_observed_hypothesis,0,True,u2_family_017,formal_u2_family_017_r01_s00,train,0.0
5,formal_u2_family_017_r01,train_observed_hypothesis,0,True,u2_family_017,formal_u2_family_017_r01_s01,train,1.0
4,formal_u2_family_017_r01,train_observed_hypothesis,0,True,u2_family_017,formal_u2_family_017_r01_s02,train,0.5833333333333334
9,formal_u2_family_017_r01,train_observed_hypothesis,0,True,u2_family_017,formal_u2_family_017_r01_s03,train,0.8571428571428571
2,formal_u2_family_017_r01,train_observed_hypothesis,0,True,u2_family_017,formal_u2_family_017_r01_s04,train,1.0
10,formal_u2_family_017_r02,train_observed_hypothesis,0,False,u2_family_017,formal_u2_family_017_r02_s00,train,0.0
3,formal_u2_family_017_r02,train_observed_hypothesis,0,True,u2_family_017,formal_u2_family_017_r02_s01,train,0.6666666666666666
4,formal_u2_family_017_r02,train_observed_hypothesis,0,True,u2_family_017,formal_u2_family_017_r02_s02,train,0.38461538461538464
7,formal_u2_family_017_r02,train_observed_hypothesis,0,True,u2_family_017,formal_u2_family_017_r02_s03,train,1.0
9,formal_u2_family_017_r02,train_observed_hypothesis,0,True,u2_family_017,formal_u2_family_017_r02_s04,train,1.0
2,formal_u2_family_017_r02,train_observed_hypothesis,0,True,u2_family_017,formal_u2_family_017_r02_s05,train,0.6666666666666666
10,formal_u2_family_017_r03,train_observed_hypothesis,0,False,u2_family_017,formal_u2_family_017_r03_s00,train,0.0
3,formal_u2_family_017_r03,train_observed_hypothesis,0,True,u2_family_017,formal_u2_family_017_r03_s01,train,0.6666666666666666
5,formal_u2_family_017_r03,train_observed_hypothesis,0,True,u2_family_017,formal_u2_family_017_r03_s02,train,1.0
4,formal_u2_family_017_r03,train_observed_hypothesis,0,True,u2_family_017,formal_u2_family_017_r03_s03,train,0.45454545454545453
9,formal_u2_family_017_r03,train_observed_hypothesis,0,True,u2_family_017,formal_u2_family_017_r03_s04,train,1.0
2,formal_u2_family_017_r03,train_observed_hypothesis,0,True,u2_family_017,formal_u2_family_017_r03_s05,train,0.6666666666666666
10,formal_u2_family_017_r04,train_observed_hypothesis,0,False,u2_family_017,formal_u2_family_017_r04_s00,train,0.0
3,formal_u2_family_017_r04,train_observed_hypothesis,0,True,u2_family_017,formal_u2_family_017_r04_s01,train,0.6666666666666666
5,formal_u2_family_017_r04,train_observed_hypothesis,0,True,u2_family_017,formal_u2_family_017_r04_s02,train,0.6666666666666666
4,formal_u2_family_017_r04,train_observed_hypothesis,0,True,u2_family_017,formal_u2_family_017_r04_s03,train,0.4444444444444444
7,formal_u2_family_017_r04,train_observed_hypothesis,0,True,u2_family_017,formal_u2_family_017_r04_s04,train,1.0
9,formal_u2_family_017_r04,train_observed_hypothesis,0,True,u2_family_017,formal_u2_family_017_r04_s05,train,0.8
2,formal_u2_family_017_r04,train_observed_hypothesis,0,True,u2_family_017,formal_u2_family_017_r04_s06,train,1.0
10,formal_u2_family_017_r05,train_observed_hypothesis,0,False,u2_family_017,formal_u2_family_017_r05_s00,train,0.0
3,formal_u2_family_017_r05,train_observed_hypothesis,0,True,u2_family_017,formal_u2_family_017_r05_s01,train,0.6666666666666666
4,formal_u2_family_017_r05,train_observed_hypothesis,0,True,u2_family_017,formal_u2_family_017_r05_s02,train,0.4166666666666667
7,formal_u2_family_017_r05,train_observed_hypothesis,0,True,u2_family_017,formal_u2_family_017_r05_s03,train,1.0
9,formal_u2_family_017_r05,train_observed_hypothesis,0,True,u2_family_017,formal_u2_family_017_r05_s04,train,1.0
2,formal_u2_family_017_r05,train_observed_hypothesis,0,True,u2_family_017,formal_u2_family_017_r05_s05,train,0.6666666666666666
3,formal_u2_family_018_r00,train_observed_hypothesis,0,True,u2_family_018,formal_u2_family_018_r00_s00,train,0.3333333333333333
1,formal_u2_family_018_r00,train_observed_hypothesis,0,True,u2_family_018,formal_u2_family_018_r00_s01,train,1.0
6,formal_u2_family_018_r00,train_observed_hypothesis,0,True,u2_family_018,formal_u2_family_018_r00_s02,train,0.9090909090909091
2,formal_u2_family_018_r00,train_observed_hypothesis,0,True,u2_family_018,formal_u2_family_018_r00_s03,train,1.0
3,formal_u2_family_018_r01,train_observed_hypothesis,0,True,u2_family_018,formal_u2_family_018_r01_s00,train,0.3333333333333333
1,formal_u2_family_018_r01,train_observed_hypothesis,0,True,u2_family_018,formal_u2_family_018_r01_s01,train,1.0
6,formal_u2_family_018_r01,train_observed_hypothesis,0,True,u2_family_018,formal_u2_family_018_r01_s02,train,0.8888888888888888
2,formal_u2_family_018_r01,train_observed_hypothesis,0,True,u2_family_018,formal_u2_family_018_r01_s03,train,1.0
3,formal_u2_family_018_r02,train_observed_hypothesis,0,True,u2_family_018,formal_u2_family_018_r02_s00,train,0.3333333333333333
1,formal_u2_family_018_r02,train_observed_hypothesis,0,True,u2_family_018,formal_u2_family_018_r02_s01,train,1.0
6,formal_u2_family_018_r02,train_observed_hypothesis,0,True,u2_family_018,formal_u2_family_018_r02_s02,train,0.9230769230769231
2,formal_u2_family_018_r02,train_observed_hypothesis,0,True,u2_family_018,formal_u2_family_018_r02_s03,train,1.0
3,formal_u2_family_018_r03,train_observed_hypothesis,0,True,u2_family_018,formal_u2_family_018_r03_s00,train,0.3333333333333333
1,formal_u2_family_018_r03,train_observed_hypothesis,0,True,u2_family_018,formal_u2_family_018_r03_s01,train,1.0
6,formal_u2_family_018_r03,train_observed_hypothesis,0,True,u2_family_018,formal_u2_family_018_r03_s02,train,0.9166666666666666
2,formal_u2_family_018_r03,train_observed_hypothesis,0,True,u2_family_018,formal_u2_family_018_r03_s03,train,1.0
3,formal_u2_family_018_r04,train_observed_hypothesis,0,True,u2_family_018,formal_u2_family_018_r04_s00,train,0.3333333333333333
1,formal_u2_family_018_r04,train_observed_hypothesis,0,True,u2_family_018,formal_u2_family_018_r04_s01,train,1.0
6,formal_u2_family_018_r04,train_observed_hypothesis,0,True,u2_family_018,formal_u2_family_018_r04_s02,train,0.9
2,formal_u2_family_018_r04,train_observed_hypothesis,0,True,u2_family_018,formal_u2_family_018_r04_s03,train,1.0
3,formal_u2_family_018_r05,train_observed_hypothesis,0,True,u2_family_018,formal_u2_family_018_r05_s00,train,0.3333333333333333
1,formal_u2_family_018_r05,train_observed_hypothesis,0,True,u2_family_018,formal_u2_family_018_r05_s01,train,1.0
6,formal_u2_family_018_r05,train_observed_hypothesis,0,True,u2_family_018,formal_u2_family_018_r05_s02,train,0.8888888888888888
2,formal_u2_family_018_r05,train_observed_hypothesis,0,True,u2_family_018,formal_u2_family_018_r05_s03,train,1.0
3,formal_u2_family_019_r00,train_observed_hypothesis,0,True,u2_family_019,formal_u2_family_019_r00_s00,train,0.3333333333333333
1,formal_u2_family_019_r00,train_observed_hypothesis,0,True,u2_family_019,formal_u2_family_019_r00_s01,train,1.0
6,formal_u2_family_019_r00,train_observed_hypothesis,0,True,u2_family_019,formal_u2_family_019_r00_s02,train,0.9090909090909091
2,formal_u2_family_019_r00,train_observed_hypothesis,0,True,u2_family_019,formal_u2_family_019_r00_s03,train,1.0
3,formal_u2_family_019_r01,train_observed_hypothesis,0,True,u2_family_019,formal_u2_family_019_r01_s00,train,0.3333333333333333
8,formal_u2_family_019_r01,train_observed_hypothesis,1,True,u2_family_019,formal_u2_family_019_r01_s01,train,0.3333333333333333
1,formal_u2_family_019_r01,train_observed_hypothesis,0,True,u2_family_019,formal_u2_family_019_r01_s02,train,0.6666666666666666
1,formal_u2_family_019_r01,train_observed_hypothesis,0,True,u2_family_019,formal_u2_family_019_r01_s03,train,1.0
6,formal_u2_family_019_r01,train_observed_hypothesis,0,True,u2_family_019,formal_u2_family_019_r01_s04,train,0.9090909090909091
2,formal_u2_family_019_r01,train_observed_hypothesis,0,True,u2_family_019,formal_u2_family_019_r01_s05,train,1.0
3,formal_u2_family_019_r02,train_observed_hypothesis,0,True,u2_family_019,formal_u2_family_019_r02_s00,train,0.3333333333333333
8,formal_u2_family_019_r02,train_observed_hypothesis,1,True,u2_family_019,formal_u2_family_019_r02_s01,train,0.3333333333333333
0,formal_u2_family_019_r02,train_observed_hypothesis,0,False,u2_family_019,formal_u2_family_019_r02_s02,train,0.3333333333333333
0,formal_u2_family_019_r02,train_observed_hypothesis,0,False,u2_family_019,formal_u2_family_019_r02_s03,train,1.0
0,formal_u2_family_019_r02,train_observed_hypothesis,0,False,u2_family_019,formal_u2_family_019_r02_s04,train,1.0
0,formal_u2_family_019_r02,train_observed_hypothesis,0,False,u2_family_019,formal_u2_family_019_r02_s05,train,1.0
0,formal_u2_family_019_r02,train_observed_hypothesis,0,False,u2_family_019,formal_u2_family_019_r02_s06,train,1.0
0,formal_u2_family_019_r02,train_observed_hypothesis,0,False,u2_family_019,formal_u2_family_019_r02_s07,train,1.0
0,formal_u2_family_019_r02,train_observed_hypothesis,0,False,u2_family_019,formal_u2_family_019_r02_s08,train,1.0
0,formal_u2_family_019_r02,train_observed_hypothesis,0,False,u2_family_019,formal_u2_family_019_r02_s09,train,1.0
0,formal_u2_family_019_r02,train_observed_hypothesis,0,False,u2_family_019,formal_u2_family_019_r02_s10,train,1.0
0,formal_u2_family_019_r02,train_observed_hypothesis,0,False,u2_family_019,formal_u2_family_019_r02_s11,train,1.0
0,formal_u2_family_019_r02,train_observed_hypothesis,0,False,u2_family_019,formal_u2_family_019_r02_s12,train,1.0
0,formal_u2_family_019_r02,train_observed_hypothesis,0,False,u2_family_019,formal_u2_family_019_r02_s13,train,1.0
0,formal_u2_family_019_r02,train_observed_hypothesis,0,False,u2_family_019,formal_u2_family_019_r02_s14,train,1.0
0,formal_u2_family_019_r02,train_observed_hypothesis,0,False,u2_family_019,formal_u2_family_019_r02_s15,train,1.0
3,formal_u2_family_019_r03,train_observed_hypothesis,0,True,u2_family_019,formal_u2_family_019_r03_s00,train,0.3333333333333333
8,formal_u2_family_019_r03,train_observed_hypothesis,1,True,u2_family_019,formal_u2_family_019_r03_s01,train,0.3333333333333333
1,formal_u2_family_019_r03,train_observed_hypothesis,0,True,u2_family_019,formal_u2_family_019_r03_s02,train,0.6666666666666666
1,formal_u2_family_019_r03,train_observed_hypothesis,0,True,u2_family_019,formal_u2_family_019_r03_s03,train,1.0
6,formal_u2_family_019_r03,train_observed_hypothesis,0,True,u2_family_019,formal_u2_family_019_r03_s04,train,0.9
2,formal_u2_family_019_r03,train_observed_hypothesis,0,True,u2_family_019,formal_u2_family_019_r03_s05,train,1.0
3,formal_u2_family_019_r04,train_observed_hypothesis,0,True,u2_family_019,formal_u2_family_019_r04_s00,train,0.3333333333333333
8,formal_u2_family_019_r04,train_observed_hypothesis,1,True,u2_family_019,formal_u2_family_019_r04_s01,train,0.3333333333333333
1,formal_u2_family_019_r04,train_observed_hypothesis,0,True,u2_family_019,formal_u2_family_019_r04_s02,train,0.6666666666666666
1,formal_u2_family_019_r04,train_observed_hypothesis,0,True,u2_family_019,formal_u2_family_019_r04_s03,train,1.0
6,formal_u2_family_019_r04,train_observed_hypothesis,0,True,u2_family_019,formal_u2_family_019_r04_s04,train,0.8888888888888888
2,formal_u2_family_019_r04,train_observed_hypothesis,0,True,u2_family_019,formal_u2_family_019_r04_s05,train,1.0
3,formal_u2_family_019_r05,train_observed_hypothesis,0,True,u2_family_019,formal_u2_family_019_r05_s00,train,0.3333333333333333
8,formal_u2_family_019_r05,train_observed_hypothesis,1,True,u2_family_019,formal_u2_family_019_r05_s01,train,0.3333333333333333
0,formal_u2_family_019_r05,train_observed_hypothesis,0,False,u2_family_019,formal_u2_family_019_r05_s02,train,0.3333333333333333
0,formal_u2_family_019_r05,train_observed_hypothesis,0,False,u2_family_019,formal_u2_family_019_r05_s03,train,1.0
0,formal_u2_family_019_r05,train_observed_hypothesis,0,False,u2_family_019,formal_u2_family_019_r05_s04,train,1.0
0,formal_u2_family_019_r05,train_observed_hypothesis,0,False,u2_family_019,formal_u2_family_019_r05_s05,train,1.0
0,formal_u2_family_019_r05,train_observed_hypothesis,0,False,u2_family_019,formal_u2_family_019_r05_s06,train,1.0
0,formal_u2_family_019_r05,train_observed_hypothesis,0,False,u2_family_019,formal_u2_family_019_r05_s07,train,0.6666666666666666
0,formal_u2_family_019_r05,train_observed_hypothesis,0,False,u2_family_019,formal_u2_family_019_r05_s08,train,1.0
0,formal_u2_family_019_r05,train_observed_hypothesis,0,False,u2_family_019,formal_u2_family_019_r05_s09,train,1.0
0,formal_u2_family_019_r05,train_observed_hypothesis,0,False,u2_family_019,formal_u2_family_019_r05_s10,train,1.0
0,formal_u2_family_019_r05,train_observed_hypothesis,0,False,u2_family_019,formal_u2_family_019_r05_s11,train,1.0
0,formal_u2_family_019_r05,train_observed_hypothesis,0,False,u2_family_019,formal_u2_family_019_r05_s12,train,1.0
0,formal_u2_family_019_r05,train_observed_hypothesis,0,False,u2_family_019,formal_u2_family_019_r05_s13,train,1.0
0,formal_u2_family_019_r05,train_observed_hypothesis,0,False,u2_family_019,formal_u2_family_019_r05_s14,train,1.0
0,formal_u2_family_019_r05,train_observed_hypothesis,0,False,u2_family_019,formal_u2_family_019_r05_s15,train,1.0
3,formal_u2_family_020_r00,train_observed_hypothesis,0,True,u2_family_020,formal_u2_family_020_r00_s00,train,0.3333333333333333
1,formal_u2_family_020_r00,train_observed_hypothesis,1,True,u2_family_020,formal_u2_family_020_r00_s01,train,0.6666666666666666
8,formal_u2_family_020_r00,train_observed_hypothesis,0,True,u2_family_020,formal_u2_family_020_r00_s02,train,0.3333333333333333
1,formal_u2_family_020_r00,train_observed_hypothesis,0,True,u2_family_020,formal_u2_family_020_r00_s03,train,1.0
6,formal_u2_family_020_r00,train_observed_hypothesis,0,True,u2_family_020,formal_u2_family_020_r00_s04,train,0.9
2,formal_u2_family_020_r00,train_observed_hypothesis,0,True,u2_family_020,formal_u2_family_020_r00_s05,train,1.0
3,formal_u2_family_020_r01,train_observed_hypothesis,0,True,u2_family_020,formal_u2_family_020_r01_s00,train,0.3333333333333333
1,formal_u2_family_020_r01,train_observed_hypothesis,1,True,u2_family_020,formal_u2_family_020_r01_s01,train,0.6666666666666666
8,formal_u2_family_020_r01,train_observed_hypothesis,0,True,u2_family_020,formal_u2_family_020_r01_s02,train,0.3333333333333333
1,formal_u2_family_020_r01,train_observed_hypothesis,0,True,u2_family_020,formal_u2_family_020_r01_s03,train,1.0
6,formal_u2_family_020_r01,train_observed_hypothesis,0,True,u2_family_020,formal_u2_family_020_r01_s04,train,0.875
2,formal_u2_family_020_r01,train_observed_hypothesis,0,True,u2_family_020,formal_u2_family_020_r01_s05,train,1.0
3,formal_u2_family_020_r02,train_observed_hypothesis,0,True,u2_family_020,formal_u2_family_020_r02_s00,train,0.3333333333333333
1,formal_u2_family_020_r02,train_observed_hypothesis,1,True,u2_family_020,formal_u2_family_020_r02_s01,train,0.6666666666666666
8,formal_u2_family_020_r02,train_observed_hypothesis,0,True,u2_family_020,formal_u2_family_020_r02_s02,train,0.3333333333333333
1,formal_u2_family_020_r02,train_observed_hypothesis,0,True,u2_family_020,formal_u2_family_020_r02_s03,train,1.0
6,formal_u2_family_020_r02,train_observed_hypothesis,0,True,u2_family_020,formal_u2_family_020_r02_s04,train,0.9
2,formal_u2_family_020_r02,train_observed_hypothesis,0,True,u2_family_020,formal_u2_family_020_r02_s05,train,1.0
3,formal_u2_family_020_r03,train_observed_hypothesis,0,True,u2_family_020,formal_u2_family_020_r03_s00,train,0.3333333333333333
1,formal_u2_family_020_r03,train_observed_hypothesis,1,True,u2_family_020,formal_u2_family_020_r03_s01,train,0.6666666666666666
8,formal_u2_family_020_r03,train_observed_hypothesis,0,True,u2_family_020,formal_u2_family_020_r03_s02,train,0.3333333333333333
6,formal_u2_family_020_r03,train_observed_hypothesis,0,True,u2_family_020,formal_u2_family_020_r03_s03,train,0.9285714285714286
2,formal_u2_family_020_r03,train_observed_hypothesis,0,True,u2_family_020,formal_u2_family_020_r03_s04,train,1.0
3,formal_u2_family_020_r04,train_observed_hypothesis,0,True,u2_family_020,formal_u2_family_020_r04_s00,train,0.3333333333333333
1,formal_u2_family_020_r04,train_observed_hypothesis,1,True,u2_family_020,formal_u2_family_020_r04_s01,train,0.6666666666666666
8,formal_u2_family_020_r04,train_observed_hypothesis,0,True,u2_family_020,formal_u2_family_020_r04_s02,train,0.3333333333333333
6,formal_u2_family_020_r04,train_observed_hypothesis,0,True,u2_family_020,formal_u2_family_020_r04_s03,train,0.9375
2,formal_u2_family_020_r04,train_observed_hypothesis,0,True,u2_family_020,formal_u2_family_020_r04_s04,train,1.0
3,formal_u2_family_020_r05,train_observed_hypothesis,0,True,u2_family_020,formal_u2_family_020_r05_s00,train,0.3333333333333333
1,formal_u2_family_020_r05,train_observed_hypothesis,1,True,u2_family_020,formal_u2_family_020_r05_s01,train,0.6666666666666666
8,formal_u2_family_020_r05,train_observed_hypothesis,0,True,u2_family_020,formal_u2_family_020_r05_s02,train,0.3333333333333333
1,formal_u2_family_020_r05,train_observed_hypothesis,0,True,u2_family_020,formal_u2_family_020_r05_s03,train,1.0
6,formal_u2_family_020_r05,train_observed_hypothesis,0,True,u2_family_020,formal_u2_family_020_r05_s04,train,0.875
2,formal_u2_family_020_r05,train_observed_hypothesis,0,True,u2_family_020,formal_u2_family_020_r05_s05,train,1.0
3,formal_u2_family_021_r00,train_observed_hypothesis,0,True,u2_family_021,formal_u2_family_021_r00_s00,train,0.3333333333333333
1,formal_u2_family_021_r00,train_observed_hypothesis,0,True,u2_family_021,formal_u2_family_021_r00_s01,train,1.0
6,formal_u2_family_021_r00,train_observed_hypothesis,0,True,u2_family_021,formal_u2_family_021_r00_s02,train,0.9090909090909091
2,formal_u2_family_021_r00,train_observed_hypothesis,0,True,u2_family_021,formal_u2_family_021_r00_s03,train,1.0
3,formal_u2_family_021_r01,train_observed_hypothesis,0,True,u2_family_021,formal_u2_family_021_r01_s00,train,0.3333333333333333
1,formal_u2_family_021_r01,train_observed_hypothesis,0,True,u2_family_021,formal_u2_family_021_r01_s01,train,1.0
6,formal_u2_family_021_r01,train_observed_hypothesis,0,True,u2_family_021,formal_u2_family_021_r01_s02,train,1.0
6,formal_u2_family_021_r01,train_observed_hypothesis,0,True,u2_family_021,formal_u2_family_021_r01_s03,train,0.9
2,formal_u2_family_021_r01,train_observed_hypothesis,0,True,u2_family_021,formal_u2_family_021_r01_s04,train,1.0
3,formal_u2_family_021_r02,train_observed_hypothesis,0,True,u2_family_021,formal_u2_family_021_r02_s00,train,0.3333333333333333
1,formal_u2_family_021_r02,train_observed_hypothesis,0,True,u2_family_021,formal_u2_family_021_r02_s01,train,1.0
6,formal_u2_family_021_r02,train_observed_hypothesis,0,True,u2_family_021,formal_u2_family_021_r02_s02,train,0.9166666666666666
2,formal_u2_family_021_r02,train_observed_hypothesis,0,True,u2_family_021,formal_u2_family_021_r02_s03,train,1.0
3,formal_u2_family_021_r03,train_observed_hypothesis,0,True,u2_family_021,formal_u2_family_021_r03_s00,train,0.3333333333333333
1,formal_u2_family_021_r03,train_observed_hypothesis,0,True,u2_family_021,formal_u2_family_021_r03_s01,train,1.0
6,formal_u2_family_021_r03,train_observed_hypothesis,0,True,u2_family_021,formal_u2_family_021_r03_s02,train,0.8888888888888888
2,formal_u2_family_021_r03,train_observed_hypothesis,0,True,u2_family_021,formal_u2_family_021_r03_s03,train,1.0
3,formal_u2_family_021_r04,train_observed_hypothesis,0,True,u2_family_021,formal_u2_family_021_r04_s00,train,0.3333333333333333
1,formal_u2_family_021_r04,train_observed_hypothesis,0,True,u2_family_021,formal_u2_family_021_r04_s01,train,1.0
6,formal_u2_family_021_r04,train_observed_hypothesis,0,True,u2_family_021,formal_u2_family_021_r04_s02,train,0.8888888888888888
2,formal_u2_family_021_r04,train_observed_hypothesis,0,True,u2_family_021,formal_u2_family_021_r04_s03,train,1.0
3,formal_u2_family_021_r05,train_observed_hypothesis,0,True,u2_family_021,formal_u2_family_021_r05_s00,train,0.3333333333333333
1,formal_u2_family_021_r05,train_observed_hypothesis,0,True,u2_family_021,formal_u2_family_021_r05_s01,train,1.0
6,formal_u2_family_021_r05,train_observed_hypothesis,0,True,u2_family_021,formal_u2_family_021_r05_s02,train,0.9166666666666666
2,formal_u2_family_021_r05,train_observed_hypothesis,0,True,u2_family_021,formal_u2_family_021_r05_s03,train,1.0
3,formal_u2_family_022_r00,train_observed_hypothesis,0,True,u2_family_022,formal_u2_family_022_r00_s00,train,0.3333333333333333
5,formal_u2_family_022_r00,train_observed_hypothesis,0,True,u2_family_022,formal_u2_family_022_r00_s01,train,1.0
5,formal_u2_family_022_r00,train_observed_hypothesis,0,True,u2_family_022,formal_u2_family_022_r00_s02,train,0.0
3,formal_u2_family_022_r01,train_observed_hypothesis,0,True,u2_family_022,formal_u2_family_022_r01_s00,train,0.3333333333333333
5,formal_u2_family_022_r01,train_observed_hypothesis,0,True,u2_family_022,formal_u2_family_022_r01_s01,train,1.0
5,formal_u2_family_022_r01,train_observed_hypothesis,0,True,u2_family_022,formal_u2_family_022_r01_s02,train,0.5
3,formal_u2_family_022_r02,train_observed_hypothesis,0,True,u2_family_022,formal_u2_family_022_r02_s00,train,0.3333333333333333
5,formal_u2_family_022_r02,train_observed_hypothesis,0,True,u2_family_022,formal_u2_family_022_r02_s01,train,1.0
5,formal_u2_family_022_r02,train_observed_hypothesis,0,True,u2_family_022,formal_u2_family_022_r02_s02,train,0.5
3,formal_u2_family_022_r03,train_observed_hypothesis,0,True,u2_family_022,formal_u2_family_022_r03_s00,train,0.3333333333333333
5,formal_u2_family_022_r03,train_observed_hypothesis,0,True,u2_family_022,formal_u2_family_022_r03_s01,train,1.0
5,formal_u2_family_022_r03,train_observed_hypothesis,0,True,u2_family_022,formal_u2_family_022_r03_s02,train,0.5
3,formal_u2_family_022_r04,train_observed_hypothesis,0,True,u2_family_022,formal_u2_family_022_r04_s00,train,0.3333333333333333
5,formal_u2_family_022_r04,train_observed_hypothesis,0,True,u2_family_022,formal_u2_family_022_r04_s01,train,1.0
5,formal_u2_family_022_r04,train_observed_hypothesis,0,True,u2_family_022,formal_u2_family_022_r04_s02,train,0.5
3,formal_u2_family_022_r05,train_observed_hypothesis,0,True,u2_family_022,formal_u2_family_022_r05_s00,train,0.3333333333333333
5,formal_u2_family_022_r05,train_observed_hypothesis,0,True,u2_family_022,formal_u2_family_022_r05_s01,train,1.0
5,formal_u2_family_022_r05,train_observed_hypothesis,0,True,u2_family_022,formal_u2_family_022_r05_s02,train,0.0
10,formal_u2_family_023_r00,train_observed_hypothesis,0,True,u2_family_023,formal_u2_family_023_r00_s00,train,0.0
1,formal_u2_family_023_r00,train_observed_hypothesis,0,True,u2_family_023,formal_u2_family_023_r00_s01,train,1.0
1,formal_u2_family_023_r00,train_observed_hypothesis,0,True,u2_family_023,formal_u2_family_023_r00_s02,train,1.0
6,formal_u2_family_023_r00,train_observed_hypothesis,0,True,u2_family_023,formal_u2_family_023_r00_s03,train,1.0
1,formal_u2_family_023_r00,train_observed_hypothesis,0,True,u2_family_023,formal_u2_family_023_r00_s04,train,1.0
6,formal_u2_family_023_r00,train_observed_hypothesis,0,True,u2_family_023,formal_u2_family_023_r00_s05,train,0.9
2,formal_u2_family_023_r00,train_observed_hypothesis,0,True,u2_family_023,formal_u2_family_023_r00_s06,train,1.0
10,formal_u2_family_023_r01,train_observed_hypothesis,0,True,u2_family_023,formal_u2_family_023_r01_s00,train,0.0
5,formal_u2_family_023_r01,train_observed_hypothesis,0,True,u2_family_023,formal_u2_family_023_r01_s01,train,1.0
1,formal_u2_family_023_r01,train_observed_hypothesis,0,True,u2_family_023,formal_u2_family_023_r01_s02,train,1.0
1,formal_u2_family_023_r01,train_observed_hypothesis,0,True,u2_family_023,formal_u2_family_023_r01_s03,train,1.0
6,formal_u2_family_023_r01,train_observed_hypothesis,0,True,u2_family_023,formal_u2_family_023_r01_s04,train,1.0
6,formal_u2_family_023_r01,train_observed_hypothesis,0,True,u2_family_023,formal_u2_family_023_r01_s05,train,0.8888888888888888
2,formal_u2_family_023_r01,train_observed_hypothesis,0,True,u2_family_023,formal_u2_family_023_r01_s06,train,1.0
10,formal_u2_family_023_r02,train_observed_hypothesis,0,True,u2_family_023,formal_u2_family_023_r02_s00,train,0.0
5,formal_u2_family_023_r02,train_observed_hypothesis,0,True,u2_family_023,formal_u2_family_023_r02_s01,train,1.0
1,formal_u2_family_023_r02,train_observed_hypothesis,0,True,u2_family_023,formal_u2_family_023_r02_s02,train,1.0
1,formal_u2_family_023_r02,train_observed_hypothesis,0,True,u2_family_023,formal_u2_family_023_r02_s03,train,1.0
6,formal_u2_family_023_r02,train_observed_hypothesis,0,True,u2_family_023,formal_u2_family_023_r02_s04,train,0.9
2,formal_u2_family_023_r02,train_observed_hypothesis,0,True,u2_family_023,formal_u2_family_023_r02_s05,train,1.0
10,formal_u2_family_023_r03,train_observed_hypothesis,0,False,u2_family_023,formal_u2_family_023_r03_s00,train,0.0
3,formal_u2_family_023_r03,train_observed_hypothesis,0,True,u2_family_023,formal_u2_family_023_r03_s01,train,0.6666666666666666
1,formal_u2_family_023_r03,train_observed_hypothesis,0,True,u2_family_023,formal_u2_family_023_r03_s02,train,1.0
6,formal_u2_family_023_r03,train_observed_hypothesis,0,True,u2_family_023,formal_u2_family_023_r03_s03,train,1.0
6,formal_u2_family_023_r03,train_observed_hypothesis,0,True,u2_family_023,formal_u2_family_023_r03_s04,train,1.0
6,formal_u2_family_023_r03,train_observed_hypothesis,0,True,u2_family_023,formal_u2_family_023_r03_s05,train,0.875
2,formal_u2_family_023_r03,train_observed_hypothesis,0,True,u2_family_023,formal_u2_family_023_r03_s06,train,1.0
10,formal_u2_family_023_r04,train_observed_hypothesis,0,True,u2_family_023,formal_u2_family_023_r04_s00,train,0.0
5,formal_u2_family_023_r04,train_observed_hypothesis,0,True,u2_family_023,formal_u2_family_023_r04_s01,train,1.0
1,formal_u2_family_023_r04,train_observed_hypothesis,0,True,u2_family_023,formal_u2_family_023_r04_s02,train,1.0
6,formal_u2_family_023_r04,train_observed_hypothesis,0,True,u2_family_023,formal_u2_family_023_r04_s03,train,1.0
2,formal_u2_family_023_r04,train_observed_hypothesis,0,True,u2_family_023,formal_u2_family_023_r04_s04,train,0.6666666666666666
10,formal_u2_family_023_r05,train_observed_hypothesis,0,True,u2_family_023,formal_u2_family_023_r05_s00,train,0.0
5,formal_u2_family_023_r05,train_observed_hypothesis,0,True,u2_family_023,formal_u2_family_023_r05_s01,train,1.0
1,formal_u2_family_023_r05,train_observed_hypothesis,0,True,u2_family_023,formal_u2_family_023_r05_s02,train,1.0
1,formal_u2_family_023_r05,train_observed_hypothesis,0,True,u2_family_023,formal_u2_family_023_r05_s03,train,1.0
6,formal_u2_family_023_r05,train_observed_hypothesis,0,True,u2_family_023,formal_u2_family_023_r05_s04,train,0.9
2,formal_u2_family_023_r05,train_observed_hypothesis,0,True,u2_family_023,formal_u2_family_023_r05_s05,train,1.0
3,formal_u2_family_024_r00,train_observed_hypothesis,0,True,u2_family_024,formal_u2_family_024_r00_s00,train,0.3333333333333333
5,formal_u2_family_024_r00,train_observed_hypothesis,0,True,u2_family_024,formal_u2_family_024_r00_s01,train,0.75
4,formal_u2_family_024_r00,train_observed_hypothesis,0,True,u2_family_024,formal_u2_family_024_r00_s02,train,0.4
7,formal_u2_family_024_r00,train_observed_hypothesis,0,True,u2_family_024,formal_u2_family_024_r00_s03,train,1.0
9,formal_u2_family_024_r00,train_observed_hypothesis,0,True,u2_family_024,formal_u2_family_024_r00_s04,train,0.8
2,formal_u2_family_024_r00,train_observed_hypothesis,0,True,u2_family_024,formal_u2_family_024_r00_s05,train,1.0
3,formal_u2_family_024_r01,train_observed_hypothesis,0,True,u2_family_024,formal_u2_family_024_r01_s00,train,0.3333333333333333
5,formal_u2_family_024_r01,train_observed_hypothesis,0,True,u2_family_024,formal_u2_family_024_r01_s01,train,0.75
4,formal_u2_family_024_r01,train_observed_hypothesis,0,True,u2_family_024,formal_u2_family_024_r01_s02,train,0.2727272727272727
7,formal_u2_family_024_r01,train_observed_hypothesis,0,True,u2_family_024,formal_u2_family_024_r01_s03,train,1.0
9,formal_u2_family_024_r01,train_observed_hypothesis,0,True,u2_family_024,formal_u2_family_024_r01_s04,train,0.8
2,formal_u2_family_024_r01,train_observed_hypothesis,0,True,u2_family_024,formal_u2_family_024_r01_s05,train,1.0
3,formal_u2_family_024_r02,train_observed_hypothesis,0,True,u2_family_024,formal_u2_family_024_r02_s00,train,0.3333333333333333
5,formal_u2_family_024_r02,train_observed_hypothesis,0,True,u2_family_024,formal_u2_family_024_r02_s01,train,0.75
4,formal_u2_family_024_r02,train_observed_hypothesis,0,True,u2_family_024,formal_u2_family_024_r02_s02,train,0.4
7,formal_u2_family_024_r02,train_observed_hypothesis,0,True,u2_family_024,formal_u2_family_024_r02_s03,train,1.0
9,formal_u2_family_024_r02,train_observed_hypothesis,0,True,u2_family_024,formal_u2_family_024_r02_s04,train,0.8333333333333334
2,formal_u2_family_024_r02,train_observed_hypothesis,0,True,u2_family_024,formal_u2_family_024_r02_s05,train,1.0
3,formal_u2_family_024_r03,train_observed_hypothesis,0,True,u2_family_024,formal_u2_family_024_r03_s00,train,0.3333333333333333
5,formal_u2_family_024_r03,train_observed_hypothesis,0,True,u2_family_024,formal_u2_family_024_r03_s01,train,0.75
4,formal_u2_family_024_r03,train_observed_hypothesis,0,True,u2_family_024,formal_u2_family_024_r03_s02,train,0.4444444444444444
7,formal_u2_family_024_r03,train_observed_hypothesis,0,True,u2_family_024,formal_u2_family_024_r03_s03,train,1.0
9,formal_u2_family_024_r03,train_observed_hypothesis,0,True,u2_family_024,formal_u2_family_024_r03_s04,train,0.8
2,formal_u2_family_024_r03,train_observed_hypothesis,0,True,u2_family_024,formal_u2_family_024_r03_s05,train,1.0
3,formal_u2_family_024_r04,train_observed_hypothesis,0,True,u2_family_024,formal_u2_family_024_r04_s00,train,0.3333333333333333
5,formal_u2_family_024_r04,train_observed_hypothesis,0,True,u2_family_024,formal_u2_family_024_r04_s01,train,0.75
4,formal_u2_family_024_r04,train_observed_hypothesis,0,True,u2_family_024,formal_u2_family_024_r04_s02,train,0.2727272727272727
7,formal_u2_family_024_r04,train_observed_hypothesis,0,True,u2_family_024,formal_u2_family_024_r04_s03,train,1.0
9,formal_u2_family_024_r04,train_observed_hypothesis,0,True,u2_family_024,formal_u2_family_024_r04_s04,train,0.8
2,formal_u2_family_024_r04,train_observed_hypothesis,0,True,u2_family_024,formal_u2_family_024_r04_s05,train,1.0
3,formal_u2_family_024_r05,train_observed_hypothesis,0,True,u2_family_024,formal_u2_family_024_r05_s00,train,0.3333333333333333
5,formal_u2_family_024_r05,train_observed_hypothesis,0,True,u2_family_024,formal_u2_family_024_r05_s01,train,0.75
4,formal_u2_family_024_r05,train_observed_hypothesis,0,True,u2_family_024,formal_u2_family_024_r05_s02,train,0.4444444444444444
7,formal_u2_family_024_r05,train_observed_hypothesis,0,True,u2_family_024,formal_u2_family_024_r05_s03,train,1.0
9,formal_u2_family_024_r05,train_observed_hypothesis,0,True,u2_family_024,formal_u2_family_024_r05_s04,train,0.8571428571428571
2,formal_u2_family_024_r05,train_observed_hypothesis,0,True,u2_family_024,formal_u2_family_024_r05_s05,train,1.0
3,formal_u2_family_025_r00,train_observed_hypothesis,0,True,u2_family_025,formal_u2_family_025_r00_s00,train,0.6666666666666666
8,formal_u2_family_025_r00,train_observed_hypothesis,1,True,u2_family_025,formal_u2_family_025_r00_s01,train,0.3333333333333333
4,formal_u2_family_025_r00,train_observed_hypothesis,0,True,u2_family_025,formal_u2_family_025_r00_s02,train,0.3333333333333333
4,formal_u2_family_025_r00,train_observed_hypothesis,0,True,u2_family_025,formal_u2_family_025_r00_s03,train,0.5555555555555556
7,formal_u2_family_025_r00,train_observed_hypothesis,0,True,u2_family_025,formal_u2_family_025_r00_s04,train,1.0
9,formal_u2_family_025_r00,train_observed_hypothesis,0,True,u2_family_025,formal_u2_family_025_r00_s05,train,1.0
9,formal_u2_family_025_r00,train_observed_hypothesis,0,True,u2_family_025,formal_u2_family_025_r00_s06,train,0.6666666666666666
2,formal_u2_family_025_r00,train_observed_hypothesis,0,True,u2_family_025,formal_u2_family_025_r00_s07,train,1.0
3,formal_u2_family_025_r01,train_observed_hypothesis,0,True,u2_family_025,formal_u2_family_025_r01_s00,train,0.3333333333333333
8,formal_u2_family_025_r01,train_observed_hypothesis,1,True,u2_family_025,formal_u2_family_025_r01_s01,train,0.3333333333333333
4,formal_u2_family_025_r01,train_observed_hypothesis,0,True,u2_family_025,formal_u2_family_025_r01_s02,train,0.0
4,formal_u2_family_025_r01,train_observed_hypothesis,0,True,u2_family_025,formal_u2_family_025_r01_s03,train,0.45454545454545453
7,formal_u2_family_025_r01,train_observed_hypothesis,0,True,u2_family_025,formal_u2_family_025_r01_s04,train,1.0
9,formal_u2_family_025_r01,train_observed_hypothesis,0,True,u2_family_025,formal_u2_family_025_r01_s05,train,1.0
2,formal_u2_family_025_r01,train_observed_hypothesis,0,True,u2_family_025,formal_u2_family_025_r01_s06,train,0.6666666666666666
3,formal_u2_family_025_r02,train_observed_hypothesis,0,True,u2_family_025,formal_u2_family_025_r02_s00,train,0.3333333333333333
5,formal_u2_family_025_r02,train_observed_hypothesis,0,True,u2_family_025,formal_u2_family_025_r02_s01,train,0.75
4,formal_u2_family_025_r02,train_observed_hypothesis,0,True,u2_family_025,formal_u2_family_025_r02_s02,train,0.4444444444444444
7,formal_u2_family_025_r02,train_observed_hypothesis,0,True,u2_family_025,formal_u2_family_025_r02_s03,train,1.0
9,formal_u2_family_025_r02,train_observed_hypothesis,0,True,u2_family_025,formal_u2_family_025_r02_s04,train,0.8333333333333334
2,formal_u2_family_025_r02,train_observed_hypothesis,0,True,u2_family_025,formal_u2_family_025_r02_s05,train,1.0
3,formal_u2_family_025_r03,train_observed_hypothesis,0,True,u2_family_025,formal_u2_family_025_r03_s00,train,0.3333333333333333
5,formal_u2_family_025_r03,train_observed_hypothesis,0,True,u2_family_025,formal_u2_family_025_r03_s01,train,0.6666666666666666
4,formal_u2_family_025_r03,train_observed_hypothesis,0,True,u2_family_025,formal_u2_family_025_r03_s02,train,0.5454545454545454
9,formal_u2_family_025_r03,train_observed_hypothesis,0,True,u2_family_025,formal_u2_family_025_r03_s03,train,0.8333333333333334
2,formal_u2_family_025_r03,train_observed_hypothesis,0,True,u2_family_025,formal_u2_family_025_r03_s04,train,1.0
3,formal_u2_family_025_r04,train_observed_hypothesis,0,True,u2_family_025,formal_u2_family_025_r04_s00,train,0.3333333333333333
5,formal_u2_family_025_r04,train_observed_hypothesis,0,True,u2_family_025,formal_u2_family_025_r04_s01,train,0.6666666666666666
4,formal_u2_family_025_r04,train_observed_hypothesis,0,True,u2_family_025,formal_u2_family_025_r04_s02,train,0.25
7,formal_u2_family_025_r04,train_observed_hypothesis,0,True,u2_family_025,formal_u2_family_025_r04_s03,train,1.0
9,formal_u2_family_025_r04,train_observed_hypothesis,0,True,u2_family_025,formal_u2_family_025_r04_s04,train,0.8
2,formal_u2_family_025_r04,train_observed_hypothesis,0,True,u2_family_025,formal_u2_family_025_r04_s05,train,1.0
3,formal_u2_family_025_r05,train_observed_hypothesis,0,True,u2_family_025,formal_u2_family_025_r05_s00,train,0.3333333333333333
5,formal_u2_family_025_r05,train_observed_hypothesis,0,True,u2_family_025,formal_u2_family_025_r05_s01,train,0.6666666666666666
4,formal_u2_family_025_r05,train_observed_hypothesis,0,True,u2_family_025,formal_u2_family_025_r05_s02,train,0.25
7,formal_u2_family_025_r05,train_observed_hypothesis,0,True,u2_family_025,formal_u2_family_025_r05_s03,train,1.0
9,formal_u2_family_025_r05,train_observed_hypothesis,0,True,u2_family_025,formal_u2_family_025_r05_s04,train,0.8571428571428571
2,formal_u2_family_025_r05,train_observed_hypothesis,0,True,u2_family_025,formal_u2_family_025_r05_s05,train,1.0
3,formal_u2_family_026_r00,train_observed_hypothesis,0,True,u2_family_026,formal_u2_family_026_r00_s00,train,0.3333333333333333
8,formal_u2_family_026_r00,train_observed_hypothesis,1,True,u2_family_026,formal_u2_family_026_r00_s01,train,0.3333333333333333
5,formal_u2_family_026_r00,train_observed_hypothesis,0,True,u2_family_026,formal_u2_family_026_r00_s02,train,0.3333333333333333
4,formal_u2_family_026_r00,train_observed_hypothesis,0,True,u2_family_026,formal_u2_family_026_r00_s03,train,0.7272727272727273
9,formal_u2_family_026_r00,train_observed_hypothesis,0,True,u2_family_026,formal_u2_family_026_r00_s04,train,1.0
9,formal_u2_family_026_r00,train_observed_hypothesis,0,True,u2_family_026,formal_u2_family_026_r00_s05,train,0.6666666666666666
2,formal_u2_family_026_r00,train_observed_hypothesis,0,True,u2_family_026,formal_u2_family_026_r00_s06,train,1.0
3,formal_u2_family_026_r01,train_observed_hypothesis,0,True,u2_family_026,formal_u2_family_026_r01_s00,train,0.3333333333333333
8,formal_u2_family_026_r01,train_observed_hypothesis,1,True,u2_family_026,formal_u2_family_026_r01_s01,train,0.3333333333333333
5,formal_u2_family_026_r01,train_observed_hypothesis,0,True,u2_family_026,formal_u2_family_026_r01_s02,train,0.6666666666666666
4,formal_u2_family_026_r01,train_observed_hypothesis,0,True,u2_family_026,formal_u2_family_026_r01_s03,train,0.36363636363636365
7,formal_u2_family_026_r01,train_observed_hypothesis,0,True,u2_family_026,formal_u2_family_026_r01_s04,train,1.0
9,formal_u2_family_026_r01,train_observed_hypothesis,0,True,u2_family_026,formal_u2_family_026_r01_s05,train,0.8333333333333334
2,formal_u2_family_026_r01,train_observed_hypothesis,0,True,u2_family_026,formal_u2_family_026_r01_s06,train,1.0
3,formal_u2_family_026_r02,train_observed_hypothesis,0,True,u2_family_026,formal_u2_family_026_r02_s00,train,0.3333333333333333
8,formal_u2_family_026_r02,train_observed_hypothesis,1,True,u2_family_026,formal_u2_family_026_r02_s01,train,0.3333333333333333
4,formal_u2_family_026_r02,train_observed_hypothesis,0,True,u2_family_026,formal_u2_family_026_r02_s02,train,0.38461538461538464
7,formal_u2_family_026_r02,train_observed_hypothesis,0,True,u2_family_026,formal_u2_family_026_r02_s03,train,1.0
9,formal_u2_family_026_r02,train_observed_hypothesis,0,True,u2_family_026,formal_u2_family_026_r02_s04,train,0.8
2,formal_u2_family_026_r02,train_observed_hypothesis,0,True,u2_family_026,formal_u2_family_026_r02_s05,train,1.0
3,formal_u2_family_026_r03,train_observed_hypothesis,0,True,u2_family_026,formal_u2_family_026_r03_s00,train,0.3333333333333333
8,formal_u2_family_026_r03,train_observed_hypothesis,1,True,u2_family_026,formal_u2_family_026_r03_s01,train,0.3333333333333333
4,formal_u2_family_026_r03,train_observed_hypothesis,0,True,u2_family_026,formal_u2_family_026_r03_s02,train,0.5833333333333334
9,formal_u2_family_026_r03,train_observed_hypothesis,0,True,u2_family_026,formal_u2_family_026_r03_s03,train,1.0
9,formal_u2_family_026_r03,train_observed_hypothesis,0,True,u2_family_026,formal_u2_family_026_r03_s04,train,0.6666666666666666
2,formal_u2_family_026_r03,train_observed_hypothesis,0,True,u2_family_026,formal_u2_family_026_r03_s05,train,1.0
3,formal_u2_family_026_r04,train_observed_hypothesis,0,True,u2_family_026,formal_u2_family_026_r04_s00,train,0.3333333333333333
8,formal_u2_family_026_r04,train_observed_hypothesis,1,True,u2_family_026,formal_u2_family_026_r04_s01,train,0.3333333333333333
5,formal_u2_family_026_r04,train_observed_hypothesis,0,True,u2_family_026,formal_u2_family_026_r04_s02,train,0.6666666666666666
4,formal_u2_family_026_r04,train_observed_hypothesis,0,True,u2_family_026,formal_u2_family_026_r04_s03,train,0.6
9,formal_u2_family_026_r04,train_observed_hypothesis,0,True,u2_family_026,formal_u2_family_026_r04_s04,train,0.6666666666666666
2,formal_u2_family_026_r04,train_observed_hypothesis,0,True,u2_family_026,formal_u2_family_026_r04_s05,train,1.0
3,formal_u2_family_026_r05,train_observed_hypothesis,0,True,u2_family_026,formal_u2_family_026_r05_s00,train,0.3333333333333333
8,formal_u2_family_026_r05,train_observed_hypothesis,1,True,u2_family_026,formal_u2_family_026_r05_s01,train,0.3333333333333333
5,formal_u2_family_026_r05,train_observed_hypothesis,0,True,u2_family_026,formal_u2_family_026_r05_s02,train,0.3333333333333333
4,formal_u2_family_026_r05,train_observed_hypothesis,0,True,u2_family_026,formal_u2_family_026_r05_s03,train,0.6363636363636364
9,formal_u2_family_026_r05,train_observed_hypothesis,0,True,u2_family_026,formal_u2_family_026_r05_s04,train,1.0
9,formal_u2_family_026_r05,train_observed_hypothesis,0,True,u2_family_026,formal_u2_family_026_r05_s05,train,0.6666666666666666
2,formal_u2_family_026_r05,train_observed_hypothesis,0,True,u2_family_026,formal_u2_family_026_r05_s06,train,1.0
3,formal_u2_family_027_r00,train_observed_hypothesis,0,True,u2_family_027,formal_u2_family_027_r00_s00,train,0.3333333333333333
5,formal_u2_family_027_r00,train_observed_hypothesis,0,True,u2_family_027,formal_u2_family_027_r00_s01,train,0.6666666666666666
4,formal_u2_family_027_r00,train_observed_hypothesis,0,True,u2_family_027,formal_u2_family_027_r00_s02,train,0.5454545454545454
9,formal_u2_family_027_r00,train_observed_hypothesis,0,True,u2_family_027,formal_u2_family_027_r00_s03,train,0.8
2,formal_u2_family_027_r00,train_observed_hypothesis,0,True,u2_family_027,formal_u2_family_027_r00_s04,train,1.0
3,formal_u2_family_027_r01,train_observed_hypothesis,0,True,u2_family_027,formal_u2_family_027_r01_s00,train,0.3333333333333333
5,formal_u2_family_027_r01,train_observed_hypothesis,0,True,u2_family_027,formal_u2_family_027_r01_s01,train,0.75
4,formal_u2_family_027_r01,train_observed_hypothesis,0,True,u2_family_027,formal_u2_family_027_r01_s02,train,0.2727272727272727
7,formal_u2_family_027_r01,train_observed_hypothesis,0,True,u2_family_027,formal_u2_family_027_r01_s03,train,1.0
9,formal_u2_family_027_r01,train_observed_hypothesis,0,True,u2_family_027,formal_u2_family_027_r01_s04,train,0.8
2,formal_u2_family_027_r01,train_observed_hypothesis,0,True,u2_family_027,formal_u2_family_027_r01_s05,train,1.0
3,formal_u2_family_027_r02,train_observed_hypothesis,0,True,u2_family_027,formal_u2_family_027_r02_s00,train,0.3333333333333333
5,formal_u2_family_027_r02,train_observed_hypothesis,0,True,u2_family_027,formal_u2_family_027_r02_s01,train,0.6666666666666666
4,formal_u2_family_027_r02,train_observed_hypothesis,0,True,u2_family_027,formal_u2_family_027_r02_s02,train,0.5
9,formal_u2_family_027_r02,train_observed_hypothesis,0,True,u2_family_027,formal_u2_family_027_r02_s03,train,1.0
9,formal_u2_family_027_r02,train_observed_hypothesis,0,True,u2_family_027,formal_u2_family_027_r02_s04,train,0.6666666666666666
2,formal_u2_family_027_r02,train_observed_hypothesis,0,True,u2_family_027,formal_u2_family_027_r02_s05,train,1.0
3,formal_u2_family_027_r03,train_observed_hypothesis,0,True,u2_family_027,formal_u2_family_027_r03_s00,train,0.3333333333333333
5,formal_u2_family_027_r03,train_observed_hypothesis,0,True,u2_family_027,formal_u2_family_027_r03_s01,train,0.75
4,formal_u2_family_027_r03,train_observed_hypothesis,0,True,u2_family_027,formal_u2_family_027_r03_s02,train,0.4
7,formal_u2_family_027_r03,train_observed_hypothesis,0,True,u2_family_027,formal_u2_family_027_r03_s03,train,1.0
9,formal_u2_family_027_r03,train_observed_hypothesis,0,True,u2_family_027,formal_u2_family_027_r03_s04,train,0.8333333333333334
2,formal_u2_family_027_r03,train_observed_hypothesis,0,True,u2_family_027,formal_u2_family_027_r03_s05,train,1.0
3,formal_u2_family_027_r04,train_observed_hypothesis,0,True,u2_family_027,formal_u2_family_027_r04_s00,train,0.3333333333333333
5,formal_u2_family_027_r04,train_observed_hypothesis,0,True,u2_family_027,formal_u2_family_027_r04_s01,train,0.6666666666666666
4,formal_u2_family_027_r04,train_observed_hypothesis,0,True,u2_family_027,formal_u2_family_027_r04_s02,train,0.4
7,formal_u2_family_027_r04,train_observed_hypothesis,0,True,u2_family_027,formal_u2_family_027_r04_s03,train,1.0
9,formal_u2_family_027_r04,train_observed_hypothesis,0,True,u2_family_027,formal_u2_family_027_r04_s04,train,0.8
2,formal_u2_family_027_r04,train_observed_hypothesis,0,True,u2_family_027,formal_u2_family_027_r04_s05,train,1.0
3,formal_u2_family_027_r05,train_observed_hypothesis,0,True,u2_family_027,formal_u2_family_027_r05_s00,train,0.3333333333333333
5,formal_u2_family_027_r05,train_observed_hypothesis,0,True,u2_family_027,formal_u2_family_027_r05_s01,train,0.6666666666666666
4,formal_u2_family_027_r05,train_observed_hypothesis,0,True,u2_family_027,formal_u2_family_027_r05_s02,train,0.4
7,formal_u2_family_027_r05,train_observed_hypothesis,0,True,u2_family_027,formal_u2_family_027_r05_s03,train,1.0
9,formal_u2_family_027_r05,train_observed_hypothesis,0,True,u2_family_027,formal_u2_family_027_r05_s04,train,0.8333333333333334
2,formal_u2_family_027_r05,train_observed_hypothesis,0,True,u2_family_027,formal_u2_family_027_r05_s05,train,1.0
3,formal_u2_family_028_r00,train_observed_hypothesis,0,True,u2_family_028,formal_u2_family_028_r00_s00,train,0.6666666666666666
5,formal_u2_family_028_r00,train_observed_hypothesis,0,True,u2_family_028,formal_u2_family_028_r00_s01,train,0.6666666666666666
3,formal_u2_family_028_r01,train_observed_hypothesis,0,True,u2_family_028,formal_u2_family_028_r01_s00,train,0.3333333333333333
5,formal_u2_family_028_r01,train_observed_hypothesis,0,True,u2_family_028,formal_u2_family_028_r01_s01,train,0.75
3,formal_u2_family_028_r02,train_observed_hypothesis,0,True,u2_family_028,formal_u2_family_028_r02_s00,train,0.3333333333333333
5,formal_u2_family_028_r02,train_observed_hypothesis,0,True,u2_family_028,formal_u2_family_028_r02_s01,train,0.75
3,formal_u2_family_028_r03,train_observed_hypothesis,0,True,u2_family_028,formal_u2_family_028_r03_s00,train,0.3333333333333333
5,formal_u2_family_028_r03,train_observed_hypothesis,0,True,u2_family_028,formal_u2_family_028_r03_s01,train,0.75
3,formal_u2_family_028_r04,train_observed_hypothesis,0,True,u2_family_028,formal_u2_family_028_r04_s00,train,0.3333333333333333
5,formal_u2_family_028_r04,train_observed_hypothesis,0,True,u2_family_028,formal_u2_family_028_r04_s01,train,0.75
3,formal_u2_family_028_r05,train_observed_hypothesis,0,True,u2_family_028,formal_u2_family_028_r05_s00,train,0.3333333333333333
5,formal_u2_family_028_r05,train_observed_hypothesis,0,True,u2_family_028,formal_u2_family_028_r05_s01,train,0.75
10,formal_u2_family_029_r00,train_observed_hypothesis,0,False,u2_family_029,formal_u2_family_029_r00_s00,train,0.0
3,formal_u2_family_029_r00,train_observed_hypothesis,0,True,u2_family_029,formal_u2_family_029_r00_s01,train,0.6666666666666666
4,formal_u2_family_029_r00,train_observed_hypothesis,0,True,u2_family_029,formal_u2_family_029_r00_s02,train,0.38461538461538464
7,formal_u2_family_029_r00,train_observed_hypothesis,0,True,u2_family_029,formal_u2_family_029_r00_s03,train,1.0
9,formal_u2_family_029_r00,train_observed_hypothesis,0,True,u2_family_029,formal_u2_family_029_r00_s04,train,1.0
9,formal_u2_family_029_r00,train_observed_hypothesis,0,True,u2_family_029,formal_u2_family_029_r00_s05,train,0.75
2,formal_u2_family_029_r00,train_observed_hypothesis,0,True,u2_family_029,formal_u2_family_029_r00_s06,train,1.0
10,formal_u2_family_029_r01,train_observed_hypothesis,0,True,u2_family_029,formal_u2_family_029_r01_s00,train,0.0
5,formal_u2_family_029_r01,train_observed_hypothesis,0,True,u2_family_029,formal_u2_family_029_r01_s01,train,1.0
5,formal_u2_family_029_r01,train_observed_hypothesis,0,True,u2_family_029,formal_u2_family_029_r01_s02,train,1.0
4,formal_u2_family_029_r01,train_observed_hypothesis,0,True,u2_family_029,formal_u2_family_029_r01_s03,train,0.4
7,formal_u2_family_029_r01,train_observed_hypothesis,0,True,u2_family_029,formal_u2_family_029_r01_s04,train,1.0
9,formal_u2_family_029_r01,train_observed_hypothesis,0,True,u2_family_029,formal_u2_family_029_r01_s05,train,1.0
2,formal_u2_family_029_r01,train_observed_hypothesis,0,True,u2_family_029,formal_u2_family_029_r01_s06,train,0.6666666666666666
10,formal_u2_family_029_r02,train_observed_hypothesis,0,False,u2_family_029,formal_u2_family_029_r02_s00,train,0.0
3,formal_u2_family_029_r02,train_observed_hypothesis,0,True,u2_family_029,formal_u2_family_029_r02_s01,train,0.6666666666666666
4,formal_u2_family_029_r02,train_observed_hypothesis,0,True,u2_family_029,formal_u2_family_029_r02_s02,train,0.5384615384615384
9,formal_u2_family_029_r02,train_observed_hypothesis,0,True,u2_family_029,formal_u2_family_029_r02_s03,train,1.0
2,formal_u2_family_029_r02,train_observed_hypothesis,0,True,u2_family_029,formal_u2_family_029_r02_s04,train,0.6666666666666666
10,formal_u2_family_029_r03,train_observed_hypothesis,0,False,u2_family_029,formal_u2_family_029_r03_s00,train,0.0
3,formal_u2_family_029_r03,train_observed_hypothesis,0,True,u2_family_029,formal_u2_family_029_r03_s01,train,0.6666666666666666
5,formal_u2_family_029_r03,train_observed_hypothesis,0,True,u2_family_029,formal_u2_family_029_r03_s02,train,1.0
4,formal_u2_family_029_r03,train_observed_hypothesis,0,True,u2_family_029,formal_u2_family_029_r03_s03,train,0.4
7,formal_u2_family_029_r03,train_observed_hypothesis,0,True,u2_family_029,formal_u2_family_029_r03_s04,train,1.0
9,formal_u2_family_029_r03,train_observed_hypothesis,0,True,u2_family_029,formal_u2_family_029_r03_s05,train,0.8
2,formal_u2_family_029_r03,train_observed_hypothesis,0,True,u2_family_029,formal_u2_family_029_r03_s06,train,1.0
10,formal_u2_family_029_r04,train_observed_hypothesis,0,True,u2_family_029,formal_u2_family_029_r04_s00,train,0.0
5,formal_u2_family_029_r04,train_observed_hypothesis,0,True,u2_family_029,formal_u2_family_029_r04_s01,train,1.0
4,formal_u2_family_029_r04,train_observed_hypothesis,0,True,u2_family_029,formal_u2_family_029_r04_s02,train,0.5
7,formal_u2_family_029_r04,train_observed_hypothesis,0,True,u2_family_029,formal_u2_family_029_r04_s03,train,1.0
9,formal_u2_family_029_r04,train_observed_hypothesis,0,True,u2_family_029,formal_u2_family_029_r04_s04,train,0.8
2,formal_u2_family_029_r04,train_observed_hypothesis,0,True,u2_family_029,formal_u2_family_029_r04_s05,train,1.0
10,formal_u2_family_029_r05,train_observed_hypothesis,0,False,u2_family_029,formal_u2_family_029_r05_s00,train,0.0
3,formal_u2_family_029_r05,train_observed_hypothesis,0,True,u2_family_029,formal_u2_family_029_r05_s01,train,0.6666666666666666
4,formal_u2_family_029_r05,train_observed_hypothesis,0,True,u2_family_029,formal_u2_family_029_r05_s02,train,0.3076923076923077
7,formal_u2_family_029_r05,train_observed_hypothesis,0,True,u2_family_029,formal_u2_family_029_r05_s03,train,1.0
9,formal_u2_family_029_r05,train_observed_hypothesis,0,True,u2_family_029,formal_u2_family_029_r05_s04,train,0.8333333333333334
2,formal_u2_family_029_r05,train_observed_hypothesis,0,True,u2_family_029,formal_u2_family_029_r05_s05,train,1.0
3,formal_u2_family_030_r00,train_observed_hypothesis,0,True,u2_family_030,formal_u2_family_030_r00_s00,train,0.3333333333333333
1,formal_u2_family_030_r00,train_observed_hypothesis,0,True,u2_family_030,formal_u2_family_030_r00_s01,train,1.0
6,formal_u2_family_030_r00,train_observed_hypothesis,0,True,u2_family_030,formal_u2_family_030_r00_s02,train,1.0
6,formal_u2_family_030_r00,train_observed_hypothesis,0,True,u2_family_030,formal_u2_family_030_r00_s03,train,0.875
2,formal_u2_family_030_r00,train_observed_hypothesis,0,True,u2_family_030,formal_u2_family_030_r00_s04,train,1.0
3,formal_u2_family_030_r01,train_observed_hypothesis,0,True,u2_family_030,formal_u2_family_030_r01_s00,train,0.3333333333333333
1,formal_u2_family_030_r01,train_observed_hypothesis,0,True,u2_family_030,formal_u2_family_030_r01_s01,train,1.0
6,formal_u2_family_030_r01,train_observed_hypothesis,0,True,u2_family_030,formal_u2_family_030_r01_s02,train,0.8888888888888888
2,formal_u2_family_030_r01,train_observed_hypothesis,0,True,u2_family_030,formal_u2_family_030_r01_s03,train,1.0
3,formal_u2_family_030_r02,train_observed_hypothesis,0,True,u2_family_030,formal_u2_family_030_r02_s00,train,0.3333333333333333
1,formal_u2_family_030_r02,train_observed_hypothesis,0,True,u2_family_030,formal_u2_family_030_r02_s01,train,1.0
6,formal_u2_family_030_r02,train_observed_hypothesis,0,True,u2_family_030,formal_u2_family_030_r02_s02,train,1.0
6,formal_u2_family_030_r02,train_observed_hypothesis,0,True,u2_family_030,formal_u2_family_030_r02_s03,train,0.8888888888888888
2,formal_u2_family_030_r02,train_observed_hypothesis,0,True,u2_family_030,formal_u2_family_030_r02_s04,train,1.0
3,formal_u2_family_030_r03,train_observed_hypothesis,0,True,u2_family_030,formal_u2_family_030_r03_s00,train,0.3333333333333333
1,formal_u2_family_030_r03,train_observed_hypothesis,0,True,u2_family_030,formal_u2_family_030_r03_s01,train,1.0
6,formal_u2_family_030_r03,train_observed_hypothesis,0,True,u2_family_030,formal_u2_family_030_r03_s02,train,1.0
6,formal_u2_family_030_r03,train_observed_hypothesis,0,True,u2_family_030,formal_u2_family_030_r03_s03,train,0.8571428571428571
2,formal_u2_family_030_r03,train_observed_hypothesis,0,True,u2_family_030,formal_u2_family_030_r03_s04,train,1.0
3,formal_u2_family_030_r04,train_observed_hypothesis,0,True,u2_family_030,formal_u2_family_030_r04_s00,train,0.3333333333333333
1,formal_u2_family_030_r04,train_observed_hypothesis,0,True,u2_family_030,formal_u2_family_030_r04_s01,train,1.0
6,formal_u2_family_030_r04,train_observed_hypothesis,0,True,u2_family_030,formal_u2_family_030_r04_s02,train,0.8888888888888888
2,formal_u2_family_030_r04,train_observed_hypothesis,0,True,u2_family_030,formal_u2_family_030_r04_s03,train,1.0
3,formal_u2_family_030_r05,train_observed_hypothesis,0,True,u2_family_030,formal_u2_family_030_r05_s00,train,0.3333333333333333
1,formal_u2_family_030_r05,train_observed_hypothesis,0,True,u2_family_030,formal_u2_family_030_r05_s01,train,1.0
6,formal_u2_family_030_r05,train_observed_hypothesis,0,True,u2_family_030,formal_u2_family_030_r05_s02,train,0.8888888888888888
2,formal_u2_family_030_r05,train_observed_hypothesis,0,True,u2_family_030,formal_u2_family_030_r05_s03,train,1.0
3,formal_u2_family_031_r00,train_observed_hypothesis,0,True,u2_family_031,formal_u2_family_031_r00_s00,train,0.3333333333333333
1,formal_u2_family_031_r00,train_observed_hypothesis,0,True,u2_family_031,formal_u2_family_031_r00_s01,train,1.0
6,formal_u2_family_031_r00,train_observed_hypothesis,0,True,u2_family_031,formal_u2_family_031_r00_s02,train,0.9090909090909091
2,formal_u2_family_031_r00,train_observed_hypothesis,0,True,u2_family_031,formal_u2_family_031_r00_s03,train,1.0
3,formal_u2_family_031_r01,train_observed_hypothesis,0,True,u2_family_031,formal_u2_family_031_r01_s00,train,0.3333333333333333
1,formal_u2_family_031_r01,train_observed_hypothesis,0,True,u2_family_031,formal_u2_family_031_r01_s01,train,1.0
6,formal_u2_family_031_r01,train_observed_hypothesis,0,True,u2_family_031,formal_u2_family_031_r01_s02,train,0.9
2,formal_u2_family_031_r01,train_observed_hypothesis,0,True,u2_family_031,formal_u2_family_031_r01_s03,train,1.0
3,formal_u2_family_031_r02,train_observed_hypothesis,0,True,u2_family_031,formal_u2_family_031_r02_s00,train,0.3333333333333333
8,formal_u2_family_031_r02,train_observed_hypothesis,1,True,u2_family_031,formal_u2_family_031_r02_s01,train,0.3333333333333333
0,formal_u2_family_031_r02,train_observed_hypothesis,0,False,u2_family_031,formal_u2_family_031_r02_s02,train,0.3333333333333333
0,formal_u2_family_031_r02,train_observed_hypothesis,0,False,u2_family_031,formal_u2_family_031_r02_s03,train,1.0
0,formal_u2_family_031_r02,train_observed_hypothesis,0,False,u2_family_031,formal_u2_family_031_r02_s04,train,1.0
0,formal_u2_family_031_r02,train_observed_hypothesis,0,False,u2_family_031,formal_u2_family_031_r02_s05,train,1.0
0,formal_u2_family_031_r02,train_observed_hypothesis,0,False,u2_family_031,formal_u2_family_031_r02_s06,train,1.0
0,formal_u2_family_031_r02,train_observed_hypothesis,0,False,u2_family_031,formal_u2_family_031_r02_s07,train,1.0
0,formal_u2_family_031_r02,train_observed_hypothesis,0,False,u2_family_031,formal_u2_family_031_r02_s08,train,1.0
0,formal_u2_family_031_r02,train_observed_hypothesis,0,False,u2_family_031,formal_u2_family_031_r02_s09,train,1.0
0,formal_u2_family_031_r02,train_observed_hypothesis,0,False,u2_family_031,formal_u2_family_031_r02_s10,train,1.0
0,formal_u2_family_031_r02,train_observed_hypothesis,0,False,u2_family_031,formal_u2_family_031_r02_s11,train,1.0
0,formal_u2_family_031_r02,train_observed_hypothesis,0,False,u2_family_031,formal_u2_family_031_r02_s12,train,1.0
0,formal_u2_family_031_r02,train_observed_hypothesis,0,False,u2_family_031,formal_u2_family_031_r02_s13,train,1.0
0,formal_u2_family_031_r02,train_observed_hypothesis,0,False,u2_family_031,formal_u2_family_031_r02_s14,train,1.0
0,formal_u2_family_031_r02,train_observed_hypothesis,0,False,u2_family_031,formal_u2_family_031_r02_s15,train,1.0
3,formal_u2_family_031_r03,train_observed_hypothesis,0,True,u2_family_031,formal_u2_family_031_r03_s00,train,0.3333333333333333
8,formal_u2_family_031_r03,train_observed_hypothesis,1,True,u2_family_031,formal_u2_family_031_r03_s01,train,0.3333333333333333
1,formal_u2_family_031_r03,train_observed_hypothesis,0,True,u2_family_031,formal_u2_family_031_r03_s02,train,0.875
6,formal_u2_family_031_r03,train_observed_hypothesis,0,True,u2_family_031,formal_u2_family_031_r03_s03,train,0.9090909090909091
2,formal_u2_family_031_r03,train_observed_hypothesis,0,True,u2_family_031,formal_u2_family_031_r03_s04,train,1.0
3,formal_u2_family_031_r04,train_observed_hypothesis,0,True,u2_family_031,formal_u2_family_031_r04_s00,train,0.3333333333333333
8,formal_u2_family_031_r04,train_observed_hypothesis,1,True,u2_family_031,formal_u2_family_031_r04_s01,train,0.3333333333333333
1,formal_u2_family_031_r04,train_observed_hypothesis,0,True,u2_family_031,formal_u2_family_031_r04_s02,train,0.6666666666666666
1,formal_u2_family_031_r04,train_observed_hypothesis,0,True,u2_family_031,formal_u2_family_031_r04_s03,train,1.0
6,formal_u2_family_031_r04,train_observed_hypothesis,0,True,u2_family_031,formal_u2_family_031_r04_s04,train,0.9
2,formal_u2_family_031_r04,train_observed_hypothesis,0,True,u2_family_031,formal_u2_family_031_r04_s05,train,1.0
3,formal_u2_family_031_r05,train_observed_hypothesis,0,True,u2_family_031,formal_u2_family_031_r05_s00,train,0.3333333333333333
1,formal_u2_family_031_r05,train_observed_hypothesis,0,True,u2_family_031,formal_u2_family_031_r05_s01,train,1.0
6,formal_u2_family_031_r05,train_observed_hypothesis,0,True,u2_family_031,formal_u2_family_031_r05_s02,train,1.0
6,formal_u2_family_031_r05,train_observed_hypothesis,0,True,u2_family_031,formal_u2_family_031_r05_s03,train,0.9
2,formal_u2_family_031_r05,train_observed_hypothesis,0,True,u2_family_031,formal_u2_family_031_r05_s04,train,1.0
3,formal_u2_family_032_r00,train_observed_hypothesis,0,True,u2_family_032,formal_u2_family_032_r00_s00,train,0.3333333333333333
1,formal_u2_family_032_r00,train_observed_hypothesis,1,True,u2_family_032,formal_u2_family_032_r00_s01,train,0.6666666666666666
8,formal_u2_family_032_r00,train_observed_hypothesis,0,True,u2_family_032,formal_u2_family_032_r00_s02,train,0.3333333333333333
1,formal_u2_family_032_r00,train_observed_hypothesis,0,True,u2_family_032,formal_u2_family_032_r00_s03,train,1.0
6,formal_u2_family_032_r00,train_observed_hypothesis,0,True,u2_family_032,formal_u2_family_032_r00_s04,train,1.0
6,formal_u2_family_032_r00,train_observed_hypothesis,0,True,u2_family_032,formal_u2_family_032_r00_s05,train,0.875
2,formal_u2_family_032_r00,train_observed_hypothesis,0,True,u2_family_032,formal_u2_family_032_r00_s06,train,1.0
3,formal_u2_family_032_r01,train_observed_hypothesis,0,True,u2_family_032,formal_u2_family_032_r01_s00,train,0.3333333333333333
1,formal_u2_family_032_r01,train_observed_hypothesis,1,True,u2_family_032,formal_u2_family_032_r01_s01,train,0.6666666666666666
8,formal_u2_family_032_r01,train_observed_hypothesis,0,True,u2_family_032,formal_u2_family_032_r01_s02,train,0.3333333333333333
1,formal_u2_family_032_r01,train_observed_hypothesis,0,True,u2_family_032,formal_u2_family_032_r01_s03,train,1.0
6,formal_u2_family_032_r01,train_observed_hypothesis,0,True,u2_family_032,formal_u2_family_032_r01_s04,train,0.9
2,formal_u2_family_032_r01,train_observed_hypothesis,0,True,u2_family_032,formal_u2_family_032_r01_s05,train,1.0
3,formal_u2_family_032_r02,train_observed_hypothesis,0,True,u2_family_032,formal_u2_family_032_r02_s00,train,0.3333333333333333
1,formal_u2_family_032_r02,train_observed_hypothesis,1,True,u2_family_032,formal_u2_family_032_r02_s01,train,0.6666666666666666
8,formal_u2_family_032_r02,train_observed_hypothesis,0,True,u2_family_032,formal_u2_family_032_r02_s02,train,0.3333333333333333
6,formal_u2_family_032_r02,train_observed_hypothesis,0,True,u2_family_032,formal_u2_family_032_r02_s03,train,0.9375
2,formal_u2_family_032_r02,train_observed_hypothesis,0,True,u2_family_032,formal_u2_family_032_r02_s04,train,1.0
3,formal_u2_family_032_r03,train_observed_hypothesis,0,True,u2_family_032,formal_u2_family_032_r03_s00,train,0.3333333333333333
1,formal_u2_family_032_r03,train_observed_hypothesis,1,True,u2_family_032,formal_u2_family_032_r03_s01,train,0.6666666666666666
8,formal_u2_family_032_r03,train_observed_hypothesis,0,True,u2_family_032,formal_u2_family_032_r03_s02,train,0.3333333333333333
1,formal_u2_family_032_r03,train_observed_hypothesis,0,True,u2_family_032,formal_u2_family_032_r03_s03,train,1.0
6,formal_u2_family_032_r03,train_observed_hypothesis,0,True,u2_family_032,formal_u2_family_032_r03_s04,train,0.9
2,formal_u2_family_032_r03,train_observed_hypothesis,0,True,u2_family_032,formal_u2_family_032_r03_s05,train,1.0
3,formal_u2_family_032_r04,train_observed_hypothesis,0,True,u2_family_032,formal_u2_family_032_r04_s00,train,0.3333333333333333
1,formal_u2_family_032_r04,train_observed_hypothesis,1,True,u2_family_032,formal_u2_family_032_r04_s01,train,0.6666666666666666
8,formal_u2_family_032_r04,train_observed_hypothesis,0,True,u2_family_032,formal_u2_family_032_r04_s02,train,0.3333333333333333
1,formal_u2_family_032_r04,train_observed_hypothesis,0,True,u2_family_032,formal_u2_family_032_r04_s03,train,1.0
6,formal_u2_family_032_r04,train_observed_hypothesis,0,True,u2_family_032,formal_u2_family_032_r04_s04,train,1.0
6,formal_u2_family_032_r04,train_observed_hypothesis,0,True,u2_family_032,formal_u2_family_032_r04_s05,train,0.8888888888888888
2,formal_u2_family_032_r04,train_observed_hypothesis,0,True,u2_family_032,formal_u2_family_032_r04_s06,train,1.0
3,formal_u2_family_032_r05,train_observed_hypothesis,0,True,u2_family_032,formal_u2_family_032_r05_s00,train,0.3333333333333333
1,formal_u2_family_032_r05,train_observed_hypothesis,1,True,u2_family_032,formal_u2_family_032_r05_s01,train,0.6666666666666666
8,formal_u2_family_032_r05,train_observed_hypothesis,0,True,u2_family_032,formal_u2_family_032_r05_s02,train,0.3333333333333333
6,formal_u2_family_032_r05,train_observed_hypothesis,0,True,u2_family_032,formal_u2_family_032_r05_s03,train,0.9375
2,formal_u2_family_032_r05,train_observed_hypothesis,0,True,u2_family_032,formal_u2_family_032_r05_s04,train,1.0
3,formal_u2_family_033_r00,train_observed_hypothesis,0,True,u2_family_033,formal_u2_family_033_r00_s00,train,0.3333333333333333
1,formal_u2_family_033_r00,train_observed_hypothesis,0,True,u2_family_033,formal_u2_family_033_r00_s01,train,1.0
6,formal_u2_family_033_r00,train_observed_hypothesis,0,True,u2_family_033,formal_u2_family_033_r00_s02,train,1.0
6,formal_u2_family_033_r00,train_observed_hypothesis,0,True,u2_family_033,formal_u2_family_033_r00_s03,train,0.8888888888888888
2,formal_u2_family_033_r00,train_observed_hypothesis,0,True,u2_family_033,formal_u2_family_033_r00_s04,train,1.0
3,formal_u2_family_033_r01,train_observed_hypothesis,0,True,u2_family_033,formal_u2_family_033_r01_s00,train,0.3333333333333333
1,formal_u2_family_033_r01,train_observed_hypothesis,0,True,u2_family_033,formal_u2_family_033_r01_s01,train,1.0
6,formal_u2_family_033_r01,train_observed_hypothesis,0,True,u2_family_033,formal_u2_family_033_r01_s02,train,1.0
6,formal_u2_family_033_r01,train_observed_hypothesis,0,True,u2_family_033,formal_u2_family_033_r01_s03,train,0.8888888888888888
2,formal_u2_family_033_r01,train_observed_hypothesis,0,True,u2_family_033,formal_u2_family_033_r01_s04,train,1.0
3,formal_u2_family_033_r02,train_observed_hypothesis,0,True,u2_family_033,formal_u2_family_033_r02_s00,train,0.3333333333333333
1,formal_u2_family_033_r02,train_observed_hypothesis,0,True,u2_family_033,formal_u2_family_033_r02_s01,train,1.0
6,formal_u2_family_033_r02,train_observed_hypothesis,0,True,u2_family_033,formal_u2_family_033_r02_s02,train,0.8571428571428571
2,formal_u2_family_033_r02,train_observed_hypothesis,0,True,u2_family_033,formal_u2_family_033_r02_s03,train,1.0
3,formal_u2_family_033_r03,train_observed_hypothesis,0,True,u2_family_033,formal_u2_family_033_r03_s00,train,0.3333333333333333
1,formal_u2_family_033_r03,train_observed_hypothesis,0,True,u2_family_033,formal_u2_family_033_r03_s01,train,1.0
6,formal_u2_family_033_r03,train_observed_hypothesis,0,True,u2_family_033,formal_u2_family_033_r03_s02,train,0.9
2,formal_u2_family_033_r03,train_observed_hypothesis,0,True,u2_family_033,formal_u2_family_033_r03_s03,train,1.0
3,formal_u2_family_033_r04,train_observed_hypothesis,0,True,u2_family_033,formal_u2_family_033_r04_s00,train,0.3333333333333333
1,formal_u2_family_033_r04,train_observed_hypothesis,0,True,u2_family_033,formal_u2_family_033_r04_s01,train,1.0
1,formal_u2_family_033_r04,train_observed_hypothesis,0,True,u2_family_033,formal_u2_family_033_r04_s02,train,1.0
6,formal_u2_family_033_r04,train_observed_hypothesis,0,True,u2_family_033,formal_u2_family_033_r04_s03,train,0.8888888888888888
2,formal_u2_family_033_r04,train_observed_hypothesis,0,True,u2_family_033,formal_u2_family_033_r04_s04,train,1.0
3,formal_u2_family_033_r05,train_observed_hypothesis,0,True,u2_family_033,formal_u2_family_033_r05_s00,train,0.3333333333333333
1,formal_u2_family_033_r05,train_observed_hypothesis,0,True,u2_family_033,formal_u2_family_033_r05_s01,train,1.0
6,formal_u2_family_033_r05,train_observed_hypothesis,0,True,u2_family_033,formal_u2_family_033_r05_s02,train,1.0
6,formal_u2_family_033_r05,train_observed_hypothesis,0,True,u2_family_033,formal_u2_family_033_r05_s03,train,0.875
2,formal_u2_family_033_r05,train_observed_hypothesis,0,True,u2_family_033,formal_u2_family_033_r05_s04,train,1.0
3,formal_u2_family_034_r00,train_observed_hypothesis,0,True,u2_family_034,formal_u2_family_034_r00_s00,train,0.3333333333333333
5,formal_u2_family_034_r00,train_observed_hypothesis,0,True,u2_family_034,formal_u2_family_034_r00_s01,train,1.0
5,formal_u2_family_034_r00,train_observed_hypothesis,0,True,u2_family_034,formal_u2_family_034_r00_s02,train,0.5
3,formal_u2_family_034_r01,train_observed_hypothesis,0,True,u2_family_034,formal_u2_family_034_r01_s00,train,0.3333333333333333
5,formal_u2_family_034_r01,train_observed_hypothesis,0,True,u2_family_034,formal_u2_family_034_r01_s01,train,1.0
5,formal_u2_family_034_r01,train_observed_hypothesis,0,True,u2_family_034,formal_u2_family_034_r01_s02,train,0.5
3,formal_u2_family_034_r02,train_observed_hypothesis,0,True,u2_family_034,formal_u2_family_034_r02_s00,train,0.3333333333333333
5,formal_u2_family_034_r02,train_observed_hypothesis,0,True,u2_family_034,formal_u2_family_034_r02_s01,train,1.0
5,formal_u2_family_034_r02,train_observed_hypothesis,0,True,u2_family_034,formal_u2_family_034_r02_s02,train,0.6666666666666666
3,formal_u2_family_034_r03,train_observed_hypothesis,0,True,u2_family_034,formal_u2_family_034_r03_s00,train,0.3333333333333333
5,formal_u2_family_034_r03,train_observed_hypothesis,0,True,u2_family_034,formal_u2_family_034_r03_s01,train,1.0
5,formal_u2_family_034_r03,train_observed_hypothesis,0,True,u2_family_034,formal_u2_family_034_r03_s02,train,0.6666666666666666
3,formal_u2_family_034_r04,train_observed_hypothesis,0,True,u2_family_034,formal_u2_family_034_r04_s00,train,0.3333333333333333
5,formal_u2_family_034_r04,train_observed_hypothesis,0,True,u2_family_034,formal_u2_family_034_r04_s01,train,1.0
5,formal_u2_family_034_r04,train_observed_hypothesis,0,True,u2_family_034,formal_u2_family_034_r04_s02,train,0.5
3,formal_u2_family_034_r05,train_observed_hypothesis,0,True,u2_family_034,formal_u2_family_034_r05_s00,train,0.3333333333333333
5,formal_u2_family_034_r05,train_observed_hypothesis,0,True,u2_family_034,formal_u2_family_034_r05_s01,train,1.0
5,formal_u2_family_034_r05,train_observed_hypothesis,0,True,u2_family_034,formal_u2_family_034_r05_s02,train,0.6666666666666666
10,formal_u2_family_035_r00,train_observed_hypothesis,0,True,u2_family_035,formal_u2_family_035_r00_s00,train,0.0
1,formal_u2_family_035_r00,train_observed_hypothesis,0,True,u2_family_035,formal_u2_family_035_r00_s01,train,1.0
1,formal_u2_family_035_r00,train_observed_hypothesis,0,True,u2_family_035,formal_u2_family_035_r00_s02,train,1.0
6,formal_u2_family_035_r00,train_observed_hypothesis,0,True,u2_family_035,formal_u2_family_035_r00_s03,train,1.0
6,formal_u2_family_035_r00,train_observed_hypothesis,0,True,u2_family_035,formal_u2_family_035_r00_s04,train,0.9
2,formal_u2_family_035_r00,train_observed_hypothesis,0,True,u2_family_035,formal_u2_family_035_r00_s05,train,1.0
10,formal_u2_family_035_r01,train_observed_hypothesis,0,True,u2_family_035,formal_u2_family_035_r01_s00,train,0.0
1,formal_u2_family_035_r01,train_observed_hypothesis,0,True,u2_family_035,formal_u2_family_035_r01_s01,train,1.0
1,formal_u2_family_035_r01,train_observed_hypothesis,0,True,u2_family_035,formal_u2_family_035_r01_s02,train,1.0
6,formal_u2_family_035_r01,train_observed_hypothesis,0,True,u2_family_035,formal_u2_family_035_r01_s03,train,0.9090909090909091
2,formal_u2_family_035_r01,train_observed_hypothesis,0,True,u2_family_035,formal_u2_family_035_r01_s04,train,1.0
10,formal_u2_family_035_r02,train_observed_hypothesis,0,True,u2_family_035,formal_u2_family_035_r02_s00,train,0.0
1,formal_u2_family_035_r02,train_observed_hypothesis,0,True,u2_family_035,formal_u2_family_035_r02_s01,train,1.0
1,formal_u2_family_035_r02,train_observed_hypothesis,0,True,u2_family_035,formal_u2_family_035_r02_s02,train,1.0
6,formal_u2_family_035_r02,train_observed_hypothesis,0,True,u2_family_035,formal_u2_family_035_r02_s03,train,1.0
6,formal_u2_family_035_r02,train_observed_hypothesis,0,True,u2_family_035,formal_u2_family_035_r02_s04,train,0.875
2,formal_u2_family_035_r02,train_observed_hypothesis,0,True,u2_family_035,formal_u2_family_035_r02_s05,train,1.0
10,formal_u2_family_035_r03,train_observed_hypothesis,0,True,u2_family_035,formal_u2_family_035_r03_s00,train,0.0
1,formal_u2_family_035_r03,train_observed_hypothesis,0,True,u2_family_035,formal_u2_family_035_r03_s01,train,1.0
1,formal_u2_family_035_r03,train_observed_hypothesis,0,True,u2_family_035,formal_u2_family_035_r03_s02,train,1.0
6,formal_u2_family_035_r03,train_observed_hypothesis,0,True,u2_family_035,formal_u2_family_035_r03_s03,train,1.0
6,formal_u2_family_035_r03,train_observed_hypothesis,0,True,u2_family_035,formal_u2_family_035_r03_s04,train,0.8888888888888888
2,formal_u2_family_035_r03,train_observed_hypothesis,0,True,u2_family_035,formal_u2_family_035_r03_s05,train,1.0
10,formal_u2_family_035_r04,train_observed_hypothesis,0,True,u2_family_035,formal_u2_family_035_r04_s00,train,0.0
1,formal_u2_family_035_r04,train_observed_hypothesis,0,True,u2_family_035,formal_u2_family_035_r04_s01,train,1.0
1,formal_u2_family_035_r04,train_observed_hypothesis,0,True,u2_family_035,formal_u2_family_035_r04_s02,train,1.0
6,formal_u2_family_035_r04,train_observed_hypothesis,0,True,u2_family_035,formal_u2_family_035_r04_s03,train,1.0
6,formal_u2_family_035_r04,train_observed_hypothesis,0,True,u2_family_035,formal_u2_family_035_r04_s04,train,1.0
6,formal_u2_family_035_r04,train_observed_hypothesis,0,True,u2_family_035,formal_u2_family_035_r04_s05,train,0.875
2,formal_u2_family_035_r04,train_observed_hypothesis,0,True,u2_family_035,formal_u2_family_035_r04_s06,train,1.0
10,formal_u2_family_035_r05,train_observed_hypothesis,0,True,u2_family_035,formal_u2_family_035_r05_s00,train,0.0
1,formal_u2_family_035_r05,train_observed_hypothesis,0,True,u2_family_035,formal_u2_family_035_r05_s01,train,1.0
1,formal_u2_family_035_r05,train_observed_hypothesis,0,True,u2_family_035,formal_u2_family_035_r05_s02,train,1.0
6,formal_u2_family_035_r05,train_observed_hypothesis,0,True,u2_family_035,formal_u2_family_035_r05_s03,train,0.8888888888888888
2,formal_u2_family_035_r05,train_observed_hypothesis,0,True,u2_family_035,formal_u2_family_035_r05_s04,train,1.0
3,formal_u2_family_036_r00,train_observed_hypothesis,0,True,u2_family_036,formal_u2_family_036_r00_s00,train,0.3333333333333333
5,formal_u2_family_036_r00,train_observed_hypothesis,0,True,u2_family_036,formal_u2_family_036_r00_s01,train,0.6666666666666666
4,formal_u2_family_036_r00,train_observed_hypothesis,0,True,u2_family_036,formal_u2_family_036_r00_s02,train,0.36363636363636365
7,formal_u2_family_036_r00,train_observed_hypothesis,0,True,u2_family_036,formal_u2_family_036_r00_s03,train,1.0
9,formal_u2_family_036_r00,train_observed_hypothesis,0,True,u2_family_036,formal_u2_family_036_r00_s04,train,1.0
2,formal_u2_family_036_r00,train_observed_hypothesis,0,True,u2_family_036,formal_u2_family_036_r00_s05,train,0.6666666666666666
3,formal_u2_family_036_r01,train_observed_hypothesis,0,True,u2_family_036,formal_u2_family_036_r01_s00,train,0.3333333333333333
5,formal_u2_family_036_r01,train_observed_hypothesis,0,True,u2_family_036,formal_u2_family_036_r01_s01,train,0.6666666666666666
4,formal_u2_family_036_r01,train_observed_hypothesis,0,True,u2_family_036,formal_u2_family_036_r01_s02,train,0.5454545454545454
9,formal_u2_family_036_r01,train_observed_hypothesis,0,True,u2_family_036,formal_u2_family_036_r01_s03,train,0.8333333333333334
2,formal_u2_family_036_r01,train_observed_hypothesis,0,True,u2_family_036,formal_u2_family_036_r01_s04,train,1.0
3,formal_u2_family_036_r02,train_observed_hypothesis,0,True,u2_family_036,formal_u2_family_036_r02_s00,train,0.3333333333333333
5,formal_u2_family_036_r02,train_observed_hypothesis,0,True,u2_family_036,formal_u2_family_036_r02_s01,train,0.6666666666666666
4,formal_u2_family_036_r02,train_observed_hypothesis,0,True,u2_family_036,formal_u2_family_036_r02_s02,train,0.36363636363636365
7,formal_u2_family_036_r02,train_observed_hypothesis,0,True,u2_family_036,formal_u2_family_036_r02_s03,train,1.0
9,formal_u2_family_036_r02,train_observed_hypothesis,0,True,u2_family_036,formal_u2_family_036_r02_s04,train,0.8571428571428571
2,formal_u2_family_036_r02,train_observed_hypothesis,0,True,u2_family_036,formal_u2_family_036_r02_s05,train,1.0
3,formal_u2_family_036_r03,train_observed_hypothesis,0,True,u2_family_036,formal_u2_family_036_r03_s00,train,0.3333333333333333
5,formal_u2_family_036_r03,train_observed_hypothesis,0,True,u2_family_036,formal_u2_family_036_r03_s01,train,0.75
4,formal_u2_family_036_r03,train_observed_hypothesis,0,True,u2_family_036,formal_u2_family_036_r03_s02,train,0.3333333333333333
7,formal_u2_family_036_r03,train_observed_hypothesis,0,True,u2_family_036,formal_u2_family_036_r03_s03,train,1.0
9,formal_u2_family_036_r03,train_observed_hypothesis,0,True,u2_family_036,formal_u2_family_036_r03_s04,train,1.0
2,formal_u2_family_036_r03,train_observed_hypothesis,0,True,u2_family_036,formal_u2_family_036_r03_s05,train,0.6666666666666666
3,formal_u2_family_036_r04,train_observed_hypothesis,0,True,u2_family_036,formal_u2_family_036_r04_s00,train,0.3333333333333333
5,formal_u2_family_036_r04,train_observed_hypothesis,0,True,u2_family_036,formal_u2_family_036_r04_s01,train,0.75
4,formal_u2_family_036_r04,train_observed_hypothesis,0,True,u2_family_036,formal_u2_family_036_r04_s02,train,0.4
7,formal_u2_family_036_r04,train_observed_hypothesis,0,True,u2_family_036,formal_u2_family_036_r04_s03,train,1.0
9,formal_u2_family_036_r04,train_observed_hypothesis,0,True,u2_family_036,formal_u2_family_036_r04_s04,train,0.8333333333333334
2,formal_u2_family_036_r04,train_observed_hypothesis,0,True,u2_family_036,formal_u2_family_036_r04_s05,train,1.0
3,formal_u2_family_036_r05,train_observed_hypothesis,0,True,u2_family_036,formal_u2_family_036_r05_s00,train,0.3333333333333333
5,formal_u2_family_036_r05,train_observed_hypothesis,0,True,u2_family_036,formal_u2_family_036_r05_s01,train,0.75
4,formal_u2_family_036_r05,train_observed_hypothesis,0,True,u2_family_036,formal_u2_family_036_r05_s02,train,0.6
9,formal_u2_family_036_r05,train_observed_hypothesis,0,True,u2_family_036,formal_u2_family_036_r05_s03,train,1.0
9,formal_u2_family_036_r05,train_observed_hypothesis,0,True,u2_family_036,formal_u2_family_036_r05_s04,train,0.6666666666666666
2,formal_u2_family_036_r05,train_observed_hypothesis,0,True,u2_family_036,formal_u2_family_036_r05_s05,train,1.0
3,formal_u2_family_037_r00,train_observed_hypothesis,0,True,u2_family_037,formal_u2_family_037_r00_s00,train,0.3333333333333333
5,formal_u2_family_037_r00,train_observed_hypothesis,0,True,u2_family_037,formal_u2_family_037_r00_s01,train,0.75
4,formal_u2_family_037_r00,train_observed_hypothesis,0,True,u2_family_037,formal_u2_family_037_r00_s02,train,0.5454545454545454
9,formal_u2_family_037_r00,train_observed_hypothesis,0,True,u2_family_037,formal_u2_family_037_r00_s03,train,0.75
2,formal_u2_family_037_r00,train_observed_hypothesis,0,True,u2_family_037,formal_u2_family_037_r00_s04,train,1.0
3,formal_u2_family_037_r01,train_observed_hypothesis,0,True,u2_family_037,formal_u2_family_037_r01_s00,train,0.3333333333333333
8,formal_u2_family_037_r01,train_observed_hypothesis,1,True,u2_family_037,formal_u2_family_037_r01_s01,train,0.3333333333333333
5,formal_u2_family_037_r01,train_observed_hypothesis,0,True,u2_family_037,formal_u2_family_037_r01_s02,train,0.3333333333333333
4,formal_u2_family_037_r01,train_observed_hypothesis,0,True,u2_family_037,formal_u2_family_037_r01_s03,train,0.8
9,formal_u2_family_037_r01,train_observed_hypothesis,0,True,u2_family_037,formal_u2_family_037_r01_s04,train,1.0
2,formal_u2_family_037_r01,train_observed_hypothesis,0,True,u2_family_037,formal_u2_family_037_r01_s05,train,0.6666666666666666
3,formal_u2_family_037_r02,train_observed_hypothesis,0,True,u2_family_037,formal_u2_family_037_r02_s00,train,0.3333333333333333
5,formal_u2_family_037_r02,train_observed_hypothesis,0,True,u2_family_037,formal_u2_family_037_r02_s01,train,0.6666666666666666
4,formal_u2_family_037_r02,train_observed_hypothesis,0,True,u2_family_037,formal_u2_family_037_r02_s02,train,0.36363636363636365
7,formal_u2_family_037_r02,train_observed_hypothesis,0,True,u2_family_037,formal_u2_family_037_r02_s03,train,1.0
9,formal_u2_family_037_r02,train_observed_hypothesis,0,True,u2_family_037,formal_u2_family_037_r02_s04,train,0.8
2,formal_u2_family_037_r02,train_observed_hypothesis,0,True,u2_family_037,formal_u2_family_037_r02_s05,train,1.0
3,formal_u2_family_037_r03,train_observed_hypothesis,0,True,u2_family_037,formal_u2_family_037_r03_s00,train,0.3333333333333333
8,formal_u2_family_037_r03,train_observed_hypothesis,1,True,u2_family_037,formal_u2_family_037_r03_s01,train,0.3333333333333333
5,formal_u2_family_037_r03,train_observed_hypothesis,0,True,u2_family_037,formal_u2_family_037_r03_s02,train,0.6666666666666666
4,formal_u2_family_037_r03,train_observed_hypothesis,0,True,u2_family_037,formal_u2_family_037_r03_s03,train,0.3333333333333333
7,formal_u2_family_037_r03,train_observed_hypothesis,0,True,u2_family_037,formal_u2_family_037_r03_s04,train,1.0
9,formal_u2_family_037_r03,train_observed_hypothesis,0,True,u2_family_037,formal_u2_family_037_r03_s05,train,1.0
2,formal_u2_family_037_r03,train_observed_hypothesis,0,True,u2_family_037,formal_u2_family_037_r03_s06,train,0.6666666666666666
3,formal_u2_family_037_r04,train_observed_hypothesis,0,True,u2_family_037,formal_u2_family_037_r04_s00,train,0.3333333333333333
5,formal_u2_family_037_r04,train_observed_hypothesis,0,True,u2_family_037,formal_u2_family_037_r04_s01,train,0.6666666666666666
4,formal_u2_family_037_r04,train_observed_hypothesis,0,True,u2_family_037,formal_u2_family_037_r04_s02,train,0.36363636363636365
7,formal_u2_family_037_r04,train_observed_hypothesis,0,True,u2_family_037,formal_u2_family_037_r04_s03,train,1.0
9,formal_u2_family_037_r04,train_observed_hypothesis,0,True,u2_family_037,formal_u2_family_037_r04_s04,train,0.8333333333333334
2,formal_u2_family_037_r04,train_observed_hypothesis,0,True,u2_family_037,formal_u2_family_037_r04_s05,train,1.0
3,formal_u2_family_037_r05,train_observed_hypothesis,0,True,u2_family_037,formal_u2_family_037_r05_s00,train,0.3333333333333333
8,formal_u2_family_037_r05,train_observed_hypothesis,1,True,u2_family_037,formal_u2_family_037_r05_s01,train,0.3333333333333333
0,formal_u2_family_037_r05,train_observed_hypothesis,0,False,u2_family_037,formal_u2_family_037_r05_s02,train,0.6666666666666666
0,formal_u2_family_037_r05,train_observed_hypothesis,0,False,u2_family_037,formal_u2_family_037_r05_s03,train,0.5
0,formal_u2_family_037_r05,train_observed_hypothesis,0,False,u2_family_037,formal_u2_family_037_r05_s04,train,1.0
0,formal_u2_family_037_r05,train_observed_hypothesis,0,False,u2_family_037,formal_u2_family_037_r05_s05,train,1.0
0,formal_u2_family_037_r05,train_observed_hypothesis,0,False,u2_family_037,formal_u2_family_037_r05_s06,train,1.0
0,formal_u2_family_037_r05,train_observed_hypothesis,0,False,u2_family_037,formal_u2_family_037_r05_s07,train,1.0
0,formal_u2_family_037_r05,train_observed_hypothesis,0,False,u2_family_037,formal_u2_family_037_r05_s08,train,0.0
0,formal_u2_family_037_r05,train_observed_hypothesis,0,False,u2_family_037,formal_u2_family_037_r05_s09,train,0.6666666666666666
0,formal_u2_family_037_r05,train_observed_hypothesis,0,False,u2_family_037,formal_u2_family_037_r05_s10,train,1.0
0,formal_u2_family_037_r05,train_observed_hypothesis,0,False,u2_family_037,formal_u2_family_037_r05_s11,train,1.0
0,formal_u2_family_037_r05,train_observed_hypothesis,0,False,u2_family_037,formal_u2_family_037_r05_s12,train,1.0
0,formal_u2_family_037_r05,train_observed_hypothesis,0,False,u2_family_037,formal_u2_family_037_r05_s13,train,1.0
0,formal_u2_family_037_r05,train_observed_hypothesis,0,False,u2_family_037,formal_u2_family_037_r05_s14,train,1.0
3,formal_u2_family_038_r00,train_observed_hypothesis,0,True,u2_family_038,formal_u2_family_038_r00_s00,train,0.3333333333333333
8,formal_u2_family_038_r00,train_observed_hypothesis,0,True,u2_family_038,formal_u2_family_038_r00_s01,train,0.0
5,formal_u2_family_038_r00,train_observed_hypothesis,0,True,u2_family_038,formal_u2_family_038_r00_s02,train,0.6666666666666666
4,formal_u2_family_038_r00,train_observed_hypothesis,0,True,u2_family_038,formal_u2_family_038_r00_s03,train,0.36363636363636365
7,formal_u2_family_038_r00,train_observed_hypothesis,0,True,u2_family_038,formal_u2_family_038_r00_s04,train,1.0
9,formal_u2_family_038_r00,train_observed_hypothesis,0,True,u2_family_038,formal_u2_family_038_r00_s05,train,0.8333333333333334
2,formal_u2_family_038_r00,train_observed_hypothesis,0,True,u2_family_038,formal_u2_family_038_r00_s06,train,1.0
3,formal_u2_family_038_r01,train_observed_hypothesis,0,True,u2_family_038,formal_u2_family_038_r01_s00,train,0.3333333333333333
8,formal_u2_family_038_r01,train_observed_hypothesis,0,True,u2_family_038,formal_u2_family_038_r01_s01,train,0.0
5,formal_u2_family_038_r01,train_observed_hypothesis,0,True,u2_family_038,formal_u2_family_038_r01_s02,train,0.6666666666666666
4,formal_u2_family_038_r01,train_observed_hypothesis,0,True,u2_family_038,formal_u2_family_038_r01_s03,train,0.46153846153846156
9,formal_u2_family_038_r01,train_observed_hypothesis,0,True,u2_family_038,formal_u2_family_038_r01_s04,train,1.0
9,formal_u2_family_038_r01,train_observed_hypothesis,0,True,u2_family_038,formal_u2_family_038_r01_s05,train,0.6666666666666666
2,formal_u2_family_038_r01,train_observed_hypothesis,0,True,u2_family_038,formal_u2_family_038_r01_s06,train,1.0
3,formal_u2_family_038_r02,train_observed_hypothesis,0,True,u2_family_038,formal_u2_family_038_r02_s00,train,0.3333333333333333
8,formal_u2_family_038_r02,train_observed_hypothesis,0,True,u2_family_038,formal_u2_family_038_r02_s01,train,0.0
5,formal_u2_family_038_r02,train_observed_hypothesis,0,True,u2_family_038,formal_u2_family_038_r02_s02,train,0.6666666666666666
4,formal_u2_family_038_r02,train_observed_hypothesis,0,True,u2_family_038,formal_u2_family_038_r02_s03,train,0.4
7,formal_u2_family_038_r02,train_observed_hypothesis,0,True,u2_family_038,formal_u2_family_038_r02_s04,train,1.0
9,formal_u2_family_038_r02,train_observed_hypothesis,0,True,u2_family_038,formal_u2_family_038_r02_s05,train,0.8
2,formal_u2_family_038_r02,train_observed_hypothesis,0,True,u2_family_038,formal_u2_family_038_r02_s06,train,1.0
3,formal_u2_family_038_r03,train_observed_hypothesis,0,True,u2_family_038,formal_u2_family_038_r03_s00,train,0.3333333333333333
8,formal_u2_family_038_r03,train_observed_hypothesis,0,True,u2_family_038,formal_u2_family_038_r03_s01,train,0.0
5,formal_u2_family_038_r03,train_observed_hypothesis,0,True,u2_family_038,formal_u2_family_038_r03_s02,train,1.0
4,formal_u2_family_038_r03,train_observed_hypothesis,0,True,u2_family_038,formal_u2_family_038_r03_s03,train,0.5
9,formal_u2_family_038_r03,train_observed_hypothesis,0,True,u2_family_038,formal_u2_family_038_r03_s04,train,1.0
9,formal_u2_family_038_r03,train_observed_hypothesis,0,True,u2_family_038,formal_u2_family_038_r03_s05,train,0.6666666666666666
2,formal_u2_family_038_r03,train_observed_hypothesis,0,True,u2_family_038,formal_u2_family_038_r03_s06,train,1.0
3,formal_u2_family_038_r04,train_observed_hypothesis,0,True,u2_family_038,formal_u2_family_038_r04_s00,train,0.3333333333333333
8,formal_u2_family_038_r04,train_observed_hypothesis,0,True,u2_family_038,formal_u2_family_038_r04_s01,train,0.0
5,formal_u2_family_038_r04,train_observed_hypothesis,0,True,u2_family_038,formal_u2_family_038_r04_s02,train,0.6666666666666666
4,formal_u2_family_038_r04,train_observed_hypothesis,0,True,u2_family_038,formal_u2_family_038_r04_s03,train,0.4
7,formal_u2_family_038_r04,train_observed_hypothesis,0,True,u2_family_038,formal_u2_family_038_r04_s04,train,1.0
9,formal_u2_family_038_r04,train_observed_hypothesis,0,True,u2_family_038,formal_u2_family_038_r04_s05,train,1.0
2,formal_u2_family_038_r04,train_observed_hypothesis,0,True,u2_family_038,formal_u2_family_038_r04_s06,train,0.6666666666666666
3,formal_u2_family_038_r05,train_observed_hypothesis,0,True,u2_family_038,formal_u2_family_038_r05_s00,train,0.3333333333333333
8,formal_u2_family_038_r05,train_observed_hypothesis,0,True,u2_family_038,formal_u2_family_038_r05_s01,train,0.0
5,formal_u2_family_038_r05,train_observed_hypothesis,0,True,u2_family_038,formal_u2_family_038_r05_s02,train,1.0
4,formal_u2_family_038_r05,train_observed_hypothesis,0,True,u2_family_038,formal_u2_family_038_r05_s03,train,0.3076923076923077
7,formal_u2_family_038_r05,train_observed_hypothesis,0,True,u2_family_038,formal_u2_family_038_r05_s04,train,1.0
9,formal_u2_family_038_r05,train_observed_hypothesis,0,True,u2_family_038,formal_u2_family_038_r05_s05,train,0.8
2,formal_u2_family_038_r05,train_observed_hypothesis,0,True,u2_family_038,formal_u2_family_038_r05_s06,train,1.0
3,formal_u2_family_039_r00,train_observed_hypothesis,0,True,u2_family_039,formal_u2_family_039_r00_s00,train,0.3333333333333333
5,formal_u2_family_039_r00,train_observed_hypothesis,0,True,u2_family_039,formal_u2_family_039_r00_s01,train,0.75
4,formal_u2_family_039_r00,train_observed_hypothesis,0,True,u2_family_039,formal_u2_family_039_r00_s02,train,0.3
7,formal_u2_family_039_r00,train_observed_hypothesis,0,True,u2_family_039,formal_u2_family_039_r00_s03,train,1.0
9,formal_u2_family_039_r00,train_observed_hypothesis,0,True,u2_family_039,formal_u2_family_039_r00_s04,train,0.75
2,formal_u2_family_039_r00,train_observed_hypothesis,0,True,u2_family_039,formal_u2_family_039_r00_s05,train,1.0
3,formal_u2_family_039_r01,train_observed_hypothesis,0,True,u2_family_039,formal_u2_family_039_r01_s00,train,0.3333333333333333
5,formal_u2_family_039_r01,train_observed_hypothesis,0,True,u2_family_039,formal_u2_family_039_r01_s01,train,0.75
4,formal_u2_family_039_r01,train_observed_hypothesis,0,True,u2_family_039,formal_u2_family_039_r01_s02,train,0.4444444444444444
7,formal_u2_family_039_r01,train_observed_hypothesis,0,True,u2_family_039,formal_u2_family_039_r01_s03,train,1.0
9,formal_u2_family_039_r01,train_observed_hypothesis,0,True,u2_family_039,formal_u2_family_039_r01_s04,train,0.8333333333333334
2,formal_u2_family_039_r01,train_observed_hypothesis,0,True,u2_family_039,formal_u2_family_039_r01_s05,train,1.0
3,formal_u2_family_039_r02,train_observed_hypothesis,0,True,u2_family_039,formal_u2_family_039_r02_s00,train,0.3333333333333333
5,formal_u2_family_039_r02,train_observed_hypothesis,0,True,u2_family_039,formal_u2_family_039_r02_s01,train,0.6666666666666666
4,formal_u2_family_039_r02,train_observed_hypothesis,0,True,u2_family_039,formal_u2_family_039_r02_s02,train,0.4444444444444444
7,formal_u2_family_039_r02,train_observed_hypothesis,0,True,u2_family_039,formal_u2_family_039_r02_s03,train,1.0
9,formal_u2_family_039_r02,train_observed_hypothesis,0,True,u2_family_039,formal_u2_family_039_r02_s04,train,1.0
2,formal_u2_family_039_r02,train_observed_hypothesis,0,True,u2_family_039,formal_u2_family_039_r02_s05,train,0.6666666666666666
3,formal_u2_family_039_r03,train_observed_hypothesis,0,True,u2_family_039,formal_u2_family_039_r03_s00,train,0.3333333333333333
5,formal_u2_family_039_r03,train_observed_hypothesis,0,True,u2_family_039,formal_u2_family_039_r03_s01,train,0.6666666666666666
4,formal_u2_family_039_r03,train_observed_hypothesis,0,True,u2_family_039,formal_u2_family_039_r03_s02,train,0.36363636363636365
7,formal_u2_family_039_r03,train_observed_hypothesis,0,True,u2_family_039,formal_u2_family_039_r03_s03,train,1.0
9,formal_u2_family_039_r03,train_observed_hypothesis,0,True,u2_family_039,formal_u2_family_039_r03_s04,train,0.8
2,formal_u2_family_039_r03,train_observed_hypothesis,0,True,u2_family_039,formal_u2_family_039_r03_s05,train,1.0
3,formal_u2_family_039_r04,train_observed_hypothesis,0,True,u2_family_039,formal_u2_family_039_r04_s00,train,0.3333333333333333
5,formal_u2_family_039_r04,train_observed_hypothesis,0,True,u2_family_039,formal_u2_family_039_r04_s01,train,0.75
4,formal_u2_family_039_r04,train_observed_hypothesis,0,True,u2_family_039,formal_u2_family_039_r04_s02,train,0.3
7,formal_u2_family_039_r04,train_observed_hypothesis,0,True,u2_family_039,formal_u2_family_039_r04_s03,train,1.0
9,formal_u2_family_039_r04,train_observed_hypothesis,0,True,u2_family_039,formal_u2_family_039_r04_s04,train,1.0
9,formal_u2_family_039_r04,train_observed_hypothesis,0,True,u2_family_039,formal_u2_family_039_r04_s05,train,0.6666666666666666
2,formal_u2_family_039_r04,train_observed_hypothesis,0,True,u2_family_039,formal_u2_family_039_r04_s06,train,1.0
3,formal_u2_family_039_r05,train_observed_hypothesis,0,True,u2_family_039,formal_u2_family_039_r05_s00,train,0.3333333333333333
5,formal_u2_family_039_r05,train_observed_hypothesis,0,True,u2_family_039,formal_u2_family_039_r05_s01,train,0.75
4,formal_u2_family_039_r05,train_observed_hypothesis,0,True,u2_family_039,formal_u2_family_039_r05_s02,train,0.36363636363636365
7,formal_u2_family_039_r05,train_observed_hypothesis,0,True,u2_family_039,formal_u2_family_039_r05_s03,train,1.0
9,formal_u2_family_039_r05,train_observed_hypothesis,0,True,u2_family_039,formal_u2_family_039_r05_s04,train,0.6666666666666666
2,formal_u2_family_039_r05,train_observed_hypothesis,0,True,u2_family_039,formal_u2_family_039_r05_s05,train,1.0
3,formal_u2_family_040_r00,train_observed_hypothesis,0,True,u2_family_040,formal_u2_family_040_r00_s00,train,0.3333333333333333
5,formal_u2_family_040_r00,train_observed_hypothesis,0,True,u2_family_040,formal_u2_family_040_r00_s01,train,0.75
3,formal_u2_family_040_r01,train_observed_hypothesis,0,True,u2_family_040,formal_u2_family_040_r01_s00,train,0.3333333333333333
5,formal_u2_family_040_r01,train_observed_hypothesis,0,True,u2_family_040,formal_u2_family_040_r01_s01,train,0.75
3,formal_u2_family_040_r02,train_observed_hypothesis,0,True,u2_family_040,formal_u2_family_040_r02_s00,train,0.3333333333333333
5,formal_u2_family_040_r02,train_observed_hypothesis,0,True,u2_family_040,formal_u2_family_040_r02_s01,train,0.75
3,formal_u2_family_040_r03,train_observed_hypothesis,0,True,u2_family_040,formal_u2_family_040_r03_s00,train,0.3333333333333333
5,formal_u2_family_040_r03,train_observed_hypothesis,0,True,u2_family_040,formal_u2_family_040_r03_s01,train,0.75
3,formal_u2_family_040_r04,train_observed_hypothesis,0,True,u2_family_040,formal_u2_family_040_r04_s00,train,0.3333333333333333
5,formal_u2_family_040_r04,train_observed_hypothesis,0,True,u2_family_040,formal_u2_family_040_r04_s01,train,0.75
3,formal_u2_family_040_r05,train_observed_hypothesis,0,True,u2_family_040,formal_u2_family_040_r05_s00,train,0.3333333333333333
5,formal_u2_family_040_r05,train_observed_hypothesis,0,True,u2_family_040,formal_u2_family_040_r05_s01,train,0.75
10,formal_u2_family_041_r00,train_observed_hypothesis,0,True,u2_family_041,formal_u2_family_041_r00_s00,train,0.0
5,formal_u2_family_041_r00,train_observed_hypothesis,0,True,u2_family_041,formal_u2_family_041_r00_s01,train,1.0
4,formal_u2_family_041_r00,train_observed_hypothesis,0,True,u2_family_041,formal_u2_family_041_r00_s02,train,0.4166666666666667
7,formal_u2_family_041_r00,train_observed_hypothesis,0,True,u2_family_041,formal_u2_family_041_r00_s03,train,1.0
9,formal_u2_family_041_r00,train_observed_hypothesis,0,True,u2_family_041,formal_u2_family_041_r00_s04,train,0.8
2,formal_u2_family_041_r00,train_observed_hypothesis,0,True,u2_family_041,formal_u2_family_041_r00_s05,train,1.0
10,formal_u2_family_041_r01,train_observed_hypothesis,0,False,u2_family_041,formal_u2_family_041_r01_s00,train,0.0
3,formal_u2_family_041_r01,train_observed_hypothesis,0,True,u2_family_041,formal_u2_family_041_r01_s01,train,0.6666666666666666
4,formal_u2_family_041_r01,train_observed_hypothesis,0,True,u2_family_041,formal_u2_family_041_r01_s02,train,0.4166666666666667
7,formal_u2_family_041_r01,train_observed_hypothesis,0,True,u2_family_041,formal_u2_family_041_r01_s03,train,1.0
9,formal_u2_family_041_r01,train_observed_hypothesis,0,True,u2_family_041,formal_u2_family_041_r01_s04,train,0.8571428571428571
2,formal_u2_family_041_r01,train_observed_hypothesis,0,True,u2_family_041,formal_u2_family_041_r01_s05,train,1.0
10,formal_u2_family_041_r02,train_observed_hypothesis,0,True,u2_family_041,formal_u2_family_041_r02_s00,train,0.0
5,formal_u2_family_041_r02,train_observed_hypothesis,0,True,u2_family_041,formal_u2_family_041_r02_s01,train,1.0
5,formal_u2_family_041_r02,train_observed_hypothesis,0,True,u2_family_041,formal_u2_family_041_r02_s02,train,1.0
4,formal_u2_family_041_r02,train_observed_hypothesis,0,True,u2_family_041,formal_u2_family_041_r02_s03,train,0.42857142857142855
9,formal_u2_family_041_r02,train_observed_hypothesis,0,True,u2_family_041,formal_u2_family_041_r02_s04,train,0.8333333333333334
2,formal_u2_family_041_r02,train_observed_hypothesis,0,True,u2_family_041,formal_u2_family_041_r02_s05,train,1.0
10,formal_u2_family_041_r03,train_observed_hypothesis,0,True,u2_family_041,formal_u2_family_041_r03_s00,train,0.0
5,formal_u2_family_041_r03,train_observed_hypothesis,0,True,u2_family_041,formal_u2_family_041_r03_s01,train,1.0
5,formal_u2_family_041_r03,train_observed_hypothesis,0,True,u2_family_041,formal_u2_family_041_r03_s02,train,1.0
4,formal_u2_family_041_r03,train_observed_hypothesis,0,True,u2_family_041,formal_u2_family_041_r03_s03,train,0.4444444444444444
7,formal_u2_family_041_r03,train_observed_hypothesis,0,True,u2_family_041,formal_u2_family_041_r03_s04,train,1.0
9,formal_u2_family_041_r03,train_observed_hypothesis,0,True,u2_family_041,formal_u2_family_041_r03_s05,train,0.8571428571428571
2,formal_u2_family_041_r03,train_observed_hypothesis,0,True,u2_family_041,formal_u2_family_041_r03_s06,train,1.0
10,formal_u2_family_041_r04,train_observed_hypothesis,0,False,u2_family_041,formal_u2_family_041_r04_s00,train,0.0
3,formal_u2_family_041_r04,train_observed_hypothesis,0,True,u2_family_041,formal_u2_family_041_r04_s01,train,0.6666666666666666
4,formal_u2_family_041_r04,train_observed_hypothesis,0,True,u2_family_041,formal_u2_family_041_r04_s02,train,0.5
7,formal_u2_family_041_r04,train_observed_hypothesis,0,True,u2_family_041,formal_u2_family_041_r04_s03,train,1.0
9,formal_u2_family_041_r04,train_observed_hypothesis,0,True,u2_family_041,formal_u2_family_041_r04_s04,train,0.8888888888888888
2,formal_u2_family_041_r04,train_observed_hypothesis,0,True,u2_family_041,formal_u2_family_041_r04_s05,train,1.0
10,formal_u2_family_041_r05,train_observed_hypothesis,0,False,u2_family_041,formal_u2_family_041_r05_s00,train,0.0
3,formal_u2_family_041_r05,train_observed_hypothesis,0,True,u2_family_041,formal_u2_family_041_r05_s01,train,0.6666666666666666
5,formal_u2_family_041_r05,train_observed_hypothesis,0,True,u2_family_041,formal_u2_family_041_r05_s02,train,0.6666666666666666
4,formal_u2_family_041_r05,train_observed_hypothesis,0,True,u2_family_041,formal_u2_family_041_r05_s03,train,0.36363636363636365
7,formal_u2_family_041_r05,train_observed_hypothesis,0,True,u2_family_041,formal_u2_family_041_r05_s04,train,1.0
9,formal_u2_family_041_r05,train_observed_hypothesis,0,True,u2_family_041,formal_u2_family_041_r05_s05,train,0.8
2,formal_u2_family_041_r05,train_observed_hypothesis,0,True,u2_family_041,formal_u2_family_041_r05_s06,train,1.0
3,formal_u2_family_042_r00,train_observed_hypothesis,0,True,u2_family_042,formal_u2_family_042_r00_s00,train,0.3333333333333333
1,formal_u2_family_042_r00,train_observed_hypothesis,0,True,u2_family_042,formal_u2_family_042_r00_s01,train,1.0
6,formal_u2_family_042_r00,train_observed_hypothesis,0,True,u2_family_042,formal_u2_family_042_r00_s02,train,1.0
6,formal_u2_family_042_r00,train_observed_hypothesis,0,True,u2_family_042,formal_u2_family_042_r00_s03,train,0.9
2,formal_u2_family_042_r00,train_observed_hypothesis,0,True,u2_family_042,formal_u2_family_042_r00_s04,train,1.0
3,formal_u2_family_042_r01,train_observed_hypothesis,0,True,u2_family_042,formal_u2_family_042_r01_s00,train,0.3333333333333333
1,formal_u2_family_042_r01,train_observed_hypothesis,0,True,u2_family_042,formal_u2_family_042_r01_s01,train,1.0
6,formal_u2_family_042_r01,train_observed_hypothesis,0,True,u2_family_042,formal_u2_family_042_r01_s02,train,1.0
6,formal_u2_family_042_r01,train_observed_hypothesis,0,True,u2_family_042,formal_u2_family_042_r01_s03,train,0.8571428571428571
2,formal_u2_family_042_r01,train_observed_hypothesis,0,True,u2_family_042,formal_u2_family_042_r01_s04,train,1.0
3,formal_u2_family_042_r02,train_observed_hypothesis,0,True,u2_family_042,formal_u2_family_042_r02_s00,train,0.3333333333333333
1,formal_u2_family_042_r02,train_observed_hypothesis,0,True,u2_family_042,formal_u2_family_042_r02_s01,train,1.0
6,formal_u2_family_042_r02,train_observed_hypothesis,0,True,u2_family_042,formal_u2_family_042_r02_s02,train,1.0
6,formal_u2_family_042_r02,train_observed_hypothesis,0,True,u2_family_042,formal_u2_family_042_r02_s03,train,0.9
2,formal_u2_family_042_r02,train_observed_hypothesis,0,True,u2_family_042,formal_u2_family_042_r02_s04,train,1.0
3,formal_u2_family_042_r03,train_observed_hypothesis,0,True,u2_family_042,formal_u2_family_042_r03_s00,train,0.3333333333333333
1,formal_u2_family_042_r03,train_observed_hypothesis,0,True,u2_family_042,formal_u2_family_042_r03_s01,train,1.0
6,formal_u2_family_042_r03,train_observed_hypothesis,0,True,u2_family_042,formal_u2_family_042_r03_s02,train,0.9166666666666666
2,formal_u2_family_042_r03,train_observed_hypothesis,0,True,u2_family_042,formal_u2_family_042_r03_s03,train,1.0
3,formal_u2_family_042_r04,train_observed_hypothesis,0,True,u2_family_042,formal_u2_family_042_r04_s00,train,0.3333333333333333
1,formal_u2_family_042_r04,train_observed_hypothesis,0,True,u2_family_042,formal_u2_family_042_r04_s01,train,1.0
6,formal_u2_family_042_r04,train_observed_hypothesis,0,True,u2_family_042,formal_u2_family_042_r04_s02,train,0.8888888888888888
2,formal_u2_family_042_r04,train_observed_hypothesis,0,True,u2_family_042,formal_u2_family_042_r04_s03,train,1.0
3,formal_u2_family_042_r05,train_observed_hypothesis,0,True,u2_family_042,formal_u2_family_042_r05_s00,train,0.3333333333333333
1,formal_u2_family_042_r05,train_observed_hypothesis,0,True,u2_family_042,formal_u2_family_042_r05_s01,train,1.0
6,formal_u2_family_042_r05,train_observed_hypothesis,0,True,u2_family_042,formal_u2_family_042_r05_s02,train,1.0
6,formal_u2_family_042_r05,train_observed_hypothesis,0,True,u2_family_042,formal_u2_family_042_r05_s03,train,0.9
2,formal_u2_family_042_r05,train_observed_hypothesis,0,True,u2_family_042,formal_u2_family_042_r05_s04,train,1.0
3,formal_u2_family_043_r00,train_observed_hypothesis,0,True,u2_family_043,formal_u2_family_043_r00_s00,train,0.3333333333333333
1,formal_u2_family_043_r00,train_observed_hypothesis,0,True,u2_family_043,formal_u2_family_043_r00_s01,train,1.0
6,formal_u2_family_043_r00,train_observed_hypothesis,0,True,u2_family_043,formal_u2_family_043_r00_s02,train,0.9230769230769231
2,formal_u2_family_043_r00,train_observed_hypothesis,0,True,u2_family_043,formal_u2_family_043_r00_s03,train,1.0
3,formal_u2_family_043_r01,train_observed_hypothesis,0,True,u2_family_043,formal_u2_family_043_r01_s00,train,0.3333333333333333
8,formal_u2_family_043_r01,train_observed_hypothesis,1,True,u2_family_043,formal_u2_family_043_r01_s01,train,0.3333333333333333
1,formal_u2_family_043_r01,train_observed_hypothesis,0,True,u2_family_043,formal_u2_family_043_r01_s02,train,0.6666666666666666
1,formal_u2_family_043_r01,train_observed_hypothesis,0,True,u2_family_043,formal_u2_family_043_r01_s03,train,1.0
6,formal_u2_family_043_r01,train_observed_hypothesis,0,True,u2_family_043,formal_u2_family_043_r01_s04,train,0.9
2,formal_u2_family_043_r01,train_observed_hypothesis,0,True,u2_family_043,formal_u2_family_043_r01_s05,train,1.0
3,formal_u2_family_043_r02,train_observed_hypothesis,0,True,u2_family_043,formal_u2_family_043_r02_s00,train,0.3333333333333333
1,formal_u2_family_043_r02,train_observed_hypothesis,0,True,u2_family_043,formal_u2_family_043_r02_s01,train,1.0
6,formal_u2_family_043_r02,train_observed_hypothesis,0,True,u2_family_043,formal_u2_family_043_r02_s02,train,0.8888888888888888
2,formal_u2_family_043_r02,train_observed_hypothesis,0,True,u2_family_043,formal_u2_family_043_r02_s03,train,1.0
3,formal_u2_family_043_r03,train_observed_hypothesis,0,True,u2_family_043,formal_u2_family_043_r03_s00,train,0.3333333333333333
8,formal_u2_family_043_r03,train_observed_hypothesis,1,True,u2_family_043,formal_u2_family_043_r03_s01,train,0.3333333333333333
1,formal_u2_family_043_r03,train_observed_hypothesis,0,True,u2_family_043,formal_u2_family_043_r03_s02,train,0.6666666666666666
1,formal_u2_family_043_r03,train_observed_hypothesis,0,True,u2_family_043,formal_u2_family_043_r03_s03,train,1.0
6,formal_u2_family_043_r03,train_observed_hypothesis,0,True,u2_family_043,formal_u2_family_043_r03_s04,train,0.8888888888888888
2,formal_u2_family_043_r03,train_observed_hypothesis,0,True,u2_family_043,formal_u2_family_043_r03_s05,train,1.0
3,formal_u2_family_043_r04,train_observed_hypothesis,0,True,u2_family_043,formal_u2_family_043_r04_s00,train,0.3333333333333333
8,formal_u2_family_043_r04,train_observed_hypothesis,1,True,u2_family_043,formal_u2_family_043_r04_s01,train,0.3333333333333333
1,formal_u2_family_043_r04,train_observed_hypothesis,0,True,u2_family_043,formal_u2_family_043_r04_s02,train,0.6666666666666666
1,formal_u2_family_043_r04,train_observed_hypothesis,0,True,u2_family_043,formal_u2_family_043_r04_s03,train,1.0
6,formal_u2_family_043_r04,train_observed_hypothesis,0,True,u2_family_043,formal_u2_family_043_r04_s04,train,0.8888888888888888
2,formal_u2_family_043_r04,train_observed_hypothesis,0,True,u2_family_043,formal_u2_family_043_r04_s05,train,1.0
3,formal_u2_family_043_r05,train_observed_hypothesis,0,True,u2_family_043,formal_u2_family_043_r05_s00,train,0.3333333333333333
8,formal_u2_family_043_r05,train_observed_hypothesis,1,True,u2_family_043,formal_u2_family_043_r05_s01,train,0.3333333333333333
0,formal_u2_family_043_r05,train_observed_hypothesis,0,False,u2_family_043,formal_u2_family_043_r05_s02,train,0.3333333333333333
0,formal_u2_family_043_r05,train_observed_hypothesis,0,False,u2_family_043,formal_u2_family_043_r05_s03,train,1.0
0,formal_u2_family_043_r05,train_observed_hypothesis,0,False,u2_family_043,formal_u2_family_043_r05_s04,train,1.0
0,formal_u2_family_043_r05,train_observed_hypothesis,0,False,u2_family_043,formal_u2_family_043_r05_s05,train,1.0
0,formal_u2_family_043_r05,train_observed_hypothesis,0,False,u2_family_043,formal_u2_family_043_r05_s06,train,1.0
0,formal_u2_family_043_r05,train_observed_hypothesis,0,False,u2_family_043,formal_u2_family_043_r05_s07,train,1.0
0,formal_u2_family_043_r05,train_observed_hypothesis,0,False,u2_family_043,formal_u2_family_043_r05_s08,train,1.0
0,formal_u2_family_043_r05,train_observed_hypothesis,0,False,u2_family_043,formal_u2_family_043_r05_s09,train,1.0
0,formal_u2_family_043_r05,train_observed_hypothesis,0,False,u2_family_043,formal_u2_family_043_r05_s10,train,1.0
0,formal_u2_family_043_r05,train_observed_hypothesis,0,False,u2_family_043,formal_u2_family_043_r05_s11,train,1.0
0,formal_u2_family_043_r05,train_observed_hypothesis,0,False,u2_family_043,formal_u2_family_043_r05_s12,train,1.0
0,formal_u2_family_043_r05,train_observed_hypothesis,0,False,u2_family_043,formal_u2_family_043_r05_s13,train,1.0
0,formal_u2_family_043_r05,train_observed_hypothesis,0,False,u2_family_043,formal_u2_family_043_r05_s14,train,1.0
0,formal_u2_family_043_r05,train_observed_hypothesis,0,False,u2_family_043,formal_u2_family_043_r05_s15,train,1.0
3,formal_u2_family_044_r00,train_observed_hypothesis,0,True,u2_family_044,formal_u2_family_044_r00_s00,train,0.3333333333333333
1,formal_u2_family_044_r00,train_observed_hypothesis,1,True,u2_family_044,formal_u2_family_044_r00_s01,train,0.6666666666666666
8,formal_u2_family_044_r00,train_observed_hypothesis,0,True,u2_family_044,formal_u2_family_044_r00_s02,train,0.3333333333333333
1,formal_u2_family_044_r00,train_observed_hypothesis,0,True,u2_family_044,formal_u2_family_044_r00_s03,train,1.0
6,formal_u2_family_044_r00,train_observed_hypothesis,0,True,u2_family_044,formal_u2_family_044_r00_s04,train,0.875
2,formal_u2_family_044_r00,train_observed_hypothesis,0,True,u2_family_044,formal_u2_family_044_r00_s05,train,1.0
3,formal_u2_family_044_r01,train_observed_hypothesis,0,True,u2_family_044,formal_u2_family_044_r01_s00,train,0.3333333333333333
1,formal_u2_family_044_r01,train_observed_hypothesis,1,True,u2_family_044,formal_u2_family_044_r01_s01,train,0.6666666666666666
8,formal_u2_family_044_r01,train_observed_hypothesis,0,True,u2_family_044,formal_u2_family_044_r01_s02,train,0.3333333333333333
1,formal_u2_family_044_r01,train_observed_hypothesis,0,True,u2_family_044,formal_u2_family_044_r01_s03,train,1.0
6,formal_u2_family_044_r01,train_observed_hypothesis,0,True,u2_family_044,formal_u2_family_044_r01_s04,train,0.8888888888888888
2,formal_u2_family_044_r01,train_observed_hypothesis,0,True,u2_family_044,formal_u2_family_044_r01_s05,train,1.0
3,formal_u2_family_044_r02,train_observed_hypothesis,0,True,u2_family_044,formal_u2_family_044_r02_s00,train,0.3333333333333333
1,formal_u2_family_044_r02,train_observed_hypothesis,1,True,u2_family_044,formal_u2_family_044_r02_s01,train,0.6666666666666666
8,formal_u2_family_044_r02,train_observed_hypothesis,0,True,u2_family_044,formal_u2_family_044_r02_s02,train,0.3333333333333333
1,formal_u2_family_044_r02,train_observed_hypothesis,0,True,u2_family_044,formal_u2_family_044_r02_s03,train,1.0
6,formal_u2_family_044_r02,train_observed_hypothesis,0,True,u2_family_044,formal_u2_family_044_r02_s04,train,0.875
2,formal_u2_family_044_r02,train_observed_hypothesis,0,True,u2_family_044,formal_u2_family_044_r02_s05,train,1.0
3,formal_u2_family_044_r03,train_observed_hypothesis,0,True,u2_family_044,formal_u2_family_044_r03_s00,train,0.3333333333333333
1,formal_u2_family_044_r03,train_observed_hypothesis,1,True,u2_family_044,formal_u2_family_044_r03_s01,train,0.6666666666666666
8,formal_u2_family_044_r03,train_observed_hypothesis,0,True,u2_family_044,formal_u2_family_044_r03_s02,train,0.3333333333333333
6,formal_u2_family_044_r03,train_observed_hypothesis,0,True,u2_family_044,formal_u2_family_044_r03_s03,train,0.9285714285714286
2,formal_u2_family_044_r03,train_observed_hypothesis,0,True,u2_family_044,formal_u2_family_044_r03_s04,train,1.0
3,formal_u2_family_044_r04,train_observed_hypothesis,0,True,u2_family_044,formal_u2_family_044_r04_s00,train,0.3333333333333333
1,formal_u2_family_044_r04,train_observed_hypothesis,1,True,u2_family_044,formal_u2_family_044_r04_s01,train,0.6666666666666666
8,formal_u2_family_044_r04,train_observed_hypothesis,0,True,u2_family_044,formal_u2_family_044_r04_s02,train,0.3333333333333333
1,formal_u2_family_044_r04,train_observed_hypothesis,0,True,u2_family_044,formal_u2_family_044_r04_s03,train,1.0
6,formal_u2_family_044_r04,train_observed_hypothesis,0,True,u2_family_044,formal_u2_family_044_r04_s04,train,0.8888888888888888
2,formal_u2_family_044_r04,train_observed_hypothesis,0,True,u2_family_044,formal_u2_family_044_r04_s05,train,1.0
3,formal_u2_family_044_r05,train_observed_hypothesis,0,True,u2_family_044,formal_u2_family_044_r05_s00,train,0.3333333333333333
1,formal_u2_family_044_r05,train_observed_hypothesis,1,True,u2_family_044,formal_u2_family_044_r05_s01,train,0.6666666666666666
8,formal_u2_family_044_r05,train_observed_hypothesis,0,True,u2_family_044,formal_u2_family_044_r05_s02,train,0.3333333333333333
1,formal_u2_family_044_r05,train_observed_hypothesis,0,True,u2_family_044,formal_u2_family_044_r05_s03,train,1.0
6,formal_u2_family_044_r05,train_observed_hypothesis,0,True,u2_family_044,formal_u2_family_044_r05_s04,train,0.9090909090909091
2,formal_u2_family_044_r05,train_observed_hypothesis,0,True,u2_family_044,formal_u2_family_044_r05_s05,train,1.0
3,formal_u2_family_045_r00,train_observed_hypothesis,0,True,u2_family_045,formal_u2_family_045_r00_s00,train,0.3333333333333333
1,formal_u2_family_045_r00,train_observed_hypothesis,0,True,u2_family_045,formal_u2_family_045_r00_s01,train,1.0
6,formal_u2_family_045_r00,train_observed_hypothesis,0,True,u2_family_045,formal_u2_family_045_r00_s02,train,1.0
6,formal_u2_family_045_r00,train_observed_hypothesis,0,True,u2_family_045,formal_u2_family_045_r00_s03,train,0.8888888888888888
2,formal_u2_family_045_r00,train_observed_hypothesis,0,True,u2_family_045,formal_u2_family_045_r00_s04,train,1.0
3,formal_u2_family_045_r01,train_observed_hypothesis,0,True,u2_family_045,formal_u2_family_045_r01_s00,train,0.3333333333333333
1,formal_u2_family_045_r01,train_observed_hypothesis,0,True,u2_family_045,formal_u2_family_045_r01_s01,train,1.0
6,formal_u2_family_045_r01,train_observed_hypothesis,0,True,u2_family_045,formal_u2_family_045_r01_s02,train,0.8888888888888888
2,formal_u2_family_045_r01,train_observed_hypothesis,0,True,u2_family_045,formal_u2_family_045_r01_s03,train,1.0
3,formal_u2_family_045_r02,train_observed_hypothesis,0,True,u2_family_045,formal_u2_family_045_r02_s00,train,0.3333333333333333
1,formal_u2_family_045_r02,train_observed_hypothesis,0,True,u2_family_045,formal_u2_family_045_r02_s01,train,1.0
6,formal_u2_family_045_r02,train_observed_hypothesis,0,True,u2_family_045,formal_u2_family_045_r02_s02,train,0.9
2,formal_u2_family_045_r02,train_observed_hypothesis,0,True,u2_family_045,formal_u2_family_045_r02_s03,train,1.0
3,formal_u2_family_045_r03,train_observed_hypothesis,0,True,u2_family_045,formal_u2_family_045_r03_s00,train,0.3333333333333333
1,formal_u2_family_045_r03,train_observed_hypothesis,0,True,u2_family_045,formal_u2_family_045_r03_s01,train,1.0
6,formal_u2_family_045_r03,train_observed_hypothesis,0,True,u2_family_045,formal_u2_family_045_r03_s02,train,1.0
6,formal_u2_family_045_r03,train_observed_hypothesis,0,True,u2_family_045,formal_u2_family_045_r03_s03,train,0.8888888888888888
2,formal_u2_family_045_r03,train_observed_hypothesis,0,True,u2_family_045,formal_u2_family_045_r03_s04,train,1.0
3,formal_u2_family_045_r04,train_observed_hypothesis,0,True,u2_family_045,formal_u2_family_045_r04_s00,train,0.3333333333333333
1,formal_u2_family_045_r04,train_observed_hypothesis,0,True,u2_family_045,formal_u2_family_045_r04_s01,train,1.0
6,formal_u2_family_045_r04,train_observed_hypothesis,0,True,u2_family_045,formal_u2_family_045_r04_s02,train,0.9
2,formal_u2_family_045_r04,train_observed_hypothesis,0,True,u2_family_045,formal_u2_family_045_r04_s03,train,1.0
3,formal_u2_family_045_r05,train_observed_hypothesis,0,True,u2_family_045,formal_u2_family_045_r05_s00,train,0.3333333333333333
1,formal_u2_family_045_r05,train_observed_hypothesis,0,True,u2_family_045,formal_u2_family_045_r05_s01,train,1.0
6,formal_u2_family_045_r05,train_observed_hypothesis,0,True,u2_family_045,formal_u2_family_045_r05_s02,train,0.9
2,formal_u2_family_045_r05,train_observed_hypothesis,0,True,u2_family_045,formal_u2_family_045_r05_s03,train,1.0
3,formal_u2_family_046_r00,train_observed_hypothesis,0,True,u2_family_046,formal_u2_family_046_r00_s00,train,0.3333333333333333
5,formal_u2_family_046_r00,train_observed_hypothesis,0,True,u2_family_046,formal_u2_family_046_r00_s01,train,1.0
5,formal_u2_family_046_r00,train_observed_hypothesis,0,True,u2_family_046,formal_u2_family_046_r00_s02,train,0.5
3,formal_u2_family_046_r01,train_observed_hypothesis,0,True,u2_family_046,formal_u2_family_046_r01_s00,train,0.3333333333333333
5,formal_u2_family_046_r01,train_observed_hypothesis,0,True,u2_family_046,formal_u2_family_046_r01_s01,train,1.0
5,formal_u2_family_046_r01,train_observed_hypothesis,0,True,u2_family_046,formal_u2_family_046_r01_s02,train,0.5
3,formal_u2_family_046_r02,train_observed_hypothesis,0,True,u2_family_046,formal_u2_family_046_r02_s00,train,0.3333333333333333
5,formal_u2_family_046_r02,train_observed_hypothesis,0,True,u2_family_046,formal_u2_family_046_r02_s01,train,1.0
5,formal_u2_family_046_r02,train_observed_hypothesis,0,True,u2_family_046,formal_u2_family_046_r02_s02,train,0.5
3,formal_u2_family_046_r03,train_observed_hypothesis,0,True,u2_family_046,formal_u2_family_046_r03_s00,train,0.3333333333333333
5,formal_u2_family_046_r03,train_observed_hypothesis,0,True,u2_family_046,formal_u2_family_046_r03_s01,train,1.0
5,formal_u2_family_046_r03,train_observed_hypothesis,0,True,u2_family_046,formal_u2_family_046_r03_s02,train,0.5
3,formal_u2_family_046_r04,train_observed_hypothesis,0,True,u2_family_046,formal_u2_family_046_r04_s00,train,0.3333333333333333
5,formal_u2_family_046_r04,train_observed_hypothesis,0,True,u2_family_046,formal_u2_family_046_r04_s01,train,1.0
5,formal_u2_family_046_r04,train_observed_hypothesis,0,True,u2_family_046,formal_u2_family_046_r04_s02,train,0.5
3,formal_u2_family_046_r05,train_observed_hypothesis,0,True,u2_family_046,formal_u2_family_046_r05_s00,train,0.3333333333333333
5,formal_u2_family_046_r05,train_observed_hypothesis,0,True,u2_family_046,formal_u2_family_046_r05_s01,train,1.0
5,formal_u2_family_046_r05,train_observed_hypothesis,0,True,u2_family_046,formal_u2_family_046_r05_s02,train,0.5
10,formal_u2_family_047_r00,train_observed_hypothesis,0,True,u2_family_047,formal_u2_family_047_r00_s00,train,0.0
1,formal_u2_family_047_r00,train_observed_hypothesis,0,True,u2_family_047,formal_u2_family_047_r00_s01,train,1.0
6,formal_u2_family_047_r00,train_observed_hypothesis,0,True,u2_family_047,formal_u2_family_047_r00_s02,train,0.9166666666666666
2,formal_u2_family_047_r00,train_observed_hypothesis,0,True,u2_family_047,formal_u2_family_047_r00_s03,train,1.0
10,formal_u2_family_047_r01,train_observed_hypothesis,0,True,u2_family_047,formal_u2_family_047_r01_s00,train,0.0
1,formal_u2_family_047_r01,train_observed_hypothesis,0,True,u2_family_047,formal_u2_family_047_r01_s01,train,1.0
1,formal_u2_family_047_r01,train_observed_hypothesis,0,True,u2_family_047,formal_u2_family_047_r01_s02,train,1.0
6,formal_u2_family_047_r01,train_observed_hypothesis,0,True,u2_family_047,formal_u2_family_047_r01_s03,train,1.0
6,formal_u2_family_047_r01,train_observed_hypothesis,0,True,u2_family_047,formal_u2_family_047_r01_s04,train,0.8888888888888888
2,formal_u2_family_047_r01,train_observed_hypothesis,0,True,u2_family_047,formal_u2_family_047_r01_s05,train,1.0
10,formal_u2_family_047_r02,train_observed_hypothesis,0,True,u2_family_047,formal_u2_family_047_r02_s00,train,0.0
1,formal_u2_family_047_r02,train_observed_hypothesis,0,True,u2_family_047,formal_u2_family_047_r02_s01,train,1.0
6,formal_u2_family_047_r02,train_observed_hypothesis,0,True,u2_family_047,formal_u2_family_047_r02_s02,train,0.9333333333333333
2,formal_u2_family_047_r02,train_observed_hypothesis,0,True,u2_family_047,formal_u2_family_047_r02_s03,train,1.0
10,formal_u2_family_047_r03,train_observed_hypothesis,0,True,u2_family_047,formal_u2_family_047_r03_s00,train,0.0
1,formal_u2_family_047_r03,train_observed_hypothesis,0,True,u2_family_047,formal_u2_family_047_r03_s01,train,1.0
6,formal_u2_family_047_r03,train_observed_hypothesis,0,True,u2_family_047,formal_u2_family_047_r03_s02,train,1.0
6,formal_u2_family_047_r03,train_observed_hypothesis,0,True,u2_family_047,formal_u2_family_047_r03_s03,train,1.0
6,formal_u2_family_047_r03,train_observed_hypothesis,0,True,u2_family_047,formal_u2_family_047_r03_s04,train,0.9
2,formal_u2_family_047_r03,train_observed_hypothesis,0,True,u2_family_047,formal_u2_family_047_r03_s05,train,1.0
10,formal_u2_family_047_r04,train_observed_hypothesis,0,True,u2_family_047,formal_u2_family_047_r04_s00,train,0.0
1,formal_u2_family_047_r04,train_observed_hypothesis,0,True,u2_family_047,formal_u2_family_047_r04_s01,train,1.0
1,formal_u2_family_047_r04,train_observed_hypothesis,0,True,u2_family_047,formal_u2_family_047_r04_s02,train,1.0
6,formal_u2_family_047_r04,train_observed_hypothesis,0,True,u2_family_047,formal_u2_family_047_r04_s03,train,1.0
6,formal_u2_family_047_r04,train_observed_hypothesis,0,True,u2_family_047,formal_u2_family_047_r04_s04,train,0.9090909090909091
2,formal_u2_family_047_r04,train_observed_hypothesis,0,True,u2_family_047,formal_u2_family_047_r04_s05,train,1.0
10,formal_u2_family_047_r05,train_observed_hypothesis,0,True,u2_family_047,formal_u2_family_047_r05_s00,train,0.0
1,formal_u2_family_047_r05,train_observed_hypothesis,0,True,u2_family_047,formal_u2_family_047_r05_s01,train,1.0
6,formal_u2_family_047_r05,train_observed_hypothesis,0,True,u2_family_047,formal_u2_family_047_r05_s02,train,0.9
2,formal_u2_family_047_r05,train_observed_hypothesis,0,True,u2_family_047,formal_u2_family_047_r05_s03,train,1.0
3,formal_u2_family_048_r00,train_observed_hypothesis,0,True,u2_family_048,formal_u2_family_048_r00_s00,train,0.3333333333333333
5,formal_u2_family_048_r00,train_observed_hypothesis,0,True,u2_family_048,formal_u2_family_048_r00_s01,train,0.75
4,formal_u2_family_048_r00,train_observed_hypothesis,0,True,u2_family_048,formal_u2_family_048_r00_s02,train,0.4
7,formal_u2_family_048_r00,train_observed_hypothesis,0,True,u2_family_048,formal_u2_family_048_r00_s03,train,1.0
9,formal_u2_family_048_r00,train_observed_hypothesis,0,True,u2_family_048,formal_u2_family_048_r00_s04,train,0.8
2,formal_u2_family_048_r00,train_observed_hypothesis,0,True,u2_family_048,formal_u2_family_048_r00_s05,train,1.0
3,formal_u2_family_048_r01,train_observed_hypothesis,0,True,u2_family_048,formal_u2_family_048_r01_s00,train,0.3333333333333333
5,formal_u2_family_048_r01,train_observed_hypothesis,0,True,u2_family_048,formal_u2_family_048_r01_s01,train,0.6666666666666666
4,formal_u2_family_048_r01,train_observed_hypothesis,0,True,u2_family_048,formal_u2_family_048_r01_s02,train,0.3333333333333333
7,formal_u2_family_048_r01,train_observed_hypothesis,0,True,u2_family_048,formal_u2_family_048_r01_s03,train,1.0
9,formal_u2_family_048_r01,train_observed_hypothesis,0,True,u2_family_048,formal_u2_family_048_r01_s04,train,0.8
2,formal_u2_family_048_r01,train_observed_hypothesis,0,True,u2_family_048,formal_u2_family_048_r01_s05,train,1.0
3,formal_u2_family_048_r02,train_observed_hypothesis,0,True,u2_family_048,formal_u2_family_048_r02_s00,train,0.3333333333333333
5,formal_u2_family_048_r02,train_observed_hypothesis,0,True,u2_family_048,formal_u2_family_048_r02_s01,train,0.75
4,formal_u2_family_048_r02,train_observed_hypothesis,0,True,u2_family_048,formal_u2_family_048_r02_s02,train,0.5454545454545454
9,formal_u2_family_048_r02,train_observed_hypothesis,0,True,u2_family_048,formal_u2_family_048_r02_s03,train,1.0
2,formal_u2_family_048_r02,train_observed_hypothesis,0,True,u2_family_048,formal_u2_family_048_r02_s04,train,0.6666666666666666
3,formal_u2_family_048_r03,train_observed_hypothesis,0,True,u2_family_048,formal_u2_family_048_r03_s00,train,0.3333333333333333
5,formal_u2_family_048_r03,train_observed_hypothesis,0,True,u2_family_048,formal_u2_family_048_r03_s01,train,0.75
4,formal_u2_family_048_r03,train_observed_hypothesis,0,True,u2_family_048,formal_u2_family_048_r03_s02,train,0.4
7,formal_u2_family_048_r03,train_observed_hypothesis,0,True,u2_family_048,formal_u2_family_048_r03_s03,train,1.0
9,formal_u2_family_048_r03,train_observed_hypothesis,0,True,u2_family_048,formal_u2_family_048_r03_s04,train,0.8
2,formal_u2_family_048_r03,train_observed_hypothesis,0,True,u2_family_048,formal_u2_family_048_r03_s05,train,1.0
3,formal_u2_family_048_r04,train_observed_hypothesis,0,True,u2_family_048,formal_u2_family_048_r04_s00,train,0.3333333333333333
5,formal_u2_family_048_r04,train_observed_hypothesis,0,True,u2_family_048,formal_u2_family_048_r04_s01,train,0.75
4,formal_u2_family_048_r04,train_observed_hypothesis,0,True,u2_family_048,formal_u2_family_048_r04_s02,train,0.4444444444444444
7,formal_u2_family_048_r04,train_observed_hypothesis,0,True,u2_family_048,formal_u2_family_048_r04_s03,train,1.0
9,formal_u2_family_048_r04,train_observed_hypothesis,0,True,u2_family_048,formal_u2_family_048_r04_s04,train,0.8
2,formal_u2_family_048_r04,train_observed_hypothesis,0,True,u2_family_048,formal_u2_family_048_r04_s05,train,1.0
3,formal_u2_family_048_r05,train_observed_hypothesis,0,True,u2_family_048,formal_u2_family_048_r05_s00,train,0.3333333333333333
5,formal_u2_family_048_r05,train_observed_hypothesis,0,True,u2_family_048,formal_u2_family_048_r05_s01,train,0.75
4,formal_u2_family_048_r05,train_observed_hypothesis,0,True,u2_family_048,formal_u2_family_048_r05_s02,train,0.36363636363636365
7,formal_u2_family_048_r05,train_observed_hypothesis,0,True,u2_family_048,formal_u2_family_048_r05_s03,train,1.0
9,formal_u2_family_048_r05,train_observed_hypothesis,0,True,u2_family_048,formal_u2_family_048_r05_s04,train,0.8
2,formal_u2_family_048_r05,train_observed_hypothesis,0,True,u2_family_048,formal_u2_family_048_r05_s05,train,1.0
3,formal_u2_family_049_r00,train_observed_hypothesis,0,True,u2_family_049,formal_u2_family_049_r00_s00,train,0.3333333333333333
8,formal_u2_family_049_r00,train_observed_hypothesis,1,True,u2_family_049,formal_u2_family_049_r00_s01,train,0.3333333333333333
5,formal_u2_family_049_r00,train_observed_hypothesis,0,True,u2_family_049,formal_u2_family_049_r00_s02,train,0.5
4,formal_u2_family_049_r00,train_observed_hypothesis,0,True,u2_family_049,formal_u2_family_049_r00_s03,train,0.5454545454545454
9,formal_u2_family_049_r00,train_observed_hypothesis,0,True,u2_family_049,formal_u2_family_049_r00_s04,train,1.0
9,formal_u2_family_049_r00,train_observed_hypothesis,0,True,u2_family_049,formal_u2_family_049_r00_s05,train,0.6666666666666666
2,formal_u2_family_049_r00,train_observed_hypothesis,0,True,u2_family_049,formal_u2_family_049_r00_s06,train,1.0
3,formal_u2_family_049_r01,train_observed_hypothesis,0,True,u2_family_049,formal_u2_family_049_r01_s00,train,0.3333333333333333
8,formal_u2_family_049_r01,train_observed_hypothesis,1,True,u2_family_049,formal_u2_family_049_r01_s01,train,0.3333333333333333
4,formal_u2_family_049_r01,train_observed_hypothesis,0,True,u2_family_049,formal_u2_family_049_r01_s02,train,0.38461538461538464
7,formal_u2_family_049_r01,train_observed_hypothesis,0,True,u2_family_049,formal_u2_family_049_r01_s03,train,1.0
9,formal_u2_family_049_r01,train_observed_hypothesis,0,True,u2_family_049,formal_u2_family_049_r01_s04,train,0.8
2,formal_u2_family_049_r01,train_observed_hypothesis,0,True,u2_family_049,formal_u2_family_049_r01_s05,train,1.0
3,formal_u2_family_049_r02,train_observed_hypothesis,0,True,u2_family_049,formal_u2_family_049_r02_s00,train,0.3333333333333333
5,formal_u2_family_049_r02,train_observed_hypothesis,0,True,u2_family_049,formal_u2_family_049_r02_s01,train,0.6666666666666666
4,formal_u2_family_049_r02,train_observed_hypothesis,0,True,u2_family_049,formal_u2_family_049_r02_s02,train,0.36363636363636365
7,formal_u2_family_049_r02,train_observed_hypothesis,0,True,u2_family_049,formal_u2_family_049_r02_s03,train,1.0
9,formal_u2_family_049_r02,train_observed_hypothesis,0,True,u2_family_049,formal_u2_family_049_r02_s04,train,0.8
2,formal_u2_family_049_r02,train_observed_hypothesis,0,True,u2_family_049,formal_u2_family_049_r02_s05,train,1.0
3,formal_u2_family_049_r03,train_observed_hypothesis,0,True,u2_family_049,formal_u2_family_049_r03_s00,train,0.3333333333333333
5,formal_u2_family_049_r03,train_observed_hypothesis,0,True,u2_family_049,formal_u2_family_049_r03_s01,train,0.75
4,formal_u2_family_049_r03,train_observed_hypothesis,0,True,u2_family_049,formal_u2_family_049_r03_s02,train,0.4
7,formal_u2_family_049_r03,train_observed_hypothesis,0,True,u2_family_049,formal_u2_family_049_r03_s03,train,1.0
9,formal_u2_family_049_r03,train_observed_hypothesis,0,True,u2_family_049,formal_u2_family_049_r03_s04,train,0.8
2,formal_u2_family_049_r03,train_observed_hypothesis,0,True,u2_family_049,formal_u2_family_049_r03_s05,train,1.0
3,formal_u2_family_049_r04,train_observed_hypothesis,0,True,u2_family_049,formal_u2_family_049_r04_s00,train,0.3333333333333333
5,formal_u2_family_049_r04,train_observed_hypothesis,0,True,u2_family_049,formal_u2_family_049_r04_s01,train,0.75
4,formal_u2_family_049_r04,train_observed_hypothesis,0,True,u2_family_049,formal_u2_family_049_r04_s02,train,0.2727272727272727
7,formal_u2_family_049_r04,train_observed_hypothesis,0,True,u2_family_049,formal_u2_family_049_r04_s03,train,1.0
9,formal_u2_family_049_r04,train_observed_hypothesis,0,True,u2_family_049,formal_u2_family_049_r04_s04,train,0.8
2,formal_u2_family_049_r04,train_observed_hypothesis,0,True,u2_family_049,formal_u2_family_049_r04_s05,train,1.0
3,formal_u2_family_049_r05,train_observed_hypothesis,0,True,u2_family_049,formal_u2_family_049_r05_s00,train,0.3333333333333333
5,formal_u2_family_049_r05,train_observed_hypothesis,0,True,u2_family_049,formal_u2_family_049_r05_s01,train,0.6666666666666666
4,formal_u2_family_049_r05,train_observed_hypothesis,0,True,u2_family_049,formal_u2_family_049_r05_s02,train,0.36363636363636365
7,formal_u2_family_049_r05,train_observed_hypothesis,0,True,u2_family_049,formal_u2_family_049_r05_s03,train,1.0
9,formal_u2_family_049_r05,train_observed_hypothesis,0,True,u2_family_049,formal_u2_family_049_r05_s04,train,0.8
2,formal_u2_family_049_r05,train_observed_hypothesis,0,True,u2_family_049,formal_u2_family_049_r05_s05,train,1.0
3,formal_u2_family_050_r00,train_observed_hypothesis,0,True,u2_family_050,formal_u2_family_050_r00_s00,train,0.3333333333333333
8,formal_u2_family_050_r00,train_observed_hypothesis,1,True,u2_family_050,formal_u2_family_050_r00_s01,train,0.3333333333333333
5,formal_u2_family_050_r00,train_observed_hypothesis,0,True,u2_family_050,formal_u2_family_050_r00_s02,train,0.6666666666666666
4,formal_u2_family_050_r00,train_observed_hypothesis,0,True,u2_family_050,formal_u2_family_050_r00_s03,train,0.5454545454545454
9,formal_u2_family_050_r00,train_observed_hypothesis,0,True,u2_family_050,formal_u2_family_050_r00_s04,train,1.0
2,formal_u2_family_050_r00,train_observed_hypothesis,0,True,u2_family_050,formal_u2_family_050_r00_s05,train,0.6666666666666666
3,formal_u2_family_050_r01,train_observed_hypothesis,0,True,u2_family_050,formal_u2_family_050_r01_s00,train,0.3333333333333333
8,formal_u2_family_050_r01,train_observed_hypothesis,1,True,u2_family_050,formal_u2_family_050_r01_s01,train,0.3333333333333333
5,formal_u2_family_050_r01,train_observed_hypothesis,0,True,u2_family_050,formal_u2_family_050_r01_s02,train,0.3333333333333333
4,formal_u2_family_050_r01,train_observed_hypothesis,0,True,u2_family_050,formal_u2_family_050_r01_s03,train,0.6363636363636364
9,formal_u2_family_050_r01,train_observed_hypothesis,0,True,u2_family_050,formal_u2_family_050_r01_s04,train,1.0
9,formal_u2_family_050_r01,train_observed_hypothesis,0,True,u2_family_050,formal_u2_family_050_r01_s05,train,0.6666666666666666
2,formal_u2_family_050_r01,train_observed_hypothesis,0,True,u2_family_050,formal_u2_family_050_r01_s06,train,1.0
3,formal_u2_family_050_r02,train_observed_hypothesis,0,True,u2_family_050,formal_u2_family_050_r02_s00,train,0.3333333333333333
8,formal_u2_family_050_r02,train_observed_hypothesis,1,True,u2_family_050,formal_u2_family_050_r02_s01,train,0.3333333333333333
4,formal_u2_family_050_r02,train_observed_hypothesis,0,True,u2_family_050,formal_u2_family_050_r02_s02,train,0.35714285714285715
7,formal_u2_family_050_r02,train_observed_hypothesis,0,True,u2_family_050,formal_u2_family_050_r02_s03,train,1.0
9,formal_u2_family_050_r02,train_observed_hypothesis,0,True,u2_family_050,formal_u2_family_050_r02_s04,train,0.8
2,formal_u2_family_050_r02,train_observed_hypothesis,0,True,u2_family_050,formal_u2_family_050_r02_s05,train,1.0
3,formal_u2_family_050_r03,train_observed_hypothesis,0,True,u2_family_050,formal_u2_family_050_r03_s00,train,0.3333333333333333
8,formal_u2_family_050_r03,train_observed_hypothesis,1,True,u2_family_050,formal_u2_family_050_r03_s01,train,0.3333333333333333
5,formal_u2_family_050_r03,train_observed_hypothesis,0,True,u2_family_050,formal_u2_family_050_r03_s02,train,0.3333333333333333
4,formal_u2_family_050_r03,train_observed_hypothesis,0,True,u2_family_050,formal_u2_family_050_r03_s03,train,0.3333333333333333
7,formal_u2_family_050_r03,train_observed_hypothesis,0,True,u2_family_050,formal_u2_family_050_r03_s04,train,1.0
9,formal_u2_family_050_r03,train_observed_hypothesis,0,True,u2_family_050,formal_u2_family_050_r03_s05,train,0.8333333333333334
2,formal_u2_family_050_r03,train_observed_hypothesis,0,True,u2_family_050,formal_u2_family_050_r03_s06,train,1.0
3,formal_u2_family_050_r04,train_observed_hypothesis,0,True,u2_family_050,formal_u2_family_050_r04_s00,train,0.3333333333333333
8,formal_u2_family_050_r04,train_observed_hypothesis,1,True,u2_family_050,formal_u2_family_050_r04_s01,train,0.3333333333333333
4,formal_u2_family_050_r04,train_observed_hypothesis,0,True,u2_family_050,formal_u2_family_050_r04_s02,train,0.5
9,formal_u2_family_050_r04,train_observed_hypothesis,0,True,u2_family_050,formal_u2_family_050_r04_s03,train,1.0
9,formal_u2_family_050_r04,train_observed_hypothesis,0,True,u2_family_050,formal_u2_family_050_r04_s04,train,0.6666666666666666
2,formal_u2_family_050_r04,train_observed_hypothesis,0,True,u2_family_050,formal_u2_family_050_r04_s05,train,1.0
3,formal_u2_family_050_r05,train_observed_hypothesis,0,True,u2_family_050,formal_u2_family_050_r05_s00,train,0.3333333333333333
8,formal_u2_family_050_r05,train_observed_hypothesis,1,True,u2_family_050,formal_u2_family_050_r05_s01,train,0.3333333333333333
5,formal_u2_family_050_r05,train_observed_hypothesis,0,True,u2_family_050,formal_u2_family_050_r05_s02,train,0.3333333333333333
4,formal_u2_family_050_r05,train_observed_hypothesis,0,True,u2_family_050,formal_u2_family_050_r05_s03,train,0.6363636363636364
9,formal_u2_family_050_r05,train_observed_hypothesis,0,True,u2_family_050,formal_u2_family_050_r05_s04,train,1.0
2,formal_u2_family_050_r05,train_observed_hypothesis,0,True,u2_family_050,formal_u2_family_050_r05_s05,train,0.6666666666666666
3,formal_u2_family_051_r00,train_observed_hypothesis,0,True,u2_family_051,formal_u2_family_051_r00_s00,train,0.3333333333333333
5,formal_u2_family_051_r00,train_observed_hypothesis,0,True,u2_family_051,formal_u2_family_051_r00_s01,train,0.6666666666666666
4,formal_u2_family_051_r00,train_observed_hypothesis,0,True,u2_family_051,formal_u2_family_051_r00_s02,train,0.3333333333333333
7,formal_u2_family_051_r00,train_observed_hypothesis,0,True,u2_family_051,formal_u2_family_051_r00_s03,train,1.0
9,formal_u2_family_051_r00,train_observed_hypothesis,0,True,u2_family_051,formal_u2_family_051_r00_s04,train,1.0
2,formal_u2_family_051_r00,train_observed_hypothesis,0,True,u2_family_051,formal_u2_family_051_r00_s05,train,0.6666666666666666
3,formal_u2_family_051_r01,train_observed_hypothesis,0,True,u2_family_051,formal_u2_family_051_r01_s00,train,0.3333333333333333
5,formal_u2_family_051_r01,train_observed_hypothesis,0,True,u2_family_051,formal_u2_family_051_r01_s01,train,0.8
4,formal_u2_family_051_r01,train_observed_hypothesis,0,True,u2_family_051,formal_u2_family_051_r01_s02,train,0.6
9,formal_u2_family_051_r01,train_observed_hypothesis,0,True,u2_family_051,formal_u2_family_051_r01_s03,train,0.75
2,formal_u2_family_051_r01,train_observed_hypothesis,0,True,u2_family_051,formal_u2_family_051_r01_s04,train,1.0
3,formal_u2_family_051_r02,train_observed_hypothesis,0,True,u2_family_051,formal_u2_family_051_r02_s00,train,0.3333333333333333
5,formal_u2_family_051_r02,train_observed_hypothesis,0,True,u2_family_051,formal_u2_family_051_r02_s01,train,0.75
4,formal_u2_family_051_r02,train_observed_hypothesis,0,True,u2_family_051,formal_u2_family_051_r02_s02,train,0.4
7,formal_u2_family_051_r02,train_observed_hypothesis,0,True,u2_family_051,formal_u2_family_051_r02_s03,train,1.0
9,formal_u2_family_051_r02,train_observed_hypothesis,0,True,u2_family_051,formal_u2_family_051_r02_s04,train,0.875
2,formal_u2_family_051_r02,train_observed_hypothesis,0,True,u2_family_051,formal_u2_family_051_r02_s05,train,1.0
3,formal_u2_family_051_r03,train_observed_hypothesis,0,True,u2_family_051,formal_u2_family_051_r03_s00,train,0.3333333333333333
5,formal_u2_family_051_r03,train_observed_hypothesis,0,True,u2_family_051,formal_u2_family_051_r03_s01,train,0.75
4,formal_u2_family_051_r03,train_observed_hypothesis,0,True,u2_family_051,formal_u2_family_051_r03_s02,train,0.6666666666666666
9,formal_u2_family_051_r03,train_observed_hypothesis,0,True,u2_family_051,formal_u2_family_051_r03_s03,train,0.6666666666666666
2,formal_u2_family_051_r03,train_observed_hypothesis,0,True,u2_family_051,formal_u2_family_051_r03_s04,train,1.0
3,formal_u2_family_051_r04,train_observed_hypothesis,0,True,u2_family_051,formal_u2_family_051_r04_s00,train,0.3333333333333333
5,formal_u2_family_051_r04,train_observed_hypothesis,0,True,u2_family_051,formal_u2_family_051_r04_s01,train,0.75
4,formal_u2_family_051_r04,train_observed_hypothesis,0,True,u2_family_051,formal_u2_family_051_r04_s02,train,0.2727272727272727
7,formal_u2_family_051_r04,train_observed_hypothesis,0,True,u2_family_051,formal_u2_family_051_r04_s03,train,1.0
9,formal_u2_family_051_r04,train_observed_hypothesis,0,True,u2_family_051,formal_u2_family_051_r04_s04,train,0.8
2,formal_u2_family_051_r04,train_observed_hypothesis,0,True,u2_family_051,formal_u2_family_051_r04_s05,train,1.0
3,formal_u2_family_051_r05,train_observed_hypothesis,0,True,u2_family_051,formal_u2_family_051_r05_s00,train,0.3333333333333333
5,formal_u2_family_051_r05,train_observed_hypothesis,0,True,u2_family_051,formal_u2_family_051_r05_s01,train,0.6666666666666666
4,formal_u2_family_051_r05,train_observed_hypothesis,0,True,u2_family_051,formal_u2_family_051_r05_s02,train,0.4
7,formal_u2_family_051_r05,train_observed_hypothesis,0,True,u2_family_051,formal_u2_family_051_r05_s03,train,1.0
9,formal_u2_family_051_r05,train_observed_hypothesis,0,True,u2_family_051,formal_u2_family_051_r05_s04,train,0.8
2,formal_u2_family_051_r05,train_observed_hypothesis,0,True,u2_family_051,formal_u2_family_051_r05_s05,train,1.0
3,formal_u2_family_052_r00,train_observed_hypothesis,0,True,u2_family_052,formal_u2_family_052_r00_s00,train,0.3333333333333333
5,formal_u2_family_052_r00,train_observed_hypothesis,0,True,u2_family_052,formal_u2_family_052_r00_s01,train,0.75
3,formal_u2_family_052_r01,train_observed_hypothesis,0,True,u2_family_052,formal_u2_family_052_r01_s00,train,0.3333333333333333
5,formal_u2_family_052_r01,train_observed_hypothesis,0,True,u2_family_052,formal_u2_family_052_r01_s01,train,0.75
3,formal_u2_family_052_r02,train_observed_hypothesis,0,True,u2_family_052,formal_u2_family_052_r02_s00,train,0.3333333333333333
5,formal_u2_family_052_r02,train_observed_hypothesis,0,True,u2_family_052,formal_u2_family_052_r02_s01,train,0.75
3,formal_u2_family_052_r03,train_observed_hypothesis,0,True,u2_family_052,formal_u2_family_052_r03_s00,train,0.3333333333333333
5,formal_u2_family_052_r03,train_observed_hypothesis,0,True,u2_family_052,formal_u2_family_052_r03_s01,train,0.6666666666666666
3,formal_u2_family_052_r04,train_observed_hypothesis,0,True,u2_family_052,formal_u2_family_052_r04_s00,train,0.3333333333333333
5,formal_u2_family_052_r04,train_observed_hypothesis,0,True,u2_family_052,formal_u2_family_052_r04_s01,train,0.6666666666666666
3,formal_u2_family_052_r05,train_observed_hypothesis,0,True,u2_family_052,formal_u2_family_052_r05_s00,train,0.3333333333333333
5,formal_u2_family_052_r05,train_observed_hypothesis,0,True,u2_family_052,formal_u2_family_052_r05_s01,train,0.75
10,formal_u2_family_053_r00,train_observed_hypothesis,0,True,u2_family_053,formal_u2_family_053_r00_s00,train,0.0
5,formal_u2_family_053_r00,train_observed_hypothesis,0,True,u2_family_053,formal_u2_family_053_r00_s01,train,1.0
4,formal_u2_family_053_r00,train_observed_hypothesis,0,True,u2_family_053,formal_u2_family_053_r00_s02,train,0.38461538461538464
7,formal_u2_family_053_r00,train_observed_hypothesis,0,True,u2_family_053,formal_u2_family_053_r00_s03,train,1.0
9,formal_u2_family_053_r00,train_observed_hypothesis,0,True,u2_family_053,formal_u2_family_053_r00_s04,train,0.6666666666666666
2,formal_u2_family_053_r00,train_observed_hypothesis,0,True,u2_family_053,formal_u2_family_053_r00_s05,train,1.0
10,formal_u2_family_053_r01,train_observed_hypothesis,0,True,u2_family_053,formal_u2_family_053_r01_s00,train,0.0
5,formal_u2_family_053_r01,train_observed_hypothesis,0,True,u2_family_053,formal_u2_family_053_r01_s01,train,1.0
4,formal_u2_family_053_r01,train_observed_hypothesis,0,True,u2_family_053,formal_u2_family_053_r01_s02,train,0.45454545454545453
7,formal_u2_family_053_r01,train_observed_hypothesis,0,True,u2_family_053,formal_u2_family_053_r01_s03,train,1.0
9,formal_u2_family_053_r01,train_observed_hypothesis,0,True,u2_family_053,formal_u2_family_053_r01_s04,train,0.8
2,formal_u2_family_053_r01,train_observed_hypothesis,0,True,u2_family_053,formal_u2_family_053_r01_s05,train,1.0
10,formal_u2_family_053_r02,train_observed_hypothesis,0,True,u2_family_053,formal_u2_family_053_r02_s00,train,0.0
5,formal_u2_family_053_r02,train_observed_hypothesis,0,True,u2_family_053,formal_u2_family_053_r02_s01,train,1.0
4,formal_u2_family_053_r02,train_observed_hypothesis,0,True,u2_family_053,formal_u2_family_053_r02_s02,train,0.38461538461538464
7,formal_u2_family_053_r02,train_observed_hypothesis,0,True,u2_family_053,formal_u2_family_053_r02_s03,train,1.0
9,formal_u2_family_053_r02,train_observed_hypothesis,0,True,u2_family_053,formal_u2_family_053_r02_s04,train,1.0
2,formal_u2_family_053_r02,train_observed_hypothesis,0,True,u2_family_053,formal_u2_family_053_r02_s05,train,0.6666666666666666
10,formal_u2_family_053_r03,train_observed_hypothesis,0,True,u2_family_053,formal_u2_family_053_r03_s00,train,0.0
5,formal_u2_family_053_r03,train_observed_hypothesis,0,True,u2_family_053,formal_u2_family_053_r03_s01,train,1.0
5,formal_u2_family_053_r03,train_observed_hypothesis,0,True,u2_family_053,formal_u2_family_053_r03_s02,train,0.6666666666666666
4,formal_u2_family_053_r03,train_observed_hypothesis,0,True,u2_family_053,formal_u2_family_053_r03_s03,train,0.3
7,formal_u2_family_053_r03,train_observed_hypothesis,0,True,u2_family_053,formal_u2_family_053_r03_s04,train,1.0
9,formal_u2_family_053_r03,train_observed_hypothesis,0,True,u2_family_053,formal_u2_family_053_r03_s05,train,0.8
2,formal_u2_family_053_r03,train_observed_hypothesis,0,True,u2_family_053,formal_u2_family_053_r03_s06,train,1.0
10,formal_u2_family_053_r04,train_observed_hypothesis,0,True,u2_family_053,formal_u2_family_053_r04_s00,train,0.0
5,formal_u2_family_053_r04,train_observed_hypothesis,0,True,u2_family_053,formal_u2_family_053_r04_s01,train,0.75
4,formal_u2_family_053_r04,train_observed_hypothesis,0,True,u2_family_053,formal_u2_family_053_r04_s02,train,0.3333333333333333
7,formal_u2_family_053_r04,train_observed_hypothesis,0,True,u2_family_053,formal_u2_family_053_r04_s03,train,1.0
9,formal_u2_family_053_r04,train_observed_hypothesis,0,True,u2_family_053,formal_u2_family_053_r04_s04,train,0.8333333333333334
2,formal_u2_family_053_r04,train_observed_hypothesis,0,True,u2_family_053,formal_u2_family_053_r04_s05,train,1.0
10,formal_u2_family_053_r05,train_observed_hypothesis,0,True,u2_family_053,formal_u2_family_053_r05_s00,train,0.0
5,formal_u2_family_053_r05,train_observed_hypothesis,0,True,u2_family_053,formal_u2_family_053_r05_s01,train,1.0
5,formal_u2_family_053_r05,train_observed_hypothesis,0,True,u2_family_053,formal_u2_family_053_r05_s02,train,0.6666666666666666
4,formal_u2_family_053_r05,train_observed_hypothesis,0,True,u2_family_053,formal_u2_family_053_r05_s03,train,0.4
7,formal_u2_family_053_r05,train_observed_hypothesis,0,True,u2_family_053,formal_u2_family_053_r05_s04,train,1.0
9,formal_u2_family_053_r05,train_observed_hypothesis,0,True,u2_family_053,formal_u2_family_053_r05_s05,train,1.0
2,formal_u2_family_053_r05,train_observed_hypothesis,0,True,u2_family_053,formal_u2_family_053_r05_s06,train,0.6666666666666666
3,formal_u2_family_054_r00,train_observed_hypothesis,0,True,u2_family_054,formal_u2_family_054_r00_s00,train,0.3333333333333333
1,formal_u2_family_054_r00,train_observed_hypothesis,0,True,u2_family_054,formal_u2_family_054_r00_s01,train,1.0
6,formal_u2_family_054_r00,train_observed_hypothesis,0,True,u2_family_054,formal_u2_family_054_r00_s02,train,0.9
2,formal_u2_family_054_r00,train_observed_hypothesis,0,True,u2_family_054,formal_u2_family_054_r00_s03,train,1.0
3,formal_u2_family_054_r01,train_observed_hypothesis,0,True,u2_family_054,formal_u2_family_054_r01_s00,train,0.3333333333333333
1,formal_u2_family_054_r01,train_observed_hypothesis,0,True,u2_family_054,formal_u2_family_054_r01_s01,train,1.0
6,formal_u2_family_054_r01,train_observed_hypothesis,0,True,u2_family_054,formal_u2_family_054_r01_s02,train,0.9090909090909091
2,formal_u2_family_054_r01,train_observed_hypothesis,0,True,u2_family_054,formal_u2_family_054_r01_s03,train,1.0
3,formal_u2_family_054_r02,train_observed_hypothesis,0,True,u2_family_054,formal_u2_family_054_r02_s00,train,0.3333333333333333
1,formal_u2_family_054_r02,train_observed_hypothesis,0,True,u2_family_054,formal_u2_family_054_r02_s01,train,1.0
6,formal_u2_family_054_r02,train_observed_hypothesis,0,True,u2_family_054,formal_u2_family_054_r02_s02,train,0.9090909090909091
2,formal_u2_family_054_r02,train_observed_hypothesis,0,True,u2_family_054,formal_u2_family_054_r02_s03,train,1.0
3,formal_u2_family_054_r03,train_observed_hypothesis,0,True,u2_family_054,formal_u2_family_054_r03_s00,train,0.3333333333333333
1,formal_u2_family_054_r03,train_observed_hypothesis,0,True,u2_family_054,formal_u2_family_054_r03_s01,train,1.0
6,formal_u2_family_054_r03,train_observed_hypothesis,0,True,u2_family_054,formal_u2_family_054_r03_s02,train,0.9166666666666666
2,formal_u2_family_054_r03,train_observed_hypothesis,0,True,u2_family_054,formal_u2_family_054_r03_s03,train,1.0
3,formal_u2_family_054_r04,train_observed_hypothesis,0,True,u2_family_054,formal_u2_family_054_r04_s00,train,0.3333333333333333
1,formal_u2_family_054_r04,train_observed_hypothesis,0,True,u2_family_054,formal_u2_family_054_r04_s01,train,1.0
6,formal_u2_family_054_r04,train_observed_hypothesis,0,True,u2_family_054,formal_u2_family_054_r04_s02,train,0.9090909090909091
2,formal_u2_family_054_r04,train_observed_hypothesis,0,True,u2_family_054,formal_u2_family_054_r04_s03,train,1.0
3,formal_u2_family_054_r05,train_observed_hypothesis,0,True,u2_family_054,formal_u2_family_054_r05_s00,train,0.3333333333333333
1,formal_u2_family_054_r05,train_observed_hypothesis,0,True,u2_family_054,formal_u2_family_054_r05_s01,train,1.0
6,formal_u2_family_054_r05,train_observed_hypothesis,0,True,u2_family_054,formal_u2_family_054_r05_s02,train,1.0
6,formal_u2_family_054_r05,train_observed_hypothesis,0,True,u2_family_054,formal_u2_family_054_r05_s03,train,0.875
2,formal_u2_family_054_r05,train_observed_hypothesis,0,True,u2_family_054,formal_u2_family_054_r05_s04,train,1.0
3,formal_u2_family_055_r00,train_observed_hypothesis,0,True,u2_family_055,formal_u2_family_055_r00_s00,train,0.3333333333333333
8,formal_u2_family_055_r00,train_observed_hypothesis,1,True,u2_family_055,formal_u2_family_055_r00_s01,train,0.3333333333333333
1,formal_u2_family_055_r00,train_observed_hypothesis,0,True,u2_family_055,formal_u2_family_055_r00_s02,train,0.6666666666666666
1,formal_u2_family_055_r00,train_observed_hypothesis,0,True,u2_family_055,formal_u2_family_055_r00_s03,train,1.0
6,formal_u2_family_055_r00,train_observed_hypothesis,0,True,u2_family_055,formal_u2_family_055_r00_s04,train,1.0
6,formal_u2_family_055_r00,train_observed_hypothesis,0,True,u2_family_055,formal_u2_family_055_r00_s05,train,0.875
2,formal_u2_family_055_r00,train_observed_hypothesis,0,True,u2_family_055,formal_u2_family_055_r00_s06,train,1.0
3,formal_u2_family_055_r01,train_observed_hypothesis,0,True,u2_family_055,formal_u2_family_055_r01_s00,train,0.6666666666666666
8,formal_u2_family_055_r01,train_observed_hypothesis,1,True,u2_family_055,formal_u2_family_055_r01_s01,train,0.3333333333333333
1,formal_u2_family_055_r01,train_observed_hypothesis,0,True,u2_family_055,formal_u2_family_055_r01_s02,train,0.8571428571428571
6,formal_u2_family_055_r01,train_observed_hypothesis,0,True,u2_family_055,formal_u2_family_055_r01_s03,train,1.0
2,formal_u2_family_055_r01,train_observed_hypothesis,0,True,u2_family_055,formal_u2_family_055_r01_s04,train,0.6666666666666666
3,formal_u2_family_055_r02,train_observed_hypothesis,0,True,u2_family_055,formal_u2_family_055_r02_s00,train,0.3333333333333333
1,formal_u2_family_055_r02,train_observed_hypothesis,0,True,u2_family_055,formal_u2_family_055_r02_s01,train,1.0
1,formal_u2_family_055_r02,train_observed_hypothesis,0,True,u2_family_055,formal_u2_family_055_r02_s02,train,1.0
6,formal_u2_family_055_r02,train_observed_hypothesis,0,True,u2_family_055,formal_u2_family_055_r02_s03,train,1.0
6,formal_u2_family_055_r02,train_observed_hypothesis,0,True,u2_family_055,formal_u2_family_055_r02_s04,train,0.8888888888888888
2,formal_u2_family_055_r02,train_observed_hypothesis,0,True,u2_family_055,formal_u2_family_055_r02_s05,train,1.0
3,formal_u2_family_055_r03,train_observed_hypothesis,0,True,u2_family_055,formal_u2_family_055_r03_s00,train,0.3333333333333333
1,formal_u2_family_055_r03,train_observed_hypothesis,0,True,u2_family_055,formal_u2_family_055_r03_s01,train,1.0
6,formal_u2_family_055_r03,train_observed_hypothesis,0,True,u2_family_055,formal_u2_family_055_r03_s02,train,0.9166666666666666
2,formal_u2_family_055_r03,train_observed_hypothesis,0,True,u2_family_055,formal_u2_family_055_r03_s03,train,1.0
3,formal_u2_family_055_r04,train_observed_hypothesis,0,True,u2_family_055,formal_u2_family_055_r04_s00,train,0.3333333333333333
8,formal_u2_family_055_r04,train_observed_hypothesis,1,True,u2_family_055,formal_u2_family_055_r04_s01,train,0.3333333333333333
6,formal_u2_family_055_r04,train_observed_hypothesis,0,True,u2_family_055,formal_u2_family_055_r04_s02,train,0.9
2,formal_u2_family_055_r04,train_observed_hypothesis,0,True,u2_family_055,formal_u2_family_055_r04_s03,train,1.0
3,formal_u2_family_055_r05,train_observed_hypothesis,0,True,u2_family_055,formal_u2_family_055_r05_s00,train,0.3333333333333333
1,formal_u2_family_055_r05,train_observed_hypothesis,0,True,u2_family_055,formal_u2_family_055_r05_s01,train,1.0
6,formal_u2_family_055_r05,train_observed_hypothesis,0,True,u2_family_055,formal_u2_family_055_r05_s02,train,1.0
6,formal_u2_family_055_r05,train_observed_hypothesis,0,True,u2_family_055,formal_u2_family_055_r05_s03,train,0.8571428571428571
2,formal_u2_family_055_r05,train_observed_hypothesis,0,True,u2_family_055,formal_u2_family_055_r05_s04,train,1.0
3,formal_u2_family_056_r00,train_observed_hypothesis,0,True,u2_family_056,formal_u2_family_056_r00_s00,train,0.3333333333333333
8,formal_u2_family_056_r00,train_observed_hypothesis,0,True,u2_family_056,formal_u2_family_056_r00_s01,train,0.0
1,formal_u2_family_056_r00,train_observed_hypothesis,0,True,u2_family_056,formal_u2_family_056_r00_s02,train,1.0
6,formal_u2_family_056_r00,train_observed_hypothesis,0,True,u2_family_056,formal_u2_family_056_r00_s03,train,0.8571428571428571
2,formal_u2_family_056_r00,train_observed_hypothesis,0,True,u2_family_056,formal_u2_family_056_r00_s04,train,1.0
3,formal_u2_family_056_r01,train_observed_hypothesis,0,True,u2_family_056,formal_u2_family_056_r01_s00,train,0.3333333333333333
8,formal_u2_family_056_r01,train_observed_hypothesis,0,True,u2_family_056,formal_u2_family_056_r01_s01,train,0.0
1,formal_u2_family_056_r01,train_observed_hypothesis,0,True,u2_family_056,formal_u2_family_056_r01_s02,train,1.0
6,formal_u2_family_056_r01,train_observed_hypothesis,0,True,u2_family_056,formal_u2_family_056_r01_s03,train,0.9090909090909091
2,formal_u2_family_056_r01,train_observed_hypothesis,0,True,u2_family_056,formal_u2_family_056_r01_s04,train,1.0
3,formal_u2_family_056_r02,train_observed_hypothesis,0,True,u2_family_056,formal_u2_family_056_r02_s00,train,0.3333333333333333
8,formal_u2_family_056_r02,train_observed_hypothesis,0,True,u2_family_056,formal_u2_family_056_r02_s01,train,0.0
1,formal_u2_family_056_r02,train_observed_hypothesis,0,True,u2_family_056,formal_u2_family_056_r02_s02,train,1.0
6,formal_u2_family_056_r02,train_observed_hypothesis,0,True,u2_family_056,formal_u2_family_056_r02_s03,train,1.0
6,formal_u2_family_056_r02,train_observed_hypothesis,0,True,u2_family_056,formal_u2_family_056_r02_s04,train,0.875
2,formal_u2_family_056_r02,train_observed_hypothesis,0,True,u2_family_056,formal_u2_family_056_r02_s05,train,1.0
3,formal_u2_family_056_r03,train_observed_hypothesis,0,True,u2_family_056,formal_u2_family_056_r03_s00,train,0.3333333333333333
8,formal_u2_family_056_r03,train_observed_hypothesis,0,True,u2_family_056,formal_u2_family_056_r03_s01,train,0.0
1,formal_u2_family_056_r03,train_observed_hypothesis,0,True,u2_family_056,formal_u2_family_056_r03_s02,train,1.0
6,formal_u2_family_056_r03,train_observed_hypothesis,0,True,u2_family_056,formal_u2_family_056_r03_s03,train,0.8888888888888888
2,formal_u2_family_056_r03,train_observed_hypothesis,0,True,u2_family_056,formal_u2_family_056_r03_s04,train,1.0
3,formal_u2_family_056_r04,train_observed_hypothesis,0,True,u2_family_056,formal_u2_family_056_r04_s00,train,0.3333333333333333
8,formal_u2_family_056_r04,train_observed_hypothesis,0,True,u2_family_056,formal_u2_family_056_r04_s01,train,0.0
1,formal_u2_family_056_r04,train_observed_hypothesis,0,True,u2_family_056,formal_u2_family_056_r04_s02,train,1.0
1,formal_u2_family_056_r04,train_observed_hypothesis,0,True,u2_family_056,formal_u2_family_056_r04_s03,train,1.0
6,formal_u2_family_056_r04,train_observed_hypothesis,0,True,u2_family_056,formal_u2_family_056_r04_s04,train,0.9090909090909091
2,formal_u2_family_056_r04,train_observed_hypothesis,0,True,u2_family_056,formal_u2_family_056_r04_s05,train,1.0
3,formal_u2_family_056_r05,train_observed_hypothesis,0,True,u2_family_056,formal_u2_family_056_r05_s00,train,0.3333333333333333
8,formal_u2_family_056_r05,train_observed_hypothesis,0,True,u2_family_056,formal_u2_family_056_r05_s01,train,0.0
1,formal_u2_family_056_r05,train_observed_hypothesis,0,True,u2_family_056,formal_u2_family_056_r05_s02,train,1.0
6,formal_u2_family_056_r05,train_observed_hypothesis,0,True,u2_family_056,formal_u2_family_056_r05_s03,train,0.9090909090909091
2,formal_u2_family_056_r05,train_observed_hypothesis,0,True,u2_family_056,formal_u2_family_056_r05_s04,train,1.0
3,formal_u2_family_057_r00,train_observed_hypothesis,0,True,u2_family_057,formal_u2_family_057_r00_s00,train,0.3333333333333333
1,formal_u2_family_057_r00,train_observed_hypothesis,0,True,u2_family_057,formal_u2_family_057_r00_s01,train,1.0
6,formal_u2_family_057_r00,train_observed_hypothesis,0,True,u2_family_057,formal_u2_family_057_r00_s02,train,0.9166666666666666
2,formal_u2_family_057_r00,train_observed_hypothesis,0,True,u2_family_057,formal_u2_family_057_r00_s03,train,1.0
3,formal_u2_family_057_r01,train_observed_hypothesis,0,True,u2_family_057,formal_u2_family_057_r01_s00,train,0.3333333333333333
1,formal_u2_family_057_r01,train_observed_hypothesis,0,True,u2_family_057,formal_u2_family_057_r01_s01,train,1.0
6,formal_u2_family_057_r01,train_observed_hypothesis,0,True,u2_family_057,formal_u2_family_057_r01_s02,train,0.8888888888888888
2,formal_u2_family_057_r01,train_observed_hypothesis,0,True,u2_family_057,formal_u2_family_057_r01_s03,train,1.0
3,formal_u2_family_057_r02,train_observed_hypothesis,0,True,u2_family_057,formal_u2_family_057_r02_s00,train,0.3333333333333333
1,formal_u2_family_057_r02,train_observed_hypothesis,0,True,u2_family_057,formal_u2_family_057_r02_s01,train,1.0
6,formal_u2_family_057_r02,train_observed_hypothesis,0,True,u2_family_057,formal_u2_family_057_r02_s02,train,0.9166666666666666
2,formal_u2_family_057_r02,train_observed_hypothesis,0,True,u2_family_057,formal_u2_family_057_r02_s03,train,1.0
3,formal_u2_family_057_r03,train_observed_hypothesis,0,True,u2_family_057,formal_u2_family_057_r03_s00,train,0.3333333333333333
1,formal_u2_family_057_r03,train_observed_hypothesis,0,True,u2_family_057,formal_u2_family_057_r03_s01,train,1.0
6,formal_u2_family_057_r03,train_observed_hypothesis,0,True,u2_family_057,formal_u2_family_057_r03_s02,train,0.8888888888888888
2,formal_u2_family_057_r03,train_observed_hypothesis,0,True,u2_family_057,formal_u2_family_057_r03_s03,train,1.0
3,formal_u2_family_057_r04,train_observed_hypothesis,0,True,u2_family_057,formal_u2_family_057_r04_s00,train,0.3333333333333333
1,formal_u2_family_057_r04,train_observed_hypothesis,0,True,u2_family_057,formal_u2_family_057_r04_s01,train,1.0
6,formal_u2_family_057_r04,train_observed_hypothesis,0,True,u2_family_057,formal_u2_family_057_r04_s02,train,0.9230769230769231
2,formal_u2_family_057_r04,train_observed_hypothesis,0,True,u2_family_057,formal_u2_family_057_r04_s03,train,1.0
3,formal_u2_family_057_r05,train_observed_hypothesis,0,True,u2_family_057,formal_u2_family_057_r05_s00,train,0.3333333333333333
1,formal_u2_family_057_r05,train_observed_hypothesis,0,True,u2_family_057,formal_u2_family_057_r05_s01,train,1.0
6,formal_u2_family_057_r05,train_observed_hypothesis,0,True,u2_family_057,formal_u2_family_057_r05_s02,train,0.9230769230769231
2,formal_u2_family_057_r05,train_observed_hypothesis,0,True,u2_family_057,formal_u2_family_057_r05_s03,train,1.0
3,formal_u2_family_058_r00,train_observed_hypothesis,0,True,u2_family_058,formal_u2_family_058_r00_s00,train,0.3333333333333333
5,formal_u2_family_058_r00,train_observed_hypothesis,0,True,u2_family_058,formal_u2_family_058_r00_s01,train,1.0
5,formal_u2_family_058_r00,train_observed_hypothesis,0,True,u2_family_058,formal_u2_family_058_r00_s02,train,0.5
3,formal_u2_family_058_r01,train_observed_hypothesis,0,True,u2_family_058,formal_u2_family_058_r01_s00,train,0.3333333333333333
5,formal_u2_family_058_r01,train_observed_hypothesis,0,True,u2_family_058,formal_u2_family_058_r01_s01,train,1.0
5,formal_u2_family_058_r01,train_observed_hypothesis,0,True,u2_family_058,formal_u2_family_058_r01_s02,train,0.5
3,formal_u2_family_058_r02,train_observed_hypothesis,0,True,u2_family_058,formal_u2_family_058_r02_s00,train,0.3333333333333333
5,formal_u2_family_058_r02,train_observed_hypothesis,0,True,u2_family_058,formal_u2_family_058_r02_s01,train,1.0
5,formal_u2_family_058_r02,train_observed_hypothesis,0,True,u2_family_058,formal_u2_family_058_r02_s02,train,0.5
3,formal_u2_family_058_r03,train_observed_hypothesis,0,True,u2_family_058,formal_u2_family_058_r03_s00,train,0.3333333333333333
5,formal_u2_family_058_r03,train_observed_hypothesis,0,True,u2_family_058,formal_u2_family_058_r03_s01,train,1.0
5,formal_u2_family_058_r03,train_observed_hypothesis,0,True,u2_family_058,formal_u2_family_058_r03_s02,train,0.0
3,formal_u2_family_058_r04,train_observed_hypothesis,0,True,u2_family_058,formal_u2_family_058_r04_s00,train,0.3333333333333333
5,formal_u2_family_058_r04,train_observed_hypothesis,0,True,u2_family_058,formal_u2_family_058_r04_s01,train,1.0
5,formal_u2_family_058_r04,train_observed_hypothesis,0,True,u2_family_058,formal_u2_family_058_r04_s02,train,0.5
3,formal_u2_family_058_r05,train_observed_hypothesis,0,True,u2_family_058,formal_u2_family_058_r05_s00,train,0.3333333333333333
5,formal_u2_family_058_r05,train_observed_hypothesis,0,True,u2_family_058,formal_u2_family_058_r05_s01,train,1.0
5,formal_u2_family_058_r05,train_observed_hypothesis,0,True,u2_family_058,formal_u2_family_058_r05_s02,train,0.6666666666666666
10,formal_u2_family_059_r00,train_observed_hypothesis,0,True,u2_family_059,formal_u2_family_059_r00_s00,train,0.0
5,formal_u2_family_059_r00,train_observed_hypothesis,0,True,u2_family_059,formal_u2_family_059_r00_s01,train,1.0
1,formal_u2_family_059_r00,train_observed_hypothesis,0,True,u2_family_059,formal_u2_family_059_r00_s02,train,1.0
6,formal_u2_family_059_r00,train_observed_hypothesis,0,True,u2_family_059,formal_u2_family_059_r00_s03,train,1.0
6,formal_u2_family_059_r00,train_observed_hypothesis,0,True,u2_family_059,formal_u2_family_059_r00_s04,train,0.8888888888888888
2,formal_u2_family_059_r00,train_observed_hypothesis,0,True,u2_family_059,formal_u2_family_059_r00_s05,train,1.0
10,formal_u2_family_059_r01,train_observed_hypothesis,0,True,u2_family_059,formal_u2_family_059_r01_s00,train,0.0
1,formal_u2_family_059_r01,train_observed_hypothesis,0,True,u2_family_059,formal_u2_family_059_r01_s01,train,1.0
1,formal_u2_family_059_r01,train_observed_hypothesis,0,True,u2_family_059,formal_u2_family_059_r01_s02,train,1.0
6,formal_u2_family_059_r01,train_observed_hypothesis,0,True,u2_family_059,formal_u2_family_059_r01_s03,train,1.0
6,formal_u2_family_059_r01,train_observed_hypothesis,0,True,u2_family_059,formal_u2_family_059_r01_s04,train,0.8888888888888888
2,formal_u2_family_059_r01,train_observed_hypothesis,0,True,u2_family_059,formal_u2_family_059_r01_s05,train,1.0
10,formal_u2_family_059_r02,train_observed_hypothesis,0,True,u2_family_059,formal_u2_family_059_r02_s00,train,0.0
1,formal_u2_family_059_r02,train_observed_hypothesis,0,True,u2_family_059,formal_u2_family_059_r02_s01,train,1.0
1,formal_u2_family_059_r02,train_observed_hypothesis,0,True,u2_family_059,formal_u2_family_059_r02_s02,train,1.0
1,formal_u2_family_059_r02,train_observed_hypothesis,0,True,u2_family_059,formal_u2_family_059_r02_s03,train,1.0
6,formal_u2_family_059_r02,train_observed_hypothesis,0,True,u2_family_059,formal_u2_family_059_r02_s04,train,0.9
2,formal_u2_family_059_r02,train_observed_hypothesis,0,True,u2_family_059,formal_u2_family_059_r02_s05,train,1.0
10,formal_u2_family_059_r03,train_observed_hypothesis,0,True,u2_family_059,formal_u2_family_059_r03_s00,train,0.0
1,formal_u2_family_059_r03,train_observed_hypothesis,0,True,u2_family_059,formal_u2_family_059_r03_s01,train,1.0
1,formal_u2_family_059_r03,train_observed_hypothesis,0,True,u2_family_059,formal_u2_family_059_r03_s02,train,1.0
6,formal_u2_family_059_r03,train_observed_hypothesis,0,True,u2_family_059,formal_u2_family_059_r03_s03,train,1.0
6,formal_u2_family_059_r03,train_observed_hypothesis,0,True,u2_family_059,formal_u2_family_059_r03_s04,train,0.8888888888888888
2,formal_u2_family_059_r03,train_observed_hypothesis,0,True,u2_family_059,formal_u2_family_059_r03_s05,train,1.0
10,formal_u2_family_059_r04,train_observed_hypothesis,0,True,u2_family_059,formal_u2_family_059_r04_s00,train,0.0
1,formal_u2_family_059_r04,train_observed_hypothesis,0,True,u2_family_059,formal_u2_family_059_r04_s01,train,1.0
6,formal_u2_family_059_r04,train_observed_hypothesis,0,True,u2_family_059,formal_u2_family_059_r04_s02,train,0.8571428571428571
2,formal_u2_family_059_r04,train_observed_hypothesis,0,True,u2_family_059,formal_u2_family_059_r04_s03,train,1.0
10,formal_u2_family_059_r05,train_observed_hypothesis,0,True,u2_family_059,formal_u2_family_059_r05_s00,train,0.0
1,formal_u2_family_059_r05,train_observed_hypothesis,0,True,u2_family_059,formal_u2_family_059_r05_s01,train,1.0
6,formal_u2_family_059_r05,train_observed_hypothesis,0,True,u2_family_059,formal_u2_family_059_r05_s02,train,0.8888888888888888
2,formal_u2_family_059_r05,train_observed_hypothesis,0,True,u2_family_059,formal_u2_family_059_r05_s03,train,1.0
3,formal_u2_family_060_r00,train_observed_hypothesis,0,True,u2_family_060,formal_u2_family_060_r00_s00,train,0.3333333333333333
5,formal_u2_family_060_r00,train_observed_hypothesis,0,True,u2_family_060,formal_u2_family_060_r00_s01,train,0.75
4,formal_u2_family_060_r00,train_observed_hypothesis,0,True,u2_family_060,formal_u2_family_060_r00_s02,train,0.4
7,formal_u2_family_060_r00,train_observed_hypothesis,0,True,u2_family_060,formal_u2_family_060_r00_s03,train,1.0
9,formal_u2_family_060_r00,train_observed_hypothesis,0,True,u2_family_060,formal_u2_family_060_r00_s04,train,0.6666666666666666
2,formal_u2_family_060_r00,train_observed_hypothesis,0,True,u2_family_060,formal_u2_family_060_r00_s05,train,1.0
3,formal_u2_family_060_r01,train_observed_hypothesis,0,True,u2_family_060,formal_u2_family_060_r01_s00,train,0.3333333333333333
5,formal_u2_family_060_r01,train_observed_hypothesis,0,True,u2_family_060,formal_u2_family_060_r01_s01,train,0.6666666666666666
4,formal_u2_family_060_r01,train_observed_hypothesis,0,True,u2_family_060,formal_u2_family_060_r01_s02,train,0.4
7,formal_u2_family_060_r01,train_observed_hypothesis,0,True,u2_family_060,formal_u2_family_060_r01_s03,train,1.0
9,formal_u2_family_060_r01,train_observed_hypothesis,0,True,u2_family_060,formal_u2_family_060_r01_s04,train,0.8
2,formal_u2_family_060_r01,train_observed_hypothesis,0,True,u2_family_060,formal_u2_family_060_r01_s05,train,1.0
3,formal_u2_family_060_r02,train_observed_hypothesis,0,True,u2_family_060,formal_u2_family_060_r02_s00,train,0.3333333333333333
5,formal_u2_family_060_r02,train_observed_hypothesis,0,True,u2_family_060,formal_u2_family_060_r02_s01,train,0.75
4,formal_u2_family_060_r02,train_observed_hypothesis,0,True,u2_family_060,formal_u2_family_060_r02_s02,train,0.4444444444444444
7,formal_u2_family_060_r02,train_observed_hypothesis,0,True,u2_family_060,formal_u2_family_060_r02_s03,train,1.0
9,formal_u2_family_060_r02,train_observed_hypothesis,0,True,u2_family_060,formal_u2_family_060_r02_s04,train,0.8
2,formal_u2_family_060_r02,train_observed_hypothesis,0,True,u2_family_060,formal_u2_family_060_r02_s05,train,1.0
3,formal_u2_family_060_r03,train_observed_hypothesis,0,True,u2_family_060,formal_u2_family_060_r03_s00,train,0.3333333333333333
5,formal_u2_family_060_r03,train_observed_hypothesis,0,True,u2_family_060,formal_u2_family_060_r03_s01,train,0.6666666666666666
4,formal_u2_family_060_r03,train_observed_hypothesis,0,True,u2_family_060,formal_u2_family_060_r03_s02,train,0.36363636363636365
7,formal_u2_family_060_r03,train_observed_hypothesis,0,True,u2_family_060,formal_u2_family_060_r03_s03,train,1.0
9,formal_u2_family_060_r03,train_observed_hypothesis,0,True,u2_family_060,formal_u2_family_060_r03_s04,train,0.8
2,formal_u2_family_060_r03,train_observed_hypothesis,0,True,u2_family_060,formal_u2_family_060_r03_s05,train,1.0
3,formal_u2_family_060_r04,train_observed_hypothesis,0,True,u2_family_060,formal_u2_family_060_r04_s00,train,0.3333333333333333
5,formal_u2_family_060_r04,train_observed_hypothesis,0,True,u2_family_060,formal_u2_family_060_r04_s01,train,0.75
4,formal_u2_family_060_r04,train_observed_hypothesis,0,True,u2_family_060,formal_u2_family_060_r04_s02,train,0.4444444444444444
7,formal_u2_family_060_r04,train_observed_hypothesis,0,True,u2_family_060,formal_u2_family_060_r04_s03,train,1.0
9,formal_u2_family_060_r04,train_observed_hypothesis,0,True,u2_family_060,formal_u2_family_060_r04_s04,train,0.6666666666666666
2,formal_u2_family_060_r04,train_observed_hypothesis,0,True,u2_family_060,formal_u2_family_060_r04_s05,train,1.0
3,formal_u2_family_060_r05,train_observed_hypothesis,0,True,u2_family_060,formal_u2_family_060_r05_s00,train,0.3333333333333333
5,formal_u2_family_060_r05,train_observed_hypothesis,0,True,u2_family_060,formal_u2_family_060_r05_s01,train,0.75
4,formal_u2_family_060_r05,train_observed_hypothesis,0,True,u2_family_060,formal_u2_family_060_r05_s02,train,0.36363636363636365
7,formal_u2_family_060_r05,train_observed_hypothesis,0,True,u2_family_060,formal_u2_family_060_r05_s03,train,1.0
9,formal_u2_family_060_r05,train_observed_hypothesis,0,True,u2_family_060,formal_u2_family_060_r05_s04,train,0.8
2,formal_u2_family_060_r05,train_observed_hypothesis,0,True,u2_family_060,formal_u2_family_060_r05_s05,train,1.0
3,formal_u2_family_061_r00,train_observed_hypothesis,0,True,u2_family_061,formal_u2_family_061_r00_s00,train,0.3333333333333333
5,formal_u2_family_061_r00,train_observed_hypothesis,0,True,u2_family_061,formal_u2_family_061_r00_s01,train,0.75
4,formal_u2_family_061_r00,train_observed_hypothesis,0,True,u2_family_061,formal_u2_family_061_r00_s02,train,0.25
7,formal_u2_family_061_r00,train_observed_hypothesis,0,True,u2_family_061,formal_u2_family_061_r00_s03,train,1.0
9,formal_u2_family_061_r00,train_observed_hypothesis,0,True,u2_family_061,formal_u2_family_061_r00_s04,train,0.8333333333333334
2,formal_u2_family_061_r00,train_observed_hypothesis,0,True,u2_family_061,formal_u2_family_061_r00_s05,train,1.0
3,formal_u2_family_061_r01,train_observed_hypothesis,0,True,u2_family_061,formal_u2_family_061_r01_s00,train,0.3333333333333333
8,formal_u2_family_061_r01,train_observed_hypothesis,1,True,u2_family_061,formal_u2_family_061_r01_s01,train,0.3333333333333333
5,formal_u2_family_061_r01,train_observed_hypothesis,0,True,u2_family_061,formal_u2_family_061_r01_s02,train,0.3333333333333333
4,formal_u2_family_061_r01,train_observed_hypothesis,0,True,u2_family_061,formal_u2_family_061_r01_s03,train,0.6363636363636364
9,formal_u2_family_061_r01,train_observed_hypothesis,0,True,u2_family_061,formal_u2_family_061_r01_s04,train,0.8333333333333334
2,formal_u2_family_061_r01,train_observed_hypothesis,0,True,u2_family_061,formal_u2_family_061_r01_s05,train,1.0
3,formal_u2_family_061_r02,train_observed_hypothesis,0,True,u2_family_061,formal_u2_family_061_r02_s00,train,0.3333333333333333
5,formal_u2_family_061_r02,train_observed_hypothesis,0,True,u2_family_061,formal_u2_family_061_r02_s01,train,0.75
4,formal_u2_family_061_r02,train_observed_hypothesis,0,True,u2_family_061,formal_u2_family_061_r02_s02,train,0.4
7,formal_u2_family_061_r02,train_observed_hypothesis,0,True,u2_family_061,formal_u2_family_061_r02_s03,train,1.0
9,formal_u2_family_061_r02,train_observed_hypothesis,0,True,u2_family_061,formal_u2_family_061_r02_s04,train,0.8333333333333334
2,formal_u2_family_061_r02,train_observed_hypothesis,0,True,u2_family_061,formal_u2_family_061_r02_s05,train,1.0
3,formal_u2_family_061_r03,train_observed_hypothesis,0,True,u2_family_061,formal_u2_family_061_r03_s00,train,0.3333333333333333
5,formal_u2_family_061_r03,train_observed_hypothesis,0,True,u2_family_061,formal_u2_family_061_r03_s01,train,0.75
4,formal_u2_family_061_r03,train_observed_hypothesis,0,True,u2_family_061,formal_u2_family_061_r03_s02,train,0.2727272727272727
7,formal_u2_family_061_r03,train_observed_hypothesis,0,True,u2_family_061,formal_u2_family_061_r03_s03,train,1.0
9,formal_u2_family_061_r03,train_observed_hypothesis,0,True,u2_family_061,formal_u2_family_061_r03_s04,train,0.8333333333333334
2,formal_u2_family_061_r03,train_observed_hypothesis,0,True,u2_family_061,formal_u2_family_061_r03_s05,train,1.0
3,formal_u2_family_061_r04,train_observed_hypothesis,0,True,u2_family_061,formal_u2_family_061_r04_s00,train,0.3333333333333333
8,formal_u2_family_061_r04,train_observed_hypothesis,1,True,u2_family_061,formal_u2_family_061_r04_s01,train,0.3333333333333333
4,formal_u2_family_061_r04,train_observed_hypothesis,0,True,u2_family_061,formal_u2_family_061_r04_s02,train,0.35714285714285715
7,formal_u2_family_061_r04,train_observed_hypothesis,0,True,u2_family_061,formal_u2_family_061_r04_s03,train,1.0
9,formal_u2_family_061_r04,train_observed_hypothesis,0,True,u2_family_061,formal_u2_family_061_r04_s04,train,0.8571428571428571
2,formal_u2_family_061_r04,train_observed_hypothesis,0,True,u2_family_061,formal_u2_family_061_r04_s05,train,1.0
3,formal_u2_family_061_r05,train_observed_hypothesis,0,True,u2_family_061,formal_u2_family_061_r05_s00,train,0.3333333333333333
5,formal_u2_family_061_r05,train_observed_hypothesis,0,True,u2_family_061,formal_u2_family_061_r05_s01,train,0.75
4,formal_u2_family_061_r05,train_observed_hypothesis,0,True,u2_family_061,formal_u2_family_061_r05_s02,train,0.4444444444444444
7,formal_u2_family_061_r05,train_observed_hypothesis,0,True,u2_family_061,formal_u2_family_061_r05_s03,train,1.0
9,formal_u2_family_061_r05,train_observed_hypothesis,0,True,u2_family_061,formal_u2_family_061_r05_s04,train,0.8571428571428571
2,formal_u2_family_061_r05,train_observed_hypothesis,0,True,u2_family_061,formal_u2_family_061_r05_s05,train,1.0
3,formal_u2_family_062_r00,train_observed_hypothesis,0,True,u2_family_062,formal_u2_family_062_r00_s00,train,0.3333333333333333
8,formal_u2_family_062_r00,train_observed_hypothesis,0,True,u2_family_062,formal_u2_family_062_r00_s01,train,0.0
5,formal_u2_family_062_r00,train_observed_hypothesis,0,True,u2_family_062,formal_u2_family_062_r00_s02,train,0.6666666666666666
4,formal_u2_family_062_r00,train_observed_hypothesis,0,True,u2_family_062,formal_u2_family_062_r00_s03,train,0.4
7,formal_u2_family_062_r00,train_observed_hypothesis,0,True,u2_family_062,formal_u2_family_062_r00_s04,train,1.0
9,formal_u2_family_062_r00,train_observed_hypothesis,0,True,u2_family_062,formal_u2_family_062_r00_s05,train,0.8
2,formal_u2_family_062_r00,train_observed_hypothesis,0,True,u2_family_062,formal_u2_family_062_r00_s06,train,1.0
3,formal_u2_family_062_r01,train_observed_hypothesis,0,True,u2_family_062,formal_u2_family_062_r01_s00,train,0.3333333333333333
8,formal_u2_family_062_r01,train_observed_hypothesis,0,True,u2_family_062,formal_u2_family_062_r01_s01,train,0.0
5,formal_u2_family_062_r01,train_observed_hypothesis,0,True,u2_family_062,formal_u2_family_062_r01_s02,train,0.6666666666666666
4,formal_u2_family_062_r01,train_observed_hypothesis,0,True,u2_family_062,formal_u2_family_062_r01_s03,train,0.5454545454545454
9,formal_u2_family_062_r01,train_observed_hypothesis,0,True,u2_family_062,formal_u2_family_062_r01_s04,train,1.0
2,formal_u2_family_062_r01,train_observed_hypothesis,0,True,u2_family_062,formal_u2_family_062_r01_s05,train,0.6666666666666666
3,formal_u2_family_062_r02,train_observed_hypothesis,0,True,u2_family_062,formal_u2_family_062_r02_s00,train,0.3333333333333333
8,formal_u2_family_062_r02,train_observed_hypothesis,0,True,u2_family_062,formal_u2_family_062_r02_s01,train,0.0
5,formal_u2_family_062_r02,train_observed_hypothesis,0,True,u2_family_062,formal_u2_family_062_r02_s02,train,0.6666666666666666
4,formal_u2_family_062_r02,train_observed_hypothesis,0,True,u2_family_062,formal_u2_family_062_r02_s03,train,0.5833333333333334
9,formal_u2_family_062_r02,train_observed_hypothesis,0,True,u2_family_062,formal_u2_family_062_r02_s04,train,1.0
9,formal_u2_family_062_r02,train_observed_hypothesis,0,True,u2_family_062,formal_u2_family_062_r02_s05,train,0.6666666666666666
2,formal_u2_family_062_r02,train_observed_hypothesis,0,True,u2_family_062,formal_u2_family_062_r02_s06,train,1.0
3,formal_u2_family_062_r03,train_observed_hypothesis,0,True,u2_family_062,formal_u2_family_062_r03_s00,train,0.3333333333333333
8,formal_u2_family_062_r03,train_observed_hypothesis,0,True,u2_family_062,formal_u2_family_062_r03_s01,train,0.0
5,formal_u2_family_062_r03,train_observed_hypothesis,0,True,u2_family_062,formal_u2_family_062_r03_s02,train,0.6666666666666666
4,formal_u2_family_062_r03,train_observed_hypothesis,0,True,u2_family_062,formal_u2_family_062_r03_s03,train,0.6363636363636364
9,formal_u2_family_062_r03,train_observed_hypothesis,0,True,u2_family_062,formal_u2_family_062_r03_s04,train,1.0
2,formal_u2_family_062_r03,train_observed_hypothesis,0,True,u2_family_062,formal_u2_family_062_r03_s05,train,0.6666666666666666
3,formal_u2_family_062_r04,train_observed_hypothesis,0,True,u2_family_062,formal_u2_family_062_r04_s00,train,0.3333333333333333
8,formal_u2_family_062_r04,train_observed_hypothesis,0,True,u2_family_062,formal_u2_family_062_r04_s01,train,0.0
5,formal_u2_family_062_r04,train_observed_hypothesis,0,True,u2_family_062,formal_u2_family_062_r04_s02,train,0.6666666666666666
4,formal_u2_family_062_r04,train_observed_hypothesis,0,True,u2_family_062,formal_u2_family_062_r04_s03,train,0.5454545454545454
9,formal_u2_family_062_r04,train_observed_hypothesis,0,True,u2_family_062,formal_u2_family_062_r04_s04,train,1.0
9,formal_u2_family_062_r04,train_observed_hypothesis,0,True,u2_family_062,formal_u2_family_062_r04_s05,train,0.6666666666666666
2,formal_u2_family_062_r04,train_observed_hypothesis,0,True,u2_family_062,formal_u2_family_062_r04_s06,train,1.0
3,formal_u2_family_062_r05,train_observed_hypothesis,0,True,u2_family_062,formal_u2_family_062_r05_s00,train,0.3333333333333333
8,formal_u2_family_062_r05,train_observed_hypothesis,0,True,u2_family_062,formal_u2_family_062_r05_s01,train,0.0
5,formal_u2_family_062_r05,train_observed_hypothesis,0,True,u2_family_062,formal_u2_family_062_r05_s02,train,0.6666666666666666
4,formal_u2_family_062_r05,train_observed_hypothesis,0,True,u2_family_062,formal_u2_family_062_r05_s03,train,0.36363636363636365
7,formal_u2_family_062_r05,train_observed_hypothesis,0,True,u2_family_062,formal_u2_family_062_r05_s04,train,1.0
9,formal_u2_family_062_r05,train_observed_hypothesis,0,True,u2_family_062,formal_u2_family_062_r05_s05,train,0.8
2,formal_u2_family_062_r05,train_observed_hypothesis,0,True,u2_family_062,formal_u2_family_062_r05_s06,train,1.0
3,formal_u2_family_063_r00,train_observed_hypothesis,0,True,u2_family_063,formal_u2_family_063_r00_s00,train,0.3333333333333333
5,formal_u2_family_063_r00,train_observed_hypothesis,0,True,u2_family_063,formal_u2_family_063_r00_s01,train,0.75
4,formal_u2_family_063_r00,train_observed_hypothesis,0,True,u2_family_063,formal_u2_family_063_r00_s02,train,0.6
9,formal_u2_family_063_r00,train_observed_hypothesis,0,True,u2_family_063,formal_u2_family_063_r00_s03,train,1.0
9,formal_u2_family_063_r00,train_observed_hypothesis,0,True,u2_family_063,formal_u2_family_063_r00_s04,train,0.75
2,formal_u2_family_063_r00,train_observed_hypothesis,0,True,u2_family_063,formal_u2_family_063_r00_s05,train,1.0
3,formal_u2_family_063_r01,train_observed_hypothesis,0,True,u2_family_063,formal_u2_family_063_r01_s00,train,0.3333333333333333
5,formal_u2_family_063_r01,train_observed_hypothesis,0,True,u2_family_063,formal_u2_family_063_r01_s01,train,0.6666666666666666
4,formal_u2_family_063_r01,train_observed_hypothesis,0,True,u2_family_063,formal_u2_family_063_r01_s02,train,0.36363636363636365
7,formal_u2_family_063_r01,train_observed_hypothesis,0,True,u2_family_063,formal_u2_family_063_r01_s03,train,1.0
9,formal_u2_family_063_r01,train_observed_hypothesis,0,True,u2_family_063,formal_u2_family_063_r01_s04,train,1.0
2,formal_u2_family_063_r01,train_observed_hypothesis,0,True,u2_family_063,formal_u2_family_063_r01_s05,train,0.6666666666666666
3,formal_u2_family_063_r02,train_observed_hypothesis,0,True,u2_family_063,formal_u2_family_063_r02_s00,train,0.3333333333333333
5,formal_u2_family_063_r02,train_observed_hypothesis,0,True,u2_family_063,formal_u2_family_063_r02_s01,train,0.75
4,formal_u2_family_063_r02,train_observed_hypothesis,0,True,u2_family_063,formal_u2_family_063_r02_s02,train,0.25
7,formal_u2_family_063_r02,train_observed_hypothesis,0,True,u2_family_063,formal_u2_family_063_r02_s03,train,1.0
9,formal_u2_family_063_r02,train_observed_hypothesis,0,True,u2_family_063,formal_u2_family_063_r02_s04,train,1.0
9,formal_u2_family_063_r02,train_observed_hypothesis,0,True,u2_family_063,formal_u2_family_063_r02_s05,train,0.6666666666666666
2,formal_u2_family_063_r02,train_observed_hypothesis,0,True,u2_family_063,formal_u2_family_063_r02_s06,train,1.0
3,formal_u2_family_063_r03,train_observed_hypothesis,0,True,u2_family_063,formal_u2_family_063_r03_s00,train,0.3333333333333333
5,formal_u2_family_063_r03,train_observed_hypothesis,0,True,u2_family_063,formal_u2_family_063_r03_s01,train,0.6666666666666666
4,formal_u2_family_063_r03,train_observed_hypothesis,0,True,u2_family_063,formal_u2_family_063_r03_s02,train,0.2727272727272727
7,formal_u2_family_063_r03,train_observed_hypothesis,0,True,u2_family_063,formal_u2_family_063_r03_s03,train,1.0
9,formal_u2_family_063_r03,train_observed_hypothesis,0,True,u2_family_063,formal_u2_family_063_r03_s04,train,0.8571428571428571
2,formal_u2_family_063_r03,train_observed_hypothesis,0,True,u2_family_063,formal_u2_family_063_r03_s05,train,1.0
3,formal_u2_family_063_r04,train_observed_hypothesis,0,True,u2_family_063,formal_u2_family_063_r04_s00,train,0.3333333333333333
5,formal_u2_family_063_r04,train_observed_hypothesis,0,True,u2_family_063,formal_u2_family_063_r04_s01,train,1.0
4,formal_u2_family_063_r04,train_observed_hypothesis,0,True,u2_family_063,formal_u2_family_063_r04_s02,train,0.2727272727272727
7,formal_u2_family_063_r04,train_observed_hypothesis,0,True,u2_family_063,formal_u2_family_063_r04_s03,train,1.0
9,formal_u2_family_063_r04,train_observed_hypothesis,0,True,u2_family_063,formal_u2_family_063_r04_s04,train,1.0
2,formal_u2_family_063_r04,train_observed_hypothesis,0,True,u2_family_063,formal_u2_family_063_r04_s05,train,0.6666666666666666
3,formal_u2_family_063_r05,train_observed_hypothesis,0,True,u2_family_063,formal_u2_family_063_r05_s00,train,0.3333333333333333
5,formal_u2_family_063_r05,train_observed_hypothesis,0,True,u2_family_063,formal_u2_family_063_r05_s01,train,1.0
4,formal_u2_family_063_r05,train_observed_hypothesis,0,True,u2_family_063,formal_u2_family_063_r05_s02,train,0.45454545454545453
9,formal_u2_family_063_r05,train_observed_hypothesis,0,True,u2_family_063,formal_u2_family_063_r05_s03,train,0.8888888888888888
2,formal_u2_family_063_r05,train_observed_hypothesis,0,True,u2_family_063,formal_u2_family_063_r05_s04,train,1.0
3,formal_u2_family_064_r00,train_observed_hypothesis,0,True,u2_family_064,formal_u2_family_064_r00_s00,train,0.3333333333333333
5,formal_u2_family_064_r00,train_observed_hypothesis,0,True,u2_family_064,formal_u2_family_064_r00_s01,train,0.75
3,formal_u2_family_064_r01,train_observed_hypothesis,0,True,u2_family_064,formal_u2_family_064_r01_s00,train,0.3333333333333333
5,formal_u2_family_064_r01,train_observed_hypothesis,0,True,u2_family_064,formal_u2_family_064_r01_s01,train,0.6666666666666666
3,formal_u2_family_064_r02,train_observed_hypothesis,0,True,u2_family_064,formal_u2_family_064_r02_s00,train,0.3333333333333333
5,formal_u2_family_064_r02,train_observed_hypothesis,0,True,u2_family_064,formal_u2_family_064_r02_s01,train,0.6666666666666666
3,formal_u2_family_064_r03,train_observed_hypothesis,0,True,u2_family_064,formal_u2_family_064_r03_s00,train,0.3333333333333333
5,formal_u2_family_064_r03,train_observed_hypothesis,0,True,u2_family_064,formal_u2_family_064_r03_s01,train,0.6666666666666666
3,formal_u2_family_064_r04,train_observed_hypothesis,0,True,u2_family_064,formal_u2_family_064_r04_s00,train,0.3333333333333333
5,formal_u2_family_064_r04,train_observed_hypothesis,0,True,u2_family_064,formal_u2_family_064_r04_s01,train,0.6666666666666666
3,formal_u2_family_064_r05,train_observed_hypothesis,0,True,u2_family_064,formal_u2_family_064_r05_s00,train,0.3333333333333333
5,formal_u2_family_064_r05,train_observed_hypothesis,0,True,u2_family_064,formal_u2_family_064_r05_s01,train,0.6666666666666666
10,formal_u2_family_065_r00,train_observed_hypothesis,0,True,u2_family_065,formal_u2_family_065_r00_s00,train,0.0
5,formal_u2_family_065_r00,train_observed_hypothesis,0,True,u2_family_065,formal_u2_family_065_r00_s01,train,1.0
5,formal_u2_family_065_r00,train_observed_hypothesis,0,True,u2_family_065,formal_u2_family_065_r00_s02,train,0.6666666666666666
4,formal_u2_family_065_r00,train_observed_hypothesis,0,True,u2_family_065,formal_u2_family_065_r00_s03,train,0.6
9,formal_u2_family_065_r00,train_observed_hypothesis,0,True,u2_family_065,formal_u2_family_065_r00_s04,train,1.0
9,formal_u2_family_065_r00,train_observed_hypothesis,0,True,u2_family_065,formal_u2_family_065_r00_s05,train,0.75
2,formal_u2_family_065_r00,train_observed_hypothesis,0,True,u2_family_065,formal_u2_family_065_r00_s06,train,1.0
10,formal_u2_family_065_r01,train_observed_hypothesis,0,False,u2_family_065,formal_u2_family_065_r01_s00,train,0.0
3,formal_u2_family_065_r01,train_observed_hypothesis,0,True,u2_family_065,formal_u2_family_065_r01_s01,train,0.6666666666666666
4,formal_u2_family_065_r01,train_observed_hypothesis,0,True,u2_family_065,formal_u2_family_065_r01_s02,train,0.5555555555555556
7,formal_u2_family_065_r01,train_observed_hypothesis,0,True,u2_family_065,formal_u2_family_065_r01_s03,train,1.0
9,formal_u2_family_065_r01,train_observed_hypothesis,0,True,u2_family_065,formal_u2_family_065_r01_s04,train,0.8888888888888888
2,formal_u2_family_065_r01,train_observed_hypothesis,0,True,u2_family_065,formal_u2_family_065_r01_s05,train,1.0
10,formal_u2_family_065_r02,train_observed_hypothesis,0,True,u2_family_065,formal_u2_family_065_r02_s00,train,0.0
5,formal_u2_family_065_r02,train_observed_hypothesis,0,True,u2_family_065,formal_u2_family_065_r02_s01,train,1.0
5,formal_u2_family_065_r02,train_observed_hypothesis,0,True,u2_family_065,formal_u2_family_065_r02_s02,train,0.6666666666666666
4,formal_u2_family_065_r02,train_observed_hypothesis,0,True,u2_family_065,formal_u2_family_065_r02_s03,train,0.4444444444444444
7,formal_u2_family_065_r02,train_observed_hypothesis,0,True,u2_family_065,formal_u2_family_065_r02_s04,train,1.0
9,formal_u2_family_065_r02,train_observed_hypothesis,0,True,u2_family_065,formal_u2_family_065_r02_s05,train,1.0
9,formal_u2_family_065_r02,train_observed_hypothesis,0,True,u2_family_065,formal_u2_family_065_r02_s06,train,0.8
2,formal_u2_family_065_r02,train_observed_hypothesis,0,True,u2_family_065,formal_u2_family_065_r02_s07,train,1.0
10,formal_u2_family_065_r03,train_observed_hypothesis,0,True,u2_family_065,formal_u2_family_065_r03_s00,train,0.0
5,formal_u2_family_065_r03,train_observed_hypothesis,0,True,u2_family_065,formal_u2_family_065_r03_s01,train,1.0
5,formal_u2_family_065_r03,train_observed_hypothesis,0,True,u2_family_065,formal_u2_family_065_r03_s02,train,1.0
4,formal_u2_family_065_r03,train_observed_hypothesis,0,True,u2_family_065,formal_u2_family_065_r03_s03,train,0.4
7,formal_u2_family_065_r03,train_observed_hypothesis,0,True,u2_family_065,formal_u2_family_065_r03_s04,train,1.0
9,formal_u2_family_065_r03,train_observed_hypothesis,0,True,u2_family_065,formal_u2_family_065_r03_s05,train,1.0
2,formal_u2_family_065_r03,train_observed_hypothesis,0,True,u2_family_065,formal_u2_family_065_r03_s06,train,0.6666666666666666
10,formal_u2_family_065_r04,train_observed_hypothesis,0,False,u2_family_065,formal_u2_family_065_r04_s00,train,0.0
3,formal_u2_family_065_r04,train_observed_hypothesis,0,True,u2_family_065,formal_u2_family_065_r04_s01,train,0.6666666666666666
5,formal_u2_family_065_r04,train_observed_hypothesis,0,True,u2_family_065,formal_u2_family_065_r04_s02,train,1.0
4,formal_u2_family_065_r04,train_observed_hypothesis,0,True,u2_family_065,formal_u2_family_065_r04_s03,train,0.36363636363636365
7,formal_u2_family_065_r04,train_observed_hypothesis,0,True,u2_family_065,formal_u2_family_065_r04_s04,train,1.0
9,formal_u2_family_065_r04,train_observed_hypothesis,0,True,u2_family_065,formal_u2_family_065_r04_s05,train,1.0
2,formal_u2_family_065_r04,train_observed_hypothesis,0,True,u2_family_065,formal_u2_family_065_r04_s06,train,0.6666666666666666
10,formal_u2_family_065_r05,train_observed_hypothesis,0,False,u2_family_065,formal_u2_family_065_r05_s00,train,0.0
3,formal_u2_family_065_r05,train_observed_hypothesis,0,True,u2_family_065,formal_u2_family_065_r05_s01,train,0.6666666666666666
5,formal_u2_family_065_r05,train_observed_hypothesis,0,True,u2_family_065,formal_u2_family_065_r05_s02,train,1.0
4,formal_u2_family_065_r05,train_observed_hypothesis,0,True,u2_family_065,formal_u2_family_065_r05_s03,train,0.4
7,formal_u2_family_065_r05,train_observed_hypothesis,0,True,u2_family_065,formal_u2_family_065_r05_s04,train,1.0
9,formal_u2_family_065_r05,train_observed_hypothesis,0,True,u2_family_065,formal_u2_family_065_r05_s05,train,1.0
2,formal_u2_family_065_r05,train_observed_hypothesis,0,True,u2_family_065,formal_u2_family_065_r05_s06,train,0.6666666666666666
3,formal_u2_family_066_r00,train_observed_hypothesis,0,True,u2_family_066,formal_u2_family_066_r00_s00,train,0.3333333333333333
1,formal_u2_family_066_r00,train_observed_hypothesis,0,True,u2_family_066,formal_u2_family_066_r00_s01,train,1.0
6,formal_u2_family_066_r00,train_observed_hypothesis,0,True,u2_family_066,formal_u2_family_066_r00_s02,train,1.0
6,formal_u2_family_066_r00,train_observed_hypothesis,0,True,u2_family_066,formal_u2_family_066_r00_s03,train,0.9
2,formal_u2_family_066_r00,train_observed_hypothesis,0,True,u2_family_066,formal_u2_family_066_r00_s04,train,1.0
3,formal_u2_family_066_r01,train_observed_hypothesis,0,True,u2_family_066,formal_u2_family_066_r01_s00,train,0.3333333333333333
1,formal_u2_family_066_r01,train_observed_hypothesis,0,True,u2_family_066,formal_u2_family_066_r01_s01,train,1.0
6,formal_u2_family_066_r01,train_observed_hypothesis,0,True,u2_family_066,formal_u2_family_066_r01_s02,train,0.8888888888888888
2,formal_u2_family_066_r01,train_observed_hypothesis,0,True,u2_family_066,formal_u2_family_066_r01_s03,train,1.0
3,formal_u2_family_066_r02,train_observed_hypothesis,0,True,u2_family_066,formal_u2_family_066_r02_s00,train,0.3333333333333333
1,formal_u2_family_066_r02,train_observed_hypothesis,0,True,u2_family_066,formal_u2_family_066_r02_s01,train,1.0
1,formal_u2_family_066_r02,train_observed_hypothesis,0,True,u2_family_066,formal_u2_family_066_r02_s02,train,1.0
6,formal_u2_family_066_r02,train_observed_hypothesis,0,True,u2_family_066,formal_u2_family_066_r02_s03,train,1.0
6,formal_u2_family_066_r02,train_observed_hypothesis,0,True,u2_family_066,formal_u2_family_066_r02_s04,train,0.8571428571428571
2,formal_u2_family_066_r02,train_observed_hypothesis,0,True,u2_family_066,formal_u2_family_066_r02_s05,train,1.0
3,formal_u2_family_066_r03,train_observed_hypothesis,0,True,u2_family_066,formal_u2_family_066_r03_s00,train,0.3333333333333333
1,formal_u2_family_066_r03,train_observed_hypothesis,0,True,u2_family_066,formal_u2_family_066_r03_s01,train,1.0
6,formal_u2_family_066_r03,train_observed_hypothesis,0,True,u2_family_066,formal_u2_family_066_r03_s02,train,0.9
2,formal_u2_family_066_r03,train_observed_hypothesis,0,True,u2_family_066,formal_u2_family_066_r03_s03,train,1.0
3,formal_u2_family_066_r04,train_observed_hypothesis,0,True,u2_family_066,formal_u2_family_066_r04_s00,train,0.3333333333333333
6,formal_u2_family_066_r04,train_observed_hypothesis,0,True,u2_family_066,formal_u2_family_066_r04_s01,train,0.9444444444444444
2,formal_u2_family_066_r04,train_observed_hypothesis,0,True,u2_family_066,formal_u2_family_066_r04_s02,train,1.0
3,formal_u2_family_066_r05,train_observed_hypothesis,0,True,u2_family_066,formal_u2_family_066_r05_s00,train,0.3333333333333333
1,formal_u2_family_066_r05,train_observed_hypothesis,0,True,u2_family_066,formal_u2_family_066_r05_s01,train,1.0
6,formal_u2_family_066_r05,train_observed_hypothesis,0,True,u2_family_066,formal_u2_family_066_r05_s02,train,1.0
1,formal_u2_family_066_r05,train_observed_hypothesis,0,True,u2_family_066,formal_u2_family_066_r05_s03,train,1.0
6,formal_u2_family_066_r05,train_observed_hypothesis,0,True,u2_family_066,formal_u2_family_066_r05_s04,train,0.8888888888888888
2,formal_u2_family_066_r05,train_observed_hypothesis,0,True,u2_family_066,formal_u2_family_066_r05_s05,train,1.0
3,formal_u2_family_067_r00,train_observed_hypothesis,0,True,u2_family_067,formal_u2_family_067_r00_s00,train,0.3333333333333333
8,formal_u2_family_067_r00,train_observed_hypothesis,1,True,u2_family_067,formal_u2_family_067_r00_s01,train,0.3333333333333333
1,formal_u2_family_067_r00,train_observed_hypothesis,0,True,u2_family_067,formal_u2_family_067_r00_s02,train,0.6666666666666666
1,formal_u2_family_067_r00,train_observed_hypothesis,0,True,u2_family_067,formal_u2_family_067_r00_s03,train,1.0
6,formal_u2_family_067_r00,train_observed_hypothesis,0,True,u2_family_067,formal_u2_family_067_r00_s04,train,1.0
6,formal_u2_family_067_r00,train_observed_hypothesis,0,True,u2_family_067,formal_u2_family_067_r00_s05,train,0.875
2,formal_u2_family_067_r00,train_observed_hypothesis,0,True,u2_family_067,formal_u2_family_067_r00_s06,train,1.0
3,formal_u2_family_067_r01,train_observed_hypothesis,0,True,u2_family_067,formal_u2_family_067_r01_s00,train,0.3333333333333333
8,formal_u2_family_067_r01,train_observed_hypothesis,1,True,u2_family_067,formal_u2_family_067_r01_s01,train,0.3333333333333333
1,formal_u2_family_067_r01,train_observed_hypothesis,0,True,u2_family_067,formal_u2_family_067_r01_s02,train,0.875
6,formal_u2_family_067_r01,train_observed_hypothesis,0,True,u2_family_067,formal_u2_family_067_r01_s03,train,0.9090909090909091
2,formal_u2_family_067_r01,train_observed_hypothesis,0,True,u2_family_067,formal_u2_family_067_r01_s04,train,1.0
3,formal_u2_family_067_r02,train_observed_hypothesis,0,True,u2_family_067,formal_u2_family_067_r02_s00,train,0.3333333333333333
1,formal_u2_family_067_r02,train_observed_hypothesis,0,True,u2_family_067,formal_u2_family_067_r02_s01,train,1.0
6,formal_u2_family_067_r02,train_observed_hypothesis,0,True,u2_family_067,formal_u2_family_067_r02_s02,train,0.9090909090909091
2,formal_u2_family_067_r02,train_observed_hypothesis,0,True,u2_family_067,formal_u2_family_067_r02_s03,train,1.0
3,formal_u2_family_067_r03,train_observed_hypothesis,0,True,u2_family_067,formal_u2_family_067_r03_s00,train,0.3333333333333333
8,formal_u2_family_067_r03,train_observed_hypothesis,1,True,u2_family_067,formal_u2_family_067_r03_s01,train,0.3333333333333333
1,formal_u2_family_067_r03,train_observed_hypothesis,0,True,u2_family_067,formal_u2_family_067_r03_s02,train,0.9090909090909091
6,formal_u2_family_067_r03,train_observed_hypothesis,0,True,u2_family_067,formal_u2_family_067_r03_s03,train,0.875
2,formal_u2_family_067_r03,train_observed_hypothesis,0,True,u2_family_067,formal_u2_family_067_r03_s04,train,1.0
3,formal_u2_family_067_r04,train_observed_hypothesis,0,True,u2_family_067,formal_u2_family_067_r04_s00,train,0.3333333333333333
8,formal_u2_family_067_r04,train_observed_hypothesis,1,True,u2_family_067,formal_u2_family_067_r04_s01,train,0.3333333333333333
1,formal_u2_family_067_r04,train_observed_hypothesis,0,True,u2_family_067,formal_u2_family_067_r04_s02,train,0.875
6,formal_u2_family_067_r04,train_observed_hypothesis,0,True,u2_family_067,formal_u2_family_067_r04_s03,train,0.9
2,formal_u2_family_067_r04,train_observed_hypothesis,0,True,u2_family_067,formal_u2_family_067_r04_s04,train,1.0
3,formal_u2_family_067_r05,train_observed_hypothesis,0,True,u2_family_067,formal_u2_family_067_r05_s00,train,0.3333333333333333
1,formal_u2_family_067_r05,train_observed_hypothesis,0,True,u2_family_067,formal_u2_family_067_r05_s01,train,1.0
6,formal_u2_family_067_r05,train_observed_hypothesis,0,True,u2_family_067,formal_u2_family_067_r05_s02,train,1.0
6,formal_u2_family_067_r05,train_observed_hypothesis,0,True,u2_family_067,formal_u2_family_067_r05_s03,train,0.875
2,formal_u2_family_067_r05,train_observed_hypothesis,0,True,u2_family_067,formal_u2_family_067_r05_s04,train,1.0
3,formal_u2_family_068_r00,train_observed_hypothesis,0,True,u2_family_068,formal_u2_family_068_r00_s00,train,0.3333333333333333
8,formal_u2_family_068_r00,train_observed_hypothesis,1,True,u2_family_068,formal_u2_family_068_r00_s01,train,0.3333333333333333
1,formal_u2_family_068_r00,train_observed_hypothesis,0,True,u2_family_068,formal_u2_family_068_r00_s02,train,0.8333333333333334
6,formal_u2_family_068_r00,train_observed_hypothesis,0,True,u2_family_068,formal_u2_family_068_r00_s03,train,0.9090909090909091
2,formal_u2_family_068_r00,train_observed_hypothesis,0,True,u2_family_068,formal_u2_family_068_r00_s04,train,1.0
3,formal_u2_family_068_r01,train_observed_hypothesis,0,True,u2_family_068,formal_u2_family_068_r01_s00,train,0.3333333333333333
8,formal_u2_family_068_r01,train_observed_hypothesis,1,True,u2_family_068,formal_u2_family_068_r01_s01,train,0.3333333333333333
1,formal_u2_family_068_r01,train_observed_hypothesis,0,True,u2_family_068,formal_u2_family_068_r01_s02,train,0.9
6,formal_u2_family_068_r01,train_observed_hypothesis,0,True,u2_family_068,formal_u2_family_068_r01_s03,train,0.8888888888888888
2,formal_u2_family_068_r01,train_observed_hypothesis,0,True,u2_family_068,formal_u2_family_068_r01_s04,train,1.0
3,formal_u2_family_068_r02,train_observed_hypothesis,0,True,u2_family_068,formal_u2_family_068_r02_s00,train,0.3333333333333333
8,formal_u2_family_068_r02,train_observed_hypothesis,1,True,u2_family_068,formal_u2_family_068_r02_s01,train,0.3333333333333333
1,formal_u2_family_068_r02,train_observed_hypothesis,0,True,u2_family_068,formal_u2_family_068_r02_s02,train,0.6666666666666666
1,formal_u2_family_068_r02,train_observed_hypothesis,0,True,u2_family_068,formal_u2_family_068_r02_s03,train,1.0
6,formal_u2_family_068_r02,train_observed_hypothesis,0,True,u2_family_068,formal_u2_family_068_r02_s04,train,0.9
2,formal_u2_family_068_r02,train_observed_hypothesis,0,True,u2_family_068,formal_u2_family_068_r02_s05,train,1.0
3,formal_u2_family_068_r03,train_observed_hypothesis,0,True,u2_family_068,formal_u2_family_068_r03_s00,train,0.3333333333333333
8,formal_u2_family_068_r03,train_observed_hypothesis,1,True,u2_family_068,formal_u2_family_068_r03_s01,train,0.3333333333333333
1,formal_u2_family_068_r03,train_observed_hypothesis,0,True,u2_family_068,formal_u2_family_068_r03_s02,train,0.75
1,formal_u2_family_068_r03,train_observed_hypothesis,0,True,u2_family_068,formal_u2_family_068_r03_s03,train,1.0
6,formal_u2_family_068_r03,train_observed_hypothesis,0,True,u2_family_068,formal_u2_family_068_r03_s04,train,0.9090909090909091
2,formal_u2_family_068_r03,train_observed_hypothesis,0,True,u2_family_068,formal_u2_family_068_r03_s05,train,1.0
3,formal_u2_family_068_r04,train_observed_hypothesis,0,True,u2_family_068,formal_u2_family_068_r04_s00,train,0.3333333333333333
8,formal_u2_family_068_r04,train_observed_hypothesis,1,True,u2_family_068,formal_u2_family_068_r04_s01,train,0.3333333333333333
1,formal_u2_family_068_r04,train_observed_hypothesis,0,True,u2_family_068,formal_u2_family_068_r04_s02,train,0.6666666666666666
6,formal_u2_family_068_r04,train_observed_hypothesis,0,True,u2_family_068,formal_u2_family_068_r04_s03,train,1.0
6,formal_u2_family_068_r04,train_observed_hypothesis,0,True,u2_family_068,formal_u2_family_068_r04_s04,train,0.8571428571428571
2,formal_u2_family_068_r04,train_observed_hypothesis,0,True,u2_family_068,formal_u2_family_068_r04_s05,train,1.0
3,formal_u2_family_068_r05,train_observed_hypothesis,0,True,u2_family_068,formal_u2_family_068_r05_s00,train,0.3333333333333333
8,formal_u2_family_068_r05,train_observed_hypothesis,1,True,u2_family_068,formal_u2_family_068_r05_s01,train,0.3333333333333333
1,formal_u2_family_068_r05,train_observed_hypothesis,0,True,u2_family_068,formal_u2_family_068_r05_s02,train,0.6666666666666666
1,formal_u2_family_068_r05,train_observed_hypothesis,0,True,u2_family_068,formal_u2_family_068_r05_s03,train,1.0
6,formal_u2_family_068_r05,train_observed_hypothesis,0,True,u2_family_068,formal_u2_family_068_r05_s04,train,1.0
6,formal_u2_family_068_r05,train_observed_hypothesis,0,True,u2_family_068,formal_u2_family_068_r05_s05,train,0.8571428571428571
2,formal_u2_family_068_r05,train_observed_hypothesis,0,True,u2_family_068,formal_u2_family_068_r05_s06,train,1.0
3,formal_u2_family_069_r00,train_observed_hypothesis,0,True,u2_family_069,formal_u2_family_069_r00_s00,train,0.3333333333333333
1,formal_u2_family_069_r00,train_observed_hypothesis,0,True,u2_family_069,formal_u2_family_069_r00_s01,train,1.0
6,formal_u2_family_069_r00,train_observed_hypothesis,0,True,u2_family_069,formal_u2_family_069_r00_s02,train,0.875
2,formal_u2_family_069_r00,train_observed_hypothesis,0,True,u2_family_069,formal_u2_family_069_r00_s03,train,1.0
3,formal_u2_family_069_r01,train_observed_hypothesis,0,True,u2_family_069,formal_u2_family_069_r01_s00,train,0.3333333333333333
1,formal_u2_family_069_r01,train_observed_hypothesis,0,True,u2_family_069,formal_u2_family_069_r01_s01,train,1.0
6,formal_u2_family_069_r01,train_observed_hypothesis,0,True,u2_family_069,formal_u2_family_069_r01_s02,train,0.9090909090909091
2,formal_u2_family_069_r01,train_observed_hypothesis,0,True,u2_family_069,formal_u2_family_069_r01_s03,train,1.0
3,formal_u2_family_069_r02,train_observed_hypothesis,0,True,u2_family_069,formal_u2_family_069_r02_s00,train,0.3333333333333333
1,formal_u2_family_069_r02,train_observed_hypothesis,0,True,u2_family_069,formal_u2_family_069_r02_s01,train,1.0
6,formal_u2_family_069_r02,train_observed_hypothesis,0,True,u2_family_069,formal_u2_family_069_r02_s02,train,0.9090909090909091
2,formal_u2_family_069_r02,train_observed_hypothesis,0,True,u2_family_069,formal_u2_family_069_r02_s03,train,1.0
3,formal_u2_family_069_r03,train_observed_hypothesis,0,True,u2_family_069,formal_u2_family_069_r03_s00,train,0.3333333333333333
1,formal_u2_family_069_r03,train_observed_hypothesis,0,True,u2_family_069,formal_u2_family_069_r03_s01,train,1.0
6,formal_u2_family_069_r03,train_observed_hypothesis,0,True,u2_family_069,formal_u2_family_069_r03_s02,train,0.8888888888888888
2,formal_u2_family_069_r03,train_observed_hypothesis,0,True,u2_family_069,formal_u2_family_069_r03_s03,train,1.0
3,formal_u2_family_069_r04,train_observed_hypothesis,0,True,u2_family_069,formal_u2_family_069_r04_s00,train,0.3333333333333333
1,formal_u2_family_069_r04,train_observed_hypothesis,0,True,u2_family_069,formal_u2_family_069_r04_s01,train,1.0
6,formal_u2_family_069_r04,train_observed_hypothesis,0,True,u2_family_069,formal_u2_family_069_r04_s02,train,1.0
6,formal_u2_family_069_r04,train_observed_hypothesis,0,True,u2_family_069,formal_u2_family_069_r04_s03,train,0.8888888888888888
2,formal_u2_family_069_r04,train_observed_hypothesis,0,True,u2_family_069,formal_u2_family_069_r04_s04,train,1.0
3,formal_u2_family_069_r05,train_observed_hypothesis,0,True,u2_family_069,formal_u2_family_069_r05_s00,train,0.3333333333333333
1,formal_u2_family_069_r05,train_observed_hypothesis,0,True,u2_family_069,formal_u2_family_069_r05_s01,train,1.0
6,formal_u2_family_069_r05,train_observed_hypothesis,0,True,u2_family_069,formal_u2_family_069_r05_s02,train,0.8571428571428571
2,formal_u2_family_069_r05,train_observed_hypothesis,0,True,u2_family_069,formal_u2_family_069_r05_s03,train,1.0
3,formal_u2_family_070_r00,train_observed_hypothesis,0,True,u2_family_070,formal_u2_family_070_r00_s00,train,0.3333333333333333
5,formal_u2_family_070_r00,train_observed_hypothesis,0,True,u2_family_070,formal_u2_family_070_r00_s01,train,1.0
5,formal_u2_family_070_r00,train_observed_hypothesis,0,True,u2_family_070,formal_u2_family_070_r00_s02,train,0.5
3,formal_u2_family_070_r01,train_observed_hypothesis,0,True,u2_family_070,formal_u2_family_070_r01_s00,train,0.3333333333333333
5,formal_u2_family_070_r01,train_observed_hypothesis,0,True,u2_family_070,formal_u2_family_070_r01_s01,train,1.0
5,formal_u2_family_070_r01,train_observed_hypothesis,0,True,u2_family_070,formal_u2_family_070_r01_s02,train,0.5
3,formal_u2_family_070_r02,train_observed_hypothesis,0,True,u2_family_070,formal_u2_family_070_r02_s00,train,0.3333333333333333
5,formal_u2_family_070_r02,train_observed_hypothesis,0,True,u2_family_070,formal_u2_family_070_r02_s01,train,1.0
5,formal_u2_family_070_r02,train_observed_hypothesis,0,True,u2_family_070,formal_u2_family_070_r02_s02,train,0.5
3,formal_u2_family_070_r03,train_observed_hypothesis,0,True,u2_family_070,formal_u2_family_070_r03_s00,train,0.3333333333333333
5,formal_u2_family_070_r03,train_observed_hypothesis,0,True,u2_family_070,formal_u2_family_070_r03_s01,train,1.0
5,formal_u2_family_070_r03,train_observed_hypothesis,0,True,u2_family_070,formal_u2_family_070_r03_s02,train,0.5
3,formal_u2_family_070_r04,train_observed_hypothesis,0,True,u2_family_070,formal_u2_family_070_r04_s00,train,0.3333333333333333
5,formal_u2_family_070_r04,train_observed_hypothesis,0,True,u2_family_070,formal_u2_family_070_r04_s01,train,1.0
5,formal_u2_family_070_r04,train_observed_hypothesis,0,True,u2_family_070,formal_u2_family_070_r04_s02,train,0.6666666666666666
3,formal_u2_family_070_r05,train_observed_hypothesis,0,True,u2_family_070,formal_u2_family_070_r05_s00,train,0.3333333333333333
5,formal_u2_family_070_r05,train_observed_hypothesis,0,True,u2_family_070,formal_u2_family_070_r05_s01,train,1.0
5,formal_u2_family_070_r05,train_observed_hypothesis,0,True,u2_family_070,formal_u2_family_070_r05_s02,train,0.5
10,formal_u2_family_071_r00,train_observed_hypothesis,0,True,u2_family_071,formal_u2_family_071_r00_s00,train,0.0
1,formal_u2_family_071_r00,train_observed_hypothesis,0,True,u2_family_071,formal_u2_family_071_r00_s01,train,1.0
1,formal_u2_family_071_r00,train_observed_hypothesis,0,True,u2_family_071,formal_u2_family_071_r00_s02,train,1.0
6,formal_u2_family_071_r00,train_observed_hypothesis,0,True,u2_family_071,formal_u2_family_071_r00_s03,train,0.9166666666666666
2,formal_u2_family_071_r00,train_observed_hypothesis,0,True,u2_family_071,formal_u2_family_071_r00_s04,train,1.0
10,formal_u2_family_071_r01,train_observed_hypothesis,0,True,u2_family_071,formal_u2_family_071_r01_s00,train,0.0
5,formal_u2_family_071_r01,train_observed_hypothesis,0,True,u2_family_071,formal_u2_family_071_r01_s01,train,1.0
1,formal_u2_family_071_r01,train_observed_hypothesis,0,True,u2_family_071,formal_u2_family_071_r01_s02,train,1.0
6,formal_u2_family_071_r01,train_observed_hypothesis,0,True,u2_family_071,formal_u2_family_071_r01_s03,train,0.9230769230769231
2,formal_u2_family_071_r01,train_observed_hypothesis,0,True,u2_family_071,formal_u2_family_071_r01_s04,train,1.0
10,formal_u2_family_071_r02,train_observed_hypothesis,0,True,u2_family_071,formal_u2_family_071_r02_s00,train,0.0
1,formal_u2_family_071_r02,train_observed_hypothesis,0,True,u2_family_071,formal_u2_family_071_r02_s01,train,1.0
1,formal_u2_family_071_r02,train_observed_hypothesis,0,True,u2_family_071,formal_u2_family_071_r02_s02,train,1.0
6,formal_u2_family_071_r02,train_observed_hypothesis,0,True,u2_family_071,formal_u2_family_071_r02_s03,train,0.9166666666666666
2,formal_u2_family_071_r02,train_observed_hypothesis,0,True,u2_family_071,formal_u2_family_071_r02_s04,train,1.0
10,formal_u2_family_071_r03,train_observed_hypothesis,0,True,u2_family_071,formal_u2_family_071_r03_s00,train,0.0
1,formal_u2_family_071_r03,train_observed_hypothesis,0,True,u2_family_071,formal_u2_family_071_r03_s01,train,1.0
1,formal_u2_family_071_r03,train_observed_hypothesis,0,True,u2_family_071,formal_u2_family_071_r03_s02,train,1.0
6,formal_u2_family_071_r03,train_observed_hypothesis,0,True,u2_family_071,formal_u2_family_071_r03_s03,train,0.875
2,formal_u2_family_071_r03,train_observed_hypothesis,0,True,u2_family_071,formal_u2_family_071_r03_s04,train,1.0
10,formal_u2_family_071_r04,train_observed_hypothesis,0,True,u2_family_071,formal_u2_family_071_r04_s00,train,0.0
1,formal_u2_family_071_r04,train_observed_hypothesis,0,True,u2_family_071,formal_u2_family_071_r04_s01,train,1.0
1,formal_u2_family_071_r04,train_observed_hypothesis,0,True,u2_family_071,formal_u2_family_071_r04_s02,train,1.0
6,formal_u2_family_071_r04,train_observed_hypothesis,0,True,u2_family_071,formal_u2_family_071_r04_s03,train,0.9166666666666666
2,formal_u2_family_071_r04,train_observed_hypothesis,0,True,u2_family_071,formal_u2_family_071_r04_s04,train,1.0
10,formal_u2_family_071_r05,train_observed_hypothesis,0,True,u2_family_071,formal_u2_family_071_r05_s00,train,0.0
1,formal_u2_family_071_r05,train_observed_hypothesis,0,True,u2_family_071,formal_u2_family_071_r05_s01,train,1.0
1,formal_u2_family_071_r05,train_observed_hypothesis,0,True,u2_family_071,formal_u2_family_071_r05_s02,train,1.0
6,formal_u2_family_071_r05,train_observed_hypothesis,0,True,u2_family_071,formal_u2_family_071_r05_s03,train,0.9230769230769231
2,formal_u2_family_071_r05,train_observed_hypothesis,0,True,u2_family_071,formal_u2_family_071_r05_s04,train,1.0
3,formal_u2_family_072_r00,train_observed_hypothesis,0,True,u2_family_072,formal_u2_family_072_r00_s00,train,0.6666666666666666
5,formal_u2_family_072_r00,train_observed_hypothesis,0,True,u2_family_072,formal_u2_family_072_r00_s01,train,0.75
4,formal_u2_family_072_r00,train_observed_hypothesis,0,True,u2_family_072,formal_u2_family_072_r00_s02,train,0.25
7,formal_u2_family_072_r00,train_observed_hypothesis,0,True,u2_family_072,formal_u2_family_072_r00_s03,train,1.0
9,formal_u2_family_072_r00,train_observed_hypothesis,0,True,u2_family_072,formal_u2_family_072_r00_s04,train,0.8
2,formal_u2_family_072_r00,train_observed_hypothesis,0,True,u2_family_072,formal_u2_family_072_r00_s05,train,1.0
3,formal_u2_family_072_r01,train_observed_hypothesis,0,True,u2_family_072,formal_u2_family_072_r01_s00,train,0.3333333333333333
5,formal_u2_family_072_r01,train_observed_hypothesis,0,True,u2_family_072,formal_u2_family_072_r01_s01,train,0.6666666666666666
4,formal_u2_family_072_r01,train_observed_hypothesis,0,True,u2_family_072,formal_u2_family_072_r01_s02,train,0.6
9,formal_u2_family_072_r01,train_observed_hypothesis,0,True,u2_family_072,formal_u2_family_072_r01_s03,train,0.6666666666666666
2,formal_u2_family_072_r01,train_observed_hypothesis,0,True,u2_family_072,formal_u2_family_072_r01_s04,train,1.0
3,formal_u2_family_072_r02,train_observed_hypothesis,0,True,u2_family_072,formal_u2_family_072_r02_s00,train,0.6666666666666666
5,formal_u2_family_072_r02,train_observed_hypothesis,0,True,u2_family_072,formal_u2_family_072_r02_s01,train,0.6666666666666666
4,formal_u2_family_072_r02,train_observed_hypothesis,0,True,u2_family_072,formal_u2_family_072_r02_s02,train,0.6666666666666666
7,formal_u2_family_072_r02,train_observed_hypothesis,0,True,u2_family_072,formal_u2_family_072_r02_s03,train,1.0
9,formal_u2_family_072_r02,train_observed_hypothesis,0,True,u2_family_072,formal_u2_family_072_r02_s04,train,0.8571428571428571
2,formal_u2_family_072_r02,train_observed_hypothesis,0,True,u2_family_072,formal_u2_family_072_r02_s05,train,1.0
3,formal_u2_family_072_r03,train_observed_hypothesis,0,True,u2_family_072,formal_u2_family_072_r03_s00,train,0.3333333333333333
5,formal_u2_family_072_r03,train_observed_hypothesis,0,True,u2_family_072,formal_u2_family_072_r03_s01,train,0.75
4,formal_u2_family_072_r03,train_observed_hypothesis,0,True,u2_family_072,formal_u2_family_072_r03_s02,train,0.36363636363636365
7,formal_u2_family_072_r03,train_observed_hypothesis,0,True,u2_family_072,formal_u2_family_072_r03_s03,train,1.0
9,formal_u2_family_072_r03,train_observed_hypothesis,0,True,u2_family_072,formal_u2_family_072_r03_s04,train,1.0
2,formal_u2_family_072_r03,train_observed_hypothesis,0,True,u2_family_072,formal_u2_family_072_r03_s05,train,0.6666666666666666
3,formal_u2_family_072_r04,train_observed_hypothesis,0,True,u2_family_072,formal_u2_family_072_r04_s00,train,0.3333333333333333
5,formal_u2_family_072_r04,train_observed_hypothesis,0,True,u2_family_072,formal_u2_family_072_r04_s01,train,0.75
4,formal_u2_family_072_r04,train_observed_hypothesis,0,True,u2_family_072,formal_u2_family_072_r04_s02,train,0.3
7,formal_u2_family_072_r04,train_observed_hypothesis,0,True,u2_family_072,formal_u2_family_072_r04_s03,train,1.0
9,formal_u2_family_072_r04,train_observed_hypothesis,0,True,u2_family_072,formal_u2_family_072_r04_s04,train,0.8333333333333334
2,formal_u2_family_072_r04,train_observed_hypothesis,0,True,u2_family_072,formal_u2_family_072_r04_s05,train,1.0
3,formal_u2_family_072_r05,train_observed_hypothesis,0,True,u2_family_072,formal_u2_family_072_r05_s00,train,0.3333333333333333
5,formal_u2_family_072_r05,train_observed_hypothesis,0,True,u2_family_072,formal_u2_family_072_r05_s01,train,0.75
4,formal_u2_family_072_r05,train_observed_hypothesis,0,True,u2_family_072,formal_u2_family_072_r05_s02,train,0.6666666666666666
9,formal_u2_family_072_r05,train_observed_hypothesis,0,True,u2_family_072,formal_u2_family_072_r05_s03,train,1.0
9,formal_u2_family_072_r05,train_observed_hypothesis,0,True,u2_family_072,formal_u2_family_072_r05_s04,train,0.6666666666666666
2,formal_u2_family_072_r05,train_observed_hypothesis,0,True,u2_family_072,formal_u2_family_072_r05_s05,train,1.0
3,formal_u2_family_073_r00,train_observed_hypothesis,0,True,u2_family_073,formal_u2_family_073_r00_s00,train,0.3333333333333333
8,formal_u2_family_073_r00,train_observed_hypothesis,1,True,u2_family_073,formal_u2_family_073_r00_s01,train,0.3333333333333333
4,formal_u2_family_073_r00,train_observed_hypothesis,0,True,u2_family_073,formal_u2_family_073_r00_s02,train,0.5
9,formal_u2_family_073_r00,train_observed_hypothesis,0,True,u2_family_073,formal_u2_family_073_r00_s03,train,1.0
9,formal_u2_family_073_r00,train_observed_hypothesis,0,True,u2_family_073,formal_u2_family_073_r00_s04,train,0.75
2,formal_u2_family_073_r00,train_observed_hypothesis,0,True,u2_family_073,formal_u2_family_073_r00_s05,train,1.0
3,formal_u2_family_073_r01,train_observed_hypothesis,0,True,u2_family_073,formal_u2_family_073_r01_s00,train,0.6666666666666666
5,formal_u2_family_073_r01,train_observed_hypothesis,0,True,u2_family_073,formal_u2_family_073_r01_s01,train,0.6666666666666666
4,formal_u2_family_073_r01,train_observed_hypothesis,0,True,u2_family_073,formal_u2_family_073_r01_s02,train,0.5454545454545454
9,formal_u2_family_073_r01,train_observed_hypothesis,0,True,u2_family_073,formal_u2_family_073_r01_s03,train,0.8571428571428571
2,formal_u2_family_073_r01,train_observed_hypothesis,0,True,u2_family_073,formal_u2_family_073_r01_s04,train,1.0
3,formal_u2_family_073_r02,train_observed_hypothesis,0,True,u2_family_073,formal_u2_family_073_r02_s00,train,0.3333333333333333
8,formal_u2_family_073_r02,train_observed_hypothesis,1,True,u2_family_073,formal_u2_family_073_r02_s01,train,0.3333333333333333
0,formal_u2_family_073_r02,train_observed_hypothesis,0,False,u2_family_073,formal_u2_family_073_r02_s02,train,0.3333333333333333
0,formal_u2_family_073_r02,train_observed_hypothesis,0,False,u2_family_073,formal_u2_family_073_r02_s03,train,0.6666666666666666
0,formal_u2_family_073_r02,train_observed_hypothesis,0,False,u2_family_073,formal_u2_family_073_r02_s04,train,0.6666666666666666
0,formal_u2_family_073_r02,train_observed_hypothesis,0,False,u2_family_073,formal_u2_family_073_r02_s05,train,1.0
0,formal_u2_family_073_r02,train_observed_hypothesis,0,False,u2_family_073,formal_u2_family_073_r02_s06,train,1.0
0,formal_u2_family_073_r02,train_observed_hypothesis,0,False,u2_family_073,formal_u2_family_073_r02_s07,train,1.0
0,formal_u2_family_073_r02,train_observed_hypothesis,0,False,u2_family_073,formal_u2_family_073_r02_s08,train,1.0
0,formal_u2_family_073_r02,train_observed_hypothesis,0,False,u2_family_073,formal_u2_family_073_r02_s09,train,1.0
0,formal_u2_family_073_r02,train_observed_hypothesis,0,False,u2_family_073,formal_u2_family_073_r02_s10,train,1.0
0,formal_u2_family_073_r02,train_observed_hypothesis,0,False,u2_family_073,formal_u2_family_073_r02_s11,train,1.0
0,formal_u2_family_073_r02,train_observed_hypothesis,0,False,u2_family_073,formal_u2_family_073_r02_s12,train,1.0
0,formal_u2_family_073_r02,train_observed_hypothesis,0,False,u2_family_073,formal_u2_family_073_r02_s13,train,1.0
0,formal_u2_family_073_r02,train_observed_hypothesis,0,False,u2_family_073,formal_u2_family_073_r02_s14,train,1.0
3,formal_u2_family_073_r03,train_observed_hypothesis,0,True,u2_family_073,formal_u2_family_073_r03_s00,train,0.6666666666666666
5,formal_u2_family_073_r03,train_observed_hypothesis,0,True,u2_family_073,formal_u2_family_073_r03_s01,train,0.6666666666666666
4,formal_u2_family_073_r03,train_observed_hypothesis,0,True,u2_family_073,formal_u2_family_073_r03_s02,train,0.4444444444444444
7,formal_u2_family_073_r03,train_observed_hypothesis,0,True,u2_family_073,formal_u2_family_073_r03_s03,train,1.0
9,formal_u2_family_073_r03,train_observed_hypothesis,0,True,u2_family_073,formal_u2_family_073_r03_s04,train,0.8
2,formal_u2_family_073_r03,train_observed_hypothesis,0,True,u2_family_073,formal_u2_family_073_r03_s05,train,1.0
3,formal_u2_family_073_r04,train_observed_hypothesis,0,True,u2_family_073,formal_u2_family_073_r04_s00,train,0.3333333333333333
5,formal_u2_family_073_r04,train_observed_hypothesis,0,True,u2_family_073,formal_u2_family_073_r04_s01,train,0.6666666666666666
4,formal_u2_family_073_r04,train_observed_hypothesis,0,True,u2_family_073,formal_u2_family_073_r04_s02,train,0.36363636363636365
7,formal_u2_family_073_r04,train_observed_hypothesis,0,True,u2_family_073,formal_u2_family_073_r04_s03,train,1.0
9,formal_u2_family_073_r04,train_observed_hypothesis,0,True,u2_family_073,formal_u2_family_073_r04_s04,train,0.8333333333333334
2,formal_u2_family_073_r04,train_observed_hypothesis,0,True,u2_family_073,formal_u2_family_073_r04_s05,train,1.0
3,formal_u2_family_073_r05,train_observed_hypothesis,0,True,u2_family_073,formal_u2_family_073_r05_s00,train,0.3333333333333333
8,formal_u2_family_073_r05,train_observed_hypothesis,1,True,u2_family_073,formal_u2_family_073_r05_s01,train,0.3333333333333333
0,formal_u2_family_073_r05,train_observed_hypothesis,0,False,u2_family_073,formal_u2_family_073_r05_s02,train,0.6666666666666666
0,formal_u2_family_073_r05,train_observed_hypothesis,0,False,u2_family_073,formal_u2_family_073_r05_s03,train,0.3333333333333333
0,formal_u2_family_073_r05,train_observed_hypothesis,0,False,u2_family_073,formal_u2_family_073_r05_s04,train,0.0
0,formal_u2_family_073_r05,train_observed_hypothesis,0,False,u2_family_073,formal_u2_family_073_r05_s05,train,0.25
0,formal_u2_family_073_r05,train_observed_hypothesis,0,False,u2_family_073,formal_u2_family_073_r05_s06,train,1.0
0,formal_u2_family_073_r05,train_observed_hypothesis,0,False,u2_family_073,formal_u2_family_073_r05_s07,train,1.0
0,formal_u2_family_073_r05,train_observed_hypothesis,0,False,u2_family_073,formal_u2_family_073_r05_s08,train,1.0
0,formal_u2_family_073_r05,train_observed_hypothesis,0,False,u2_family_073,formal_u2_family_073_r05_s09,train,1.0
0,formal_u2_family_073_r05,train_observed_hypothesis,0,False,u2_family_073,formal_u2_family_073_r05_s10,train,1.0
0,formal_u2_family_073_r05,train_observed_hypothesis,0,False,u2_family_073,formal_u2_family_073_r05_s11,train,1.0
0,formal_u2_family_073_r05,train_observed_hypothesis,0,False,u2_family_073,formal_u2_family_073_r05_s12,train,1.0
0,formal_u2_family_073_r05,train_observed_hypothesis,0,False,u2_family_073,formal_u2_family_073_r05_s13,train,1.0
0,formal_u2_family_073_r05,train_observed_hypothesis,0,False,u2_family_073,formal_u2_family_073_r05_s14,train,1.0
0,formal_u2_family_073_r05,train_observed_hypothesis,0,False,u2_family_073,formal_u2_family_073_r05_s15,train,1.0
3,formal_u2_family_074_r00,train_observed_hypothesis,0,True,u2_family_074,formal_u2_family_074_r00_s00,train,0.3333333333333333
5,formal_u2_family_074_r00,train_observed_hypothesis,1,True,u2_family_074,formal_u2_family_074_r00_s01,train,0.6666666666666666
8,formal_u2_family_074_r00,train_observed_hypothesis,0,True,u2_family_074,formal_u2_family_074_r00_s02,train,0.0
4,formal_u2_family_074_r00,train_observed_hypothesis,0,True,u2_family_074,formal_u2_family_074_r00_s03,train,0.3333333333333333
7,formal_u2_family_074_r00,train_observed_hypothesis,0,True,u2_family_074,formal_u2_family_074_r00_s04,train,1.0
9,formal_u2_family_074_r00,train_observed_hypothesis,0,True,u2_family_074,formal_u2_family_074_r00_s05,train,0.8
2,formal_u2_family_074_r00,train_observed_hypothesis,0,True,u2_family_074,formal_u2_family_074_r00_s06,train,1.0
3,formal_u2_family_074_r01,train_observed_hypothesis,0,True,u2_family_074,formal_u2_family_074_r01_s00,train,0.6666666666666666
5,formal_u2_family_074_r01,train_observed_hypothesis,1,True,u2_family_074,formal_u2_family_074_r01_s01,train,0.6666666666666666
8,formal_u2_family_074_r01,train_observed_hypothesis,0,True,u2_family_074,formal_u2_family_074_r01_s02,train,0.3333333333333333
4,formal_u2_family_074_r01,train_observed_hypothesis,0,True,u2_family_074,formal_u2_family_074_r01_s03,train,0.5
9,formal_u2_family_074_r01,train_observed_hypothesis,0,True,u2_family_074,formal_u2_family_074_r01_s04,train,1.0
2,formal_u2_family_074_r01,train_observed_hypothesis,0,True,u2_family_074,formal_u2_family_074_r01_s05,train,0.6666666666666666
3,formal_u2_family_074_r02,train_observed_hypothesis,0,True,u2_family_074,formal_u2_family_074_r02_s00,train,0.3333333333333333
5,formal_u2_family_074_r02,train_observed_hypothesis,1,True,u2_family_074,formal_u2_family_074_r02_s01,train,0.6666666666666666
8,formal_u2_family_074_r02,train_observed_hypothesis,0,True,u2_family_074,formal_u2_family_074_r02_s02,train,0.0
4,formal_u2_family_074_r02,train_observed_hypothesis,0,True,u2_family_074,formal_u2_family_074_r02_s03,train,0.45454545454545453
7,formal_u2_family_074_r02,train_observed_hypothesis,0,True,u2_family_074,formal_u2_family_074_r02_s04,train,1.0
9,formal_u2_family_074_r02,train_observed_hypothesis,0,True,u2_family_074,formal_u2_family_074_r02_s05,train,1.0
2,formal_u2_family_074_r02,train_observed_hypothesis,0,True,u2_family_074,formal_u2_family_074_r02_s06,train,0.6666666666666666
3,formal_u2_family_074_r03,train_observed_hypothesis,0,True,u2_family_074,formal_u2_family_074_r03_s00,train,0.3333333333333333
5,formal_u2_family_074_r03,train_observed_hypothesis,1,True,u2_family_074,formal_u2_family_074_r03_s01,train,0.6666666666666666
8,formal_u2_family_074_r03,train_observed_hypothesis,0,True,u2_family_074,formal_u2_family_074_r03_s02,train,0.3333333333333333
4,formal_u2_family_074_r03,train_observed_hypothesis,0,True,u2_family_074,formal_u2_family_074_r03_s03,train,0.7
9,formal_u2_family_074_r03,train_observed_hypothesis,0,True,u2_family_074,formal_u2_family_074_r03_s04,train,1.0
2,formal_u2_family_074_r03,train_observed_hypothesis,0,True,u2_family_074,formal_u2_family_074_r03_s05,train,0.6666666666666666
3,formal_u2_family_074_r04,train_observed_hypothesis,0,True,u2_family_074,formal_u2_family_074_r04_s00,train,0.3333333333333333
5,formal_u2_family_074_r04,train_observed_hypothesis,1,True,u2_family_074,formal_u2_family_074_r04_s01,train,0.6666666666666666
8,formal_u2_family_074_r04,train_observed_hypothesis,0,True,u2_family_074,formal_u2_family_074_r04_s02,train,0.0
4,formal_u2_family_074_r04,train_observed_hypothesis,0,True,u2_family_074,formal_u2_family_074_r04_s03,train,0.6363636363636364
9,formal_u2_family_074_r04,train_observed_hypothesis,0,True,u2_family_074,formal_u2_family_074_r04_s04,train,1.0
9,formal_u2_family_074_r04,train_observed_hypothesis,0,True,u2_family_074,formal_u2_family_074_r04_s05,train,0.6666666666666666
2,formal_u2_family_074_r04,train_observed_hypothesis,0,True,u2_family_074,formal_u2_family_074_r04_s06,train,1.0
3,formal_u2_family_074_r05,train_observed_hypothesis,0,True,u2_family_074,formal_u2_family_074_r05_s00,train,0.3333333333333333
5,formal_u2_family_074_r05,train_observed_hypothesis,1,True,u2_family_074,formal_u2_family_074_r05_s01,train,0.6666666666666666
8,formal_u2_family_074_r05,train_observed_hypothesis,0,True,u2_family_074,formal_u2_family_074_r05_s02,train,0.3333333333333333
4,formal_u2_family_074_r05,train_observed_hypothesis,0,True,u2_family_074,formal_u2_family_074_r05_s03,train,0.5
9,formal_u2_family_074_r05,train_observed_hypothesis,0,True,u2_family_074,formal_u2_family_074_r05_s04,train,1.0
9,formal_u2_family_074_r05,train_observed_hypothesis,0,True,u2_family_074,formal_u2_family_074_r05_s05,train,0.6666666666666666
2,formal_u2_family_074_r05,train_observed_hypothesis,0,True,u2_family_074,formal_u2_family_074_r05_s06,train,1.0
3,formal_u2_family_075_r00,train_observed_hypothesis,0,True,u2_family_075,formal_u2_family_075_r00_s00,train,0.3333333333333333
5,formal_u2_family_075_r00,train_observed_hypothesis,0,True,u2_family_075,formal_u2_family_075_r00_s01,train,0.75
4,formal_u2_family_075_r00,train_observed_hypothesis,0,True,u2_family_075,formal_u2_family_075_r00_s02,train,0.4444444444444444
7,formal_u2_family_075_r00,train_observed_hypothesis,0,True,u2_family_075,formal_u2_family_075_r00_s03,train,1.0
9,formal_u2_family_075_r00,train_observed_hypothesis,0,True,u2_family_075,formal_u2_family_075_r00_s04,train,0.8
2,formal_u2_family_075_r00,train_observed_hypothesis,0,True,u2_family_075,formal_u2_family_075_r00_s05,train,1.0
3,formal_u2_family_075_r01,train_observed_hypothesis,0,True,u2_family_075,formal_u2_family_075_r01_s00,train,0.3333333333333333
5,formal_u2_family_075_r01,train_observed_hypothesis,0,True,u2_family_075,formal_u2_family_075_r01_s01,train,0.75
4,formal_u2_family_075_r01,train_observed_hypothesis,0,True,u2_family_075,formal_u2_family_075_r01_s02,train,0.4444444444444444
7,formal_u2_family_075_r01,train_observed_hypothesis,0,True,u2_family_075,formal_u2_family_075_r01_s03,train,1.0
9,formal_u2_family_075_r01,train_observed_hypothesis,0,True,u2_family_075,formal_u2_family_075_r01_s04,train,1.0
2,formal_u2_family_075_r01,train_observed_hypothesis,0,True,u2_family_075,formal_u2_family_075_r01_s05,train,0.6666666666666666
3,formal_u2_family_075_r02,train_observed_hypothesis,0,True,u2_family_075,formal_u2_family_075_r02_s00,train,0.3333333333333333
5,formal_u2_family_075_r02,train_observed_hypothesis,0,True,u2_family_075,formal_u2_family_075_r02_s01,train,0.75
4,formal_u2_family_075_r02,train_observed_hypothesis,0,True,u2_family_075,formal_u2_family_075_r02_s02,train,0.4
7,formal_u2_family_075_r02,train_observed_hypothesis,0,True,u2_family_075,formal_u2_family_075_r02_s03,train,1.0
9,formal_u2_family_075_r02,train_observed_hypothesis,0,True,u2_family_075,formal_u2_family_075_r02_s04,train,0.8333333333333334
2,formal_u2_family_075_r02,train_observed_hypothesis,0,True,u2_family_075,formal_u2_family_075_r02_s05,train,1.0
3,formal_u2_family_075_r03,train_observed_hypothesis,0,True,u2_family_075,formal_u2_family_075_r03_s00,train,0.3333333333333333
5,formal_u2_family_075_r03,train_observed_hypothesis,0,True,u2_family_075,formal_u2_family_075_r03_s01,train,0.75
4,formal_u2_family_075_r03,train_observed_hypothesis,0,True,u2_family_075,formal_u2_family_075_r03_s02,train,0.2727272727272727
7,formal_u2_family_075_r03,train_observed_hypothesis,0,True,u2_family_075,formal_u2_family_075_r03_s03,train,1.0
9,formal_u2_family_075_r03,train_observed_hypothesis,0,True,u2_family_075,formal_u2_family_075_r03_s04,train,0.8
2,formal_u2_family_075_r03,train_observed_hypothesis,0,True,u2_family_075,formal_u2_family_075_r03_s05,train,1.0
3,formal_u2_family_075_r04,train_observed_hypothesis,0,True,u2_family_075,formal_u2_family_075_r04_s00,train,0.3333333333333333
5,formal_u2_family_075_r04,train_observed_hypothesis,0,True,u2_family_075,formal_u2_family_075_r04_s01,train,0.75
4,formal_u2_family_075_r04,train_observed_hypothesis,0,True,u2_family_075,formal_u2_family_075_r04_s02,train,0.25
7,formal_u2_family_075_r04,train_observed_hypothesis,0,True,u2_family_075,formal_u2_family_075_r04_s03,train,1.0
9,formal_u2_family_075_r04,train_observed_hypothesis,0,True,u2_family_075,formal_u2_family_075_r04_s04,train,1.0
2,formal_u2_family_075_r04,train_observed_hypothesis,0,True,u2_family_075,formal_u2_family_075_r04_s05,train,0.6666666666666666
3,formal_u2_family_075_r05,train_observed_hypothesis,0,True,u2_family_075,formal_u2_family_075_r05_s00,train,0.3333333333333333
5,formal_u2_family_075_r05,train_observed_hypothesis,0,True,u2_family_075,formal_u2_family_075_r05_s01,train,0.75
4,formal_u2_family_075_r05,train_observed_hypothesis,0,True,u2_family_075,formal_u2_family_075_r05_s02,train,0.3
7,formal_u2_family_075_r05,train_observed_hypothesis,0,True,u2_family_075,formal_u2_family_075_r05_s03,train,1.0
9,formal_u2_family_075_r05,train_observed_hypothesis,0,True,u2_family_075,formal_u2_family_075_r05_s04,train,0.8
2,formal_u2_family_075_r05,train_observed_hypothesis,0,True,u2_family_075,formal_u2_family_075_r05_s05,train,1.0
3,formal_u2_family_076_r00,train_observed_hypothesis,0,True,u2_family_076,formal_u2_family_076_r00_s00,train,0.3333333333333333
5,formal_u2_family_076_r00,train_observed_hypothesis,0,True,u2_family_076,formal_u2_family_076_r00_s01,train,0.6666666666666666
3,formal_u2_family_076_r01,train_observed_hypothesis,0,True,u2_family_076,formal_u2_family_076_r01_s00,train,0.3333333333333333
5,formal_u2_family_076_r01,train_observed_hypothesis,0,True,u2_family_076,formal_u2_family_076_r01_s01,train,0.75
3,formal_u2_family_076_r02,train_observed_hypothesis,0,True,u2_family_076,formal_u2_family_076_r02_s00,train,0.6666666666666666
5,formal_u2_family_076_r02,train_observed_hypothesis,0,True,u2_family_076,formal_u2_family_076_r02_s01,train,0.6666666666666666
3,formal_u2_family_076_r03,train_observed_hypothesis,0,True,u2_family_076,formal_u2_family_076_r03_s00,train,0.3333333333333333
5,formal_u2_family_076_r03,train_observed_hypothesis,0,True,u2_family_076,formal_u2_family_076_r03_s01,train,0.8
3,formal_u2_family_076_r04,train_observed_hypothesis,0,True,u2_family_076,formal_u2_family_076_r04_s00,train,0.3333333333333333
5,formal_u2_family_076_r04,train_observed_hypothesis,0,True,u2_family_076,formal_u2_family_076_r04_s01,train,0.75
3,formal_u2_family_076_r05,train_observed_hypothesis,0,True,u2_family_076,formal_u2_family_076_r05_s00,train,0.3333333333333333
5,formal_u2_family_076_r05,train_observed_hypothesis,0,True,u2_family_076,formal_u2_family_076_r05_s01,train,0.75
10,formal_u2_family_077_r00,train_observed_hypothesis,0,True,u2_family_077,formal_u2_family_077_r00_s00,train,0.0
5,formal_u2_family_077_r00,train_observed_hypothesis,0,True,u2_family_077,formal_u2_family_077_r00_s01,train,1.0
4,formal_u2_family_077_r00,train_observed_hypothesis,0,True,u2_family_077,formal_u2_family_077_r00_s02,train,0.38461538461538464
7,formal_u2_family_077_r00,train_observed_hypothesis,0,True,u2_family_077,formal_u2_family_077_r00_s03,train,1.0
9,formal_u2_family_077_r00,train_observed_hypothesis,0,True,u2_family_077,formal_u2_family_077_r00_s04,train,0.8
2,formal_u2_family_077_r00,train_observed_hypothesis,0,True,u2_family_077,formal_u2_family_077_r00_s05,train,1.0
10,formal_u2_family_077_r01,train_observed_hypothesis,0,True,u2_family_077,formal_u2_family_077_r01_s00,train,0.0
5,formal_u2_family_077_r01,train_observed_hypothesis,0,True,u2_family_077,formal_u2_family_077_r01_s01,train,1.0
5,formal_u2_family_077_r01,train_observed_hypothesis,0,True,u2_family_077,formal_u2_family_077_r01_s02,train,0.6666666666666666
4,formal_u2_family_077_r01,train_observed_hypothesis,0,True,u2_family_077,formal_u2_family_077_r01_s03,train,0.4444444444444444
7,formal_u2_family_077_r01,train_observed_hypothesis,0,True,u2_family_077,formal_u2_family_077_r01_s04,train,1.0
9,formal_u2_family_077_r01,train_observed_hypothesis,0,True,u2_family_077,formal_u2_family_077_r01_s05,train,0.8
2,formal_u2_family_077_r01,train_observed_hypothesis,0,True,u2_family_077,formal_u2_family_077_r01_s06,train,1.0
10,formal_u2_family_077_r02,train_observed_hypothesis,0,False,u2_family_077,formal_u2_family_077_r02_s00,train,0.0
3,formal_u2_family_077_r02,train_observed_hypothesis,0,True,u2_family_077,formal_u2_family_077_r02_s01,train,0.6666666666666666
5,formal_u2_family_077_r02,train_observed_hypothesis,0,True,u2_family_077,formal_u2_family_077_r02_s02,train,0.6666666666666666
4,formal_u2_family_077_r02,train_observed_hypothesis,0,True,u2_family_077,formal_u2_family_077_r02_s03,train,0.5454545454545454
9,formal_u2_family_077_r02,train_observed_hypothesis,0,True,u2_family_077,formal_u2_family_077_r02_s04,train,0.75
2,formal_u2_family_077_r02,train_observed_hypothesis,0,True,u2_family_077,formal_u2_family_077_r02_s05,train,1.0
10,formal_u2_family_077_r03,train_observed_hypothesis,0,False,u2_family_077,formal_u2_family_077_r03_s00,train,0.0
3,formal_u2_family_077_r03,train_observed_hypothesis,0,True,u2_family_077,formal_u2_family_077_r03_s01,train,0.6666666666666666
4,formal_u2_family_077_r03,train_observed_hypothesis,0,True,u2_family_077,formal_u2_family_077_r03_s02,train,0.4166666666666667
7,formal_u2_family_077_r03,train_observed_hypothesis,0,True,u2_family_077,formal_u2_family_077_r03_s03,train,1.0
9,formal_u2_family_077_r03,train_observed_hypothesis,0,True,u2_family_077,formal_u2_family_077_r03_s04,train,1.0
2,formal_u2_family_077_r03,train_observed_hypothesis,0,True,u2_family_077,formal_u2_family_077_r03_s05,train,0.6666666666666666
10,formal_u2_family_077_r04,train_observed_hypothesis,0,False,u2_family_077,formal_u2_family_077_r04_s00,train,0.0
3,formal_u2_family_077_r04,train_observed_hypothesis,0,True,u2_family_077,formal_u2_family_077_r04_s01,train,0.6666666666666666
5,formal_u2_family_077_r04,train_observed_hypothesis,0,True,u2_family_077,formal_u2_family_077_r04_s02,train,0.6666666666666666
4,formal_u2_family_077_r04,train_observed_hypothesis,0,True,u2_family_077,formal_u2_family_077_r04_s03,train,0.4
7,formal_u2_family_077_r04,train_observed_hypothesis,0,True,u2_family_077,formal_u2_family_077_r04_s04,train,1.0
9,formal_u2_family_077_r04,train_observed_hypothesis,0,True,u2_family_077,formal_u2_family_077_r04_s05,train,1.0
2,formal_u2_family_077_r04,train_observed_hypothesis,0,True,u2_family_077,formal_u2_family_077_r04_s06,train,0.6666666666666666
10,formal_u2_family_077_r05,train_observed_hypothesis,0,False,u2_family_077,formal_u2_family_077_r05_s00,train,0.0
3,formal_u2_family_077_r05,train_observed_hypothesis,0,True,u2_family_077,formal_u2_family_077_r05_s01,train,0.6666666666666666
4,formal_u2_family_077_r05,train_observed_hypothesis,0,True,u2_family_077,formal_u2_family_077_r05_s02,train,0.5833333333333334
9,formal_u2_family_077_r05,train_observed_hypothesis,0,True,u2_family_077,formal_u2_family_077_r05_s03,train,1.0
2,formal_u2_family_077_r05,train_observed_hypothesis,0,True,u2_family_077,formal_u2_family_077_r05_s04,train,0.6666666666666666
3,formal_u2_family_078_r00,train_observed_hypothesis,0,True,u2_family_078,formal_u2_family_078_r00_s00,train,0.3333333333333333
1,formal_u2_family_078_r00,train_observed_hypothesis,0,True,u2_family_078,formal_u2_family_078_r00_s01,train,1.0
6,formal_u2_family_078_r00,train_observed_hypothesis,0,True,u2_family_078,formal_u2_family_078_r00_s02,train,0.9
2,formal_u2_family_078_r00,train_observed_hypothesis,0,True,u2_family_078,formal_u2_family_078_r00_s03,train,1.0
3,formal_u2_family_078_r01,train_observed_hypothesis,0,True,u2_family_078,formal_u2_family_078_r01_s00,train,0.3333333333333333
1,formal_u2_family_078_r01,train_observed_hypothesis,0,True,u2_family_078,formal_u2_family_078_r01_s01,train,1.0
6,formal_u2_family_078_r01,train_observed_hypothesis,0,True,u2_family_078,formal_u2_family_078_r01_s02,train,1.0
6,formal_u2_family_078_r01,train_observed_hypothesis,0,True,u2_family_078,formal_u2_family_078_r01_s03,train,0.9
2,formal_u2_family_078_r01,train_observed_hypothesis,0,True,u2_family_078,formal_u2_family_078_r01_s04,train,1.0
3,formal_u2_family_078_r02,train_observed_hypothesis,0,True,u2_family_078,formal_u2_family_078_r02_s00,train,0.3333333333333333
1,formal_u2_family_078_r02,train_observed_hypothesis,0,True,u2_family_078,formal_u2_family_078_r02_s01,train,1.0
6,formal_u2_family_078_r02,train_observed_hypothesis,0,True,u2_family_078,formal_u2_family_078_r02_s02,train,0.9090909090909091
2,formal_u2_family_078_r02,train_observed_hypothesis,0,True,u2_family_078,formal_u2_family_078_r02_s03,train,1.0
3,formal_u2_family_078_r03,train_observed_hypothesis,0,True,u2_family_078,formal_u2_family_078_r03_s00,train,0.3333333333333333
6,formal_u2_family_078_r03,train_observed_hypothesis,0,True,u2_family_078,formal_u2_family_078_r03_s01,train,0.9444444444444444
2,formal_u2_family_078_r03,train_observed_hypothesis,0,True,u2_family_078,formal_u2_family_078_r03_s02,train,1.0
3,formal_u2_family_078_r04,train_observed_hypothesis,0,True,u2_family_078,formal_u2_family_078_r04_s00,train,0.3333333333333333
1,formal_u2_family_078_r04,train_observed_hypothesis,0,True,u2_family_078,formal_u2_family_078_r04_s01,train,1.0
1,formal_u2_family_078_r04,train_observed_hypothesis,0,True,u2_family_078,formal_u2_family_078_r04_s02,train,1.0
1,formal_u2_family_078_r04,train_observed_hypothesis,0,True,u2_family_078,formal_u2_family_078_r04_s03,train,1.0
6,formal_u2_family_078_r04,train_observed_hypothesis,0,True,u2_family_078,formal_u2_family_078_r04_s04,train,0.9090909090909091
2,formal_u2_family_078_r04,train_observed_hypothesis,0,True,u2_family_078,formal_u2_family_078_r04_s05,train,1.0
3,formal_u2_family_078_r05,train_observed_hypothesis,0,True,u2_family_078,formal_u2_family_078_r05_s00,train,0.3333333333333333
1,formal_u2_family_078_r05,train_observed_hypothesis,0,True,u2_family_078,formal_u2_family_078_r05_s01,train,1.0
1,formal_u2_family_078_r05,train_observed_hypothesis,0,True,u2_family_078,formal_u2_family_078_r05_s02,train,1.0
6,formal_u2_family_078_r05,train_observed_hypothesis,0,True,u2_family_078,formal_u2_family_078_r05_s03,train,0.9
2,formal_u2_family_078_r05,train_observed_hypothesis,0,True,u2_family_078,formal_u2_family_078_r05_s04,train,1.0
3,formal_u2_family_079_r00,train_observed_hypothesis,0,True,u2_family_079,formal_u2_family_079_r00_s00,train,0.3333333333333333
1,formal_u2_family_079_r00,train_observed_hypothesis,0,True,u2_family_079,formal_u2_family_079_r00_s01,train,1.0
6,formal_u2_family_079_r00,train_observed_hypothesis,0,True,u2_family_079,formal_u2_family_079_r00_s02,train,0.9166666666666666
2,formal_u2_family_079_r00,train_observed_hypothesis,0,True,u2_family_079,formal_u2_family_079_r00_s03,train,1.0
3,formal_u2_family_079_r01,train_observed_hypothesis,0,True,u2_family_079,formal_u2_family_079_r01_s00,train,0.3333333333333333
1,formal_u2_family_079_r01,train_observed_hypothesis,0,True,u2_family_079,formal_u2_family_079_r01_s01,train,1.0
6,formal_u2_family_079_r01,train_observed_hypothesis,0,True,u2_family_079,formal_u2_family_079_r01_s02,train,1.0
6,formal_u2_family_079_r01,train_observed_hypothesis,0,True,u2_family_079,formal_u2_family_079_r01_s03,train,0.8888888888888888
2,formal_u2_family_079_r01,train_observed_hypothesis,0,True,u2_family_079,formal_u2_family_079_r01_s04,train,1.0
3,formal_u2_family_079_r02,train_observed_hypothesis,0,True,u2_family_079,formal_u2_family_079_r02_s00,train,0.3333333333333333
1,formal_u2_family_079_r02,train_observed_hypothesis,0,True,u2_family_079,formal_u2_family_079_r02_s01,train,1.0
6,formal_u2_family_079_r02,train_observed_hypothesis,0,True,u2_family_079,formal_u2_family_079_r02_s02,train,0.875
2,formal_u2_family_079_r02,train_observed_hypothesis,0,True,u2_family_079,formal_u2_family_079_r02_s03,train,1.0
3,formal_u2_family_079_r03,train_observed_hypothesis,0,True,u2_family_079,formal_u2_family_079_r03_s00,train,0.6666666666666666
6,formal_u2_family_079_r03,train_observed_hypothesis,0,True,u2_family_079,formal_u2_family_079_r03_s01,train,0.9444444444444444
2,formal_u2_family_079_r03,train_observed_hypothesis,0,True,u2_family_079,formal_u2_family_079_r03_s02,train,1.0
3,formal_u2_family_079_r04,train_observed_hypothesis,0,True,u2_family_079,formal_u2_family_079_r04_s00,train,0.6666666666666666
8,formal_u2_family_079_r04,train_observed_hypothesis,1,True,u2_family_079,formal_u2_family_079_r04_s01,train,0.3333333333333333
1,formal_u2_family_079_r04,train_observed_hypothesis,0,True,u2_family_079,formal_u2_family_079_r04_s02,train,0.8888888888888888
6,formal_u2_family_079_r04,train_observed_hypothesis,0,True,u2_family_079,formal_u2_family_079_r04_s03,train,0.8571428571428571
2,formal_u2_family_079_r04,train_observed_hypothesis,0,True,u2_family_079,formal_u2_family_079_r04_s04,train,1.0
3,formal_u2_family_079_r05,train_observed_hypothesis,0,True,u2_family_079,formal_u2_family_079_r05_s00,train,0.3333333333333333
8,formal_u2_family_079_r05,train_observed_hypothesis,1,True,u2_family_079,formal_u2_family_079_r05_s01,train,0.3333333333333333
0,formal_u2_family_079_r05,train_observed_hypothesis,0,False,u2_family_079,formal_u2_family_079_r05_s02,train,0.0
0,formal_u2_family_079_r05,train_observed_hypothesis,0,False,u2_family_079,formal_u2_family_079_r05_s03,train,0.6666666666666666
0,formal_u2_family_079_r05,train_observed_hypothesis,0,False,u2_family_079,formal_u2_family_079_r05_s04,train,0.6666666666666666
0,formal_u2_family_079_r05,train_observed_hypothesis,0,False,u2_family_079,formal_u2_family_079_r05_s05,train,1.0
0,formal_u2_family_079_r05,train_observed_hypothesis,0,False,u2_family_079,formal_u2_family_079_r05_s06,train,1.0
0,formal_u2_family_079_r05,train_observed_hypothesis,0,False,u2_family_079,formal_u2_family_079_r05_s07,train,1.0
0,formal_u2_family_079_r05,train_observed_hypothesis,0,False,u2_family_079,formal_u2_family_079_r05_s08,train,1.0
0,formal_u2_family_079_r05,train_observed_hypothesis,0,False,u2_family_079,formal_u2_family_079_r05_s09,train,1.0
0,formal_u2_family_079_r05,train_observed_hypothesis,0,False,u2_family_079,formal_u2_family_079_r05_s10,train,1.0
0,formal_u2_family_079_r05,train_observed_hypothesis,0,False,u2_family_079,formal_u2_family_079_r05_s11,train,1.0
0,formal_u2_family_079_r05,train_observed_hypothesis,0,False,u2_family_079,formal_u2_family_079_r05_s12,train,0.75
0,formal_u2_family_079_r05,train_observed_hypothesis,0,False,u2_family_079,formal_u2_family_079_r05_s13,train,1.0
0,formal_u2_family_079_r05,train_observed_hypothesis,0,False,u2_family_079,formal_u2_family_079_r05_s14,train,1.0
0,formal_u2_family_079_r05,train_observed_hypothesis,0,False,u2_family_079,formal_u2_family_079_r05_s15,train,1.0
3,formal_u2_family_080_r00,train_observed_hypothesis,0,True,u2_family_080,formal_u2_family_080_r00_s00,train,0.3333333333333333
8,formal_u2_family_080_r00,train_observed_hypothesis,0,True,u2_family_080,formal_u2_family_080_r00_s01,train,0.0
1,formal_u2_family_080_r00,train_observed_hypothesis,0,True,u2_family_080,formal_u2_family_080_r00_s02,train,1.0
6,formal_u2_family_080_r00,train_observed_hypothesis,0,True,u2_family_080,formal_u2_family_080_r00_s03,train,0.9090909090909091
2,formal_u2_family_080_r00,train_observed_hypothesis,0,True,u2_family_080,formal_u2_family_080_r00_s04,train,1.0
3,formal_u2_family_080_r01,train_observed_hypothesis,0,True,u2_family_080,formal_u2_family_080_r01_s00,train,0.3333333333333333
8,formal_u2_family_080_r01,train_observed_hypothesis,0,True,u2_family_080,formal_u2_family_080_r01_s01,train,0.0
1,formal_u2_family_080_r01,train_observed_hypothesis,0,True,u2_family_080,formal_u2_family_080_r01_s02,train,1.0
1,formal_u2_family_080_r01,train_observed_hypothesis,0,True,u2_family_080,formal_u2_family_080_r01_s03,train,1.0
6,formal_u2_family_080_r01,train_observed_hypothesis,0,True,u2_family_080,formal_u2_family_080_r01_s04,train,0.9
2,formal_u2_family_080_r01,train_observed_hypothesis,0,True,u2_family_080,formal_u2_family_080_r01_s05,train,1.0
3,formal_u2_family_080_r02,train_observed_hypothesis,0,True,u2_family_080,formal_u2_family_080_r02_s00,train,0.3333333333333333
8,formal_u2_family_080_r02,train_observed_hypothesis,0,True,u2_family_080,formal_u2_family_080_r02_s01,train,0.0
1,formal_u2_family_080_r02,train_observed_hypothesis,0,True,u2_family_080,formal_u2_family_080_r02_s02,train,1.0
1,formal_u2_family_080_r02,train_observed_hypothesis,0,True,u2_family_080,formal_u2_family_080_r02_s03,train,1.0
6,formal_u2_family_080_r02,train_observed_hypothesis,0,True,u2_family_080,formal_u2_family_080_r02_s04,train,0.9230769230769231
2,formal_u2_family_080_r02,train_observed_hypothesis,0,True,u2_family_080,formal_u2_family_080_r02_s05,train,1.0
3,formal_u2_family_080_r03,train_observed_hypothesis,0,True,u2_family_080,formal_u2_family_080_r03_s00,train,0.3333333333333333
8,formal_u2_family_080_r03,train_observed_hypothesis,0,True,u2_family_080,formal_u2_family_080_r03_s01,train,0.0
1,formal_u2_family_080_r03,train_observed_hypothesis,0,True,u2_family_080,formal_u2_family_080_r03_s02,train,1.0
1,formal_u2_family_080_r03,train_observed_hypothesis,0,True,u2_family_080,formal_u2_family_080_r03_s03,train,1.0
6,formal_u2_family_080_r03,train_observed_hypothesis,0,True,u2_family_080,formal_u2_family_080_r03_s04,train,0.9090909090909091
2,formal_u2_family_080_r03,train_observed_hypothesis,0,True,u2_family_080,formal_u2_family_080_r03_s05,train,1.0
3,formal_u2_family_080_r04,train_observed_hypothesis,0,True,u2_family_080,formal_u2_family_080_r04_s00,train,0.3333333333333333
8,formal_u2_family_080_r04,train_observed_hypothesis,0,True,u2_family_080,formal_u2_family_080_r04_s01,train,0.0
1,formal_u2_family_080_r04,train_observed_hypothesis,0,True,u2_family_080,formal_u2_family_080_r04_s02,train,1.0
1,formal_u2_family_080_r04,train_observed_hypothesis,0,True,u2_family_080,formal_u2_family_080_r04_s03,train,1.0
6,formal_u2_family_080_r04,train_observed_hypothesis,0,True,u2_family_080,formal_u2_family_080_r04_s04,train,0.9
2,formal_u2_family_080_r04,train_observed_hypothesis,0,True,u2_family_080,formal_u2_family_080_r04_s05,train,1.0
3,formal_u2_family_080_r05,train_observed_hypothesis,0,True,u2_family_080,formal_u2_family_080_r05_s00,train,0.3333333333333333
8,formal_u2_family_080_r05,train_observed_hypothesis,0,True,u2_family_080,formal_u2_family_080_r05_s01,train,0.0
1,formal_u2_family_080_r05,train_observed_hypothesis,0,True,u2_family_080,formal_u2_family_080_r05_s02,train,1.0
6,formal_u2_family_080_r05,train_observed_hypothesis,0,True,u2_family_080,formal_u2_family_080_r05_s03,train,0.8571428571428571
2,formal_u2_family_080_r05,train_observed_hypothesis,0,True,u2_family_080,formal_u2_family_080_r05_s04,train,1.0
3,formal_u2_family_081_r00,train_observed_hypothesis,0,True,u2_family_081,formal_u2_family_081_r00_s00,train,0.3333333333333333
1,formal_u2_family_081_r00,train_observed_hypothesis,0,True,u2_family_081,formal_u2_family_081_r00_s01,train,1.0
6,formal_u2_family_081_r00,train_observed_hypothesis,0,True,u2_family_081,formal_u2_family_081_r00_s02,train,0.9
2,formal_u2_family_081_r00,train_observed_hypothesis,0,True,u2_family_081,formal_u2_family_081_r00_s03,train,1.0
3,formal_u2_family_081_r01,train_observed_hypothesis,0,True,u2_family_081,formal_u2_family_081_r01_s00,train,0.3333333333333333
1,formal_u2_family_081_r01,train_observed_hypothesis,0,True,u2_family_081,formal_u2_family_081_r01_s01,train,1.0
6,formal_u2_family_081_r01,train_observed_hypothesis,0,True,u2_family_081,formal_u2_family_081_r01_s02,train,0.8888888888888888
2,formal_u2_family_081_r01,train_observed_hypothesis,0,True,u2_family_081,formal_u2_family_081_r01_s03,train,1.0
3,formal_u2_family_081_r02,train_observed_hypothesis,0,True,u2_family_081,formal_u2_family_081_r02_s00,train,0.3333333333333333
1,formal_u2_family_081_r02,train_observed_hypothesis,0,True,u2_family_081,formal_u2_family_081_r02_s01,train,1.0
6,formal_u2_family_081_r02,train_observed_hypothesis,0,True,u2_family_081,formal_u2_family_081_r02_s02,train,0.9
2,formal_u2_family_081_r02,train_observed_hypothesis,0,True,u2_family_081,formal_u2_family_081_r02_s03,train,1.0
3,formal_u2_family_081_r03,train_observed_hypothesis,0,True,u2_family_081,formal_u2_family_081_r03_s00,train,0.3333333333333333
1,formal_u2_family_081_r03,train_observed_hypothesis,0,True,u2_family_081,formal_u2_family_081_r03_s01,train,1.0
6,formal_u2_family_081_r03,train_observed_hypothesis,0,True,u2_family_081,formal_u2_family_081_r03_s02,train,1.0
6,formal_u2_family_081_r03,train_observed_hypothesis,0,True,u2_family_081,formal_u2_family_081_r03_s03,train,0.9
2,formal_u2_family_081_r03,train_observed_hypothesis,0,True,u2_family_081,formal_u2_family_081_r03_s04,train,1.0
3,formal_u2_family_081_r04,train_observed_hypothesis,0,True,u2_family_081,formal_u2_family_081_r04_s00,train,0.3333333333333333
1,formal_u2_family_081_r04,train_observed_hypothesis,0,True,u2_family_081,formal_u2_family_081_r04_s01,train,1.0
6,formal_u2_family_081_r04,train_observed_hypothesis,0,True,u2_family_081,formal_u2_family_081_r04_s02,train,0.9
2,formal_u2_family_081_r04,train_observed_hypothesis,0,True,u2_family_081,formal_u2_family_081_r04_s03,train,1.0
3,formal_u2_family_081_r05,train_observed_hypothesis,0,True,u2_family_081,formal_u2_family_081_r05_s00,train,0.3333333333333333
1,formal_u2_family_081_r05,train_observed_hypothesis,0,True,u2_family_081,formal_u2_family_081_r05_s01,train,1.0
6,formal_u2_family_081_r05,train_observed_hypothesis,0,True,u2_family_081,formal_u2_family_081_r05_s02,train,1.0
6,formal_u2_family_081_r05,train_observed_hypothesis,0,True,u2_family_081,formal_u2_family_081_r05_s03,train,0.8571428571428571
2,formal_u2_family_081_r05,train_observed_hypothesis,0,True,u2_family_081,formal_u2_family_081_r05_s04,train,1.0
3,formal_u2_family_082_r00,train_observed_hypothesis,0,True,u2_family_082,formal_u2_family_082_r00_s00,train,0.3333333333333333
5,formal_u2_family_082_r00,train_observed_hypothesis,0,True,u2_family_082,formal_u2_family_082_r00_s01,train,1.0
5,formal_u2_family_082_r00,train_observed_hypothesis,0,True,u2_family_082,formal_u2_family_082_r00_s02,train,0.5
3,formal_u2_family_082_r01,train_observed_hypothesis,0,True,u2_family_082,formal_u2_family_082_r01_s00,train,0.3333333333333333
5,formal_u2_family_082_r01,train_observed_hypothesis,0,True,u2_family_082,formal_u2_family_082_r01_s01,train,1.0
5,formal_u2_family_082_r01,train_observed_hypothesis,0,True,u2_family_082,formal_u2_family_082_r01_s02,train,0.5
3,formal_u2_family_082_r02,train_observed_hypothesis,0,True,u2_family_082,formal_u2_family_082_r02_s00,train,0.3333333333333333
5,formal_u2_family_082_r02,train_observed_hypothesis,0,True,u2_family_082,formal_u2_family_082_r02_s01,train,1.0
5,formal_u2_family_082_r02,train_observed_hypothesis,0,True,u2_family_082,formal_u2_family_082_r02_s02,train,0.5
3,formal_u2_family_082_r03,train_observed_hypothesis,0,True,u2_family_082,formal_u2_family_082_r03_s00,train,0.3333333333333333
5,formal_u2_family_082_r03,train_observed_hypothesis,0,True,u2_family_082,formal_u2_family_082_r03_s01,train,1.0
5,formal_u2_family_082_r03,train_observed_hypothesis,0,True,u2_family_082,formal_u2_family_082_r03_s02,train,0.5
3,formal_u2_family_082_r04,train_observed_hypothesis,0,True,u2_family_082,formal_u2_family_082_r04_s00,train,0.3333333333333333
5,formal_u2_family_082_r04,train_observed_hypothesis,0,True,u2_family_082,formal_u2_family_082_r04_s01,train,1.0
5,formal_u2_family_082_r04,train_observed_hypothesis,0,True,u2_family_082,formal_u2_family_082_r04_s02,train,0.5
3,formal_u2_family_082_r05,train_observed_hypothesis,0,True,u2_family_082,formal_u2_family_082_r05_s00,train,0.3333333333333333
5,formal_u2_family_082_r05,train_observed_hypothesis,0,True,u2_family_082,formal_u2_family_082_r05_s01,train,1.0
5,formal_u2_family_082_r05,train_observed_hypothesis,0,True,u2_family_082,formal_u2_family_082_r05_s02,train,0.5
10,formal_u2_family_083_r00,train_observed_hypothesis,0,False,u2_family_083,formal_u2_family_083_r00_s00,train,0.0
3,formal_u2_family_083_r00,train_observed_hypothesis,0,True,u2_family_083,formal_u2_family_083_r00_s01,train,0.6666666666666666
1,formal_u2_family_083_r00,train_observed_hypothesis,0,True,u2_family_083,formal_u2_family_083_r00_s02,train,1.0
6,formal_u2_family_083_r00,train_observed_hypothesis,0,True,u2_family_083,formal_u2_family_083_r00_s03,train,0.9166666666666666
2,formal_u2_family_083_r00,train_observed_hypothesis,0,True,u2_family_083,formal_u2_family_083_r00_s04,train,1.0
10,formal_u2_family_083_r01,train_observed_hypothesis,0,False,u2_family_083,formal_u2_family_083_r01_s00,train,0.0
3,formal_u2_family_083_r01,train_observed_hypothesis,0,True,u2_family_083,formal_u2_family_083_r01_s01,train,0.6666666666666666
1,formal_u2_family_083_r01,train_observed_hypothesis,0,True,u2_family_083,formal_u2_family_083_r01_s02,train,1.0
6,formal_u2_family_083_r01,train_observed_hypothesis,0,True,u2_family_083,formal_u2_family_083_r01_s03,train,1.0
6,formal_u2_family_083_r01,train_observed_hypothesis,0,True,u2_family_083,formal_u2_family_083_r01_s04,train,1.0
6,formal_u2_family_083_r01,train_observed_hypothesis,0,True,u2_family_083,formal_u2_family_083_r01_s05,train,0.9
2,formal_u2_family_083_r01,train_observed_hypothesis,0,True,u2_family_083,formal_u2_family_083_r01_s06,train,1.0
10,formal_u2_family_083_r02,train_observed_hypothesis,0,True,u2_family_083,formal_u2_family_083_r02_s00,train,0.0
1,formal_u2_family_083_r02,train_observed_hypothesis,0,True,u2_family_083,formal_u2_family_083_r02_s01,train,1.0
6,formal_u2_family_083_r02,train_observed_hypothesis,0,True,u2_family_083,formal_u2_family_083_r02_s02,train,1.0
6,formal_u2_family_083_r02,train_observed_hypothesis,0,True,u2_family_083,formal_u2_family_083_r02_s03,train,0.875
2,formal_u2_family_083_r02,train_observed_hypothesis,0,True,u2_family_083,formal_u2_family_083_r02_s04,train,1.0
10,formal_u2_family_083_r03,train_observed_hypothesis,0,False,u2_family_083,formal_u2_family_083_r03_s00,train,0.0
3,formal_u2_family_083_r03,train_observed_hypothesis,0,True,u2_family_083,formal_u2_family_083_r03_s01,train,0.6666666666666666
1,formal_u2_family_083_r03,train_observed_hypothesis,0,True,u2_family_083,formal_u2_family_083_r03_s02,train,1.0
6,formal_u2_family_083_r03,train_observed_hypothesis,0,True,u2_family_083,formal_u2_family_083_r03_s03,train,0.8571428571428571
2,formal_u2_family_083_r03,train_observed_hypothesis,0,True,u2_family_083,formal_u2_family_083_r03_s04,train,1.0
10,formal_u2_family_083_r04,train_observed_hypothesis,0,True,u2_family_083,formal_u2_family_083_r04_s00,train,0.0
1,formal_u2_family_083_r04,train_observed_hypothesis,0,True,u2_family_083,formal_u2_family_083_r04_s01,train,1.0
6,formal_u2_family_083_r04,train_observed_hypothesis,0,True,u2_family_083,formal_u2_family_083_r04_s02,train,0.8888888888888888
2,formal_u2_family_083_r04,train_observed_hypothesis,0,True,u2_family_083,formal_u2_family_083_r04_s03,train,1.0
10,formal_u2_family_083_r05,train_observed_hypothesis,0,True,u2_family_083,formal_u2_family_083_r05_s00,train,0.0
5,formal_u2_family_083_r05,train_observed_hypothesis,0,True,u2_family_083,formal_u2_family_083_r05_s01,train,1.0
1,formal_u2_family_083_r05,train_observed_hypothesis,0,True,u2_family_083,formal_u2_family_083_r05_s02,train,1.0
1,formal_u2_family_083_r05,train_observed_hypothesis,0,True,u2_family_083,formal_u2_family_083_r05_s03,train,1.0
6,formal_u2_family_083_r05,train_observed_hypothesis,0,True,u2_family_083,formal_u2_family_083_r05_s04,train,1.0
6,formal_u2_family_083_r05,train_observed_hypothesis,0,True,u2_family_083,formal_u2_family_083_r05_s05,train,0.9
2,formal_u2_family_083_r05,train_observed_hypothesis,0,True,u2_family_083,formal_u2_family_083_r05_s06,train,1.0
