sampling,budget,repeat,spearman_to_full100,bottom_jaccard_to_full100,bottom_overlap,bottom_mistakes
random,5,0,-0.06071467324959988,0.05555555555555555,4,34
random,5,1,-0.006708962916745789,0.10144927536231885,7,31
random,5,2,0.11800280769335109,0.26666666666666666,16,22
random,5,3,0.2888634945609419,0.22580645161290322,14,24
random,5,4,0.5407641130673033,0.3333333333333333,19,19
random,5,5,0.2726480481783903,0.22580645161290322,14,24
random,5,6,0.44953103382795756,0.3103448275862069,18,20
random,5,7,0.24552227165450455,0.26666666666666666,16,22
random,5,8,0.158166725442856,0.15151515151515152,10,28
random,5,9,0.3486422700268562,0.22580645161290322,14,24
random,5,10,0.33072118384287774,0.1875,12,26
random,5,11,0.3961950329598785,0.288135593220339,17,21
random,5,12,0.30940407725904023,0.1875,12,26
random,5,13,-0.011385060901174622,0.11764705882352941,8,30
random,5,14,0.3107061959146028,0.288135593220339,17,21
random,5,15,0.038838062555950424,0.11764705882352941,8,30
random,5,16,0.10362524753818193,0.13432835820895522,9,29
random,5,17,0.26116634565824814,0.26666666666666666,16,22
random,5,18,0.14369252366871935,0.15151515151515152,10,28
random,5,19,0.18466178824295368,0.1875,12,26
random,5,20,0.2706236605810705,0.1875,12,26
random,5,21,0.3847794536527141,0.35714285714285715,20,18
random,5,22,0.399518148278762,0.288135593220339,17,21
random,5,23,0.3710326072213331,0.22580645161290322,14,24
random,5,24,0.20644006185063615,0.2459016393442623,15,23
random,5,25,0.07250664623063778,0.13432835820895522,9,29
random,5,26,0.4204130835797413,0.3103448275862069,18,20
random,5,27,0.4787168027561512,0.3103448275862069,18,20
random,5,28,0.44247110924232974,0.3103448275862069,18,20
random,5,29,0.18923785367441612,0.16923076923076924,11,27
random,5,30,0.00792630822233676,0.10144927536231885,7,31
random,5,31,0.25306370886797064,0.2459016393442623,15,23
random,5,32,0.47128217996364924,0.4074074074074074,22,16
random,5,33,0.011832664189024225,0.16923076923076924,11,27
random,5,34,0.19839337547133987,0.22580645161290322,14,24
random,5,35,0.3563685131432603,0.3103448275862069,18,20
random,5,36,0.41355661503404506,0.3333333333333333,19,19
random,5,37,0.45184873721617896,0.288135593220339,17,21
random,5,38,0.25806364104929064,0.22580645161290322,14,24
random,5,39,0.09743001112226352,0.2459016393442623,15,23
random,5,40,0.2887685484089738,0.1875,12,26
random,5,41,0.127627973849117,0.13432835820895522,9,29
random,5,42,0.3900879608279305,0.26666666666666666,16,22
random,5,43,0.43339188346038043,0.35714285714285715,20,18
random,5,44,0.2242102514716654,0.16923076923076924,11,27
random,5,45,0.09741644738626808,0.16923076923076924,11,27
random,5,46,0.5145725388601037,0.4339622641509434,23,15
random,5,47,0.1685819792203565,0.2459016393442623,15,23
random,5,48,0.11844871551420125,0.1875,12,26
random,5,49,0.34894575861975424,0.2459016393442623,15,23
random,5,50,0.14872636519002796,0.22580645161290322,14,24
random,5,51,0.31534499362504415,0.3103448275862069,18,20
random,5,52,0.40082196240132384,0.2459016393442623,15,23
random,5,53,0.058766581667254444,0.16923076923076924,11,27
random,5,54,0.3408448172964762,0.2459016393442623,15,23
random,5,55,0.1195524645308304,0.1875,12,26
random,5,56,0.20464117136424062,0.20634920634920634,13,25
random,5,57,0.059704174917939404,0.13432835820895522,9,29
random,5,58,0.19455314271763016,0.26666666666666666,16,22
random,5,59,0.0033451563898760283,0.16923076923076924,11,27
random,5,60,0.2685721455117598,0.288135593220339,17,21
random,5,61,0.10598872853538781,0.15151515151515152,10,28
random,5,62,0.32533807611968646,0.20634920634920634,13,25
random,5,63,0.24208216911266042,0.26666666666666666,16,22
random,5,64,0.19801528633046686,0.13432835820895522,9,29
random,5,65,0.2007449881995497,0.22580645161290322,14,24
random,5,66,0.39297703659495975,0.35714285714285715,20,18
random,5,67,-0.02993516534194179,0.1875,12,26
random,5,68,0.198000027127472,0.1875,12,26
random,5,69,0.161342335132789,0.1875,12,26
random,5,70,0.23014438596967154,0.2459016393442623,15,23
random,5,71,0.17870052627295666,0.26666666666666666,16,22
random,5,72,0.12398611073434068,0.16923076923076924,11,27
random,5,73,0.12140221902720888,0.20634920634920634,13,25
random,5,74,0.27189865176464206,0.3103448275862069,18,20
random,5,75,0.39393667091663737,0.288135593220339,17,21
random,5,76,0.2919051623579199,0.20634920634920634,13,25
random,5,77,0.490854651005073,0.35714285714285715,20,18
random,5,78,0.17544014323305215,0.22580645161290322,14,24
random,5,79,0.4411130401757861,0.3103448275862069,18,20
random,5,80,0.2531908688929279,0.288135593220339,17,21
random,5,81,0.4474761278246481,0.3103448275862069,18,20
random,5,82,0.24565282261346066,0.1875,12,26
random,5,83,0.055699481865284985,0.15151515151515152,10,28
random,5,84,0.21861860130754418,0.26666666666666666,16,22
random,5,85,0.3190445026178011,0.26666666666666666,16,22
random,5,86,0.17130659468844098,0.1875,12,26
random,5,87,0.10455436345386974,0.13432835820895522,9,29
random,5,88,0.006624189566774273,0.1875,12,26
random,5,89,0.05937186338605106,0.16923076923076924,11,27
random,5,90,-0.019080785611588855,0.15151515151515152,10,28
random,5,91,0.08499376068144211,0.15151515151515152,10,28
random,5,92,0.2434012424382172,0.2459016393442623,15,23
random,5,93,0.19255757805930065,0.16923076923076924,11,27
random,5,94,0.15379072511732633,0.22580645161290322,14,24
random,5,95,0.2729973143802729,0.288135593220339,17,21
random,5,96,0.168520942408377,0.1875,12,26
random,5,97,0.2944568401920626,0.1875,12,26
random,5,98,0.42686094457857476,0.2459016393442623,15,23
random,5,99,0.23357431570951906,0.22580645161290322,14,24
random,5,100,0.129964327374332,0.22580645161290322,14,24
random,5,101,0.29480271545994635,0.288135593220339,17,21
random,5,102,0.21555997884057188,0.1875,12,26
random,5,103,0.20147064807530587,0.20634920634920634,13,25
random,5,104,0.2836957111466783,0.26666666666666666,16,22
random,5,105,0.35569202181048754,0.16923076923076924,11,27
random,5,106,0.11973896590076773,0.20634920634920634,13,25
random,5,107,0.23288256517375147,0.288135593220339,17,21
random,5,108,0.25344857987684133,0.22580645161290322,14,24
random,5,109,0.25975232618072325,0.22580645161290322,14,24
random,5,110,0.25057137237880805,0.20634920634920634,13,25
random,5,111,0.33075678864986574,0.2459016393442623,15,23
random,5,112,0.11650231939885523,0.11764705882352941,8,30
random,5,113,0.11713472858964273,0.2459016393442623,15,23
random,5,114,0.027432656050782628,0.15151515151515152,10,28
random,5,115,0.06682513631554676,0.22580645161290322,14,24
random,5,116,0.6008124677861272,0.46153846153846156,24,14
random,5,117,0.4443310365407048,0.3333333333333333,19,19
random,5,118,0.3517178471638228,0.26666666666666666,16,22
random,5,119,0.25568490084908996,0.2459016393442623,15,23
random,5,120,0.0361083606868676,0.22580645161290322,14,24
random,5,121,0.16276313647831162,0.22580645161290322,14,24
random,5,122,0.19278307517022492,0.2459016393442623,15,23
random,5,123,0.27029813091717986,0.2459016393442623,15,23
random,5,124,0.2177979952798199,0.22580645161290322,14,24
random,5,125,0.045762349781623864,0.08571428571428572,6,32
random,5,126,0.1674934894067222,0.20634920634920634,13,25
random,5,127,0.2315414507772021,0.11764705882352941,8,30
random,5,128,0.13409957138594256,0.20634920634920634,13,25
random,5,129,0.23833518704391943,0.13432835820895522,9,29
random,5,130,0.18380557740824136,0.2459016393442623,15,23
random,5,131,0.14715466728155605,0.22580645161290322,14,24
random,5,132,0.19746256408865262,0.22580645161290322,14,24
random,5,133,0.10661435585817759,0.1875,12,26
random,5,134,0.1563152754794781,0.26666666666666666,16,22
random,5,135,0.19418861731275264,0.2459016393442623,15,23
random,5,136,0.14209030735425768,0.1875,12,26
random,5,137,0.15899241787157858,0.16923076923076924,11,27
random,5,138,0.19149282478365848,0.2459016393442623,15,23
random,5,139,0.18664209369828827,0.2459016393442623,15,23
random,5,140,0.472833532268128,0.3333333333333333,19,19
random,5,141,0.194800680899547,0.08571428571428572,6,32
random,5,142,0.2373111249762635,0.2459016393442623,15,23
random,5,143,0.12854013509481055,0.13432835820895522,9,29
random,5,144,0.1103613379269186,0.2459016393442623,15,23
random,5,145,0.22961031386485098,0.20634920634920634,13,25
random,5,146,0.2977511325719556,0.2459016393442623,15,23
random,5,147,0.22112789246670106,0.13432835820895522,9,29
random,5,148,0.18792556221685705,0.2459016393442623,15,23
random,5,149,0.16748501207172506,0.1875,12,26
random,5,150,0.16793600629357353,0.20634920634920634,13,25
random,5,151,0.026437416922117034,0.15151515151515152,10,28
random,5,152,0.03795641971624665,0.08571428571428572,6,32
random,5,153,0.06871219108591271,0.15151515151515152,10,28
random,5,154,0.2564224289938421,0.288135593220339,17,21
random,5,155,0.27734110083281344,0.2459016393442623,15,23
random,5,156,0.08919343243903102,0.16923076923076924,11,27
random,5,157,0.17669309334563113,0.11764705882352941,8,30
random,5,158,0.14964022190272092,0.26666666666666666,16,22
random,5,159,0.4349873179068443,0.3103448275862069,18,20
random,5,160,0.31201848737216187,0.22580645161290322,14,24
random,5,161,0.27245476494045523,0.3103448275862069,18,20
random,5,162,0.16083708596695875,0.20634920634920634,13,25
random,5,163,0.20907142663375203,0.2459016393442623,15,23
random,5,164,0.2135423731112498,0.26666666666666666,16,22
random,5,165,0.48223998318096745,0.3333333333333333,19,19
random,5,166,0.17338184629574369,0.1875,12,26
random,5,167,0.3172625668013998,0.288135593220339,17,21
random,5,168,0.19503465534546838,0.2459016393442623,15,23
random,5,169,-0.02957403087106313,0.11764705882352941,8,30
random,5,170,0.214705463472859,0.26666666666666666,16,22
random,5,171,0.2746215717657272,0.3103448275862069,18,20
random,5,172,0.29852765645769475,0.26666666666666666,16,22
random,5,173,0.2879343786452541,0.26666666666666666,16,22
random,5,174,0.02062705151506931,0.15151515151515152,10,28
random,5,175,0.18905135230447878,0.22580645161290322,14,24
random,5,176,-0.14851443181509916,0.02702702702702703,2,36
random,5,177,0.19749816889564062,0.2459016393442623,15,23
random,5,178,0.09796916962808237,0.20634920634920634,13,25
random,5,179,0.07405969400211594,0.16923076923076924,11,27
random,5,180,-0.12422686704825978,0.11764705882352941,8,30
random,5,181,0.12836719746086864,0.16923076923076924,11,27
random,5,182,0.16842599625640886,0.20634920634920634,13,25
random,5,183,0.23941519952255652,0.26666666666666666,16,22
random,5,184,0.24471522936277573,0.26666666666666666,16,22
random,5,185,0.22577855844613845,0.20634920634920634,13,25
random,5,186,0.06661828934161626,0.15151515151515152,10,28
random,5,187,0.33940367034696045,0.2459016393442623,15,23
random,5,188,0.3344257792366329,0.26666666666666666,16,22
random,5,189,0.24029514689526088,0.2459016393442623,15,23
random,5,190,0.2315244961072078,0.26666666666666666,16,22
random,5,191,0.30382090442991616,0.288135593220339,17,21
random,5,192,0.15328886688549495,0.15151515151515152,10,28
random,5,193,0.3217402951468953,0.288135593220339,17,21
random,5,194,0.30545872555136594,0.2459016393442623,15,23
random,5,195,0.467152022353037,0.35714285714285715,20,18
random,5,196,0.15295655535360664,0.16923076923076924,11,27
random,5,197,0.2492438217182541,0.20634920634920634,13,25
random,5,198,0.2561765862789247,0.22580645161290322,14,24
random,5,199,0.2789026259392888,0.3103448275862069,18,20
random,10,0,0.4213116810894394,0.3103448275862069,18,20
random,10,1,0.5126397064807531,0.38181818181818183,21,17
random,10,2,0.12319093671160786,0.11764705882352941,8,30
random,10,3,0.4759311504760872,0.38181818181818183,21,17
random,10,4,0.2534994438868242,0.1875,12,26
random,10,5,0.41807164365352795,0.3333333333333333,19,19
random,10,6,0.2535486124298077,0.22580645161290322,14,24
random,10,7,0.34131615712231783,0.26666666666666666,16,22
random,10,8,0.24291125247538187,0.26666666666666666,16,22
random,10,9,0.09424931503133226,0.13432835820895522,9,29
random,10,10,0.06397844722350325,0.11764705882352941,8,30
random,10,11,0.27528958576350276,0.20634920634920634,13,25
random,10,12,0.4009796408322709,0.3103448275862069,18,20
random,10,13,0.3734571250305184,0.26666666666666666,16,22
random,10,14,0.4057778124406587,0.26666666666666666,16,22
random,10,15,0.15774455415999786,0.22580645161290322,14,24
random,10,16,0.41411781461085645,0.4074074074074074,22,16
random,10,17,0.38213452513360285,0.3333333333333333,19,19
random,10,18,0.532098581233215,0.3333333333333333,19,19
random,10,19,0.4689865176464206,0.35714285714285715,20,18
random,10,20,0.4602209532593658,0.4074074074074074,22,16
random,10,21,0.19499396413748205,0.16923076923076924,11,27
random,10,22,0.516122195697583,0.3333333333333333,19,19
random,10,23,0.3501020671133658,0.4074074074074074,22,16
random,10,24,0.3825024414724793,0.2459016393442623,15,23
random,10,25,0.17889720044489058,0.1875,12,26
random,10,26,0.5272258090768522,0.4074074074074074,22,16
random,10,27,0.2779819873585981,0.3333333333333333,19,19
random,10,28,0.18050958956134883,0.20634920634920634,13,25
random,10,29,0.19567893280525192,0.3103448275862069,18,20
random,10,30,0.43058079917532494,0.35714285714285715,20,18
random,10,31,0.2857540080839867,0.26666666666666666,16,22
random,10,32,0.4165915009630253,0.3333333333333333,19,19
random,10,33,0.5651635786561051,0.4074074074074074,22,16
random,10,34,0.3363518297479858,0.2459016393442623,15,23
random,10,35,0.12458121965114073,0.16923076923076924,11,27
random,10,36,0.07465649838591543,0.1875,12,26
random,10,37,0.5248284187396577,0.3103448275862069,18,20
random,10,38,0.27091528090497247,0.2459016393442623,15,23
random,10,39,0.3138326370615523,0.288135593220339,17,21
random,10,40,0.4650920299487291,0.26666666666666666,16,22
random,10,41,0.4520182839161219,0.35714285714285715,20,18
random,10,42,0.4895084502075252,0.26666666666666666,16,22
random,10,43,0.35529189159862196,0.26666666666666666,16,22
random,10,44,0.24093094702004722,0.288135593220339,17,21
random,10,45,0.10898800965738005,0.08571428571428572,6,32
random,10,46,0.4071409679082007,0.3333333333333333,19,19
random,10,47,0.11512220926131894,0.13432835820895522,9,29
random,10,48,0.3906203374657516,0.3103448275862069,18,20
random,10,49,0.23495612131405477,0.26666666666666666,16,22
random,10,50,0.6336112768901067,0.38181818181818183,21,17
random,10,51,0.24245686731953453,0.2459016393442623,15,23
random,10,52,0.43391917369720323,0.288135593220339,17,21
random,10,53,0.3552393321216396,0.1875,12,26
random,10,54,0.4258250142419229,0.35714285714285715,20,18
random,10,55,0.3511990342619971,0.288135593220339,17,21
random,10,56,0.5328513685809619,0.38181818181818183,21,17
random,10,57,0.30569439546428673,0.26666666666666666,16,22
random,10,58,0.1506744567723734,0.22580645161290322,14,24
random,10,59,0.6372785720098745,0.38181818181818183,21,17
random,10,60,0.511937783142989,0.35714285714285715,20,18
random,10,61,0.4978671025147167,0.38181818181818183,21,17
random,10,62,0.4103284458671297,0.2459016393442623,15,23
random,10,63,0.25408268453462823,0.26666666666666666,16,22
random,10,64,0.6333773024441853,0.35714285714285715,20,18
random,10,65,0.20876454710685513,0.16923076923076924,11,27
random,10,66,0.25739901798551396,0.20634920634920634,13,25
random,10,67,0.1665033366790549,0.22580645161290322,14,24
random,10,68,0.40984184683829317,0.3333333333333333,19,19
random,10,69,0.3039870601958604,0.1875,12,26
random,10,70,0.4122578873124814,0.3103448275862069,18,20
random,10,71,0.4670401215310746,0.3333333333333333,19,19
random,10,72,0.21836767219162848,0.13432835820895522,9,29
random,10,73,0.10172293356482111,0.20634920634920634,13,25
random,10,74,0.5562454222391017,0.38181818181818183,21,17
random,10,75,0.20458183001926053,0.2459016393442623,15,23
random,10,76,0.46228772753167136,0.26666666666666666,16,22
random,10,77,0.49187532213873003,0.35714285714285715,20,18
random,10,78,0.26197508341697645,0.2459016393442623,15,23
random,10,79,0.2524194314081871,0.26666666666666666,16,22
random,10,80,0.34467657271518876,0.22580645161290322,14,24
random,10,81,0.5108170794563655,0.3103448275862069,18,20
random,10,82,0.1550453706969048,0.16923076923076924,11,27
random,10,83,0.3701051867726447,0.3103448275862069,18,20
random,10,84,0.20072294712855715,0.26666666666666666,16,22
random,10,85,0.47384742153378734,0.38181818181818183,21,17
random,10,86,0.24283495646040745,0.288135593220339,17,21
random,10,87,0.2640978081002632,0.2459016393442623,15,23
random,10,88,0.3525435395925454,0.26666666666666666,16,22
random,10,89,0.17382436318259506,0.2459016393442623,15,23
random,10,90,0.30785102948756204,0.22580645161290322,14,24
random,10,91,0.3947674497463582,0.22580645161290322,14,24
random,10,92,0.3574061389469116,0.26666666666666666,16,22
random,10,93,0.4176392995686733,0.288135593220339,17,21
random,10,94,0.3850914195806094,0.3333333333333333,19,19
random,10,95,0.17372263516262923,0.16923076923076924,11,27
random,10,96,0.2064756666576242,0.2459016393442623,15,23
random,10,97,0.329035889645444,0.26666666666666666,16,22
random,10,98,0.5163188698695169,0.35714285714285715,20,18
random,10,99,0.06955483818462958,0.1875,12,26
random,10,100,0.418375132246426,0.3103448275862069,18,20
random,10,101,0.19253214605430924,0.16923076923076924,11,27
random,10,102,0.5348164148333018,0.38181818181818183,21,17
random,10,103,0.26912825868757295,0.26666666666666666,16,22
random,10,104,0.40773607682500074,0.26666666666666666,16,22
random,10,105,0.524577489623742,0.38181818181818183,21,17
random,10,106,0.4431306459051082,0.3333333333333333,19,19
random,10,107,0.058951387570192346,0.20634920634920634,13,25
random,10,108,0.4904782573311993,0.4074074074074074,22,16
random,10,109,0.42349544258470556,0.288135593220339,17,21
random,10,110,0.226773797574804,0.22580645161290322,14,24
random,10,111,0.2051718525350623,0.22580645161290322,14,24
random,10,112,0.4145603314977078,0.35714285714285715,20,18
random,10,113,0.4642731193880043,0.3333333333333333,19,19
random,10,114,0.37869781352575765,0.2459016393442623,15,23
random,10,115,0.3655392941431788,0.3333333333333333,19,19
random,10,116,0.29109472913219225,0.3103448275862069,18,20
random,10,117,0.22971543281881568,0.2459016393442623,15,23
random,10,118,0.28166284621436133,0.16923076923076924,11,27
random,10,119,0.45579917532485154,0.288135593220339,17,21
random,10,120,0.04835810975775168,0.05555555555555555,4,34
random,10,121,0.33206229823942707,0.3103448275862069,18,20
random,10,122,0.35447976290589484,0.26666666666666666,16,22
random,10,123,0.19261183300328247,0.15151515151515152,10,28
random,10,124,0.33917986870303557,0.26666666666666666,16,22
random,10,125,0.32534655345468355,0.3333333333333333,19,19
random,10,126,0.44706582481078594,0.2459016393442623,15,23
random,10,127,0.5962991346336436,0.35714285714285715,20,18
random,10,128,0.39555923283509214,0.26666666666666666,16,22
random,10,129,0.408678756476684,0.2459016393442623,15,23
random,10,130,0.30817316821745383,0.26666666666666666,16,22
random,10,131,0.322318449393701,0.3333333333333333,19,19
random,10,132,0.2180319697257413,0.16923076923076924,11,27
random,10,133,0.26621035998155335,0.288135593220339,17,21
random,10,134,0.39256164718009934,0.3103448275862069,18,20
random,10,135,0.16524190923147875,0.2459016393442623,15,23
random,10,136,0.3659106014160541,0.2459016393442623,15,23
random,10,137,0.3548358109757752,0.22580645161290322,14,24
random,10,138,0.34810989338903514,0.3333333333333333,19,19
random,10,139,0.3854033855085045,0.288135593220339,17,21
random,10,140,0.31410221631446167,0.35714285714285715,20,18
random,10,141,0.312732278978922,0.22580645161290322,14,24
random,10,142,0.6116854976534738,0.4339622641509434,23,15
random,10,143,0.28748507989040506,0.22580645161290322,14,24
random,10,144,0.40925691072348974,0.3333333333333333,19,19
random,10,145,0.2708271166210021,0.2459016393442623,15,23
random,10,146,0.28626095271681634,0.288135593220339,17,21
random,10,147,0.5669811192794943,0.4074074074074074,22,16
random,10,148,0.2937667851232944,0.2459016393442623,15,23
random,10,149,0.44425643599272996,0.3333333333333333,19,19
random,10,150,0.4640832270840681,0.3103448275862069,18,20
random,10,151,0.22503594390038797,0.1875,12,26
random,10,152,0.4028650001356374,0.35714285714285715,20,18
random,10,153,0.487506103681198,0.38181818181818183,21,17
random,10,154,0.16241726121042782,0.20634920634920634,13,25
random,10,155,0.20466151696823376,0.2459016393442623,15,23
random,10,156,0.27950621219108596,0.288135593220339,17,21
random,10,157,0.22534960529528258,0.1875,12,26
random,10,158,0.1835749938963188,0.22580645161290322,14,24
random,10,159,-0.00587479315302607,0.15151515151515152,10,28
random,10,160,0.2738908254889727,0.26666666666666666,16,22
random,10,161,0.25699888777364843,0.26666666666666666,16,22
random,10,162,0.23942028592355485,0.20634920634920634,13,25
random,10,163,0.1356441418224236,0.2459016393442623,15,23
random,10,164,0.33009047011908965,0.2459016393442623,15,23
random,10,165,0.1774747036323685,0.16923076923076924,11,27
random,10,166,0.101470308981906,0.20634920634920634,13,25
random,10,167,0.2430943629113203,0.20634920634920634,13,25
random,10,168,0.2385793342918374,0.20634920634920634,13,25
random,10,169,0.4968549087160568,0.3103448275862069,18,20
random,10,170,0.40988931991427724,0.3103448275862069,18,20
random,10,171,0.30389720044489055,0.2459016393442623,15,23
random,10,172,0.34365251064753277,0.3103448275862069,18,20
random,10,173,0.36586991020806775,0.35714285714285715,20,18
random,10,174,0.2786822152293628,0.1875,12,26
random,10,175,0.3879872772156363,0.38181818181818183,21,17
random,10,176,0.5593854271220465,0.4339622641509434,23,15
random,10,177,0.44707769307978196,0.3333333333333333,19,19
random,10,178,0.4426152239372813,0.35714285714285715,20,18
random,10,179,0.21814217508070427,0.22580645161290322,14,24
random,10,180,0.4127377044733202,0.3103448275862069,18,20
random,10,181,0.28461634972736893,0.288135593220339,17,21
random,10,182,0.4740966551827036,0.3333333333333333,19,19
random,10,183,0.3530826980983643,0.3103448275862069,18,20
random,10,184,0.301877899248569,0.22580645161290322,14,24
random,10,185,0.3054739847543608,0.26666666666666666,16,22
random,10,186,0.30491956704554707,0.35714285714285715,20,18
random,10,187,0.39938081545180815,0.3103448275862069,18,20
random,10,188,0.5035791308357974,0.38181818181818183,21,17
random,10,189,0.5485157881886988,0.3333333333333333,19,19
random,10,190,0.43726093915308045,0.38181818181818183,21,17
random,10,191,0.5268172015299896,0.35714285714285715,20,18
random,10,192,0.4024530016547759,0.3103448275862069,18,20
random,10,193,0.2738738708189784,0.22580645161290322,14,24
random,10,194,0.2339134091094051,0.1875,12,26
random,10,195,0.2994567723733826,0.288135593220339,17,21
random,10,196,0.4613196158749966,0.288135593220339,17,21
random,10,197,0.5014445378835147,0.3103448275862069,18,20
random,10,198,0.33034818110300307,0.26666666666666666,16,22
random,10,199,0.2965219189973687,0.2459016393442623,15,23
random,25,0,0.4722604644223205,0.35714285714285715,20,18
random,25,1,0.5906735751295337,0.38181818181818183,21,17
random,25,2,0.5456097577516752,0.38181818181818183,21,17
random,25,3,0.5171055665572526,0.35714285714285715,20,18
random,25,4,0.5752821257087053,0.4339622641509434,23,15
random,25,5,0.5716317852589318,0.38181818181818183,21,17
random,25,6,0.7432469549412691,0.49019607843137253,25,13
random,25,7,0.7160465778694085,0.5510204081632653,27,11
random,25,8,0.6828069473455769,0.4339622641509434,23,15
random,25,9,0.6673646339147655,0.49019607843137253,25,13
random,25,10,0.43765259202994883,0.38181818181818183,21,17
random,25,11,0.584217236795703,0.49019607843137253,25,13
random,25,12,0.6653317689824486,0.5833333333333334,28,10
random,25,13,0.5542939397227573,0.35714285714285715,20,18
random,25,14,0.5813281610286738,0.49019607843137253,25,13
random,25,15,0.609771315411117,0.4339622641509434,23,15
random,25,16,0.5072989854325476,0.4074074074074074,22,16
random,25,17,0.5560860483411552,0.3333333333333333,19,19
random,25,18,0.7529416352440117,0.6170212765957447,29,9
random,25,19,0.35409319643002474,0.288135593220339,17,21
random,25,20,0.688027290236823,0.46153846153846156,24,14
random,25,21,0.5003950438108673,0.38181818181818183,21,17
random,25,22,0.5204727640181213,0.35714285714285715,20,18
random,25,23,0.5930997884057185,0.46153846153846156,24,14
random,25,24,0.6308035835390501,0.38181818181818183,21,17
random,25,25,0.49093603342104564,0.3333333333333333,19,19
random,25,26,0.4693696931882919,0.52,26,12
random,25,27,0.7108686216531482,0.46153846153846156,24,14
random,25,28,0.516768168624366,0.3333333333333333,19,19
random,25,29,0.5049558500393349,0.35714285714285715,20,18
random,25,30,0.5277480129126767,0.38181818181818183,21,17
random,25,31,0.5424053251227519,0.38181818181818183,21,17
random,25,32,0.3070846784038196,0.288135593220339,17,21
random,25,33,0.6579768331389199,0.46153846153846156,24,14
random,25,34,0.6184334563112065,0.5510204081632653,27,11
random,25,35,0.696723340476901,0.49019607843137253,25,13
random,25,36,0.5587479315302608,0.4339622641509434,23,15
random,25,37,0.4872195697582943,0.35714285714285715,20,18
random,25,38,0.5307133846946804,0.49019607843137253,25,13
random,25,39,0.5989508450207526,0.288135593220339,17,21
random,25,40,0.46874406586550205,0.38181818181818183,21,17
random,25,41,0.5524001030843937,0.4074074074074074,22,16
random,25,42,0.6671323549358436,0.46153846153846156,24,14
random,25,43,0.7450967094376476,0.4074074074074074,22,16
random,25,44,0.3173693812223639,0.288135593220339,17,21
random,25,45,0.4267303936196186,0.3333333333333333,19,19
random,25,46,0.6709335919485664,0.38181818181818183,21,17
random,25,47,0.3655664216151697,0.35714285714285715,20,18
random,25,48,0.4957748962374197,0.3103448275862069,18,20
random,25,49,0.3586031386485094,0.3103448275862069,18,20
random,25,50,0.5276751078317012,0.3333333333333333,19,19
random,25,51,0.6627512682093157,0.46153846153846156,24,14
random,25,52,0.6021230637766868,0.46153846153846156,24,14
random,25,53,0.7127641537585112,0.38181818181818183,21,17
random,25,54,0.5157661476277027,0.52,26,12
random,25,55,0.7065790901445895,0.46153846153846156,24,14
random,25,56,0.41378550307896816,0.3333333333333333,19,19
random,25,57,0.6073891842769173,0.35714285714285715,20,18
random,25,58,0.5628068795268969,0.4074074074074074,22,16
random,25,59,0.4666145593142175,0.26666666666666666,16,22
random,25,60,0.6660014784472235,0.4074074074074074,22,16
random,25,61,0.593345631120636,0.46153846153846156,24,14
random,25,62,0.6152968423622603,0.49019607843137253,25,13
random,25,63,0.48451869082820176,0.3333333333333333,19,19
random,25,64,0.5382904267151345,0.3103448275862069,18,20
random,25,65,0.5102863982855439,0.38181818181818183,21,17
random,25,66,0.5816655589615604,0.4074074074074074,22,16
random,25,67,0.3536761115481648,0.2459016393442623,15,23
random,25,68,0.5963194802376367,0.38181818181818183,21,17
random,25,69,0.6938936060548518,0.49019607843137253,25,13
random,25,70,0.6138150042047582,0.4074074074074074,22,16
random,25,71,0.5951479125410304,0.4074074074074074,22,16
random,25,72,0.44309334563112074,0.288135593220339,17,21
random,25,73,0.44885454249518497,0.288135593220339,17,21
random,25,74,0.6063142581992784,0.4339622641509434,23,15
random,25,75,0.5257965303963325,0.4074074074074074,22,16
random,25,76,0.4926874508314571,0.38181818181818183,21,17
random,25,77,0.4327069147926105,0.2459016393442623,15,23
random,25,78,0.7134389496242847,0.52,26,12
random,25,79,0.6993479233920191,0.4339622641509434,23,15
random,25,80,0.5216833274557144,0.4339622641509434,23,15
random,25,81,0.5558707240322275,0.3333333333333333,19,19
random,25,82,0.39955036215175116,0.22580645161290322,14,24
random,25,83,0.6163242953639151,0.38181818181818183,21,17
random,25,84,0.5692496541247322,0.3103448275862069,18,20
random,25,85,0.5612046632124353,0.3333333333333333,19,19
random,25,86,0.7299409299297399,0.46153846153846156,24,14
random,25,87,0.39606109106692355,0.288135593220339,17,21
random,25,88,0.6298642948213657,0.4339622641509434,23,15
random,25,89,0.5671930526544232,0.4339622641509434,23,15
random,25,90,0.6784852019640291,0.4074074074074074,22,16
random,25,91,0.6618018066896346,0.4074074074074074,22,16
random,25,92,0.6128655426850772,0.4339622641509434,23,15
random,25,93,0.44460570219461254,0.4339622641509434,23,15
random,25,94,0.5915314814312455,0.4074074074074074,22,16
random,25,95,0.7961353525214986,0.5833333333333334,28,10
random,25,96,0.6298049534763857,0.35714285714285715,20,18
random,25,97,0.715083552613732,0.46153846153846156,24,14
random,25,98,0.6259257249816891,0.4339622641509434,23,15
random,25,99,0.5133399343515178,0.4339622641509434,23,15
random,25,100,0.6331178959932724,0.46153846153846156,24,14
random,25,101,0.4145382904267152,0.3103448275862069,18,20
random,25,102,0.4414741746466648,0.35714285714285715,20,18
random,25,103,0.5402079998914902,0.4074074074074074,22,16
random,25,104,0.5601619510077857,0.4074074074074074,22,16
random,25,105,0.536878102704609,0.4339622641509434,23,15
random,25,106,0.52008958847625,0.4074074074074074,22,16
random,25,107,0.5756025689715977,0.4339622641509434,23,15
random,25,108,0.6660167376502185,0.52,26,12
random,25,109,0.5904073868106232,0.49019607843137253,25,13
random,25,110,0.3516093372758593,0.26666666666666666,16,22
random,25,111,0.7393372080405828,0.5833333333333334,28,10
random,25,112,0.5864382985649568,0.4074074074074074,22,16
random,25,113,0.44907834413910974,0.3103448275862069,18,20
random,25,114,0.6832952418414129,0.46153846153846156,24,14
random,25,115,0.3401259392887177,0.3103448275862069,18,20
random,25,116,0.46940868892927873,0.35714285714285715,20,18
random,25,117,0.5171869489732253,0.3333333333333333,19,19
random,25,118,0.5813044244906818,0.46153846153846156,24,14
random,25,119,0.6075926403168489,0.4339622641509434,23,15
random,25,120,0.6444046198084801,0.4339622641509434,23,15
random,25,121,0.5260322003092532,0.4074074074074074,22,16
random,25,122,0.6550724981688958,0.49019607843137253,25,13
random,25,123,0.3999487968966173,0.26666666666666666,16,22
random,25,124,0.3685267069961751,0.35714285714285715,20,18
random,25,125,0.5340008952065758,0.3333333333333333,19,19
random,25,126,0.5109679760193148,0.35714285714285715,20,18
random,25,127,0.73672618886146,0.46153846153846156,24,14
random,25,128,0.5767860049372,0.46153846153846156,24,14
random,25,129,0.7336082250495076,0.52,26,12
random,25,130,0.2725514065594228,0.2459016393442623,15,23
random,25,131,0.5089283292190001,0.4074074074074074,22,16
random,25,132,0.2791959417301902,0.35714285714285715,20,18
random,25,133,0.7453645932235575,0.4339622641509434,23,15
random,25,134,0.5547449339446058,0.3333333333333333,19,19
random,25,135,0.646256069771858,0.4339622641509434,23,15
random,25,136,0.473723652442829,0.4074074074074074,22,16
random,25,137,0.7126827713425387,0.49019607843137253,25,13
random,25,138,0.6271176382822885,0.4339622641509434,23,15
random,25,139,0.6999396413748203,0.46153846153846156,24,14
random,25,140,0.4787422347611427,0.4339622641509434,23,15
random,25,141,0.6134996473428642,0.5510204081632653,27,11
random,25,142,0.5553383473944064,0.38181818181818183,21,17
random,25,143,0.730220681984646,0.52,26,12
random,25,144,0.7612189051352306,0.5833333333333334,28,10
random,25,145,0.333622127878903,0.3103448275862069,18,20
random,25,146,0.3847879309877113,0.288135593220339,17,21
random,25,147,0.5997087187694979,0.4339622641509434,23,15
random,25,148,0.26784818110300307,0.2459016393442623,15,23
random,25,149,0.7321365596940023,0.5510204081632653,27,11
random,25,150,0.3733926972845401,0.2459016393442623,15,23
random,25,151,0.5788476928085072,0.49019607843137253,25,13
random,25,152,0.42871917640995044,0.4074074074074074,22,16
random,25,153,0.5933829313946234,0.35714285714285715,20,18
random,25,154,0.5737816374142094,0.38181818181818183,21,17
random,25,155,0.6807062637332827,0.49019607843137253,25,13
random,25,156,0.6100849768060115,0.4074074074074074,22,16
random,25,157,0.6203459430865638,0.52,26,12
random,25,158,0.5821453761223992,0.46153846153846156,24,14
random,25,159,0.7371280145403252,0.49019607843137253,25,13
random,25,160,0.47710271817269356,0.288135593220339,17,21
random,25,161,0.4481594010254185,0.35714285714285715,20,18
random,25,162,0.5628068795268969,0.49019607843137253,25,13
random,25,163,0.6493943791878035,0.3333333333333333,19,19
random,25,164,0.7437895043810869,0.52,26,12
random,25,165,0.47490369747443234,0.35714285714285715,20,18
random,25,166,0.5084908987331471,0.38181818181818183,21,17
random,25,167,0.44983282695385624,0.1875,12,26
random,25,168,0.5524085804193908,0.38181818181818183,21,17
random,25,169,0.6297557849334022,0.35714285714285715,20,18
random,25,170,0.4669214388411144,0.3103448275862069,18,20
random,25,171,0.7073166182893418,0.52,26,12
random,25,172,0.6413646474785015,0.3103448275862069,18,20
random,25,173,0.5015004882944959,0.4074074074074074,22,16
random,25,174,0.5058001926050513,0.49019607843137253,25,13
random,25,175,0.5480902259718418,0.35714285714285715,20,18
random,25,176,0.6614423676857555,0.4339622641509434,23,15
random,25,177,0.6089693595203864,0.52,26,12
random,25,178,0.4438546103138649,0.4074074074074074,22,16
random,25,179,0.4890065919756938,0.3333333333333333,19,19
random,25,180,0.7011349456094187,0.46153846153846156,24,14
random,25,181,0.5480512302308549,0.4339622641509434,23,15
random,25,182,0.6017449746358137,0.52,26,12
random,25,183,0.6509542088272794,0.38181818181818183,21,17
random,25,184,0.7359988335187045,0.46153846153846156,24,14
random,25,185,0.5439041179502483,0.3103448275862069,18,20
random,25,186,0.5290433497002415,0.38181818181818183,21,17
random,25,187,0.5517066570816267,0.4339622641509434,23,15
random,25,188,0.32524991183571605,0.26666666666666666,16,22
random,25,189,0.516268005859534,0.35714285714285715,20,18
random,25,190,0.8041667796978,0.52,26,12
random,25,191,0.5573016981797466,0.4074074074074074,22,16
random,25,192,0.5457894772536148,0.35714285714285715,20,18
random,25,193,0.6287758050077314,0.4339622641509434,23,15
random,25,194,0.6130520440550147,0.5510204081632653,27,11
random,25,195,0.5470712503051842,0.35714285714285715,20,18
random,25,196,0.7430960583783198,0.49019607843137253,25,13
random,25,197,0.34633982584162987,0.3333333333333333,19,19
random,25,198,0.4798629384477661,0.46153846153846156,24,14
random,25,199,0.6122263516262921,0.49019607843137253,25,13
random,50,0,0.8304770365949597,0.52,26,12
random,50,1,0.6820948512058161,0.4339622641509434,23,15
random,50,2,0.8489491495537532,0.6888888888888889,31,7
random,50,3,0.5885728915172396,0.5510204081632653,27,11
random,50,4,0.7551304831402763,0.5833333333333334,28,10
random,50,5,0.8014760735697041,0.52,26,12
random,50,6,0.6676308222336762,0.49019607843137253,25,13
random,50,7,0.7180285787917424,0.46153846153846156,24,14
random,50,8,0.8072643979057594,0.5833333333333334,28,10
random,50,9,0.7523787402002009,0.52,26,12
random,50,10,0.7115485039199199,0.52,26,12
random,50,11,0.7841857011095137,0.5510204081632653,27,11
random,50,12,0.8013285679407536,0.5510204081632653,27,11
random,50,13,0.7924714483357298,0.5510204081632653,27,11
random,50,14,0.8116878713072729,0.6170212765957447,29,9
random,50,15,0.6523699237718038,0.4074074074074074,22,16
random,50,16,0.8296682988362315,0.6170212765957447,29,9
random,50,17,0.7830887339608822,0.52,26,12
random,50,18,0.7388438271437486,0.4074074074074074,22,16
random,50,19,0.7762136152781923,0.49019607843137253,25,13
random,50,20,0.7795502943330712,0.5510204081632653,27,11
random,50,21,0.8202737161923881,0.52,26,12
random,50,22,0.8336441689498957,0.6521739130434783,30,8
random,50,23,0.7411649214659686,0.49019607843137253,25,13
random,50,24,0.7801928763258553,0.52,26,12
random,50,25,0.7999840626102055,0.5510204081632653,27,11
random,50,26,0.7459580066733581,0.52,26,12
random,50,27,0.8186036811979494,0.5510204081632653,27,11
random,50,28,0.7961828255974827,0.6170212765957447,29,9
random,50,29,0.823050891137455,0.52,26,12
random,50,30,0.7861405745598568,0.52,26,12
random,50,31,0.7953876515747499,0.5833333333333334,28,10
random,50,32,0.8618957355614032,0.6521739130434783,30,8
random,50,33,0.7998789436562409,0.5833333333333334,28,10
random,50,34,0.7499813498630064,0.5510204081632653,27,11
random,50,35,0.8587557306784583,0.7674418604651163,33,5
random,50,36,0.7858557361039527,0.6170212765957447,29,9
random,50,37,0.8338137156498387,0.5510204081632653,27,11
random,50,38,0.847809795730136,0.5833333333333334,28,10
random,50,39,0.7860117190679,0.5833333333333334,28,10
random,50,40,0.8270877980630986,0.6170212765957447,29,9
random,50,41,0.7819578574722623,0.5833333333333334,28,10
random,50,42,0.8165318205246455,0.6170212765957447,29,9
random,50,43,0.7359903561837073,0.5833333333333334,28,10
random,50,44,0.8826753791064211,0.6888888888888889,31,7
random,50,45,0.7879394650462525,0.52,26,12
random,50,46,0.7677278029460436,0.52,26,12
random,50,47,0.8615515557605188,0.6888888888888889,31,7
random,50,48,0.803027425874183,0.52,26,12
random,50,49,0.7406647587011368,0.5833333333333334,28,10
random,50,50,0.853369232021268,0.5510204081632653,27,11
random,50,51,0.8529029785964247,0.6521739130434783,30,8
random,50,52,0.8559175189214118,0.6170212765957447,29,9
random,50,53,0.6982119605024009,0.5510204081632653,27,11
random,50,54,0.8369486341317853,0.5833333333333334,28,10
random,50,55,0.7619242194069936,0.6170212765957447,29,9
random,50,56,0.7438013726500828,0.35714285714285715,20,18
random,50,57,0.7290474188210401,0.49019607843137253,25,13
random,50,58,0.8101653419417845,0.6521739130434783,30,8
random,50,59,0.8480912432520413,0.6521739130434783,30,8
random,50,60,0.8075221088896727,0.5833333333333334,28,10
random,50,61,0.7644369015001493,0.6170212765957447,29,9
random,50,62,0.8487982529908038,0.6521739130434783,30,8
random,50,63,0.6132368499579525,0.52,26,12
random,50,64,0.7182252529636765,0.5510204081632653,27,11
random,50,65,0.8300056967691183,0.5833333333333334,28,10
random,50,66,0.6986765184602447,0.5833333333333334,28,10
random,50,67,0.7673683639421645,0.52,26,12
random,50,68,0.7155311559015817,0.49019607843137253,25,13
random,50,69,0.8046076011176521,0.5833333333333334,28,10
random,50,70,0.7644216422971545,0.5833333333333334,28,10
random,50,71,0.7863236849957953,0.5510204081632653,27,11
random,50,72,0.8212621734530561,0.5833333333333334,28,10
random,50,73,0.8613260586495946,0.5833333333333334,28,10
random,50,74,0.750354352602881,0.6170212765957447,29,9
random,50,75,0.8024577489623742,0.49019607843137253,25,13
random,50,76,0.8328116946531754,0.6170212765957447,29,9
random,50,77,0.7095495483275915,0.6170212765957447,29,9
random,50,78,0.7576262105634377,0.49019607843137253,25,13
random,50,79,0.7537249409977484,0.52,26,12
random,50,80,0.822191289368744,0.5833333333333334,28,10
random,50,81,0.8468043837994739,0.6170212765957447,29,9
random,50,82,0.774565621354746,0.46153846153846156,24,14
random,50,83,0.79389903154925,0.52,26,12
random,50,84,0.6361934731302391,0.4339622641509434,23,15
random,50,85,0.7495235737731603,0.52,26,12
random,50,86,0.8292173046143831,0.6170212765957447,29,9
random,50,87,0.5506605539429781,0.4074074074074074,22,16
random,50,88,0.8187138865529122,0.6170212765957447,29,9
random,50,89,0.8348530369204895,0.5833333333333334,28,10
random,50,90,0.7967491115752924,0.6170212765957447,29,9
random,50,91,0.8118794590782086,0.5510204081632653,27,11
random,50,92,0.6386671594824079,0.46153846153846156,24,14
random,50,93,0.85639903154925,0.6170212765957447,29,9
random,50,94,0.7431503133223016,0.52,26,12
random,50,95,0.86806553997233,0.5833333333333334,28,10
random,50,96,0.8167657949705668,0.52,26,12
random,50,97,0.8300158695711147,0.5510204081632653,27,11
random,50,98,0.7539572199766705,0.5510204081632653,27,11
random,50,99,0.7697199766703742,0.46153846153846156,24,14
random,50,100,0.8400920299487292,0.6521739130434783,30,8
random,50,101,0.8265672896942735,0.6521739130434783,30,8
random,50,102,0.8534268778992486,0.5833333333333334,28,10
random,50,103,0.788666820389008,0.6170212765957447,29,9
random,50,104,0.8142429400754144,0.7674418604651163,33,5
random,50,105,0.7947043783739796,0.6888888888888889,31,7
random,50,106,0.7834956460407456,0.5510204081632653,27,11
random,50,107,0.8009267422618888,0.6521739130434783,30,8
random,50,108,0.7437369449041046,0.46153846153846156,24,14
random,50,109,0.7307767951604591,0.49019607843137253,25,13
random,50,110,0.7507460054797493,0.6521739130434783,30,8
random,50,111,0.774908105688631,0.52,26,12
random,50,112,0.6869031956162007,0.52,26,12
random,50,113,0.8104027073217048,0.7272727272727273,32,6
random,50,114,0.717443642676939,0.5510204081632653,27,11
random,50,115,0.8451631717440253,0.6170212765957447,29,9
random,50,116,0.8216266988579335,0.5510204081632653,27,11
random,50,117,0.7182642487046633,0.5833333333333334,28,10
random,50,118,0.733699780267477,0.46153846153846156,24,14
random,50,119,0.8128594390038792,0.52,26,12
random,50,120,0.7334166372785721,0.52,26,12
random,50,121,0.8534387461682448,0.6888888888888889,31,7
random,50,122,0.8080646583294903,0.5510204081632653,27,11
random,50,123,0.6632293899031549,0.35714285714285715,20,18
random,50,124,0.7385352521498522,0.5510204081632653,27,11
random,50,125,0.7559358299650056,0.5833333333333334,28,10
random,50,126,0.758991061497979,0.49019607843137253,25,13
random,50,127,0.6485703822260804,0.3333333333333333,19,19
random,50,128,0.7704931096221144,0.5510204081632653,27,11
random,50,129,0.904458739115102,0.6888888888888889,31,7
random,50,130,0.82383928329219,0.5833333333333334,28,10
random,50,131,0.6785275886390147,0.52,26,12
random,50,132,0.7635247402544558,0.5833333333333334,28,10
random,50,133,0.8047059382036189,0.5833333333333334,28,10
random,50,134,0.7999450668692186,0.6521739130434783,30,8
random,50,135,0.7289609500040694,0.5510204081632653,27,11
random,50,136,0.7617444999050539,0.5510204081632653,27,11
random,50,137,0.867985853023357,0.6888888888888889,31,7
random,50,138,0.8851185470526003,0.6888888888888889,31,7
random,50,139,0.828756137590538,0.7674418604651163,33,5
random,50,140,0.8344206928356348,0.6170212765957447,29,9
random,50,141,0.7793163198871499,0.46153846153846156,24,14
random,50,142,0.8034902883650274,0.5833333333333334,28,10
random,50,143,0.8587608170794565,0.6170212765957447,29,9
random,50,144,0.7766273092260534,0.5833333333333334,28,10
random,50,145,0.7710950004069123,0.6170212765957447,29,9
random,50,146,0.6236215853294631,0.4339622641509434,23,15
random,50,147,0.7939380272902369,0.5833333333333334,28,10
random,50,148,0.6219278137970323,0.52,26,12
random,50,149,0.7261464747850148,0.52,26,12
random,50,150,0.7987904538426065,0.49019607843137253,25,13
random,50,151,0.7935480698803679,0.5833333333333334,28,10
random,50,152,0.7591351761929306,0.5510204081632653,27,11
random,50,153,0.8460617692537233,0.6170212765957447,29,9
random,50,154,0.7127963676315004,0.46153846153846156,24,14
random,50,155,0.7807405121666713,0.52,26,12
random,50,156,0.685541735615658,0.52,26,12
random,50,157,0.7506781867997723,0.6888888888888889,31,7
random,50,158,0.760452554051488,0.49019607843137253,25,13
random,50,159,0.8543746439519302,0.6888888888888889,31,7
random,50,160,0.6539263624772809,0.5510204081632653,27,11
random,50,161,0.8434202316686108,0.6170212765957447,29,9
random,50,162,0.8565024550362152,0.5833333333333334,28,10
random,50,163,0.8246005479749343,0.6521739130434783,30,8
random,50,164,0.6666728833789979,0.46153846153846156,24,14
random,50,165,0.8268504326831783,0.52,26,12
random,50,166,0.5849513740064564,0.4074074074074074,22,16
random,50,167,0.802574736185335,0.49019607843137253,25,13
random,50,168,0.686348777907387,0.49019607843137253,25,13
random,50,169,0.8421486314190382,0.52,26,12
random,50,170,0.7746080080297318,0.6888888888888889,31,7
random,50,171,0.8378031494994983,0.5833333333333334,28,10
random,50,172,0.8701136641076419,0.5510204081632653,27,11
random,50,173,0.860146013617991,0.6170212765957447,29,9
random,50,174,0.7385844206928358,0.49019607843137253,25,13
random,50,175,0.7320992594200147,0.52,26,12
random,50,176,0.7761915742071998,0.5510204081632653,27,11
random,50,177,0.8575756856468546,0.6170212765957447,29,9
random,50,178,0.7261566475870115,0.6170212765957447,29,9
random,50,179,0.5952496405609962,0.46153846153846156,24,14
random,50,180,0.8498782654694411,0.6888888888888889,31,7
random,50,181,0.8235612267042836,0.6170212765957447,29,9
random,50,182,0.7536944225917588,0.5510204081632653,27,11
random,50,183,0.7037815695955295,0.6521739130434783,30,8
random,50,184,0.6760505113528471,0.46153846153846156,24,14
random,50,185,0.8324742967202887,0.49019607843137253,25,13
random,50,186,0.7826801264140195,0.52,26,12
random,50,187,0.7865203591677293,0.49019607843137253,25,13
random,50,188,0.8580639801426905,0.6888888888888889,31,7
random,50,189,0.8164419607736757,0.6521739130434783,30,8
random,50,190,0.8421842362260262,0.5510204081632653,27,11
random,50,191,0.7423703985025637,0.46153846153846156,24,14
random,50,192,0.8434320999376069,0.6888888888888889,31,7
random,50,193,0.7571972574125819,0.5833333333333334,28,10
random,50,194,0.7762509155521798,0.52,26,12
random,50,195,0.8300786018500936,0.52,26,12
random,50,196,0.7749962699726013,0.5510204081632653,27,11
random,50,197,0.8389560670591109,0.5833333333333334,28,10
random,50,198,0.8525045438515587,0.5510204081632653,27,11
random,50,199,0.863589507093834,0.6888888888888889,31,7
random,75,0,0.9307808642812577,0.6888888888888889,31,7
random,75,1,0.9031277975205492,0.8536585365853658,35,3
random,75,2,0.94931570951903,0.7674418604651163,33,5
random,75,3,0.8113453869733881,0.49019607843137253,25,13
random,75,4,0.8549578845997342,0.6888888888888889,31,7
random,75,5,0.8835977131541114,0.6521739130434783,30,8
random,75,6,0.9294041450777203,0.8095238095238095,34,4
random,75,7,0.9297228928736132,0.7272727272727273,32,6
random,75,8,0.8963544068578251,0.6521739130434783,30,8
random,75,9,0.9298636166345661,0.7272727272727273,32,6
random,75,10,0.8984652632721157,0.5833333333333334,28,10
random,75,11,0.8464313810595991,0.52,26,12
random,75,12,0.8864138838401651,0.6521739130434783,30,8
random,75,13,0.9025852480807315,0.7272727272727273,32,6
random,75,14,0.924592409733337,0.7272727272727273,32,6
random,75,15,0.9081090795648755,0.6521739130434783,30,8
random,75,16,0.8906033827957573,0.6170212765957447,29,9
random,75,17,0.7873918292054365,0.5510204081632653,27,11
random,75,18,0.9297313702086104,0.7272727272727273,32,6
random,75,19,0.8354701869082821,0.7272727272727273,32,6
random,75,20,0.9284462062230423,0.6888888888888889,31,7
random,75,21,0.892036052410276,0.7272727272727273,32,6
random,75,22,0.8795709790304643,0.7272727272727273,32,6
random,75,23,0.9178274964056101,0.7272727272727273,32,6
random,75,24,0.8804237989311777,0.6521739130434783,30,8
random,75,25,0.9106387163280256,0.7674418604651163,33,5
random,75,26,0.9255740851260073,0.8095238095238095,34,4
random,75,27,0.9325136315546755,0.8095238095238095,34,4
random,75,28,0.8843301548978652,0.6888888888888889,31,7
random,75,29,0.9030379377695793,0.6888888888888889,31,7
random,75,30,0.8792946179095571,0.5510204081632653,27,11
random,75,31,0.8946521579903969,0.6888888888888889,31,7
random,75,32,0.871768439899086,0.7272727272727273,32,6
random,75,33,0.9642120825760248,0.8536585365853658,35,3
random,75,34,0.8952014892982124,0.7272727272727273,32,6
random,75,35,0.8839249382850013,0.5833333333333334,28,10
random,75,36,0.8674026123755528,0.7272727272727273,32,6
random,75,37,0.8976904348533762,0.7272727272727273,32,6
random,75,38,0.8509294550090878,0.6170212765957447,29,9
random,75,39,0.9117068605376666,0.6888888888888889,31,7
random,75,40,0.8391239182920543,0.6521739130434783,30,8
random,75,41,0.9164796001410629,0.6521739130434783,30,8
random,75,42,0.9146891869896645,0.6888888888888889,31,7
random,75,43,0.8930668963459296,0.6888888888888889,31,7
random,75,44,0.9238684453245802,0.7272727272727273,32,6
random,75,45,0.8966121178417386,0.7674418604651163,33,5
random,75,46,0.8867241543010607,0.6170212765957447,29,9
random,75,47,0.8460007324417439,0.5510204081632653,27,11
random,75,48,0.8998911510186367,0.6521739130434783,30,8
random,75,49,0.8810375579849715,0.6888888888888889,31,7
random,75,50,0.9013424707701491,0.5833333333333334,28,10
random,75,51,0.9112863847218079,0.7272727272727273,32,6
random,75,52,0.929024360469848,0.8095238095238095,34,4
random,75,53,0.8905609961207717,0.6170212765957447,29,9
random,75,54,0.9422066163904187,0.7272727272727273,32,6
random,75,55,0.8900320104169493,0.6888888888888889,31,7
random,75,56,0.9235903887366739,0.6521739130434783,30,8
random,75,57,0.90797683313892,0.6521739130434783,30,8
random,75,58,0.9049758565499282,0.7674418604651163,33,5
random,75,59,0.898107519735236,0.6521739130434783,30,8
random,75,60,0.7526381466511137,0.49019607843137253,25,13
random,75,61,0.8001976914521337,0.6521739130434783,30,8
random,75,62,0.9131700485581751,0.6521739130434783,30,8
random,75,63,0.896922388302634,0.7272727272727273,32,6
random,75,64,0.9235174836556983,0.7674418604651163,33,5
random,75,65,0.9060202642215772,0.6888888888888889,31,7
random,75,66,0.8984991726121043,0.8536585365853658,35,3
random,75,67,0.8946555489243958,0.6888888888888889,31,7
random,75,68,0.8326319751512358,0.6170212765957447,29,9
random,75,69,0.911330466863793,0.6888888888888889,31,7
random,75,70,0.9117645064156473,0.7674418604651163,33,5
random,75,71,0.9247704337682773,0.6521739130434783,30,8
random,75,72,0.9069985486802485,0.7674418604651163,33,5
random,75,73,0.8793064861785531,0.8095238095238095,34,4
random,75,74,0.8998046822016657,0.6521739130434783,30,8
random,75,75,0.9076004394650463,0.8095238095238095,34,4
random,75,76,0.9303756476683939,0.9,36,2
random,75,77,0.9336428125762961,0.7674418604651163,33,5
random,75,78,0.9213896725714131,0.8095238095238095,34,4
random,75,79,0.9170441906518734,0.7272727272727273,32,6
random,75,80,0.8932822206548573,0.8095238095238095,34,4
random,75,81,0.9189651547622278,0.7674418604651163,33,5
random,75,82,0.889372473754171,0.6170212765957447,29,9
random,75,83,0.8858509887963542,0.7272727272727273,32,6
random,75,84,0.9461282315601011,0.7272727272727273,32,6
random,75,85,0.925336719746087,0.6888888888888889,31,7
random,75,86,0.9227409597699592,0.7272727272727273,32,6
random,75,87,0.9100385210102271,0.7272727272727273,32,6
random,75,88,0.9251620866451457,0.7674418604651163,33,5
random,75,89,0.9524065458589915,0.7272727272727273,32,6
random,75,90,0.9266981797466296,0.7674418604651163,33,5
random,75,91,0.9085770284567183,0.8095238095238095,34,4
random,75,92,0.9327899926755827,0.8536585365853658,35,3
random,75,93,0.9427949434392211,0.6521739130434783,30,8
random,75,94,0.914958766242574,0.6521739130434783,30,8
random,75,95,0.9122205870384941,0.6521739130434783,30,8
random,75,96,0.9169763719718961,0.7272727272727273,32,6
random,75,97,0.8986466782410548,0.6888888888888889,31,7
random,75,98,0.8948047500203458,0.6170212765957447,29,9
random,75,99,0.8905152185117869,0.6888888888888889,31,7
random,75,100,0.9172849469657924,0.6521739130434783,30,8
random,75,101,0.9124104793424302,0.7674418604651163,33,5
random,75,102,0.8871412391829206,0.6521739130434783,30,8
random,75,103,0.9238107994465997,0.6888888888888889,31,7
random,75,104,0.8974089873314707,0.6170212765957447,29,9
random,75,105,0.9060033095515831,0.7674418604651163,33,5
random,75,106,0.9029904646935955,0.7272727272727273,32,6
random,75,107,0.9354925670726746,0.7674418604651163,33,5
random,75,108,0.9138702764289397,0.7272727272727273,32,6
random,75,109,0.8865732577381115,0.6888888888888889,31,7
random,75,110,0.9460231126061364,0.8095238095238095,34,4
random,75,111,0.9308164690882458,0.7674418604651163,33,5
random,75,112,0.947184507500746,0.8095238095238095,34,4
random,75,113,0.9332053820904431,0.7272727272727273,32,6
random,75,114,0.8925802973170931,0.6888888888888889,31,7
random,75,115,0.9330493991264955,0.6521739130434783,30,8
random,75,116,0.9249043756612322,0.6521739130434783,30,8
random,75,117,0.886232468871226,0.6888888888888889,31,7
random,75,118,0.9415809890676288,0.7272727272727273,32,6
random,75,119,0.8810867265279549,0.5833333333333334,28,10
random,75,120,0.8780959227409599,0.6888888888888889,31,7
random,75,121,0.9196213004910073,0.7272727272727273,32,6
random,75,122,0.9452855844613841,0.8095238095238095,34,4
random,75,123,0.9516893633182326,0.8095238095238095,34,4
random,75,124,0.9157302037273147,0.6888888888888889,31,7
random,75,125,0.947092952282777,0.7272727272727273,32,6
random,75,126,0.9542885142283591,0.7272727272727273,32,6
random,75,127,0.9126478447223505,0.6888888888888889,31,7
random,75,128,0.9273424572064131,0.8095238095238095,34,4
random,75,129,0.9050894528388901,0.6170212765957447,29,9
random,75,130,0.8208145701652064,0.6521739130434783,30,8
random,75,131,0.8962052057618751,0.7272727272727273,32,6
random,75,132,0.8826312969644361,0.6170212765957447,29,9
random,75,133,0.8711089032363074,0.7674418604651163,33,5
random,75,134,0.850678525893172,0.6170212765957447,29,9
random,75,135,0.9089975042725769,0.8095238095238095,34,4
random,75,136,0.9006269836963895,0.6521739130434783,30,8
random,75,137,0.9177579822586335,0.6888888888888889,31,7
random,75,138,0.8897641266310393,0.6170212765957447,29,9
random,75,139,0.8981210834712314,0.7674418604651163,33,5
random,75,140,0.9404009440360255,0.7272727272727273,32,6
random,75,141,0.9337411496622631,0.7272727272727273,32,6
random,75,142,0.7831073840978761,0.6170212765957447,29,9
random,75,143,0.8953218674551721,0.6888888888888889,31,7
random,75,144,0.8931940563708869,0.6521739130434783,30,8
random,75,145,0.930991102189187,0.7674418604651163,33,5
random,75,146,0.9412808914087297,0.7674418604651163,33,5
random,75,147,0.8787978460787241,0.6888888888888889,31,7
random,75,148,0.8920699617502645,0.7674418604651163,33,5
random,75,149,0.7773411008328136,0.6521739130434783,30,8
random,75,150,0.9100164799392346,0.6888888888888889,31,7
random,75,151,0.9381290182567888,0.8095238095238095,34,4
random,75,152,0.9254282749640562,0.6888888888888889,31,7
random,75,153,0.9353331931747282,0.7272727272727273,32,6
random,75,154,0.9129309877112554,0.7272727272727273,32,6
random,75,155,0.877107465480292,0.6521739130434783,30,8
random,75,156,0.9604922279792747,0.7674418604651163,33,5
random,75,157,0.9562705151506933,0.7674418604651163,33,5
random,75,158,0.895589751241082,0.7272727272727273,32,6
random,75,159,0.9598530369204895,0.7674418604651163,33,5
random,75,160,0.9324441174076988,0.6888888888888889,31,7
random,75,161,0.9043061470851532,0.6521739130434783,30,8
random,75,162,0.9072037001871797,0.6521739130434783,30,8
random,75,163,0.8578876515747499,0.7272727272727273,32,6
random,75,164,0.9268355125735834,0.6521739130434783,30,8
random,75,165,0.9250077991481976,0.7272727272727273,32,6
random,75,166,0.8941180858855765,0.6888888888888889,31,7
random,75,167,0.9135956107750319,0.6888888888888889,31,7
random,75,168,0.9050877573718905,0.7674418604651163,33,5
random,75,169,0.9050843664378917,0.6521739130434783,30,8
random,75,170,0.8834841168651494,0.6170212765957447,29,9
random,75,171,0.9244025174294008,0.7272727272727273,32,6
random,75,172,0.9262861812657679,0.7272727272727273,32,6
random,75,173,0.8899879282749642,0.7272727272727273,32,6
random,75,174,0.8899624962699726,0.8095238095238095,34,4
random,75,175,0.8716904484171122,0.6170212765957447,29,9
random,75,176,0.8995401893497545,0.6521739130434783,30,8
random,75,177,0.777220722675854,0.5833333333333334,28,10
random,75,178,0.8414178851422837,0.6170212765957447,29,9
random,75,179,0.9552718850880287,0.8095238095238095,34,4
random,75,180,0.8636742804438057,0.6521739130434783,30,8
random,75,181,0.93717277486911,0.7674418604651163,33,5
random,75,182,0.8723686352168842,0.6888888888888889,31,7
random,75,183,0.897497151615441,0.7272727272727273,32,6
random,75,184,0.9198434066679327,0.7272727272727273,32,6
random,75,185,0.9172476466918049,0.7674418604651163,33,5
random,75,186,0.9092196104495023,0.6888888888888889,31,7
random,75,187,0.9260488158858478,0.7674418604651163,33,5
random,75,188,0.8801406559422729,0.6888888888888889,31,7
random,75,189,0.8922361175162089,0.7272727272727273,32,6
random,75,190,0.9020630442449069,0.6521739130434783,30,8
random,75,191,0.9541952635433905,0.8095238095238095,34,4
random,75,192,0.8994655888017796,0.6521739130434783,30,8
random,75,193,0.9411655996527686,0.7272727272727273,32,6
random,75,194,0.9126207172503595,0.7272727272727273,32,6
random,75,195,0.9272271654504518,0.7674418604651163,33,5
random,75,196,0.8982007704202046,0.6888888888888889,31,7
random,75,197,0.8380591650164122,0.5833333333333334,28,10
random,75,198,0.9120595176735482,0.6888888888888889,31,7
random,75,199,0.8854474676504898,0.6521739130434783,30,8
random,100,0,1.0,1.0,38,0
random,100,1,1.0,1.0,38,0
random,100,2,1.0,1.0,38,0
random,100,3,1.0,1.0,38,0
random,100,4,1.0,1.0,38,0
random,100,5,1.0,1.0,38,0
random,100,6,1.0,1.0,38,0
random,100,7,1.0,1.0,38,0
random,100,8,1.0,1.0,38,0
random,100,9,1.0,1.0,38,0
random,100,10,1.0,1.0,38,0
random,100,11,1.0,1.0,38,0
random,100,12,1.0,1.0,38,0
random,100,13,1.0,1.0,38,0
random,100,14,1.0,1.0,38,0
random,100,15,1.0,1.0,38,0
random,100,16,1.0,1.0,38,0
random,100,17,1.0,1.0,38,0
random,100,18,1.0,1.0,38,0
random,100,19,1.0,1.0,38,0
random,100,20,1.0,1.0,38,0
random,100,21,1.0,1.0,38,0
random,100,22,1.0,1.0,38,0
random,100,23,1.0,1.0,38,0
random,100,24,1.0,1.0,38,0
random,100,25,1.0,1.0,38,0
random,100,26,1.0,1.0,38,0
random,100,27,1.0,1.0,38,0
random,100,28,1.0,1.0,38,0
random,100,29,1.0,1.0,38,0
random,100,30,1.0,1.0,38,0
random,100,31,1.0,1.0,38,0
random,100,32,1.0,1.0,38,0
random,100,33,1.0,1.0,38,0
random,100,34,1.0,1.0,38,0
random,100,35,1.0,1.0,38,0
random,100,36,1.0,1.0,38,0
random,100,37,1.0,1.0,38,0
random,100,38,1.0,1.0,38,0
random,100,39,1.0,1.0,38,0
random,100,40,1.0,1.0,38,0
random,100,41,1.0,1.0,38,0
random,100,42,1.0,1.0,38,0
random,100,43,1.0,1.0,38,0
random,100,44,1.0,1.0,38,0
random,100,45,1.0,1.0,38,0
random,100,46,1.0,1.0,38,0
random,100,47,1.0,1.0,38,0
random,100,48,1.0,1.0,38,0
random,100,49,1.0,1.0,38,0
random,100,50,1.0,1.0,38,0
random,100,51,1.0,1.0,38,0
random,100,52,1.0,1.0,38,0
random,100,53,1.0,1.0,38,0
random,100,54,1.0,1.0,38,0
random,100,55,1.0,1.0,38,0
random,100,56,1.0,1.0,38,0
random,100,57,1.0,1.0,38,0
random,100,58,1.0,1.0,38,0
random,100,59,1.0,1.0,38,0
random,100,60,1.0,1.0,38,0
random,100,61,1.0,1.0,38,0
random,100,62,1.0,1.0,38,0
random,100,63,1.0,1.0,38,0
random,100,64,1.0,1.0,38,0
random,100,65,1.0,1.0,38,0
random,100,66,1.0,1.0,38,0
random,100,67,1.0,1.0,38,0
random,100,68,1.0,1.0,38,0
random,100,69,1.0,1.0,38,0
random,100,70,1.0,1.0,38,0
random,100,71,1.0,1.0,38,0
random,100,72,1.0,1.0,38,0
random,100,73,1.0,1.0,38,0
random,100,74,1.0,1.0,38,0
random,100,75,1.0,1.0,38,0
random,100,76,1.0,1.0,38,0
random,100,77,1.0,1.0,38,0
random,100,78,1.0,1.0,38,0
random,100,79,1.0,1.0,38,0
random,100,80,1.0,1.0,38,0
random,100,81,1.0,1.0,38,0
random,100,82,1.0,1.0,38,0
random,100,83,1.0,1.0,38,0
random,100,84,1.0,1.0,38,0
random,100,85,1.0,1.0,38,0
random,100,86,1.0,1.0,38,0
random,100,87,1.0,1.0,38,0
random,100,88,1.0,1.0,38,0
random,100,89,1.0,1.0,38,0
random,100,90,1.0,1.0,38,0
random,100,91,1.0,1.0,38,0
random,100,92,1.0,1.0,38,0
random,100,93,1.0,1.0,38,0
random,100,94,1.0,1.0,38,0
random,100,95,1.0,1.0,38,0
random,100,96,1.0,1.0,38,0
random,100,97,1.0,1.0,38,0
random,100,98,1.0,1.0,38,0
random,100,99,1.0,1.0,38,0
random,100,100,1.0,1.0,38,0
random,100,101,1.0,1.0,38,0
random,100,102,1.0,1.0,38,0
random,100,103,1.0,1.0,38,0
random,100,104,1.0,1.0,38,0
random,100,105,1.0,1.0,38,0
random,100,106,1.0,1.0,38,0
random,100,107,1.0,1.0,38,0
random,100,108,1.0,1.0,38,0
random,100,109,1.0,1.0,38,0
random,100,110,1.0,1.0,38,0
random,100,111,1.0,1.0,38,0
random,100,112,1.0,1.0,38,0
random,100,113,1.0,1.0,38,0
random,100,114,1.0,1.0,38,0
random,100,115,1.0,1.0,38,0
random,100,116,1.0,1.0,38,0
random,100,117,1.0,1.0,38,0
random,100,118,1.0,1.0,38,0
random,100,119,1.0,1.0,38,0
random,100,120,1.0,1.0,38,0
random,100,121,1.0,1.0,38,0
random,100,122,1.0,1.0,38,0
random,100,123,1.0,1.0,38,0
random,100,124,1.0,1.0,38,0
random,100,125,1.0,1.0,38,0
random,100,126,1.0,1.0,38,0
random,100,127,1.0,1.0,38,0
random,100,128,1.0,1.0,38,0
random,100,129,1.0,1.0,38,0
random,100,130,1.0,1.0,38,0
random,100,131,1.0,1.0,38,0
random,100,132,1.0,1.0,38,0
random,100,133,1.0,1.0,38,0
random,100,134,1.0,1.0,38,0
random,100,135,1.0,1.0,38,0
random,100,136,1.0,1.0,38,0
random,100,137,1.0,1.0,38,0
random,100,138,1.0,1.0,38,0
random,100,139,1.0,1.0,38,0
random,100,140,1.0,1.0,38,0
random,100,141,1.0,1.0,38,0
random,100,142,1.0,1.0,38,0
random,100,143,1.0,1.0,38,0
random,100,144,1.0,1.0,38,0
random,100,145,1.0,1.0,38,0
random,100,146,1.0,1.0,38,0
random,100,147,1.0,1.0,38,0
random,100,148,1.0,1.0,38,0
random,100,149,1.0,1.0,38,0
random,100,150,1.0,1.0,38,0
random,100,151,1.0,1.0,38,0
random,100,152,1.0,1.0,38,0
random,100,153,1.0,1.0,38,0
random,100,154,1.0,1.0,38,0
random,100,155,1.0,1.0,38,0
random,100,156,1.0,1.0,38,0
random,100,157,1.0,1.0,38,0
random,100,158,1.0,1.0,38,0
random,100,159,1.0,1.0,38,0
random,100,160,1.0,1.0,38,0
random,100,161,1.0,1.0,38,0
random,100,162,1.0,1.0,38,0
random,100,163,1.0,1.0,38,0
random,100,164,1.0,1.0,38,0
random,100,165,1.0,1.0,38,0
random,100,166,1.0,1.0,38,0
random,100,167,1.0,1.0,38,0
random,100,168,1.0,1.0,38,0
random,100,169,1.0,1.0,38,0
random,100,170,1.0,1.0,38,0
random,100,171,1.0,1.0,38,0
random,100,172,1.0,1.0,38,0
random,100,173,1.0,1.0,38,0
random,100,174,1.0,1.0,38,0
random,100,175,1.0,1.0,38,0
random,100,176,1.0,1.0,38,0
random,100,177,1.0,1.0,38,0
random,100,178,1.0,1.0,38,0
random,100,179,1.0,1.0,38,0
random,100,180,1.0,1.0,38,0
random,100,181,1.0,1.0,38,0
random,100,182,1.0,1.0,38,0
random,100,183,1.0,1.0,38,0
random,100,184,1.0,1.0,38,0
random,100,185,1.0,1.0,38,0
random,100,186,1.0,1.0,38,0
random,100,187,1.0,1.0,38,0
random,100,188,1.0,1.0,38,0
random,100,189,1.0,1.0,38,0
random,100,190,1.0,1.0,38,0
random,100,191,1.0,1.0,38,0
random,100,192,1.0,1.0,38,0
random,100,193,1.0,1.0,38,0
random,100,194,1.0,1.0,38,0
random,100,195,1.0,1.0,38,0
random,100,196,1.0,1.0,38,0
random,100,197,1.0,1.0,38,0
random,100,198,1.0,1.0,38,0
random,100,199,1.0,1.0,38,0
stratified,5,0,0.08852541844125547,0.1875,12,26
stratified,5,1,0.21225890459268104,0.22580645161290322,14,24
stratified,5,2,0.1477548625993544,0.20634920634920634,13,25
stratified,5,3,0.27265143911238915,0.26666666666666666,16,22
stratified,5,4,0.0679119306621816,0.15151515151515152,10,28
stratified,5,5,0.23740098472723328,0.1875,12,26
stratified,5,6,0.17701014567452464,0.1875,12,26
stratified,5,7,0.16698315383989368,0.22580645161290322,14,24
stratified,5,8,0.17331741854976537,0.13432835820895522,9,29
stratified,5,9,0.24533068388356893,0.20634920634920634,13,25
stratified,5,10,0.39346533109079573,0.3103448275862069,18,20
stratified,5,11,0.182791688142582,0.16923076923076924,11,27
stratified,5,12,0.12812644114694954,0.1875,12,26
stratified,5,13,0.049999321813200236,0.15151515151515152,10,28
stratified,5,14,0.3391442638960476,0.26666666666666666,16,22
stratified,5,15,0.1439722757236253,0.16923076923076924,11,27
stratified,5,16,0.1019399533407482,0.16923076923076924,11,27
stratified,5,17,0.21516154409570573,0.15151515151515152,10,28
stratified,5,18,0.22287930987711257,0.15151515151515152,10,28
stratified,5,19,0.05812060874047149,0.15151515151515152,10,28
stratified,5,20,0.22470532783549907,0.15151515151515152,10,28
stratified,5,21,0.2211295879337005,0.22580645161290322,14,24
stratified,5,22,0.21142473482896135,0.288135593220339,17,21
stratified,5,23,0.17797656186419988,0.26666666666666666,16,22
stratified,5,24,0.18565194097062096,0.22580645161290322,14,24
stratified,5,25,-0.021150950817893283,0.11764705882352941,8,30
stratified,5,26,0.1554098961017823,0.1875,12,26
stratified,5,27,0.24220593820361883,0.15151515151515152,10,28
stratified,5,28,0.38184290480970084,0.3103448275862069,18,20
stratified,5,29,0.20507012451509649,0.26666666666666666,16,22
stratified,5,30,0.23819785421696557,0.2459016393442623,15,23
stratified,5,31,0.2671343894962429,0.288135593220339,17,21
stratified,5,32,0.1108411550877574,0.13432835820895522,9,29
stratified,5,33,0.17359038873667362,0.16923076923076924,11,27
stratified,5,34,0.37569683693676587,0.288135593220339,17,21
stratified,5,35,0.13123084122290646,0.13432835820895522,9,29
stratified,5,36,0.1850432683178255,0.15151515151515152,10,28
stratified,5,37,0.03052179692374468,0.15151515151515152,10,28
stratified,5,38,0.37848418468382933,0.20634920634920634,13,25
stratified,5,39,0.1865759704853105,0.20634920634920634,13,25
stratified,5,40,0.163678688658004,0.20634920634920634,13,25
stratified,5,41,0.44995659604481464,0.3333333333333333,19,19
stratified,5,42,0.25783814393836646,0.26666666666666666,16,22
stratified,5,43,0.4324508992756966,0.3103448275862069,18,20
stratified,5,44,0.1326533380354285,0.20634920634920634,13,25
stratified,5,45,0.12575617828174593,0.15151515151515152,10,28
stratified,5,46,0.3636776713778043,0.3333333333333333,19,19
stratified,5,47,0.08471739956053496,0.1875,12,26
stratified,5,48,0.2982563817377859,0.26666666666666666,16,22
stratified,5,49,0.12917423975259748,0.1875,12,26
stratified,5,50,0.23050382497355074,0.1875,12,26
stratified,5,51,0.380086400998291,0.26666666666666666,16,22
stratified,5,52,0.08142141171364242,0.10144927536231885,7,31
stratified,5,53,0.215970281854434,0.22580645161290322,14,24
stratified,5,54,0.18140140520304915,0.16923076923076924,11,27
stratified,5,55,0.20940204269864096,0.2459016393442623,15,23
stratified,5,56,0.1550860619048911,0.11764705882352941,8,30
stratified,5,57,0.23457633670618236,0.288135593220339,17,21
stratified,5,58,0.2550084095163172,0.22580645161290322,14,24
stratified,5,59,0.24172951197677892,0.15151515151515152,10,28
stratified,5,60,0.030794767110652963,0.1875,12,26
stratified,5,61,0.02017944822721971,0.16923076923076924,11,27
stratified,5,62,0.41822762661747553,0.288135593220339,17,21
stratified,5,63,0.39213438949624296,0.2459016393442623,15,23
stratified,5,64,0.08073644304587256,0.11764705882352941,8,30
stratified,5,65,0.08096024468979736,0.1875,12,26
stratified,5,66,0.2727616444673521,0.16923076923076924,11,27
stratified,5,67,0.1575021023790793,0.1875,12,26
stratified,5,68,0.008048381846295746,0.15151515151515152,10,28
stratified,5,69,-0.03140852616444674,0.13432835820895522,9,29
stratified,5,70,0.03588964544394108,0.15151515151515152,10,28
stratified,5,71,0.1590280226785666,0.2459016393442623,15,23
stratified,5,72,0.1651791769524998,0.15151515151515152,10,28
stratified,5,73,0.013882483791335488,0.22580645161290322,14,24
stratified,5,74,0.29390920435124657,0.1875,12,26
stratified,5,75,0.11840293790521664,0.22580645161290322,14,24
stratified,5,76,0.17318686759080923,0.16923076923076924,11,27
stratified,5,77,0.21311511542739334,0.22580645161290322,14,24
stratified,5,78,0.15918739657651304,0.20634920634920634,13,25
stratified,5,79,0.2801860944578575,0.20634920634920634,13,25
stratified,5,80,0.2518463635623796,0.16923076923076924,11,27
stratified,5,81,0.008545153677128828,0.13432835820895522,9,29
stratified,5,82,0.17782736076825004,0.2459016393442623,15,23
stratified,5,83,0.18927854488240245,0.20634920634920634,13,25
stratified,5,84,0.16244777961641757,0.20634920634920634,13,25
stratified,5,85,0.2724598513414535,0.20634920634920634,13,25
stratified,5,86,0.21074315709519031,0.20634920634920634,13,25
stratified,5,87,0.21125857906301715,0.26666666666666666,16,22
stratified,5,88,0.16672205192198142,0.20634920634920634,13,25
stratified,5,89,0.1342063858069067,0.13432835820895522,9,29
stratified,5,90,0.44208793370045857,0.35714285714285715,20,18
stratified,5,91,0.20299317744079434,0.20634920634920634,13,25
stratified,5,92,0.21942903453327187,0.20634920634920634,13,25
stratified,5,93,0.1362595963432168,0.16923076923076924,11,27
stratified,5,94,0.25080365135773003,0.16923076923076924,11,27
stratified,5,95,0.19647580229498418,0.2459016393442623,15,23
stratified,5,96,0.327381113854,0.20634920634920634,13,25
stratified,5,97,0.40711214496921044,0.3103448275862069,18,20
stratified,5,98,-0.02144935300979302,0.16923076923076924,11,27
stratified,5,99,0.3055197623633454,0.2459016393442623,15,23
stratified,5,100,0.1429193907169791,0.26666666666666666,16,22
stratified,5,101,0.1572664324661585,0.1875,12,26
stratified,5,102,0.24627166806825274,0.16923076923076924,11,27
stratified,5,103,0.24163456582481083,0.26666666666666666,16,22
stratified,5,104,0.2040545397824377,0.15151515151515152,10,28
stratified,5,105,0.13385372867102519,0.13432835820895522,9,29
stratified,5,106,0.34711634972736893,0.2459016393442623,15,23
stratified,5,107,0.08634335241298866,0.20634920634920634,13,25
stratified,5,108,0.2161533922903725,0.16923076923076924,11,27
stratified,5,109,-0.03078798524265524,0.13432835820895522,9,29
stratified,5,110,0.19681998209586854,0.20634920634920634,13,25
stratified,5,111,0.18073169573827416,0.1875,12,26
stratified,5,112,0.2832345441228333,0.16923076923076924,11,27
stratified,5,113,0.2833769633507854,0.20634920634920634,13,25
stratified,5,114,0.17130489922144157,0.16923076923076924,11,27
stratified,5,115,-0.053598798252990805,0.05555555555555555,4,34
stratified,5,116,0.12499152266500287,0.20634920634920634,13,25
stratified,5,117,0.24652429265116788,0.20634920634920634,13,25
stratified,5,118,0.1778290562352495,0.15151515151515152,10,28
stratified,5,119,0.1482312888261943,0.20634920634920634,13,25
stratified,5,120,0.3994689797357785,0.3103448275862069,18,20
stratified,5,121,0.23064624420150293,0.22580645161290322,14,24
stratified,5,122,0.17989752597455444,0.10144927536231885,7,31
stratified,5,123,0.23620568049263496,0.16923076923076924,11,27
stratified,5,124,0.3264248704663213,0.22580645161290322,14,24
stratified,5,125,0.2500576458779807,0.20634920634920634,13,25
stratified,5,126,0.47253004367522994,0.3103448275862069,18,20
stratified,5,127,0.2312277893823075,0.22580645161290322,14,24
stratified,5,128,0.12388268724737542,0.20634920634920634,13,25
stratified,5,129,0.2888702764289396,0.2459016393442623,15,23
stratified,5,130,0.22946280823590054,0.20634920634920634,13,25
stratified,5,131,0.11679224425575782,0.16923076923076924,11,27
stratified,5,132,0.22679583864579664,0.22580645161290322,14,24
stratified,5,133,0.0725354691696281,0.16923076923076924,11,27
stratified,5,134,0.11757724547649408,0.15151515151515152,10,28
stratified,5,135,0.14370100100371647,0.22580645161290322,14,24
stratified,5,136,0.04879723571060413,0.11764705882352941,8,30
stratified,5,137,0.18280525187857743,0.2459016393442623,15,23
stratified,5,138,0.20159272169926484,0.13432835820895522,9,29
stratified,5,139,0.16526395030247132,0.2459016393442623,15,23
stratified,5,140,0.10680424816211379,0.13432835820895522,9,29
stratified,5,141,0.18688624094620623,0.22580645161290322,14,24
stratified,5,142,0.4234445785747227,0.288135593220339,17,21
stratified,5,143,0.2376196999701598,0.16923076923076924,11,27
stratified,5,144,0.20225564929604214,0.1875,12,26
stratified,5,145,0.24966768846811166,0.22580645161290322,14,24
stratified,5,146,0.2121283536337249,0.16923076923076924,11,27
stratified,5,147,0.16624223476114264,0.15151515151515152,10,28
stratified,5,148,0.1507032797113637,0.13432835820895522,9,29
stratified,5,149,0.2710933049399127,0.26666666666666666,16,22
stratified,5,150,0.19479220356454985,0.26666666666666666,16,22
stratified,5,151,0.1517036052410276,0.1875,12,26
stratified,5,152,0.256327482841874,0.22580645161290322,14,24
stratified,5,153,0.15651364511841145,0.288135593220339,17,21
stratified,5,154,0.09982401052545915,0.16923076923076924,11,27
stratified,5,155,0.3289104250874862,0.20634920634920634,13,25
stratified,5,156,0.14773282152836179,0.16923076923076924,11,27
stratified,5,157,0.19626556438705478,0.1875,12,26
stratified,5,158,0.14094925806364106,0.15151515151515152,10,28
stratified,5,159,0.4462808235900497,0.3333333333333333,19,19
stratified,5,160,0.20598228576078997,0.1875,12,26
stratified,5,161,0.17375823996961726,0.16923076923076924,11,27
stratified,5,162,0.16365834305401084,0.15151515151515152,10,28
stratified,5,163,0.1735971706046714,0.1875,12,26
stratified,5,164,0.19836455253234955,0.16923076923076924,11,27
stratified,5,165,0.13852813118845456,0.16923076923076924,11,27
stratified,5,166,0.20676559151452678,0.20634920634920634,13,25
stratified,5,167,0.4120934270135367,0.26666666666666666,16,22
stratified,5,168,0.40105932778124415,0.288135593220339,17,21
stratified,5,169,-0.047193323929143056,0.10144927536231885,7,31
stratified,5,170,0.05226955212543744,0.15151515151515152,10,28
stratified,5,171,0.0638411143965494,0.1875,12,26
stratified,5,172,0.4069239481322736,0.288135593220339,17,21
stratified,5,173,0.36216870574831134,0.22580645161290322,14,24
stratified,5,174,-0.029041654233242006,0.20634920634920634,13,25
stratified,5,175,0.12367414480644551,0.16923076923076924,11,27
stratified,5,176,0.1304712720071617,0.15151515151515152,10,28
stratified,5,177,0.26617645064156475,0.22580645161290322,14,24
stratified,5,178,0.48161096492417876,0.3103448275862069,18,20
stratified,5,179,0.24635644141822424,0.2459016393442623,15,23
stratified,5,180,0.2124131920896292,0.20634920634920634,13,25
stratified,5,181,0.14660533597374062,0.1875,12,26
stratified,5,182,0.14757853403141363,0.22580645161290322,14,24
stratified,5,183,0.14623233323386597,0.2459016393442623,15,23
stratified,5,184,0.11966775628679165,0.15151515151515152,10,28
stratified,5,185,0.34786574614111715,0.26666666666666666,16,22
stratified,5,186,0.23523417790196138,0.1875,12,26
stratified,5,187,0.1710370154355316,0.26666666666666666,16,22
stratified,5,188,0.13365874996609067,0.22580645161290322,14,24
stratified,5,189,0.19271186555624886,0.1875,12,26
stratified,5,190,0.25441838700051544,0.22580645161290322,14,24
stratified,5,191,0.20486158207416655,0.15151515151515152,10,28
stratified,5,192,0.38309246398828095,0.22580645161290322,14,24
stratified,5,193,0.44592647098716875,0.288135593220339,17,21
stratified,5,194,0.2795604671350677,0.22580645161290322,14,24
stratified,5,195,0.4190889238531862,0.26666666666666666,16,22
stratified,5,196,0.14354671350676831,0.26666666666666666,16,22
stratified,5,197,0.23466789192415163,0.20634920634920634,13,25
stratified,5,198,0.12805014513197518,0.15151515151515152,10,28
stratified,5,199,0.23190258524808077,0.20634920634920634,13,25
stratified,10,0,0.33328303447901697,0.26666666666666666,16,22
stratified,10,1,0.46769626725985414,0.288135593220339,17,21
stratified,10,2,0.17248663972004452,0.1875,12,26
stratified,10,3,0.15239535577679517,0.22580645161290322,14,24
stratified,10,4,0.2509596343216776,0.288135593220339,17,21
stratified,10,5,0.5724456094186584,0.35714285714285715,20,18
stratified,10,6,0.4667112009331851,0.4074074074074074,22,16
stratified,10,7,0.4792067927189866,0.3333333333333333,19,19
stratified,10,8,0.3114657651303475,0.3103448275862069,18,20
stratified,10,9,0.2733703171201476,0.3103448275862069,18,20
stratified,10,10,0.525211594281529,0.288135593220339,17,21
stratified,10,11,0.2563122236388791,0.2459016393442623,15,23
stratified,10,12,0.30575712774326563,0.2459016393442623,15,23
stratified,10,13,0.37354189838049,0.13432835820895522,9,29
stratified,10,14,0.3515703415348724,0.20634920634920634,13,25
stratified,10,15,0.3279355315628137,0.288135593220339,17,21
stratified,10,16,0.4577574397091936,0.26666666666666666,16,22
stratified,10,17,0.31837987955402447,0.288135593220339,17,21
stratified,10,18,0.20538887231098935,0.26666666666666666,16,22
stratified,10,19,0.2833142310718065,0.2459016393442623,15,23
stratified,10,20,0.45016513848574463,0.4074074074074074,22,16
stratified,10,21,0.26859418658275236,0.26666666666666666,16,22
stratified,10,22,0.38450648346580585,0.2459016393442623,15,23
stratified,10,23,0.5692649133277271,0.4339622641509434,23,15
stratified,10,24,0.21575834847950523,0.15151515151515152,10,28
stratified,10,25,0.17238830263407756,0.2459016393442623,15,23
stratified,10,26,0.28414161896752843,0.288135593220339,17,21
stratified,10,27,0.20507860185009363,0.22580645161290322,14,24
stratified,10,28,0.5085027670021433,0.26666666666666666,16,22
stratified,10,29,0.20158933076526603,0.2459016393442623,15,23
stratified,10,30,0.31409543444646404,0.3333333333333333,19,19
stratified,10,31,0.43517551474378113,0.288135593220339,17,21
stratified,10,32,0.5489600005425496,0.38181818181818183,21,17
stratified,10,33,0.2509647207226759,0.20634920634920634,13,25
stratified,10,34,0.4996422564631202,0.3333333333333333,19,19
stratified,10,35,0.3570907820850175,0.38181818181818183,21,17
stratified,10,36,0.39160031739142237,0.4074074074074074,22,16
stratified,10,37,0.29903799202452325,0.2459016393442623,15,23
stratified,10,38,0.4118882755066056,0.35714285714285715,20,18
stratified,10,39,0.30568083172829125,0.3333333333333333,19,19
stratified,10,40,0.4075563573230611,0.288135593220339,17,21
stratified,10,41,0.4785116512492201,0.288135593220339,17,21
stratified,10,42,0.20673507310853703,0.20634920634920634,13,25
stratified,10,43,0.5214035754008084,0.38181818181818183,21,17
stratified,10,44,0.39193262892331066,0.288135593220339,17,21
stratified,10,45,0.3654748663972005,0.26666666666666666,16,22
stratified,10,46,0.5534462062230422,0.3333333333333333,19,19
stratified,10,47,0.3133511244337141,0.22580645161290322,14,24
stratified,10,48,0.48966951957247107,0.288135593220339,17,21
stratified,10,49,0.3267775276022028,0.26666666666666666,16,22
stratified,10,50,0.41199848086156854,0.3333333333333333,19,19
stratified,10,51,0.4185141605403793,0.3103448275862069,18,20
stratified,10,52,0.23088869598242145,0.22580645161290322,14,24
stratified,10,53,0.22485961533244722,0.288135593220339,17,21
stratified,10,54,0.3466026232265415,0.288135593220339,17,21
stratified,10,55,0.4270016683395275,0.22580645161290322,14,24
stratified,10,56,0.28905508233187754,0.20634920634920634,13,25
stratified,10,57,0.18515686460678735,0.1875,12,26
stratified,10,58,0.4289446735208747,0.288135593220339,17,21
stratified,10,59,0.20585173480183383,0.288135593220339,17,21
stratified,10,60,0.29803597102786,0.20634920634920634,13,25
stratified,10,61,0.2697386268073679,0.2459016393442623,15,23
stratified,10,62,0.27661713642405666,0.1875,12,26
stratified,10,63,0.395172666359222,0.288135593220339,17,21
stratified,10,64,0.4020833898489,0.2459016393442623,15,23
stratified,10,65,0.31516188318910565,0.3103448275862069,18,20
stratified,10,66,0.3469281528904322,0.288135593220339,17,21
stratified,10,67,0.5140978081002632,0.3103448275862069,18,20
stratified,10,68,0.43164555245096714,0.38181818181818183,21,17
stratified,10,69,0.3232899519843746,0.26666666666666666,16,22
stratified,10,70,0.3586777391964843,0.288135593220339,17,21
stratified,10,71,0.4166915335159917,0.288135593220339,17,21
stratified,10,72,0.41990952988091046,0.35714285714285715,20,18
stratified,10,73,0.3795964110354556,0.38181818181818183,21,17
stratified,10,74,0.3654816482651982,0.26666666666666666,16,22
stratified,10,75,0.144747104142365,0.15151515151515152,10,28
stratified,10,76,0.5358421723679571,0.3333333333333333,19,19
stratified,10,77,0.3529996202153922,0.3103448275862069,18,20
stratified,10,78,0.38122066842090996,0.35714285714285715,20,18
stratified,10,79,0.3871175026449286,0.288135593220339,17,21
stratified,10,80,0.48177372975612415,0.3103448275862069,18,20
stratified,10,81,0.209461384043621,0.2459016393442623,15,23
stratified,10,82,0.25426070856956845,0.26666666666666666,16,22
stratified,10,83,0.4020104847679245,0.3333333333333333,19,19
stratified,10,84,0.1399896237419635,0.20634920634920634,13,25
stratified,10,85,0.500964720722676,0.3333333333333333,19,19
stratified,10,86,0.3945470390364323,0.3103448275862069,18,20
stratified,10,87,0.5374579524184142,0.35714285714285715,20,18
stratified,10,88,0.502726310935084,0.35714285714285715,20,18
stratified,10,89,0.22483587879445519,0.3333333333333333,19,19
stratified,10,90,0.5675168868513144,0.4074074074074074,22,16
stratified,10,91,0.4196569052979953,0.288135593220339,17,21
stratified,10,92,0.28215114071019726,0.2459016393442623,15,23
stratified,10,93,0.5161272820985813,0.3333333333333333,19,19
stratified,10,94,0.40645939017442967,0.288135593220339,17,21
stratified,10,95,0.4895237094105201,0.35714285714285715,20,18
stratified,10,96,0.3153789029650327,0.2459016393442623,15,23
stratified,10,97,0.39067798334373227,0.26666666666666666,16,22
stratified,10,98,0.31077910099557826,0.288135593220339,17,21
stratified,10,99,0.26560677372975616,0.26666666666666666,16,22
stratified,10,100,0.3157925969128937,0.2459016393442623,15,23
stratified,10,101,0.3354651005072838,0.26666666666666666,16,22
stratified,10,102,0.47544794238124954,0.3103448275862069,18,20
stratified,10,103,0.37213974717196113,0.26666666666666666,16,22
stratified,10,104,0.3039701055258661,0.288135593220339,17,21
stratified,10,105,0.49977958929007416,0.35714285714285715,20,18
stratified,10,106,0.43735927623904736,0.288135593220339,17,21
stratified,10,107,0.5201658844912244,0.3333333333333333,19,19
stratified,10,108,0.3881924287225674,0.26666666666666666,16,22
stratified,10,109,0.40445026178010474,0.2459016393442623,15,23
stratified,10,110,0.5558232509562434,0.3103448275862069,18,20
stratified,10,111,0.5029331579090146,0.38181818181818183,21,17
stratified,10,112,0.5277157990396876,0.26666666666666666,16,22
stratified,10,113,0.5609520386295203,0.4074074074074074,22,16
stratified,10,114,0.22285557333912054,0.26666666666666666,16,22
stratified,10,115,0.5225124108184359,0.3333333333333333,19,19
stratified,10,116,0.37919797629058954,0.3333333333333333,19,19
stratified,10,117,0.42721360171445627,0.3333333333333333,19,19
stratified,10,118,0.4734066001139355,0.4074074074074074,22,16
stratified,10,119,0.37700234652632725,0.2459016393442623,15,23
stratified,10,120,0.3199990505384804,0.288135593220339,17,21
stratified,10,121,0.4139075767029271,0.3333333333333333,19,19
stratified,10,122,0.17441777663239563,0.22580645161290322,14,24
stratified,10,123,0.30692530450587313,0.26666666666666666,16,22
stratified,10,124,0.4112287388438272,0.3333333333333333,19,19
stratified,10,125,0.2944161489840762,0.288135593220339,17,21
stratified,10,126,0.30190841765455884,0.22580645161290322,14,24
stratified,10,127,0.3241783766920761,0.22580645161290322,14,24
stratified,10,128,0.4490512166671189,0.26666666666666666,16,22
stratified,10,129,0.35167206955483826,0.35714285714285715,20,18
stratified,10,130,0.318401920625017,0.26666666666666666,16,22
stratified,10,131,0.5467491115752924,0.2459016393442623,15,23
stratified,10,132,0.28892453137292134,0.26666666666666666,16,22
stratified,10,133,0.3483269131649622,0.288135593220339,17,21
stratified,10,134,0.32930038249735516,0.26666666666666666,16,22
stratified,10,135,0.2421533787266365,0.2459016393442623,15,23
stratified,10,136,0.4566231722865747,0.3333333333333333,19,19
stratified,10,137,0.527993855627594,0.4074074074074074,22,16
stratified,10,138,0.5901106800857229,0.38181818181818183,21,17
stratified,10,139,0.4847543607411226,0.3103448275862069,18,20
stratified,10,140,0.40345671811843864,0.3333333333333333,19,19
stratified,10,141,0.3224829096926458,0.3103448275862069,18,20
stratified,10,142,0.49440156796788115,0.288135593220339,17,21
stratified,10,143,0.5820199115644413,0.4074074074074074,22,16
stratified,10,144,0.4267982122995958,0.288135593220339,17,21
stratified,10,145,0.18124881317310043,0.2459016393442623,15,23
stratified,10,146,0.318327320077042,0.26666666666666666,16,22
stratified,10,147,0.47259955782220664,0.26666666666666666,16,22
stratified,10,148,0.35967128285815053,0.35714285714285715,20,18
stratified,10,149,0.3408109079564876,0.2459016393442623,15,23
stratified,10,150,0.28724093264248707,0.288135593220339,17,21
stratified,10,151,0.24902171554132874,0.2459016393442623,15,23
stratified,10,152,0.45930709654667284,0.35714285714285715,20,18
stratified,10,153,0.2947806743889538,0.26666666666666666,16,22
stratified,10,154,0.35435768928193584,0.2459016393442623,15,23
stratified,10,155,0.016446029894474135,0.15151515151515152,10,28
stratified,10,156,0.31334095163171743,0.26666666666666666,16,22
stratified,10,157,0.28585743157095195,0.2459016393442623,15,23
stratified,10,158,0.5885254184412556,0.38181818181818183,21,17
stratified,10,159,0.5051898244852563,0.4074074074074074,22,16
stratified,10,160,0.2889669180479072,0.35714285714285715,20,18
stratified,10,161,0.2866644738626808,0.2459016393442623,15,23
stratified,10,162,0.4167627431299678,0.3333333333333333,19,19
stratified,10,163,0.39482170469034,0.3333333333333333,19,19
stratified,10,164,0.4451652063044246,0.3333333333333333,19,19
stratified,10,165,0.3715887203971463,0.3333333333333333,19,19
stratified,10,166,0.46564983859154174,0.3333333333333333,19,19
stratified,10,167,0.1928271573122101,0.2459016393442623,15,23
stratified,10,168,0.22233167403629658,0.16923076923076924,11,27
stratified,10,169,0.3725720912568158,0.2459016393442623,15,23
stratified,10,170,0.15654755445840005,0.20634920634920634,13,25
stratified,10,171,0.38236510864552536,0.2459016393442623,15,23
stratified,10,172,0.36589703768005866,0.3103448275862069,18,20
stratified,10,173,0.30383785909991057,0.288135593220339,17,21
stratified,10,174,0.35717046903399075,0.288135593220339,17,21
stratified,10,175,0.18987026286520362,0.1875,12,26
stratified,10,176,0.168142853267504,0.16923076923076924,11,27
stratified,10,177,0.5613860781813743,0.46153846153846156,24,14
stratified,10,178,0.2781481431245422,0.288135593220339,17,21
stratified,10,179,0.43777127471990895,0.35714285714285715,20,18
stratified,10,180,0.31751180045031613,0.2459016393442623,15,23
stratified,10,181,0.21247761983560756,0.26666666666666666,16,22
stratified,10,182,0.318961424734829,0.26666666666666666,16,22
stratified,10,183,0.4137821121449693,0.3103448275862069,18,20
stratified,10,184,0.30519084176545597,0.26666666666666666,16,22
stratified,10,185,0.3877906030437024,0.3103448275862069,18,20
stratified,10,186,0.3240410438651222,0.3333333333333333,19,19
stratified,10,187,0.24136498657190142,0.22580645161290322,14,24
stratified,10,188,0.2439302281420395,0.2459016393442623,15,23
stratified,10,189,0.4120306947345577,0.288135593220339,17,21
stratified,10,190,0.16942971272007162,0.26666666666666666,16,22
stratified,10,191,0.2379096248270624,0.26666666666666666,16,22
stratified,10,192,0.2266873287578331,0.26666666666666666,16,22
stratified,10,193,0.4545207932072811,0.35714285714285715,20,18
stratified,10,194,0.19282546184521066,0.22580645161290322,14,24
stratified,10,195,0.3482133168760004,0.2459016393442623,15,23
stratified,10,196,0.23452547269619947,0.22580645161290322,14,24
stratified,10,197,0.14107472262159892,0.11764705882352941,8,30
stratified,10,198,0.30049609364403335,0.3103448275862069,18,20
stratified,10,199,0.4042671513441663,0.4074074074074074,22,16
stratified,25,0,0.41283434609228775,0.3103448275862069,18,20
stratified,25,1,0.609003268860375,0.4074074074074074,22,16
stratified,25,2,0.6201882646556168,0.5510204081632653,27,11
stratified,25,3,0.6318462957436997,0.38181818181818183,21,17
stratified,25,4,0.5739206657081627,0.46153846153846156,24,14
stratified,25,5,0.6096645009901527,0.288135593220339,17,21
stratified,25,6,0.7116112361988987,0.49019607843137253,25,13
stratified,25,7,0.7091205951767356,0.4339622641509434,23,15
stratified,25,8,0.5987423025798227,0.38181818181818183,21,17
stratified,25,9,0.4926620188264656,0.46153846153846156,24,14
stratified,25,10,0.3614040501315683,0.3333333333333333,19,19
stratified,25,11,0.5113647152971815,0.38181818181818183,21,17
stratified,25,12,0.7185456962265687,0.46153846153846156,24,14
stratified,25,13,0.6033404090822778,0.3333333333333333,19,19
stratified,25,14,0.6400591378889403,0.35714285714285715,20,18
stratified,25,15,0.4447803352955539,0.35714285714285715,20,18
stratified,25,16,0.6174263489135449,0.4339622641509434,23,15
stratified,25,17,0.6950058324064782,0.4074074074074074,22,16
stratified,25,18,0.5740325665301251,0.49019607843137253,25,13
stratified,25,19,0.49214490139163936,0.35714285714285715,20,18
stratified,25,20,0.6646857960556657,0.4339622641509434,23,15
stratified,25,21,0.48577333640778025,0.4074074074074074,22,16
stratified,25,22,0.40415185958820504,0.288135593220339,17,21
stratified,25,23,0.5909651954534357,0.49019607843137253,25,13
stratified,25,24,0.5391110327428588,0.38181818181818183,21,17
stratified,25,25,0.5683730976860267,0.38181818181818183,21,17
stratified,25,26,0.3940434853376014,0.288135593220339,17,21
stratified,25,27,0.500645972926783,0.35714285714285715,20,18
stratified,25,28,0.38694286954398727,0.3103448275862069,18,20
stratified,25,29,0.48636505439058136,0.38181818181818183,21,17
stratified,25,30,0.5547669750155984,0.4339622641509434,23,15
stratified,25,31,0.6121924422863034,0.4339622641509434,23,15
stratified,25,32,0.6371904077259042,0.4339622641509434,23,15
stratified,25,33,0.5253845319154709,0.4339622641509434,23,15
stratified,25,34,0.3923734503431625,0.288135593220339,17,21
stratified,25,35,0.5221427990125601,0.35714285714285715,20,18
stratified,25,36,0.5585580392263245,0.4074074074074074,22,16
stratified,25,37,0.6387943195073651,0.4074074074074074,22,16
stratified,25,38,0.5913110707213196,0.46153846153846156,24,14
stratified,25,39,0.6503031494994982,0.3333333333333333,19,19
stratified,25,40,0.6365579985351165,0.38181818181818183,21,17
stratified,25,41,0.47479179665247,0.288135593220339,17,21
stratified,25,42,0.3709342701353661,0.288135593220339,17,21
stratified,25,43,0.6758979193228983,0.4339622641509434,23,15
stratified,25,44,0.5124498141768169,0.3103448275862069,18,20
stratified,25,45,0.6877356699129209,0.49019607843137253,25,13
stratified,25,46,0.5405403114233785,0.3103448275862069,18,20
stratified,25,47,0.46485296910180945,0.4074074074074074,22,16
stratified,25,48,0.5542227301087812,0.35714285714285715,20,18
stratified,25,49,0.5457674361826222,0.4074074074074074,22,16
stratified,25,50,0.658765225293655,0.4339622641509434,23,15
stratified,25,51,0.5375732441743755,0.52,26,12
stratified,25,52,0.48851999294685733,0.35714285714285715,20,18
stratified,25,53,0.3850659875756179,0.35714285714285715,20,18
stratified,25,54,0.5006849686677699,0.4074074074074074,22,16
stratified,25,55,0.5118597916610151,0.26666666666666666,16,22
stratified,25,56,0.5195046523614465,0.35714285714285715,20,18
stratified,25,57,0.4338971326262106,0.38181818181818183,21,17
stratified,25,58,0.5762824512383692,0.38181818181818183,21,17
stratified,25,59,0.4764160540379243,0.38181818181818183,21,17
stratified,25,60,0.5809704174917939,0.4339622641509434,23,15
stratified,25,61,0.3867834956460408,0.3333333333333333,19,19
stratified,25,62,0.6767693893606056,0.49019607843137253,25,13
stratified,25,63,0.6981204052844315,0.52,26,12
stratified,25,64,0.6156308493611482,0.4339622641509434,23,15
stratified,25,65,0.41873287578330576,0.4339622641509434,23,15
stratified,25,66,0.5346841684073462,0.3333333333333333,19,19
stratified,25,67,0.659470539565418,0.4074074074074074,22,16
stratified,25,68,0.35062766188318917,0.26666666666666666,16,22
stratified,25,69,0.5263628163741422,0.4074074074074074,22,16
stratified,25,70,0.609574641239183,0.4339622641509434,23,15
stratified,25,71,0.5928556411578005,0.4074074074074074,22,16
stratified,25,72,0.5318832569242873,0.3103448275862069,18,20
stratified,25,73,0.5283041260884899,0.3333333333333333,19,19
stratified,25,74,0.5877268534845238,0.4339622641509434,23,15
stratified,25,75,0.4958478013183952,0.35714285714285715,20,18
stratified,25,76,0.35899818245937665,0.3103448275862069,18,20
stratified,25,77,0.5990101863657327,0.38181818181818183,21,17
stratified,25,78,0.5678034207742182,0.46153846153846156,24,14
stratified,25,79,0.565801074247891,0.4339622641509434,23,15
stratified,25,80,0.6767575210916096,0.4074074074074074,22,16
stratified,25,81,0.44823908797439177,0.288135593220339,17,21
stratified,25,82,0.7049989149011205,0.46153846153846156,24,14
stratified,25,83,0.5655297995279821,0.5510204081632653,27,11
stratified,25,84,0.5530579442801726,0.4074074074074074,22,16
stratified,25,85,0.4267914304315982,0.288135593220339,17,21
stratified,25,86,0.4755767978732063,0.35714285714285715,20,18
stratified,25,87,0.5127804302417058,0.3103448275862069,18,20
stratified,25,88,0.5673592084203674,0.38181818181818183,21,17
stratified,25,89,0.5591768846811166,0.35714285714285715,20,18
stratified,25,90,0.480205422781651,0.3103448275862069,18,20
stratified,25,91,0.4600158017524347,0.3333333333333333,19,19
stratified,25,92,0.4950034587526789,0.38181818181818183,21,17
stratified,25,93,0.575410981200662,0.38181818181818183,21,17
stratified,25,94,0.4795306269158778,0.3333333333333333,19,19
stratified,25,95,0.5605502129506552,0.46153846153846156,24,14
stratified,25,96,0.6838479640832272,0.4339622641509434,23,15
stratified,25,97,0.40764282614003206,0.22580645161290322,14,24
stratified,25,98,0.46672815560317943,0.3333333333333333,19,19
stratified,25,99,0.5583003282424112,0.38181818181818183,21,17
stratified,25,100,0.6385450858584489,0.38181818181818183,21,17
stratified,25,101,0.5946630089791933,0.46153846153846156,24,14
stratified,25,102,0.4498853864308386,0.3333333333333333,19,19
stratified,25,103,0.41901940970620954,0.4339622641509434,23,15
stratified,25,104,0.6057683178254619,0.46153846153846156,24,14
stratified,25,105,0.563595271681632,0.288135593220339,17,21
stratified,25,106,0.6439451482516346,0.4339622641509434,23,15
stratified,25,107,0.6093881398692457,0.49019607843137253,25,13
stratified,25,108,0.501315682391558,0.4074074074074074,22,16
stratified,25,109,0.5978267504001303,0.3333333333333333,19,19
stratified,25,110,0.5296113311450507,0.38181818181818183,21,17
stratified,25,111,0.6968335458318641,0.49019607843137253,25,13
stratified,25,112,0.49798748067167625,0.3333333333333333,19,19
stratified,25,113,0.5303827686297915,0.4074074074074074,22,16
stratified,25,114,0.6873372351680548,0.46153846153846156,24,14
stratified,25,115,0.47077523533081955,0.38181818181818183,21,17
stratified,25,116,0.5307761169736592,0.4074074074074074,22,16
stratified,25,117,0.6896956297642624,0.4074074074074074,22,16
stratified,25,118,0.573378116268345,0.4339622641509434,23,15
stratified,25,119,0.44764906545858996,0.35714285714285715,20,18
stratified,25,120,0.32845434446463934,0.35714285714285715,20,18
stratified,25,121,0.49074275018311053,0.38181818181818183,21,17
stratified,25,122,0.5077143748474081,0.35714285714285715,20,18
stratified,25,123,0.49918617584027347,0.38181818181818183,21,17
stratified,25,124,0.5026144101131217,0.46153846153846156,24,14
stratified,25,125,0.614452499796544,0.35714285714285715,20,18
stratified,25,126,0.5991627783956814,0.4339622641509434,23,15
stratified,25,127,0.6163615956379025,0.38181818181818183,21,17
stratified,25,128,0.3682893416162548,0.3103448275862069,18,20
stratified,25,129,0.5874437104956189,0.4339622641509434,23,15
stratified,25,130,0.6454168136071401,0.4074074074074074,22,16
stratified,25,131,0.4036194829503839,0.3333333333333333,19,19
stratified,25,132,0.6422479857852048,0.46153846153846156,24,14
stratified,25,133,0.5395518541627106,0.46153846153846156,24,14
stratified,25,134,0.5827777853131868,0.3333333333333333,19,19
stratified,25,135,0.5395196402897214,0.38181818181818183,21,17
stratified,25,136,0.6673273336407781,0.4074074074074074,22,16
stratified,25,137,0.6034116186962537,0.3103448275862069,18,20
stratified,25,138,0.6758521417139138,0.5833333333333334,28,10
stratified,25,139,0.48322674497463586,0.35714285714285715,20,18
stratified,25,140,0.677366193744405,0.38181818181818183,21,17
stratified,25,141,0.39795831863928605,0.3103448275862069,18,20
stratified,25,142,0.5875759569215745,0.4339622641509434,23,15
stratified,25,143,0.598771125518813,0.35714285714285715,20,18
stratified,25,144,0.502032864932317,0.4339622641509434,23,15
stratified,25,145,0.6219091636600387,0.46153846153846156,24,14
stratified,25,146,0.5227175623253669,0.3333333333333333,19,19
stratified,25,147,0.516937715324309,0.4339622641509434,23,15
stratified,25,148,0.5851989121883732,0.3333333333333333,19,19
stratified,25,149,0.5085163307381385,0.3333333333333333,19,19
stratified,25,150,0.6492519599598514,0.4339622641509434,23,15
stratified,25,151,0.5279752054906004,0.49019607843137253,25,13
stratified,25,152,0.46284892710848285,0.38181818181818183,21,17
stratified,25,153,0.6336977457070776,0.4074074074074074,22,16
stratified,25,154,0.5665335159916448,0.4074074074074074,22,16
stratified,25,155,0.5204981960231126,0.3333333333333333,19,19
stratified,25,156,0.4844864769552126,0.3333333333333333,19,19
stratified,25,157,0.5122073623958984,0.26666666666666666,16,22
stratified,25,158,0.44146569731166757,0.38181818181818183,21,17
stratified,25,159,0.5447874562569515,0.38181818181818183,21,17
stratified,25,160,0.4409146705368527,0.3103448275862069,18,20
stratified,25,161,0.6966724764669182,0.4339622641509434,23,15
stratified,25,162,0.4114847543607412,0.3333333333333333,19,19
stratified,25,163,0.361375227192578,0.3103448275862069,18,20
stratified,25,164,0.62761949651412,0.4074074074074074,22,16
stratified,25,165,0.577967745435803,0.4074074074074074,22,16
stratified,25,166,0.4769772536147357,0.46153846153846156,24,14
stratified,25,167,0.44286784852019645,0.26666666666666666,16,22
stratified,25,168,0.32240830914467083,0.3103448275862069,18,20
stratified,25,169,0.5811535279277324,0.35714285714285715,20,18
stratified,25,170,0.5855193554512655,0.35714285714285715,20,18
stratified,25,171,0.6556642161516969,0.4074074074074074,22,16
stratified,25,172,0.5902785313186665,0.4074074074074074,22,16
stratified,25,173,0.4737321297778261,0.3333333333333333,19,19
stratified,25,174,0.5027008789300925,0.4074074074074074,22,16
stratified,25,175,0.696128231560101,0.4339622641509434,23,15
stratified,25,176,0.5356387163280254,0.3103448275862069,18,20
stratified,25,177,0.6173246208935791,0.52,26,12
stratified,25,178,0.22139068985161278,0.26666666666666666,16,22
stratified,25,179,0.6455677101700894,0.46153846153846156,24,14
stratified,25,180,0.5462031712014758,0.4339622641509434,23,15
stratified,25,181,0.7114840761739415,0.52,26,12
stratified,25,182,0.4192415158831349,0.3333333333333333,19,19
stratified,25,183,0.7009552261074792,0.46153846153846156,24,14
stratified,25,184,0.6232384097875919,0.35714285714285715,20,18
stratified,25,185,0.5791054037924207,0.4074074074074074,22,16
stratified,25,186,0.4346448335729594,0.3103448275862069,18,20
stratified,25,187,0.48605478392968565,0.3333333333333333,19,19
stratified,25,188,0.6131215582019912,0.4074074074074074,22,16
stratified,25,189,0.5661995089927571,0.4339622641509434,23,15
stratified,25,190,0.5170699617502645,0.4074074074074074,22,16
stratified,25,191,0.4877655101321109,0.3333333333333333,19,19
stratified,25,192,0.4841321243523316,0.4339622641509434,23,15
stratified,25,193,0.5062325366899059,0.46153846153846156,24,14
stratified,25,194,0.6002377044733203,0.38181818181818183,21,17
stratified,25,195,0.28894996337791284,0.20634920634920634,13,25
stratified,25,196,0.7015859398312673,0.5510204081632653,27,11
stratified,25,197,0.6466528090497248,0.4339622641509434,23,15
stratified,25,198,0.5599839269728455,0.35714285714285715,20,18
stratified,25,199,0.47317601660201297,0.35714285714285715,20,18
stratified,50,0,0.8398682283048042,0.6170212765957447,29,9
stratified,50,1,0.699095298809104,0.52,26,12
stratified,50,2,0.7325197352358735,0.52,26,12
stratified,50,3,0.6154307842552154,0.49019607843137253,25,13
stratified,50,4,0.7701811436942193,0.5833333333333334,28,10
stratified,50,5,0.8149092586061906,0.5833333333333334,28,10
stratified,50,6,0.808342714917397,0.52,26,12
stratified,50,7,0.7809354908716059,0.5833333333333334,28,10
stratified,50,8,0.8427556086048343,0.6170212765957447,29,9
stratified,50,9,0.8119913599001711,0.5510204081632653,27,11
stratified,50,10,0.7958267775276022,0.5510204081632653,27,11
stratified,50,11,0.6238436915063885,0.49019607843137253,25,13
stratified,50,12,0.7382724547649405,0.5833333333333334,28,10
stratified,50,13,0.5888373843691507,0.5833333333333334,28,10
stratified,50,14,0.7634721807774734,0.5510204081632653,27,11
stratified,50,15,0.6428227490980116,0.49019607843137253,25,13
stratified,50,16,0.751300423188563,0.5510204081632653,27,11
stratified,50,17,0.6863657325773812,0.49019607843137253,25,13
stratified,50,18,0.8032274909801157,0.52,26,12
stratified,50,19,0.7731651656132167,0.49019607843137253,25,13
stratified,50,20,0.6750230583511924,0.5510204081632653,27,11
stratified,50,21,0.6553556411578007,0.52,26,12
stratified,50,22,0.7774241787157856,0.6170212765957447,29,9
stratified,50,23,0.7385827252258363,0.6888888888888889,31,7
stratified,50,24,0.7982699454737814,0.6170212765957447,29,9
stratified,50,25,0.7629008083986656,0.49019607843137253,25,13
stratified,50,26,0.701747009196213,0.5833333333333334,28,10
stratified,50,27,0.6854722214686815,0.5833333333333334,28,10
stratified,50,28,0.6221973930499417,0.38181818181818183,21,17
stratified,50,29,0.697711797737569,0.6170212765957447,29,9
stratified,50,30,0.7674599191601335,0.52,26,12
stratified,50,31,0.8111266717304616,0.5510204081632653,27,11
stratified,50,32,0.8157112144969211,0.52,26,12
stratified,50,33,0.5730441092694573,0.4339622641509434,23,15
stratified,50,34,0.8172167891924152,0.6170212765957447,29,9
stratified,50,35,0.7912032390201558,0.49019607843137253,25,13
stratified,50,36,0.8136393538236173,0.6888888888888889,31,7
stratified,50,37,0.7230386837750591,0.4339622641509434,23,15
stratified,50,38,0.7270332040257169,0.4339622641509434,23,15
stratified,50,39,0.7166162547812169,0.5510204081632653,27,11
stratified,50,40,0.8137275181075877,0.52,26,12
stratified,50,41,0.7298832840517593,0.5510204081632653,27,11
stratified,50,42,0.7736246371700622,0.52,26,12
stratified,50,43,0.7766001817540625,0.49019607843137253,25,13
stratified,50,44,0.8297327265822099,0.5510204081632653,27,11
stratified,50,45,0.8083291511814016,0.6521739130434783,30,8
stratified,50,46,0.8014947237066977,0.49019607843137253,25,13
stratified,50,47,0.7532366465019126,0.5833333333333334,28,10
stratified,50,48,0.7727684263353499,0.5510204081632653,27,11
stratified,50,49,0.6947549032905623,0.49019607843137253,25,13
stratified,50,50,0.8269928519111306,0.5833333333333334,28,10
stratified,50,51,0.7196935273851831,0.5510204081632653,27,11
stratified,50,52,0.7171723679570302,0.5510204081632653,27,11
stratified,50,53,0.7348730434310827,0.49019607843137253,25,13
stratified,50,54,0.7642164907902232,0.52,26,12
stratified,50,55,0.7902588639014733,0.49019607843137253,25,13
stratified,50,56,0.6966639991319209,0.6521739130434783,30,8
stratified,50,57,0.7123436779426526,0.6170212765957447,29,9
stratified,50,58,0.8379201367224589,0.52,26,12
stratified,50,59,0.6196185877438083,0.49019607843137253,25,13
stratified,50,60,0.8358364077801591,0.46153846153846156,24,14
stratified,50,61,0.7003448579876842,0.4074074074074074,22,16
stratified,50,62,0.8218793234408487,0.5510204081632653,27,11
stratified,50,63,0.6300338415213087,0.52,26,12
stratified,50,64,0.7175741936358953,0.5833333333333334,28,10
stratified,50,65,0.8182408512600712,0.5833333333333334,28,10
stratified,50,66,0.7107567208311857,0.52,26,12
stratified,50,67,0.804690679000624,0.52,26,12
stratified,50,68,0.7146715541328704,0.46153846153846156,24,14
stratified,50,69,0.6429736456609609,0.46153846153846156,24,14
stratified,50,70,0.6794210997477147,0.52,26,12
stratified,50,71,0.7992431435314543,0.49019607843137253,25,13
stratified,50,72,0.8197447304885659,0.6170212765957447,29,9
stratified,50,73,0.8496392046225214,0.5833333333333334,28,10
stratified,50,74,0.7915575916230368,0.5833333333333334,28,10
stratified,50,75,0.7825834847950521,0.52,26,12
stratified,50,76,0.7893043159807938,0.5510204081632653,27,11
stratified,50,77,0.7233777771749452,0.6170212765957447,29,9
stratified,50,78,0.7827971136369803,0.46153846153846156,24,14
stratified,50,79,0.7365735968315115,0.52,26,12
stratified,50,80,0.6331975829422457,0.52,26,12
stratified,50,81,0.7763628163741422,0.46153846153846156,24,14
stratified,50,82,0.6527141035726881,0.4074074074074074,22,16
stratified,50,83,0.7338116810894393,0.49019607843137253,25,13
stratified,50,84,0.802952825326208,0.52,26,12
stratified,50,85,0.594378170523289,0.46153846153846156,24,14
stratified,50,86,0.8389187667851234,0.5510204081632653,27,11
stratified,50,87,0.7670970892222555,0.6521739130434783,30,8
stratified,50,88,0.693562989989963,0.5510204081632653,27,11
stratified,50,89,0.7017385318612159,0.49019607843137253,25,13
stratified,50,90,0.8037446084149419,0.52,26,12
stratified,50,91,0.8468467704744597,0.49019607843137253,25,13
stratified,50,92,0.788922835905922,0.46153846153846156,24,14
stratified,50,93,0.6584702140357541,0.4339622641509434,23,15
stratified,50,94,0.7508409516317175,0.6170212765957447,29,9
stratified,50,95,0.7095037707186068,0.49019607843137253,25,13
stratified,50,96,0.7411530531969727,0.5510204081632653,27,11
stratified,50,97,0.6161750942679651,0.46153846153846156,24,14
stratified,50,98,0.7842704744594853,0.6521739130434783,30,8
stratified,50,99,0.7951960638038142,0.52,26,12
stratified,50,100,0.7813678349564606,0.5510204081632653,27,11
stratified,50,101,0.6923642948213656,0.46153846153846156,24,14
stratified,50,102,0.7840585410845564,0.52,26,12
stratified,50,103,0.6549690746819304,0.46153846153846156,24,14
stratified,50,104,0.8152330928030819,0.6521739130434783,30,8
stratified,50,105,0.8221166888207689,0.6888888888888889,31,7
stratified,50,106,0.7120605349537479,0.52,26,12
stratified,50,107,0.8439203944334429,0.6521739130434783,30,8
stratified,50,108,0.7395203184765213,0.49019607843137253,25,13
stratified,50,109,0.6125518812901827,0.46153846153846156,24,14
stratified,50,110,0.6527225809076853,0.4339622641509434,23,15
stratified,50,111,0.5466694246263192,0.4339622641509434,23,15
stratified,50,112,0.7841534872365246,0.5833333333333334,28,10
stratified,50,113,0.7789789219542631,0.6521739130434783,30,8
stratified,50,114,0.7919712855708978,0.5833333333333334,28,10
stratified,50,115,0.7953367875647669,0.52,26,12
stratified,50,116,0.836273838266012,0.5833333333333334,28,10
stratified,50,117,0.8224167864796682,0.6521739130434783,30,8
stratified,50,118,0.7357207769307978,0.5510204081632653,27,11
stratified,50,119,0.7861439654938556,0.5833333333333334,28,10
stratified,50,120,0.7458325421154004,0.5833333333333334,28,10
stratified,50,121,0.7033780484496651,0.5510204081632653,27,11
stratified,50,122,0.7970899004421779,0.5833333333333334,28,10
stratified,50,123,0.6682937498304534,0.52,26,12
stratified,50,124,0.7173503919919704,0.5833333333333334,28,10
stratified,50,125,0.6711489162574941,0.46153846153846156,24,14
stratified,50,126,0.8118370724032229,0.5833333333333334,28,10
stratified,50,127,0.7843501614084585,0.6170212765957447,29,9
stratified,50,128,0.7906827306513309,0.6170212765957447,29,9
stratified,50,129,0.7589537612239916,0.5833333333333334,28,10
stratified,50,130,0.7400035265713589,0.5510204081632653,27,11
stratified,50,131,0.6913792284946967,0.49019607843137253,25,13
stratified,50,132,0.7146325583918836,0.52,26,12
stratified,50,133,0.78169675555435,0.5833333333333334,28,10
stratified,50,134,0.7204124053929415,0.46153846153846156,24,14
stratified,50,135,0.6716372107533299,0.49019607843137253,25,13
stratified,50,136,0.7208684860157883,0.5510204081632653,27,11
stratified,50,137,0.84693493475843,0.6170212765957447,29,9
stratified,50,138,0.6805909719773214,0.5510204081632653,27,11
stratified,50,139,0.6707436996446302,0.4339622641509434,23,15
stratified,50,140,0.7586892683720805,0.49019607843137253,25,13
stratified,50,141,0.7735059544801021,0.5833333333333334,28,10
stratified,50,142,0.7761932696741992,0.52,26,12
stratified,50,143,0.7659119577896537,0.49019607843137253,25,13
stratified,50,144,0.7408224371320837,0.38181818181818183,21,17
stratified,50,145,0.8216351761929307,0.49019607843137253,25,13
stratified,50,146,0.8453649323169575,0.5833333333333334,28,10
stratified,50,147,0.8274404551989802,0.6888888888888889,31,7
stratified,50,148,0.7748029867346663,0.5833333333333334,28,10
stratified,50,149,0.7684551582887992,0.5833333333333334,28,10
stratified,50,150,0.8302532349510351,0.5833333333333334,28,10
stratified,50,151,0.794536527141036,0.5833333333333334,28,10
stratified,50,152,0.7805370561267396,0.49019607843137253,25,13
stratified,50,153,0.8063742777310584,0.5510204081632653,27,11
stratified,50,154,0.7905047066163905,0.5510204081632653,27,11
stratified,50,155,0.6954432628923313,0.5510204081632653,27,11
stratified,50,156,0.6951211241624394,0.49019607843137253,25,13
stratified,50,157,0.673729417030627,0.4074074074074074,22,16
stratified,50,158,0.7146037354528932,0.49019607843137253,25,13
stratified,50,159,0.7562749233648917,0.49019607843137253,25,13
stratified,50,160,0.72898807747606,0.5510204081632653,27,11
stratified,50,161,0.6806469223883027,0.52,26,12
stratified,50,162,0.7597777581857148,0.46153846153846156,24,14
stratified,50,163,0.8106265089656295,0.49019607843137253,25,13
stratified,50,164,0.7530128448579877,0.4339622641509434,23,15
stratified,50,165,0.6840683747931531,0.49019607843137253,25,13
stratified,50,166,0.6125484903561838,0.4339622641509434,23,15
stratified,50,167,0.6882731329517403,0.52,26,12
stratified,50,168,0.706690990966552,0.52,26,12
stratified,50,169,0.6998887773648375,0.52,26,12
stratified,50,170,0.8210366763421318,0.5510204081632653,27,11
stratified,50,171,0.8151924015950953,0.6521739130434783,30,8
stratified,50,172,0.6122687383012778,0.5510204081632653,27,11
stratified,50,173,0.7732685891001819,0.5833333333333334,28,10
stratified,50,174,0.7829039280579443,0.49019607843137253,25,13
stratified,50,175,0.7417244255757808,0.5510204081632653,27,11
stratified,50,176,0.6857621463255841,0.6170212765957447,29,9
stratified,50,177,0.6321853891435858,0.52,26,12
stratified,50,178,0.8212876054580475,0.6170212765957447,29,9
stratified,50,179,0.7831650299758566,0.5510204081632653,27,11
stratified,50,180,0.7856081979220358,0.5833333333333334,28,10
stratified,50,181,0.7552627295662319,0.6170212765957447,29,9
stratified,50,182,0.7960387109025311,0.52,26,12
stratified,50,183,0.6897193663022544,0.46153846153846156,24,14
stratified,50,184,0.7998348615142555,0.5510204081632653,27,11
stratified,50,185,0.7412479993489408,0.49019607843137253,25,13
stratified,50,186,0.6272227572362533,0.5510204081632653,27,11
stratified,50,187,0.7798283509209777,0.52,26,12
stratified,50,188,0.7633145023465264,0.6170212765957447,29,9
stratified,50,189,0.7571379160676018,0.49019607843137253,25,13
stratified,50,190,0.6593586387434557,0.5833333333333334,28,10
stratified,50,191,0.8034987657000244,0.52,26,12
stratified,50,192,0.7876970132653338,0.52,26,12
stratified,50,193,0.7782498711445082,0.5510204081632653,27,11
stratified,50,194,0.7081694381900552,0.52,26,12
stratified,50,195,0.7309616010633969,0.49019607843137253,25,13
stratified,50,196,0.7496269972601254,0.52,26,12
stratified,50,197,0.762476941648808,0.49019607843137253,25,13
stratified,50,198,0.7846417817323604,0.6521739130434783,30,8
stratified,50,199,0.7209278273607684,0.52,26,12
stratified,75,0,0.9411757724547651,0.7674418604651163,33,5
stratified,75,1,0.9085888967257144,0.7272727272727273,32,6
stratified,75,2,0.866851585600738,0.6521739130434783,30,8
stratified,75,3,0.9159506144372407,0.6521739130434783,30,8
stratified,75,4,0.8463415213086293,0.5833333333333334,28,10
stratified,75,5,0.9005116919404281,0.6521739130434783,30,8
stratified,75,6,0.8870191655589617,0.6521739130434783,30,8
stratified,75,7,0.8501987087323333,0.6170212765957447,29,9
stratified,75,8,0.8379014865854653,0.6170212765957447,29,9
stratified,75,9,0.9136566475870115,0.7674418604651163,33,5
stratified,75,10,0.9153826329924314,0.7272727272727273,32,6
stratified,75,11,0.9012441336841821,0.7674418604651163,33,5
stratified,75,12,0.9052844315438247,0.7674418604651163,33,5
stratified,75,13,0.8748253668990588,0.6521739130434783,30,8
stratified,75,14,0.9127360090063208,0.7272727272727273,32,6
stratified,75,15,0.9042485012071727,0.6521739130434783,30,8
stratified,75,16,0.9269864091365327,0.7272727272727273,32,6
stratified,75,17,0.9020681306459052,0.7272727272727273,32,6
stratified,75,18,0.8991688820768794,0.7272727272727273,32,6
stratified,75,19,0.879140330412609,0.7272727272727273,32,6
stratified,75,20,0.9338598323522231,0.7674418604651163,33,5
stratified,75,21,0.8952998263841793,0.7272727272727273,32,6
stratified,75,22,0.9234530559097199,0.6888888888888889,31,7
stratified,75,23,0.9319253045058732,0.7272727272727273,32,6
stratified,75,24,0.9229088110029028,0.6521739130434783,30,8
stratified,75,25,0.908146379838863,0.6521739130434783,30,8
stratified,75,26,0.8847709763177172,0.7674418604651163,33,5
stratified,75,27,0.9049775520169276,0.7272727272727273,32,6
stratified,75,28,0.9388394189295501,0.6521739130434783,30,8
stratified,75,29,0.891803773431354,0.7674418604651163,33,5
stratified,75,30,0.9056303068117083,0.6170212765957447,29,9
stratified,75,31,0.9210336245015328,0.7674418604651163,33,5
stratified,75,32,0.9360232482434964,0.6888888888888889,31,7
stratified,75,33,0.913744811870982,0.7674418604651163,33,5
stratified,75,34,0.924482204378374,0.7272727272727273,32,6
stratified,75,35,0.9189821094322222,0.6888888888888889,31,7
stratified,75,36,0.8607275587987958,0.5510204081632653,27,11
stratified,75,37,0.9067357512953369,0.5833333333333334,28,10
stratified,75,38,0.854283088733961,0.6521739130434783,30,8
stratified,75,39,0.9257944958359332,0.6888888888888889,31,7
stratified,75,40,0.8985822504950766,0.6521739130434783,30,8
stratified,75,41,0.9252485554621166,0.8536585365853658,35,3
stratified,75,42,0.8881720831185742,0.6888888888888889,31,7
stratified,75,43,0.9325746683666549,0.6888888888888889,31,7
stratified,75,44,0.910577679516046,0.7674418604651163,33,5
stratified,75,45,0.9418760003255299,0.7272727272727273,32,6
stratified,75,46,0.9045791172720615,0.5510204081632653,27,11
stratified,75,47,0.9136837750590023,0.6888888888888889,31,7
stratified,75,48,0.8752017605729323,0.6888888888888889,31,7
stratified,75,49,0.8626383501071536,0.7272727272727273,32,6
stratified,75,50,0.9059100588666145,0.6888888888888889,31,7
stratified,75,51,0.8480132517700676,0.6888888888888889,31,7
stratified,75,52,0.8850286873016304,0.7674418604651163,33,5
stratified,75,53,0.8956796109920518,0.6521739130434783,30,8
stratified,75,54,0.9061525106475328,0.8095238095238095,34,4
stratified,75,55,0.925202777853132,0.7674418604651163,33,5
stratified,75,56,0.8685640072701627,0.6888888888888889,31,7
stratified,75,57,0.896330670319833,0.7674418604651163,33,5
stratified,75,58,0.8498121422564633,0.6888888888888889,31,7
stratified,75,59,0.9427135610232483,0.7674418604651163,33,5
stratified,75,60,0.9454754767653205,0.6521739130434783,30,8
stratified,75,61,0.9267202208176222,0.7674418604651163,33,5
stratified,75,62,0.920857295933592,0.7272727272727273,32,6
stratified,75,63,0.9258063641049292,0.7272727272727273,32,6
stratified,75,64,0.9215303963323659,0.6888888888888889,31,7
stratified,75,65,0.890711892683721,0.7272727272727273,32,6
stratified,75,66,0.8813359601768712,0.6888888888888889,31,7
stratified,75,67,0.9083532268127934,0.6521739130434783,30,8
stratified,75,68,0.891393470417492,0.8095238095238095,34,4
stratified,75,69,0.9223221794210998,0.7674418604651163,33,5
stratified,75,70,0.9316777663239564,0.7272727272727273,32,6
stratified,75,71,0.9438851287198547,0.7674418604651163,33,5
stratified,75,72,0.8408414263624775,0.7272727272727273,32,6
stratified,75,73,0.9104233920190978,0.6888888888888889,31,7
stratified,75,74,0.9318744404958904,0.7272727272727273,32,6
stratified,75,75,0.8922581585872014,0.6888888888888889,31,7
stratified,75,76,0.917681686243659,0.7674418604651163,33,5
stratified,75,77,0.9154233242004179,0.6888888888888889,31,7
stratified,75,78,0.9175087486097172,0.7674418604651163,33,5
stratified,75,79,0.8650832135203322,0.6521739130434783,30,8
stratified,75,80,0.9278375335702468,0.7272727272727273,32,6
stratified,75,81,0.8227440116105581,0.5833333333333334,28,10
stratified,75,82,0.8589727504543851,0.7674418604651163,33,5
stratified,75,83,0.9243465670184197,0.8536585365853658,35,3
stratified,75,84,0.8935043268317827,0.6888888888888889,31,7
stratified,75,85,0.9336055123023087,0.7674418604651163,33,5
stratified,75,86,0.904301060684155,0.7272727272727273,32,6
stratified,75,87,0.9200095624338769,0.6521739130434783,30,8
stratified,75,88,0.9242160160594635,0.6888888888888889,31,7
stratified,75,89,0.8590676966063533,0.5510204081632653,27,11
stratified,75,90,0.8848523587336898,0.6521739130434783,30,8
stratified,75,91,0.9101131215582021,0.7272727272727273,32,6
stratified,75,92,0.9264336868947184,0.6521739130434783,30,8
stratified,75,93,0.8975514065594229,0.7272727272727273,32,6
stratified,75,94,0.9061270786425415,0.7272727272727273,32,6
stratified,75,95,0.9105335973740609,0.5833333333333334,28,10
stratified,75,96,0.9024530016547759,0.6521739130434783,30,8
stratified,75,97,0.9258962238558991,0.7674418604651163,33,5
stratified,75,98,0.9137329436019859,0.8095238095238095,34,4
stratified,75,99,0.9149418115725797,0.7674418604651163,33,5
stratified,75,100,0.9018578927379759,0.7272727272727273,32,6
stratified,75,101,0.890711892683721,0.6521739130434783,30,8
stratified,75,102,0.9093382931394626,0.7272727272727273,32,6
stratified,75,103,0.935143300870792,0.7272727272727273,32,6
stratified,75,104,0.867765442313431,0.6888888888888889,31,7
stratified,75,105,0.9030277649675829,0.7272727272727273,32,6
stratified,75,106,0.8962933700458456,0.6521739130434783,30,8
stratified,75,107,0.9186379296313377,0.6888888888888889,31,7
stratified,75,108,0.9019511434229446,0.6888888888888889,31,7
stratified,75,109,0.8968054010796735,0.6521739130434783,30,8
stratified,75,110,0.9024445243197787,0.6888888888888889,31,7
stratified,75,111,0.8855525866044545,0.6888888888888889,31,7
stratified,75,112,0.8772125844342566,0.5833333333333334,28,10
stratified,75,113,0.9001929441445352,0.6888888888888889,31,7
stratified,75,114,0.9154826655453979,0.6888888888888889,31,7
stratified,75,115,0.9221848465941459,0.6521739130434783,30,8
stratified,75,116,0.9177155955836477,0.6170212765957447,29,9
stratified,75,117,0.9052895179448228,0.6888888888888889,31,7
stratified,75,118,0.8641117109296585,0.6888888888888889,31,7
stratified,75,119,0.8914443344274748,0.8095238095238095,34,4
stratified,75,120,0.9114406722187561,0.6888888888888889,31,7
stratified,75,121,0.9013899438461331,0.6888888888888889,31,7
stratified,75,122,0.916554200689038,0.8536585365853658,35,3
stratified,75,123,0.9222730108781164,0.6888888888888889,31,7
stratified,75,124,0.9245364593223558,0.7272727272727273,32,6
stratified,75,125,0.9355264764126632,0.6888888888888889,31,7
stratified,75,126,0.914009304722893,0.7272727272727273,32,6
stratified,75,127,0.9507992431435316,0.6521739130434783,30,8
stratified,75,128,0.8405243740335839,0.5510204081632653,27,11
stratified,75,129,0.9175070531427177,0.6888888888888889,31,7
stratified,75,130,0.8827720207253886,0.6888888888888889,31,7
stratified,75,131,0.8749711770610098,0.7272727272727273,32,6
stratified,75,132,0.8783892385318613,0.7272727272727273,32,6
stratified,75,133,0.9072918644711502,0.6521739130434783,30,8
stratified,75,134,0.8620720641293439,0.6170212765957447,29,9
stratified,75,135,0.8872667037408786,0.6170212765957447,29,9
stratified,75,136,0.9159896101782276,0.6521739130434783,30,8
stratified,75,137,0.9335461709573286,0.8095238095238095,34,4
stratified,75,138,0.9135922198410331,0.6521739130434783,30,8
stratified,75,139,0.8883195887475247,0.6888888888888889,31,7
stratified,75,140,0.9002285489515233,0.6170212765957447,29,9
stratified,75,141,0.9265489786506796,0.6888888888888889,31,7
stratified,75,142,0.9359961207715054,0.8095238095238095,34,4
stratified,75,143,0.89928586929984,0.7674418604651163,33,5
stratified,75,144,0.9089669858665872,0.8095238095238095,34,4
stratified,75,145,0.9376627648319454,0.6521739130434783,30,8
stratified,75,146,0.9065797683313894,0.6888888888888889,31,7
stratified,75,147,0.859050741936359,0.6521739130434783,30,8
stratified,75,148,0.9230122344898681,0.7272727272727273,32,6
stratified,75,149,0.9086278924667013,0.7272727272727273,32,6
stratified,75,150,0.9377204107099261,0.7272727272727273,32,6
stratified,75,151,0.894163863494561,0.5510204081632653,27,11
stratified,75,152,0.8892351409272171,0.5833333333333334,28,10
stratified,75,153,0.917393456853756,0.7674418604651163,33,5
stratified,75,154,0.895443941079131,0.6888888888888889,31,7
stratified,75,155,0.9048826058649595,0.6170212765957447,29,9
stratified,75,156,0.8940689173425929,0.6521739130434783,30,8
stratified,75,157,0.9045960719420558,0.6888888888888889,31,7
stratified,75,158,0.869357485825896,0.7674418604651163,33,5
stratified,75,159,0.9197501559829641,0.7272727272727273,32,6
stratified,75,160,0.8856254916854298,0.7272727272727273,32,6
stratified,75,161,0.8555462116485366,0.6170212765957447,29,9
stratified,75,162,0.9215507419363591,0.9,36,2
stratified,75,163,0.9162693622331336,0.6170212765957447,29,9
stratified,75,164,0.9081718118438544,0.7272727272727273,32,6
stratified,75,165,0.9289124596478856,0.6888888888888889,31,7
stratified,75,166,0.9119916989935709,0.7272727272727273,32,6
stratified,75,167,0.9273865393483983,0.6521739130434783,30,8
stratified,75,168,0.8842012994059085,0.6888888888888889,31,7
stratified,75,169,0.8963154111168382,0.6888888888888889,31,7
stratified,75,170,0.9101215988931993,0.6888888888888889,31,7
stratified,75,171,0.8678180017904134,0.7674418604651163,33,5
stratified,75,172,0.8980057917152703,0.7272727272727273,32,6
stratified,75,173,0.9326289233106367,0.6888888888888889,31,7
stratified,75,174,0.9284394243550446,0.6888888888888889,31,7
stratified,75,175,0.9183259637034427,0.6521739130434783,30,8
stratified,75,176,0.9157386810623119,0.7674418604651163,33,5
stratified,75,177,0.90702398068524,0.8095238095238095,34,4
stratified,75,178,0.875354352602881,0.6521739130434783,30,8
stratified,75,179,0.9322677888397581,0.6888888888888889,31,7
stratified,75,180,0.8708291511814016,0.7674418604651163,33,5
stratified,75,181,0.8968935653636438,0.8095238095238095,34,4
stratified,75,182,0.8623908119252368,0.6521739130434783,30,8
stratified,75,183,0.8124033583810326,0.6521739130434783,30,8
stratified,75,184,0.9364250739223613,0.6170212765957447,29,9
stratified,75,185,0.9260793342918374,0.7674418604651163,33,5
stratified,75,186,0.8813613921818627,0.6521739130434783,30,8
stratified,75,187,0.8994299839947917,0.7272727272727273,32,6
stratified,75,188,0.9269253723245533,0.7272727272727273,32,6
stratified,75,189,0.8870174700919622,0.7272727272727273,32,6
stratified,75,190,0.8500105118953967,0.7272727272727273,32,6
stratified,75,191,0.9103233594661315,0.8536585365853658,35,3
stratified,75,192,0.9324593766106938,0.7674418604651163,33,5
stratified,75,193,0.8820582291186285,0.7272727272727273,32,6
stratified,75,194,0.9337767544692511,0.7272727272727273,32,6
stratified,75,195,0.9101487263651902,0.7674418604651163,33,5
stratified,75,196,0.8606258307788298,0.6521739130434783,30,8
stratified,75,197,0.9255673032580095,0.7272727272727273,32,6
stratified,75,198,0.9235768250006783,0.7272727272727273,32,6
stratified,75,199,0.8770803380083011,0.6521739130434783,30,8
stratified,100,0,1.0,1.0,38,0
stratified,100,1,1.0,1.0,38,0
stratified,100,2,1.0,1.0,38,0
stratified,100,3,1.0,1.0,38,0
stratified,100,4,1.0,1.0,38,0
stratified,100,5,1.0,1.0,38,0
stratified,100,6,1.0,1.0,38,0
stratified,100,7,1.0,1.0,38,0
stratified,100,8,1.0,1.0,38,0
stratified,100,9,1.0,1.0,38,0
stratified,100,10,1.0,1.0,38,0
stratified,100,11,1.0,1.0,38,0
stratified,100,12,1.0,1.0,38,0
stratified,100,13,1.0,1.0,38,0
stratified,100,14,1.0,1.0,38,0
stratified,100,15,1.0,1.0,38,0
stratified,100,16,1.0,1.0,38,0
stratified,100,17,1.0,1.0,38,0
stratified,100,18,1.0,1.0,38,0
stratified,100,19,1.0,1.0,38,0
stratified,100,20,1.0,1.0,38,0
stratified,100,21,1.0,1.0,38,0
stratified,100,22,1.0,1.0,38,0
stratified,100,23,1.0,1.0,38,0
stratified,100,24,1.0,1.0,38,0
stratified,100,25,1.0,1.0,38,0
stratified,100,26,1.0,1.0,38,0
stratified,100,27,1.0,1.0,38,0
stratified,100,28,1.0,1.0,38,0
stratified,100,29,1.0,1.0,38,0
stratified,100,30,1.0,1.0,38,0
stratified,100,31,1.0,1.0,38,0
stratified,100,32,1.0,1.0,38,0
stratified,100,33,1.0,1.0,38,0
stratified,100,34,1.0,1.0,38,0
stratified,100,35,1.0,1.0,38,0
stratified,100,36,1.0,1.0,38,0
stratified,100,37,1.0,1.0,38,0
stratified,100,38,1.0,1.0,38,0
stratified,100,39,1.0,1.0,38,0
stratified,100,40,1.0,1.0,38,0
stratified,100,41,1.0,1.0,38,0
stratified,100,42,1.0,1.0,38,0
stratified,100,43,1.0,1.0,38,0
stratified,100,44,1.0,1.0,38,0
stratified,100,45,1.0,1.0,38,0
stratified,100,46,1.0,1.0,38,0
stratified,100,47,1.0,1.0,38,0
stratified,100,48,1.0,1.0,38,0
stratified,100,49,1.0,1.0,38,0
stratified,100,50,1.0,1.0,38,0
stratified,100,51,1.0,1.0,38,0
stratified,100,52,1.0,1.0,38,0
stratified,100,53,1.0,1.0,38,0
stratified,100,54,1.0,1.0,38,0
stratified,100,55,1.0,1.0,38,0
stratified,100,56,1.0,1.0,38,0
stratified,100,57,1.0,1.0,38,0
stratified,100,58,1.0,1.0,38,0
stratified,100,59,1.0,1.0,38,0
stratified,100,60,1.0,1.0,38,0
stratified,100,61,1.0,1.0,38,0
stratified,100,62,1.0,1.0,38,0
stratified,100,63,1.0,1.0,38,0
stratified,100,64,1.0,1.0,38,0
stratified,100,65,1.0,1.0,38,0
stratified,100,66,1.0,1.0,38,0
stratified,100,67,1.0,1.0,38,0
stratified,100,68,1.0,1.0,38,0
stratified,100,69,1.0,1.0,38,0
stratified,100,70,1.0,1.0,38,0
stratified,100,71,1.0,1.0,38,0
stratified,100,72,1.0,1.0,38,0
stratified,100,73,1.0,1.0,38,0
stratified,100,74,1.0,1.0,38,0
stratified,100,75,1.0,1.0,38,0
stratified,100,76,1.0,1.0,38,0
stratified,100,77,1.0,1.0,38,0
stratified,100,78,1.0,1.0,38,0
stratified,100,79,1.0,1.0,38,0
stratified,100,80,1.0,1.0,38,0
stratified,100,81,1.0,1.0,38,0
stratified,100,82,1.0,1.0,38,0
stratified,100,83,1.0,1.0,38,0
stratified,100,84,1.0,1.0,38,0
stratified,100,85,1.0,1.0,38,0
stratified,100,86,1.0,1.0,38,0
stratified,100,87,1.0,1.0,38,0
stratified,100,88,1.0,1.0,38,0
stratified,100,89,1.0,1.0,38,0
stratified,100,90,1.0,1.0,38,0
stratified,100,91,1.0,1.0,38,0
stratified,100,92,1.0,1.0,38,0
stratified,100,93,1.0,1.0,38,0
stratified,100,94,1.0,1.0,38,0
stratified,100,95,1.0,1.0,38,0
stratified,100,96,1.0,1.0,38,0
stratified,100,97,1.0,1.0,38,0
stratified,100,98,1.0,1.0,38,0
stratified,100,99,1.0,1.0,38,0
stratified,100,100,1.0,1.0,38,0
stratified,100,101,1.0,1.0,38,0
stratified,100,102,1.0,1.0,38,0
stratified,100,103,1.0,1.0,38,0
stratified,100,104,1.0,1.0,38,0
stratified,100,105,1.0,1.0,38,0
stratified,100,106,1.0,1.0,38,0
stratified,100,107,1.0,1.0,38,0
stratified,100,108,1.0,1.0,38,0
stratified,100,109,1.0,1.0,38,0
stratified,100,110,1.0,1.0,38,0
stratified,100,111,1.0,1.0,38,0
stratified,100,112,1.0,1.0,38,0
stratified,100,113,1.0,1.0,38,0
stratified,100,114,1.0,1.0,38,0
stratified,100,115,1.0,1.0,38,0
stratified,100,116,1.0,1.0,38,0
stratified,100,117,1.0,1.0,38,0
stratified,100,118,1.0,1.0,38,0
stratified,100,119,1.0,1.0,38,0
stratified,100,120,1.0,1.0,38,0
stratified,100,121,1.0,1.0,38,0
stratified,100,122,1.0,1.0,38,0
stratified,100,123,1.0,1.0,38,0
stratified,100,124,1.0,1.0,38,0
stratified,100,125,1.0,1.0,38,0
stratified,100,126,1.0,1.0,38,0
stratified,100,127,1.0,1.0,38,0
stratified,100,128,1.0,1.0,38,0
stratified,100,129,1.0,1.0,38,0
stratified,100,130,1.0,1.0,38,0
stratified,100,131,1.0,1.0,38,0
stratified,100,132,1.0,1.0,38,0
stratified,100,133,1.0,1.0,38,0
stratified,100,134,1.0,1.0,38,0
stratified,100,135,1.0,1.0,38,0
stratified,100,136,1.0,1.0,38,0
stratified,100,137,1.0,1.0,38,0
stratified,100,138,1.0,1.0,38,0
stratified,100,139,1.0,1.0,38,0
stratified,100,140,1.0,1.0,38,0
stratified,100,141,1.0,1.0,38,0
stratified,100,142,1.0,1.0,38,0
stratified,100,143,1.0,1.0,38,0
stratified,100,144,1.0,1.0,38,0
stratified,100,145,1.0,1.0,38,0
stratified,100,146,1.0,1.0,38,0
stratified,100,147,1.0,1.0,38,0
stratified,100,148,1.0,1.0,38,0
stratified,100,149,1.0,1.0,38,0
stratified,100,150,1.0,1.0,38,0
stratified,100,151,1.0,1.0,38,0
stratified,100,152,1.0,1.0,38,0
stratified,100,153,1.0,1.0,38,0
stratified,100,154,1.0,1.0,38,0
stratified,100,155,1.0,1.0,38,0
stratified,100,156,1.0,1.0,38,0
stratified,100,157,1.0,1.0,38,0
stratified,100,158,1.0,1.0,38,0
stratified,100,159,1.0,1.0,38,0
stratified,100,160,1.0,1.0,38,0
stratified,100,161,1.0,1.0,38,0
stratified,100,162,1.0,1.0,38,0
stratified,100,163,1.0,1.0,38,0
stratified,100,164,1.0,1.0,38,0
stratified,100,165,1.0,1.0,38,0
stratified,100,166,1.0,1.0,38,0
stratified,100,167,1.0,1.0,38,0
stratified,100,168,1.0,1.0,38,0
stratified,100,169,1.0,1.0,38,0
stratified,100,170,1.0,1.0,38,0
stratified,100,171,1.0,1.0,38,0
stratified,100,172,1.0,1.0,38,0
stratified,100,173,1.0,1.0,38,0
stratified,100,174,1.0,1.0,38,0
stratified,100,175,1.0,1.0,38,0
stratified,100,176,1.0,1.0,38,0
stratified,100,177,1.0,1.0,38,0
stratified,100,178,1.0,1.0,38,0
stratified,100,179,1.0,1.0,38,0
stratified,100,180,1.0,1.0,38,0
stratified,100,181,1.0,1.0,38,0
stratified,100,182,1.0,1.0,38,0
stratified,100,183,1.0,1.0,38,0
stratified,100,184,1.0,1.0,38,0
stratified,100,185,1.0,1.0,38,0
stratified,100,186,1.0,1.0,38,0
stratified,100,187,1.0,1.0,38,0
stratified,100,188,1.0,1.0,38,0
stratified,100,189,1.0,1.0,38,0
stratified,100,190,1.0,1.0,38,0
stratified,100,191,1.0,1.0,38,0
stratified,100,192,1.0,1.0,38,0
stratified,100,193,1.0,1.0,38,0
stratified,100,194,1.0,1.0,38,0
stratified,100,195,1.0,1.0,38,0
stratified,100,196,1.0,1.0,38,0
stratified,100,197,1.0,1.0,38,0
stratified,100,198,1.0,1.0,38,0
stratified,100,199,1.0,1.0,38,0
