sample_id,episode_id,content_group_id,task_id,split,step,file
transport_dual_order__0072:0,transport_dual_order__0072,f17b5015f86d31cb,transport_dual_order,train,0,episodes/transport_dual_order__0072.npz
transport_dual_order__0072:1,transport_dual_order__0072,f17b5015f86d31cb,transport_dual_order,train,1,episodes/transport_dual_order__0072.npz
transport_dual_order__0072:2,transport_dual_order__0072,f17b5015f86d31cb,transport_dual_order,train,2,episodes/transport_dual_order__0072.npz
transport_dual_order__0072:3,transport_dual_order__0072,f17b5015f86d31cb,transport_dual_order,train,3,episodes/transport_dual_order__0072.npz
transport_dual_order__0072:4,transport_dual_order__0072,f17b5015f86d31cb,transport_dual_order,train,4,episodes/transport_dual_order__0072.npz
transport_dual_order__0072:5,transport_dual_order__0072,f17b5015f86d31cb,transport_dual_order,train,5,episodes/transport_dual_order__0072.npz
transport_dual_order__0072:6,transport_dual_order__0072,f17b5015f86d31cb,transport_dual_order,train,6,episodes/transport_dual_order__0072.npz
transport_dual_order__0072:7,transport_dual_order__0072,f17b5015f86d31cb,transport_dual_order,train,7,episodes/transport_dual_order__0072.npz
transport_dual_order__0072:8,transport_dual_order__0072,f17b5015f86d31cb,transport_dual_order,train,8,episodes/transport_dual_order__0072.npz
transport_dual_order__0072:9,transport_dual_order__0072,f17b5015f86d31cb,transport_dual_order,train,9,episodes/transport_dual_order__0072.npz
transport_dual_order__0072:10,transport_dual_order__0072,f17b5015f86d31cb,transport_dual_order,train,10,episodes/transport_dual_order__0072.npz
transport_dual_order__0072:11,transport_dual_order__0072,f17b5015f86d31cb,transport_dual_order,train,11,episodes/transport_dual_order__0072.npz
transport_dual_order__0072:12,transport_dual_order__0072,f17b5015f86d31cb,transport_dual_order,train,12,episodes/transport_dual_order__0072.npz
transport_dual_order__0072:13,transport_dual_order__0072,f17b5015f86d31cb,transport_dual_order,train,13,episodes/transport_dual_order__0072.npz
transport_dual_order__0072:14,transport_dual_order__0072,f17b5015f86d31cb,transport_dual_order,train,14,episodes/transport_dual_order__0072.npz
transport_dual_order__0072:15,transport_dual_order__0072,f17b5015f86d31cb,transport_dual_order,train,15,episodes/transport_dual_order__0072.npz
transport_dual_order__0072:16,transport_dual_order__0072,f17b5015f86d31cb,transport_dual_order,train,16,episodes/transport_dual_order__0072.npz
transport_dual_order__0072:17,transport_dual_order__0072,f17b5015f86d31cb,transport_dual_order,train,17,episodes/transport_dual_order__0072.npz
transport_dual_order__0072:18,transport_dual_order__0072,f17b5015f86d31cb,transport_dual_order,train,18,episodes/transport_dual_order__0072.npz
transport_dual_order__0072:19,transport_dual_order__0072,f17b5015f86d31cb,transport_dual_order,train,19,episodes/transport_dual_order__0072.npz
transport_dual_order__0072:20,transport_dual_order__0072,f17b5015f86d31cb,transport_dual_order,train,20,episodes/transport_dual_order__0072.npz
transport_dual_order__0072:21,transport_dual_order__0072,f17b5015f86d31cb,transport_dual_order,train,21,episodes/transport_dual_order__0072.npz
transport_dual_order__0072:22,transport_dual_order__0072,f17b5015f86d31cb,transport_dual_order,train,22,episodes/transport_dual_order__0072.npz
transport_dual_order__0072:23,transport_dual_order__0072,f17b5015f86d31cb,transport_dual_order,train,23,episodes/transport_dual_order__0072.npz
transport_dual_order__0072:24,transport_dual_order__0072,f17b5015f86d31cb,transport_dual_order,train,24,episodes/transport_dual_order__0072.npz
transport_dual_order__0072:25,transport_dual_order__0072,f17b5015f86d31cb,transport_dual_order,train,25,episodes/transport_dual_order__0072.npz
transport_dual_order__0072:26,transport_dual_order__0072,f17b5015f86d31cb,transport_dual_order,train,26,episodes/transport_dual_order__0072.npz
transport_dual_order__0072:27,transport_dual_order__0072,f17b5015f86d31cb,transport_dual_order,train,27,episodes/transport_dual_order__0072.npz
transport_dual_order__0072:28,transport_dual_order__0072,f17b5015f86d31cb,transport_dual_order,train,28,episodes/transport_dual_order__0072.npz
transport_dual_order__0072:29,transport_dual_order__0072,f17b5015f86d31cb,transport_dual_order,train,29,episodes/transport_dual_order__0072.npz
transport_dual_order__0072:30,transport_dual_order__0072,f17b5015f86d31cb,transport_dual_order,train,30,episodes/transport_dual_order__0072.npz
transport_dual_order__0072:31,transport_dual_order__0072,f17b5015f86d31cb,transport_dual_order,train,31,episodes/transport_dual_order__0072.npz
transport_dual_order__0072:32,transport_dual_order__0072,f17b5015f86d31cb,transport_dual_order,train,32,episodes/transport_dual_order__0072.npz
transport_dual_order__0072:33,transport_dual_order__0072,f17b5015f86d31cb,transport_dual_order,train,33,episodes/transport_dual_order__0072.npz
transport_dual_order__0072:34,transport_dual_order__0072,f17b5015f86d31cb,transport_dual_order,train,34,episodes/transport_dual_order__0072.npz
transport_dual_order__0072:35,transport_dual_order__0072,f17b5015f86d31cb,transport_dual_order,train,35,episodes/transport_dual_order__0072.npz
transport_dual_order__0072:36,transport_dual_order__0072,f17b5015f86d31cb,transport_dual_order,train,36,episodes/transport_dual_order__0072.npz
transport_dual_order__0072:37,transport_dual_order__0072,f17b5015f86d31cb,transport_dual_order,train,37,episodes/transport_dual_order__0072.npz
transport_dual_order__0072:38,transport_dual_order__0072,f17b5015f86d31cb,transport_dual_order,train,38,episodes/transport_dual_order__0072.npz
transport_dual_order__0072:39,transport_dual_order__0072,f17b5015f86d31cb,transport_dual_order,train,39,episodes/transport_dual_order__0072.npz
transport_dual_order__0072:40,transport_dual_order__0072,f17b5015f86d31cb,transport_dual_order,train,40,episodes/transport_dual_order__0072.npz
transport_dual_order__0072:41,transport_dual_order__0072,f17b5015f86d31cb,transport_dual_order,train,41,episodes/transport_dual_order__0072.npz
transport_dual_order__0072:42,transport_dual_order__0072,f17b5015f86d31cb,transport_dual_order,train,42,episodes/transport_dual_order__0072.npz
transport_dual_order__0072:43,transport_dual_order__0072,f17b5015f86d31cb,transport_dual_order,train,43,episodes/transport_dual_order__0072.npz
transport_dual_order__0072:44,transport_dual_order__0072,f17b5015f86d31cb,transport_dual_order,train,44,episodes/transport_dual_order__0072.npz
transport_dual_order__0072:45,transport_dual_order__0072,f17b5015f86d31cb,transport_dual_order,train,45,episodes/transport_dual_order__0072.npz
transport_dual_order__0072:46,transport_dual_order__0072,f17b5015f86d31cb,transport_dual_order,train,46,episodes/transport_dual_order__0072.npz
transport_dual_order__0072:47,transport_dual_order__0072,f17b5015f86d31cb,transport_dual_order,train,47,episodes/transport_dual_order__0072.npz
transport_dual_order__0072:48,transport_dual_order__0072,f17b5015f86d31cb,transport_dual_order,train,48,episodes/transport_dual_order__0072.npz
transport_dual_order__0072:49,transport_dual_order__0072,f17b5015f86d31cb,transport_dual_order,train,49,episodes/transport_dual_order__0072.npz
transport_dual_order__0072:50,transport_dual_order__0072,f17b5015f86d31cb,transport_dual_order,train,50,episodes/transport_dual_order__0072.npz
transport_dual_order__0072:51,transport_dual_order__0072,f17b5015f86d31cb,transport_dual_order,train,51,episodes/transport_dual_order__0072.npz
transport_dual_order__0072:52,transport_dual_order__0072,f17b5015f86d31cb,transport_dual_order,train,52,episodes/transport_dual_order__0072.npz
transport_dual_order__0072:53,transport_dual_order__0072,f17b5015f86d31cb,transport_dual_order,train,53,episodes/transport_dual_order__0072.npz
transport_dual_order__0072:54,transport_dual_order__0072,f17b5015f86d31cb,transport_dual_order,train,54,episodes/transport_dual_order__0072.npz
transport_dual_order__0072:55,transport_dual_order__0072,f17b5015f86d31cb,transport_dual_order,train,55,episodes/transport_dual_order__0072.npz
transport_dual_order__0072:56,transport_dual_order__0072,f17b5015f86d31cb,transport_dual_order,train,56,episodes/transport_dual_order__0072.npz
transport_dual_order__0072:57,transport_dual_order__0072,f17b5015f86d31cb,transport_dual_order,train,57,episodes/transport_dual_order__0072.npz
transport_dual_order__0072:58,transport_dual_order__0072,f17b5015f86d31cb,transport_dual_order,train,58,episodes/transport_dual_order__0072.npz
transport_dual_order__0072:59,transport_dual_order__0072,f17b5015f86d31cb,transport_dual_order,train,59,episodes/transport_dual_order__0072.npz
transport_dual_order__0072:60,transport_dual_order__0072,f17b5015f86d31cb,transport_dual_order,train,60,episodes/transport_dual_order__0072.npz
transport_dual_order__0072:61,transport_dual_order__0072,f17b5015f86d31cb,transport_dual_order,train,61,episodes/transport_dual_order__0072.npz
transport_dual_order__0072:62,transport_dual_order__0072,f17b5015f86d31cb,transport_dual_order,train,62,episodes/transport_dual_order__0072.npz
transport_dual_order__0072:63,transport_dual_order__0072,f17b5015f86d31cb,transport_dual_order,train,63,episodes/transport_dual_order__0072.npz
transport_dual_order__0072:64,transport_dual_order__0072,f17b5015f86d31cb,transport_dual_order,train,64,episodes/transport_dual_order__0072.npz
transport_dual_order__0072:65,transport_dual_order__0072,f17b5015f86d31cb,transport_dual_order,train,65,episodes/transport_dual_order__0072.npz
transport_dual_order__0072:66,transport_dual_order__0072,f17b5015f86d31cb,transport_dual_order,train,66,episodes/transport_dual_order__0072.npz
transport_dual_order__0072:67,transport_dual_order__0072,f17b5015f86d31cb,transport_dual_order,train,67,episodes/transport_dual_order__0072.npz
transport_dual_order__0072:68,transport_dual_order__0072,f17b5015f86d31cb,transport_dual_order,train,68,episodes/transport_dual_order__0072.npz
transport_dual_order__0072:69,transport_dual_order__0072,f17b5015f86d31cb,transport_dual_order,train,69,episodes/transport_dual_order__0072.npz
transport_dual_order__0072:70,transport_dual_order__0072,f17b5015f86d31cb,transport_dual_order,train,70,episodes/transport_dual_order__0072.npz
transport_dual_order__0072:71,transport_dual_order__0072,f17b5015f86d31cb,transport_dual_order,train,71,episodes/transport_dual_order__0072.npz
transport_dual_order__0072:72,transport_dual_order__0072,f17b5015f86d31cb,transport_dual_order,train,72,episodes/transport_dual_order__0072.npz
transport_dual_order__0072:73,transport_dual_order__0072,f17b5015f86d31cb,transport_dual_order,train,73,episodes/transport_dual_order__0072.npz
transport_dual_order__0072:74,transport_dual_order__0072,f17b5015f86d31cb,transport_dual_order,train,74,episodes/transport_dual_order__0072.npz
transport_dual_order__0072:75,transport_dual_order__0072,f17b5015f86d31cb,transport_dual_order,train,75,episodes/transport_dual_order__0072.npz
transport_dual_order__0072:76,transport_dual_order__0072,f17b5015f86d31cb,transport_dual_order,train,76,episodes/transport_dual_order__0072.npz
transport_dual_order__0072:77,transport_dual_order__0072,f17b5015f86d31cb,transport_dual_order,train,77,episodes/transport_dual_order__0072.npz
transport_dual_order__0072:78,transport_dual_order__0072,f17b5015f86d31cb,transport_dual_order,train,78,episodes/transport_dual_order__0072.npz
transport_dual_order__0072:79,transport_dual_order__0072,f17b5015f86d31cb,transport_dual_order,train,79,episodes/transport_dual_order__0072.npz
transport_dual_order__0072:80,transport_dual_order__0072,f17b5015f86d31cb,transport_dual_order,train,80,episodes/transport_dual_order__0072.npz
transport_dual_order__0072:81,transport_dual_order__0072,f17b5015f86d31cb,transport_dual_order,train,81,episodes/transport_dual_order__0072.npz
transport_dual_order__0072:82,transport_dual_order__0072,f17b5015f86d31cb,transport_dual_order,train,82,episodes/transport_dual_order__0072.npz
transport_dual_order__0072:83,transport_dual_order__0072,f17b5015f86d31cb,transport_dual_order,train,83,episodes/transport_dual_order__0072.npz
transport_dual_order__0072:84,transport_dual_order__0072,f17b5015f86d31cb,transport_dual_order,train,84,episodes/transport_dual_order__0072.npz
transport_dual_order__0072:85,transport_dual_order__0072,f17b5015f86d31cb,transport_dual_order,train,85,episodes/transport_dual_order__0072.npz
transport_dual_order__0072:86,transport_dual_order__0072,f17b5015f86d31cb,transport_dual_order,train,86,episodes/transport_dual_order__0072.npz
transport_dual_order__0072:87,transport_dual_order__0072,f17b5015f86d31cb,transport_dual_order,train,87,episodes/transport_dual_order__0072.npz
transport_dual_order__0072:88,transport_dual_order__0072,f17b5015f86d31cb,transport_dual_order,train,88,episodes/transport_dual_order__0072.npz
transport_dual_order__0072:89,transport_dual_order__0072,f17b5015f86d31cb,transport_dual_order,train,89,episodes/transport_dual_order__0072.npz
transport_dual_order__0072:90,transport_dual_order__0072,f17b5015f86d31cb,transport_dual_order,train,90,episodes/transport_dual_order__0072.npz
transport_dual_order__0072:91,transport_dual_order__0072,f17b5015f86d31cb,transport_dual_order,train,91,episodes/transport_dual_order__0072.npz
transport_dual_order__0072:92,transport_dual_order__0072,f17b5015f86d31cb,transport_dual_order,train,92,episodes/transport_dual_order__0072.npz
transport_dual_order__0072:93,transport_dual_order__0072,f17b5015f86d31cb,transport_dual_order,train,93,episodes/transport_dual_order__0072.npz
transport_dual_order__0072:94,transport_dual_order__0072,f17b5015f86d31cb,transport_dual_order,train,94,episodes/transport_dual_order__0072.npz
transport_dual_order__0072:95,transport_dual_order__0072,f17b5015f86d31cb,transport_dual_order,train,95,episodes/transport_dual_order__0072.npz
transport_dual_order__0072:96,transport_dual_order__0072,f17b5015f86d31cb,transport_dual_order,train,96,episodes/transport_dual_order__0072.npz
transport_dual_order__0072:97,transport_dual_order__0072,f17b5015f86d31cb,transport_dual_order,train,97,episodes/transport_dual_order__0072.npz
transport_dual_order__0072:98,transport_dual_order__0072,f17b5015f86d31cb,transport_dual_order,train,98,episodes/transport_dual_order__0072.npz
transport_dual_order__0072:99,transport_dual_order__0072,f17b5015f86d31cb,transport_dual_order,train,99,episodes/transport_dual_order__0072.npz
transport_dual_order__0072:100,transport_dual_order__0072,f17b5015f86d31cb,transport_dual_order,train,100,episodes/transport_dual_order__0072.npz
transport_dual_order__0072:101,transport_dual_order__0072,f17b5015f86d31cb,transport_dual_order,train,101,episodes/transport_dual_order__0072.npz
transport_dual_order__0072:102,transport_dual_order__0072,f17b5015f86d31cb,transport_dual_order,train,102,episodes/transport_dual_order__0072.npz
transport_dual_order__0072:103,transport_dual_order__0072,f17b5015f86d31cb,transport_dual_order,train,103,episodes/transport_dual_order__0072.npz
transport_dual_order__0072:104,transport_dual_order__0072,f17b5015f86d31cb,transport_dual_order,train,104,episodes/transport_dual_order__0072.npz
transport_dual_order__0072:105,transport_dual_order__0072,f17b5015f86d31cb,transport_dual_order,train,105,episodes/transport_dual_order__0072.npz
transport_dual_order__0072:106,transport_dual_order__0072,f17b5015f86d31cb,transport_dual_order,train,106,episodes/transport_dual_order__0072.npz
transport_dual_order__0072:107,transport_dual_order__0072,f17b5015f86d31cb,transport_dual_order,train,107,episodes/transport_dual_order__0072.npz
transport_dual_order__0072:108,transport_dual_order__0072,f17b5015f86d31cb,transport_dual_order,train,108,episodes/transport_dual_order__0072.npz
transport_dual_order__0072:109,transport_dual_order__0072,f17b5015f86d31cb,transport_dual_order,train,109,episodes/transport_dual_order__0072.npz
transport_dual_order__0072:110,transport_dual_order__0072,f17b5015f86d31cb,transport_dual_order,train,110,episodes/transport_dual_order__0072.npz
transport_dual_order__0072:111,transport_dual_order__0072,f17b5015f86d31cb,transport_dual_order,train,111,episodes/transport_dual_order__0072.npz
transport_dual_order__0072:112,transport_dual_order__0072,f17b5015f86d31cb,transport_dual_order,train,112,episodes/transport_dual_order__0072.npz
transport_dual_order__0072:113,transport_dual_order__0072,f17b5015f86d31cb,transport_dual_order,train,113,episodes/transport_dual_order__0072.npz
transport_dual_order__0072:114,transport_dual_order__0072,f17b5015f86d31cb,transport_dual_order,train,114,episodes/transport_dual_order__0072.npz
transport_dual_order__0072:115,transport_dual_order__0072,f17b5015f86d31cb,transport_dual_order,train,115,episodes/transport_dual_order__0072.npz
transport_dual_order__0072:116,transport_dual_order__0072,f17b5015f86d31cb,transport_dual_order,train,116,episodes/transport_dual_order__0072.npz
transport_dual_order__0072:117,transport_dual_order__0072,f17b5015f86d31cb,transport_dual_order,train,117,episodes/transport_dual_order__0072.npz
transport_dual_order__0072:118,transport_dual_order__0072,f17b5015f86d31cb,transport_dual_order,train,118,episodes/transport_dual_order__0072.npz
transport_dual_order__0072:119,transport_dual_order__0072,f17b5015f86d31cb,transport_dual_order,train,119,episodes/transport_dual_order__0072.npz
transport_recovery__0000:0,transport_recovery__0000,48192627e0ecdae9,transport_recovery,test,0,episodes/transport_recovery__0000.npz
transport_recovery__0000:1,transport_recovery__0000,48192627e0ecdae9,transport_recovery,test,1,episodes/transport_recovery__0000.npz
transport_recovery__0000:2,transport_recovery__0000,48192627e0ecdae9,transport_recovery,test,2,episodes/transport_recovery__0000.npz
transport_recovery__0000:3,transport_recovery__0000,48192627e0ecdae9,transport_recovery,test,3,episodes/transport_recovery__0000.npz
transport_recovery__0000:4,transport_recovery__0000,48192627e0ecdae9,transport_recovery,test,4,episodes/transport_recovery__0000.npz
transport_recovery__0000:5,transport_recovery__0000,48192627e0ecdae9,transport_recovery,test,5,episodes/transport_recovery__0000.npz
transport_recovery__0000:6,transport_recovery__0000,48192627e0ecdae9,transport_recovery,test,6,episodes/transport_recovery__0000.npz
transport_recovery__0000:7,transport_recovery__0000,48192627e0ecdae9,transport_recovery,test,7,episodes/transport_recovery__0000.npz
transport_recovery__0000:8,transport_recovery__0000,48192627e0ecdae9,transport_recovery,test,8,episodes/transport_recovery__0000.npz
transport_recovery__0000:9,transport_recovery__0000,48192627e0ecdae9,transport_recovery,test,9,episodes/transport_recovery__0000.npz
transport_recovery__0000:10,transport_recovery__0000,48192627e0ecdae9,transport_recovery,test,10,episodes/transport_recovery__0000.npz
transport_recovery__0000:11,transport_recovery__0000,48192627e0ecdae9,transport_recovery,test,11,episodes/transport_recovery__0000.npz
transport_recovery__0000:12,transport_recovery__0000,48192627e0ecdae9,transport_recovery,test,12,episodes/transport_recovery__0000.npz
transport_recovery__0000:13,transport_recovery__0000,48192627e0ecdae9,transport_recovery,test,13,episodes/transport_recovery__0000.npz
transport_recovery__0000:14,transport_recovery__0000,48192627e0ecdae9,transport_recovery,test,14,episodes/transport_recovery__0000.npz
transport_recovery__0000:15,transport_recovery__0000,48192627e0ecdae9,transport_recovery,test,15,episodes/transport_recovery__0000.npz
transport_recovery__0000:16,transport_recovery__0000,48192627e0ecdae9,transport_recovery,test,16,episodes/transport_recovery__0000.npz
transport_recovery__0000:17,transport_recovery__0000,48192627e0ecdae9,transport_recovery,test,17,episodes/transport_recovery__0000.npz
transport_recovery__0000:18,transport_recovery__0000,48192627e0ecdae9,transport_recovery,test,18,episodes/transport_recovery__0000.npz
transport_recovery__0000:19,transport_recovery__0000,48192627e0ecdae9,transport_recovery,test,19,episodes/transport_recovery__0000.npz
transport_recovery__0000:20,transport_recovery__0000,48192627e0ecdae9,transport_recovery,test,20,episodes/transport_recovery__0000.npz
transport_recovery__0000:21,transport_recovery__0000,48192627e0ecdae9,transport_recovery,test,21,episodes/transport_recovery__0000.npz
transport_recovery__0000:22,transport_recovery__0000,48192627e0ecdae9,transport_recovery,test,22,episodes/transport_recovery__0000.npz
transport_recovery__0000:23,transport_recovery__0000,48192627e0ecdae9,transport_recovery,test,23,episodes/transport_recovery__0000.npz
transport_recovery__0000:24,transport_recovery__0000,48192627e0ecdae9,transport_recovery,test,24,episodes/transport_recovery__0000.npz
transport_recovery__0000:25,transport_recovery__0000,48192627e0ecdae9,transport_recovery,test,25,episodes/transport_recovery__0000.npz
transport_recovery__0000:26,transport_recovery__0000,48192627e0ecdae9,transport_recovery,test,26,episodes/transport_recovery__0000.npz
transport_recovery__0000:27,transport_recovery__0000,48192627e0ecdae9,transport_recovery,test,27,episodes/transport_recovery__0000.npz
transport_recovery__0000:28,transport_recovery__0000,48192627e0ecdae9,transport_recovery,test,28,episodes/transport_recovery__0000.npz
transport_recovery__0000:29,transport_recovery__0000,48192627e0ecdae9,transport_recovery,test,29,episodes/transport_recovery__0000.npz
transport_recovery__0000:30,transport_recovery__0000,48192627e0ecdae9,transport_recovery,test,30,episodes/transport_recovery__0000.npz
transport_recovery__0000:31,transport_recovery__0000,48192627e0ecdae9,transport_recovery,test,31,episodes/transport_recovery__0000.npz
transport_recovery__0000:32,transport_recovery__0000,48192627e0ecdae9,transport_recovery,test,32,episodes/transport_recovery__0000.npz
transport_recovery__0000:33,transport_recovery__0000,48192627e0ecdae9,transport_recovery,test,33,episodes/transport_recovery__0000.npz
transport_recovery__0000:34,transport_recovery__0000,48192627e0ecdae9,transport_recovery,test,34,episodes/transport_recovery__0000.npz
transport_recovery__0000:35,transport_recovery__0000,48192627e0ecdae9,transport_recovery,test,35,episodes/transport_recovery__0000.npz
transport_recovery__0000:36,transport_recovery__0000,48192627e0ecdae9,transport_recovery,test,36,episodes/transport_recovery__0000.npz
transport_recovery__0000:37,transport_recovery__0000,48192627e0ecdae9,transport_recovery,test,37,episodes/transport_recovery__0000.npz
transport_recovery__0000:38,transport_recovery__0000,48192627e0ecdae9,transport_recovery,test,38,episodes/transport_recovery__0000.npz
transport_recovery__0000:39,transport_recovery__0000,48192627e0ecdae9,transport_recovery,test,39,episodes/transport_recovery__0000.npz
transport_recovery__0000:40,transport_recovery__0000,48192627e0ecdae9,transport_recovery,test,40,episodes/transport_recovery__0000.npz
transport_recovery__0000:41,transport_recovery__0000,48192627e0ecdae9,transport_recovery,test,41,episodes/transport_recovery__0000.npz
transport_recovery__0000:42,transport_recovery__0000,48192627e0ecdae9,transport_recovery,test,42,episodes/transport_recovery__0000.npz
transport_recovery__0000:43,transport_recovery__0000,48192627e0ecdae9,transport_recovery,test,43,episodes/transport_recovery__0000.npz
transport_recovery__0000:44,transport_recovery__0000,48192627e0ecdae9,transport_recovery,test,44,episodes/transport_recovery__0000.npz
transport_recovery__0000:45,transport_recovery__0000,48192627e0ecdae9,transport_recovery,test,45,episodes/transport_recovery__0000.npz
transport_recovery__0000:46,transport_recovery__0000,48192627e0ecdae9,transport_recovery,test,46,episodes/transport_recovery__0000.npz
transport_recovery__0000:47,transport_recovery__0000,48192627e0ecdae9,transport_recovery,test,47,episodes/transport_recovery__0000.npz
transport_recovery__0000:48,transport_recovery__0000,48192627e0ecdae9,transport_recovery,test,48,episodes/transport_recovery__0000.npz
transport_recovery__0000:49,transport_recovery__0000,48192627e0ecdae9,transport_recovery,test,49,episodes/transport_recovery__0000.npz
transport_recovery__0000:50,transport_recovery__0000,48192627e0ecdae9,transport_recovery,test,50,episodes/transport_recovery__0000.npz
transport_recovery__0000:51,transport_recovery__0000,48192627e0ecdae9,transport_recovery,test,51,episodes/transport_recovery__0000.npz
transport_recovery__0000:52,transport_recovery__0000,48192627e0ecdae9,transport_recovery,test,52,episodes/transport_recovery__0000.npz
transport_recovery__0000:53,transport_recovery__0000,48192627e0ecdae9,transport_recovery,test,53,episodes/transport_recovery__0000.npz
transport_recovery__0000:54,transport_recovery__0000,48192627e0ecdae9,transport_recovery,test,54,episodes/transport_recovery__0000.npz
transport_recovery__0000:55,transport_recovery__0000,48192627e0ecdae9,transport_recovery,test,55,episodes/transport_recovery__0000.npz
transport_recovery__0000:56,transport_recovery__0000,48192627e0ecdae9,transport_recovery,test,56,episodes/transport_recovery__0000.npz
transport_recovery__0000:57,transport_recovery__0000,48192627e0ecdae9,transport_recovery,test,57,episodes/transport_recovery__0000.npz
transport_recovery__0000:58,transport_recovery__0000,48192627e0ecdae9,transport_recovery,test,58,episodes/transport_recovery__0000.npz
transport_recovery__0000:59,transport_recovery__0000,48192627e0ecdae9,transport_recovery,test,59,episodes/transport_recovery__0000.npz
transport_recovery__0000:60,transport_recovery__0000,48192627e0ecdae9,transport_recovery,test,60,episodes/transport_recovery__0000.npz
transport_recovery__0000:61,transport_recovery__0000,48192627e0ecdae9,transport_recovery,test,61,episodes/transport_recovery__0000.npz
transport_recovery__0000:62,transport_recovery__0000,48192627e0ecdae9,transport_recovery,test,62,episodes/transport_recovery__0000.npz
transport_recovery__0000:63,transport_recovery__0000,48192627e0ecdae9,transport_recovery,test,63,episodes/transport_recovery__0000.npz
transport_recovery__0000:64,transport_recovery__0000,48192627e0ecdae9,transport_recovery,test,64,episodes/transport_recovery__0000.npz
transport_recovery__0000:65,transport_recovery__0000,48192627e0ecdae9,transport_recovery,test,65,episodes/transport_recovery__0000.npz
transport_recovery__0000:66,transport_recovery__0000,48192627e0ecdae9,transport_recovery,test,66,episodes/transport_recovery__0000.npz
transport_recovery__0000:67,transport_recovery__0000,48192627e0ecdae9,transport_recovery,test,67,episodes/transport_recovery__0000.npz
transport_recovery__0000:68,transport_recovery__0000,48192627e0ecdae9,transport_recovery,test,68,episodes/transport_recovery__0000.npz
transport_recovery__0000:69,transport_recovery__0000,48192627e0ecdae9,transport_recovery,test,69,episodes/transport_recovery__0000.npz
transport_recovery__0000:70,transport_recovery__0000,48192627e0ecdae9,transport_recovery,test,70,episodes/transport_recovery__0000.npz
transport_recovery__0000:71,transport_recovery__0000,48192627e0ecdae9,transport_recovery,test,71,episodes/transport_recovery__0000.npz
transport_recovery__0000:72,transport_recovery__0000,48192627e0ecdae9,transport_recovery,test,72,episodes/transport_recovery__0000.npz
transport_recovery__0000:73,transport_recovery__0000,48192627e0ecdae9,transport_recovery,test,73,episodes/transport_recovery__0000.npz
transport_recovery__0000:74,transport_recovery__0000,48192627e0ecdae9,transport_recovery,test,74,episodes/transport_recovery__0000.npz
transport_recovery__0000:75,transport_recovery__0000,48192627e0ecdae9,transport_recovery,test,75,episodes/transport_recovery__0000.npz
transport_recovery__0000:76,transport_recovery__0000,48192627e0ecdae9,transport_recovery,test,76,episodes/transport_recovery__0000.npz
transport_recovery__0000:77,transport_recovery__0000,48192627e0ecdae9,transport_recovery,test,77,episodes/transport_recovery__0000.npz
transport_recovery__0000:78,transport_recovery__0000,48192627e0ecdae9,transport_recovery,test,78,episodes/transport_recovery__0000.npz
transport_recovery__0000:79,transport_recovery__0000,48192627e0ecdae9,transport_recovery,test,79,episodes/transport_recovery__0000.npz
transport_recovery__0000:80,transport_recovery__0000,48192627e0ecdae9,transport_recovery,test,80,episodes/transport_recovery__0000.npz
transport_recovery__0000:81,transport_recovery__0000,48192627e0ecdae9,transport_recovery,test,81,episodes/transport_recovery__0000.npz
transport_recovery__0000:82,transport_recovery__0000,48192627e0ecdae9,transport_recovery,test,82,episodes/transport_recovery__0000.npz
transport_recovery__0000:83,transport_recovery__0000,48192627e0ecdae9,transport_recovery,test,83,episodes/transport_recovery__0000.npz
transport_recovery__0000:84,transport_recovery__0000,48192627e0ecdae9,transport_recovery,test,84,episodes/transport_recovery__0000.npz
transport_recovery__0000:85,transport_recovery__0000,48192627e0ecdae9,transport_recovery,test,85,episodes/transport_recovery__0000.npz
transport_recovery__0000:86,transport_recovery__0000,48192627e0ecdae9,transport_recovery,test,86,episodes/transport_recovery__0000.npz
transport_recovery__0000:87,transport_recovery__0000,48192627e0ecdae9,transport_recovery,test,87,episodes/transport_recovery__0000.npz
transport_recovery__0000:88,transport_recovery__0000,48192627e0ecdae9,transport_recovery,test,88,episodes/transport_recovery__0000.npz
transport_recovery__0000:89,transport_recovery__0000,48192627e0ecdae9,transport_recovery,test,89,episodes/transport_recovery__0000.npz
transport_recovery__0000:90,transport_recovery__0000,48192627e0ecdae9,transport_recovery,test,90,episodes/transport_recovery__0000.npz
transport_recovery__0000:91,transport_recovery__0000,48192627e0ecdae9,transport_recovery,test,91,episodes/transport_recovery__0000.npz
transport_recovery__0000:92,transport_recovery__0000,48192627e0ecdae9,transport_recovery,test,92,episodes/transport_recovery__0000.npz
transport_recovery__0000:93,transport_recovery__0000,48192627e0ecdae9,transport_recovery,test,93,episodes/transport_recovery__0000.npz
transport_recovery__0000:94,transport_recovery__0000,48192627e0ecdae9,transport_recovery,test,94,episodes/transport_recovery__0000.npz
transport_recovery__0000:95,transport_recovery__0000,48192627e0ecdae9,transport_recovery,test,95,episodes/transport_recovery__0000.npz
transport_recovery__0000:96,transport_recovery__0000,48192627e0ecdae9,transport_recovery,test,96,episodes/transport_recovery__0000.npz
transport_recovery__0000:97,transport_recovery__0000,48192627e0ecdae9,transport_recovery,test,97,episodes/transport_recovery__0000.npz
transport_recovery__0000:98,transport_recovery__0000,48192627e0ecdae9,transport_recovery,test,98,episodes/transport_recovery__0000.npz
transport_recovery__0000:99,transport_recovery__0000,48192627e0ecdae9,transport_recovery,test,99,episodes/transport_recovery__0000.npz
transport_recovery__0000:100,transport_recovery__0000,48192627e0ecdae9,transport_recovery,test,100,episodes/transport_recovery__0000.npz
transport_recovery__0000:101,transport_recovery__0000,48192627e0ecdae9,transport_recovery,test,101,episodes/transport_recovery__0000.npz
transport_recovery__0000:102,transport_recovery__0000,48192627e0ecdae9,transport_recovery,test,102,episodes/transport_recovery__0000.npz
transport_recovery__0000:103,transport_recovery__0000,48192627e0ecdae9,transport_recovery,test,103,episodes/transport_recovery__0000.npz
transport_recovery__0000:104,transport_recovery__0000,48192627e0ecdae9,transport_recovery,test,104,episodes/transport_recovery__0000.npz
transport_recovery__0000:105,transport_recovery__0000,48192627e0ecdae9,transport_recovery,test,105,episodes/transport_recovery__0000.npz
transport_recovery__0000:106,transport_recovery__0000,48192627e0ecdae9,transport_recovery,test,106,episodes/transport_recovery__0000.npz
transport_recovery__0000:107,transport_recovery__0000,48192627e0ecdae9,transport_recovery,test,107,episodes/transport_recovery__0000.npz
transport_recovery__0000:108,transport_recovery__0000,48192627e0ecdae9,transport_recovery,test,108,episodes/transport_recovery__0000.npz
transport_recovery__0000:109,transport_recovery__0000,48192627e0ecdae9,transport_recovery,test,109,episodes/transport_recovery__0000.npz
transport_recovery__0000:110,transport_recovery__0000,48192627e0ecdae9,transport_recovery,test,110,episodes/transport_recovery__0000.npz
transport_recovery__0000:111,transport_recovery__0000,48192627e0ecdae9,transport_recovery,test,111,episodes/transport_recovery__0000.npz
transport_recovery__0000:112,transport_recovery__0000,48192627e0ecdae9,transport_recovery,test,112,episodes/transport_recovery__0000.npz
transport_recovery__0000:113,transport_recovery__0000,48192627e0ecdae9,transport_recovery,test,113,episodes/transport_recovery__0000.npz
transport_recovery__0000:114,transport_recovery__0000,48192627e0ecdae9,transport_recovery,test,114,episodes/transport_recovery__0000.npz
transport_recovery__0000:115,transport_recovery__0000,48192627e0ecdae9,transport_recovery,test,115,episodes/transport_recovery__0000.npz
transport_recovery__0000:116,transport_recovery__0000,48192627e0ecdae9,transport_recovery,test,116,episodes/transport_recovery__0000.npz
transport_recovery__0000:117,transport_recovery__0000,48192627e0ecdae9,transport_recovery,test,117,episodes/transport_recovery__0000.npz
transport_recovery__0000:118,transport_recovery__0000,48192627e0ecdae9,transport_recovery,test,118,episodes/transport_recovery__0000.npz
transport_recovery__0000:119,transport_recovery__0000,48192627e0ecdae9,transport_recovery,test,119,episodes/transport_recovery__0000.npz
transport_recovery__0002:0,transport_recovery__0002,837420c3bbd731ac,transport_recovery,test,0,episodes/transport_recovery__0002.npz
transport_recovery__0002:1,transport_recovery__0002,837420c3bbd731ac,transport_recovery,test,1,episodes/transport_recovery__0002.npz
transport_recovery__0002:2,transport_recovery__0002,837420c3bbd731ac,transport_recovery,test,2,episodes/transport_recovery__0002.npz
transport_recovery__0002:3,transport_recovery__0002,837420c3bbd731ac,transport_recovery,test,3,episodes/transport_recovery__0002.npz
transport_recovery__0002:4,transport_recovery__0002,837420c3bbd731ac,transport_recovery,test,4,episodes/transport_recovery__0002.npz
transport_recovery__0002:5,transport_recovery__0002,837420c3bbd731ac,transport_recovery,test,5,episodes/transport_recovery__0002.npz
transport_recovery__0002:6,transport_recovery__0002,837420c3bbd731ac,transport_recovery,test,6,episodes/transport_recovery__0002.npz
transport_recovery__0002:7,transport_recovery__0002,837420c3bbd731ac,transport_recovery,test,7,episodes/transport_recovery__0002.npz
transport_recovery__0002:8,transport_recovery__0002,837420c3bbd731ac,transport_recovery,test,8,episodes/transport_recovery__0002.npz
transport_recovery__0002:9,transport_recovery__0002,837420c3bbd731ac,transport_recovery,test,9,episodes/transport_recovery__0002.npz
transport_recovery__0002:10,transport_recovery__0002,837420c3bbd731ac,transport_recovery,test,10,episodes/transport_recovery__0002.npz
transport_recovery__0002:11,transport_recovery__0002,837420c3bbd731ac,transport_recovery,test,11,episodes/transport_recovery__0002.npz
transport_recovery__0002:12,transport_recovery__0002,837420c3bbd731ac,transport_recovery,test,12,episodes/transport_recovery__0002.npz
transport_recovery__0002:13,transport_recovery__0002,837420c3bbd731ac,transport_recovery,test,13,episodes/transport_recovery__0002.npz
transport_recovery__0002:14,transport_recovery__0002,837420c3bbd731ac,transport_recovery,test,14,episodes/transport_recovery__0002.npz
transport_recovery__0002:15,transport_recovery__0002,837420c3bbd731ac,transport_recovery,test,15,episodes/transport_recovery__0002.npz
transport_recovery__0002:16,transport_recovery__0002,837420c3bbd731ac,transport_recovery,test,16,episodes/transport_recovery__0002.npz
transport_recovery__0002:17,transport_recovery__0002,837420c3bbd731ac,transport_recovery,test,17,episodes/transport_recovery__0002.npz
transport_recovery__0002:18,transport_recovery__0002,837420c3bbd731ac,transport_recovery,test,18,episodes/transport_recovery__0002.npz
transport_recovery__0002:19,transport_recovery__0002,837420c3bbd731ac,transport_recovery,test,19,episodes/transport_recovery__0002.npz
transport_recovery__0002:20,transport_recovery__0002,837420c3bbd731ac,transport_recovery,test,20,episodes/transport_recovery__0002.npz
transport_recovery__0002:21,transport_recovery__0002,837420c3bbd731ac,transport_recovery,test,21,episodes/transport_recovery__0002.npz
transport_recovery__0002:22,transport_recovery__0002,837420c3bbd731ac,transport_recovery,test,22,episodes/transport_recovery__0002.npz
transport_recovery__0002:23,transport_recovery__0002,837420c3bbd731ac,transport_recovery,test,23,episodes/transport_recovery__0002.npz
transport_recovery__0002:24,transport_recovery__0002,837420c3bbd731ac,transport_recovery,test,24,episodes/transport_recovery__0002.npz
transport_recovery__0002:25,transport_recovery__0002,837420c3bbd731ac,transport_recovery,test,25,episodes/transport_recovery__0002.npz
transport_recovery__0002:26,transport_recovery__0002,837420c3bbd731ac,transport_recovery,test,26,episodes/transport_recovery__0002.npz
transport_recovery__0002:27,transport_recovery__0002,837420c3bbd731ac,transport_recovery,test,27,episodes/transport_recovery__0002.npz
transport_recovery__0002:28,transport_recovery__0002,837420c3bbd731ac,transport_recovery,test,28,episodes/transport_recovery__0002.npz
transport_recovery__0002:29,transport_recovery__0002,837420c3bbd731ac,transport_recovery,test,29,episodes/transport_recovery__0002.npz
transport_recovery__0002:30,transport_recovery__0002,837420c3bbd731ac,transport_recovery,test,30,episodes/transport_recovery__0002.npz
transport_recovery__0002:31,transport_recovery__0002,837420c3bbd731ac,transport_recovery,test,31,episodes/transport_recovery__0002.npz
transport_recovery__0002:32,transport_recovery__0002,837420c3bbd731ac,transport_recovery,test,32,episodes/transport_recovery__0002.npz
transport_recovery__0002:33,transport_recovery__0002,837420c3bbd731ac,transport_recovery,test,33,episodes/transport_recovery__0002.npz
transport_recovery__0002:34,transport_recovery__0002,837420c3bbd731ac,transport_recovery,test,34,episodes/transport_recovery__0002.npz
transport_recovery__0002:35,transport_recovery__0002,837420c3bbd731ac,transport_recovery,test,35,episodes/transport_recovery__0002.npz
transport_recovery__0002:36,transport_recovery__0002,837420c3bbd731ac,transport_recovery,test,36,episodes/transport_recovery__0002.npz
transport_recovery__0002:37,transport_recovery__0002,837420c3bbd731ac,transport_recovery,test,37,episodes/transport_recovery__0002.npz
transport_recovery__0002:38,transport_recovery__0002,837420c3bbd731ac,transport_recovery,test,38,episodes/transport_recovery__0002.npz
transport_recovery__0002:39,transport_recovery__0002,837420c3bbd731ac,transport_recovery,test,39,episodes/transport_recovery__0002.npz
transport_recovery__0002:40,transport_recovery__0002,837420c3bbd731ac,transport_recovery,test,40,episodes/transport_recovery__0002.npz
transport_recovery__0002:41,transport_recovery__0002,837420c3bbd731ac,transport_recovery,test,41,episodes/transport_recovery__0002.npz
transport_recovery__0002:42,transport_recovery__0002,837420c3bbd731ac,transport_recovery,test,42,episodes/transport_recovery__0002.npz
transport_recovery__0002:43,transport_recovery__0002,837420c3bbd731ac,transport_recovery,test,43,episodes/transport_recovery__0002.npz
transport_recovery__0002:44,transport_recovery__0002,837420c3bbd731ac,transport_recovery,test,44,episodes/transport_recovery__0002.npz
transport_recovery__0002:45,transport_recovery__0002,837420c3bbd731ac,transport_recovery,test,45,episodes/transport_recovery__0002.npz
transport_recovery__0002:46,transport_recovery__0002,837420c3bbd731ac,transport_recovery,test,46,episodes/transport_recovery__0002.npz
transport_recovery__0002:47,transport_recovery__0002,837420c3bbd731ac,transport_recovery,test,47,episodes/transport_recovery__0002.npz
transport_recovery__0002:48,transport_recovery__0002,837420c3bbd731ac,transport_recovery,test,48,episodes/transport_recovery__0002.npz
transport_recovery__0002:49,transport_recovery__0002,837420c3bbd731ac,transport_recovery,test,49,episodes/transport_recovery__0002.npz
transport_recovery__0002:50,transport_recovery__0002,837420c3bbd731ac,transport_recovery,test,50,episodes/transport_recovery__0002.npz
transport_recovery__0002:51,transport_recovery__0002,837420c3bbd731ac,transport_recovery,test,51,episodes/transport_recovery__0002.npz
transport_recovery__0002:52,transport_recovery__0002,837420c3bbd731ac,transport_recovery,test,52,episodes/transport_recovery__0002.npz
transport_recovery__0002:53,transport_recovery__0002,837420c3bbd731ac,transport_recovery,test,53,episodes/transport_recovery__0002.npz
transport_recovery__0002:54,transport_recovery__0002,837420c3bbd731ac,transport_recovery,test,54,episodes/transport_recovery__0002.npz
transport_recovery__0002:55,transport_recovery__0002,837420c3bbd731ac,transport_recovery,test,55,episodes/transport_recovery__0002.npz
transport_recovery__0002:56,transport_recovery__0002,837420c3bbd731ac,transport_recovery,test,56,episodes/transport_recovery__0002.npz
transport_recovery__0002:57,transport_recovery__0002,837420c3bbd731ac,transport_recovery,test,57,episodes/transport_recovery__0002.npz
transport_recovery__0002:58,transport_recovery__0002,837420c3bbd731ac,transport_recovery,test,58,episodes/transport_recovery__0002.npz
transport_recovery__0002:59,transport_recovery__0002,837420c3bbd731ac,transport_recovery,test,59,episodes/transport_recovery__0002.npz
transport_recovery__0002:60,transport_recovery__0002,837420c3bbd731ac,transport_recovery,test,60,episodes/transport_recovery__0002.npz
transport_recovery__0002:61,transport_recovery__0002,837420c3bbd731ac,transport_recovery,test,61,episodes/transport_recovery__0002.npz
transport_recovery__0002:62,transport_recovery__0002,837420c3bbd731ac,transport_recovery,test,62,episodes/transport_recovery__0002.npz
transport_recovery__0002:63,transport_recovery__0002,837420c3bbd731ac,transport_recovery,test,63,episodes/transport_recovery__0002.npz
transport_recovery__0002:64,transport_recovery__0002,837420c3bbd731ac,transport_recovery,test,64,episodes/transport_recovery__0002.npz
transport_recovery__0002:65,transport_recovery__0002,837420c3bbd731ac,transport_recovery,test,65,episodes/transport_recovery__0002.npz
transport_recovery__0002:66,transport_recovery__0002,837420c3bbd731ac,transport_recovery,test,66,episodes/transport_recovery__0002.npz
transport_recovery__0002:67,transport_recovery__0002,837420c3bbd731ac,transport_recovery,test,67,episodes/transport_recovery__0002.npz
transport_recovery__0002:68,transport_recovery__0002,837420c3bbd731ac,transport_recovery,test,68,episodes/transport_recovery__0002.npz
transport_recovery__0002:69,transport_recovery__0002,837420c3bbd731ac,transport_recovery,test,69,episodes/transport_recovery__0002.npz
transport_recovery__0002:70,transport_recovery__0002,837420c3bbd731ac,transport_recovery,test,70,episodes/transport_recovery__0002.npz
transport_recovery__0002:71,transport_recovery__0002,837420c3bbd731ac,transport_recovery,test,71,episodes/transport_recovery__0002.npz
transport_recovery__0002:72,transport_recovery__0002,837420c3bbd731ac,transport_recovery,test,72,episodes/transport_recovery__0002.npz
transport_recovery__0002:73,transport_recovery__0002,837420c3bbd731ac,transport_recovery,test,73,episodes/transport_recovery__0002.npz
transport_recovery__0002:74,transport_recovery__0002,837420c3bbd731ac,transport_recovery,test,74,episodes/transport_recovery__0002.npz
transport_recovery__0002:75,transport_recovery__0002,837420c3bbd731ac,transport_recovery,test,75,episodes/transport_recovery__0002.npz
transport_recovery__0002:76,transport_recovery__0002,837420c3bbd731ac,transport_recovery,test,76,episodes/transport_recovery__0002.npz
transport_recovery__0002:77,transport_recovery__0002,837420c3bbd731ac,transport_recovery,test,77,episodes/transport_recovery__0002.npz
transport_recovery__0002:78,transport_recovery__0002,837420c3bbd731ac,transport_recovery,test,78,episodes/transport_recovery__0002.npz
transport_recovery__0002:79,transport_recovery__0002,837420c3bbd731ac,transport_recovery,test,79,episodes/transport_recovery__0002.npz
transport_recovery__0002:80,transport_recovery__0002,837420c3bbd731ac,transport_recovery,test,80,episodes/transport_recovery__0002.npz
transport_recovery__0002:81,transport_recovery__0002,837420c3bbd731ac,transport_recovery,test,81,episodes/transport_recovery__0002.npz
transport_recovery__0002:82,transport_recovery__0002,837420c3bbd731ac,transport_recovery,test,82,episodes/transport_recovery__0002.npz
transport_recovery__0002:83,transport_recovery__0002,837420c3bbd731ac,transport_recovery,test,83,episodes/transport_recovery__0002.npz
transport_recovery__0002:84,transport_recovery__0002,837420c3bbd731ac,transport_recovery,test,84,episodes/transport_recovery__0002.npz
transport_recovery__0002:85,transport_recovery__0002,837420c3bbd731ac,transport_recovery,test,85,episodes/transport_recovery__0002.npz
transport_recovery__0002:86,transport_recovery__0002,837420c3bbd731ac,transport_recovery,test,86,episodes/transport_recovery__0002.npz
transport_recovery__0002:87,transport_recovery__0002,837420c3bbd731ac,transport_recovery,test,87,episodes/transport_recovery__0002.npz
transport_recovery__0002:88,transport_recovery__0002,837420c3bbd731ac,transport_recovery,test,88,episodes/transport_recovery__0002.npz
transport_recovery__0002:89,transport_recovery__0002,837420c3bbd731ac,transport_recovery,test,89,episodes/transport_recovery__0002.npz
transport_recovery__0002:90,transport_recovery__0002,837420c3bbd731ac,transport_recovery,test,90,episodes/transport_recovery__0002.npz
transport_recovery__0002:91,transport_recovery__0002,837420c3bbd731ac,transport_recovery,test,91,episodes/transport_recovery__0002.npz
transport_recovery__0002:92,transport_recovery__0002,837420c3bbd731ac,transport_recovery,test,92,episodes/transport_recovery__0002.npz
transport_recovery__0002:93,transport_recovery__0002,837420c3bbd731ac,transport_recovery,test,93,episodes/transport_recovery__0002.npz
transport_recovery__0002:94,transport_recovery__0002,837420c3bbd731ac,transport_recovery,test,94,episodes/transport_recovery__0002.npz
transport_recovery__0002:95,transport_recovery__0002,837420c3bbd731ac,transport_recovery,test,95,episodes/transport_recovery__0002.npz
transport_recovery__0002:96,transport_recovery__0002,837420c3bbd731ac,transport_recovery,test,96,episodes/transport_recovery__0002.npz
transport_recovery__0002:97,transport_recovery__0002,837420c3bbd731ac,transport_recovery,test,97,episodes/transport_recovery__0002.npz
transport_recovery__0002:98,transport_recovery__0002,837420c3bbd731ac,transport_recovery,test,98,episodes/transport_recovery__0002.npz
transport_recovery__0002:99,transport_recovery__0002,837420c3bbd731ac,transport_recovery,test,99,episodes/transport_recovery__0002.npz
transport_recovery__0002:100,transport_recovery__0002,837420c3bbd731ac,transport_recovery,test,100,episodes/transport_recovery__0002.npz
transport_recovery__0002:101,transport_recovery__0002,837420c3bbd731ac,transport_recovery,test,101,episodes/transport_recovery__0002.npz
transport_recovery__0002:102,transport_recovery__0002,837420c3bbd731ac,transport_recovery,test,102,episodes/transport_recovery__0002.npz
transport_recovery__0002:103,transport_recovery__0002,837420c3bbd731ac,transport_recovery,test,103,episodes/transport_recovery__0002.npz
transport_recovery__0002:104,transport_recovery__0002,837420c3bbd731ac,transport_recovery,test,104,episodes/transport_recovery__0002.npz
transport_recovery__0002:105,transport_recovery__0002,837420c3bbd731ac,transport_recovery,test,105,episodes/transport_recovery__0002.npz
transport_recovery__0002:106,transport_recovery__0002,837420c3bbd731ac,transport_recovery,test,106,episodes/transport_recovery__0002.npz
transport_recovery__0002:107,transport_recovery__0002,837420c3bbd731ac,transport_recovery,test,107,episodes/transport_recovery__0002.npz
transport_recovery__0002:108,transport_recovery__0002,837420c3bbd731ac,transport_recovery,test,108,episodes/transport_recovery__0002.npz
transport_recovery__0002:109,transport_recovery__0002,837420c3bbd731ac,transport_recovery,test,109,episodes/transport_recovery__0002.npz
transport_recovery__0002:110,transport_recovery__0002,837420c3bbd731ac,transport_recovery,test,110,episodes/transport_recovery__0002.npz
transport_recovery__0002:111,transport_recovery__0002,837420c3bbd731ac,transport_recovery,test,111,episodes/transport_recovery__0002.npz
transport_recovery__0002:112,transport_recovery__0002,837420c3bbd731ac,transport_recovery,test,112,episodes/transport_recovery__0002.npz
transport_recovery__0002:113,transport_recovery__0002,837420c3bbd731ac,transport_recovery,test,113,episodes/transport_recovery__0002.npz
transport_recovery__0002:114,transport_recovery__0002,837420c3bbd731ac,transport_recovery,test,114,episodes/transport_recovery__0002.npz
transport_recovery__0002:115,transport_recovery__0002,837420c3bbd731ac,transport_recovery,test,115,episodes/transport_recovery__0002.npz
transport_recovery__0002:116,transport_recovery__0002,837420c3bbd731ac,transport_recovery,test,116,episodes/transport_recovery__0002.npz
transport_recovery__0002:117,transport_recovery__0002,837420c3bbd731ac,transport_recovery,test,117,episodes/transport_recovery__0002.npz
transport_recovery__0002:118,transport_recovery__0002,837420c3bbd731ac,transport_recovery,test,118,episodes/transport_recovery__0002.npz
transport_recovery__0002:119,transport_recovery__0002,837420c3bbd731ac,transport_recovery,test,119,episodes/transport_recovery__0002.npz
transport_recovery__0003:0,transport_recovery__0003,2f640d3128f9a261,transport_recovery,train,0,episodes/transport_recovery__0003.npz
transport_recovery__0003:1,transport_recovery__0003,2f640d3128f9a261,transport_recovery,train,1,episodes/transport_recovery__0003.npz
transport_recovery__0003:2,transport_recovery__0003,2f640d3128f9a261,transport_recovery,train,2,episodes/transport_recovery__0003.npz
transport_recovery__0003:3,transport_recovery__0003,2f640d3128f9a261,transport_recovery,train,3,episodes/transport_recovery__0003.npz
transport_recovery__0003:4,transport_recovery__0003,2f640d3128f9a261,transport_recovery,train,4,episodes/transport_recovery__0003.npz
transport_recovery__0003:5,transport_recovery__0003,2f640d3128f9a261,transport_recovery,train,5,episodes/transport_recovery__0003.npz
transport_recovery__0003:6,transport_recovery__0003,2f640d3128f9a261,transport_recovery,train,6,episodes/transport_recovery__0003.npz
transport_recovery__0003:7,transport_recovery__0003,2f640d3128f9a261,transport_recovery,train,7,episodes/transport_recovery__0003.npz
transport_recovery__0003:8,transport_recovery__0003,2f640d3128f9a261,transport_recovery,train,8,episodes/transport_recovery__0003.npz
transport_recovery__0003:9,transport_recovery__0003,2f640d3128f9a261,transport_recovery,train,9,episodes/transport_recovery__0003.npz
transport_recovery__0003:10,transport_recovery__0003,2f640d3128f9a261,transport_recovery,train,10,episodes/transport_recovery__0003.npz
transport_recovery__0003:11,transport_recovery__0003,2f640d3128f9a261,transport_recovery,train,11,episodes/transport_recovery__0003.npz
transport_recovery__0003:12,transport_recovery__0003,2f640d3128f9a261,transport_recovery,train,12,episodes/transport_recovery__0003.npz
transport_recovery__0003:13,transport_recovery__0003,2f640d3128f9a261,transport_recovery,train,13,episodes/transport_recovery__0003.npz
transport_recovery__0003:14,transport_recovery__0003,2f640d3128f9a261,transport_recovery,train,14,episodes/transport_recovery__0003.npz
transport_recovery__0003:15,transport_recovery__0003,2f640d3128f9a261,transport_recovery,train,15,episodes/transport_recovery__0003.npz
transport_recovery__0003:16,transport_recovery__0003,2f640d3128f9a261,transport_recovery,train,16,episodes/transport_recovery__0003.npz
transport_recovery__0003:17,transport_recovery__0003,2f640d3128f9a261,transport_recovery,train,17,episodes/transport_recovery__0003.npz
transport_recovery__0003:18,transport_recovery__0003,2f640d3128f9a261,transport_recovery,train,18,episodes/transport_recovery__0003.npz
transport_recovery__0003:19,transport_recovery__0003,2f640d3128f9a261,transport_recovery,train,19,episodes/transport_recovery__0003.npz
transport_recovery__0003:20,transport_recovery__0003,2f640d3128f9a261,transport_recovery,train,20,episodes/transport_recovery__0003.npz
transport_recovery__0003:21,transport_recovery__0003,2f640d3128f9a261,transport_recovery,train,21,episodes/transport_recovery__0003.npz
transport_recovery__0003:22,transport_recovery__0003,2f640d3128f9a261,transport_recovery,train,22,episodes/transport_recovery__0003.npz
transport_recovery__0003:23,transport_recovery__0003,2f640d3128f9a261,transport_recovery,train,23,episodes/transport_recovery__0003.npz
transport_recovery__0003:24,transport_recovery__0003,2f640d3128f9a261,transport_recovery,train,24,episodes/transport_recovery__0003.npz
transport_recovery__0003:25,transport_recovery__0003,2f640d3128f9a261,transport_recovery,train,25,episodes/transport_recovery__0003.npz
transport_recovery__0003:26,transport_recovery__0003,2f640d3128f9a261,transport_recovery,train,26,episodes/transport_recovery__0003.npz
transport_recovery__0003:27,transport_recovery__0003,2f640d3128f9a261,transport_recovery,train,27,episodes/transport_recovery__0003.npz
transport_recovery__0003:28,transport_recovery__0003,2f640d3128f9a261,transport_recovery,train,28,episodes/transport_recovery__0003.npz
transport_recovery__0003:29,transport_recovery__0003,2f640d3128f9a261,transport_recovery,train,29,episodes/transport_recovery__0003.npz
transport_recovery__0003:30,transport_recovery__0003,2f640d3128f9a261,transport_recovery,train,30,episodes/transport_recovery__0003.npz
transport_recovery__0003:31,transport_recovery__0003,2f640d3128f9a261,transport_recovery,train,31,episodes/transport_recovery__0003.npz
transport_recovery__0003:32,transport_recovery__0003,2f640d3128f9a261,transport_recovery,train,32,episodes/transport_recovery__0003.npz
transport_recovery__0003:33,transport_recovery__0003,2f640d3128f9a261,transport_recovery,train,33,episodes/transport_recovery__0003.npz
transport_recovery__0003:34,transport_recovery__0003,2f640d3128f9a261,transport_recovery,train,34,episodes/transport_recovery__0003.npz
transport_recovery__0003:35,transport_recovery__0003,2f640d3128f9a261,transport_recovery,train,35,episodes/transport_recovery__0003.npz
transport_recovery__0003:36,transport_recovery__0003,2f640d3128f9a261,transport_recovery,train,36,episodes/transport_recovery__0003.npz
transport_recovery__0003:37,transport_recovery__0003,2f640d3128f9a261,transport_recovery,train,37,episodes/transport_recovery__0003.npz
transport_recovery__0003:38,transport_recovery__0003,2f640d3128f9a261,transport_recovery,train,38,episodes/transport_recovery__0003.npz
transport_recovery__0003:39,transport_recovery__0003,2f640d3128f9a261,transport_recovery,train,39,episodes/transport_recovery__0003.npz
transport_recovery__0003:40,transport_recovery__0003,2f640d3128f9a261,transport_recovery,train,40,episodes/transport_recovery__0003.npz
transport_recovery__0003:41,transport_recovery__0003,2f640d3128f9a261,transport_recovery,train,41,episodes/transport_recovery__0003.npz
transport_recovery__0003:42,transport_recovery__0003,2f640d3128f9a261,transport_recovery,train,42,episodes/transport_recovery__0003.npz
transport_recovery__0003:43,transport_recovery__0003,2f640d3128f9a261,transport_recovery,train,43,episodes/transport_recovery__0003.npz
transport_recovery__0003:44,transport_recovery__0003,2f640d3128f9a261,transport_recovery,train,44,episodes/transport_recovery__0003.npz
transport_recovery__0003:45,transport_recovery__0003,2f640d3128f9a261,transport_recovery,train,45,episodes/transport_recovery__0003.npz
transport_recovery__0003:46,transport_recovery__0003,2f640d3128f9a261,transport_recovery,train,46,episodes/transport_recovery__0003.npz
transport_recovery__0003:47,transport_recovery__0003,2f640d3128f9a261,transport_recovery,train,47,episodes/transport_recovery__0003.npz
transport_recovery__0003:48,transport_recovery__0003,2f640d3128f9a261,transport_recovery,train,48,episodes/transport_recovery__0003.npz
transport_recovery__0003:49,transport_recovery__0003,2f640d3128f9a261,transport_recovery,train,49,episodes/transport_recovery__0003.npz
transport_recovery__0003:50,transport_recovery__0003,2f640d3128f9a261,transport_recovery,train,50,episodes/transport_recovery__0003.npz
transport_recovery__0003:51,transport_recovery__0003,2f640d3128f9a261,transport_recovery,train,51,episodes/transport_recovery__0003.npz
transport_recovery__0003:52,transport_recovery__0003,2f640d3128f9a261,transport_recovery,train,52,episodes/transport_recovery__0003.npz
transport_recovery__0003:53,transport_recovery__0003,2f640d3128f9a261,transport_recovery,train,53,episodes/transport_recovery__0003.npz
transport_recovery__0003:54,transport_recovery__0003,2f640d3128f9a261,transport_recovery,train,54,episodes/transport_recovery__0003.npz
transport_recovery__0003:55,transport_recovery__0003,2f640d3128f9a261,transport_recovery,train,55,episodes/transport_recovery__0003.npz
transport_recovery__0003:56,transport_recovery__0003,2f640d3128f9a261,transport_recovery,train,56,episodes/transport_recovery__0003.npz
transport_recovery__0003:57,transport_recovery__0003,2f640d3128f9a261,transport_recovery,train,57,episodes/transport_recovery__0003.npz
transport_recovery__0003:58,transport_recovery__0003,2f640d3128f9a261,transport_recovery,train,58,episodes/transport_recovery__0003.npz
transport_recovery__0003:59,transport_recovery__0003,2f640d3128f9a261,transport_recovery,train,59,episodes/transport_recovery__0003.npz
transport_recovery__0003:60,transport_recovery__0003,2f640d3128f9a261,transport_recovery,train,60,episodes/transport_recovery__0003.npz
transport_recovery__0003:61,transport_recovery__0003,2f640d3128f9a261,transport_recovery,train,61,episodes/transport_recovery__0003.npz
transport_recovery__0003:62,transport_recovery__0003,2f640d3128f9a261,transport_recovery,train,62,episodes/transport_recovery__0003.npz
transport_recovery__0003:63,transport_recovery__0003,2f640d3128f9a261,transport_recovery,train,63,episodes/transport_recovery__0003.npz
transport_recovery__0003:64,transport_recovery__0003,2f640d3128f9a261,transport_recovery,train,64,episodes/transport_recovery__0003.npz
transport_recovery__0003:65,transport_recovery__0003,2f640d3128f9a261,transport_recovery,train,65,episodes/transport_recovery__0003.npz
transport_recovery__0003:66,transport_recovery__0003,2f640d3128f9a261,transport_recovery,train,66,episodes/transport_recovery__0003.npz
transport_recovery__0003:67,transport_recovery__0003,2f640d3128f9a261,transport_recovery,train,67,episodes/transport_recovery__0003.npz
transport_recovery__0003:68,transport_recovery__0003,2f640d3128f9a261,transport_recovery,train,68,episodes/transport_recovery__0003.npz
transport_recovery__0003:69,transport_recovery__0003,2f640d3128f9a261,transport_recovery,train,69,episodes/transport_recovery__0003.npz
transport_recovery__0003:70,transport_recovery__0003,2f640d3128f9a261,transport_recovery,train,70,episodes/transport_recovery__0003.npz
transport_recovery__0003:71,transport_recovery__0003,2f640d3128f9a261,transport_recovery,train,71,episodes/transport_recovery__0003.npz
transport_recovery__0003:72,transport_recovery__0003,2f640d3128f9a261,transport_recovery,train,72,episodes/transport_recovery__0003.npz
transport_recovery__0003:73,transport_recovery__0003,2f640d3128f9a261,transport_recovery,train,73,episodes/transport_recovery__0003.npz
transport_recovery__0003:74,transport_recovery__0003,2f640d3128f9a261,transport_recovery,train,74,episodes/transport_recovery__0003.npz
transport_recovery__0003:75,transport_recovery__0003,2f640d3128f9a261,transport_recovery,train,75,episodes/transport_recovery__0003.npz
transport_recovery__0003:76,transport_recovery__0003,2f640d3128f9a261,transport_recovery,train,76,episodes/transport_recovery__0003.npz
transport_recovery__0003:77,transport_recovery__0003,2f640d3128f9a261,transport_recovery,train,77,episodes/transport_recovery__0003.npz
transport_recovery__0003:78,transport_recovery__0003,2f640d3128f9a261,transport_recovery,train,78,episodes/transport_recovery__0003.npz
transport_recovery__0003:79,transport_recovery__0003,2f640d3128f9a261,transport_recovery,train,79,episodes/transport_recovery__0003.npz
transport_recovery__0003:80,transport_recovery__0003,2f640d3128f9a261,transport_recovery,train,80,episodes/transport_recovery__0003.npz
transport_recovery__0003:81,transport_recovery__0003,2f640d3128f9a261,transport_recovery,train,81,episodes/transport_recovery__0003.npz
transport_recovery__0003:82,transport_recovery__0003,2f640d3128f9a261,transport_recovery,train,82,episodes/transport_recovery__0003.npz
transport_recovery__0003:83,transport_recovery__0003,2f640d3128f9a261,transport_recovery,train,83,episodes/transport_recovery__0003.npz
transport_recovery__0003:84,transport_recovery__0003,2f640d3128f9a261,transport_recovery,train,84,episodes/transport_recovery__0003.npz
transport_recovery__0003:85,transport_recovery__0003,2f640d3128f9a261,transport_recovery,train,85,episodes/transport_recovery__0003.npz
transport_recovery__0003:86,transport_recovery__0003,2f640d3128f9a261,transport_recovery,train,86,episodes/transport_recovery__0003.npz
transport_recovery__0003:87,transport_recovery__0003,2f640d3128f9a261,transport_recovery,train,87,episodes/transport_recovery__0003.npz
transport_recovery__0003:88,transport_recovery__0003,2f640d3128f9a261,transport_recovery,train,88,episodes/transport_recovery__0003.npz
transport_recovery__0003:89,transport_recovery__0003,2f640d3128f9a261,transport_recovery,train,89,episodes/transport_recovery__0003.npz
transport_recovery__0003:90,transport_recovery__0003,2f640d3128f9a261,transport_recovery,train,90,episodes/transport_recovery__0003.npz
transport_recovery__0003:91,transport_recovery__0003,2f640d3128f9a261,transport_recovery,train,91,episodes/transport_recovery__0003.npz
transport_recovery__0003:92,transport_recovery__0003,2f640d3128f9a261,transport_recovery,train,92,episodes/transport_recovery__0003.npz
transport_recovery__0003:93,transport_recovery__0003,2f640d3128f9a261,transport_recovery,train,93,episodes/transport_recovery__0003.npz
transport_recovery__0003:94,transport_recovery__0003,2f640d3128f9a261,transport_recovery,train,94,episodes/transport_recovery__0003.npz
transport_recovery__0003:95,transport_recovery__0003,2f640d3128f9a261,transport_recovery,train,95,episodes/transport_recovery__0003.npz
transport_recovery__0003:96,transport_recovery__0003,2f640d3128f9a261,transport_recovery,train,96,episodes/transport_recovery__0003.npz
transport_recovery__0003:97,transport_recovery__0003,2f640d3128f9a261,transport_recovery,train,97,episodes/transport_recovery__0003.npz
transport_recovery__0003:98,transport_recovery__0003,2f640d3128f9a261,transport_recovery,train,98,episodes/transport_recovery__0003.npz
transport_recovery__0003:99,transport_recovery__0003,2f640d3128f9a261,transport_recovery,train,99,episodes/transport_recovery__0003.npz
transport_recovery__0003:100,transport_recovery__0003,2f640d3128f9a261,transport_recovery,train,100,episodes/transport_recovery__0003.npz
transport_recovery__0003:101,transport_recovery__0003,2f640d3128f9a261,transport_recovery,train,101,episodes/transport_recovery__0003.npz
transport_recovery__0003:102,transport_recovery__0003,2f640d3128f9a261,transport_recovery,train,102,episodes/transport_recovery__0003.npz
transport_recovery__0003:103,transport_recovery__0003,2f640d3128f9a261,transport_recovery,train,103,episodes/transport_recovery__0003.npz
transport_recovery__0003:104,transport_recovery__0003,2f640d3128f9a261,transport_recovery,train,104,episodes/transport_recovery__0003.npz
transport_recovery__0003:105,transport_recovery__0003,2f640d3128f9a261,transport_recovery,train,105,episodes/transport_recovery__0003.npz
transport_recovery__0003:106,transport_recovery__0003,2f640d3128f9a261,transport_recovery,train,106,episodes/transport_recovery__0003.npz
transport_recovery__0003:107,transport_recovery__0003,2f640d3128f9a261,transport_recovery,train,107,episodes/transport_recovery__0003.npz
transport_recovery__0003:108,transport_recovery__0003,2f640d3128f9a261,transport_recovery,train,108,episodes/transport_recovery__0003.npz
transport_recovery__0003:109,transport_recovery__0003,2f640d3128f9a261,transport_recovery,train,109,episodes/transport_recovery__0003.npz
transport_recovery__0003:110,transport_recovery__0003,2f640d3128f9a261,transport_recovery,train,110,episodes/transport_recovery__0003.npz
transport_recovery__0003:111,transport_recovery__0003,2f640d3128f9a261,transport_recovery,train,111,episodes/transport_recovery__0003.npz
transport_recovery__0003:112,transport_recovery__0003,2f640d3128f9a261,transport_recovery,train,112,episodes/transport_recovery__0003.npz
transport_recovery__0003:113,transport_recovery__0003,2f640d3128f9a261,transport_recovery,train,113,episodes/transport_recovery__0003.npz
transport_recovery__0003:114,transport_recovery__0003,2f640d3128f9a261,transport_recovery,train,114,episodes/transport_recovery__0003.npz
transport_recovery__0003:115,transport_recovery__0003,2f640d3128f9a261,transport_recovery,train,115,episodes/transport_recovery__0003.npz
transport_recovery__0003:116,transport_recovery__0003,2f640d3128f9a261,transport_recovery,train,116,episodes/transport_recovery__0003.npz
transport_recovery__0003:117,transport_recovery__0003,2f640d3128f9a261,transport_recovery,train,117,episodes/transport_recovery__0003.npz
transport_recovery__0003:118,transport_recovery__0003,2f640d3128f9a261,transport_recovery,train,118,episodes/transport_recovery__0003.npz
transport_recovery__0003:119,transport_recovery__0003,2f640d3128f9a261,transport_recovery,train,119,episodes/transport_recovery__0003.npz
transport_recovery__0004:0,transport_recovery__0004,ae210ba3a43c0910,transport_recovery,train,0,episodes/transport_recovery__0004.npz
transport_recovery__0004:1,transport_recovery__0004,ae210ba3a43c0910,transport_recovery,train,1,episodes/transport_recovery__0004.npz
transport_recovery__0004:2,transport_recovery__0004,ae210ba3a43c0910,transport_recovery,train,2,episodes/transport_recovery__0004.npz
transport_recovery__0004:3,transport_recovery__0004,ae210ba3a43c0910,transport_recovery,train,3,episodes/transport_recovery__0004.npz
transport_recovery__0004:4,transport_recovery__0004,ae210ba3a43c0910,transport_recovery,train,4,episodes/transport_recovery__0004.npz
transport_recovery__0004:5,transport_recovery__0004,ae210ba3a43c0910,transport_recovery,train,5,episodes/transport_recovery__0004.npz
transport_recovery__0004:6,transport_recovery__0004,ae210ba3a43c0910,transport_recovery,train,6,episodes/transport_recovery__0004.npz
transport_recovery__0004:7,transport_recovery__0004,ae210ba3a43c0910,transport_recovery,train,7,episodes/transport_recovery__0004.npz
transport_recovery__0004:8,transport_recovery__0004,ae210ba3a43c0910,transport_recovery,train,8,episodes/transport_recovery__0004.npz
transport_recovery__0004:9,transport_recovery__0004,ae210ba3a43c0910,transport_recovery,train,9,episodes/transport_recovery__0004.npz
transport_recovery__0004:10,transport_recovery__0004,ae210ba3a43c0910,transport_recovery,train,10,episodes/transport_recovery__0004.npz
transport_recovery__0004:11,transport_recovery__0004,ae210ba3a43c0910,transport_recovery,train,11,episodes/transport_recovery__0004.npz
transport_recovery__0004:12,transport_recovery__0004,ae210ba3a43c0910,transport_recovery,train,12,episodes/transport_recovery__0004.npz
transport_recovery__0004:13,transport_recovery__0004,ae210ba3a43c0910,transport_recovery,train,13,episodes/transport_recovery__0004.npz
transport_recovery__0004:14,transport_recovery__0004,ae210ba3a43c0910,transport_recovery,train,14,episodes/transport_recovery__0004.npz
transport_recovery__0004:15,transport_recovery__0004,ae210ba3a43c0910,transport_recovery,train,15,episodes/transport_recovery__0004.npz
transport_recovery__0004:16,transport_recovery__0004,ae210ba3a43c0910,transport_recovery,train,16,episodes/transport_recovery__0004.npz
transport_recovery__0004:17,transport_recovery__0004,ae210ba3a43c0910,transport_recovery,train,17,episodes/transport_recovery__0004.npz
transport_recovery__0004:18,transport_recovery__0004,ae210ba3a43c0910,transport_recovery,train,18,episodes/transport_recovery__0004.npz
transport_recovery__0004:19,transport_recovery__0004,ae210ba3a43c0910,transport_recovery,train,19,episodes/transport_recovery__0004.npz
transport_recovery__0004:20,transport_recovery__0004,ae210ba3a43c0910,transport_recovery,train,20,episodes/transport_recovery__0004.npz
transport_recovery__0004:21,transport_recovery__0004,ae210ba3a43c0910,transport_recovery,train,21,episodes/transport_recovery__0004.npz
transport_recovery__0004:22,transport_recovery__0004,ae210ba3a43c0910,transport_recovery,train,22,episodes/transport_recovery__0004.npz
transport_recovery__0004:23,transport_recovery__0004,ae210ba3a43c0910,transport_recovery,train,23,episodes/transport_recovery__0004.npz
transport_recovery__0004:24,transport_recovery__0004,ae210ba3a43c0910,transport_recovery,train,24,episodes/transport_recovery__0004.npz
transport_recovery__0004:25,transport_recovery__0004,ae210ba3a43c0910,transport_recovery,train,25,episodes/transport_recovery__0004.npz
transport_recovery__0004:26,transport_recovery__0004,ae210ba3a43c0910,transport_recovery,train,26,episodes/transport_recovery__0004.npz
transport_recovery__0004:27,transport_recovery__0004,ae210ba3a43c0910,transport_recovery,train,27,episodes/transport_recovery__0004.npz
transport_recovery__0004:28,transport_recovery__0004,ae210ba3a43c0910,transport_recovery,train,28,episodes/transport_recovery__0004.npz
transport_recovery__0004:29,transport_recovery__0004,ae210ba3a43c0910,transport_recovery,train,29,episodes/transport_recovery__0004.npz
transport_recovery__0004:30,transport_recovery__0004,ae210ba3a43c0910,transport_recovery,train,30,episodes/transport_recovery__0004.npz
transport_recovery__0004:31,transport_recovery__0004,ae210ba3a43c0910,transport_recovery,train,31,episodes/transport_recovery__0004.npz
transport_recovery__0004:32,transport_recovery__0004,ae210ba3a43c0910,transport_recovery,train,32,episodes/transport_recovery__0004.npz
transport_recovery__0004:33,transport_recovery__0004,ae210ba3a43c0910,transport_recovery,train,33,episodes/transport_recovery__0004.npz
transport_recovery__0004:34,transport_recovery__0004,ae210ba3a43c0910,transport_recovery,train,34,episodes/transport_recovery__0004.npz
transport_recovery__0004:35,transport_recovery__0004,ae210ba3a43c0910,transport_recovery,train,35,episodes/transport_recovery__0004.npz
transport_recovery__0004:36,transport_recovery__0004,ae210ba3a43c0910,transport_recovery,train,36,episodes/transport_recovery__0004.npz
transport_recovery__0004:37,transport_recovery__0004,ae210ba3a43c0910,transport_recovery,train,37,episodes/transport_recovery__0004.npz
transport_recovery__0004:38,transport_recovery__0004,ae210ba3a43c0910,transport_recovery,train,38,episodes/transport_recovery__0004.npz
transport_recovery__0004:39,transport_recovery__0004,ae210ba3a43c0910,transport_recovery,train,39,episodes/transport_recovery__0004.npz
transport_recovery__0004:40,transport_recovery__0004,ae210ba3a43c0910,transport_recovery,train,40,episodes/transport_recovery__0004.npz
transport_recovery__0004:41,transport_recovery__0004,ae210ba3a43c0910,transport_recovery,train,41,episodes/transport_recovery__0004.npz
transport_recovery__0004:42,transport_recovery__0004,ae210ba3a43c0910,transport_recovery,train,42,episodes/transport_recovery__0004.npz
transport_recovery__0004:43,transport_recovery__0004,ae210ba3a43c0910,transport_recovery,train,43,episodes/transport_recovery__0004.npz
transport_recovery__0004:44,transport_recovery__0004,ae210ba3a43c0910,transport_recovery,train,44,episodes/transport_recovery__0004.npz
transport_recovery__0004:45,transport_recovery__0004,ae210ba3a43c0910,transport_recovery,train,45,episodes/transport_recovery__0004.npz
transport_recovery__0004:46,transport_recovery__0004,ae210ba3a43c0910,transport_recovery,train,46,episodes/transport_recovery__0004.npz
transport_recovery__0004:47,transport_recovery__0004,ae210ba3a43c0910,transport_recovery,train,47,episodes/transport_recovery__0004.npz
transport_recovery__0004:48,transport_recovery__0004,ae210ba3a43c0910,transport_recovery,train,48,episodes/transport_recovery__0004.npz
transport_recovery__0004:49,transport_recovery__0004,ae210ba3a43c0910,transport_recovery,train,49,episodes/transport_recovery__0004.npz
transport_recovery__0004:50,transport_recovery__0004,ae210ba3a43c0910,transport_recovery,train,50,episodes/transport_recovery__0004.npz
transport_recovery__0004:51,transport_recovery__0004,ae210ba3a43c0910,transport_recovery,train,51,episodes/transport_recovery__0004.npz
transport_recovery__0004:52,transport_recovery__0004,ae210ba3a43c0910,transport_recovery,train,52,episodes/transport_recovery__0004.npz
transport_recovery__0004:53,transport_recovery__0004,ae210ba3a43c0910,transport_recovery,train,53,episodes/transport_recovery__0004.npz
transport_recovery__0004:54,transport_recovery__0004,ae210ba3a43c0910,transport_recovery,train,54,episodes/transport_recovery__0004.npz
transport_recovery__0004:55,transport_recovery__0004,ae210ba3a43c0910,transport_recovery,train,55,episodes/transport_recovery__0004.npz
transport_recovery__0004:56,transport_recovery__0004,ae210ba3a43c0910,transport_recovery,train,56,episodes/transport_recovery__0004.npz
transport_recovery__0004:57,transport_recovery__0004,ae210ba3a43c0910,transport_recovery,train,57,episodes/transport_recovery__0004.npz
transport_recovery__0004:58,transport_recovery__0004,ae210ba3a43c0910,transport_recovery,train,58,episodes/transport_recovery__0004.npz
transport_recovery__0004:59,transport_recovery__0004,ae210ba3a43c0910,transport_recovery,train,59,episodes/transport_recovery__0004.npz
transport_recovery__0004:60,transport_recovery__0004,ae210ba3a43c0910,transport_recovery,train,60,episodes/transport_recovery__0004.npz
transport_recovery__0004:61,transport_recovery__0004,ae210ba3a43c0910,transport_recovery,train,61,episodes/transport_recovery__0004.npz
transport_recovery__0004:62,transport_recovery__0004,ae210ba3a43c0910,transport_recovery,train,62,episodes/transport_recovery__0004.npz
transport_recovery__0004:63,transport_recovery__0004,ae210ba3a43c0910,transport_recovery,train,63,episodes/transport_recovery__0004.npz
transport_recovery__0004:64,transport_recovery__0004,ae210ba3a43c0910,transport_recovery,train,64,episodes/transport_recovery__0004.npz
transport_recovery__0004:65,transport_recovery__0004,ae210ba3a43c0910,transport_recovery,train,65,episodes/transport_recovery__0004.npz
transport_recovery__0004:66,transport_recovery__0004,ae210ba3a43c0910,transport_recovery,train,66,episodes/transport_recovery__0004.npz
transport_recovery__0004:67,transport_recovery__0004,ae210ba3a43c0910,transport_recovery,train,67,episodes/transport_recovery__0004.npz
transport_recovery__0004:68,transport_recovery__0004,ae210ba3a43c0910,transport_recovery,train,68,episodes/transport_recovery__0004.npz
transport_recovery__0004:69,transport_recovery__0004,ae210ba3a43c0910,transport_recovery,train,69,episodes/transport_recovery__0004.npz
transport_recovery__0004:70,transport_recovery__0004,ae210ba3a43c0910,transport_recovery,train,70,episodes/transport_recovery__0004.npz
transport_recovery__0004:71,transport_recovery__0004,ae210ba3a43c0910,transport_recovery,train,71,episodes/transport_recovery__0004.npz
transport_recovery__0004:72,transport_recovery__0004,ae210ba3a43c0910,transport_recovery,train,72,episodes/transport_recovery__0004.npz
transport_recovery__0004:73,transport_recovery__0004,ae210ba3a43c0910,transport_recovery,train,73,episodes/transport_recovery__0004.npz
transport_recovery__0004:74,transport_recovery__0004,ae210ba3a43c0910,transport_recovery,train,74,episodes/transport_recovery__0004.npz
transport_recovery__0004:75,transport_recovery__0004,ae210ba3a43c0910,transport_recovery,train,75,episodes/transport_recovery__0004.npz
transport_recovery__0004:76,transport_recovery__0004,ae210ba3a43c0910,transport_recovery,train,76,episodes/transport_recovery__0004.npz
transport_recovery__0004:77,transport_recovery__0004,ae210ba3a43c0910,transport_recovery,train,77,episodes/transport_recovery__0004.npz
transport_recovery__0004:78,transport_recovery__0004,ae210ba3a43c0910,transport_recovery,train,78,episodes/transport_recovery__0004.npz
transport_recovery__0004:79,transport_recovery__0004,ae210ba3a43c0910,transport_recovery,train,79,episodes/transport_recovery__0004.npz
transport_recovery__0004:80,transport_recovery__0004,ae210ba3a43c0910,transport_recovery,train,80,episodes/transport_recovery__0004.npz
transport_recovery__0004:81,transport_recovery__0004,ae210ba3a43c0910,transport_recovery,train,81,episodes/transport_recovery__0004.npz
transport_recovery__0004:82,transport_recovery__0004,ae210ba3a43c0910,transport_recovery,train,82,episodes/transport_recovery__0004.npz
transport_recovery__0004:83,transport_recovery__0004,ae210ba3a43c0910,transport_recovery,train,83,episodes/transport_recovery__0004.npz
transport_recovery__0004:84,transport_recovery__0004,ae210ba3a43c0910,transport_recovery,train,84,episodes/transport_recovery__0004.npz
transport_recovery__0004:85,transport_recovery__0004,ae210ba3a43c0910,transport_recovery,train,85,episodes/transport_recovery__0004.npz
transport_recovery__0004:86,transport_recovery__0004,ae210ba3a43c0910,transport_recovery,train,86,episodes/transport_recovery__0004.npz
transport_recovery__0004:87,transport_recovery__0004,ae210ba3a43c0910,transport_recovery,train,87,episodes/transport_recovery__0004.npz
transport_recovery__0004:88,transport_recovery__0004,ae210ba3a43c0910,transport_recovery,train,88,episodes/transport_recovery__0004.npz
transport_recovery__0004:89,transport_recovery__0004,ae210ba3a43c0910,transport_recovery,train,89,episodes/transport_recovery__0004.npz
transport_recovery__0004:90,transport_recovery__0004,ae210ba3a43c0910,transport_recovery,train,90,episodes/transport_recovery__0004.npz
transport_recovery__0004:91,transport_recovery__0004,ae210ba3a43c0910,transport_recovery,train,91,episodes/transport_recovery__0004.npz
transport_recovery__0004:92,transport_recovery__0004,ae210ba3a43c0910,transport_recovery,train,92,episodes/transport_recovery__0004.npz
transport_recovery__0004:93,transport_recovery__0004,ae210ba3a43c0910,transport_recovery,train,93,episodes/transport_recovery__0004.npz
transport_recovery__0004:94,transport_recovery__0004,ae210ba3a43c0910,transport_recovery,train,94,episodes/transport_recovery__0004.npz
transport_recovery__0004:95,transport_recovery__0004,ae210ba3a43c0910,transport_recovery,train,95,episodes/transport_recovery__0004.npz
transport_recovery__0004:96,transport_recovery__0004,ae210ba3a43c0910,transport_recovery,train,96,episodes/transport_recovery__0004.npz
transport_recovery__0004:97,transport_recovery__0004,ae210ba3a43c0910,transport_recovery,train,97,episodes/transport_recovery__0004.npz
transport_recovery__0004:98,transport_recovery__0004,ae210ba3a43c0910,transport_recovery,train,98,episodes/transport_recovery__0004.npz
transport_recovery__0004:99,transport_recovery__0004,ae210ba3a43c0910,transport_recovery,train,99,episodes/transport_recovery__0004.npz
transport_recovery__0004:100,transport_recovery__0004,ae210ba3a43c0910,transport_recovery,train,100,episodes/transport_recovery__0004.npz
transport_recovery__0004:101,transport_recovery__0004,ae210ba3a43c0910,transport_recovery,train,101,episodes/transport_recovery__0004.npz
transport_recovery__0004:102,transport_recovery__0004,ae210ba3a43c0910,transport_recovery,train,102,episodes/transport_recovery__0004.npz
transport_recovery__0004:103,transport_recovery__0004,ae210ba3a43c0910,transport_recovery,train,103,episodes/transport_recovery__0004.npz
transport_recovery__0004:104,transport_recovery__0004,ae210ba3a43c0910,transport_recovery,train,104,episodes/transport_recovery__0004.npz
transport_recovery__0004:105,transport_recovery__0004,ae210ba3a43c0910,transport_recovery,train,105,episodes/transport_recovery__0004.npz
transport_recovery__0004:106,transport_recovery__0004,ae210ba3a43c0910,transport_recovery,train,106,episodes/transport_recovery__0004.npz
transport_recovery__0004:107,transport_recovery__0004,ae210ba3a43c0910,transport_recovery,train,107,episodes/transport_recovery__0004.npz
transport_recovery__0004:108,transport_recovery__0004,ae210ba3a43c0910,transport_recovery,train,108,episodes/transport_recovery__0004.npz
transport_recovery__0004:109,transport_recovery__0004,ae210ba3a43c0910,transport_recovery,train,109,episodes/transport_recovery__0004.npz
transport_recovery__0004:110,transport_recovery__0004,ae210ba3a43c0910,transport_recovery,train,110,episodes/transport_recovery__0004.npz
transport_recovery__0004:111,transport_recovery__0004,ae210ba3a43c0910,transport_recovery,train,111,episodes/transport_recovery__0004.npz
transport_recovery__0004:112,transport_recovery__0004,ae210ba3a43c0910,transport_recovery,train,112,episodes/transport_recovery__0004.npz
transport_recovery__0004:113,transport_recovery__0004,ae210ba3a43c0910,transport_recovery,train,113,episodes/transport_recovery__0004.npz
transport_recovery__0004:114,transport_recovery__0004,ae210ba3a43c0910,transport_recovery,train,114,episodes/transport_recovery__0004.npz
transport_recovery__0004:115,transport_recovery__0004,ae210ba3a43c0910,transport_recovery,train,115,episodes/transport_recovery__0004.npz
transport_recovery__0004:116,transport_recovery__0004,ae210ba3a43c0910,transport_recovery,train,116,episodes/transport_recovery__0004.npz
transport_recovery__0004:117,transport_recovery__0004,ae210ba3a43c0910,transport_recovery,train,117,episodes/transport_recovery__0004.npz
transport_recovery__0004:118,transport_recovery__0004,ae210ba3a43c0910,transport_recovery,train,118,episodes/transport_recovery__0004.npz
transport_recovery__0004:119,transport_recovery__0004,ae210ba3a43c0910,transport_recovery,train,119,episodes/transport_recovery__0004.npz
transport_recovery__0007:0,transport_recovery__0007,1c73f1887e153691,transport_recovery,train,0,episodes/transport_recovery__0007.npz
transport_recovery__0007:1,transport_recovery__0007,1c73f1887e153691,transport_recovery,train,1,episodes/transport_recovery__0007.npz
transport_recovery__0007:2,transport_recovery__0007,1c73f1887e153691,transport_recovery,train,2,episodes/transport_recovery__0007.npz
transport_recovery__0007:3,transport_recovery__0007,1c73f1887e153691,transport_recovery,train,3,episodes/transport_recovery__0007.npz
transport_recovery__0007:4,transport_recovery__0007,1c73f1887e153691,transport_recovery,train,4,episodes/transport_recovery__0007.npz
transport_recovery__0007:5,transport_recovery__0007,1c73f1887e153691,transport_recovery,train,5,episodes/transport_recovery__0007.npz
transport_recovery__0007:6,transport_recovery__0007,1c73f1887e153691,transport_recovery,train,6,episodes/transport_recovery__0007.npz
transport_recovery__0007:7,transport_recovery__0007,1c73f1887e153691,transport_recovery,train,7,episodes/transport_recovery__0007.npz
transport_recovery__0007:8,transport_recovery__0007,1c73f1887e153691,transport_recovery,train,8,episodes/transport_recovery__0007.npz
transport_recovery__0007:9,transport_recovery__0007,1c73f1887e153691,transport_recovery,train,9,episodes/transport_recovery__0007.npz
transport_recovery__0007:10,transport_recovery__0007,1c73f1887e153691,transport_recovery,train,10,episodes/transport_recovery__0007.npz
transport_recovery__0007:11,transport_recovery__0007,1c73f1887e153691,transport_recovery,train,11,episodes/transport_recovery__0007.npz
transport_recovery__0007:12,transport_recovery__0007,1c73f1887e153691,transport_recovery,train,12,episodes/transport_recovery__0007.npz
transport_recovery__0007:13,transport_recovery__0007,1c73f1887e153691,transport_recovery,train,13,episodes/transport_recovery__0007.npz
transport_recovery__0007:14,transport_recovery__0007,1c73f1887e153691,transport_recovery,train,14,episodes/transport_recovery__0007.npz
transport_recovery__0007:15,transport_recovery__0007,1c73f1887e153691,transport_recovery,train,15,episodes/transport_recovery__0007.npz
transport_recovery__0007:16,transport_recovery__0007,1c73f1887e153691,transport_recovery,train,16,episodes/transport_recovery__0007.npz
transport_recovery__0007:17,transport_recovery__0007,1c73f1887e153691,transport_recovery,train,17,episodes/transport_recovery__0007.npz
transport_recovery__0007:18,transport_recovery__0007,1c73f1887e153691,transport_recovery,train,18,episodes/transport_recovery__0007.npz
transport_recovery__0007:19,transport_recovery__0007,1c73f1887e153691,transport_recovery,train,19,episodes/transport_recovery__0007.npz
transport_recovery__0007:20,transport_recovery__0007,1c73f1887e153691,transport_recovery,train,20,episodes/transport_recovery__0007.npz
transport_recovery__0007:21,transport_recovery__0007,1c73f1887e153691,transport_recovery,train,21,episodes/transport_recovery__0007.npz
transport_recovery__0007:22,transport_recovery__0007,1c73f1887e153691,transport_recovery,train,22,episodes/transport_recovery__0007.npz
transport_recovery__0007:23,transport_recovery__0007,1c73f1887e153691,transport_recovery,train,23,episodes/transport_recovery__0007.npz
transport_recovery__0007:24,transport_recovery__0007,1c73f1887e153691,transport_recovery,train,24,episodes/transport_recovery__0007.npz
transport_recovery__0007:25,transport_recovery__0007,1c73f1887e153691,transport_recovery,train,25,episodes/transport_recovery__0007.npz
transport_recovery__0007:26,transport_recovery__0007,1c73f1887e153691,transport_recovery,train,26,episodes/transport_recovery__0007.npz
transport_recovery__0007:27,transport_recovery__0007,1c73f1887e153691,transport_recovery,train,27,episodes/transport_recovery__0007.npz
transport_recovery__0007:28,transport_recovery__0007,1c73f1887e153691,transport_recovery,train,28,episodes/transport_recovery__0007.npz
transport_recovery__0007:29,transport_recovery__0007,1c73f1887e153691,transport_recovery,train,29,episodes/transport_recovery__0007.npz
transport_recovery__0007:30,transport_recovery__0007,1c73f1887e153691,transport_recovery,train,30,episodes/transport_recovery__0007.npz
transport_recovery__0007:31,transport_recovery__0007,1c73f1887e153691,transport_recovery,train,31,episodes/transport_recovery__0007.npz
transport_recovery__0007:32,transport_recovery__0007,1c73f1887e153691,transport_recovery,train,32,episodes/transport_recovery__0007.npz
transport_recovery__0007:33,transport_recovery__0007,1c73f1887e153691,transport_recovery,train,33,episodes/transport_recovery__0007.npz
transport_recovery__0007:34,transport_recovery__0007,1c73f1887e153691,transport_recovery,train,34,episodes/transport_recovery__0007.npz
transport_recovery__0007:35,transport_recovery__0007,1c73f1887e153691,transport_recovery,train,35,episodes/transport_recovery__0007.npz
transport_recovery__0007:36,transport_recovery__0007,1c73f1887e153691,transport_recovery,train,36,episodes/transport_recovery__0007.npz
transport_recovery__0007:37,transport_recovery__0007,1c73f1887e153691,transport_recovery,train,37,episodes/transport_recovery__0007.npz
transport_recovery__0007:38,transport_recovery__0007,1c73f1887e153691,transport_recovery,train,38,episodes/transport_recovery__0007.npz
transport_recovery__0007:39,transport_recovery__0007,1c73f1887e153691,transport_recovery,train,39,episodes/transport_recovery__0007.npz
transport_recovery__0007:40,transport_recovery__0007,1c73f1887e153691,transport_recovery,train,40,episodes/transport_recovery__0007.npz
transport_recovery__0007:41,transport_recovery__0007,1c73f1887e153691,transport_recovery,train,41,episodes/transport_recovery__0007.npz
transport_recovery__0007:42,transport_recovery__0007,1c73f1887e153691,transport_recovery,train,42,episodes/transport_recovery__0007.npz
transport_recovery__0007:43,transport_recovery__0007,1c73f1887e153691,transport_recovery,train,43,episodes/transport_recovery__0007.npz
transport_recovery__0007:44,transport_recovery__0007,1c73f1887e153691,transport_recovery,train,44,episodes/transport_recovery__0007.npz
transport_recovery__0007:45,transport_recovery__0007,1c73f1887e153691,transport_recovery,train,45,episodes/transport_recovery__0007.npz
transport_recovery__0007:46,transport_recovery__0007,1c73f1887e153691,transport_recovery,train,46,episodes/transport_recovery__0007.npz
transport_recovery__0007:47,transport_recovery__0007,1c73f1887e153691,transport_recovery,train,47,episodes/transport_recovery__0007.npz
transport_recovery__0007:48,transport_recovery__0007,1c73f1887e153691,transport_recovery,train,48,episodes/transport_recovery__0007.npz
transport_recovery__0007:49,transport_recovery__0007,1c73f1887e153691,transport_recovery,train,49,episodes/transport_recovery__0007.npz
transport_recovery__0007:50,transport_recovery__0007,1c73f1887e153691,transport_recovery,train,50,episodes/transport_recovery__0007.npz
transport_recovery__0007:51,transport_recovery__0007,1c73f1887e153691,transport_recovery,train,51,episodes/transport_recovery__0007.npz
transport_recovery__0007:52,transport_recovery__0007,1c73f1887e153691,transport_recovery,train,52,episodes/transport_recovery__0007.npz
transport_recovery__0007:53,transport_recovery__0007,1c73f1887e153691,transport_recovery,train,53,episodes/transport_recovery__0007.npz
transport_recovery__0007:54,transport_recovery__0007,1c73f1887e153691,transport_recovery,train,54,episodes/transport_recovery__0007.npz
transport_recovery__0007:55,transport_recovery__0007,1c73f1887e153691,transport_recovery,train,55,episodes/transport_recovery__0007.npz
transport_recovery__0007:56,transport_recovery__0007,1c73f1887e153691,transport_recovery,train,56,episodes/transport_recovery__0007.npz
transport_recovery__0007:57,transport_recovery__0007,1c73f1887e153691,transport_recovery,train,57,episodes/transport_recovery__0007.npz
transport_recovery__0007:58,transport_recovery__0007,1c73f1887e153691,transport_recovery,train,58,episodes/transport_recovery__0007.npz
transport_recovery__0007:59,transport_recovery__0007,1c73f1887e153691,transport_recovery,train,59,episodes/transport_recovery__0007.npz
transport_recovery__0007:60,transport_recovery__0007,1c73f1887e153691,transport_recovery,train,60,episodes/transport_recovery__0007.npz
transport_recovery__0007:61,transport_recovery__0007,1c73f1887e153691,transport_recovery,train,61,episodes/transport_recovery__0007.npz
transport_recovery__0007:62,transport_recovery__0007,1c73f1887e153691,transport_recovery,train,62,episodes/transport_recovery__0007.npz
transport_recovery__0007:63,transport_recovery__0007,1c73f1887e153691,transport_recovery,train,63,episodes/transport_recovery__0007.npz
transport_recovery__0007:64,transport_recovery__0007,1c73f1887e153691,transport_recovery,train,64,episodes/transport_recovery__0007.npz
transport_recovery__0007:65,transport_recovery__0007,1c73f1887e153691,transport_recovery,train,65,episodes/transport_recovery__0007.npz
transport_recovery__0007:66,transport_recovery__0007,1c73f1887e153691,transport_recovery,train,66,episodes/transport_recovery__0007.npz
transport_recovery__0007:67,transport_recovery__0007,1c73f1887e153691,transport_recovery,train,67,episodes/transport_recovery__0007.npz
transport_recovery__0007:68,transport_recovery__0007,1c73f1887e153691,transport_recovery,train,68,episodes/transport_recovery__0007.npz
transport_recovery__0007:69,transport_recovery__0007,1c73f1887e153691,transport_recovery,train,69,episodes/transport_recovery__0007.npz
transport_recovery__0007:70,transport_recovery__0007,1c73f1887e153691,transport_recovery,train,70,episodes/transport_recovery__0007.npz
transport_recovery__0007:71,transport_recovery__0007,1c73f1887e153691,transport_recovery,train,71,episodes/transport_recovery__0007.npz
transport_recovery__0007:72,transport_recovery__0007,1c73f1887e153691,transport_recovery,train,72,episodes/transport_recovery__0007.npz
transport_recovery__0007:73,transport_recovery__0007,1c73f1887e153691,transport_recovery,train,73,episodes/transport_recovery__0007.npz
transport_recovery__0007:74,transport_recovery__0007,1c73f1887e153691,transport_recovery,train,74,episodes/transport_recovery__0007.npz
transport_recovery__0007:75,transport_recovery__0007,1c73f1887e153691,transport_recovery,train,75,episodes/transport_recovery__0007.npz
transport_recovery__0007:76,transport_recovery__0007,1c73f1887e153691,transport_recovery,train,76,episodes/transport_recovery__0007.npz
transport_recovery__0007:77,transport_recovery__0007,1c73f1887e153691,transport_recovery,train,77,episodes/transport_recovery__0007.npz
transport_recovery__0007:78,transport_recovery__0007,1c73f1887e153691,transport_recovery,train,78,episodes/transport_recovery__0007.npz
transport_recovery__0007:79,transport_recovery__0007,1c73f1887e153691,transport_recovery,train,79,episodes/transport_recovery__0007.npz
transport_recovery__0007:80,transport_recovery__0007,1c73f1887e153691,transport_recovery,train,80,episodes/transport_recovery__0007.npz
transport_recovery__0007:81,transport_recovery__0007,1c73f1887e153691,transport_recovery,train,81,episodes/transport_recovery__0007.npz
transport_recovery__0007:82,transport_recovery__0007,1c73f1887e153691,transport_recovery,train,82,episodes/transport_recovery__0007.npz
transport_recovery__0007:83,transport_recovery__0007,1c73f1887e153691,transport_recovery,train,83,episodes/transport_recovery__0007.npz
transport_recovery__0007:84,transport_recovery__0007,1c73f1887e153691,transport_recovery,train,84,episodes/transport_recovery__0007.npz
transport_recovery__0007:85,transport_recovery__0007,1c73f1887e153691,transport_recovery,train,85,episodes/transport_recovery__0007.npz
transport_recovery__0007:86,transport_recovery__0007,1c73f1887e153691,transport_recovery,train,86,episodes/transport_recovery__0007.npz
transport_recovery__0007:87,transport_recovery__0007,1c73f1887e153691,transport_recovery,train,87,episodes/transport_recovery__0007.npz
transport_recovery__0007:88,transport_recovery__0007,1c73f1887e153691,transport_recovery,train,88,episodes/transport_recovery__0007.npz
transport_recovery__0007:89,transport_recovery__0007,1c73f1887e153691,transport_recovery,train,89,episodes/transport_recovery__0007.npz
transport_recovery__0007:90,transport_recovery__0007,1c73f1887e153691,transport_recovery,train,90,episodes/transport_recovery__0007.npz
transport_recovery__0007:91,transport_recovery__0007,1c73f1887e153691,transport_recovery,train,91,episodes/transport_recovery__0007.npz
transport_recovery__0007:92,transport_recovery__0007,1c73f1887e153691,transport_recovery,train,92,episodes/transport_recovery__0007.npz
transport_recovery__0007:93,transport_recovery__0007,1c73f1887e153691,transport_recovery,train,93,episodes/transport_recovery__0007.npz
transport_recovery__0007:94,transport_recovery__0007,1c73f1887e153691,transport_recovery,train,94,episodes/transport_recovery__0007.npz
transport_recovery__0007:95,transport_recovery__0007,1c73f1887e153691,transport_recovery,train,95,episodes/transport_recovery__0007.npz
transport_recovery__0007:96,transport_recovery__0007,1c73f1887e153691,transport_recovery,train,96,episodes/transport_recovery__0007.npz
transport_recovery__0007:97,transport_recovery__0007,1c73f1887e153691,transport_recovery,train,97,episodes/transport_recovery__0007.npz
transport_recovery__0007:98,transport_recovery__0007,1c73f1887e153691,transport_recovery,train,98,episodes/transport_recovery__0007.npz
transport_recovery__0007:99,transport_recovery__0007,1c73f1887e153691,transport_recovery,train,99,episodes/transport_recovery__0007.npz
transport_recovery__0007:100,transport_recovery__0007,1c73f1887e153691,transport_recovery,train,100,episodes/transport_recovery__0007.npz
transport_recovery__0007:101,transport_recovery__0007,1c73f1887e153691,transport_recovery,train,101,episodes/transport_recovery__0007.npz
transport_recovery__0007:102,transport_recovery__0007,1c73f1887e153691,transport_recovery,train,102,episodes/transport_recovery__0007.npz
transport_recovery__0007:103,transport_recovery__0007,1c73f1887e153691,transport_recovery,train,103,episodes/transport_recovery__0007.npz
transport_recovery__0007:104,transport_recovery__0007,1c73f1887e153691,transport_recovery,train,104,episodes/transport_recovery__0007.npz
transport_recovery__0007:105,transport_recovery__0007,1c73f1887e153691,transport_recovery,train,105,episodes/transport_recovery__0007.npz
transport_recovery__0007:106,transport_recovery__0007,1c73f1887e153691,transport_recovery,train,106,episodes/transport_recovery__0007.npz
transport_recovery__0007:107,transport_recovery__0007,1c73f1887e153691,transport_recovery,train,107,episodes/transport_recovery__0007.npz
transport_recovery__0007:108,transport_recovery__0007,1c73f1887e153691,transport_recovery,train,108,episodes/transport_recovery__0007.npz
transport_recovery__0007:109,transport_recovery__0007,1c73f1887e153691,transport_recovery,train,109,episodes/transport_recovery__0007.npz
transport_recovery__0007:110,transport_recovery__0007,1c73f1887e153691,transport_recovery,train,110,episodes/transport_recovery__0007.npz
transport_recovery__0007:111,transport_recovery__0007,1c73f1887e153691,transport_recovery,train,111,episodes/transport_recovery__0007.npz
transport_recovery__0007:112,transport_recovery__0007,1c73f1887e153691,transport_recovery,train,112,episodes/transport_recovery__0007.npz
transport_recovery__0007:113,transport_recovery__0007,1c73f1887e153691,transport_recovery,train,113,episodes/transport_recovery__0007.npz
transport_recovery__0007:114,transport_recovery__0007,1c73f1887e153691,transport_recovery,train,114,episodes/transport_recovery__0007.npz
transport_recovery__0007:115,transport_recovery__0007,1c73f1887e153691,transport_recovery,train,115,episodes/transport_recovery__0007.npz
transport_recovery__0007:116,transport_recovery__0007,1c73f1887e153691,transport_recovery,train,116,episodes/transport_recovery__0007.npz
transport_recovery__0007:117,transport_recovery__0007,1c73f1887e153691,transport_recovery,train,117,episodes/transport_recovery__0007.npz
transport_recovery__0007:118,transport_recovery__0007,1c73f1887e153691,transport_recovery,train,118,episodes/transport_recovery__0007.npz
transport_recovery__0007:119,transport_recovery__0007,1c73f1887e153691,transport_recovery,train,119,episodes/transport_recovery__0007.npz
transport_recovery__0008:0,transport_recovery__0008,5693f89cc383bd64,transport_recovery,test,0,episodes/transport_recovery__0008.npz
transport_recovery__0008:1,transport_recovery__0008,5693f89cc383bd64,transport_recovery,test,1,episodes/transport_recovery__0008.npz
transport_recovery__0008:2,transport_recovery__0008,5693f89cc383bd64,transport_recovery,test,2,episodes/transport_recovery__0008.npz
transport_recovery__0008:3,transport_recovery__0008,5693f89cc383bd64,transport_recovery,test,3,episodes/transport_recovery__0008.npz
transport_recovery__0008:4,transport_recovery__0008,5693f89cc383bd64,transport_recovery,test,4,episodes/transport_recovery__0008.npz
transport_recovery__0008:5,transport_recovery__0008,5693f89cc383bd64,transport_recovery,test,5,episodes/transport_recovery__0008.npz
transport_recovery__0008:6,transport_recovery__0008,5693f89cc383bd64,transport_recovery,test,6,episodes/transport_recovery__0008.npz
transport_recovery__0008:7,transport_recovery__0008,5693f89cc383bd64,transport_recovery,test,7,episodes/transport_recovery__0008.npz
transport_recovery__0008:8,transport_recovery__0008,5693f89cc383bd64,transport_recovery,test,8,episodes/transport_recovery__0008.npz
transport_recovery__0008:9,transport_recovery__0008,5693f89cc383bd64,transport_recovery,test,9,episodes/transport_recovery__0008.npz
transport_recovery__0008:10,transport_recovery__0008,5693f89cc383bd64,transport_recovery,test,10,episodes/transport_recovery__0008.npz
transport_recovery__0008:11,transport_recovery__0008,5693f89cc383bd64,transport_recovery,test,11,episodes/transport_recovery__0008.npz
transport_recovery__0008:12,transport_recovery__0008,5693f89cc383bd64,transport_recovery,test,12,episodes/transport_recovery__0008.npz
transport_recovery__0008:13,transport_recovery__0008,5693f89cc383bd64,transport_recovery,test,13,episodes/transport_recovery__0008.npz
transport_recovery__0008:14,transport_recovery__0008,5693f89cc383bd64,transport_recovery,test,14,episodes/transport_recovery__0008.npz
transport_recovery__0008:15,transport_recovery__0008,5693f89cc383bd64,transport_recovery,test,15,episodes/transport_recovery__0008.npz
transport_recovery__0008:16,transport_recovery__0008,5693f89cc383bd64,transport_recovery,test,16,episodes/transport_recovery__0008.npz
transport_recovery__0008:17,transport_recovery__0008,5693f89cc383bd64,transport_recovery,test,17,episodes/transport_recovery__0008.npz
transport_recovery__0008:18,transport_recovery__0008,5693f89cc383bd64,transport_recovery,test,18,episodes/transport_recovery__0008.npz
transport_recovery__0008:19,transport_recovery__0008,5693f89cc383bd64,transport_recovery,test,19,episodes/transport_recovery__0008.npz
transport_recovery__0008:20,transport_recovery__0008,5693f89cc383bd64,transport_recovery,test,20,episodes/transport_recovery__0008.npz
transport_recovery__0008:21,transport_recovery__0008,5693f89cc383bd64,transport_recovery,test,21,episodes/transport_recovery__0008.npz
transport_recovery__0008:22,transport_recovery__0008,5693f89cc383bd64,transport_recovery,test,22,episodes/transport_recovery__0008.npz
transport_recovery__0008:23,transport_recovery__0008,5693f89cc383bd64,transport_recovery,test,23,episodes/transport_recovery__0008.npz
transport_recovery__0008:24,transport_recovery__0008,5693f89cc383bd64,transport_recovery,test,24,episodes/transport_recovery__0008.npz
transport_recovery__0008:25,transport_recovery__0008,5693f89cc383bd64,transport_recovery,test,25,episodes/transport_recovery__0008.npz
transport_recovery__0008:26,transport_recovery__0008,5693f89cc383bd64,transport_recovery,test,26,episodes/transport_recovery__0008.npz
transport_recovery__0008:27,transport_recovery__0008,5693f89cc383bd64,transport_recovery,test,27,episodes/transport_recovery__0008.npz
transport_recovery__0008:28,transport_recovery__0008,5693f89cc383bd64,transport_recovery,test,28,episodes/transport_recovery__0008.npz
transport_recovery__0008:29,transport_recovery__0008,5693f89cc383bd64,transport_recovery,test,29,episodes/transport_recovery__0008.npz
transport_recovery__0008:30,transport_recovery__0008,5693f89cc383bd64,transport_recovery,test,30,episodes/transport_recovery__0008.npz
transport_recovery__0008:31,transport_recovery__0008,5693f89cc383bd64,transport_recovery,test,31,episodes/transport_recovery__0008.npz
transport_recovery__0008:32,transport_recovery__0008,5693f89cc383bd64,transport_recovery,test,32,episodes/transport_recovery__0008.npz
transport_recovery__0008:33,transport_recovery__0008,5693f89cc383bd64,transport_recovery,test,33,episodes/transport_recovery__0008.npz
transport_recovery__0008:34,transport_recovery__0008,5693f89cc383bd64,transport_recovery,test,34,episodes/transport_recovery__0008.npz
transport_recovery__0008:35,transport_recovery__0008,5693f89cc383bd64,transport_recovery,test,35,episodes/transport_recovery__0008.npz
transport_recovery__0008:36,transport_recovery__0008,5693f89cc383bd64,transport_recovery,test,36,episodes/transport_recovery__0008.npz
transport_recovery__0008:37,transport_recovery__0008,5693f89cc383bd64,transport_recovery,test,37,episodes/transport_recovery__0008.npz
transport_recovery__0008:38,transport_recovery__0008,5693f89cc383bd64,transport_recovery,test,38,episodes/transport_recovery__0008.npz
transport_recovery__0008:39,transport_recovery__0008,5693f89cc383bd64,transport_recovery,test,39,episodes/transport_recovery__0008.npz
transport_recovery__0008:40,transport_recovery__0008,5693f89cc383bd64,transport_recovery,test,40,episodes/transport_recovery__0008.npz
transport_recovery__0008:41,transport_recovery__0008,5693f89cc383bd64,transport_recovery,test,41,episodes/transport_recovery__0008.npz
transport_recovery__0008:42,transport_recovery__0008,5693f89cc383bd64,transport_recovery,test,42,episodes/transport_recovery__0008.npz
transport_recovery__0008:43,transport_recovery__0008,5693f89cc383bd64,transport_recovery,test,43,episodes/transport_recovery__0008.npz
transport_recovery__0008:44,transport_recovery__0008,5693f89cc383bd64,transport_recovery,test,44,episodes/transport_recovery__0008.npz
transport_recovery__0008:45,transport_recovery__0008,5693f89cc383bd64,transport_recovery,test,45,episodes/transport_recovery__0008.npz
transport_recovery__0008:46,transport_recovery__0008,5693f89cc383bd64,transport_recovery,test,46,episodes/transport_recovery__0008.npz
transport_recovery__0008:47,transport_recovery__0008,5693f89cc383bd64,transport_recovery,test,47,episodes/transport_recovery__0008.npz
transport_recovery__0008:48,transport_recovery__0008,5693f89cc383bd64,transport_recovery,test,48,episodes/transport_recovery__0008.npz
transport_recovery__0008:49,transport_recovery__0008,5693f89cc383bd64,transport_recovery,test,49,episodes/transport_recovery__0008.npz
transport_recovery__0008:50,transport_recovery__0008,5693f89cc383bd64,transport_recovery,test,50,episodes/transport_recovery__0008.npz
transport_recovery__0008:51,transport_recovery__0008,5693f89cc383bd64,transport_recovery,test,51,episodes/transport_recovery__0008.npz
transport_recovery__0008:52,transport_recovery__0008,5693f89cc383bd64,transport_recovery,test,52,episodes/transport_recovery__0008.npz
transport_recovery__0008:53,transport_recovery__0008,5693f89cc383bd64,transport_recovery,test,53,episodes/transport_recovery__0008.npz
transport_recovery__0008:54,transport_recovery__0008,5693f89cc383bd64,transport_recovery,test,54,episodes/transport_recovery__0008.npz
transport_recovery__0008:55,transport_recovery__0008,5693f89cc383bd64,transport_recovery,test,55,episodes/transport_recovery__0008.npz
transport_recovery__0008:56,transport_recovery__0008,5693f89cc383bd64,transport_recovery,test,56,episodes/transport_recovery__0008.npz
transport_recovery__0008:57,transport_recovery__0008,5693f89cc383bd64,transport_recovery,test,57,episodes/transport_recovery__0008.npz
transport_recovery__0008:58,transport_recovery__0008,5693f89cc383bd64,transport_recovery,test,58,episodes/transport_recovery__0008.npz
transport_recovery__0008:59,transport_recovery__0008,5693f89cc383bd64,transport_recovery,test,59,episodes/transport_recovery__0008.npz
transport_recovery__0008:60,transport_recovery__0008,5693f89cc383bd64,transport_recovery,test,60,episodes/transport_recovery__0008.npz
transport_recovery__0008:61,transport_recovery__0008,5693f89cc383bd64,transport_recovery,test,61,episodes/transport_recovery__0008.npz
transport_recovery__0008:62,transport_recovery__0008,5693f89cc383bd64,transport_recovery,test,62,episodes/transport_recovery__0008.npz
transport_recovery__0008:63,transport_recovery__0008,5693f89cc383bd64,transport_recovery,test,63,episodes/transport_recovery__0008.npz
transport_recovery__0008:64,transport_recovery__0008,5693f89cc383bd64,transport_recovery,test,64,episodes/transport_recovery__0008.npz
transport_recovery__0008:65,transport_recovery__0008,5693f89cc383bd64,transport_recovery,test,65,episodes/transport_recovery__0008.npz
transport_recovery__0008:66,transport_recovery__0008,5693f89cc383bd64,transport_recovery,test,66,episodes/transport_recovery__0008.npz
transport_recovery__0008:67,transport_recovery__0008,5693f89cc383bd64,transport_recovery,test,67,episodes/transport_recovery__0008.npz
transport_recovery__0008:68,transport_recovery__0008,5693f89cc383bd64,transport_recovery,test,68,episodes/transport_recovery__0008.npz
transport_recovery__0008:69,transport_recovery__0008,5693f89cc383bd64,transport_recovery,test,69,episodes/transport_recovery__0008.npz
transport_recovery__0008:70,transport_recovery__0008,5693f89cc383bd64,transport_recovery,test,70,episodes/transport_recovery__0008.npz
transport_recovery__0008:71,transport_recovery__0008,5693f89cc383bd64,transport_recovery,test,71,episodes/transport_recovery__0008.npz
transport_recovery__0008:72,transport_recovery__0008,5693f89cc383bd64,transport_recovery,test,72,episodes/transport_recovery__0008.npz
transport_recovery__0008:73,transport_recovery__0008,5693f89cc383bd64,transport_recovery,test,73,episodes/transport_recovery__0008.npz
transport_recovery__0008:74,transport_recovery__0008,5693f89cc383bd64,transport_recovery,test,74,episodes/transport_recovery__0008.npz
transport_recovery__0008:75,transport_recovery__0008,5693f89cc383bd64,transport_recovery,test,75,episodes/transport_recovery__0008.npz
transport_recovery__0008:76,transport_recovery__0008,5693f89cc383bd64,transport_recovery,test,76,episodes/transport_recovery__0008.npz
transport_recovery__0008:77,transport_recovery__0008,5693f89cc383bd64,transport_recovery,test,77,episodes/transport_recovery__0008.npz
transport_recovery__0008:78,transport_recovery__0008,5693f89cc383bd64,transport_recovery,test,78,episodes/transport_recovery__0008.npz
transport_recovery__0008:79,transport_recovery__0008,5693f89cc383bd64,transport_recovery,test,79,episodes/transport_recovery__0008.npz
transport_recovery__0008:80,transport_recovery__0008,5693f89cc383bd64,transport_recovery,test,80,episodes/transport_recovery__0008.npz
transport_recovery__0008:81,transport_recovery__0008,5693f89cc383bd64,transport_recovery,test,81,episodes/transport_recovery__0008.npz
transport_recovery__0008:82,transport_recovery__0008,5693f89cc383bd64,transport_recovery,test,82,episodes/transport_recovery__0008.npz
transport_recovery__0008:83,transport_recovery__0008,5693f89cc383bd64,transport_recovery,test,83,episodes/transport_recovery__0008.npz
transport_recovery__0008:84,transport_recovery__0008,5693f89cc383bd64,transport_recovery,test,84,episodes/transport_recovery__0008.npz
transport_recovery__0008:85,transport_recovery__0008,5693f89cc383bd64,transport_recovery,test,85,episodes/transport_recovery__0008.npz
transport_recovery__0008:86,transport_recovery__0008,5693f89cc383bd64,transport_recovery,test,86,episodes/transport_recovery__0008.npz
transport_recovery__0008:87,transport_recovery__0008,5693f89cc383bd64,transport_recovery,test,87,episodes/transport_recovery__0008.npz
transport_recovery__0008:88,transport_recovery__0008,5693f89cc383bd64,transport_recovery,test,88,episodes/transport_recovery__0008.npz
transport_recovery__0008:89,transport_recovery__0008,5693f89cc383bd64,transport_recovery,test,89,episodes/transport_recovery__0008.npz
transport_recovery__0008:90,transport_recovery__0008,5693f89cc383bd64,transport_recovery,test,90,episodes/transport_recovery__0008.npz
transport_recovery__0008:91,transport_recovery__0008,5693f89cc383bd64,transport_recovery,test,91,episodes/transport_recovery__0008.npz
transport_recovery__0008:92,transport_recovery__0008,5693f89cc383bd64,transport_recovery,test,92,episodes/transport_recovery__0008.npz
transport_recovery__0008:93,transport_recovery__0008,5693f89cc383bd64,transport_recovery,test,93,episodes/transport_recovery__0008.npz
transport_recovery__0008:94,transport_recovery__0008,5693f89cc383bd64,transport_recovery,test,94,episodes/transport_recovery__0008.npz
transport_recovery__0008:95,transport_recovery__0008,5693f89cc383bd64,transport_recovery,test,95,episodes/transport_recovery__0008.npz
transport_recovery__0008:96,transport_recovery__0008,5693f89cc383bd64,transport_recovery,test,96,episodes/transport_recovery__0008.npz
transport_recovery__0008:97,transport_recovery__0008,5693f89cc383bd64,transport_recovery,test,97,episodes/transport_recovery__0008.npz
transport_recovery__0008:98,transport_recovery__0008,5693f89cc383bd64,transport_recovery,test,98,episodes/transport_recovery__0008.npz
transport_recovery__0008:99,transport_recovery__0008,5693f89cc383bd64,transport_recovery,test,99,episodes/transport_recovery__0008.npz
transport_recovery__0008:100,transport_recovery__0008,5693f89cc383bd64,transport_recovery,test,100,episodes/transport_recovery__0008.npz
transport_recovery__0008:101,transport_recovery__0008,5693f89cc383bd64,transport_recovery,test,101,episodes/transport_recovery__0008.npz
transport_recovery__0008:102,transport_recovery__0008,5693f89cc383bd64,transport_recovery,test,102,episodes/transport_recovery__0008.npz
transport_recovery__0008:103,transport_recovery__0008,5693f89cc383bd64,transport_recovery,test,103,episodes/transport_recovery__0008.npz
transport_recovery__0008:104,transport_recovery__0008,5693f89cc383bd64,transport_recovery,test,104,episodes/transport_recovery__0008.npz
transport_recovery__0008:105,transport_recovery__0008,5693f89cc383bd64,transport_recovery,test,105,episodes/transport_recovery__0008.npz
transport_recovery__0008:106,transport_recovery__0008,5693f89cc383bd64,transport_recovery,test,106,episodes/transport_recovery__0008.npz
transport_recovery__0008:107,transport_recovery__0008,5693f89cc383bd64,transport_recovery,test,107,episodes/transport_recovery__0008.npz
transport_recovery__0008:108,transport_recovery__0008,5693f89cc383bd64,transport_recovery,test,108,episodes/transport_recovery__0008.npz
transport_recovery__0008:109,transport_recovery__0008,5693f89cc383bd64,transport_recovery,test,109,episodes/transport_recovery__0008.npz
transport_recovery__0008:110,transport_recovery__0008,5693f89cc383bd64,transport_recovery,test,110,episodes/transport_recovery__0008.npz
transport_recovery__0008:111,transport_recovery__0008,5693f89cc383bd64,transport_recovery,test,111,episodes/transport_recovery__0008.npz
transport_recovery__0008:112,transport_recovery__0008,5693f89cc383bd64,transport_recovery,test,112,episodes/transport_recovery__0008.npz
transport_recovery__0008:113,transport_recovery__0008,5693f89cc383bd64,transport_recovery,test,113,episodes/transport_recovery__0008.npz
transport_recovery__0008:114,transport_recovery__0008,5693f89cc383bd64,transport_recovery,test,114,episodes/transport_recovery__0008.npz
transport_recovery__0008:115,transport_recovery__0008,5693f89cc383bd64,transport_recovery,test,115,episodes/transport_recovery__0008.npz
transport_recovery__0008:116,transport_recovery__0008,5693f89cc383bd64,transport_recovery,test,116,episodes/transport_recovery__0008.npz
transport_recovery__0008:117,transport_recovery__0008,5693f89cc383bd64,transport_recovery,test,117,episodes/transport_recovery__0008.npz
transport_recovery__0008:118,transport_recovery__0008,5693f89cc383bd64,transport_recovery,test,118,episodes/transport_recovery__0008.npz
transport_recovery__0008:119,transport_recovery__0008,5693f89cc383bd64,transport_recovery,test,119,episodes/transport_recovery__0008.npz
transport_recovery__0009:0,transport_recovery__0009,1adab7de79a087b3,transport_recovery,test,0,episodes/transport_recovery__0009.npz
transport_recovery__0009:1,transport_recovery__0009,1adab7de79a087b3,transport_recovery,test,1,episodes/transport_recovery__0009.npz
transport_recovery__0009:2,transport_recovery__0009,1adab7de79a087b3,transport_recovery,test,2,episodes/transport_recovery__0009.npz
transport_recovery__0009:3,transport_recovery__0009,1adab7de79a087b3,transport_recovery,test,3,episodes/transport_recovery__0009.npz
transport_recovery__0009:4,transport_recovery__0009,1adab7de79a087b3,transport_recovery,test,4,episodes/transport_recovery__0009.npz
transport_recovery__0009:5,transport_recovery__0009,1adab7de79a087b3,transport_recovery,test,5,episodes/transport_recovery__0009.npz
transport_recovery__0009:6,transport_recovery__0009,1adab7de79a087b3,transport_recovery,test,6,episodes/transport_recovery__0009.npz
transport_recovery__0009:7,transport_recovery__0009,1adab7de79a087b3,transport_recovery,test,7,episodes/transport_recovery__0009.npz
transport_recovery__0009:8,transport_recovery__0009,1adab7de79a087b3,transport_recovery,test,8,episodes/transport_recovery__0009.npz
transport_recovery__0009:9,transport_recovery__0009,1adab7de79a087b3,transport_recovery,test,9,episodes/transport_recovery__0009.npz
transport_recovery__0009:10,transport_recovery__0009,1adab7de79a087b3,transport_recovery,test,10,episodes/transport_recovery__0009.npz
transport_recovery__0009:11,transport_recovery__0009,1adab7de79a087b3,transport_recovery,test,11,episodes/transport_recovery__0009.npz
transport_recovery__0009:12,transport_recovery__0009,1adab7de79a087b3,transport_recovery,test,12,episodes/transport_recovery__0009.npz
transport_recovery__0009:13,transport_recovery__0009,1adab7de79a087b3,transport_recovery,test,13,episodes/transport_recovery__0009.npz
transport_recovery__0009:14,transport_recovery__0009,1adab7de79a087b3,transport_recovery,test,14,episodes/transport_recovery__0009.npz
transport_recovery__0009:15,transport_recovery__0009,1adab7de79a087b3,transport_recovery,test,15,episodes/transport_recovery__0009.npz
transport_recovery__0009:16,transport_recovery__0009,1adab7de79a087b3,transport_recovery,test,16,episodes/transport_recovery__0009.npz
transport_recovery__0009:17,transport_recovery__0009,1adab7de79a087b3,transport_recovery,test,17,episodes/transport_recovery__0009.npz
transport_recovery__0009:18,transport_recovery__0009,1adab7de79a087b3,transport_recovery,test,18,episodes/transport_recovery__0009.npz
transport_recovery__0009:19,transport_recovery__0009,1adab7de79a087b3,transport_recovery,test,19,episodes/transport_recovery__0009.npz
transport_recovery__0009:20,transport_recovery__0009,1adab7de79a087b3,transport_recovery,test,20,episodes/transport_recovery__0009.npz
transport_recovery__0009:21,transport_recovery__0009,1adab7de79a087b3,transport_recovery,test,21,episodes/transport_recovery__0009.npz
transport_recovery__0009:22,transport_recovery__0009,1adab7de79a087b3,transport_recovery,test,22,episodes/transport_recovery__0009.npz
transport_recovery__0009:23,transport_recovery__0009,1adab7de79a087b3,transport_recovery,test,23,episodes/transport_recovery__0009.npz
transport_recovery__0009:24,transport_recovery__0009,1adab7de79a087b3,transport_recovery,test,24,episodes/transport_recovery__0009.npz
transport_recovery__0009:25,transport_recovery__0009,1adab7de79a087b3,transport_recovery,test,25,episodes/transport_recovery__0009.npz
transport_recovery__0009:26,transport_recovery__0009,1adab7de79a087b3,transport_recovery,test,26,episodes/transport_recovery__0009.npz
transport_recovery__0009:27,transport_recovery__0009,1adab7de79a087b3,transport_recovery,test,27,episodes/transport_recovery__0009.npz
transport_recovery__0009:28,transport_recovery__0009,1adab7de79a087b3,transport_recovery,test,28,episodes/transport_recovery__0009.npz
transport_recovery__0009:29,transport_recovery__0009,1adab7de79a087b3,transport_recovery,test,29,episodes/transport_recovery__0009.npz
transport_recovery__0009:30,transport_recovery__0009,1adab7de79a087b3,transport_recovery,test,30,episodes/transport_recovery__0009.npz
transport_recovery__0009:31,transport_recovery__0009,1adab7de79a087b3,transport_recovery,test,31,episodes/transport_recovery__0009.npz
transport_recovery__0009:32,transport_recovery__0009,1adab7de79a087b3,transport_recovery,test,32,episodes/transport_recovery__0009.npz
transport_recovery__0009:33,transport_recovery__0009,1adab7de79a087b3,transport_recovery,test,33,episodes/transport_recovery__0009.npz
transport_recovery__0009:34,transport_recovery__0009,1adab7de79a087b3,transport_recovery,test,34,episodes/transport_recovery__0009.npz
transport_recovery__0009:35,transport_recovery__0009,1adab7de79a087b3,transport_recovery,test,35,episodes/transport_recovery__0009.npz
transport_recovery__0009:36,transport_recovery__0009,1adab7de79a087b3,transport_recovery,test,36,episodes/transport_recovery__0009.npz
transport_recovery__0009:37,transport_recovery__0009,1adab7de79a087b3,transport_recovery,test,37,episodes/transport_recovery__0009.npz
transport_recovery__0009:38,transport_recovery__0009,1adab7de79a087b3,transport_recovery,test,38,episodes/transport_recovery__0009.npz
transport_recovery__0009:39,transport_recovery__0009,1adab7de79a087b3,transport_recovery,test,39,episodes/transport_recovery__0009.npz
transport_recovery__0009:40,transport_recovery__0009,1adab7de79a087b3,transport_recovery,test,40,episodes/transport_recovery__0009.npz
transport_recovery__0009:41,transport_recovery__0009,1adab7de79a087b3,transport_recovery,test,41,episodes/transport_recovery__0009.npz
transport_recovery__0009:42,transport_recovery__0009,1adab7de79a087b3,transport_recovery,test,42,episodes/transport_recovery__0009.npz
transport_recovery__0009:43,transport_recovery__0009,1adab7de79a087b3,transport_recovery,test,43,episodes/transport_recovery__0009.npz
transport_recovery__0009:44,transport_recovery__0009,1adab7de79a087b3,transport_recovery,test,44,episodes/transport_recovery__0009.npz
transport_recovery__0009:45,transport_recovery__0009,1adab7de79a087b3,transport_recovery,test,45,episodes/transport_recovery__0009.npz
transport_recovery__0009:46,transport_recovery__0009,1adab7de79a087b3,transport_recovery,test,46,episodes/transport_recovery__0009.npz
transport_recovery__0009:47,transport_recovery__0009,1adab7de79a087b3,transport_recovery,test,47,episodes/transport_recovery__0009.npz
transport_recovery__0009:48,transport_recovery__0009,1adab7de79a087b3,transport_recovery,test,48,episodes/transport_recovery__0009.npz
transport_recovery__0009:49,transport_recovery__0009,1adab7de79a087b3,transport_recovery,test,49,episodes/transport_recovery__0009.npz
transport_recovery__0009:50,transport_recovery__0009,1adab7de79a087b3,transport_recovery,test,50,episodes/transport_recovery__0009.npz
transport_recovery__0009:51,transport_recovery__0009,1adab7de79a087b3,transport_recovery,test,51,episodes/transport_recovery__0009.npz
transport_recovery__0009:52,transport_recovery__0009,1adab7de79a087b3,transport_recovery,test,52,episodes/transport_recovery__0009.npz
transport_recovery__0009:53,transport_recovery__0009,1adab7de79a087b3,transport_recovery,test,53,episodes/transport_recovery__0009.npz
transport_recovery__0009:54,transport_recovery__0009,1adab7de79a087b3,transport_recovery,test,54,episodes/transport_recovery__0009.npz
transport_recovery__0009:55,transport_recovery__0009,1adab7de79a087b3,transport_recovery,test,55,episodes/transport_recovery__0009.npz
transport_recovery__0009:56,transport_recovery__0009,1adab7de79a087b3,transport_recovery,test,56,episodes/transport_recovery__0009.npz
transport_recovery__0009:57,transport_recovery__0009,1adab7de79a087b3,transport_recovery,test,57,episodes/transport_recovery__0009.npz
transport_recovery__0009:58,transport_recovery__0009,1adab7de79a087b3,transport_recovery,test,58,episodes/transport_recovery__0009.npz
transport_recovery__0009:59,transport_recovery__0009,1adab7de79a087b3,transport_recovery,test,59,episodes/transport_recovery__0009.npz
transport_recovery__0009:60,transport_recovery__0009,1adab7de79a087b3,transport_recovery,test,60,episodes/transport_recovery__0009.npz
transport_recovery__0009:61,transport_recovery__0009,1adab7de79a087b3,transport_recovery,test,61,episodes/transport_recovery__0009.npz
transport_recovery__0009:62,transport_recovery__0009,1adab7de79a087b3,transport_recovery,test,62,episodes/transport_recovery__0009.npz
transport_recovery__0009:63,transport_recovery__0009,1adab7de79a087b3,transport_recovery,test,63,episodes/transport_recovery__0009.npz
transport_recovery__0009:64,transport_recovery__0009,1adab7de79a087b3,transport_recovery,test,64,episodes/transport_recovery__0009.npz
transport_recovery__0009:65,transport_recovery__0009,1adab7de79a087b3,transport_recovery,test,65,episodes/transport_recovery__0009.npz
transport_recovery__0009:66,transport_recovery__0009,1adab7de79a087b3,transport_recovery,test,66,episodes/transport_recovery__0009.npz
transport_recovery__0009:67,transport_recovery__0009,1adab7de79a087b3,transport_recovery,test,67,episodes/transport_recovery__0009.npz
transport_recovery__0009:68,transport_recovery__0009,1adab7de79a087b3,transport_recovery,test,68,episodes/transport_recovery__0009.npz
transport_recovery__0009:69,transport_recovery__0009,1adab7de79a087b3,transport_recovery,test,69,episodes/transport_recovery__0009.npz
transport_recovery__0009:70,transport_recovery__0009,1adab7de79a087b3,transport_recovery,test,70,episodes/transport_recovery__0009.npz
transport_recovery__0009:71,transport_recovery__0009,1adab7de79a087b3,transport_recovery,test,71,episodes/transport_recovery__0009.npz
transport_recovery__0009:72,transport_recovery__0009,1adab7de79a087b3,transport_recovery,test,72,episodes/transport_recovery__0009.npz
transport_recovery__0009:73,transport_recovery__0009,1adab7de79a087b3,transport_recovery,test,73,episodes/transport_recovery__0009.npz
transport_recovery__0009:74,transport_recovery__0009,1adab7de79a087b3,transport_recovery,test,74,episodes/transport_recovery__0009.npz
transport_recovery__0009:75,transport_recovery__0009,1adab7de79a087b3,transport_recovery,test,75,episodes/transport_recovery__0009.npz
transport_recovery__0009:76,transport_recovery__0009,1adab7de79a087b3,transport_recovery,test,76,episodes/transport_recovery__0009.npz
transport_recovery__0009:77,transport_recovery__0009,1adab7de79a087b3,transport_recovery,test,77,episodes/transport_recovery__0009.npz
transport_recovery__0009:78,transport_recovery__0009,1adab7de79a087b3,transport_recovery,test,78,episodes/transport_recovery__0009.npz
transport_recovery__0009:79,transport_recovery__0009,1adab7de79a087b3,transport_recovery,test,79,episodes/transport_recovery__0009.npz
transport_recovery__0009:80,transport_recovery__0009,1adab7de79a087b3,transport_recovery,test,80,episodes/transport_recovery__0009.npz
transport_recovery__0009:81,transport_recovery__0009,1adab7de79a087b3,transport_recovery,test,81,episodes/transport_recovery__0009.npz
transport_recovery__0009:82,transport_recovery__0009,1adab7de79a087b3,transport_recovery,test,82,episodes/transport_recovery__0009.npz
transport_recovery__0009:83,transport_recovery__0009,1adab7de79a087b3,transport_recovery,test,83,episodes/transport_recovery__0009.npz
transport_recovery__0009:84,transport_recovery__0009,1adab7de79a087b3,transport_recovery,test,84,episodes/transport_recovery__0009.npz
transport_recovery__0009:85,transport_recovery__0009,1adab7de79a087b3,transport_recovery,test,85,episodes/transport_recovery__0009.npz
transport_recovery__0009:86,transport_recovery__0009,1adab7de79a087b3,transport_recovery,test,86,episodes/transport_recovery__0009.npz
transport_recovery__0009:87,transport_recovery__0009,1adab7de79a087b3,transport_recovery,test,87,episodes/transport_recovery__0009.npz
transport_recovery__0009:88,transport_recovery__0009,1adab7de79a087b3,transport_recovery,test,88,episodes/transport_recovery__0009.npz
transport_recovery__0009:89,transport_recovery__0009,1adab7de79a087b3,transport_recovery,test,89,episodes/transport_recovery__0009.npz
transport_recovery__0009:90,transport_recovery__0009,1adab7de79a087b3,transport_recovery,test,90,episodes/transport_recovery__0009.npz
transport_recovery__0009:91,transport_recovery__0009,1adab7de79a087b3,transport_recovery,test,91,episodes/transport_recovery__0009.npz
transport_recovery__0009:92,transport_recovery__0009,1adab7de79a087b3,transport_recovery,test,92,episodes/transport_recovery__0009.npz
transport_recovery__0009:93,transport_recovery__0009,1adab7de79a087b3,transport_recovery,test,93,episodes/transport_recovery__0009.npz
transport_recovery__0009:94,transport_recovery__0009,1adab7de79a087b3,transport_recovery,test,94,episodes/transport_recovery__0009.npz
transport_recovery__0009:95,transport_recovery__0009,1adab7de79a087b3,transport_recovery,test,95,episodes/transport_recovery__0009.npz
transport_recovery__0009:96,transport_recovery__0009,1adab7de79a087b3,transport_recovery,test,96,episodes/transport_recovery__0009.npz
transport_recovery__0009:97,transport_recovery__0009,1adab7de79a087b3,transport_recovery,test,97,episodes/transport_recovery__0009.npz
transport_recovery__0009:98,transport_recovery__0009,1adab7de79a087b3,transport_recovery,test,98,episodes/transport_recovery__0009.npz
transport_recovery__0009:99,transport_recovery__0009,1adab7de79a087b3,transport_recovery,test,99,episodes/transport_recovery__0009.npz
transport_recovery__0009:100,transport_recovery__0009,1adab7de79a087b3,transport_recovery,test,100,episodes/transport_recovery__0009.npz
transport_recovery__0009:101,transport_recovery__0009,1adab7de79a087b3,transport_recovery,test,101,episodes/transport_recovery__0009.npz
transport_recovery__0009:102,transport_recovery__0009,1adab7de79a087b3,transport_recovery,test,102,episodes/transport_recovery__0009.npz
transport_recovery__0009:103,transport_recovery__0009,1adab7de79a087b3,transport_recovery,test,103,episodes/transport_recovery__0009.npz
transport_recovery__0009:104,transport_recovery__0009,1adab7de79a087b3,transport_recovery,test,104,episodes/transport_recovery__0009.npz
transport_recovery__0009:105,transport_recovery__0009,1adab7de79a087b3,transport_recovery,test,105,episodes/transport_recovery__0009.npz
transport_recovery__0009:106,transport_recovery__0009,1adab7de79a087b3,transport_recovery,test,106,episodes/transport_recovery__0009.npz
transport_recovery__0009:107,transport_recovery__0009,1adab7de79a087b3,transport_recovery,test,107,episodes/transport_recovery__0009.npz
transport_recovery__0009:108,transport_recovery__0009,1adab7de79a087b3,transport_recovery,test,108,episodes/transport_recovery__0009.npz
transport_recovery__0009:109,transport_recovery__0009,1adab7de79a087b3,transport_recovery,test,109,episodes/transport_recovery__0009.npz
transport_recovery__0009:110,transport_recovery__0009,1adab7de79a087b3,transport_recovery,test,110,episodes/transport_recovery__0009.npz
transport_recovery__0009:111,transport_recovery__0009,1adab7de79a087b3,transport_recovery,test,111,episodes/transport_recovery__0009.npz
transport_recovery__0009:112,transport_recovery__0009,1adab7de79a087b3,transport_recovery,test,112,episodes/transport_recovery__0009.npz
transport_recovery__0009:113,transport_recovery__0009,1adab7de79a087b3,transport_recovery,test,113,episodes/transport_recovery__0009.npz
transport_recovery__0009:114,transport_recovery__0009,1adab7de79a087b3,transport_recovery,test,114,episodes/transport_recovery__0009.npz
transport_recovery__0009:115,transport_recovery__0009,1adab7de79a087b3,transport_recovery,test,115,episodes/transport_recovery__0009.npz
transport_recovery__0009:116,transport_recovery__0009,1adab7de79a087b3,transport_recovery,test,116,episodes/transport_recovery__0009.npz
transport_recovery__0009:117,transport_recovery__0009,1adab7de79a087b3,transport_recovery,test,117,episodes/transport_recovery__0009.npz
transport_recovery__0009:118,transport_recovery__0009,1adab7de79a087b3,transport_recovery,test,118,episodes/transport_recovery__0009.npz
transport_recovery__0009:119,transport_recovery__0009,1adab7de79a087b3,transport_recovery,test,119,episodes/transport_recovery__0009.npz
transport_recovery__0015:0,transport_recovery__0015,1a896b3ca64ea745,transport_recovery,test,0,episodes/transport_recovery__0015.npz
transport_recovery__0015:1,transport_recovery__0015,1a896b3ca64ea745,transport_recovery,test,1,episodes/transport_recovery__0015.npz
transport_recovery__0015:2,transport_recovery__0015,1a896b3ca64ea745,transport_recovery,test,2,episodes/transport_recovery__0015.npz
transport_recovery__0015:3,transport_recovery__0015,1a896b3ca64ea745,transport_recovery,test,3,episodes/transport_recovery__0015.npz
transport_recovery__0015:4,transport_recovery__0015,1a896b3ca64ea745,transport_recovery,test,4,episodes/transport_recovery__0015.npz
transport_recovery__0015:5,transport_recovery__0015,1a896b3ca64ea745,transport_recovery,test,5,episodes/transport_recovery__0015.npz
transport_recovery__0015:6,transport_recovery__0015,1a896b3ca64ea745,transport_recovery,test,6,episodes/transport_recovery__0015.npz
transport_recovery__0015:7,transport_recovery__0015,1a896b3ca64ea745,transport_recovery,test,7,episodes/transport_recovery__0015.npz
transport_recovery__0015:8,transport_recovery__0015,1a896b3ca64ea745,transport_recovery,test,8,episodes/transport_recovery__0015.npz
transport_recovery__0015:9,transport_recovery__0015,1a896b3ca64ea745,transport_recovery,test,9,episodes/transport_recovery__0015.npz
transport_recovery__0015:10,transport_recovery__0015,1a896b3ca64ea745,transport_recovery,test,10,episodes/transport_recovery__0015.npz
transport_recovery__0015:11,transport_recovery__0015,1a896b3ca64ea745,transport_recovery,test,11,episodes/transport_recovery__0015.npz
transport_recovery__0015:12,transport_recovery__0015,1a896b3ca64ea745,transport_recovery,test,12,episodes/transport_recovery__0015.npz
transport_recovery__0015:13,transport_recovery__0015,1a896b3ca64ea745,transport_recovery,test,13,episodes/transport_recovery__0015.npz
transport_recovery__0015:14,transport_recovery__0015,1a896b3ca64ea745,transport_recovery,test,14,episodes/transport_recovery__0015.npz
transport_recovery__0015:15,transport_recovery__0015,1a896b3ca64ea745,transport_recovery,test,15,episodes/transport_recovery__0015.npz
transport_recovery__0015:16,transport_recovery__0015,1a896b3ca64ea745,transport_recovery,test,16,episodes/transport_recovery__0015.npz
transport_recovery__0015:17,transport_recovery__0015,1a896b3ca64ea745,transport_recovery,test,17,episodes/transport_recovery__0015.npz
transport_recovery__0015:18,transport_recovery__0015,1a896b3ca64ea745,transport_recovery,test,18,episodes/transport_recovery__0015.npz
transport_recovery__0015:19,transport_recovery__0015,1a896b3ca64ea745,transport_recovery,test,19,episodes/transport_recovery__0015.npz
transport_recovery__0015:20,transport_recovery__0015,1a896b3ca64ea745,transport_recovery,test,20,episodes/transport_recovery__0015.npz
transport_recovery__0015:21,transport_recovery__0015,1a896b3ca64ea745,transport_recovery,test,21,episodes/transport_recovery__0015.npz
transport_recovery__0015:22,transport_recovery__0015,1a896b3ca64ea745,transport_recovery,test,22,episodes/transport_recovery__0015.npz
transport_recovery__0015:23,transport_recovery__0015,1a896b3ca64ea745,transport_recovery,test,23,episodes/transport_recovery__0015.npz
transport_recovery__0015:24,transport_recovery__0015,1a896b3ca64ea745,transport_recovery,test,24,episodes/transport_recovery__0015.npz
transport_recovery__0015:25,transport_recovery__0015,1a896b3ca64ea745,transport_recovery,test,25,episodes/transport_recovery__0015.npz
transport_recovery__0015:26,transport_recovery__0015,1a896b3ca64ea745,transport_recovery,test,26,episodes/transport_recovery__0015.npz
transport_recovery__0015:27,transport_recovery__0015,1a896b3ca64ea745,transport_recovery,test,27,episodes/transport_recovery__0015.npz
transport_recovery__0015:28,transport_recovery__0015,1a896b3ca64ea745,transport_recovery,test,28,episodes/transport_recovery__0015.npz
transport_recovery__0015:29,transport_recovery__0015,1a896b3ca64ea745,transport_recovery,test,29,episodes/transport_recovery__0015.npz
transport_recovery__0015:30,transport_recovery__0015,1a896b3ca64ea745,transport_recovery,test,30,episodes/transport_recovery__0015.npz
transport_recovery__0015:31,transport_recovery__0015,1a896b3ca64ea745,transport_recovery,test,31,episodes/transport_recovery__0015.npz
transport_recovery__0015:32,transport_recovery__0015,1a896b3ca64ea745,transport_recovery,test,32,episodes/transport_recovery__0015.npz
transport_recovery__0015:33,transport_recovery__0015,1a896b3ca64ea745,transport_recovery,test,33,episodes/transport_recovery__0015.npz
transport_recovery__0015:34,transport_recovery__0015,1a896b3ca64ea745,transport_recovery,test,34,episodes/transport_recovery__0015.npz
transport_recovery__0015:35,transport_recovery__0015,1a896b3ca64ea745,transport_recovery,test,35,episodes/transport_recovery__0015.npz
transport_recovery__0015:36,transport_recovery__0015,1a896b3ca64ea745,transport_recovery,test,36,episodes/transport_recovery__0015.npz
transport_recovery__0015:37,transport_recovery__0015,1a896b3ca64ea745,transport_recovery,test,37,episodes/transport_recovery__0015.npz
transport_recovery__0015:38,transport_recovery__0015,1a896b3ca64ea745,transport_recovery,test,38,episodes/transport_recovery__0015.npz
transport_recovery__0015:39,transport_recovery__0015,1a896b3ca64ea745,transport_recovery,test,39,episodes/transport_recovery__0015.npz
transport_recovery__0015:40,transport_recovery__0015,1a896b3ca64ea745,transport_recovery,test,40,episodes/transport_recovery__0015.npz
transport_recovery__0015:41,transport_recovery__0015,1a896b3ca64ea745,transport_recovery,test,41,episodes/transport_recovery__0015.npz
transport_recovery__0015:42,transport_recovery__0015,1a896b3ca64ea745,transport_recovery,test,42,episodes/transport_recovery__0015.npz
transport_recovery__0015:43,transport_recovery__0015,1a896b3ca64ea745,transport_recovery,test,43,episodes/transport_recovery__0015.npz
transport_recovery__0015:44,transport_recovery__0015,1a896b3ca64ea745,transport_recovery,test,44,episodes/transport_recovery__0015.npz
transport_recovery__0015:45,transport_recovery__0015,1a896b3ca64ea745,transport_recovery,test,45,episodes/transport_recovery__0015.npz
transport_recovery__0015:46,transport_recovery__0015,1a896b3ca64ea745,transport_recovery,test,46,episodes/transport_recovery__0015.npz
transport_recovery__0015:47,transport_recovery__0015,1a896b3ca64ea745,transport_recovery,test,47,episodes/transport_recovery__0015.npz
transport_recovery__0015:48,transport_recovery__0015,1a896b3ca64ea745,transport_recovery,test,48,episodes/transport_recovery__0015.npz
transport_recovery__0015:49,transport_recovery__0015,1a896b3ca64ea745,transport_recovery,test,49,episodes/transport_recovery__0015.npz
transport_recovery__0015:50,transport_recovery__0015,1a896b3ca64ea745,transport_recovery,test,50,episodes/transport_recovery__0015.npz
transport_recovery__0015:51,transport_recovery__0015,1a896b3ca64ea745,transport_recovery,test,51,episodes/transport_recovery__0015.npz
transport_recovery__0015:52,transport_recovery__0015,1a896b3ca64ea745,transport_recovery,test,52,episodes/transport_recovery__0015.npz
transport_recovery__0015:53,transport_recovery__0015,1a896b3ca64ea745,transport_recovery,test,53,episodes/transport_recovery__0015.npz
transport_recovery__0015:54,transport_recovery__0015,1a896b3ca64ea745,transport_recovery,test,54,episodes/transport_recovery__0015.npz
transport_recovery__0015:55,transport_recovery__0015,1a896b3ca64ea745,transport_recovery,test,55,episodes/transport_recovery__0015.npz
transport_recovery__0015:56,transport_recovery__0015,1a896b3ca64ea745,transport_recovery,test,56,episodes/transport_recovery__0015.npz
transport_recovery__0015:57,transport_recovery__0015,1a896b3ca64ea745,transport_recovery,test,57,episodes/transport_recovery__0015.npz
transport_recovery__0015:58,transport_recovery__0015,1a896b3ca64ea745,transport_recovery,test,58,episodes/transport_recovery__0015.npz
transport_recovery__0015:59,transport_recovery__0015,1a896b3ca64ea745,transport_recovery,test,59,episodes/transport_recovery__0015.npz
transport_recovery__0015:60,transport_recovery__0015,1a896b3ca64ea745,transport_recovery,test,60,episodes/transport_recovery__0015.npz
transport_recovery__0015:61,transport_recovery__0015,1a896b3ca64ea745,transport_recovery,test,61,episodes/transport_recovery__0015.npz
transport_recovery__0015:62,transport_recovery__0015,1a896b3ca64ea745,transport_recovery,test,62,episodes/transport_recovery__0015.npz
transport_recovery__0015:63,transport_recovery__0015,1a896b3ca64ea745,transport_recovery,test,63,episodes/transport_recovery__0015.npz
transport_recovery__0015:64,transport_recovery__0015,1a896b3ca64ea745,transport_recovery,test,64,episodes/transport_recovery__0015.npz
transport_recovery__0015:65,transport_recovery__0015,1a896b3ca64ea745,transport_recovery,test,65,episodes/transport_recovery__0015.npz
transport_recovery__0015:66,transport_recovery__0015,1a896b3ca64ea745,transport_recovery,test,66,episodes/transport_recovery__0015.npz
transport_recovery__0015:67,transport_recovery__0015,1a896b3ca64ea745,transport_recovery,test,67,episodes/transport_recovery__0015.npz
transport_recovery__0015:68,transport_recovery__0015,1a896b3ca64ea745,transport_recovery,test,68,episodes/transport_recovery__0015.npz
transport_recovery__0015:69,transport_recovery__0015,1a896b3ca64ea745,transport_recovery,test,69,episodes/transport_recovery__0015.npz
transport_recovery__0015:70,transport_recovery__0015,1a896b3ca64ea745,transport_recovery,test,70,episodes/transport_recovery__0015.npz
transport_recovery__0015:71,transport_recovery__0015,1a896b3ca64ea745,transport_recovery,test,71,episodes/transport_recovery__0015.npz
transport_recovery__0015:72,transport_recovery__0015,1a896b3ca64ea745,transport_recovery,test,72,episodes/transport_recovery__0015.npz
transport_recovery__0015:73,transport_recovery__0015,1a896b3ca64ea745,transport_recovery,test,73,episodes/transport_recovery__0015.npz
transport_recovery__0015:74,transport_recovery__0015,1a896b3ca64ea745,transport_recovery,test,74,episodes/transport_recovery__0015.npz
transport_recovery__0015:75,transport_recovery__0015,1a896b3ca64ea745,transport_recovery,test,75,episodes/transport_recovery__0015.npz
transport_recovery__0015:76,transport_recovery__0015,1a896b3ca64ea745,transport_recovery,test,76,episodes/transport_recovery__0015.npz
transport_recovery__0015:77,transport_recovery__0015,1a896b3ca64ea745,transport_recovery,test,77,episodes/transport_recovery__0015.npz
transport_recovery__0015:78,transport_recovery__0015,1a896b3ca64ea745,transport_recovery,test,78,episodes/transport_recovery__0015.npz
transport_recovery__0015:79,transport_recovery__0015,1a896b3ca64ea745,transport_recovery,test,79,episodes/transport_recovery__0015.npz
transport_recovery__0015:80,transport_recovery__0015,1a896b3ca64ea745,transport_recovery,test,80,episodes/transport_recovery__0015.npz
transport_recovery__0015:81,transport_recovery__0015,1a896b3ca64ea745,transport_recovery,test,81,episodes/transport_recovery__0015.npz
transport_recovery__0015:82,transport_recovery__0015,1a896b3ca64ea745,transport_recovery,test,82,episodes/transport_recovery__0015.npz
transport_recovery__0015:83,transport_recovery__0015,1a896b3ca64ea745,transport_recovery,test,83,episodes/transport_recovery__0015.npz
transport_recovery__0015:84,transport_recovery__0015,1a896b3ca64ea745,transport_recovery,test,84,episodes/transport_recovery__0015.npz
transport_recovery__0015:85,transport_recovery__0015,1a896b3ca64ea745,transport_recovery,test,85,episodes/transport_recovery__0015.npz
transport_recovery__0015:86,transport_recovery__0015,1a896b3ca64ea745,transport_recovery,test,86,episodes/transport_recovery__0015.npz
transport_recovery__0015:87,transport_recovery__0015,1a896b3ca64ea745,transport_recovery,test,87,episodes/transport_recovery__0015.npz
transport_recovery__0015:88,transport_recovery__0015,1a896b3ca64ea745,transport_recovery,test,88,episodes/transport_recovery__0015.npz
transport_recovery__0015:89,transport_recovery__0015,1a896b3ca64ea745,transport_recovery,test,89,episodes/transport_recovery__0015.npz
transport_recovery__0015:90,transport_recovery__0015,1a896b3ca64ea745,transport_recovery,test,90,episodes/transport_recovery__0015.npz
transport_recovery__0015:91,transport_recovery__0015,1a896b3ca64ea745,transport_recovery,test,91,episodes/transport_recovery__0015.npz
transport_recovery__0015:92,transport_recovery__0015,1a896b3ca64ea745,transport_recovery,test,92,episodes/transport_recovery__0015.npz
transport_recovery__0015:93,transport_recovery__0015,1a896b3ca64ea745,transport_recovery,test,93,episodes/transport_recovery__0015.npz
transport_recovery__0015:94,transport_recovery__0015,1a896b3ca64ea745,transport_recovery,test,94,episodes/transport_recovery__0015.npz
transport_recovery__0015:95,transport_recovery__0015,1a896b3ca64ea745,transport_recovery,test,95,episodes/transport_recovery__0015.npz
transport_recovery__0015:96,transport_recovery__0015,1a896b3ca64ea745,transport_recovery,test,96,episodes/transport_recovery__0015.npz
transport_recovery__0015:97,transport_recovery__0015,1a896b3ca64ea745,transport_recovery,test,97,episodes/transport_recovery__0015.npz
transport_recovery__0015:98,transport_recovery__0015,1a896b3ca64ea745,transport_recovery,test,98,episodes/transport_recovery__0015.npz
transport_recovery__0015:99,transport_recovery__0015,1a896b3ca64ea745,transport_recovery,test,99,episodes/transport_recovery__0015.npz
transport_recovery__0015:100,transport_recovery__0015,1a896b3ca64ea745,transport_recovery,test,100,episodes/transport_recovery__0015.npz
transport_recovery__0015:101,transport_recovery__0015,1a896b3ca64ea745,transport_recovery,test,101,episodes/transport_recovery__0015.npz
transport_recovery__0015:102,transport_recovery__0015,1a896b3ca64ea745,transport_recovery,test,102,episodes/transport_recovery__0015.npz
transport_recovery__0015:103,transport_recovery__0015,1a896b3ca64ea745,transport_recovery,test,103,episodes/transport_recovery__0015.npz
transport_recovery__0015:104,transport_recovery__0015,1a896b3ca64ea745,transport_recovery,test,104,episodes/transport_recovery__0015.npz
transport_recovery__0015:105,transport_recovery__0015,1a896b3ca64ea745,transport_recovery,test,105,episodes/transport_recovery__0015.npz
transport_recovery__0015:106,transport_recovery__0015,1a896b3ca64ea745,transport_recovery,test,106,episodes/transport_recovery__0015.npz
transport_recovery__0015:107,transport_recovery__0015,1a896b3ca64ea745,transport_recovery,test,107,episodes/transport_recovery__0015.npz
transport_recovery__0015:108,transport_recovery__0015,1a896b3ca64ea745,transport_recovery,test,108,episodes/transport_recovery__0015.npz
transport_recovery__0015:109,transport_recovery__0015,1a896b3ca64ea745,transport_recovery,test,109,episodes/transport_recovery__0015.npz
transport_recovery__0015:110,transport_recovery__0015,1a896b3ca64ea745,transport_recovery,test,110,episodes/transport_recovery__0015.npz
transport_recovery__0015:111,transport_recovery__0015,1a896b3ca64ea745,transport_recovery,test,111,episodes/transport_recovery__0015.npz
transport_recovery__0015:112,transport_recovery__0015,1a896b3ca64ea745,transport_recovery,test,112,episodes/transport_recovery__0015.npz
transport_recovery__0015:113,transport_recovery__0015,1a896b3ca64ea745,transport_recovery,test,113,episodes/transport_recovery__0015.npz
transport_recovery__0015:114,transport_recovery__0015,1a896b3ca64ea745,transport_recovery,test,114,episodes/transport_recovery__0015.npz
transport_recovery__0015:115,transport_recovery__0015,1a896b3ca64ea745,transport_recovery,test,115,episodes/transport_recovery__0015.npz
transport_recovery__0015:116,transport_recovery__0015,1a896b3ca64ea745,transport_recovery,test,116,episodes/transport_recovery__0015.npz
transport_recovery__0015:117,transport_recovery__0015,1a896b3ca64ea745,transport_recovery,test,117,episodes/transport_recovery__0015.npz
transport_recovery__0015:118,transport_recovery__0015,1a896b3ca64ea745,transport_recovery,test,118,episodes/transport_recovery__0015.npz
transport_recovery__0015:119,transport_recovery__0015,1a896b3ca64ea745,transport_recovery,test,119,episodes/transport_recovery__0015.npz
transport_recovery__0016:0,transport_recovery__0016,36bf104029b650b0,transport_recovery,test,0,episodes/transport_recovery__0016.npz
transport_recovery__0016:1,transport_recovery__0016,36bf104029b650b0,transport_recovery,test,1,episodes/transport_recovery__0016.npz
transport_recovery__0016:2,transport_recovery__0016,36bf104029b650b0,transport_recovery,test,2,episodes/transport_recovery__0016.npz
transport_recovery__0016:3,transport_recovery__0016,36bf104029b650b0,transport_recovery,test,3,episodes/transport_recovery__0016.npz
transport_recovery__0016:4,transport_recovery__0016,36bf104029b650b0,transport_recovery,test,4,episodes/transport_recovery__0016.npz
transport_recovery__0016:5,transport_recovery__0016,36bf104029b650b0,transport_recovery,test,5,episodes/transport_recovery__0016.npz
transport_recovery__0016:6,transport_recovery__0016,36bf104029b650b0,transport_recovery,test,6,episodes/transport_recovery__0016.npz
transport_recovery__0016:7,transport_recovery__0016,36bf104029b650b0,transport_recovery,test,7,episodes/transport_recovery__0016.npz
transport_recovery__0016:8,transport_recovery__0016,36bf104029b650b0,transport_recovery,test,8,episodes/transport_recovery__0016.npz
transport_recovery__0016:9,transport_recovery__0016,36bf104029b650b0,transport_recovery,test,9,episodes/transport_recovery__0016.npz
transport_recovery__0016:10,transport_recovery__0016,36bf104029b650b0,transport_recovery,test,10,episodes/transport_recovery__0016.npz
transport_recovery__0016:11,transport_recovery__0016,36bf104029b650b0,transport_recovery,test,11,episodes/transport_recovery__0016.npz
transport_recovery__0016:12,transport_recovery__0016,36bf104029b650b0,transport_recovery,test,12,episodes/transport_recovery__0016.npz
transport_recovery__0016:13,transport_recovery__0016,36bf104029b650b0,transport_recovery,test,13,episodes/transport_recovery__0016.npz
transport_recovery__0016:14,transport_recovery__0016,36bf104029b650b0,transport_recovery,test,14,episodes/transport_recovery__0016.npz
transport_recovery__0016:15,transport_recovery__0016,36bf104029b650b0,transport_recovery,test,15,episodes/transport_recovery__0016.npz
transport_recovery__0016:16,transport_recovery__0016,36bf104029b650b0,transport_recovery,test,16,episodes/transport_recovery__0016.npz
transport_recovery__0016:17,transport_recovery__0016,36bf104029b650b0,transport_recovery,test,17,episodes/transport_recovery__0016.npz
transport_recovery__0016:18,transport_recovery__0016,36bf104029b650b0,transport_recovery,test,18,episodes/transport_recovery__0016.npz
transport_recovery__0016:19,transport_recovery__0016,36bf104029b650b0,transport_recovery,test,19,episodes/transport_recovery__0016.npz
transport_recovery__0016:20,transport_recovery__0016,36bf104029b650b0,transport_recovery,test,20,episodes/transport_recovery__0016.npz
transport_recovery__0016:21,transport_recovery__0016,36bf104029b650b0,transport_recovery,test,21,episodes/transport_recovery__0016.npz
transport_recovery__0016:22,transport_recovery__0016,36bf104029b650b0,transport_recovery,test,22,episodes/transport_recovery__0016.npz
transport_recovery__0016:23,transport_recovery__0016,36bf104029b650b0,transport_recovery,test,23,episodes/transport_recovery__0016.npz
transport_recovery__0016:24,transport_recovery__0016,36bf104029b650b0,transport_recovery,test,24,episodes/transport_recovery__0016.npz
transport_recovery__0016:25,transport_recovery__0016,36bf104029b650b0,transport_recovery,test,25,episodes/transport_recovery__0016.npz
transport_recovery__0016:26,transport_recovery__0016,36bf104029b650b0,transport_recovery,test,26,episodes/transport_recovery__0016.npz
transport_recovery__0016:27,transport_recovery__0016,36bf104029b650b0,transport_recovery,test,27,episodes/transport_recovery__0016.npz
transport_recovery__0016:28,transport_recovery__0016,36bf104029b650b0,transport_recovery,test,28,episodes/transport_recovery__0016.npz
transport_recovery__0016:29,transport_recovery__0016,36bf104029b650b0,transport_recovery,test,29,episodes/transport_recovery__0016.npz
transport_recovery__0016:30,transport_recovery__0016,36bf104029b650b0,transport_recovery,test,30,episodes/transport_recovery__0016.npz
transport_recovery__0016:31,transport_recovery__0016,36bf104029b650b0,transport_recovery,test,31,episodes/transport_recovery__0016.npz
transport_recovery__0016:32,transport_recovery__0016,36bf104029b650b0,transport_recovery,test,32,episodes/transport_recovery__0016.npz
transport_recovery__0016:33,transport_recovery__0016,36bf104029b650b0,transport_recovery,test,33,episodes/transport_recovery__0016.npz
transport_recovery__0016:34,transport_recovery__0016,36bf104029b650b0,transport_recovery,test,34,episodes/transport_recovery__0016.npz
transport_recovery__0016:35,transport_recovery__0016,36bf104029b650b0,transport_recovery,test,35,episodes/transport_recovery__0016.npz
transport_recovery__0016:36,transport_recovery__0016,36bf104029b650b0,transport_recovery,test,36,episodes/transport_recovery__0016.npz
transport_recovery__0016:37,transport_recovery__0016,36bf104029b650b0,transport_recovery,test,37,episodes/transport_recovery__0016.npz
transport_recovery__0016:38,transport_recovery__0016,36bf104029b650b0,transport_recovery,test,38,episodes/transport_recovery__0016.npz
transport_recovery__0016:39,transport_recovery__0016,36bf104029b650b0,transport_recovery,test,39,episodes/transport_recovery__0016.npz
transport_recovery__0016:40,transport_recovery__0016,36bf104029b650b0,transport_recovery,test,40,episodes/transport_recovery__0016.npz
transport_recovery__0016:41,transport_recovery__0016,36bf104029b650b0,transport_recovery,test,41,episodes/transport_recovery__0016.npz
transport_recovery__0016:42,transport_recovery__0016,36bf104029b650b0,transport_recovery,test,42,episodes/transport_recovery__0016.npz
transport_recovery__0016:43,transport_recovery__0016,36bf104029b650b0,transport_recovery,test,43,episodes/transport_recovery__0016.npz
transport_recovery__0016:44,transport_recovery__0016,36bf104029b650b0,transport_recovery,test,44,episodes/transport_recovery__0016.npz
transport_recovery__0016:45,transport_recovery__0016,36bf104029b650b0,transport_recovery,test,45,episodes/transport_recovery__0016.npz
transport_recovery__0016:46,transport_recovery__0016,36bf104029b650b0,transport_recovery,test,46,episodes/transport_recovery__0016.npz
transport_recovery__0016:47,transport_recovery__0016,36bf104029b650b0,transport_recovery,test,47,episodes/transport_recovery__0016.npz
transport_recovery__0016:48,transport_recovery__0016,36bf104029b650b0,transport_recovery,test,48,episodes/transport_recovery__0016.npz
transport_recovery__0016:49,transport_recovery__0016,36bf104029b650b0,transport_recovery,test,49,episodes/transport_recovery__0016.npz
transport_recovery__0016:50,transport_recovery__0016,36bf104029b650b0,transport_recovery,test,50,episodes/transport_recovery__0016.npz
transport_recovery__0016:51,transport_recovery__0016,36bf104029b650b0,transport_recovery,test,51,episodes/transport_recovery__0016.npz
transport_recovery__0016:52,transport_recovery__0016,36bf104029b650b0,transport_recovery,test,52,episodes/transport_recovery__0016.npz
transport_recovery__0016:53,transport_recovery__0016,36bf104029b650b0,transport_recovery,test,53,episodes/transport_recovery__0016.npz
transport_recovery__0016:54,transport_recovery__0016,36bf104029b650b0,transport_recovery,test,54,episodes/transport_recovery__0016.npz
transport_recovery__0016:55,transport_recovery__0016,36bf104029b650b0,transport_recovery,test,55,episodes/transport_recovery__0016.npz
transport_recovery__0016:56,transport_recovery__0016,36bf104029b650b0,transport_recovery,test,56,episodes/transport_recovery__0016.npz
transport_recovery__0016:57,transport_recovery__0016,36bf104029b650b0,transport_recovery,test,57,episodes/transport_recovery__0016.npz
transport_recovery__0016:58,transport_recovery__0016,36bf104029b650b0,transport_recovery,test,58,episodes/transport_recovery__0016.npz
transport_recovery__0016:59,transport_recovery__0016,36bf104029b650b0,transport_recovery,test,59,episodes/transport_recovery__0016.npz
transport_recovery__0016:60,transport_recovery__0016,36bf104029b650b0,transport_recovery,test,60,episodes/transport_recovery__0016.npz
transport_recovery__0016:61,transport_recovery__0016,36bf104029b650b0,transport_recovery,test,61,episodes/transport_recovery__0016.npz
transport_recovery__0016:62,transport_recovery__0016,36bf104029b650b0,transport_recovery,test,62,episodes/transport_recovery__0016.npz
transport_recovery__0016:63,transport_recovery__0016,36bf104029b650b0,transport_recovery,test,63,episodes/transport_recovery__0016.npz
transport_recovery__0016:64,transport_recovery__0016,36bf104029b650b0,transport_recovery,test,64,episodes/transport_recovery__0016.npz
transport_recovery__0016:65,transport_recovery__0016,36bf104029b650b0,transport_recovery,test,65,episodes/transport_recovery__0016.npz
transport_recovery__0016:66,transport_recovery__0016,36bf104029b650b0,transport_recovery,test,66,episodes/transport_recovery__0016.npz
transport_recovery__0016:67,transport_recovery__0016,36bf104029b650b0,transport_recovery,test,67,episodes/transport_recovery__0016.npz
transport_recovery__0016:68,transport_recovery__0016,36bf104029b650b0,transport_recovery,test,68,episodes/transport_recovery__0016.npz
transport_recovery__0016:69,transport_recovery__0016,36bf104029b650b0,transport_recovery,test,69,episodes/transport_recovery__0016.npz
transport_recovery__0016:70,transport_recovery__0016,36bf104029b650b0,transport_recovery,test,70,episodes/transport_recovery__0016.npz
transport_recovery__0016:71,transport_recovery__0016,36bf104029b650b0,transport_recovery,test,71,episodes/transport_recovery__0016.npz
transport_recovery__0016:72,transport_recovery__0016,36bf104029b650b0,transport_recovery,test,72,episodes/transport_recovery__0016.npz
transport_recovery__0016:73,transport_recovery__0016,36bf104029b650b0,transport_recovery,test,73,episodes/transport_recovery__0016.npz
transport_recovery__0016:74,transport_recovery__0016,36bf104029b650b0,transport_recovery,test,74,episodes/transport_recovery__0016.npz
transport_recovery__0016:75,transport_recovery__0016,36bf104029b650b0,transport_recovery,test,75,episodes/transport_recovery__0016.npz
transport_recovery__0016:76,transport_recovery__0016,36bf104029b650b0,transport_recovery,test,76,episodes/transport_recovery__0016.npz
transport_recovery__0016:77,transport_recovery__0016,36bf104029b650b0,transport_recovery,test,77,episodes/transport_recovery__0016.npz
transport_recovery__0016:78,transport_recovery__0016,36bf104029b650b0,transport_recovery,test,78,episodes/transport_recovery__0016.npz
transport_recovery__0016:79,transport_recovery__0016,36bf104029b650b0,transport_recovery,test,79,episodes/transport_recovery__0016.npz
transport_recovery__0016:80,transport_recovery__0016,36bf104029b650b0,transport_recovery,test,80,episodes/transport_recovery__0016.npz
transport_recovery__0016:81,transport_recovery__0016,36bf104029b650b0,transport_recovery,test,81,episodes/transport_recovery__0016.npz
transport_recovery__0016:82,transport_recovery__0016,36bf104029b650b0,transport_recovery,test,82,episodes/transport_recovery__0016.npz
transport_recovery__0016:83,transport_recovery__0016,36bf104029b650b0,transport_recovery,test,83,episodes/transport_recovery__0016.npz
transport_recovery__0016:84,transport_recovery__0016,36bf104029b650b0,transport_recovery,test,84,episodes/transport_recovery__0016.npz
transport_recovery__0016:85,transport_recovery__0016,36bf104029b650b0,transport_recovery,test,85,episodes/transport_recovery__0016.npz
transport_recovery__0016:86,transport_recovery__0016,36bf104029b650b0,transport_recovery,test,86,episodes/transport_recovery__0016.npz
transport_recovery__0016:87,transport_recovery__0016,36bf104029b650b0,transport_recovery,test,87,episodes/transport_recovery__0016.npz
transport_recovery__0016:88,transport_recovery__0016,36bf104029b650b0,transport_recovery,test,88,episodes/transport_recovery__0016.npz
transport_recovery__0016:89,transport_recovery__0016,36bf104029b650b0,transport_recovery,test,89,episodes/transport_recovery__0016.npz
transport_recovery__0016:90,transport_recovery__0016,36bf104029b650b0,transport_recovery,test,90,episodes/transport_recovery__0016.npz
transport_recovery__0016:91,transport_recovery__0016,36bf104029b650b0,transport_recovery,test,91,episodes/transport_recovery__0016.npz
transport_recovery__0016:92,transport_recovery__0016,36bf104029b650b0,transport_recovery,test,92,episodes/transport_recovery__0016.npz
transport_recovery__0016:93,transport_recovery__0016,36bf104029b650b0,transport_recovery,test,93,episodes/transport_recovery__0016.npz
transport_recovery__0016:94,transport_recovery__0016,36bf104029b650b0,transport_recovery,test,94,episodes/transport_recovery__0016.npz
transport_recovery__0016:95,transport_recovery__0016,36bf104029b650b0,transport_recovery,test,95,episodes/transport_recovery__0016.npz
transport_recovery__0016:96,transport_recovery__0016,36bf104029b650b0,transport_recovery,test,96,episodes/transport_recovery__0016.npz
transport_recovery__0016:97,transport_recovery__0016,36bf104029b650b0,transport_recovery,test,97,episodes/transport_recovery__0016.npz
transport_recovery__0016:98,transport_recovery__0016,36bf104029b650b0,transport_recovery,test,98,episodes/transport_recovery__0016.npz
transport_recovery__0016:99,transport_recovery__0016,36bf104029b650b0,transport_recovery,test,99,episodes/transport_recovery__0016.npz
transport_recovery__0016:100,transport_recovery__0016,36bf104029b650b0,transport_recovery,test,100,episodes/transport_recovery__0016.npz
transport_recovery__0016:101,transport_recovery__0016,36bf104029b650b0,transport_recovery,test,101,episodes/transport_recovery__0016.npz
transport_recovery__0016:102,transport_recovery__0016,36bf104029b650b0,transport_recovery,test,102,episodes/transport_recovery__0016.npz
transport_recovery__0016:103,transport_recovery__0016,36bf104029b650b0,transport_recovery,test,103,episodes/transport_recovery__0016.npz
transport_recovery__0016:104,transport_recovery__0016,36bf104029b650b0,transport_recovery,test,104,episodes/transport_recovery__0016.npz
transport_recovery__0016:105,transport_recovery__0016,36bf104029b650b0,transport_recovery,test,105,episodes/transport_recovery__0016.npz
transport_recovery__0016:106,transport_recovery__0016,36bf104029b650b0,transport_recovery,test,106,episodes/transport_recovery__0016.npz
transport_recovery__0016:107,transport_recovery__0016,36bf104029b650b0,transport_recovery,test,107,episodes/transport_recovery__0016.npz
transport_recovery__0016:108,transport_recovery__0016,36bf104029b650b0,transport_recovery,test,108,episodes/transport_recovery__0016.npz
transport_recovery__0016:109,transport_recovery__0016,36bf104029b650b0,transport_recovery,test,109,episodes/transport_recovery__0016.npz
transport_recovery__0016:110,transport_recovery__0016,36bf104029b650b0,transport_recovery,test,110,episodes/transport_recovery__0016.npz
transport_recovery__0016:111,transport_recovery__0016,36bf104029b650b0,transport_recovery,test,111,episodes/transport_recovery__0016.npz
transport_recovery__0016:112,transport_recovery__0016,36bf104029b650b0,transport_recovery,test,112,episodes/transport_recovery__0016.npz
transport_recovery__0016:113,transport_recovery__0016,36bf104029b650b0,transport_recovery,test,113,episodes/transport_recovery__0016.npz
transport_recovery__0016:114,transport_recovery__0016,36bf104029b650b0,transport_recovery,test,114,episodes/transport_recovery__0016.npz
transport_recovery__0016:115,transport_recovery__0016,36bf104029b650b0,transport_recovery,test,115,episodes/transport_recovery__0016.npz
transport_recovery__0016:116,transport_recovery__0016,36bf104029b650b0,transport_recovery,test,116,episodes/transport_recovery__0016.npz
transport_recovery__0016:117,transport_recovery__0016,36bf104029b650b0,transport_recovery,test,117,episodes/transport_recovery__0016.npz
transport_recovery__0016:118,transport_recovery__0016,36bf104029b650b0,transport_recovery,test,118,episodes/transport_recovery__0016.npz
transport_recovery__0016:119,transport_recovery__0016,36bf104029b650b0,transport_recovery,test,119,episodes/transport_recovery__0016.npz
transport_recovery__0020:0,transport_recovery__0020,f8ebbd43afe289b7,transport_recovery,val,0,episodes/transport_recovery__0020.npz
transport_recovery__0020:1,transport_recovery__0020,f8ebbd43afe289b7,transport_recovery,val,1,episodes/transport_recovery__0020.npz
transport_recovery__0020:2,transport_recovery__0020,f8ebbd43afe289b7,transport_recovery,val,2,episodes/transport_recovery__0020.npz
transport_recovery__0020:3,transport_recovery__0020,f8ebbd43afe289b7,transport_recovery,val,3,episodes/transport_recovery__0020.npz
transport_recovery__0020:4,transport_recovery__0020,f8ebbd43afe289b7,transport_recovery,val,4,episodes/transport_recovery__0020.npz
transport_recovery__0020:5,transport_recovery__0020,f8ebbd43afe289b7,transport_recovery,val,5,episodes/transport_recovery__0020.npz
transport_recovery__0020:6,transport_recovery__0020,f8ebbd43afe289b7,transport_recovery,val,6,episodes/transport_recovery__0020.npz
transport_recovery__0020:7,transport_recovery__0020,f8ebbd43afe289b7,transport_recovery,val,7,episodes/transport_recovery__0020.npz
transport_recovery__0020:8,transport_recovery__0020,f8ebbd43afe289b7,transport_recovery,val,8,episodes/transport_recovery__0020.npz
transport_recovery__0020:9,transport_recovery__0020,f8ebbd43afe289b7,transport_recovery,val,9,episodes/transport_recovery__0020.npz
transport_recovery__0020:10,transport_recovery__0020,f8ebbd43afe289b7,transport_recovery,val,10,episodes/transport_recovery__0020.npz
transport_recovery__0020:11,transport_recovery__0020,f8ebbd43afe289b7,transport_recovery,val,11,episodes/transport_recovery__0020.npz
transport_recovery__0020:12,transport_recovery__0020,f8ebbd43afe289b7,transport_recovery,val,12,episodes/transport_recovery__0020.npz
transport_recovery__0020:13,transport_recovery__0020,f8ebbd43afe289b7,transport_recovery,val,13,episodes/transport_recovery__0020.npz
transport_recovery__0020:14,transport_recovery__0020,f8ebbd43afe289b7,transport_recovery,val,14,episodes/transport_recovery__0020.npz
transport_recovery__0020:15,transport_recovery__0020,f8ebbd43afe289b7,transport_recovery,val,15,episodes/transport_recovery__0020.npz
transport_recovery__0020:16,transport_recovery__0020,f8ebbd43afe289b7,transport_recovery,val,16,episodes/transport_recovery__0020.npz
transport_recovery__0020:17,transport_recovery__0020,f8ebbd43afe289b7,transport_recovery,val,17,episodes/transport_recovery__0020.npz
transport_recovery__0020:18,transport_recovery__0020,f8ebbd43afe289b7,transport_recovery,val,18,episodes/transport_recovery__0020.npz
transport_recovery__0020:19,transport_recovery__0020,f8ebbd43afe289b7,transport_recovery,val,19,episodes/transport_recovery__0020.npz
transport_recovery__0020:20,transport_recovery__0020,f8ebbd43afe289b7,transport_recovery,val,20,episodes/transport_recovery__0020.npz
transport_recovery__0020:21,transport_recovery__0020,f8ebbd43afe289b7,transport_recovery,val,21,episodes/transport_recovery__0020.npz
transport_recovery__0020:22,transport_recovery__0020,f8ebbd43afe289b7,transport_recovery,val,22,episodes/transport_recovery__0020.npz
transport_recovery__0020:23,transport_recovery__0020,f8ebbd43afe289b7,transport_recovery,val,23,episodes/transport_recovery__0020.npz
transport_recovery__0020:24,transport_recovery__0020,f8ebbd43afe289b7,transport_recovery,val,24,episodes/transport_recovery__0020.npz
transport_recovery__0020:25,transport_recovery__0020,f8ebbd43afe289b7,transport_recovery,val,25,episodes/transport_recovery__0020.npz
transport_recovery__0020:26,transport_recovery__0020,f8ebbd43afe289b7,transport_recovery,val,26,episodes/transport_recovery__0020.npz
transport_recovery__0020:27,transport_recovery__0020,f8ebbd43afe289b7,transport_recovery,val,27,episodes/transport_recovery__0020.npz
transport_recovery__0020:28,transport_recovery__0020,f8ebbd43afe289b7,transport_recovery,val,28,episodes/transport_recovery__0020.npz
transport_recovery__0020:29,transport_recovery__0020,f8ebbd43afe289b7,transport_recovery,val,29,episodes/transport_recovery__0020.npz
transport_recovery__0020:30,transport_recovery__0020,f8ebbd43afe289b7,transport_recovery,val,30,episodes/transport_recovery__0020.npz
transport_recovery__0020:31,transport_recovery__0020,f8ebbd43afe289b7,transport_recovery,val,31,episodes/transport_recovery__0020.npz
transport_recovery__0020:32,transport_recovery__0020,f8ebbd43afe289b7,transport_recovery,val,32,episodes/transport_recovery__0020.npz
transport_recovery__0020:33,transport_recovery__0020,f8ebbd43afe289b7,transport_recovery,val,33,episodes/transport_recovery__0020.npz
transport_recovery__0020:34,transport_recovery__0020,f8ebbd43afe289b7,transport_recovery,val,34,episodes/transport_recovery__0020.npz
transport_recovery__0020:35,transport_recovery__0020,f8ebbd43afe289b7,transport_recovery,val,35,episodes/transport_recovery__0020.npz
transport_recovery__0020:36,transport_recovery__0020,f8ebbd43afe289b7,transport_recovery,val,36,episodes/transport_recovery__0020.npz
transport_recovery__0020:37,transport_recovery__0020,f8ebbd43afe289b7,transport_recovery,val,37,episodes/transport_recovery__0020.npz
transport_recovery__0020:38,transport_recovery__0020,f8ebbd43afe289b7,transport_recovery,val,38,episodes/transport_recovery__0020.npz
transport_recovery__0020:39,transport_recovery__0020,f8ebbd43afe289b7,transport_recovery,val,39,episodes/transport_recovery__0020.npz
transport_recovery__0020:40,transport_recovery__0020,f8ebbd43afe289b7,transport_recovery,val,40,episodes/transport_recovery__0020.npz
transport_recovery__0020:41,transport_recovery__0020,f8ebbd43afe289b7,transport_recovery,val,41,episodes/transport_recovery__0020.npz
transport_recovery__0020:42,transport_recovery__0020,f8ebbd43afe289b7,transport_recovery,val,42,episodes/transport_recovery__0020.npz
transport_recovery__0020:43,transport_recovery__0020,f8ebbd43afe289b7,transport_recovery,val,43,episodes/transport_recovery__0020.npz
transport_recovery__0020:44,transport_recovery__0020,f8ebbd43afe289b7,transport_recovery,val,44,episodes/transport_recovery__0020.npz
transport_recovery__0020:45,transport_recovery__0020,f8ebbd43afe289b7,transport_recovery,val,45,episodes/transport_recovery__0020.npz
transport_recovery__0020:46,transport_recovery__0020,f8ebbd43afe289b7,transport_recovery,val,46,episodes/transport_recovery__0020.npz
transport_recovery__0020:47,transport_recovery__0020,f8ebbd43afe289b7,transport_recovery,val,47,episodes/transport_recovery__0020.npz
transport_recovery__0020:48,transport_recovery__0020,f8ebbd43afe289b7,transport_recovery,val,48,episodes/transport_recovery__0020.npz
transport_recovery__0020:49,transport_recovery__0020,f8ebbd43afe289b7,transport_recovery,val,49,episodes/transport_recovery__0020.npz
transport_recovery__0020:50,transport_recovery__0020,f8ebbd43afe289b7,transport_recovery,val,50,episodes/transport_recovery__0020.npz
transport_recovery__0020:51,transport_recovery__0020,f8ebbd43afe289b7,transport_recovery,val,51,episodes/transport_recovery__0020.npz
transport_recovery__0020:52,transport_recovery__0020,f8ebbd43afe289b7,transport_recovery,val,52,episodes/transport_recovery__0020.npz
transport_recovery__0020:53,transport_recovery__0020,f8ebbd43afe289b7,transport_recovery,val,53,episodes/transport_recovery__0020.npz
transport_recovery__0020:54,transport_recovery__0020,f8ebbd43afe289b7,transport_recovery,val,54,episodes/transport_recovery__0020.npz
transport_recovery__0020:55,transport_recovery__0020,f8ebbd43afe289b7,transport_recovery,val,55,episodes/transport_recovery__0020.npz
transport_recovery__0020:56,transport_recovery__0020,f8ebbd43afe289b7,transport_recovery,val,56,episodes/transport_recovery__0020.npz
transport_recovery__0020:57,transport_recovery__0020,f8ebbd43afe289b7,transport_recovery,val,57,episodes/transport_recovery__0020.npz
transport_recovery__0020:58,transport_recovery__0020,f8ebbd43afe289b7,transport_recovery,val,58,episodes/transport_recovery__0020.npz
transport_recovery__0020:59,transport_recovery__0020,f8ebbd43afe289b7,transport_recovery,val,59,episodes/transport_recovery__0020.npz
transport_recovery__0020:60,transport_recovery__0020,f8ebbd43afe289b7,transport_recovery,val,60,episodes/transport_recovery__0020.npz
transport_recovery__0020:61,transport_recovery__0020,f8ebbd43afe289b7,transport_recovery,val,61,episodes/transport_recovery__0020.npz
transport_recovery__0020:62,transport_recovery__0020,f8ebbd43afe289b7,transport_recovery,val,62,episodes/transport_recovery__0020.npz
transport_recovery__0020:63,transport_recovery__0020,f8ebbd43afe289b7,transport_recovery,val,63,episodes/transport_recovery__0020.npz
transport_recovery__0020:64,transport_recovery__0020,f8ebbd43afe289b7,transport_recovery,val,64,episodes/transport_recovery__0020.npz
transport_recovery__0020:65,transport_recovery__0020,f8ebbd43afe289b7,transport_recovery,val,65,episodes/transport_recovery__0020.npz
transport_recovery__0020:66,transport_recovery__0020,f8ebbd43afe289b7,transport_recovery,val,66,episodes/transport_recovery__0020.npz
transport_recovery__0020:67,transport_recovery__0020,f8ebbd43afe289b7,transport_recovery,val,67,episodes/transport_recovery__0020.npz
transport_recovery__0020:68,transport_recovery__0020,f8ebbd43afe289b7,transport_recovery,val,68,episodes/transport_recovery__0020.npz
transport_recovery__0020:69,transport_recovery__0020,f8ebbd43afe289b7,transport_recovery,val,69,episodes/transport_recovery__0020.npz
transport_recovery__0020:70,transport_recovery__0020,f8ebbd43afe289b7,transport_recovery,val,70,episodes/transport_recovery__0020.npz
transport_recovery__0020:71,transport_recovery__0020,f8ebbd43afe289b7,transport_recovery,val,71,episodes/transport_recovery__0020.npz
transport_recovery__0020:72,transport_recovery__0020,f8ebbd43afe289b7,transport_recovery,val,72,episodes/transport_recovery__0020.npz
transport_recovery__0020:73,transport_recovery__0020,f8ebbd43afe289b7,transport_recovery,val,73,episodes/transport_recovery__0020.npz
transport_recovery__0020:74,transport_recovery__0020,f8ebbd43afe289b7,transport_recovery,val,74,episodes/transport_recovery__0020.npz
transport_recovery__0020:75,transport_recovery__0020,f8ebbd43afe289b7,transport_recovery,val,75,episodes/transport_recovery__0020.npz
transport_recovery__0020:76,transport_recovery__0020,f8ebbd43afe289b7,transport_recovery,val,76,episodes/transport_recovery__0020.npz
transport_recovery__0020:77,transport_recovery__0020,f8ebbd43afe289b7,transport_recovery,val,77,episodes/transport_recovery__0020.npz
transport_recovery__0020:78,transport_recovery__0020,f8ebbd43afe289b7,transport_recovery,val,78,episodes/transport_recovery__0020.npz
transport_recovery__0020:79,transport_recovery__0020,f8ebbd43afe289b7,transport_recovery,val,79,episodes/transport_recovery__0020.npz
transport_recovery__0020:80,transport_recovery__0020,f8ebbd43afe289b7,transport_recovery,val,80,episodes/transport_recovery__0020.npz
transport_recovery__0020:81,transport_recovery__0020,f8ebbd43afe289b7,transport_recovery,val,81,episodes/transport_recovery__0020.npz
transport_recovery__0020:82,transport_recovery__0020,f8ebbd43afe289b7,transport_recovery,val,82,episodes/transport_recovery__0020.npz
transport_recovery__0020:83,transport_recovery__0020,f8ebbd43afe289b7,transport_recovery,val,83,episodes/transport_recovery__0020.npz
transport_recovery__0020:84,transport_recovery__0020,f8ebbd43afe289b7,transport_recovery,val,84,episodes/transport_recovery__0020.npz
transport_recovery__0020:85,transport_recovery__0020,f8ebbd43afe289b7,transport_recovery,val,85,episodes/transport_recovery__0020.npz
transport_recovery__0020:86,transport_recovery__0020,f8ebbd43afe289b7,transport_recovery,val,86,episodes/transport_recovery__0020.npz
transport_recovery__0020:87,transport_recovery__0020,f8ebbd43afe289b7,transport_recovery,val,87,episodes/transport_recovery__0020.npz
transport_recovery__0020:88,transport_recovery__0020,f8ebbd43afe289b7,transport_recovery,val,88,episodes/transport_recovery__0020.npz
transport_recovery__0020:89,transport_recovery__0020,f8ebbd43afe289b7,transport_recovery,val,89,episodes/transport_recovery__0020.npz
transport_recovery__0020:90,transport_recovery__0020,f8ebbd43afe289b7,transport_recovery,val,90,episodes/transport_recovery__0020.npz
transport_recovery__0020:91,transport_recovery__0020,f8ebbd43afe289b7,transport_recovery,val,91,episodes/transport_recovery__0020.npz
transport_recovery__0020:92,transport_recovery__0020,f8ebbd43afe289b7,transport_recovery,val,92,episodes/transport_recovery__0020.npz
transport_recovery__0020:93,transport_recovery__0020,f8ebbd43afe289b7,transport_recovery,val,93,episodes/transport_recovery__0020.npz
transport_recovery__0020:94,transport_recovery__0020,f8ebbd43afe289b7,transport_recovery,val,94,episodes/transport_recovery__0020.npz
transport_recovery__0020:95,transport_recovery__0020,f8ebbd43afe289b7,transport_recovery,val,95,episodes/transport_recovery__0020.npz
transport_recovery__0020:96,transport_recovery__0020,f8ebbd43afe289b7,transport_recovery,val,96,episodes/transport_recovery__0020.npz
transport_recovery__0020:97,transport_recovery__0020,f8ebbd43afe289b7,transport_recovery,val,97,episodes/transport_recovery__0020.npz
transport_recovery__0020:98,transport_recovery__0020,f8ebbd43afe289b7,transport_recovery,val,98,episodes/transport_recovery__0020.npz
transport_recovery__0020:99,transport_recovery__0020,f8ebbd43afe289b7,transport_recovery,val,99,episodes/transport_recovery__0020.npz
transport_recovery__0020:100,transport_recovery__0020,f8ebbd43afe289b7,transport_recovery,val,100,episodes/transport_recovery__0020.npz
transport_recovery__0020:101,transport_recovery__0020,f8ebbd43afe289b7,transport_recovery,val,101,episodes/transport_recovery__0020.npz
transport_recovery__0020:102,transport_recovery__0020,f8ebbd43afe289b7,transport_recovery,val,102,episodes/transport_recovery__0020.npz
transport_recovery__0020:103,transport_recovery__0020,f8ebbd43afe289b7,transport_recovery,val,103,episodes/transport_recovery__0020.npz
transport_recovery__0020:104,transport_recovery__0020,f8ebbd43afe289b7,transport_recovery,val,104,episodes/transport_recovery__0020.npz
transport_recovery__0020:105,transport_recovery__0020,f8ebbd43afe289b7,transport_recovery,val,105,episodes/transport_recovery__0020.npz
transport_recovery__0020:106,transport_recovery__0020,f8ebbd43afe289b7,transport_recovery,val,106,episodes/transport_recovery__0020.npz
transport_recovery__0020:107,transport_recovery__0020,f8ebbd43afe289b7,transport_recovery,val,107,episodes/transport_recovery__0020.npz
transport_recovery__0020:108,transport_recovery__0020,f8ebbd43afe289b7,transport_recovery,val,108,episodes/transport_recovery__0020.npz
transport_recovery__0020:109,transport_recovery__0020,f8ebbd43afe289b7,transport_recovery,val,109,episodes/transport_recovery__0020.npz
transport_recovery__0020:110,transport_recovery__0020,f8ebbd43afe289b7,transport_recovery,val,110,episodes/transport_recovery__0020.npz
transport_recovery__0020:111,transport_recovery__0020,f8ebbd43afe289b7,transport_recovery,val,111,episodes/transport_recovery__0020.npz
transport_recovery__0020:112,transport_recovery__0020,f8ebbd43afe289b7,transport_recovery,val,112,episodes/transport_recovery__0020.npz
transport_recovery__0020:113,transport_recovery__0020,f8ebbd43afe289b7,transport_recovery,val,113,episodes/transport_recovery__0020.npz
transport_recovery__0020:114,transport_recovery__0020,f8ebbd43afe289b7,transport_recovery,val,114,episodes/transport_recovery__0020.npz
transport_recovery__0020:115,transport_recovery__0020,f8ebbd43afe289b7,transport_recovery,val,115,episodes/transport_recovery__0020.npz
transport_recovery__0020:116,transport_recovery__0020,f8ebbd43afe289b7,transport_recovery,val,116,episodes/transport_recovery__0020.npz
transport_recovery__0020:117,transport_recovery__0020,f8ebbd43afe289b7,transport_recovery,val,117,episodes/transport_recovery__0020.npz
transport_recovery__0020:118,transport_recovery__0020,f8ebbd43afe289b7,transport_recovery,val,118,episodes/transport_recovery__0020.npz
transport_recovery__0020:119,transport_recovery__0020,f8ebbd43afe289b7,transport_recovery,val,119,episodes/transport_recovery__0020.npz
transport_recovery__0023:0,transport_recovery__0023,36e1a3f0f950e323,transport_recovery,val,0,episodes/transport_recovery__0023.npz
transport_recovery__0023:1,transport_recovery__0023,36e1a3f0f950e323,transport_recovery,val,1,episodes/transport_recovery__0023.npz
transport_recovery__0023:2,transport_recovery__0023,36e1a3f0f950e323,transport_recovery,val,2,episodes/transport_recovery__0023.npz
transport_recovery__0023:3,transport_recovery__0023,36e1a3f0f950e323,transport_recovery,val,3,episodes/transport_recovery__0023.npz
transport_recovery__0023:4,transport_recovery__0023,36e1a3f0f950e323,transport_recovery,val,4,episodes/transport_recovery__0023.npz
transport_recovery__0023:5,transport_recovery__0023,36e1a3f0f950e323,transport_recovery,val,5,episodes/transport_recovery__0023.npz
transport_recovery__0023:6,transport_recovery__0023,36e1a3f0f950e323,transport_recovery,val,6,episodes/transport_recovery__0023.npz
transport_recovery__0023:7,transport_recovery__0023,36e1a3f0f950e323,transport_recovery,val,7,episodes/transport_recovery__0023.npz
transport_recovery__0023:8,transport_recovery__0023,36e1a3f0f950e323,transport_recovery,val,8,episodes/transport_recovery__0023.npz
transport_recovery__0023:9,transport_recovery__0023,36e1a3f0f950e323,transport_recovery,val,9,episodes/transport_recovery__0023.npz
transport_recovery__0023:10,transport_recovery__0023,36e1a3f0f950e323,transport_recovery,val,10,episodes/transport_recovery__0023.npz
transport_recovery__0023:11,transport_recovery__0023,36e1a3f0f950e323,transport_recovery,val,11,episodes/transport_recovery__0023.npz
transport_recovery__0023:12,transport_recovery__0023,36e1a3f0f950e323,transport_recovery,val,12,episodes/transport_recovery__0023.npz
transport_recovery__0023:13,transport_recovery__0023,36e1a3f0f950e323,transport_recovery,val,13,episodes/transport_recovery__0023.npz
transport_recovery__0023:14,transport_recovery__0023,36e1a3f0f950e323,transport_recovery,val,14,episodes/transport_recovery__0023.npz
transport_recovery__0023:15,transport_recovery__0023,36e1a3f0f950e323,transport_recovery,val,15,episodes/transport_recovery__0023.npz
transport_recovery__0023:16,transport_recovery__0023,36e1a3f0f950e323,transport_recovery,val,16,episodes/transport_recovery__0023.npz
transport_recovery__0023:17,transport_recovery__0023,36e1a3f0f950e323,transport_recovery,val,17,episodes/transport_recovery__0023.npz
transport_recovery__0023:18,transport_recovery__0023,36e1a3f0f950e323,transport_recovery,val,18,episodes/transport_recovery__0023.npz
transport_recovery__0023:19,transport_recovery__0023,36e1a3f0f950e323,transport_recovery,val,19,episodes/transport_recovery__0023.npz
transport_recovery__0023:20,transport_recovery__0023,36e1a3f0f950e323,transport_recovery,val,20,episodes/transport_recovery__0023.npz
transport_recovery__0023:21,transport_recovery__0023,36e1a3f0f950e323,transport_recovery,val,21,episodes/transport_recovery__0023.npz
transport_recovery__0023:22,transport_recovery__0023,36e1a3f0f950e323,transport_recovery,val,22,episodes/transport_recovery__0023.npz
transport_recovery__0023:23,transport_recovery__0023,36e1a3f0f950e323,transport_recovery,val,23,episodes/transport_recovery__0023.npz
transport_recovery__0023:24,transport_recovery__0023,36e1a3f0f950e323,transport_recovery,val,24,episodes/transport_recovery__0023.npz
transport_recovery__0023:25,transport_recovery__0023,36e1a3f0f950e323,transport_recovery,val,25,episodes/transport_recovery__0023.npz
transport_recovery__0023:26,transport_recovery__0023,36e1a3f0f950e323,transport_recovery,val,26,episodes/transport_recovery__0023.npz
transport_recovery__0023:27,transport_recovery__0023,36e1a3f0f950e323,transport_recovery,val,27,episodes/transport_recovery__0023.npz
transport_recovery__0023:28,transport_recovery__0023,36e1a3f0f950e323,transport_recovery,val,28,episodes/transport_recovery__0023.npz
transport_recovery__0023:29,transport_recovery__0023,36e1a3f0f950e323,transport_recovery,val,29,episodes/transport_recovery__0023.npz
transport_recovery__0023:30,transport_recovery__0023,36e1a3f0f950e323,transport_recovery,val,30,episodes/transport_recovery__0023.npz
transport_recovery__0023:31,transport_recovery__0023,36e1a3f0f950e323,transport_recovery,val,31,episodes/transport_recovery__0023.npz
transport_recovery__0023:32,transport_recovery__0023,36e1a3f0f950e323,transport_recovery,val,32,episodes/transport_recovery__0023.npz
transport_recovery__0023:33,transport_recovery__0023,36e1a3f0f950e323,transport_recovery,val,33,episodes/transport_recovery__0023.npz
transport_recovery__0023:34,transport_recovery__0023,36e1a3f0f950e323,transport_recovery,val,34,episodes/transport_recovery__0023.npz
transport_recovery__0023:35,transport_recovery__0023,36e1a3f0f950e323,transport_recovery,val,35,episodes/transport_recovery__0023.npz
transport_recovery__0023:36,transport_recovery__0023,36e1a3f0f950e323,transport_recovery,val,36,episodes/transport_recovery__0023.npz
transport_recovery__0023:37,transport_recovery__0023,36e1a3f0f950e323,transport_recovery,val,37,episodes/transport_recovery__0023.npz
transport_recovery__0023:38,transport_recovery__0023,36e1a3f0f950e323,transport_recovery,val,38,episodes/transport_recovery__0023.npz
transport_recovery__0023:39,transport_recovery__0023,36e1a3f0f950e323,transport_recovery,val,39,episodes/transport_recovery__0023.npz
transport_recovery__0023:40,transport_recovery__0023,36e1a3f0f950e323,transport_recovery,val,40,episodes/transport_recovery__0023.npz
transport_recovery__0023:41,transport_recovery__0023,36e1a3f0f950e323,transport_recovery,val,41,episodes/transport_recovery__0023.npz
transport_recovery__0023:42,transport_recovery__0023,36e1a3f0f950e323,transport_recovery,val,42,episodes/transport_recovery__0023.npz
transport_recovery__0023:43,transport_recovery__0023,36e1a3f0f950e323,transport_recovery,val,43,episodes/transport_recovery__0023.npz
transport_recovery__0023:44,transport_recovery__0023,36e1a3f0f950e323,transport_recovery,val,44,episodes/transport_recovery__0023.npz
transport_recovery__0023:45,transport_recovery__0023,36e1a3f0f950e323,transport_recovery,val,45,episodes/transport_recovery__0023.npz
transport_recovery__0023:46,transport_recovery__0023,36e1a3f0f950e323,transport_recovery,val,46,episodes/transport_recovery__0023.npz
transport_recovery__0023:47,transport_recovery__0023,36e1a3f0f950e323,transport_recovery,val,47,episodes/transport_recovery__0023.npz
transport_recovery__0023:48,transport_recovery__0023,36e1a3f0f950e323,transport_recovery,val,48,episodes/transport_recovery__0023.npz
transport_recovery__0023:49,transport_recovery__0023,36e1a3f0f950e323,transport_recovery,val,49,episodes/transport_recovery__0023.npz
transport_recovery__0023:50,transport_recovery__0023,36e1a3f0f950e323,transport_recovery,val,50,episodes/transport_recovery__0023.npz
transport_recovery__0023:51,transport_recovery__0023,36e1a3f0f950e323,transport_recovery,val,51,episodes/transport_recovery__0023.npz
transport_recovery__0023:52,transport_recovery__0023,36e1a3f0f950e323,transport_recovery,val,52,episodes/transport_recovery__0023.npz
transport_recovery__0023:53,transport_recovery__0023,36e1a3f0f950e323,transport_recovery,val,53,episodes/transport_recovery__0023.npz
transport_recovery__0023:54,transport_recovery__0023,36e1a3f0f950e323,transport_recovery,val,54,episodes/transport_recovery__0023.npz
transport_recovery__0023:55,transport_recovery__0023,36e1a3f0f950e323,transport_recovery,val,55,episodes/transport_recovery__0023.npz
transport_recovery__0023:56,transport_recovery__0023,36e1a3f0f950e323,transport_recovery,val,56,episodes/transport_recovery__0023.npz
transport_recovery__0023:57,transport_recovery__0023,36e1a3f0f950e323,transport_recovery,val,57,episodes/transport_recovery__0023.npz
transport_recovery__0023:58,transport_recovery__0023,36e1a3f0f950e323,transport_recovery,val,58,episodes/transport_recovery__0023.npz
transport_recovery__0023:59,transport_recovery__0023,36e1a3f0f950e323,transport_recovery,val,59,episodes/transport_recovery__0023.npz
transport_recovery__0023:60,transport_recovery__0023,36e1a3f0f950e323,transport_recovery,val,60,episodes/transport_recovery__0023.npz
transport_recovery__0023:61,transport_recovery__0023,36e1a3f0f950e323,transport_recovery,val,61,episodes/transport_recovery__0023.npz
transport_recovery__0023:62,transport_recovery__0023,36e1a3f0f950e323,transport_recovery,val,62,episodes/transport_recovery__0023.npz
transport_recovery__0023:63,transport_recovery__0023,36e1a3f0f950e323,transport_recovery,val,63,episodes/transport_recovery__0023.npz
transport_recovery__0023:64,transport_recovery__0023,36e1a3f0f950e323,transport_recovery,val,64,episodes/transport_recovery__0023.npz
transport_recovery__0023:65,transport_recovery__0023,36e1a3f0f950e323,transport_recovery,val,65,episodes/transport_recovery__0023.npz
transport_recovery__0023:66,transport_recovery__0023,36e1a3f0f950e323,transport_recovery,val,66,episodes/transport_recovery__0023.npz
transport_recovery__0023:67,transport_recovery__0023,36e1a3f0f950e323,transport_recovery,val,67,episodes/transport_recovery__0023.npz
transport_recovery__0023:68,transport_recovery__0023,36e1a3f0f950e323,transport_recovery,val,68,episodes/transport_recovery__0023.npz
transport_recovery__0023:69,transport_recovery__0023,36e1a3f0f950e323,transport_recovery,val,69,episodes/transport_recovery__0023.npz
transport_recovery__0023:70,transport_recovery__0023,36e1a3f0f950e323,transport_recovery,val,70,episodes/transport_recovery__0023.npz
transport_recovery__0023:71,transport_recovery__0023,36e1a3f0f950e323,transport_recovery,val,71,episodes/transport_recovery__0023.npz
transport_recovery__0023:72,transport_recovery__0023,36e1a3f0f950e323,transport_recovery,val,72,episodes/transport_recovery__0023.npz
transport_recovery__0023:73,transport_recovery__0023,36e1a3f0f950e323,transport_recovery,val,73,episodes/transport_recovery__0023.npz
transport_recovery__0023:74,transport_recovery__0023,36e1a3f0f950e323,transport_recovery,val,74,episodes/transport_recovery__0023.npz
transport_recovery__0023:75,transport_recovery__0023,36e1a3f0f950e323,transport_recovery,val,75,episodes/transport_recovery__0023.npz
transport_recovery__0023:76,transport_recovery__0023,36e1a3f0f950e323,transport_recovery,val,76,episodes/transport_recovery__0023.npz
transport_recovery__0023:77,transport_recovery__0023,36e1a3f0f950e323,transport_recovery,val,77,episodes/transport_recovery__0023.npz
transport_recovery__0023:78,transport_recovery__0023,36e1a3f0f950e323,transport_recovery,val,78,episodes/transport_recovery__0023.npz
transport_recovery__0023:79,transport_recovery__0023,36e1a3f0f950e323,transport_recovery,val,79,episodes/transport_recovery__0023.npz
transport_recovery__0023:80,transport_recovery__0023,36e1a3f0f950e323,transport_recovery,val,80,episodes/transport_recovery__0023.npz
transport_recovery__0023:81,transport_recovery__0023,36e1a3f0f950e323,transport_recovery,val,81,episodes/transport_recovery__0023.npz
transport_recovery__0023:82,transport_recovery__0023,36e1a3f0f950e323,transport_recovery,val,82,episodes/transport_recovery__0023.npz
transport_recovery__0023:83,transport_recovery__0023,36e1a3f0f950e323,transport_recovery,val,83,episodes/transport_recovery__0023.npz
transport_recovery__0023:84,transport_recovery__0023,36e1a3f0f950e323,transport_recovery,val,84,episodes/transport_recovery__0023.npz
transport_recovery__0023:85,transport_recovery__0023,36e1a3f0f950e323,transport_recovery,val,85,episodes/transport_recovery__0023.npz
transport_recovery__0023:86,transport_recovery__0023,36e1a3f0f950e323,transport_recovery,val,86,episodes/transport_recovery__0023.npz
transport_recovery__0023:87,transport_recovery__0023,36e1a3f0f950e323,transport_recovery,val,87,episodes/transport_recovery__0023.npz
transport_recovery__0023:88,transport_recovery__0023,36e1a3f0f950e323,transport_recovery,val,88,episodes/transport_recovery__0023.npz
transport_recovery__0023:89,transport_recovery__0023,36e1a3f0f950e323,transport_recovery,val,89,episodes/transport_recovery__0023.npz
transport_recovery__0023:90,transport_recovery__0023,36e1a3f0f950e323,transport_recovery,val,90,episodes/transport_recovery__0023.npz
transport_recovery__0023:91,transport_recovery__0023,36e1a3f0f950e323,transport_recovery,val,91,episodes/transport_recovery__0023.npz
transport_recovery__0023:92,transport_recovery__0023,36e1a3f0f950e323,transport_recovery,val,92,episodes/transport_recovery__0023.npz
transport_recovery__0023:93,transport_recovery__0023,36e1a3f0f950e323,transport_recovery,val,93,episodes/transport_recovery__0023.npz
transport_recovery__0023:94,transport_recovery__0023,36e1a3f0f950e323,transport_recovery,val,94,episodes/transport_recovery__0023.npz
transport_recovery__0023:95,transport_recovery__0023,36e1a3f0f950e323,transport_recovery,val,95,episodes/transport_recovery__0023.npz
transport_recovery__0023:96,transport_recovery__0023,36e1a3f0f950e323,transport_recovery,val,96,episodes/transport_recovery__0023.npz
transport_recovery__0023:97,transport_recovery__0023,36e1a3f0f950e323,transport_recovery,val,97,episodes/transport_recovery__0023.npz
transport_recovery__0023:98,transport_recovery__0023,36e1a3f0f950e323,transport_recovery,val,98,episodes/transport_recovery__0023.npz
transport_recovery__0023:99,transport_recovery__0023,36e1a3f0f950e323,transport_recovery,val,99,episodes/transport_recovery__0023.npz
transport_recovery__0023:100,transport_recovery__0023,36e1a3f0f950e323,transport_recovery,val,100,episodes/transport_recovery__0023.npz
transport_recovery__0023:101,transport_recovery__0023,36e1a3f0f950e323,transport_recovery,val,101,episodes/transport_recovery__0023.npz
transport_recovery__0023:102,transport_recovery__0023,36e1a3f0f950e323,transport_recovery,val,102,episodes/transport_recovery__0023.npz
transport_recovery__0023:103,transport_recovery__0023,36e1a3f0f950e323,transport_recovery,val,103,episodes/transport_recovery__0023.npz
transport_recovery__0023:104,transport_recovery__0023,36e1a3f0f950e323,transport_recovery,val,104,episodes/transport_recovery__0023.npz
transport_recovery__0023:105,transport_recovery__0023,36e1a3f0f950e323,transport_recovery,val,105,episodes/transport_recovery__0023.npz
transport_recovery__0023:106,transport_recovery__0023,36e1a3f0f950e323,transport_recovery,val,106,episodes/transport_recovery__0023.npz
transport_recovery__0023:107,transport_recovery__0023,36e1a3f0f950e323,transport_recovery,val,107,episodes/transport_recovery__0023.npz
transport_recovery__0023:108,transport_recovery__0023,36e1a3f0f950e323,transport_recovery,val,108,episodes/transport_recovery__0023.npz
transport_recovery__0023:109,transport_recovery__0023,36e1a3f0f950e323,transport_recovery,val,109,episodes/transport_recovery__0023.npz
transport_recovery__0023:110,transport_recovery__0023,36e1a3f0f950e323,transport_recovery,val,110,episodes/transport_recovery__0023.npz
transport_recovery__0023:111,transport_recovery__0023,36e1a3f0f950e323,transport_recovery,val,111,episodes/transport_recovery__0023.npz
transport_recovery__0023:112,transport_recovery__0023,36e1a3f0f950e323,transport_recovery,val,112,episodes/transport_recovery__0023.npz
transport_recovery__0023:113,transport_recovery__0023,36e1a3f0f950e323,transport_recovery,val,113,episodes/transport_recovery__0023.npz
transport_recovery__0023:114,transport_recovery__0023,36e1a3f0f950e323,transport_recovery,val,114,episodes/transport_recovery__0023.npz
transport_recovery__0023:115,transport_recovery__0023,36e1a3f0f950e323,transport_recovery,val,115,episodes/transport_recovery__0023.npz
transport_recovery__0023:116,transport_recovery__0023,36e1a3f0f950e323,transport_recovery,val,116,episodes/transport_recovery__0023.npz
transport_recovery__0023:117,transport_recovery__0023,36e1a3f0f950e323,transport_recovery,val,117,episodes/transport_recovery__0023.npz
transport_recovery__0023:118,transport_recovery__0023,36e1a3f0f950e323,transport_recovery,val,118,episodes/transport_recovery__0023.npz
transport_recovery__0023:119,transport_recovery__0023,36e1a3f0f950e323,transport_recovery,val,119,episodes/transport_recovery__0023.npz
transport_recovery__0024:0,transport_recovery__0024,fefec4da5dd66a39,transport_recovery,val,0,episodes/transport_recovery__0024.npz
transport_recovery__0024:1,transport_recovery__0024,fefec4da5dd66a39,transport_recovery,val,1,episodes/transport_recovery__0024.npz
transport_recovery__0024:2,transport_recovery__0024,fefec4da5dd66a39,transport_recovery,val,2,episodes/transport_recovery__0024.npz
transport_recovery__0024:3,transport_recovery__0024,fefec4da5dd66a39,transport_recovery,val,3,episodes/transport_recovery__0024.npz
transport_recovery__0024:4,transport_recovery__0024,fefec4da5dd66a39,transport_recovery,val,4,episodes/transport_recovery__0024.npz
transport_recovery__0024:5,transport_recovery__0024,fefec4da5dd66a39,transport_recovery,val,5,episodes/transport_recovery__0024.npz
transport_recovery__0024:6,transport_recovery__0024,fefec4da5dd66a39,transport_recovery,val,6,episodes/transport_recovery__0024.npz
transport_recovery__0024:7,transport_recovery__0024,fefec4da5dd66a39,transport_recovery,val,7,episodes/transport_recovery__0024.npz
transport_recovery__0024:8,transport_recovery__0024,fefec4da5dd66a39,transport_recovery,val,8,episodes/transport_recovery__0024.npz
transport_recovery__0024:9,transport_recovery__0024,fefec4da5dd66a39,transport_recovery,val,9,episodes/transport_recovery__0024.npz
transport_recovery__0024:10,transport_recovery__0024,fefec4da5dd66a39,transport_recovery,val,10,episodes/transport_recovery__0024.npz
transport_recovery__0024:11,transport_recovery__0024,fefec4da5dd66a39,transport_recovery,val,11,episodes/transport_recovery__0024.npz
transport_recovery__0024:12,transport_recovery__0024,fefec4da5dd66a39,transport_recovery,val,12,episodes/transport_recovery__0024.npz
transport_recovery__0024:13,transport_recovery__0024,fefec4da5dd66a39,transport_recovery,val,13,episodes/transport_recovery__0024.npz
transport_recovery__0024:14,transport_recovery__0024,fefec4da5dd66a39,transport_recovery,val,14,episodes/transport_recovery__0024.npz
transport_recovery__0024:15,transport_recovery__0024,fefec4da5dd66a39,transport_recovery,val,15,episodes/transport_recovery__0024.npz
transport_recovery__0024:16,transport_recovery__0024,fefec4da5dd66a39,transport_recovery,val,16,episodes/transport_recovery__0024.npz
transport_recovery__0024:17,transport_recovery__0024,fefec4da5dd66a39,transport_recovery,val,17,episodes/transport_recovery__0024.npz
transport_recovery__0024:18,transport_recovery__0024,fefec4da5dd66a39,transport_recovery,val,18,episodes/transport_recovery__0024.npz
transport_recovery__0024:19,transport_recovery__0024,fefec4da5dd66a39,transport_recovery,val,19,episodes/transport_recovery__0024.npz
transport_recovery__0024:20,transport_recovery__0024,fefec4da5dd66a39,transport_recovery,val,20,episodes/transport_recovery__0024.npz
transport_recovery__0024:21,transport_recovery__0024,fefec4da5dd66a39,transport_recovery,val,21,episodes/transport_recovery__0024.npz
transport_recovery__0024:22,transport_recovery__0024,fefec4da5dd66a39,transport_recovery,val,22,episodes/transport_recovery__0024.npz
transport_recovery__0024:23,transport_recovery__0024,fefec4da5dd66a39,transport_recovery,val,23,episodes/transport_recovery__0024.npz
transport_recovery__0024:24,transport_recovery__0024,fefec4da5dd66a39,transport_recovery,val,24,episodes/transport_recovery__0024.npz
transport_recovery__0024:25,transport_recovery__0024,fefec4da5dd66a39,transport_recovery,val,25,episodes/transport_recovery__0024.npz
transport_recovery__0024:26,transport_recovery__0024,fefec4da5dd66a39,transport_recovery,val,26,episodes/transport_recovery__0024.npz
transport_recovery__0024:27,transport_recovery__0024,fefec4da5dd66a39,transport_recovery,val,27,episodes/transport_recovery__0024.npz
transport_recovery__0024:28,transport_recovery__0024,fefec4da5dd66a39,transport_recovery,val,28,episodes/transport_recovery__0024.npz
transport_recovery__0024:29,transport_recovery__0024,fefec4da5dd66a39,transport_recovery,val,29,episodes/transport_recovery__0024.npz
transport_recovery__0024:30,transport_recovery__0024,fefec4da5dd66a39,transport_recovery,val,30,episodes/transport_recovery__0024.npz
transport_recovery__0024:31,transport_recovery__0024,fefec4da5dd66a39,transport_recovery,val,31,episodes/transport_recovery__0024.npz
transport_recovery__0024:32,transport_recovery__0024,fefec4da5dd66a39,transport_recovery,val,32,episodes/transport_recovery__0024.npz
transport_recovery__0024:33,transport_recovery__0024,fefec4da5dd66a39,transport_recovery,val,33,episodes/transport_recovery__0024.npz
transport_recovery__0024:34,transport_recovery__0024,fefec4da5dd66a39,transport_recovery,val,34,episodes/transport_recovery__0024.npz
transport_recovery__0024:35,transport_recovery__0024,fefec4da5dd66a39,transport_recovery,val,35,episodes/transport_recovery__0024.npz
transport_recovery__0024:36,transport_recovery__0024,fefec4da5dd66a39,transport_recovery,val,36,episodes/transport_recovery__0024.npz
transport_recovery__0024:37,transport_recovery__0024,fefec4da5dd66a39,transport_recovery,val,37,episodes/transport_recovery__0024.npz
transport_recovery__0024:38,transport_recovery__0024,fefec4da5dd66a39,transport_recovery,val,38,episodes/transport_recovery__0024.npz
transport_recovery__0024:39,transport_recovery__0024,fefec4da5dd66a39,transport_recovery,val,39,episodes/transport_recovery__0024.npz
transport_recovery__0024:40,transport_recovery__0024,fefec4da5dd66a39,transport_recovery,val,40,episodes/transport_recovery__0024.npz
transport_recovery__0024:41,transport_recovery__0024,fefec4da5dd66a39,transport_recovery,val,41,episodes/transport_recovery__0024.npz
transport_recovery__0024:42,transport_recovery__0024,fefec4da5dd66a39,transport_recovery,val,42,episodes/transport_recovery__0024.npz
transport_recovery__0024:43,transport_recovery__0024,fefec4da5dd66a39,transport_recovery,val,43,episodes/transport_recovery__0024.npz
transport_recovery__0024:44,transport_recovery__0024,fefec4da5dd66a39,transport_recovery,val,44,episodes/transport_recovery__0024.npz
transport_recovery__0024:45,transport_recovery__0024,fefec4da5dd66a39,transport_recovery,val,45,episodes/transport_recovery__0024.npz
transport_recovery__0024:46,transport_recovery__0024,fefec4da5dd66a39,transport_recovery,val,46,episodes/transport_recovery__0024.npz
transport_recovery__0024:47,transport_recovery__0024,fefec4da5dd66a39,transport_recovery,val,47,episodes/transport_recovery__0024.npz
transport_recovery__0024:48,transport_recovery__0024,fefec4da5dd66a39,transport_recovery,val,48,episodes/transport_recovery__0024.npz
transport_recovery__0024:49,transport_recovery__0024,fefec4da5dd66a39,transport_recovery,val,49,episodes/transport_recovery__0024.npz
transport_recovery__0024:50,transport_recovery__0024,fefec4da5dd66a39,transport_recovery,val,50,episodes/transport_recovery__0024.npz
transport_recovery__0024:51,transport_recovery__0024,fefec4da5dd66a39,transport_recovery,val,51,episodes/transport_recovery__0024.npz
transport_recovery__0024:52,transport_recovery__0024,fefec4da5dd66a39,transport_recovery,val,52,episodes/transport_recovery__0024.npz
transport_recovery__0024:53,transport_recovery__0024,fefec4da5dd66a39,transport_recovery,val,53,episodes/transport_recovery__0024.npz
transport_recovery__0024:54,transport_recovery__0024,fefec4da5dd66a39,transport_recovery,val,54,episodes/transport_recovery__0024.npz
transport_recovery__0024:55,transport_recovery__0024,fefec4da5dd66a39,transport_recovery,val,55,episodes/transport_recovery__0024.npz
transport_recovery__0024:56,transport_recovery__0024,fefec4da5dd66a39,transport_recovery,val,56,episodes/transport_recovery__0024.npz
transport_recovery__0024:57,transport_recovery__0024,fefec4da5dd66a39,transport_recovery,val,57,episodes/transport_recovery__0024.npz
transport_recovery__0024:58,transport_recovery__0024,fefec4da5dd66a39,transport_recovery,val,58,episodes/transport_recovery__0024.npz
transport_recovery__0024:59,transport_recovery__0024,fefec4da5dd66a39,transport_recovery,val,59,episodes/transport_recovery__0024.npz
transport_recovery__0024:60,transport_recovery__0024,fefec4da5dd66a39,transport_recovery,val,60,episodes/transport_recovery__0024.npz
transport_recovery__0024:61,transport_recovery__0024,fefec4da5dd66a39,transport_recovery,val,61,episodes/transport_recovery__0024.npz
transport_recovery__0024:62,transport_recovery__0024,fefec4da5dd66a39,transport_recovery,val,62,episodes/transport_recovery__0024.npz
transport_recovery__0024:63,transport_recovery__0024,fefec4da5dd66a39,transport_recovery,val,63,episodes/transport_recovery__0024.npz
transport_recovery__0024:64,transport_recovery__0024,fefec4da5dd66a39,transport_recovery,val,64,episodes/transport_recovery__0024.npz
transport_recovery__0024:65,transport_recovery__0024,fefec4da5dd66a39,transport_recovery,val,65,episodes/transport_recovery__0024.npz
transport_recovery__0024:66,transport_recovery__0024,fefec4da5dd66a39,transport_recovery,val,66,episodes/transport_recovery__0024.npz
transport_recovery__0024:67,transport_recovery__0024,fefec4da5dd66a39,transport_recovery,val,67,episodes/transport_recovery__0024.npz
transport_recovery__0024:68,transport_recovery__0024,fefec4da5dd66a39,transport_recovery,val,68,episodes/transport_recovery__0024.npz
transport_recovery__0024:69,transport_recovery__0024,fefec4da5dd66a39,transport_recovery,val,69,episodes/transport_recovery__0024.npz
transport_recovery__0024:70,transport_recovery__0024,fefec4da5dd66a39,transport_recovery,val,70,episodes/transport_recovery__0024.npz
transport_recovery__0024:71,transport_recovery__0024,fefec4da5dd66a39,transport_recovery,val,71,episodes/transport_recovery__0024.npz
transport_recovery__0024:72,transport_recovery__0024,fefec4da5dd66a39,transport_recovery,val,72,episodes/transport_recovery__0024.npz
transport_recovery__0024:73,transport_recovery__0024,fefec4da5dd66a39,transport_recovery,val,73,episodes/transport_recovery__0024.npz
transport_recovery__0024:74,transport_recovery__0024,fefec4da5dd66a39,transport_recovery,val,74,episodes/transport_recovery__0024.npz
transport_recovery__0024:75,transport_recovery__0024,fefec4da5dd66a39,transport_recovery,val,75,episodes/transport_recovery__0024.npz
transport_recovery__0024:76,transport_recovery__0024,fefec4da5dd66a39,transport_recovery,val,76,episodes/transport_recovery__0024.npz
transport_recovery__0024:77,transport_recovery__0024,fefec4da5dd66a39,transport_recovery,val,77,episodes/transport_recovery__0024.npz
transport_recovery__0024:78,transport_recovery__0024,fefec4da5dd66a39,transport_recovery,val,78,episodes/transport_recovery__0024.npz
transport_recovery__0024:79,transport_recovery__0024,fefec4da5dd66a39,transport_recovery,val,79,episodes/transport_recovery__0024.npz
transport_recovery__0024:80,transport_recovery__0024,fefec4da5dd66a39,transport_recovery,val,80,episodes/transport_recovery__0024.npz
transport_recovery__0024:81,transport_recovery__0024,fefec4da5dd66a39,transport_recovery,val,81,episodes/transport_recovery__0024.npz
transport_recovery__0024:82,transport_recovery__0024,fefec4da5dd66a39,transport_recovery,val,82,episodes/transport_recovery__0024.npz
transport_recovery__0024:83,transport_recovery__0024,fefec4da5dd66a39,transport_recovery,val,83,episodes/transport_recovery__0024.npz
transport_recovery__0024:84,transport_recovery__0024,fefec4da5dd66a39,transport_recovery,val,84,episodes/transport_recovery__0024.npz
transport_recovery__0024:85,transport_recovery__0024,fefec4da5dd66a39,transport_recovery,val,85,episodes/transport_recovery__0024.npz
transport_recovery__0024:86,transport_recovery__0024,fefec4da5dd66a39,transport_recovery,val,86,episodes/transport_recovery__0024.npz
transport_recovery__0024:87,transport_recovery__0024,fefec4da5dd66a39,transport_recovery,val,87,episodes/transport_recovery__0024.npz
transport_recovery__0024:88,transport_recovery__0024,fefec4da5dd66a39,transport_recovery,val,88,episodes/transport_recovery__0024.npz
transport_recovery__0024:89,transport_recovery__0024,fefec4da5dd66a39,transport_recovery,val,89,episodes/transport_recovery__0024.npz
transport_recovery__0024:90,transport_recovery__0024,fefec4da5dd66a39,transport_recovery,val,90,episodes/transport_recovery__0024.npz
transport_recovery__0024:91,transport_recovery__0024,fefec4da5dd66a39,transport_recovery,val,91,episodes/transport_recovery__0024.npz
transport_recovery__0024:92,transport_recovery__0024,fefec4da5dd66a39,transport_recovery,val,92,episodes/transport_recovery__0024.npz
transport_recovery__0024:93,transport_recovery__0024,fefec4da5dd66a39,transport_recovery,val,93,episodes/transport_recovery__0024.npz
transport_recovery__0024:94,transport_recovery__0024,fefec4da5dd66a39,transport_recovery,val,94,episodes/transport_recovery__0024.npz
transport_recovery__0024:95,transport_recovery__0024,fefec4da5dd66a39,transport_recovery,val,95,episodes/transport_recovery__0024.npz
transport_recovery__0024:96,transport_recovery__0024,fefec4da5dd66a39,transport_recovery,val,96,episodes/transport_recovery__0024.npz
transport_recovery__0024:97,transport_recovery__0024,fefec4da5dd66a39,transport_recovery,val,97,episodes/transport_recovery__0024.npz
transport_recovery__0024:98,transport_recovery__0024,fefec4da5dd66a39,transport_recovery,val,98,episodes/transport_recovery__0024.npz
transport_recovery__0024:99,transport_recovery__0024,fefec4da5dd66a39,transport_recovery,val,99,episodes/transport_recovery__0024.npz
transport_recovery__0024:100,transport_recovery__0024,fefec4da5dd66a39,transport_recovery,val,100,episodes/transport_recovery__0024.npz
transport_recovery__0024:101,transport_recovery__0024,fefec4da5dd66a39,transport_recovery,val,101,episodes/transport_recovery__0024.npz
transport_recovery__0024:102,transport_recovery__0024,fefec4da5dd66a39,transport_recovery,val,102,episodes/transport_recovery__0024.npz
transport_recovery__0024:103,transport_recovery__0024,fefec4da5dd66a39,transport_recovery,val,103,episodes/transport_recovery__0024.npz
transport_recovery__0024:104,transport_recovery__0024,fefec4da5dd66a39,transport_recovery,val,104,episodes/transport_recovery__0024.npz
transport_recovery__0024:105,transport_recovery__0024,fefec4da5dd66a39,transport_recovery,val,105,episodes/transport_recovery__0024.npz
transport_recovery__0024:106,transport_recovery__0024,fefec4da5dd66a39,transport_recovery,val,106,episodes/transport_recovery__0024.npz
transport_recovery__0024:107,transport_recovery__0024,fefec4da5dd66a39,transport_recovery,val,107,episodes/transport_recovery__0024.npz
transport_recovery__0024:108,transport_recovery__0024,fefec4da5dd66a39,transport_recovery,val,108,episodes/transport_recovery__0024.npz
transport_recovery__0024:109,transport_recovery__0024,fefec4da5dd66a39,transport_recovery,val,109,episodes/transport_recovery__0024.npz
transport_recovery__0024:110,transport_recovery__0024,fefec4da5dd66a39,transport_recovery,val,110,episodes/transport_recovery__0024.npz
transport_recovery__0024:111,transport_recovery__0024,fefec4da5dd66a39,transport_recovery,val,111,episodes/transport_recovery__0024.npz
transport_recovery__0024:112,transport_recovery__0024,fefec4da5dd66a39,transport_recovery,val,112,episodes/transport_recovery__0024.npz
transport_recovery__0024:113,transport_recovery__0024,fefec4da5dd66a39,transport_recovery,val,113,episodes/transport_recovery__0024.npz
transport_recovery__0024:114,transport_recovery__0024,fefec4da5dd66a39,transport_recovery,val,114,episodes/transport_recovery__0024.npz
transport_recovery__0024:115,transport_recovery__0024,fefec4da5dd66a39,transport_recovery,val,115,episodes/transport_recovery__0024.npz
transport_recovery__0024:116,transport_recovery__0024,fefec4da5dd66a39,transport_recovery,val,116,episodes/transport_recovery__0024.npz
transport_recovery__0024:117,transport_recovery__0024,fefec4da5dd66a39,transport_recovery,val,117,episodes/transport_recovery__0024.npz
transport_recovery__0024:118,transport_recovery__0024,fefec4da5dd66a39,transport_recovery,val,118,episodes/transport_recovery__0024.npz
transport_recovery__0024:119,transport_recovery__0024,fefec4da5dd66a39,transport_recovery,val,119,episodes/transport_recovery__0024.npz
transport_recovery__0025:0,transport_recovery__0025,2d5ca81a4c899672,transport_recovery,test,0,episodes/transport_recovery__0025.npz
transport_recovery__0025:1,transport_recovery__0025,2d5ca81a4c899672,transport_recovery,test,1,episodes/transport_recovery__0025.npz
transport_recovery__0025:2,transport_recovery__0025,2d5ca81a4c899672,transport_recovery,test,2,episodes/transport_recovery__0025.npz
transport_recovery__0025:3,transport_recovery__0025,2d5ca81a4c899672,transport_recovery,test,3,episodes/transport_recovery__0025.npz
transport_recovery__0025:4,transport_recovery__0025,2d5ca81a4c899672,transport_recovery,test,4,episodes/transport_recovery__0025.npz
transport_recovery__0025:5,transport_recovery__0025,2d5ca81a4c899672,transport_recovery,test,5,episodes/transport_recovery__0025.npz
transport_recovery__0025:6,transport_recovery__0025,2d5ca81a4c899672,transport_recovery,test,6,episodes/transport_recovery__0025.npz
transport_recovery__0025:7,transport_recovery__0025,2d5ca81a4c899672,transport_recovery,test,7,episodes/transport_recovery__0025.npz
transport_recovery__0025:8,transport_recovery__0025,2d5ca81a4c899672,transport_recovery,test,8,episodes/transport_recovery__0025.npz
transport_recovery__0025:9,transport_recovery__0025,2d5ca81a4c899672,transport_recovery,test,9,episodes/transport_recovery__0025.npz
transport_recovery__0025:10,transport_recovery__0025,2d5ca81a4c899672,transport_recovery,test,10,episodes/transport_recovery__0025.npz
transport_recovery__0025:11,transport_recovery__0025,2d5ca81a4c899672,transport_recovery,test,11,episodes/transport_recovery__0025.npz
transport_recovery__0025:12,transport_recovery__0025,2d5ca81a4c899672,transport_recovery,test,12,episodes/transport_recovery__0025.npz
transport_recovery__0025:13,transport_recovery__0025,2d5ca81a4c899672,transport_recovery,test,13,episodes/transport_recovery__0025.npz
transport_recovery__0025:14,transport_recovery__0025,2d5ca81a4c899672,transport_recovery,test,14,episodes/transport_recovery__0025.npz
transport_recovery__0025:15,transport_recovery__0025,2d5ca81a4c899672,transport_recovery,test,15,episodes/transport_recovery__0025.npz
transport_recovery__0025:16,transport_recovery__0025,2d5ca81a4c899672,transport_recovery,test,16,episodes/transport_recovery__0025.npz
transport_recovery__0025:17,transport_recovery__0025,2d5ca81a4c899672,transport_recovery,test,17,episodes/transport_recovery__0025.npz
transport_recovery__0025:18,transport_recovery__0025,2d5ca81a4c899672,transport_recovery,test,18,episodes/transport_recovery__0025.npz
transport_recovery__0025:19,transport_recovery__0025,2d5ca81a4c899672,transport_recovery,test,19,episodes/transport_recovery__0025.npz
transport_recovery__0025:20,transport_recovery__0025,2d5ca81a4c899672,transport_recovery,test,20,episodes/transport_recovery__0025.npz
transport_recovery__0025:21,transport_recovery__0025,2d5ca81a4c899672,transport_recovery,test,21,episodes/transport_recovery__0025.npz
transport_recovery__0025:22,transport_recovery__0025,2d5ca81a4c899672,transport_recovery,test,22,episodes/transport_recovery__0025.npz
transport_recovery__0025:23,transport_recovery__0025,2d5ca81a4c899672,transport_recovery,test,23,episodes/transport_recovery__0025.npz
transport_recovery__0025:24,transport_recovery__0025,2d5ca81a4c899672,transport_recovery,test,24,episodes/transport_recovery__0025.npz
transport_recovery__0025:25,transport_recovery__0025,2d5ca81a4c899672,transport_recovery,test,25,episodes/transport_recovery__0025.npz
transport_recovery__0025:26,transport_recovery__0025,2d5ca81a4c899672,transport_recovery,test,26,episodes/transport_recovery__0025.npz
transport_recovery__0025:27,transport_recovery__0025,2d5ca81a4c899672,transport_recovery,test,27,episodes/transport_recovery__0025.npz
transport_recovery__0025:28,transport_recovery__0025,2d5ca81a4c899672,transport_recovery,test,28,episodes/transport_recovery__0025.npz
transport_recovery__0025:29,transport_recovery__0025,2d5ca81a4c899672,transport_recovery,test,29,episodes/transport_recovery__0025.npz
transport_recovery__0025:30,transport_recovery__0025,2d5ca81a4c899672,transport_recovery,test,30,episodes/transport_recovery__0025.npz
transport_recovery__0025:31,transport_recovery__0025,2d5ca81a4c899672,transport_recovery,test,31,episodes/transport_recovery__0025.npz
transport_recovery__0025:32,transport_recovery__0025,2d5ca81a4c899672,transport_recovery,test,32,episodes/transport_recovery__0025.npz
transport_recovery__0025:33,transport_recovery__0025,2d5ca81a4c899672,transport_recovery,test,33,episodes/transport_recovery__0025.npz
transport_recovery__0025:34,transport_recovery__0025,2d5ca81a4c899672,transport_recovery,test,34,episodes/transport_recovery__0025.npz
transport_recovery__0025:35,transport_recovery__0025,2d5ca81a4c899672,transport_recovery,test,35,episodes/transport_recovery__0025.npz
transport_recovery__0025:36,transport_recovery__0025,2d5ca81a4c899672,transport_recovery,test,36,episodes/transport_recovery__0025.npz
transport_recovery__0025:37,transport_recovery__0025,2d5ca81a4c899672,transport_recovery,test,37,episodes/transport_recovery__0025.npz
transport_recovery__0025:38,transport_recovery__0025,2d5ca81a4c899672,transport_recovery,test,38,episodes/transport_recovery__0025.npz
transport_recovery__0025:39,transport_recovery__0025,2d5ca81a4c899672,transport_recovery,test,39,episodes/transport_recovery__0025.npz
transport_recovery__0025:40,transport_recovery__0025,2d5ca81a4c899672,transport_recovery,test,40,episodes/transport_recovery__0025.npz
transport_recovery__0025:41,transport_recovery__0025,2d5ca81a4c899672,transport_recovery,test,41,episodes/transport_recovery__0025.npz
transport_recovery__0025:42,transport_recovery__0025,2d5ca81a4c899672,transport_recovery,test,42,episodes/transport_recovery__0025.npz
transport_recovery__0025:43,transport_recovery__0025,2d5ca81a4c899672,transport_recovery,test,43,episodes/transport_recovery__0025.npz
transport_recovery__0025:44,transport_recovery__0025,2d5ca81a4c899672,transport_recovery,test,44,episodes/transport_recovery__0025.npz
transport_recovery__0025:45,transport_recovery__0025,2d5ca81a4c899672,transport_recovery,test,45,episodes/transport_recovery__0025.npz
transport_recovery__0025:46,transport_recovery__0025,2d5ca81a4c899672,transport_recovery,test,46,episodes/transport_recovery__0025.npz
transport_recovery__0025:47,transport_recovery__0025,2d5ca81a4c899672,transport_recovery,test,47,episodes/transport_recovery__0025.npz
transport_recovery__0025:48,transport_recovery__0025,2d5ca81a4c899672,transport_recovery,test,48,episodes/transport_recovery__0025.npz
transport_recovery__0025:49,transport_recovery__0025,2d5ca81a4c899672,transport_recovery,test,49,episodes/transport_recovery__0025.npz
transport_recovery__0025:50,transport_recovery__0025,2d5ca81a4c899672,transport_recovery,test,50,episodes/transport_recovery__0025.npz
transport_recovery__0025:51,transport_recovery__0025,2d5ca81a4c899672,transport_recovery,test,51,episodes/transport_recovery__0025.npz
transport_recovery__0025:52,transport_recovery__0025,2d5ca81a4c899672,transport_recovery,test,52,episodes/transport_recovery__0025.npz
transport_recovery__0025:53,transport_recovery__0025,2d5ca81a4c899672,transport_recovery,test,53,episodes/transport_recovery__0025.npz
transport_recovery__0025:54,transport_recovery__0025,2d5ca81a4c899672,transport_recovery,test,54,episodes/transport_recovery__0025.npz
transport_recovery__0025:55,transport_recovery__0025,2d5ca81a4c899672,transport_recovery,test,55,episodes/transport_recovery__0025.npz
transport_recovery__0025:56,transport_recovery__0025,2d5ca81a4c899672,transport_recovery,test,56,episodes/transport_recovery__0025.npz
transport_recovery__0025:57,transport_recovery__0025,2d5ca81a4c899672,transport_recovery,test,57,episodes/transport_recovery__0025.npz
transport_recovery__0025:58,transport_recovery__0025,2d5ca81a4c899672,transport_recovery,test,58,episodes/transport_recovery__0025.npz
transport_recovery__0025:59,transport_recovery__0025,2d5ca81a4c899672,transport_recovery,test,59,episodes/transport_recovery__0025.npz
transport_recovery__0025:60,transport_recovery__0025,2d5ca81a4c899672,transport_recovery,test,60,episodes/transport_recovery__0025.npz
transport_recovery__0025:61,transport_recovery__0025,2d5ca81a4c899672,transport_recovery,test,61,episodes/transport_recovery__0025.npz
transport_recovery__0025:62,transport_recovery__0025,2d5ca81a4c899672,transport_recovery,test,62,episodes/transport_recovery__0025.npz
transport_recovery__0025:63,transport_recovery__0025,2d5ca81a4c899672,transport_recovery,test,63,episodes/transport_recovery__0025.npz
transport_recovery__0025:64,transport_recovery__0025,2d5ca81a4c899672,transport_recovery,test,64,episodes/transport_recovery__0025.npz
transport_recovery__0025:65,transport_recovery__0025,2d5ca81a4c899672,transport_recovery,test,65,episodes/transport_recovery__0025.npz
transport_recovery__0025:66,transport_recovery__0025,2d5ca81a4c899672,transport_recovery,test,66,episodes/transport_recovery__0025.npz
transport_recovery__0025:67,transport_recovery__0025,2d5ca81a4c899672,transport_recovery,test,67,episodes/transport_recovery__0025.npz
transport_recovery__0025:68,transport_recovery__0025,2d5ca81a4c899672,transport_recovery,test,68,episodes/transport_recovery__0025.npz
transport_recovery__0025:69,transport_recovery__0025,2d5ca81a4c899672,transport_recovery,test,69,episodes/transport_recovery__0025.npz
transport_recovery__0025:70,transport_recovery__0025,2d5ca81a4c899672,transport_recovery,test,70,episodes/transport_recovery__0025.npz
transport_recovery__0025:71,transport_recovery__0025,2d5ca81a4c899672,transport_recovery,test,71,episodes/transport_recovery__0025.npz
transport_recovery__0025:72,transport_recovery__0025,2d5ca81a4c899672,transport_recovery,test,72,episodes/transport_recovery__0025.npz
transport_recovery__0025:73,transport_recovery__0025,2d5ca81a4c899672,transport_recovery,test,73,episodes/transport_recovery__0025.npz
transport_recovery__0025:74,transport_recovery__0025,2d5ca81a4c899672,transport_recovery,test,74,episodes/transport_recovery__0025.npz
transport_recovery__0025:75,transport_recovery__0025,2d5ca81a4c899672,transport_recovery,test,75,episodes/transport_recovery__0025.npz
transport_recovery__0025:76,transport_recovery__0025,2d5ca81a4c899672,transport_recovery,test,76,episodes/transport_recovery__0025.npz
transport_recovery__0025:77,transport_recovery__0025,2d5ca81a4c899672,transport_recovery,test,77,episodes/transport_recovery__0025.npz
transport_recovery__0025:78,transport_recovery__0025,2d5ca81a4c899672,transport_recovery,test,78,episodes/transport_recovery__0025.npz
transport_recovery__0025:79,transport_recovery__0025,2d5ca81a4c899672,transport_recovery,test,79,episodes/transport_recovery__0025.npz
transport_recovery__0025:80,transport_recovery__0025,2d5ca81a4c899672,transport_recovery,test,80,episodes/transport_recovery__0025.npz
transport_recovery__0025:81,transport_recovery__0025,2d5ca81a4c899672,transport_recovery,test,81,episodes/transport_recovery__0025.npz
transport_recovery__0025:82,transport_recovery__0025,2d5ca81a4c899672,transport_recovery,test,82,episodes/transport_recovery__0025.npz
transport_recovery__0025:83,transport_recovery__0025,2d5ca81a4c899672,transport_recovery,test,83,episodes/transport_recovery__0025.npz
transport_recovery__0025:84,transport_recovery__0025,2d5ca81a4c899672,transport_recovery,test,84,episodes/transport_recovery__0025.npz
transport_recovery__0025:85,transport_recovery__0025,2d5ca81a4c899672,transport_recovery,test,85,episodes/transport_recovery__0025.npz
transport_recovery__0025:86,transport_recovery__0025,2d5ca81a4c899672,transport_recovery,test,86,episodes/transport_recovery__0025.npz
transport_recovery__0025:87,transport_recovery__0025,2d5ca81a4c899672,transport_recovery,test,87,episodes/transport_recovery__0025.npz
transport_recovery__0025:88,transport_recovery__0025,2d5ca81a4c899672,transport_recovery,test,88,episodes/transport_recovery__0025.npz
transport_recovery__0025:89,transport_recovery__0025,2d5ca81a4c899672,transport_recovery,test,89,episodes/transport_recovery__0025.npz
transport_recovery__0025:90,transport_recovery__0025,2d5ca81a4c899672,transport_recovery,test,90,episodes/transport_recovery__0025.npz
transport_recovery__0025:91,transport_recovery__0025,2d5ca81a4c899672,transport_recovery,test,91,episodes/transport_recovery__0025.npz
transport_recovery__0025:92,transport_recovery__0025,2d5ca81a4c899672,transport_recovery,test,92,episodes/transport_recovery__0025.npz
transport_recovery__0025:93,transport_recovery__0025,2d5ca81a4c899672,transport_recovery,test,93,episodes/transport_recovery__0025.npz
transport_recovery__0025:94,transport_recovery__0025,2d5ca81a4c899672,transport_recovery,test,94,episodes/transport_recovery__0025.npz
transport_recovery__0025:95,transport_recovery__0025,2d5ca81a4c899672,transport_recovery,test,95,episodes/transport_recovery__0025.npz
transport_recovery__0025:96,transport_recovery__0025,2d5ca81a4c899672,transport_recovery,test,96,episodes/transport_recovery__0025.npz
transport_recovery__0025:97,transport_recovery__0025,2d5ca81a4c899672,transport_recovery,test,97,episodes/transport_recovery__0025.npz
transport_recovery__0025:98,transport_recovery__0025,2d5ca81a4c899672,transport_recovery,test,98,episodes/transport_recovery__0025.npz
transport_recovery__0025:99,transport_recovery__0025,2d5ca81a4c899672,transport_recovery,test,99,episodes/transport_recovery__0025.npz
transport_recovery__0025:100,transport_recovery__0025,2d5ca81a4c899672,transport_recovery,test,100,episodes/transport_recovery__0025.npz
transport_recovery__0025:101,transport_recovery__0025,2d5ca81a4c899672,transport_recovery,test,101,episodes/transport_recovery__0025.npz
transport_recovery__0025:102,transport_recovery__0025,2d5ca81a4c899672,transport_recovery,test,102,episodes/transport_recovery__0025.npz
transport_recovery__0025:103,transport_recovery__0025,2d5ca81a4c899672,transport_recovery,test,103,episodes/transport_recovery__0025.npz
transport_recovery__0025:104,transport_recovery__0025,2d5ca81a4c899672,transport_recovery,test,104,episodes/transport_recovery__0025.npz
transport_recovery__0025:105,transport_recovery__0025,2d5ca81a4c899672,transport_recovery,test,105,episodes/transport_recovery__0025.npz
transport_recovery__0025:106,transport_recovery__0025,2d5ca81a4c899672,transport_recovery,test,106,episodes/transport_recovery__0025.npz
transport_recovery__0025:107,transport_recovery__0025,2d5ca81a4c899672,transport_recovery,test,107,episodes/transport_recovery__0025.npz
transport_recovery__0025:108,transport_recovery__0025,2d5ca81a4c899672,transport_recovery,test,108,episodes/transport_recovery__0025.npz
transport_recovery__0025:109,transport_recovery__0025,2d5ca81a4c899672,transport_recovery,test,109,episodes/transport_recovery__0025.npz
transport_recovery__0025:110,transport_recovery__0025,2d5ca81a4c899672,transport_recovery,test,110,episodes/transport_recovery__0025.npz
transport_recovery__0025:111,transport_recovery__0025,2d5ca81a4c899672,transport_recovery,test,111,episodes/transport_recovery__0025.npz
transport_recovery__0025:112,transport_recovery__0025,2d5ca81a4c899672,transport_recovery,test,112,episodes/transport_recovery__0025.npz
transport_recovery__0025:113,transport_recovery__0025,2d5ca81a4c899672,transport_recovery,test,113,episodes/transport_recovery__0025.npz
transport_recovery__0025:114,transport_recovery__0025,2d5ca81a4c899672,transport_recovery,test,114,episodes/transport_recovery__0025.npz
transport_recovery__0025:115,transport_recovery__0025,2d5ca81a4c899672,transport_recovery,test,115,episodes/transport_recovery__0025.npz
transport_recovery__0025:116,transport_recovery__0025,2d5ca81a4c899672,transport_recovery,test,116,episodes/transport_recovery__0025.npz
transport_recovery__0025:117,transport_recovery__0025,2d5ca81a4c899672,transport_recovery,test,117,episodes/transport_recovery__0025.npz
transport_recovery__0025:118,transport_recovery__0025,2d5ca81a4c899672,transport_recovery,test,118,episodes/transport_recovery__0025.npz
transport_recovery__0025:119,transport_recovery__0025,2d5ca81a4c899672,transport_recovery,test,119,episodes/transport_recovery__0025.npz
transport_recovery__0026:0,transport_recovery__0026,ca2d9ca9edee215e,transport_recovery,train,0,episodes/transport_recovery__0026.npz
transport_recovery__0026:1,transport_recovery__0026,ca2d9ca9edee215e,transport_recovery,train,1,episodes/transport_recovery__0026.npz
transport_recovery__0026:2,transport_recovery__0026,ca2d9ca9edee215e,transport_recovery,train,2,episodes/transport_recovery__0026.npz
transport_recovery__0026:3,transport_recovery__0026,ca2d9ca9edee215e,transport_recovery,train,3,episodes/transport_recovery__0026.npz
transport_recovery__0026:4,transport_recovery__0026,ca2d9ca9edee215e,transport_recovery,train,4,episodes/transport_recovery__0026.npz
transport_recovery__0026:5,transport_recovery__0026,ca2d9ca9edee215e,transport_recovery,train,5,episodes/transport_recovery__0026.npz
transport_recovery__0026:6,transport_recovery__0026,ca2d9ca9edee215e,transport_recovery,train,6,episodes/transport_recovery__0026.npz
transport_recovery__0026:7,transport_recovery__0026,ca2d9ca9edee215e,transport_recovery,train,7,episodes/transport_recovery__0026.npz
transport_recovery__0026:8,transport_recovery__0026,ca2d9ca9edee215e,transport_recovery,train,8,episodes/transport_recovery__0026.npz
transport_recovery__0026:9,transport_recovery__0026,ca2d9ca9edee215e,transport_recovery,train,9,episodes/transport_recovery__0026.npz
transport_recovery__0026:10,transport_recovery__0026,ca2d9ca9edee215e,transport_recovery,train,10,episodes/transport_recovery__0026.npz
transport_recovery__0026:11,transport_recovery__0026,ca2d9ca9edee215e,transport_recovery,train,11,episodes/transport_recovery__0026.npz
transport_recovery__0026:12,transport_recovery__0026,ca2d9ca9edee215e,transport_recovery,train,12,episodes/transport_recovery__0026.npz
transport_recovery__0026:13,transport_recovery__0026,ca2d9ca9edee215e,transport_recovery,train,13,episodes/transport_recovery__0026.npz
transport_recovery__0026:14,transport_recovery__0026,ca2d9ca9edee215e,transport_recovery,train,14,episodes/transport_recovery__0026.npz
transport_recovery__0026:15,transport_recovery__0026,ca2d9ca9edee215e,transport_recovery,train,15,episodes/transport_recovery__0026.npz
transport_recovery__0026:16,transport_recovery__0026,ca2d9ca9edee215e,transport_recovery,train,16,episodes/transport_recovery__0026.npz
transport_recovery__0026:17,transport_recovery__0026,ca2d9ca9edee215e,transport_recovery,train,17,episodes/transport_recovery__0026.npz
transport_recovery__0026:18,transport_recovery__0026,ca2d9ca9edee215e,transport_recovery,train,18,episodes/transport_recovery__0026.npz
transport_recovery__0026:19,transport_recovery__0026,ca2d9ca9edee215e,transport_recovery,train,19,episodes/transport_recovery__0026.npz
transport_recovery__0026:20,transport_recovery__0026,ca2d9ca9edee215e,transport_recovery,train,20,episodes/transport_recovery__0026.npz
transport_recovery__0026:21,transport_recovery__0026,ca2d9ca9edee215e,transport_recovery,train,21,episodes/transport_recovery__0026.npz
transport_recovery__0026:22,transport_recovery__0026,ca2d9ca9edee215e,transport_recovery,train,22,episodes/transport_recovery__0026.npz
transport_recovery__0026:23,transport_recovery__0026,ca2d9ca9edee215e,transport_recovery,train,23,episodes/transport_recovery__0026.npz
transport_recovery__0026:24,transport_recovery__0026,ca2d9ca9edee215e,transport_recovery,train,24,episodes/transport_recovery__0026.npz
transport_recovery__0026:25,transport_recovery__0026,ca2d9ca9edee215e,transport_recovery,train,25,episodes/transport_recovery__0026.npz
transport_recovery__0026:26,transport_recovery__0026,ca2d9ca9edee215e,transport_recovery,train,26,episodes/transport_recovery__0026.npz
transport_recovery__0026:27,transport_recovery__0026,ca2d9ca9edee215e,transport_recovery,train,27,episodes/transport_recovery__0026.npz
transport_recovery__0026:28,transport_recovery__0026,ca2d9ca9edee215e,transport_recovery,train,28,episodes/transport_recovery__0026.npz
transport_recovery__0026:29,transport_recovery__0026,ca2d9ca9edee215e,transport_recovery,train,29,episodes/transport_recovery__0026.npz
transport_recovery__0026:30,transport_recovery__0026,ca2d9ca9edee215e,transport_recovery,train,30,episodes/transport_recovery__0026.npz
transport_recovery__0026:31,transport_recovery__0026,ca2d9ca9edee215e,transport_recovery,train,31,episodes/transport_recovery__0026.npz
transport_recovery__0026:32,transport_recovery__0026,ca2d9ca9edee215e,transport_recovery,train,32,episodes/transport_recovery__0026.npz
transport_recovery__0026:33,transport_recovery__0026,ca2d9ca9edee215e,transport_recovery,train,33,episodes/transport_recovery__0026.npz
transport_recovery__0026:34,transport_recovery__0026,ca2d9ca9edee215e,transport_recovery,train,34,episodes/transport_recovery__0026.npz
transport_recovery__0026:35,transport_recovery__0026,ca2d9ca9edee215e,transport_recovery,train,35,episodes/transport_recovery__0026.npz
transport_recovery__0026:36,transport_recovery__0026,ca2d9ca9edee215e,transport_recovery,train,36,episodes/transport_recovery__0026.npz
transport_recovery__0026:37,transport_recovery__0026,ca2d9ca9edee215e,transport_recovery,train,37,episodes/transport_recovery__0026.npz
transport_recovery__0026:38,transport_recovery__0026,ca2d9ca9edee215e,transport_recovery,train,38,episodes/transport_recovery__0026.npz
transport_recovery__0026:39,transport_recovery__0026,ca2d9ca9edee215e,transport_recovery,train,39,episodes/transport_recovery__0026.npz
transport_recovery__0026:40,transport_recovery__0026,ca2d9ca9edee215e,transport_recovery,train,40,episodes/transport_recovery__0026.npz
transport_recovery__0026:41,transport_recovery__0026,ca2d9ca9edee215e,transport_recovery,train,41,episodes/transport_recovery__0026.npz
transport_recovery__0026:42,transport_recovery__0026,ca2d9ca9edee215e,transport_recovery,train,42,episodes/transport_recovery__0026.npz
transport_recovery__0026:43,transport_recovery__0026,ca2d9ca9edee215e,transport_recovery,train,43,episodes/transport_recovery__0026.npz
transport_recovery__0026:44,transport_recovery__0026,ca2d9ca9edee215e,transport_recovery,train,44,episodes/transport_recovery__0026.npz
transport_recovery__0026:45,transport_recovery__0026,ca2d9ca9edee215e,transport_recovery,train,45,episodes/transport_recovery__0026.npz
transport_recovery__0026:46,transport_recovery__0026,ca2d9ca9edee215e,transport_recovery,train,46,episodes/transport_recovery__0026.npz
transport_recovery__0026:47,transport_recovery__0026,ca2d9ca9edee215e,transport_recovery,train,47,episodes/transport_recovery__0026.npz
transport_recovery__0026:48,transport_recovery__0026,ca2d9ca9edee215e,transport_recovery,train,48,episodes/transport_recovery__0026.npz
transport_recovery__0026:49,transport_recovery__0026,ca2d9ca9edee215e,transport_recovery,train,49,episodes/transport_recovery__0026.npz
transport_recovery__0026:50,transport_recovery__0026,ca2d9ca9edee215e,transport_recovery,train,50,episodes/transport_recovery__0026.npz
transport_recovery__0026:51,transport_recovery__0026,ca2d9ca9edee215e,transport_recovery,train,51,episodes/transport_recovery__0026.npz
transport_recovery__0026:52,transport_recovery__0026,ca2d9ca9edee215e,transport_recovery,train,52,episodes/transport_recovery__0026.npz
transport_recovery__0026:53,transport_recovery__0026,ca2d9ca9edee215e,transport_recovery,train,53,episodes/transport_recovery__0026.npz
transport_recovery__0026:54,transport_recovery__0026,ca2d9ca9edee215e,transport_recovery,train,54,episodes/transport_recovery__0026.npz
transport_recovery__0026:55,transport_recovery__0026,ca2d9ca9edee215e,transport_recovery,train,55,episodes/transport_recovery__0026.npz
transport_recovery__0026:56,transport_recovery__0026,ca2d9ca9edee215e,transport_recovery,train,56,episodes/transport_recovery__0026.npz
transport_recovery__0026:57,transport_recovery__0026,ca2d9ca9edee215e,transport_recovery,train,57,episodes/transport_recovery__0026.npz
transport_recovery__0026:58,transport_recovery__0026,ca2d9ca9edee215e,transport_recovery,train,58,episodes/transport_recovery__0026.npz
transport_recovery__0026:59,transport_recovery__0026,ca2d9ca9edee215e,transport_recovery,train,59,episodes/transport_recovery__0026.npz
transport_recovery__0026:60,transport_recovery__0026,ca2d9ca9edee215e,transport_recovery,train,60,episodes/transport_recovery__0026.npz
transport_recovery__0026:61,transport_recovery__0026,ca2d9ca9edee215e,transport_recovery,train,61,episodes/transport_recovery__0026.npz
transport_recovery__0026:62,transport_recovery__0026,ca2d9ca9edee215e,transport_recovery,train,62,episodes/transport_recovery__0026.npz
transport_recovery__0026:63,transport_recovery__0026,ca2d9ca9edee215e,transport_recovery,train,63,episodes/transport_recovery__0026.npz
transport_recovery__0026:64,transport_recovery__0026,ca2d9ca9edee215e,transport_recovery,train,64,episodes/transport_recovery__0026.npz
transport_recovery__0026:65,transport_recovery__0026,ca2d9ca9edee215e,transport_recovery,train,65,episodes/transport_recovery__0026.npz
transport_recovery__0026:66,transport_recovery__0026,ca2d9ca9edee215e,transport_recovery,train,66,episodes/transport_recovery__0026.npz
transport_recovery__0026:67,transport_recovery__0026,ca2d9ca9edee215e,transport_recovery,train,67,episodes/transport_recovery__0026.npz
transport_recovery__0026:68,transport_recovery__0026,ca2d9ca9edee215e,transport_recovery,train,68,episodes/transport_recovery__0026.npz
transport_recovery__0026:69,transport_recovery__0026,ca2d9ca9edee215e,transport_recovery,train,69,episodes/transport_recovery__0026.npz
transport_recovery__0026:70,transport_recovery__0026,ca2d9ca9edee215e,transport_recovery,train,70,episodes/transport_recovery__0026.npz
transport_recovery__0026:71,transport_recovery__0026,ca2d9ca9edee215e,transport_recovery,train,71,episodes/transport_recovery__0026.npz
transport_recovery__0026:72,transport_recovery__0026,ca2d9ca9edee215e,transport_recovery,train,72,episodes/transport_recovery__0026.npz
transport_recovery__0026:73,transport_recovery__0026,ca2d9ca9edee215e,transport_recovery,train,73,episodes/transport_recovery__0026.npz
transport_recovery__0026:74,transport_recovery__0026,ca2d9ca9edee215e,transport_recovery,train,74,episodes/transport_recovery__0026.npz
transport_recovery__0026:75,transport_recovery__0026,ca2d9ca9edee215e,transport_recovery,train,75,episodes/transport_recovery__0026.npz
transport_recovery__0026:76,transport_recovery__0026,ca2d9ca9edee215e,transport_recovery,train,76,episodes/transport_recovery__0026.npz
transport_recovery__0026:77,transport_recovery__0026,ca2d9ca9edee215e,transport_recovery,train,77,episodes/transport_recovery__0026.npz
transport_recovery__0026:78,transport_recovery__0026,ca2d9ca9edee215e,transport_recovery,train,78,episodes/transport_recovery__0026.npz
transport_recovery__0026:79,transport_recovery__0026,ca2d9ca9edee215e,transport_recovery,train,79,episodes/transport_recovery__0026.npz
transport_recovery__0026:80,transport_recovery__0026,ca2d9ca9edee215e,transport_recovery,train,80,episodes/transport_recovery__0026.npz
transport_recovery__0026:81,transport_recovery__0026,ca2d9ca9edee215e,transport_recovery,train,81,episodes/transport_recovery__0026.npz
transport_recovery__0026:82,transport_recovery__0026,ca2d9ca9edee215e,transport_recovery,train,82,episodes/transport_recovery__0026.npz
transport_recovery__0026:83,transport_recovery__0026,ca2d9ca9edee215e,transport_recovery,train,83,episodes/transport_recovery__0026.npz
transport_recovery__0026:84,transport_recovery__0026,ca2d9ca9edee215e,transport_recovery,train,84,episodes/transport_recovery__0026.npz
transport_recovery__0026:85,transport_recovery__0026,ca2d9ca9edee215e,transport_recovery,train,85,episodes/transport_recovery__0026.npz
transport_recovery__0026:86,transport_recovery__0026,ca2d9ca9edee215e,transport_recovery,train,86,episodes/transport_recovery__0026.npz
transport_recovery__0026:87,transport_recovery__0026,ca2d9ca9edee215e,transport_recovery,train,87,episodes/transport_recovery__0026.npz
transport_recovery__0026:88,transport_recovery__0026,ca2d9ca9edee215e,transport_recovery,train,88,episodes/transport_recovery__0026.npz
transport_recovery__0026:89,transport_recovery__0026,ca2d9ca9edee215e,transport_recovery,train,89,episodes/transport_recovery__0026.npz
transport_recovery__0026:90,transport_recovery__0026,ca2d9ca9edee215e,transport_recovery,train,90,episodes/transport_recovery__0026.npz
transport_recovery__0026:91,transport_recovery__0026,ca2d9ca9edee215e,transport_recovery,train,91,episodes/transport_recovery__0026.npz
transport_recovery__0026:92,transport_recovery__0026,ca2d9ca9edee215e,transport_recovery,train,92,episodes/transport_recovery__0026.npz
transport_recovery__0026:93,transport_recovery__0026,ca2d9ca9edee215e,transport_recovery,train,93,episodes/transport_recovery__0026.npz
transport_recovery__0026:94,transport_recovery__0026,ca2d9ca9edee215e,transport_recovery,train,94,episodes/transport_recovery__0026.npz
transport_recovery__0026:95,transport_recovery__0026,ca2d9ca9edee215e,transport_recovery,train,95,episodes/transport_recovery__0026.npz
transport_recovery__0026:96,transport_recovery__0026,ca2d9ca9edee215e,transport_recovery,train,96,episodes/transport_recovery__0026.npz
transport_recovery__0026:97,transport_recovery__0026,ca2d9ca9edee215e,transport_recovery,train,97,episodes/transport_recovery__0026.npz
transport_recovery__0026:98,transport_recovery__0026,ca2d9ca9edee215e,transport_recovery,train,98,episodes/transport_recovery__0026.npz
transport_recovery__0026:99,transport_recovery__0026,ca2d9ca9edee215e,transport_recovery,train,99,episodes/transport_recovery__0026.npz
transport_recovery__0026:100,transport_recovery__0026,ca2d9ca9edee215e,transport_recovery,train,100,episodes/transport_recovery__0026.npz
transport_recovery__0026:101,transport_recovery__0026,ca2d9ca9edee215e,transport_recovery,train,101,episodes/transport_recovery__0026.npz
transport_recovery__0026:102,transport_recovery__0026,ca2d9ca9edee215e,transport_recovery,train,102,episodes/transport_recovery__0026.npz
transport_recovery__0026:103,transport_recovery__0026,ca2d9ca9edee215e,transport_recovery,train,103,episodes/transport_recovery__0026.npz
transport_recovery__0026:104,transport_recovery__0026,ca2d9ca9edee215e,transport_recovery,train,104,episodes/transport_recovery__0026.npz
transport_recovery__0026:105,transport_recovery__0026,ca2d9ca9edee215e,transport_recovery,train,105,episodes/transport_recovery__0026.npz
transport_recovery__0026:106,transport_recovery__0026,ca2d9ca9edee215e,transport_recovery,train,106,episodes/transport_recovery__0026.npz
transport_recovery__0026:107,transport_recovery__0026,ca2d9ca9edee215e,transport_recovery,train,107,episodes/transport_recovery__0026.npz
transport_recovery__0026:108,transport_recovery__0026,ca2d9ca9edee215e,transport_recovery,train,108,episodes/transport_recovery__0026.npz
transport_recovery__0026:109,transport_recovery__0026,ca2d9ca9edee215e,transport_recovery,train,109,episodes/transport_recovery__0026.npz
transport_recovery__0026:110,transport_recovery__0026,ca2d9ca9edee215e,transport_recovery,train,110,episodes/transport_recovery__0026.npz
transport_recovery__0026:111,transport_recovery__0026,ca2d9ca9edee215e,transport_recovery,train,111,episodes/transport_recovery__0026.npz
transport_recovery__0026:112,transport_recovery__0026,ca2d9ca9edee215e,transport_recovery,train,112,episodes/transport_recovery__0026.npz
transport_recovery__0026:113,transport_recovery__0026,ca2d9ca9edee215e,transport_recovery,train,113,episodes/transport_recovery__0026.npz
transport_recovery__0026:114,transport_recovery__0026,ca2d9ca9edee215e,transport_recovery,train,114,episodes/transport_recovery__0026.npz
transport_recovery__0026:115,transport_recovery__0026,ca2d9ca9edee215e,transport_recovery,train,115,episodes/transport_recovery__0026.npz
transport_recovery__0026:116,transport_recovery__0026,ca2d9ca9edee215e,transport_recovery,train,116,episodes/transport_recovery__0026.npz
transport_recovery__0026:117,transport_recovery__0026,ca2d9ca9edee215e,transport_recovery,train,117,episodes/transport_recovery__0026.npz
transport_recovery__0026:118,transport_recovery__0026,ca2d9ca9edee215e,transport_recovery,train,118,episodes/transport_recovery__0026.npz
transport_recovery__0026:119,transport_recovery__0026,ca2d9ca9edee215e,transport_recovery,train,119,episodes/transport_recovery__0026.npz
transport_recovery__0027:0,transport_recovery__0027,075037a794e82180,transport_recovery,train,0,episodes/transport_recovery__0027.npz
transport_recovery__0027:1,transport_recovery__0027,075037a794e82180,transport_recovery,train,1,episodes/transport_recovery__0027.npz
transport_recovery__0027:2,transport_recovery__0027,075037a794e82180,transport_recovery,train,2,episodes/transport_recovery__0027.npz
transport_recovery__0027:3,transport_recovery__0027,075037a794e82180,transport_recovery,train,3,episodes/transport_recovery__0027.npz
transport_recovery__0027:4,transport_recovery__0027,075037a794e82180,transport_recovery,train,4,episodes/transport_recovery__0027.npz
transport_recovery__0027:5,transport_recovery__0027,075037a794e82180,transport_recovery,train,5,episodes/transport_recovery__0027.npz
transport_recovery__0027:6,transport_recovery__0027,075037a794e82180,transport_recovery,train,6,episodes/transport_recovery__0027.npz
transport_recovery__0027:7,transport_recovery__0027,075037a794e82180,transport_recovery,train,7,episodes/transport_recovery__0027.npz
transport_recovery__0027:8,transport_recovery__0027,075037a794e82180,transport_recovery,train,8,episodes/transport_recovery__0027.npz
transport_recovery__0027:9,transport_recovery__0027,075037a794e82180,transport_recovery,train,9,episodes/transport_recovery__0027.npz
transport_recovery__0027:10,transport_recovery__0027,075037a794e82180,transport_recovery,train,10,episodes/transport_recovery__0027.npz
transport_recovery__0027:11,transport_recovery__0027,075037a794e82180,transport_recovery,train,11,episodes/transport_recovery__0027.npz
transport_recovery__0027:12,transport_recovery__0027,075037a794e82180,transport_recovery,train,12,episodes/transport_recovery__0027.npz
transport_recovery__0027:13,transport_recovery__0027,075037a794e82180,transport_recovery,train,13,episodes/transport_recovery__0027.npz
transport_recovery__0027:14,transport_recovery__0027,075037a794e82180,transport_recovery,train,14,episodes/transport_recovery__0027.npz
transport_recovery__0027:15,transport_recovery__0027,075037a794e82180,transport_recovery,train,15,episodes/transport_recovery__0027.npz
transport_recovery__0027:16,transport_recovery__0027,075037a794e82180,transport_recovery,train,16,episodes/transport_recovery__0027.npz
transport_recovery__0027:17,transport_recovery__0027,075037a794e82180,transport_recovery,train,17,episodes/transport_recovery__0027.npz
transport_recovery__0027:18,transport_recovery__0027,075037a794e82180,transport_recovery,train,18,episodes/transport_recovery__0027.npz
transport_recovery__0027:19,transport_recovery__0027,075037a794e82180,transport_recovery,train,19,episodes/transport_recovery__0027.npz
transport_recovery__0027:20,transport_recovery__0027,075037a794e82180,transport_recovery,train,20,episodes/transport_recovery__0027.npz
transport_recovery__0027:21,transport_recovery__0027,075037a794e82180,transport_recovery,train,21,episodes/transport_recovery__0027.npz
transport_recovery__0027:22,transport_recovery__0027,075037a794e82180,transport_recovery,train,22,episodes/transport_recovery__0027.npz
transport_recovery__0027:23,transport_recovery__0027,075037a794e82180,transport_recovery,train,23,episodes/transport_recovery__0027.npz
transport_recovery__0027:24,transport_recovery__0027,075037a794e82180,transport_recovery,train,24,episodes/transport_recovery__0027.npz
transport_recovery__0027:25,transport_recovery__0027,075037a794e82180,transport_recovery,train,25,episodes/transport_recovery__0027.npz
transport_recovery__0027:26,transport_recovery__0027,075037a794e82180,transport_recovery,train,26,episodes/transport_recovery__0027.npz
transport_recovery__0027:27,transport_recovery__0027,075037a794e82180,transport_recovery,train,27,episodes/transport_recovery__0027.npz
transport_recovery__0027:28,transport_recovery__0027,075037a794e82180,transport_recovery,train,28,episodes/transport_recovery__0027.npz
transport_recovery__0027:29,transport_recovery__0027,075037a794e82180,transport_recovery,train,29,episodes/transport_recovery__0027.npz
transport_recovery__0027:30,transport_recovery__0027,075037a794e82180,transport_recovery,train,30,episodes/transport_recovery__0027.npz
transport_recovery__0027:31,transport_recovery__0027,075037a794e82180,transport_recovery,train,31,episodes/transport_recovery__0027.npz
transport_recovery__0027:32,transport_recovery__0027,075037a794e82180,transport_recovery,train,32,episodes/transport_recovery__0027.npz
transport_recovery__0027:33,transport_recovery__0027,075037a794e82180,transport_recovery,train,33,episodes/transport_recovery__0027.npz
transport_recovery__0027:34,transport_recovery__0027,075037a794e82180,transport_recovery,train,34,episodes/transport_recovery__0027.npz
transport_recovery__0027:35,transport_recovery__0027,075037a794e82180,transport_recovery,train,35,episodes/transport_recovery__0027.npz
transport_recovery__0027:36,transport_recovery__0027,075037a794e82180,transport_recovery,train,36,episodes/transport_recovery__0027.npz
transport_recovery__0027:37,transport_recovery__0027,075037a794e82180,transport_recovery,train,37,episodes/transport_recovery__0027.npz
transport_recovery__0027:38,transport_recovery__0027,075037a794e82180,transport_recovery,train,38,episodes/transport_recovery__0027.npz
transport_recovery__0027:39,transport_recovery__0027,075037a794e82180,transport_recovery,train,39,episodes/transport_recovery__0027.npz
transport_recovery__0027:40,transport_recovery__0027,075037a794e82180,transport_recovery,train,40,episodes/transport_recovery__0027.npz
transport_recovery__0027:41,transport_recovery__0027,075037a794e82180,transport_recovery,train,41,episodes/transport_recovery__0027.npz
transport_recovery__0027:42,transport_recovery__0027,075037a794e82180,transport_recovery,train,42,episodes/transport_recovery__0027.npz
transport_recovery__0027:43,transport_recovery__0027,075037a794e82180,transport_recovery,train,43,episodes/transport_recovery__0027.npz
transport_recovery__0027:44,transport_recovery__0027,075037a794e82180,transport_recovery,train,44,episodes/transport_recovery__0027.npz
transport_recovery__0027:45,transport_recovery__0027,075037a794e82180,transport_recovery,train,45,episodes/transport_recovery__0027.npz
transport_recovery__0027:46,transport_recovery__0027,075037a794e82180,transport_recovery,train,46,episodes/transport_recovery__0027.npz
transport_recovery__0027:47,transport_recovery__0027,075037a794e82180,transport_recovery,train,47,episodes/transport_recovery__0027.npz
transport_recovery__0027:48,transport_recovery__0027,075037a794e82180,transport_recovery,train,48,episodes/transport_recovery__0027.npz
transport_recovery__0027:49,transport_recovery__0027,075037a794e82180,transport_recovery,train,49,episodes/transport_recovery__0027.npz
transport_recovery__0027:50,transport_recovery__0027,075037a794e82180,transport_recovery,train,50,episodes/transport_recovery__0027.npz
transport_recovery__0027:51,transport_recovery__0027,075037a794e82180,transport_recovery,train,51,episodes/transport_recovery__0027.npz
transport_recovery__0027:52,transport_recovery__0027,075037a794e82180,transport_recovery,train,52,episodes/transport_recovery__0027.npz
transport_recovery__0027:53,transport_recovery__0027,075037a794e82180,transport_recovery,train,53,episodes/transport_recovery__0027.npz
transport_recovery__0027:54,transport_recovery__0027,075037a794e82180,transport_recovery,train,54,episodes/transport_recovery__0027.npz
transport_recovery__0027:55,transport_recovery__0027,075037a794e82180,transport_recovery,train,55,episodes/transport_recovery__0027.npz
transport_recovery__0027:56,transport_recovery__0027,075037a794e82180,transport_recovery,train,56,episodes/transport_recovery__0027.npz
transport_recovery__0027:57,transport_recovery__0027,075037a794e82180,transport_recovery,train,57,episodes/transport_recovery__0027.npz
transport_recovery__0027:58,transport_recovery__0027,075037a794e82180,transport_recovery,train,58,episodes/transport_recovery__0027.npz
transport_recovery__0027:59,transport_recovery__0027,075037a794e82180,transport_recovery,train,59,episodes/transport_recovery__0027.npz
transport_recovery__0027:60,transport_recovery__0027,075037a794e82180,transport_recovery,train,60,episodes/transport_recovery__0027.npz
transport_recovery__0027:61,transport_recovery__0027,075037a794e82180,transport_recovery,train,61,episodes/transport_recovery__0027.npz
transport_recovery__0027:62,transport_recovery__0027,075037a794e82180,transport_recovery,train,62,episodes/transport_recovery__0027.npz
transport_recovery__0027:63,transport_recovery__0027,075037a794e82180,transport_recovery,train,63,episodes/transport_recovery__0027.npz
transport_recovery__0027:64,transport_recovery__0027,075037a794e82180,transport_recovery,train,64,episodes/transport_recovery__0027.npz
transport_recovery__0027:65,transport_recovery__0027,075037a794e82180,transport_recovery,train,65,episodes/transport_recovery__0027.npz
transport_recovery__0027:66,transport_recovery__0027,075037a794e82180,transport_recovery,train,66,episodes/transport_recovery__0027.npz
transport_recovery__0027:67,transport_recovery__0027,075037a794e82180,transport_recovery,train,67,episodes/transport_recovery__0027.npz
transport_recovery__0027:68,transport_recovery__0027,075037a794e82180,transport_recovery,train,68,episodes/transport_recovery__0027.npz
transport_recovery__0027:69,transport_recovery__0027,075037a794e82180,transport_recovery,train,69,episodes/transport_recovery__0027.npz
transport_recovery__0027:70,transport_recovery__0027,075037a794e82180,transport_recovery,train,70,episodes/transport_recovery__0027.npz
transport_recovery__0027:71,transport_recovery__0027,075037a794e82180,transport_recovery,train,71,episodes/transport_recovery__0027.npz
transport_recovery__0027:72,transport_recovery__0027,075037a794e82180,transport_recovery,train,72,episodes/transport_recovery__0027.npz
transport_recovery__0027:73,transport_recovery__0027,075037a794e82180,transport_recovery,train,73,episodes/transport_recovery__0027.npz
transport_recovery__0027:74,transport_recovery__0027,075037a794e82180,transport_recovery,train,74,episodes/transport_recovery__0027.npz
transport_recovery__0027:75,transport_recovery__0027,075037a794e82180,transport_recovery,train,75,episodes/transport_recovery__0027.npz
transport_recovery__0027:76,transport_recovery__0027,075037a794e82180,transport_recovery,train,76,episodes/transport_recovery__0027.npz
transport_recovery__0027:77,transport_recovery__0027,075037a794e82180,transport_recovery,train,77,episodes/transport_recovery__0027.npz
transport_recovery__0027:78,transport_recovery__0027,075037a794e82180,transport_recovery,train,78,episodes/transport_recovery__0027.npz
transport_recovery__0027:79,transport_recovery__0027,075037a794e82180,transport_recovery,train,79,episodes/transport_recovery__0027.npz
transport_recovery__0027:80,transport_recovery__0027,075037a794e82180,transport_recovery,train,80,episodes/transport_recovery__0027.npz
transport_recovery__0027:81,transport_recovery__0027,075037a794e82180,transport_recovery,train,81,episodes/transport_recovery__0027.npz
transport_recovery__0027:82,transport_recovery__0027,075037a794e82180,transport_recovery,train,82,episodes/transport_recovery__0027.npz
transport_recovery__0027:83,transport_recovery__0027,075037a794e82180,transport_recovery,train,83,episodes/transport_recovery__0027.npz
transport_recovery__0027:84,transport_recovery__0027,075037a794e82180,transport_recovery,train,84,episodes/transport_recovery__0027.npz
transport_recovery__0027:85,transport_recovery__0027,075037a794e82180,transport_recovery,train,85,episodes/transport_recovery__0027.npz
transport_recovery__0027:86,transport_recovery__0027,075037a794e82180,transport_recovery,train,86,episodes/transport_recovery__0027.npz
transport_recovery__0027:87,transport_recovery__0027,075037a794e82180,transport_recovery,train,87,episodes/transport_recovery__0027.npz
transport_recovery__0027:88,transport_recovery__0027,075037a794e82180,transport_recovery,train,88,episodes/transport_recovery__0027.npz
transport_recovery__0027:89,transport_recovery__0027,075037a794e82180,transport_recovery,train,89,episodes/transport_recovery__0027.npz
transport_recovery__0027:90,transport_recovery__0027,075037a794e82180,transport_recovery,train,90,episodes/transport_recovery__0027.npz
transport_recovery__0027:91,transport_recovery__0027,075037a794e82180,transport_recovery,train,91,episodes/transport_recovery__0027.npz
transport_recovery__0027:92,transport_recovery__0027,075037a794e82180,transport_recovery,train,92,episodes/transport_recovery__0027.npz
transport_recovery__0027:93,transport_recovery__0027,075037a794e82180,transport_recovery,train,93,episodes/transport_recovery__0027.npz
transport_recovery__0027:94,transport_recovery__0027,075037a794e82180,transport_recovery,train,94,episodes/transport_recovery__0027.npz
transport_recovery__0027:95,transport_recovery__0027,075037a794e82180,transport_recovery,train,95,episodes/transport_recovery__0027.npz
transport_recovery__0027:96,transport_recovery__0027,075037a794e82180,transport_recovery,train,96,episodes/transport_recovery__0027.npz
transport_recovery__0027:97,transport_recovery__0027,075037a794e82180,transport_recovery,train,97,episodes/transport_recovery__0027.npz
transport_recovery__0027:98,transport_recovery__0027,075037a794e82180,transport_recovery,train,98,episodes/transport_recovery__0027.npz
transport_recovery__0027:99,transport_recovery__0027,075037a794e82180,transport_recovery,train,99,episodes/transport_recovery__0027.npz
transport_recovery__0027:100,transport_recovery__0027,075037a794e82180,transport_recovery,train,100,episodes/transport_recovery__0027.npz
transport_recovery__0027:101,transport_recovery__0027,075037a794e82180,transport_recovery,train,101,episodes/transport_recovery__0027.npz
transport_recovery__0027:102,transport_recovery__0027,075037a794e82180,transport_recovery,train,102,episodes/transport_recovery__0027.npz
transport_recovery__0027:103,transport_recovery__0027,075037a794e82180,transport_recovery,train,103,episodes/transport_recovery__0027.npz
transport_recovery__0027:104,transport_recovery__0027,075037a794e82180,transport_recovery,train,104,episodes/transport_recovery__0027.npz
transport_recovery__0027:105,transport_recovery__0027,075037a794e82180,transport_recovery,train,105,episodes/transport_recovery__0027.npz
transport_recovery__0027:106,transport_recovery__0027,075037a794e82180,transport_recovery,train,106,episodes/transport_recovery__0027.npz
transport_recovery__0027:107,transport_recovery__0027,075037a794e82180,transport_recovery,train,107,episodes/transport_recovery__0027.npz
transport_recovery__0027:108,transport_recovery__0027,075037a794e82180,transport_recovery,train,108,episodes/transport_recovery__0027.npz
transport_recovery__0027:109,transport_recovery__0027,075037a794e82180,transport_recovery,train,109,episodes/transport_recovery__0027.npz
transport_recovery__0027:110,transport_recovery__0027,075037a794e82180,transport_recovery,train,110,episodes/transport_recovery__0027.npz
transport_recovery__0027:111,transport_recovery__0027,075037a794e82180,transport_recovery,train,111,episodes/transport_recovery__0027.npz
transport_recovery__0027:112,transport_recovery__0027,075037a794e82180,transport_recovery,train,112,episodes/transport_recovery__0027.npz
transport_recovery__0027:113,transport_recovery__0027,075037a794e82180,transport_recovery,train,113,episodes/transport_recovery__0027.npz
transport_recovery__0027:114,transport_recovery__0027,075037a794e82180,transport_recovery,train,114,episodes/transport_recovery__0027.npz
transport_recovery__0027:115,transport_recovery__0027,075037a794e82180,transport_recovery,train,115,episodes/transport_recovery__0027.npz
transport_recovery__0027:116,transport_recovery__0027,075037a794e82180,transport_recovery,train,116,episodes/transport_recovery__0027.npz
transport_recovery__0027:117,transport_recovery__0027,075037a794e82180,transport_recovery,train,117,episodes/transport_recovery__0027.npz
transport_recovery__0027:118,transport_recovery__0027,075037a794e82180,transport_recovery,train,118,episodes/transport_recovery__0027.npz
transport_recovery__0027:119,transport_recovery__0027,075037a794e82180,transport_recovery,train,119,episodes/transport_recovery__0027.npz
transport_recovery__0030:0,transport_recovery__0030,5d4aaff760f2180c,transport_recovery,test,0,episodes/transport_recovery__0030.npz
transport_recovery__0030:1,transport_recovery__0030,5d4aaff760f2180c,transport_recovery,test,1,episodes/transport_recovery__0030.npz
transport_recovery__0030:2,transport_recovery__0030,5d4aaff760f2180c,transport_recovery,test,2,episodes/transport_recovery__0030.npz
transport_recovery__0030:3,transport_recovery__0030,5d4aaff760f2180c,transport_recovery,test,3,episodes/transport_recovery__0030.npz
transport_recovery__0030:4,transport_recovery__0030,5d4aaff760f2180c,transport_recovery,test,4,episodes/transport_recovery__0030.npz
transport_recovery__0030:5,transport_recovery__0030,5d4aaff760f2180c,transport_recovery,test,5,episodes/transport_recovery__0030.npz
transport_recovery__0030:6,transport_recovery__0030,5d4aaff760f2180c,transport_recovery,test,6,episodes/transport_recovery__0030.npz
transport_recovery__0030:7,transport_recovery__0030,5d4aaff760f2180c,transport_recovery,test,7,episodes/transport_recovery__0030.npz
transport_recovery__0030:8,transport_recovery__0030,5d4aaff760f2180c,transport_recovery,test,8,episodes/transport_recovery__0030.npz
transport_recovery__0030:9,transport_recovery__0030,5d4aaff760f2180c,transport_recovery,test,9,episodes/transport_recovery__0030.npz
transport_recovery__0030:10,transport_recovery__0030,5d4aaff760f2180c,transport_recovery,test,10,episodes/transport_recovery__0030.npz
transport_recovery__0030:11,transport_recovery__0030,5d4aaff760f2180c,transport_recovery,test,11,episodes/transport_recovery__0030.npz
transport_recovery__0030:12,transport_recovery__0030,5d4aaff760f2180c,transport_recovery,test,12,episodes/transport_recovery__0030.npz
transport_recovery__0030:13,transport_recovery__0030,5d4aaff760f2180c,transport_recovery,test,13,episodes/transport_recovery__0030.npz
transport_recovery__0030:14,transport_recovery__0030,5d4aaff760f2180c,transport_recovery,test,14,episodes/transport_recovery__0030.npz
transport_recovery__0030:15,transport_recovery__0030,5d4aaff760f2180c,transport_recovery,test,15,episodes/transport_recovery__0030.npz
transport_recovery__0030:16,transport_recovery__0030,5d4aaff760f2180c,transport_recovery,test,16,episodes/transport_recovery__0030.npz
transport_recovery__0030:17,transport_recovery__0030,5d4aaff760f2180c,transport_recovery,test,17,episodes/transport_recovery__0030.npz
transport_recovery__0030:18,transport_recovery__0030,5d4aaff760f2180c,transport_recovery,test,18,episodes/transport_recovery__0030.npz
transport_recovery__0030:19,transport_recovery__0030,5d4aaff760f2180c,transport_recovery,test,19,episodes/transport_recovery__0030.npz
transport_recovery__0030:20,transport_recovery__0030,5d4aaff760f2180c,transport_recovery,test,20,episodes/transport_recovery__0030.npz
transport_recovery__0030:21,transport_recovery__0030,5d4aaff760f2180c,transport_recovery,test,21,episodes/transport_recovery__0030.npz
transport_recovery__0030:22,transport_recovery__0030,5d4aaff760f2180c,transport_recovery,test,22,episodes/transport_recovery__0030.npz
transport_recovery__0030:23,transport_recovery__0030,5d4aaff760f2180c,transport_recovery,test,23,episodes/transport_recovery__0030.npz
transport_recovery__0030:24,transport_recovery__0030,5d4aaff760f2180c,transport_recovery,test,24,episodes/transport_recovery__0030.npz
transport_recovery__0030:25,transport_recovery__0030,5d4aaff760f2180c,transport_recovery,test,25,episodes/transport_recovery__0030.npz
transport_recovery__0030:26,transport_recovery__0030,5d4aaff760f2180c,transport_recovery,test,26,episodes/transport_recovery__0030.npz
transport_recovery__0030:27,transport_recovery__0030,5d4aaff760f2180c,transport_recovery,test,27,episodes/transport_recovery__0030.npz
transport_recovery__0030:28,transport_recovery__0030,5d4aaff760f2180c,transport_recovery,test,28,episodes/transport_recovery__0030.npz
transport_recovery__0030:29,transport_recovery__0030,5d4aaff760f2180c,transport_recovery,test,29,episodes/transport_recovery__0030.npz
transport_recovery__0030:30,transport_recovery__0030,5d4aaff760f2180c,transport_recovery,test,30,episodes/transport_recovery__0030.npz
transport_recovery__0030:31,transport_recovery__0030,5d4aaff760f2180c,transport_recovery,test,31,episodes/transport_recovery__0030.npz
transport_recovery__0030:32,transport_recovery__0030,5d4aaff760f2180c,transport_recovery,test,32,episodes/transport_recovery__0030.npz
transport_recovery__0030:33,transport_recovery__0030,5d4aaff760f2180c,transport_recovery,test,33,episodes/transport_recovery__0030.npz
transport_recovery__0030:34,transport_recovery__0030,5d4aaff760f2180c,transport_recovery,test,34,episodes/transport_recovery__0030.npz
transport_recovery__0030:35,transport_recovery__0030,5d4aaff760f2180c,transport_recovery,test,35,episodes/transport_recovery__0030.npz
transport_recovery__0030:36,transport_recovery__0030,5d4aaff760f2180c,transport_recovery,test,36,episodes/transport_recovery__0030.npz
transport_recovery__0030:37,transport_recovery__0030,5d4aaff760f2180c,transport_recovery,test,37,episodes/transport_recovery__0030.npz
transport_recovery__0030:38,transport_recovery__0030,5d4aaff760f2180c,transport_recovery,test,38,episodes/transport_recovery__0030.npz
transport_recovery__0030:39,transport_recovery__0030,5d4aaff760f2180c,transport_recovery,test,39,episodes/transport_recovery__0030.npz
transport_recovery__0030:40,transport_recovery__0030,5d4aaff760f2180c,transport_recovery,test,40,episodes/transport_recovery__0030.npz
transport_recovery__0030:41,transport_recovery__0030,5d4aaff760f2180c,transport_recovery,test,41,episodes/transport_recovery__0030.npz
transport_recovery__0030:42,transport_recovery__0030,5d4aaff760f2180c,transport_recovery,test,42,episodes/transport_recovery__0030.npz
transport_recovery__0030:43,transport_recovery__0030,5d4aaff760f2180c,transport_recovery,test,43,episodes/transport_recovery__0030.npz
transport_recovery__0030:44,transport_recovery__0030,5d4aaff760f2180c,transport_recovery,test,44,episodes/transport_recovery__0030.npz
transport_recovery__0030:45,transport_recovery__0030,5d4aaff760f2180c,transport_recovery,test,45,episodes/transport_recovery__0030.npz
transport_recovery__0030:46,transport_recovery__0030,5d4aaff760f2180c,transport_recovery,test,46,episodes/transport_recovery__0030.npz
transport_recovery__0030:47,transport_recovery__0030,5d4aaff760f2180c,transport_recovery,test,47,episodes/transport_recovery__0030.npz
transport_recovery__0030:48,transport_recovery__0030,5d4aaff760f2180c,transport_recovery,test,48,episodes/transport_recovery__0030.npz
transport_recovery__0030:49,transport_recovery__0030,5d4aaff760f2180c,transport_recovery,test,49,episodes/transport_recovery__0030.npz
transport_recovery__0030:50,transport_recovery__0030,5d4aaff760f2180c,transport_recovery,test,50,episodes/transport_recovery__0030.npz
transport_recovery__0030:51,transport_recovery__0030,5d4aaff760f2180c,transport_recovery,test,51,episodes/transport_recovery__0030.npz
transport_recovery__0030:52,transport_recovery__0030,5d4aaff760f2180c,transport_recovery,test,52,episodes/transport_recovery__0030.npz
transport_recovery__0030:53,transport_recovery__0030,5d4aaff760f2180c,transport_recovery,test,53,episodes/transport_recovery__0030.npz
transport_recovery__0030:54,transport_recovery__0030,5d4aaff760f2180c,transport_recovery,test,54,episodes/transport_recovery__0030.npz
transport_recovery__0030:55,transport_recovery__0030,5d4aaff760f2180c,transport_recovery,test,55,episodes/transport_recovery__0030.npz
transport_recovery__0030:56,transport_recovery__0030,5d4aaff760f2180c,transport_recovery,test,56,episodes/transport_recovery__0030.npz
transport_recovery__0030:57,transport_recovery__0030,5d4aaff760f2180c,transport_recovery,test,57,episodes/transport_recovery__0030.npz
transport_recovery__0030:58,transport_recovery__0030,5d4aaff760f2180c,transport_recovery,test,58,episodes/transport_recovery__0030.npz
transport_recovery__0030:59,transport_recovery__0030,5d4aaff760f2180c,transport_recovery,test,59,episodes/transport_recovery__0030.npz
transport_recovery__0030:60,transport_recovery__0030,5d4aaff760f2180c,transport_recovery,test,60,episodes/transport_recovery__0030.npz
transport_recovery__0030:61,transport_recovery__0030,5d4aaff760f2180c,transport_recovery,test,61,episodes/transport_recovery__0030.npz
transport_recovery__0030:62,transport_recovery__0030,5d4aaff760f2180c,transport_recovery,test,62,episodes/transport_recovery__0030.npz
transport_recovery__0030:63,transport_recovery__0030,5d4aaff760f2180c,transport_recovery,test,63,episodes/transport_recovery__0030.npz
transport_recovery__0030:64,transport_recovery__0030,5d4aaff760f2180c,transport_recovery,test,64,episodes/transport_recovery__0030.npz
transport_recovery__0030:65,transport_recovery__0030,5d4aaff760f2180c,transport_recovery,test,65,episodes/transport_recovery__0030.npz
transport_recovery__0030:66,transport_recovery__0030,5d4aaff760f2180c,transport_recovery,test,66,episodes/transport_recovery__0030.npz
transport_recovery__0030:67,transport_recovery__0030,5d4aaff760f2180c,transport_recovery,test,67,episodes/transport_recovery__0030.npz
transport_recovery__0030:68,transport_recovery__0030,5d4aaff760f2180c,transport_recovery,test,68,episodes/transport_recovery__0030.npz
transport_recovery__0030:69,transport_recovery__0030,5d4aaff760f2180c,transport_recovery,test,69,episodes/transport_recovery__0030.npz
transport_recovery__0030:70,transport_recovery__0030,5d4aaff760f2180c,transport_recovery,test,70,episodes/transport_recovery__0030.npz
transport_recovery__0030:71,transport_recovery__0030,5d4aaff760f2180c,transport_recovery,test,71,episodes/transport_recovery__0030.npz
transport_recovery__0030:72,transport_recovery__0030,5d4aaff760f2180c,transport_recovery,test,72,episodes/transport_recovery__0030.npz
transport_recovery__0030:73,transport_recovery__0030,5d4aaff760f2180c,transport_recovery,test,73,episodes/transport_recovery__0030.npz
transport_recovery__0030:74,transport_recovery__0030,5d4aaff760f2180c,transport_recovery,test,74,episodes/transport_recovery__0030.npz
transport_recovery__0030:75,transport_recovery__0030,5d4aaff760f2180c,transport_recovery,test,75,episodes/transport_recovery__0030.npz
transport_recovery__0030:76,transport_recovery__0030,5d4aaff760f2180c,transport_recovery,test,76,episodes/transport_recovery__0030.npz
transport_recovery__0030:77,transport_recovery__0030,5d4aaff760f2180c,transport_recovery,test,77,episodes/transport_recovery__0030.npz
transport_recovery__0030:78,transport_recovery__0030,5d4aaff760f2180c,transport_recovery,test,78,episodes/transport_recovery__0030.npz
transport_recovery__0030:79,transport_recovery__0030,5d4aaff760f2180c,transport_recovery,test,79,episodes/transport_recovery__0030.npz
transport_recovery__0030:80,transport_recovery__0030,5d4aaff760f2180c,transport_recovery,test,80,episodes/transport_recovery__0030.npz
transport_recovery__0030:81,transport_recovery__0030,5d4aaff760f2180c,transport_recovery,test,81,episodes/transport_recovery__0030.npz
transport_recovery__0030:82,transport_recovery__0030,5d4aaff760f2180c,transport_recovery,test,82,episodes/transport_recovery__0030.npz
transport_recovery__0030:83,transport_recovery__0030,5d4aaff760f2180c,transport_recovery,test,83,episodes/transport_recovery__0030.npz
transport_recovery__0030:84,transport_recovery__0030,5d4aaff760f2180c,transport_recovery,test,84,episodes/transport_recovery__0030.npz
transport_recovery__0030:85,transport_recovery__0030,5d4aaff760f2180c,transport_recovery,test,85,episodes/transport_recovery__0030.npz
transport_recovery__0030:86,transport_recovery__0030,5d4aaff760f2180c,transport_recovery,test,86,episodes/transport_recovery__0030.npz
transport_recovery__0030:87,transport_recovery__0030,5d4aaff760f2180c,transport_recovery,test,87,episodes/transport_recovery__0030.npz
transport_recovery__0030:88,transport_recovery__0030,5d4aaff760f2180c,transport_recovery,test,88,episodes/transport_recovery__0030.npz
transport_recovery__0030:89,transport_recovery__0030,5d4aaff760f2180c,transport_recovery,test,89,episodes/transport_recovery__0030.npz
transport_recovery__0030:90,transport_recovery__0030,5d4aaff760f2180c,transport_recovery,test,90,episodes/transport_recovery__0030.npz
transport_recovery__0030:91,transport_recovery__0030,5d4aaff760f2180c,transport_recovery,test,91,episodes/transport_recovery__0030.npz
transport_recovery__0030:92,transport_recovery__0030,5d4aaff760f2180c,transport_recovery,test,92,episodes/transport_recovery__0030.npz
transport_recovery__0030:93,transport_recovery__0030,5d4aaff760f2180c,transport_recovery,test,93,episodes/transport_recovery__0030.npz
transport_recovery__0030:94,transport_recovery__0030,5d4aaff760f2180c,transport_recovery,test,94,episodes/transport_recovery__0030.npz
transport_recovery__0030:95,transport_recovery__0030,5d4aaff760f2180c,transport_recovery,test,95,episodes/transport_recovery__0030.npz
transport_recovery__0030:96,transport_recovery__0030,5d4aaff760f2180c,transport_recovery,test,96,episodes/transport_recovery__0030.npz
transport_recovery__0030:97,transport_recovery__0030,5d4aaff760f2180c,transport_recovery,test,97,episodes/transport_recovery__0030.npz
transport_recovery__0030:98,transport_recovery__0030,5d4aaff760f2180c,transport_recovery,test,98,episodes/transport_recovery__0030.npz
transport_recovery__0030:99,transport_recovery__0030,5d4aaff760f2180c,transport_recovery,test,99,episodes/transport_recovery__0030.npz
transport_recovery__0030:100,transport_recovery__0030,5d4aaff760f2180c,transport_recovery,test,100,episodes/transport_recovery__0030.npz
transport_recovery__0030:101,transport_recovery__0030,5d4aaff760f2180c,transport_recovery,test,101,episodes/transport_recovery__0030.npz
transport_recovery__0030:102,transport_recovery__0030,5d4aaff760f2180c,transport_recovery,test,102,episodes/transport_recovery__0030.npz
transport_recovery__0030:103,transport_recovery__0030,5d4aaff760f2180c,transport_recovery,test,103,episodes/transport_recovery__0030.npz
transport_recovery__0030:104,transport_recovery__0030,5d4aaff760f2180c,transport_recovery,test,104,episodes/transport_recovery__0030.npz
transport_recovery__0030:105,transport_recovery__0030,5d4aaff760f2180c,transport_recovery,test,105,episodes/transport_recovery__0030.npz
transport_recovery__0030:106,transport_recovery__0030,5d4aaff760f2180c,transport_recovery,test,106,episodes/transport_recovery__0030.npz
transport_recovery__0030:107,transport_recovery__0030,5d4aaff760f2180c,transport_recovery,test,107,episodes/transport_recovery__0030.npz
transport_recovery__0030:108,transport_recovery__0030,5d4aaff760f2180c,transport_recovery,test,108,episodes/transport_recovery__0030.npz
transport_recovery__0030:109,transport_recovery__0030,5d4aaff760f2180c,transport_recovery,test,109,episodes/transport_recovery__0030.npz
transport_recovery__0030:110,transport_recovery__0030,5d4aaff760f2180c,transport_recovery,test,110,episodes/transport_recovery__0030.npz
transport_recovery__0030:111,transport_recovery__0030,5d4aaff760f2180c,transport_recovery,test,111,episodes/transport_recovery__0030.npz
transport_recovery__0030:112,transport_recovery__0030,5d4aaff760f2180c,transport_recovery,test,112,episodes/transport_recovery__0030.npz
transport_recovery__0030:113,transport_recovery__0030,5d4aaff760f2180c,transport_recovery,test,113,episodes/transport_recovery__0030.npz
transport_recovery__0030:114,transport_recovery__0030,5d4aaff760f2180c,transport_recovery,test,114,episodes/transport_recovery__0030.npz
transport_recovery__0030:115,transport_recovery__0030,5d4aaff760f2180c,transport_recovery,test,115,episodes/transport_recovery__0030.npz
transport_recovery__0030:116,transport_recovery__0030,5d4aaff760f2180c,transport_recovery,test,116,episodes/transport_recovery__0030.npz
transport_recovery__0030:117,transport_recovery__0030,5d4aaff760f2180c,transport_recovery,test,117,episodes/transport_recovery__0030.npz
transport_recovery__0030:118,transport_recovery__0030,5d4aaff760f2180c,transport_recovery,test,118,episodes/transport_recovery__0030.npz
transport_recovery__0030:119,transport_recovery__0030,5d4aaff760f2180c,transport_recovery,test,119,episodes/transport_recovery__0030.npz
transport_recovery__0031:0,transport_recovery__0031,824e13b72eb846b9,transport_recovery,test,0,episodes/transport_recovery__0031.npz
transport_recovery__0031:1,transport_recovery__0031,824e13b72eb846b9,transport_recovery,test,1,episodes/transport_recovery__0031.npz
transport_recovery__0031:2,transport_recovery__0031,824e13b72eb846b9,transport_recovery,test,2,episodes/transport_recovery__0031.npz
transport_recovery__0031:3,transport_recovery__0031,824e13b72eb846b9,transport_recovery,test,3,episodes/transport_recovery__0031.npz
transport_recovery__0031:4,transport_recovery__0031,824e13b72eb846b9,transport_recovery,test,4,episodes/transport_recovery__0031.npz
transport_recovery__0031:5,transport_recovery__0031,824e13b72eb846b9,transport_recovery,test,5,episodes/transport_recovery__0031.npz
transport_recovery__0031:6,transport_recovery__0031,824e13b72eb846b9,transport_recovery,test,6,episodes/transport_recovery__0031.npz
transport_recovery__0031:7,transport_recovery__0031,824e13b72eb846b9,transport_recovery,test,7,episodes/transport_recovery__0031.npz
transport_recovery__0031:8,transport_recovery__0031,824e13b72eb846b9,transport_recovery,test,8,episodes/transport_recovery__0031.npz
transport_recovery__0031:9,transport_recovery__0031,824e13b72eb846b9,transport_recovery,test,9,episodes/transport_recovery__0031.npz
transport_recovery__0031:10,transport_recovery__0031,824e13b72eb846b9,transport_recovery,test,10,episodes/transport_recovery__0031.npz
transport_recovery__0031:11,transport_recovery__0031,824e13b72eb846b9,transport_recovery,test,11,episodes/transport_recovery__0031.npz
transport_recovery__0031:12,transport_recovery__0031,824e13b72eb846b9,transport_recovery,test,12,episodes/transport_recovery__0031.npz
transport_recovery__0031:13,transport_recovery__0031,824e13b72eb846b9,transport_recovery,test,13,episodes/transport_recovery__0031.npz
transport_recovery__0031:14,transport_recovery__0031,824e13b72eb846b9,transport_recovery,test,14,episodes/transport_recovery__0031.npz
transport_recovery__0031:15,transport_recovery__0031,824e13b72eb846b9,transport_recovery,test,15,episodes/transport_recovery__0031.npz
transport_recovery__0031:16,transport_recovery__0031,824e13b72eb846b9,transport_recovery,test,16,episodes/transport_recovery__0031.npz
transport_recovery__0031:17,transport_recovery__0031,824e13b72eb846b9,transport_recovery,test,17,episodes/transport_recovery__0031.npz
transport_recovery__0031:18,transport_recovery__0031,824e13b72eb846b9,transport_recovery,test,18,episodes/transport_recovery__0031.npz
transport_recovery__0031:19,transport_recovery__0031,824e13b72eb846b9,transport_recovery,test,19,episodes/transport_recovery__0031.npz
transport_recovery__0031:20,transport_recovery__0031,824e13b72eb846b9,transport_recovery,test,20,episodes/transport_recovery__0031.npz
transport_recovery__0031:21,transport_recovery__0031,824e13b72eb846b9,transport_recovery,test,21,episodes/transport_recovery__0031.npz
transport_recovery__0031:22,transport_recovery__0031,824e13b72eb846b9,transport_recovery,test,22,episodes/transport_recovery__0031.npz
transport_recovery__0031:23,transport_recovery__0031,824e13b72eb846b9,transport_recovery,test,23,episodes/transport_recovery__0031.npz
transport_recovery__0031:24,transport_recovery__0031,824e13b72eb846b9,transport_recovery,test,24,episodes/transport_recovery__0031.npz
transport_recovery__0031:25,transport_recovery__0031,824e13b72eb846b9,transport_recovery,test,25,episodes/transport_recovery__0031.npz
transport_recovery__0031:26,transport_recovery__0031,824e13b72eb846b9,transport_recovery,test,26,episodes/transport_recovery__0031.npz
transport_recovery__0031:27,transport_recovery__0031,824e13b72eb846b9,transport_recovery,test,27,episodes/transport_recovery__0031.npz
transport_recovery__0031:28,transport_recovery__0031,824e13b72eb846b9,transport_recovery,test,28,episodes/transport_recovery__0031.npz
transport_recovery__0031:29,transport_recovery__0031,824e13b72eb846b9,transport_recovery,test,29,episodes/transport_recovery__0031.npz
transport_recovery__0031:30,transport_recovery__0031,824e13b72eb846b9,transport_recovery,test,30,episodes/transport_recovery__0031.npz
transport_recovery__0031:31,transport_recovery__0031,824e13b72eb846b9,transport_recovery,test,31,episodes/transport_recovery__0031.npz
transport_recovery__0031:32,transport_recovery__0031,824e13b72eb846b9,transport_recovery,test,32,episodes/transport_recovery__0031.npz
transport_recovery__0031:33,transport_recovery__0031,824e13b72eb846b9,transport_recovery,test,33,episodes/transport_recovery__0031.npz
transport_recovery__0031:34,transport_recovery__0031,824e13b72eb846b9,transport_recovery,test,34,episodes/transport_recovery__0031.npz
transport_recovery__0031:35,transport_recovery__0031,824e13b72eb846b9,transport_recovery,test,35,episodes/transport_recovery__0031.npz
transport_recovery__0031:36,transport_recovery__0031,824e13b72eb846b9,transport_recovery,test,36,episodes/transport_recovery__0031.npz
transport_recovery__0031:37,transport_recovery__0031,824e13b72eb846b9,transport_recovery,test,37,episodes/transport_recovery__0031.npz
transport_recovery__0031:38,transport_recovery__0031,824e13b72eb846b9,transport_recovery,test,38,episodes/transport_recovery__0031.npz
transport_recovery__0031:39,transport_recovery__0031,824e13b72eb846b9,transport_recovery,test,39,episodes/transport_recovery__0031.npz
transport_recovery__0031:40,transport_recovery__0031,824e13b72eb846b9,transport_recovery,test,40,episodes/transport_recovery__0031.npz
transport_recovery__0031:41,transport_recovery__0031,824e13b72eb846b9,transport_recovery,test,41,episodes/transport_recovery__0031.npz
transport_recovery__0031:42,transport_recovery__0031,824e13b72eb846b9,transport_recovery,test,42,episodes/transport_recovery__0031.npz
transport_recovery__0031:43,transport_recovery__0031,824e13b72eb846b9,transport_recovery,test,43,episodes/transport_recovery__0031.npz
transport_recovery__0031:44,transport_recovery__0031,824e13b72eb846b9,transport_recovery,test,44,episodes/transport_recovery__0031.npz
transport_recovery__0031:45,transport_recovery__0031,824e13b72eb846b9,transport_recovery,test,45,episodes/transport_recovery__0031.npz
transport_recovery__0031:46,transport_recovery__0031,824e13b72eb846b9,transport_recovery,test,46,episodes/transport_recovery__0031.npz
transport_recovery__0031:47,transport_recovery__0031,824e13b72eb846b9,transport_recovery,test,47,episodes/transport_recovery__0031.npz
transport_recovery__0031:48,transport_recovery__0031,824e13b72eb846b9,transport_recovery,test,48,episodes/transport_recovery__0031.npz
transport_recovery__0031:49,transport_recovery__0031,824e13b72eb846b9,transport_recovery,test,49,episodes/transport_recovery__0031.npz
transport_recovery__0031:50,transport_recovery__0031,824e13b72eb846b9,transport_recovery,test,50,episodes/transport_recovery__0031.npz
transport_recovery__0031:51,transport_recovery__0031,824e13b72eb846b9,transport_recovery,test,51,episodes/transport_recovery__0031.npz
transport_recovery__0031:52,transport_recovery__0031,824e13b72eb846b9,transport_recovery,test,52,episodes/transport_recovery__0031.npz
transport_recovery__0031:53,transport_recovery__0031,824e13b72eb846b9,transport_recovery,test,53,episodes/transport_recovery__0031.npz
transport_recovery__0031:54,transport_recovery__0031,824e13b72eb846b9,transport_recovery,test,54,episodes/transport_recovery__0031.npz
transport_recovery__0031:55,transport_recovery__0031,824e13b72eb846b9,transport_recovery,test,55,episodes/transport_recovery__0031.npz
transport_recovery__0031:56,transport_recovery__0031,824e13b72eb846b9,transport_recovery,test,56,episodes/transport_recovery__0031.npz
transport_recovery__0031:57,transport_recovery__0031,824e13b72eb846b9,transport_recovery,test,57,episodes/transport_recovery__0031.npz
transport_recovery__0031:58,transport_recovery__0031,824e13b72eb846b9,transport_recovery,test,58,episodes/transport_recovery__0031.npz
transport_recovery__0031:59,transport_recovery__0031,824e13b72eb846b9,transport_recovery,test,59,episodes/transport_recovery__0031.npz
transport_recovery__0031:60,transport_recovery__0031,824e13b72eb846b9,transport_recovery,test,60,episodes/transport_recovery__0031.npz
transport_recovery__0031:61,transport_recovery__0031,824e13b72eb846b9,transport_recovery,test,61,episodes/transport_recovery__0031.npz
transport_recovery__0031:62,transport_recovery__0031,824e13b72eb846b9,transport_recovery,test,62,episodes/transport_recovery__0031.npz
transport_recovery__0031:63,transport_recovery__0031,824e13b72eb846b9,transport_recovery,test,63,episodes/transport_recovery__0031.npz
transport_recovery__0031:64,transport_recovery__0031,824e13b72eb846b9,transport_recovery,test,64,episodes/transport_recovery__0031.npz
transport_recovery__0031:65,transport_recovery__0031,824e13b72eb846b9,transport_recovery,test,65,episodes/transport_recovery__0031.npz
transport_recovery__0031:66,transport_recovery__0031,824e13b72eb846b9,transport_recovery,test,66,episodes/transport_recovery__0031.npz
transport_recovery__0031:67,transport_recovery__0031,824e13b72eb846b9,transport_recovery,test,67,episodes/transport_recovery__0031.npz
transport_recovery__0031:68,transport_recovery__0031,824e13b72eb846b9,transport_recovery,test,68,episodes/transport_recovery__0031.npz
transport_recovery__0031:69,transport_recovery__0031,824e13b72eb846b9,transport_recovery,test,69,episodes/transport_recovery__0031.npz
transport_recovery__0031:70,transport_recovery__0031,824e13b72eb846b9,transport_recovery,test,70,episodes/transport_recovery__0031.npz
transport_recovery__0031:71,transport_recovery__0031,824e13b72eb846b9,transport_recovery,test,71,episodes/transport_recovery__0031.npz
transport_recovery__0031:72,transport_recovery__0031,824e13b72eb846b9,transport_recovery,test,72,episodes/transport_recovery__0031.npz
transport_recovery__0031:73,transport_recovery__0031,824e13b72eb846b9,transport_recovery,test,73,episodes/transport_recovery__0031.npz
transport_recovery__0031:74,transport_recovery__0031,824e13b72eb846b9,transport_recovery,test,74,episodes/transport_recovery__0031.npz
transport_recovery__0031:75,transport_recovery__0031,824e13b72eb846b9,transport_recovery,test,75,episodes/transport_recovery__0031.npz
transport_recovery__0031:76,transport_recovery__0031,824e13b72eb846b9,transport_recovery,test,76,episodes/transport_recovery__0031.npz
transport_recovery__0031:77,transport_recovery__0031,824e13b72eb846b9,transport_recovery,test,77,episodes/transport_recovery__0031.npz
transport_recovery__0031:78,transport_recovery__0031,824e13b72eb846b9,transport_recovery,test,78,episodes/transport_recovery__0031.npz
transport_recovery__0031:79,transport_recovery__0031,824e13b72eb846b9,transport_recovery,test,79,episodes/transport_recovery__0031.npz
transport_recovery__0031:80,transport_recovery__0031,824e13b72eb846b9,transport_recovery,test,80,episodes/transport_recovery__0031.npz
transport_recovery__0031:81,transport_recovery__0031,824e13b72eb846b9,transport_recovery,test,81,episodes/transport_recovery__0031.npz
transport_recovery__0031:82,transport_recovery__0031,824e13b72eb846b9,transport_recovery,test,82,episodes/transport_recovery__0031.npz
transport_recovery__0031:83,transport_recovery__0031,824e13b72eb846b9,transport_recovery,test,83,episodes/transport_recovery__0031.npz
transport_recovery__0031:84,transport_recovery__0031,824e13b72eb846b9,transport_recovery,test,84,episodes/transport_recovery__0031.npz
transport_recovery__0031:85,transport_recovery__0031,824e13b72eb846b9,transport_recovery,test,85,episodes/transport_recovery__0031.npz
transport_recovery__0031:86,transport_recovery__0031,824e13b72eb846b9,transport_recovery,test,86,episodes/transport_recovery__0031.npz
transport_recovery__0031:87,transport_recovery__0031,824e13b72eb846b9,transport_recovery,test,87,episodes/transport_recovery__0031.npz
transport_recovery__0031:88,transport_recovery__0031,824e13b72eb846b9,transport_recovery,test,88,episodes/transport_recovery__0031.npz
transport_recovery__0031:89,transport_recovery__0031,824e13b72eb846b9,transport_recovery,test,89,episodes/transport_recovery__0031.npz
transport_recovery__0031:90,transport_recovery__0031,824e13b72eb846b9,transport_recovery,test,90,episodes/transport_recovery__0031.npz
transport_recovery__0031:91,transport_recovery__0031,824e13b72eb846b9,transport_recovery,test,91,episodes/transport_recovery__0031.npz
transport_recovery__0031:92,transport_recovery__0031,824e13b72eb846b9,transport_recovery,test,92,episodes/transport_recovery__0031.npz
transport_recovery__0031:93,transport_recovery__0031,824e13b72eb846b9,transport_recovery,test,93,episodes/transport_recovery__0031.npz
transport_recovery__0031:94,transport_recovery__0031,824e13b72eb846b9,transport_recovery,test,94,episodes/transport_recovery__0031.npz
transport_recovery__0031:95,transport_recovery__0031,824e13b72eb846b9,transport_recovery,test,95,episodes/transport_recovery__0031.npz
transport_recovery__0031:96,transport_recovery__0031,824e13b72eb846b9,transport_recovery,test,96,episodes/transport_recovery__0031.npz
transport_recovery__0031:97,transport_recovery__0031,824e13b72eb846b9,transport_recovery,test,97,episodes/transport_recovery__0031.npz
transport_recovery__0031:98,transport_recovery__0031,824e13b72eb846b9,transport_recovery,test,98,episodes/transport_recovery__0031.npz
transport_recovery__0031:99,transport_recovery__0031,824e13b72eb846b9,transport_recovery,test,99,episodes/transport_recovery__0031.npz
transport_recovery__0031:100,transport_recovery__0031,824e13b72eb846b9,transport_recovery,test,100,episodes/transport_recovery__0031.npz
transport_recovery__0031:101,transport_recovery__0031,824e13b72eb846b9,transport_recovery,test,101,episodes/transport_recovery__0031.npz
transport_recovery__0031:102,transport_recovery__0031,824e13b72eb846b9,transport_recovery,test,102,episodes/transport_recovery__0031.npz
transport_recovery__0031:103,transport_recovery__0031,824e13b72eb846b9,transport_recovery,test,103,episodes/transport_recovery__0031.npz
transport_recovery__0031:104,transport_recovery__0031,824e13b72eb846b9,transport_recovery,test,104,episodes/transport_recovery__0031.npz
transport_recovery__0031:105,transport_recovery__0031,824e13b72eb846b9,transport_recovery,test,105,episodes/transport_recovery__0031.npz
transport_recovery__0031:106,transport_recovery__0031,824e13b72eb846b9,transport_recovery,test,106,episodes/transport_recovery__0031.npz
transport_recovery__0031:107,transport_recovery__0031,824e13b72eb846b9,transport_recovery,test,107,episodes/transport_recovery__0031.npz
transport_recovery__0031:108,transport_recovery__0031,824e13b72eb846b9,transport_recovery,test,108,episodes/transport_recovery__0031.npz
transport_recovery__0031:109,transport_recovery__0031,824e13b72eb846b9,transport_recovery,test,109,episodes/transport_recovery__0031.npz
transport_recovery__0031:110,transport_recovery__0031,824e13b72eb846b9,transport_recovery,test,110,episodes/transport_recovery__0031.npz
transport_recovery__0031:111,transport_recovery__0031,824e13b72eb846b9,transport_recovery,test,111,episodes/transport_recovery__0031.npz
transport_recovery__0031:112,transport_recovery__0031,824e13b72eb846b9,transport_recovery,test,112,episodes/transport_recovery__0031.npz
transport_recovery__0031:113,transport_recovery__0031,824e13b72eb846b9,transport_recovery,test,113,episodes/transport_recovery__0031.npz
transport_recovery__0031:114,transport_recovery__0031,824e13b72eb846b9,transport_recovery,test,114,episodes/transport_recovery__0031.npz
transport_recovery__0031:115,transport_recovery__0031,824e13b72eb846b9,transport_recovery,test,115,episodes/transport_recovery__0031.npz
transport_recovery__0031:116,transport_recovery__0031,824e13b72eb846b9,transport_recovery,test,116,episodes/transport_recovery__0031.npz
transport_recovery__0031:117,transport_recovery__0031,824e13b72eb846b9,transport_recovery,test,117,episodes/transport_recovery__0031.npz
transport_recovery__0031:118,transport_recovery__0031,824e13b72eb846b9,transport_recovery,test,118,episodes/transport_recovery__0031.npz
transport_recovery__0031:119,transport_recovery__0031,824e13b72eb846b9,transport_recovery,test,119,episodes/transport_recovery__0031.npz
transport_recovery__0032:0,transport_recovery__0032,4e516f7adbc1caf4,transport_recovery,train,0,episodes/transport_recovery__0032.npz
transport_recovery__0032:1,transport_recovery__0032,4e516f7adbc1caf4,transport_recovery,train,1,episodes/transport_recovery__0032.npz
transport_recovery__0032:2,transport_recovery__0032,4e516f7adbc1caf4,transport_recovery,train,2,episodes/transport_recovery__0032.npz
transport_recovery__0032:3,transport_recovery__0032,4e516f7adbc1caf4,transport_recovery,train,3,episodes/transport_recovery__0032.npz
transport_recovery__0032:4,transport_recovery__0032,4e516f7adbc1caf4,transport_recovery,train,4,episodes/transport_recovery__0032.npz
transport_recovery__0032:5,transport_recovery__0032,4e516f7adbc1caf4,transport_recovery,train,5,episodes/transport_recovery__0032.npz
transport_recovery__0032:6,transport_recovery__0032,4e516f7adbc1caf4,transport_recovery,train,6,episodes/transport_recovery__0032.npz
transport_recovery__0032:7,transport_recovery__0032,4e516f7adbc1caf4,transport_recovery,train,7,episodes/transport_recovery__0032.npz
transport_recovery__0032:8,transport_recovery__0032,4e516f7adbc1caf4,transport_recovery,train,8,episodes/transport_recovery__0032.npz
transport_recovery__0032:9,transport_recovery__0032,4e516f7adbc1caf4,transport_recovery,train,9,episodes/transport_recovery__0032.npz
transport_recovery__0032:10,transport_recovery__0032,4e516f7adbc1caf4,transport_recovery,train,10,episodes/transport_recovery__0032.npz
transport_recovery__0032:11,transport_recovery__0032,4e516f7adbc1caf4,transport_recovery,train,11,episodes/transport_recovery__0032.npz
transport_recovery__0032:12,transport_recovery__0032,4e516f7adbc1caf4,transport_recovery,train,12,episodes/transport_recovery__0032.npz
transport_recovery__0032:13,transport_recovery__0032,4e516f7adbc1caf4,transport_recovery,train,13,episodes/transport_recovery__0032.npz
transport_recovery__0032:14,transport_recovery__0032,4e516f7adbc1caf4,transport_recovery,train,14,episodes/transport_recovery__0032.npz
transport_recovery__0032:15,transport_recovery__0032,4e516f7adbc1caf4,transport_recovery,train,15,episodes/transport_recovery__0032.npz
transport_recovery__0032:16,transport_recovery__0032,4e516f7adbc1caf4,transport_recovery,train,16,episodes/transport_recovery__0032.npz
transport_recovery__0032:17,transport_recovery__0032,4e516f7adbc1caf4,transport_recovery,train,17,episodes/transport_recovery__0032.npz
transport_recovery__0032:18,transport_recovery__0032,4e516f7adbc1caf4,transport_recovery,train,18,episodes/transport_recovery__0032.npz
transport_recovery__0032:19,transport_recovery__0032,4e516f7adbc1caf4,transport_recovery,train,19,episodes/transport_recovery__0032.npz
transport_recovery__0032:20,transport_recovery__0032,4e516f7adbc1caf4,transport_recovery,train,20,episodes/transport_recovery__0032.npz
transport_recovery__0032:21,transport_recovery__0032,4e516f7adbc1caf4,transport_recovery,train,21,episodes/transport_recovery__0032.npz
transport_recovery__0032:22,transport_recovery__0032,4e516f7adbc1caf4,transport_recovery,train,22,episodes/transport_recovery__0032.npz
transport_recovery__0032:23,transport_recovery__0032,4e516f7adbc1caf4,transport_recovery,train,23,episodes/transport_recovery__0032.npz
transport_recovery__0032:24,transport_recovery__0032,4e516f7adbc1caf4,transport_recovery,train,24,episodes/transport_recovery__0032.npz
transport_recovery__0032:25,transport_recovery__0032,4e516f7adbc1caf4,transport_recovery,train,25,episodes/transport_recovery__0032.npz
transport_recovery__0032:26,transport_recovery__0032,4e516f7adbc1caf4,transport_recovery,train,26,episodes/transport_recovery__0032.npz
transport_recovery__0032:27,transport_recovery__0032,4e516f7adbc1caf4,transport_recovery,train,27,episodes/transport_recovery__0032.npz
transport_recovery__0032:28,transport_recovery__0032,4e516f7adbc1caf4,transport_recovery,train,28,episodes/transport_recovery__0032.npz
transport_recovery__0032:29,transport_recovery__0032,4e516f7adbc1caf4,transport_recovery,train,29,episodes/transport_recovery__0032.npz
transport_recovery__0032:30,transport_recovery__0032,4e516f7adbc1caf4,transport_recovery,train,30,episodes/transport_recovery__0032.npz
transport_recovery__0032:31,transport_recovery__0032,4e516f7adbc1caf4,transport_recovery,train,31,episodes/transport_recovery__0032.npz
transport_recovery__0032:32,transport_recovery__0032,4e516f7adbc1caf4,transport_recovery,train,32,episodes/transport_recovery__0032.npz
transport_recovery__0032:33,transport_recovery__0032,4e516f7adbc1caf4,transport_recovery,train,33,episodes/transport_recovery__0032.npz
transport_recovery__0032:34,transport_recovery__0032,4e516f7adbc1caf4,transport_recovery,train,34,episodes/transport_recovery__0032.npz
transport_recovery__0032:35,transport_recovery__0032,4e516f7adbc1caf4,transport_recovery,train,35,episodes/transport_recovery__0032.npz
transport_recovery__0032:36,transport_recovery__0032,4e516f7adbc1caf4,transport_recovery,train,36,episodes/transport_recovery__0032.npz
transport_recovery__0032:37,transport_recovery__0032,4e516f7adbc1caf4,transport_recovery,train,37,episodes/transport_recovery__0032.npz
transport_recovery__0032:38,transport_recovery__0032,4e516f7adbc1caf4,transport_recovery,train,38,episodes/transport_recovery__0032.npz
transport_recovery__0032:39,transport_recovery__0032,4e516f7adbc1caf4,transport_recovery,train,39,episodes/transport_recovery__0032.npz
transport_recovery__0032:40,transport_recovery__0032,4e516f7adbc1caf4,transport_recovery,train,40,episodes/transport_recovery__0032.npz
transport_recovery__0032:41,transport_recovery__0032,4e516f7adbc1caf4,transport_recovery,train,41,episodes/transport_recovery__0032.npz
transport_recovery__0032:42,transport_recovery__0032,4e516f7adbc1caf4,transport_recovery,train,42,episodes/transport_recovery__0032.npz
transport_recovery__0032:43,transport_recovery__0032,4e516f7adbc1caf4,transport_recovery,train,43,episodes/transport_recovery__0032.npz
transport_recovery__0032:44,transport_recovery__0032,4e516f7adbc1caf4,transport_recovery,train,44,episodes/transport_recovery__0032.npz
transport_recovery__0032:45,transport_recovery__0032,4e516f7adbc1caf4,transport_recovery,train,45,episodes/transport_recovery__0032.npz
transport_recovery__0032:46,transport_recovery__0032,4e516f7adbc1caf4,transport_recovery,train,46,episodes/transport_recovery__0032.npz
transport_recovery__0032:47,transport_recovery__0032,4e516f7adbc1caf4,transport_recovery,train,47,episodes/transport_recovery__0032.npz
transport_recovery__0032:48,transport_recovery__0032,4e516f7adbc1caf4,transport_recovery,train,48,episodes/transport_recovery__0032.npz
transport_recovery__0032:49,transport_recovery__0032,4e516f7adbc1caf4,transport_recovery,train,49,episodes/transport_recovery__0032.npz
transport_recovery__0032:50,transport_recovery__0032,4e516f7adbc1caf4,transport_recovery,train,50,episodes/transport_recovery__0032.npz
transport_recovery__0032:51,transport_recovery__0032,4e516f7adbc1caf4,transport_recovery,train,51,episodes/transport_recovery__0032.npz
transport_recovery__0032:52,transport_recovery__0032,4e516f7adbc1caf4,transport_recovery,train,52,episodes/transport_recovery__0032.npz
transport_recovery__0032:53,transport_recovery__0032,4e516f7adbc1caf4,transport_recovery,train,53,episodes/transport_recovery__0032.npz
transport_recovery__0032:54,transport_recovery__0032,4e516f7adbc1caf4,transport_recovery,train,54,episodes/transport_recovery__0032.npz
transport_recovery__0032:55,transport_recovery__0032,4e516f7adbc1caf4,transport_recovery,train,55,episodes/transport_recovery__0032.npz
transport_recovery__0032:56,transport_recovery__0032,4e516f7adbc1caf4,transport_recovery,train,56,episodes/transport_recovery__0032.npz
transport_recovery__0032:57,transport_recovery__0032,4e516f7adbc1caf4,transport_recovery,train,57,episodes/transport_recovery__0032.npz
transport_recovery__0032:58,transport_recovery__0032,4e516f7adbc1caf4,transport_recovery,train,58,episodes/transport_recovery__0032.npz
transport_recovery__0032:59,transport_recovery__0032,4e516f7adbc1caf4,transport_recovery,train,59,episodes/transport_recovery__0032.npz
transport_recovery__0032:60,transport_recovery__0032,4e516f7adbc1caf4,transport_recovery,train,60,episodes/transport_recovery__0032.npz
transport_recovery__0032:61,transport_recovery__0032,4e516f7adbc1caf4,transport_recovery,train,61,episodes/transport_recovery__0032.npz
transport_recovery__0032:62,transport_recovery__0032,4e516f7adbc1caf4,transport_recovery,train,62,episodes/transport_recovery__0032.npz
transport_recovery__0032:63,transport_recovery__0032,4e516f7adbc1caf4,transport_recovery,train,63,episodes/transport_recovery__0032.npz
transport_recovery__0032:64,transport_recovery__0032,4e516f7adbc1caf4,transport_recovery,train,64,episodes/transport_recovery__0032.npz
transport_recovery__0032:65,transport_recovery__0032,4e516f7adbc1caf4,transport_recovery,train,65,episodes/transport_recovery__0032.npz
transport_recovery__0032:66,transport_recovery__0032,4e516f7adbc1caf4,transport_recovery,train,66,episodes/transport_recovery__0032.npz
transport_recovery__0032:67,transport_recovery__0032,4e516f7adbc1caf4,transport_recovery,train,67,episodes/transport_recovery__0032.npz
transport_recovery__0032:68,transport_recovery__0032,4e516f7adbc1caf4,transport_recovery,train,68,episodes/transport_recovery__0032.npz
transport_recovery__0032:69,transport_recovery__0032,4e516f7adbc1caf4,transport_recovery,train,69,episodes/transport_recovery__0032.npz
transport_recovery__0032:70,transport_recovery__0032,4e516f7adbc1caf4,transport_recovery,train,70,episodes/transport_recovery__0032.npz
transport_recovery__0032:71,transport_recovery__0032,4e516f7adbc1caf4,transport_recovery,train,71,episodes/transport_recovery__0032.npz
transport_recovery__0032:72,transport_recovery__0032,4e516f7adbc1caf4,transport_recovery,train,72,episodes/transport_recovery__0032.npz
transport_recovery__0032:73,transport_recovery__0032,4e516f7adbc1caf4,transport_recovery,train,73,episodes/transport_recovery__0032.npz
transport_recovery__0032:74,transport_recovery__0032,4e516f7adbc1caf4,transport_recovery,train,74,episodes/transport_recovery__0032.npz
transport_recovery__0032:75,transport_recovery__0032,4e516f7adbc1caf4,transport_recovery,train,75,episodes/transport_recovery__0032.npz
transport_recovery__0032:76,transport_recovery__0032,4e516f7adbc1caf4,transport_recovery,train,76,episodes/transport_recovery__0032.npz
transport_recovery__0032:77,transport_recovery__0032,4e516f7adbc1caf4,transport_recovery,train,77,episodes/transport_recovery__0032.npz
transport_recovery__0032:78,transport_recovery__0032,4e516f7adbc1caf4,transport_recovery,train,78,episodes/transport_recovery__0032.npz
transport_recovery__0032:79,transport_recovery__0032,4e516f7adbc1caf4,transport_recovery,train,79,episodes/transport_recovery__0032.npz
transport_recovery__0032:80,transport_recovery__0032,4e516f7adbc1caf4,transport_recovery,train,80,episodes/transport_recovery__0032.npz
transport_recovery__0032:81,transport_recovery__0032,4e516f7adbc1caf4,transport_recovery,train,81,episodes/transport_recovery__0032.npz
transport_recovery__0032:82,transport_recovery__0032,4e516f7adbc1caf4,transport_recovery,train,82,episodes/transport_recovery__0032.npz
transport_recovery__0032:83,transport_recovery__0032,4e516f7adbc1caf4,transport_recovery,train,83,episodes/transport_recovery__0032.npz
transport_recovery__0032:84,transport_recovery__0032,4e516f7adbc1caf4,transport_recovery,train,84,episodes/transport_recovery__0032.npz
transport_recovery__0032:85,transport_recovery__0032,4e516f7adbc1caf4,transport_recovery,train,85,episodes/transport_recovery__0032.npz
transport_recovery__0032:86,transport_recovery__0032,4e516f7adbc1caf4,transport_recovery,train,86,episodes/transport_recovery__0032.npz
transport_recovery__0032:87,transport_recovery__0032,4e516f7adbc1caf4,transport_recovery,train,87,episodes/transport_recovery__0032.npz
transport_recovery__0032:88,transport_recovery__0032,4e516f7adbc1caf4,transport_recovery,train,88,episodes/transport_recovery__0032.npz
transport_recovery__0032:89,transport_recovery__0032,4e516f7adbc1caf4,transport_recovery,train,89,episodes/transport_recovery__0032.npz
transport_recovery__0032:90,transport_recovery__0032,4e516f7adbc1caf4,transport_recovery,train,90,episodes/transport_recovery__0032.npz
transport_recovery__0032:91,transport_recovery__0032,4e516f7adbc1caf4,transport_recovery,train,91,episodes/transport_recovery__0032.npz
transport_recovery__0032:92,transport_recovery__0032,4e516f7adbc1caf4,transport_recovery,train,92,episodes/transport_recovery__0032.npz
transport_recovery__0032:93,transport_recovery__0032,4e516f7adbc1caf4,transport_recovery,train,93,episodes/transport_recovery__0032.npz
transport_recovery__0032:94,transport_recovery__0032,4e516f7adbc1caf4,transport_recovery,train,94,episodes/transport_recovery__0032.npz
transport_recovery__0032:95,transport_recovery__0032,4e516f7adbc1caf4,transport_recovery,train,95,episodes/transport_recovery__0032.npz
transport_recovery__0032:96,transport_recovery__0032,4e516f7adbc1caf4,transport_recovery,train,96,episodes/transport_recovery__0032.npz
transport_recovery__0032:97,transport_recovery__0032,4e516f7adbc1caf4,transport_recovery,train,97,episodes/transport_recovery__0032.npz
transport_recovery__0032:98,transport_recovery__0032,4e516f7adbc1caf4,transport_recovery,train,98,episodes/transport_recovery__0032.npz
transport_recovery__0032:99,transport_recovery__0032,4e516f7adbc1caf4,transport_recovery,train,99,episodes/transport_recovery__0032.npz
transport_recovery__0032:100,transport_recovery__0032,4e516f7adbc1caf4,transport_recovery,train,100,episodes/transport_recovery__0032.npz
transport_recovery__0032:101,transport_recovery__0032,4e516f7adbc1caf4,transport_recovery,train,101,episodes/transport_recovery__0032.npz
transport_recovery__0032:102,transport_recovery__0032,4e516f7adbc1caf4,transport_recovery,train,102,episodes/transport_recovery__0032.npz
transport_recovery__0032:103,transport_recovery__0032,4e516f7adbc1caf4,transport_recovery,train,103,episodes/transport_recovery__0032.npz
transport_recovery__0032:104,transport_recovery__0032,4e516f7adbc1caf4,transport_recovery,train,104,episodes/transport_recovery__0032.npz
transport_recovery__0032:105,transport_recovery__0032,4e516f7adbc1caf4,transport_recovery,train,105,episodes/transport_recovery__0032.npz
transport_recovery__0032:106,transport_recovery__0032,4e516f7adbc1caf4,transport_recovery,train,106,episodes/transport_recovery__0032.npz
transport_recovery__0032:107,transport_recovery__0032,4e516f7adbc1caf4,transport_recovery,train,107,episodes/transport_recovery__0032.npz
transport_recovery__0032:108,transport_recovery__0032,4e516f7adbc1caf4,transport_recovery,train,108,episodes/transport_recovery__0032.npz
transport_recovery__0032:109,transport_recovery__0032,4e516f7adbc1caf4,transport_recovery,train,109,episodes/transport_recovery__0032.npz
transport_recovery__0032:110,transport_recovery__0032,4e516f7adbc1caf4,transport_recovery,train,110,episodes/transport_recovery__0032.npz
transport_recovery__0032:111,transport_recovery__0032,4e516f7adbc1caf4,transport_recovery,train,111,episodes/transport_recovery__0032.npz
transport_recovery__0032:112,transport_recovery__0032,4e516f7adbc1caf4,transport_recovery,train,112,episodes/transport_recovery__0032.npz
transport_recovery__0032:113,transport_recovery__0032,4e516f7adbc1caf4,transport_recovery,train,113,episodes/transport_recovery__0032.npz
transport_recovery__0032:114,transport_recovery__0032,4e516f7adbc1caf4,transport_recovery,train,114,episodes/transport_recovery__0032.npz
transport_recovery__0032:115,transport_recovery__0032,4e516f7adbc1caf4,transport_recovery,train,115,episodes/transport_recovery__0032.npz
transport_recovery__0032:116,transport_recovery__0032,4e516f7adbc1caf4,transport_recovery,train,116,episodes/transport_recovery__0032.npz
transport_recovery__0032:117,transport_recovery__0032,4e516f7adbc1caf4,transport_recovery,train,117,episodes/transport_recovery__0032.npz
transport_recovery__0032:118,transport_recovery__0032,4e516f7adbc1caf4,transport_recovery,train,118,episodes/transport_recovery__0032.npz
transport_recovery__0032:119,transport_recovery__0032,4e516f7adbc1caf4,transport_recovery,train,119,episodes/transport_recovery__0032.npz
transport_recovery__0033:0,transport_recovery__0033,3afa7da94745e8f1,transport_recovery,train,0,episodes/transport_recovery__0033.npz
transport_recovery__0033:1,transport_recovery__0033,3afa7da94745e8f1,transport_recovery,train,1,episodes/transport_recovery__0033.npz
transport_recovery__0033:2,transport_recovery__0033,3afa7da94745e8f1,transport_recovery,train,2,episodes/transport_recovery__0033.npz
transport_recovery__0033:3,transport_recovery__0033,3afa7da94745e8f1,transport_recovery,train,3,episodes/transport_recovery__0033.npz
transport_recovery__0033:4,transport_recovery__0033,3afa7da94745e8f1,transport_recovery,train,4,episodes/transport_recovery__0033.npz
transport_recovery__0033:5,transport_recovery__0033,3afa7da94745e8f1,transport_recovery,train,5,episodes/transport_recovery__0033.npz
transport_recovery__0033:6,transport_recovery__0033,3afa7da94745e8f1,transport_recovery,train,6,episodes/transport_recovery__0033.npz
transport_recovery__0033:7,transport_recovery__0033,3afa7da94745e8f1,transport_recovery,train,7,episodes/transport_recovery__0033.npz
transport_recovery__0033:8,transport_recovery__0033,3afa7da94745e8f1,transport_recovery,train,8,episodes/transport_recovery__0033.npz
transport_recovery__0033:9,transport_recovery__0033,3afa7da94745e8f1,transport_recovery,train,9,episodes/transport_recovery__0033.npz
transport_recovery__0033:10,transport_recovery__0033,3afa7da94745e8f1,transport_recovery,train,10,episodes/transport_recovery__0033.npz
transport_recovery__0033:11,transport_recovery__0033,3afa7da94745e8f1,transport_recovery,train,11,episodes/transport_recovery__0033.npz
transport_recovery__0033:12,transport_recovery__0033,3afa7da94745e8f1,transport_recovery,train,12,episodes/transport_recovery__0033.npz
transport_recovery__0033:13,transport_recovery__0033,3afa7da94745e8f1,transport_recovery,train,13,episodes/transport_recovery__0033.npz
transport_recovery__0033:14,transport_recovery__0033,3afa7da94745e8f1,transport_recovery,train,14,episodes/transport_recovery__0033.npz
transport_recovery__0033:15,transport_recovery__0033,3afa7da94745e8f1,transport_recovery,train,15,episodes/transport_recovery__0033.npz
transport_recovery__0033:16,transport_recovery__0033,3afa7da94745e8f1,transport_recovery,train,16,episodes/transport_recovery__0033.npz
transport_recovery__0033:17,transport_recovery__0033,3afa7da94745e8f1,transport_recovery,train,17,episodes/transport_recovery__0033.npz
transport_recovery__0033:18,transport_recovery__0033,3afa7da94745e8f1,transport_recovery,train,18,episodes/transport_recovery__0033.npz
transport_recovery__0033:19,transport_recovery__0033,3afa7da94745e8f1,transport_recovery,train,19,episodes/transport_recovery__0033.npz
transport_recovery__0033:20,transport_recovery__0033,3afa7da94745e8f1,transport_recovery,train,20,episodes/transport_recovery__0033.npz
transport_recovery__0033:21,transport_recovery__0033,3afa7da94745e8f1,transport_recovery,train,21,episodes/transport_recovery__0033.npz
transport_recovery__0033:22,transport_recovery__0033,3afa7da94745e8f1,transport_recovery,train,22,episodes/transport_recovery__0033.npz
transport_recovery__0033:23,transport_recovery__0033,3afa7da94745e8f1,transport_recovery,train,23,episodes/transport_recovery__0033.npz
transport_recovery__0033:24,transport_recovery__0033,3afa7da94745e8f1,transport_recovery,train,24,episodes/transport_recovery__0033.npz
transport_recovery__0033:25,transport_recovery__0033,3afa7da94745e8f1,transport_recovery,train,25,episodes/transport_recovery__0033.npz
transport_recovery__0033:26,transport_recovery__0033,3afa7da94745e8f1,transport_recovery,train,26,episodes/transport_recovery__0033.npz
transport_recovery__0033:27,transport_recovery__0033,3afa7da94745e8f1,transport_recovery,train,27,episodes/transport_recovery__0033.npz
transport_recovery__0033:28,transport_recovery__0033,3afa7da94745e8f1,transport_recovery,train,28,episodes/transport_recovery__0033.npz
transport_recovery__0033:29,transport_recovery__0033,3afa7da94745e8f1,transport_recovery,train,29,episodes/transport_recovery__0033.npz
transport_recovery__0033:30,transport_recovery__0033,3afa7da94745e8f1,transport_recovery,train,30,episodes/transport_recovery__0033.npz
transport_recovery__0033:31,transport_recovery__0033,3afa7da94745e8f1,transport_recovery,train,31,episodes/transport_recovery__0033.npz
transport_recovery__0033:32,transport_recovery__0033,3afa7da94745e8f1,transport_recovery,train,32,episodes/transport_recovery__0033.npz
transport_recovery__0033:33,transport_recovery__0033,3afa7da94745e8f1,transport_recovery,train,33,episodes/transport_recovery__0033.npz
transport_recovery__0033:34,transport_recovery__0033,3afa7da94745e8f1,transport_recovery,train,34,episodes/transport_recovery__0033.npz
transport_recovery__0033:35,transport_recovery__0033,3afa7da94745e8f1,transport_recovery,train,35,episodes/transport_recovery__0033.npz
transport_recovery__0033:36,transport_recovery__0033,3afa7da94745e8f1,transport_recovery,train,36,episodes/transport_recovery__0033.npz
transport_recovery__0033:37,transport_recovery__0033,3afa7da94745e8f1,transport_recovery,train,37,episodes/transport_recovery__0033.npz
transport_recovery__0033:38,transport_recovery__0033,3afa7da94745e8f1,transport_recovery,train,38,episodes/transport_recovery__0033.npz
transport_recovery__0033:39,transport_recovery__0033,3afa7da94745e8f1,transport_recovery,train,39,episodes/transport_recovery__0033.npz
transport_recovery__0033:40,transport_recovery__0033,3afa7da94745e8f1,transport_recovery,train,40,episodes/transport_recovery__0033.npz
transport_recovery__0033:41,transport_recovery__0033,3afa7da94745e8f1,transport_recovery,train,41,episodes/transport_recovery__0033.npz
transport_recovery__0033:42,transport_recovery__0033,3afa7da94745e8f1,transport_recovery,train,42,episodes/transport_recovery__0033.npz
transport_recovery__0033:43,transport_recovery__0033,3afa7da94745e8f1,transport_recovery,train,43,episodes/transport_recovery__0033.npz
transport_recovery__0033:44,transport_recovery__0033,3afa7da94745e8f1,transport_recovery,train,44,episodes/transport_recovery__0033.npz
transport_recovery__0033:45,transport_recovery__0033,3afa7da94745e8f1,transport_recovery,train,45,episodes/transport_recovery__0033.npz
transport_recovery__0033:46,transport_recovery__0033,3afa7da94745e8f1,transport_recovery,train,46,episodes/transport_recovery__0033.npz
transport_recovery__0033:47,transport_recovery__0033,3afa7da94745e8f1,transport_recovery,train,47,episodes/transport_recovery__0033.npz
transport_recovery__0033:48,transport_recovery__0033,3afa7da94745e8f1,transport_recovery,train,48,episodes/transport_recovery__0033.npz
transport_recovery__0033:49,transport_recovery__0033,3afa7da94745e8f1,transport_recovery,train,49,episodes/transport_recovery__0033.npz
transport_recovery__0033:50,transport_recovery__0033,3afa7da94745e8f1,transport_recovery,train,50,episodes/transport_recovery__0033.npz
transport_recovery__0033:51,transport_recovery__0033,3afa7da94745e8f1,transport_recovery,train,51,episodes/transport_recovery__0033.npz
transport_recovery__0033:52,transport_recovery__0033,3afa7da94745e8f1,transport_recovery,train,52,episodes/transport_recovery__0033.npz
transport_recovery__0033:53,transport_recovery__0033,3afa7da94745e8f1,transport_recovery,train,53,episodes/transport_recovery__0033.npz
transport_recovery__0033:54,transport_recovery__0033,3afa7da94745e8f1,transport_recovery,train,54,episodes/transport_recovery__0033.npz
transport_recovery__0033:55,transport_recovery__0033,3afa7da94745e8f1,transport_recovery,train,55,episodes/transport_recovery__0033.npz
transport_recovery__0033:56,transport_recovery__0033,3afa7da94745e8f1,transport_recovery,train,56,episodes/transport_recovery__0033.npz
transport_recovery__0033:57,transport_recovery__0033,3afa7da94745e8f1,transport_recovery,train,57,episodes/transport_recovery__0033.npz
transport_recovery__0033:58,transport_recovery__0033,3afa7da94745e8f1,transport_recovery,train,58,episodes/transport_recovery__0033.npz
transport_recovery__0033:59,transport_recovery__0033,3afa7da94745e8f1,transport_recovery,train,59,episodes/transport_recovery__0033.npz
transport_recovery__0033:60,transport_recovery__0033,3afa7da94745e8f1,transport_recovery,train,60,episodes/transport_recovery__0033.npz
transport_recovery__0033:61,transport_recovery__0033,3afa7da94745e8f1,transport_recovery,train,61,episodes/transport_recovery__0033.npz
transport_recovery__0033:62,transport_recovery__0033,3afa7da94745e8f1,transport_recovery,train,62,episodes/transport_recovery__0033.npz
transport_recovery__0033:63,transport_recovery__0033,3afa7da94745e8f1,transport_recovery,train,63,episodes/transport_recovery__0033.npz
transport_recovery__0033:64,transport_recovery__0033,3afa7da94745e8f1,transport_recovery,train,64,episodes/transport_recovery__0033.npz
transport_recovery__0033:65,transport_recovery__0033,3afa7da94745e8f1,transport_recovery,train,65,episodes/transport_recovery__0033.npz
transport_recovery__0033:66,transport_recovery__0033,3afa7da94745e8f1,transport_recovery,train,66,episodes/transport_recovery__0033.npz
transport_recovery__0033:67,transport_recovery__0033,3afa7da94745e8f1,transport_recovery,train,67,episodes/transport_recovery__0033.npz
transport_recovery__0033:68,transport_recovery__0033,3afa7da94745e8f1,transport_recovery,train,68,episodes/transport_recovery__0033.npz
transport_recovery__0033:69,transport_recovery__0033,3afa7da94745e8f1,transport_recovery,train,69,episodes/transport_recovery__0033.npz
transport_recovery__0033:70,transport_recovery__0033,3afa7da94745e8f1,transport_recovery,train,70,episodes/transport_recovery__0033.npz
transport_recovery__0033:71,transport_recovery__0033,3afa7da94745e8f1,transport_recovery,train,71,episodes/transport_recovery__0033.npz
transport_recovery__0033:72,transport_recovery__0033,3afa7da94745e8f1,transport_recovery,train,72,episodes/transport_recovery__0033.npz
transport_recovery__0033:73,transport_recovery__0033,3afa7da94745e8f1,transport_recovery,train,73,episodes/transport_recovery__0033.npz
transport_recovery__0033:74,transport_recovery__0033,3afa7da94745e8f1,transport_recovery,train,74,episodes/transport_recovery__0033.npz
transport_recovery__0033:75,transport_recovery__0033,3afa7da94745e8f1,transport_recovery,train,75,episodes/transport_recovery__0033.npz
transport_recovery__0033:76,transport_recovery__0033,3afa7da94745e8f1,transport_recovery,train,76,episodes/transport_recovery__0033.npz
transport_recovery__0033:77,transport_recovery__0033,3afa7da94745e8f1,transport_recovery,train,77,episodes/transport_recovery__0033.npz
transport_recovery__0033:78,transport_recovery__0033,3afa7da94745e8f1,transport_recovery,train,78,episodes/transport_recovery__0033.npz
transport_recovery__0033:79,transport_recovery__0033,3afa7da94745e8f1,transport_recovery,train,79,episodes/transport_recovery__0033.npz
transport_recovery__0033:80,transport_recovery__0033,3afa7da94745e8f1,transport_recovery,train,80,episodes/transport_recovery__0033.npz
transport_recovery__0033:81,transport_recovery__0033,3afa7da94745e8f1,transport_recovery,train,81,episodes/transport_recovery__0033.npz
transport_recovery__0033:82,transport_recovery__0033,3afa7da94745e8f1,transport_recovery,train,82,episodes/transport_recovery__0033.npz
transport_recovery__0033:83,transport_recovery__0033,3afa7da94745e8f1,transport_recovery,train,83,episodes/transport_recovery__0033.npz
transport_recovery__0033:84,transport_recovery__0033,3afa7da94745e8f1,transport_recovery,train,84,episodes/transport_recovery__0033.npz
transport_recovery__0033:85,transport_recovery__0033,3afa7da94745e8f1,transport_recovery,train,85,episodes/transport_recovery__0033.npz
transport_recovery__0033:86,transport_recovery__0033,3afa7da94745e8f1,transport_recovery,train,86,episodes/transport_recovery__0033.npz
transport_recovery__0033:87,transport_recovery__0033,3afa7da94745e8f1,transport_recovery,train,87,episodes/transport_recovery__0033.npz
transport_recovery__0033:88,transport_recovery__0033,3afa7da94745e8f1,transport_recovery,train,88,episodes/transport_recovery__0033.npz
transport_recovery__0033:89,transport_recovery__0033,3afa7da94745e8f1,transport_recovery,train,89,episodes/transport_recovery__0033.npz
transport_recovery__0033:90,transport_recovery__0033,3afa7da94745e8f1,transport_recovery,train,90,episodes/transport_recovery__0033.npz
transport_recovery__0033:91,transport_recovery__0033,3afa7da94745e8f1,transport_recovery,train,91,episodes/transport_recovery__0033.npz
transport_recovery__0033:92,transport_recovery__0033,3afa7da94745e8f1,transport_recovery,train,92,episodes/transport_recovery__0033.npz
transport_recovery__0033:93,transport_recovery__0033,3afa7da94745e8f1,transport_recovery,train,93,episodes/transport_recovery__0033.npz
transport_recovery__0033:94,transport_recovery__0033,3afa7da94745e8f1,transport_recovery,train,94,episodes/transport_recovery__0033.npz
transport_recovery__0033:95,transport_recovery__0033,3afa7da94745e8f1,transport_recovery,train,95,episodes/transport_recovery__0033.npz
transport_recovery__0033:96,transport_recovery__0033,3afa7da94745e8f1,transport_recovery,train,96,episodes/transport_recovery__0033.npz
transport_recovery__0033:97,transport_recovery__0033,3afa7da94745e8f1,transport_recovery,train,97,episodes/transport_recovery__0033.npz
transport_recovery__0033:98,transport_recovery__0033,3afa7da94745e8f1,transport_recovery,train,98,episodes/transport_recovery__0033.npz
transport_recovery__0033:99,transport_recovery__0033,3afa7da94745e8f1,transport_recovery,train,99,episodes/transport_recovery__0033.npz
transport_recovery__0033:100,transport_recovery__0033,3afa7da94745e8f1,transport_recovery,train,100,episodes/transport_recovery__0033.npz
transport_recovery__0033:101,transport_recovery__0033,3afa7da94745e8f1,transport_recovery,train,101,episodes/transport_recovery__0033.npz
transport_recovery__0033:102,transport_recovery__0033,3afa7da94745e8f1,transport_recovery,train,102,episodes/transport_recovery__0033.npz
transport_recovery__0033:103,transport_recovery__0033,3afa7da94745e8f1,transport_recovery,train,103,episodes/transport_recovery__0033.npz
transport_recovery__0033:104,transport_recovery__0033,3afa7da94745e8f1,transport_recovery,train,104,episodes/transport_recovery__0033.npz
transport_recovery__0033:105,transport_recovery__0033,3afa7da94745e8f1,transport_recovery,train,105,episodes/transport_recovery__0033.npz
transport_recovery__0033:106,transport_recovery__0033,3afa7da94745e8f1,transport_recovery,train,106,episodes/transport_recovery__0033.npz
transport_recovery__0033:107,transport_recovery__0033,3afa7da94745e8f1,transport_recovery,train,107,episodes/transport_recovery__0033.npz
transport_recovery__0033:108,transport_recovery__0033,3afa7da94745e8f1,transport_recovery,train,108,episodes/transport_recovery__0033.npz
transport_recovery__0033:109,transport_recovery__0033,3afa7da94745e8f1,transport_recovery,train,109,episodes/transport_recovery__0033.npz
transport_recovery__0033:110,transport_recovery__0033,3afa7da94745e8f1,transport_recovery,train,110,episodes/transport_recovery__0033.npz
transport_recovery__0033:111,transport_recovery__0033,3afa7da94745e8f1,transport_recovery,train,111,episodes/transport_recovery__0033.npz
transport_recovery__0033:112,transport_recovery__0033,3afa7da94745e8f1,transport_recovery,train,112,episodes/transport_recovery__0033.npz
transport_recovery__0033:113,transport_recovery__0033,3afa7da94745e8f1,transport_recovery,train,113,episodes/transport_recovery__0033.npz
transport_recovery__0033:114,transport_recovery__0033,3afa7da94745e8f1,transport_recovery,train,114,episodes/transport_recovery__0033.npz
transport_recovery__0033:115,transport_recovery__0033,3afa7da94745e8f1,transport_recovery,train,115,episodes/transport_recovery__0033.npz
transport_recovery__0033:116,transport_recovery__0033,3afa7da94745e8f1,transport_recovery,train,116,episodes/transport_recovery__0033.npz
transport_recovery__0033:117,transport_recovery__0033,3afa7da94745e8f1,transport_recovery,train,117,episodes/transport_recovery__0033.npz
transport_recovery__0033:118,transport_recovery__0033,3afa7da94745e8f1,transport_recovery,train,118,episodes/transport_recovery__0033.npz
transport_recovery__0033:119,transport_recovery__0033,3afa7da94745e8f1,transport_recovery,train,119,episodes/transport_recovery__0033.npz
transport_recovery__0039:0,transport_recovery__0039,525f9856781928c8,transport_recovery,test,0,episodes/transport_recovery__0039.npz
transport_recovery__0039:1,transport_recovery__0039,525f9856781928c8,transport_recovery,test,1,episodes/transport_recovery__0039.npz
transport_recovery__0039:2,transport_recovery__0039,525f9856781928c8,transport_recovery,test,2,episodes/transport_recovery__0039.npz
transport_recovery__0039:3,transport_recovery__0039,525f9856781928c8,transport_recovery,test,3,episodes/transport_recovery__0039.npz
transport_recovery__0039:4,transport_recovery__0039,525f9856781928c8,transport_recovery,test,4,episodes/transport_recovery__0039.npz
transport_recovery__0039:5,transport_recovery__0039,525f9856781928c8,transport_recovery,test,5,episodes/transport_recovery__0039.npz
transport_recovery__0039:6,transport_recovery__0039,525f9856781928c8,transport_recovery,test,6,episodes/transport_recovery__0039.npz
transport_recovery__0039:7,transport_recovery__0039,525f9856781928c8,transport_recovery,test,7,episodes/transport_recovery__0039.npz
transport_recovery__0039:8,transport_recovery__0039,525f9856781928c8,transport_recovery,test,8,episodes/transport_recovery__0039.npz
transport_recovery__0039:9,transport_recovery__0039,525f9856781928c8,transport_recovery,test,9,episodes/transport_recovery__0039.npz
transport_recovery__0039:10,transport_recovery__0039,525f9856781928c8,transport_recovery,test,10,episodes/transport_recovery__0039.npz
transport_recovery__0039:11,transport_recovery__0039,525f9856781928c8,transport_recovery,test,11,episodes/transport_recovery__0039.npz
transport_recovery__0039:12,transport_recovery__0039,525f9856781928c8,transport_recovery,test,12,episodes/transport_recovery__0039.npz
transport_recovery__0039:13,transport_recovery__0039,525f9856781928c8,transport_recovery,test,13,episodes/transport_recovery__0039.npz
transport_recovery__0039:14,transport_recovery__0039,525f9856781928c8,transport_recovery,test,14,episodes/transport_recovery__0039.npz
transport_recovery__0039:15,transport_recovery__0039,525f9856781928c8,transport_recovery,test,15,episodes/transport_recovery__0039.npz
transport_recovery__0039:16,transport_recovery__0039,525f9856781928c8,transport_recovery,test,16,episodes/transport_recovery__0039.npz
transport_recovery__0039:17,transport_recovery__0039,525f9856781928c8,transport_recovery,test,17,episodes/transport_recovery__0039.npz
transport_recovery__0039:18,transport_recovery__0039,525f9856781928c8,transport_recovery,test,18,episodes/transport_recovery__0039.npz
transport_recovery__0039:19,transport_recovery__0039,525f9856781928c8,transport_recovery,test,19,episodes/transport_recovery__0039.npz
transport_recovery__0039:20,transport_recovery__0039,525f9856781928c8,transport_recovery,test,20,episodes/transport_recovery__0039.npz
transport_recovery__0039:21,transport_recovery__0039,525f9856781928c8,transport_recovery,test,21,episodes/transport_recovery__0039.npz
transport_recovery__0039:22,transport_recovery__0039,525f9856781928c8,transport_recovery,test,22,episodes/transport_recovery__0039.npz
transport_recovery__0039:23,transport_recovery__0039,525f9856781928c8,transport_recovery,test,23,episodes/transport_recovery__0039.npz
transport_recovery__0039:24,transport_recovery__0039,525f9856781928c8,transport_recovery,test,24,episodes/transport_recovery__0039.npz
transport_recovery__0039:25,transport_recovery__0039,525f9856781928c8,transport_recovery,test,25,episodes/transport_recovery__0039.npz
transport_recovery__0039:26,transport_recovery__0039,525f9856781928c8,transport_recovery,test,26,episodes/transport_recovery__0039.npz
transport_recovery__0039:27,transport_recovery__0039,525f9856781928c8,transport_recovery,test,27,episodes/transport_recovery__0039.npz
transport_recovery__0039:28,transport_recovery__0039,525f9856781928c8,transport_recovery,test,28,episodes/transport_recovery__0039.npz
transport_recovery__0039:29,transport_recovery__0039,525f9856781928c8,transport_recovery,test,29,episodes/transport_recovery__0039.npz
transport_recovery__0039:30,transport_recovery__0039,525f9856781928c8,transport_recovery,test,30,episodes/transport_recovery__0039.npz
transport_recovery__0039:31,transport_recovery__0039,525f9856781928c8,transport_recovery,test,31,episodes/transport_recovery__0039.npz
transport_recovery__0039:32,transport_recovery__0039,525f9856781928c8,transport_recovery,test,32,episodes/transport_recovery__0039.npz
transport_recovery__0039:33,transport_recovery__0039,525f9856781928c8,transport_recovery,test,33,episodes/transport_recovery__0039.npz
transport_recovery__0039:34,transport_recovery__0039,525f9856781928c8,transport_recovery,test,34,episodes/transport_recovery__0039.npz
transport_recovery__0039:35,transport_recovery__0039,525f9856781928c8,transport_recovery,test,35,episodes/transport_recovery__0039.npz
transport_recovery__0039:36,transport_recovery__0039,525f9856781928c8,transport_recovery,test,36,episodes/transport_recovery__0039.npz
transport_recovery__0039:37,transport_recovery__0039,525f9856781928c8,transport_recovery,test,37,episodes/transport_recovery__0039.npz
transport_recovery__0039:38,transport_recovery__0039,525f9856781928c8,transport_recovery,test,38,episodes/transport_recovery__0039.npz
transport_recovery__0039:39,transport_recovery__0039,525f9856781928c8,transport_recovery,test,39,episodes/transport_recovery__0039.npz
transport_recovery__0039:40,transport_recovery__0039,525f9856781928c8,transport_recovery,test,40,episodes/transport_recovery__0039.npz
transport_recovery__0039:41,transport_recovery__0039,525f9856781928c8,transport_recovery,test,41,episodes/transport_recovery__0039.npz
transport_recovery__0039:42,transport_recovery__0039,525f9856781928c8,transport_recovery,test,42,episodes/transport_recovery__0039.npz
transport_recovery__0039:43,transport_recovery__0039,525f9856781928c8,transport_recovery,test,43,episodes/transport_recovery__0039.npz
transport_recovery__0039:44,transport_recovery__0039,525f9856781928c8,transport_recovery,test,44,episodes/transport_recovery__0039.npz
transport_recovery__0039:45,transport_recovery__0039,525f9856781928c8,transport_recovery,test,45,episodes/transport_recovery__0039.npz
transport_recovery__0039:46,transport_recovery__0039,525f9856781928c8,transport_recovery,test,46,episodes/transport_recovery__0039.npz
transport_recovery__0039:47,transport_recovery__0039,525f9856781928c8,transport_recovery,test,47,episodes/transport_recovery__0039.npz
transport_recovery__0039:48,transport_recovery__0039,525f9856781928c8,transport_recovery,test,48,episodes/transport_recovery__0039.npz
transport_recovery__0039:49,transport_recovery__0039,525f9856781928c8,transport_recovery,test,49,episodes/transport_recovery__0039.npz
transport_recovery__0039:50,transport_recovery__0039,525f9856781928c8,transport_recovery,test,50,episodes/transport_recovery__0039.npz
transport_recovery__0039:51,transport_recovery__0039,525f9856781928c8,transport_recovery,test,51,episodes/transport_recovery__0039.npz
transport_recovery__0039:52,transport_recovery__0039,525f9856781928c8,transport_recovery,test,52,episodes/transport_recovery__0039.npz
transport_recovery__0039:53,transport_recovery__0039,525f9856781928c8,transport_recovery,test,53,episodes/transport_recovery__0039.npz
transport_recovery__0039:54,transport_recovery__0039,525f9856781928c8,transport_recovery,test,54,episodes/transport_recovery__0039.npz
transport_recovery__0039:55,transport_recovery__0039,525f9856781928c8,transport_recovery,test,55,episodes/transport_recovery__0039.npz
transport_recovery__0039:56,transport_recovery__0039,525f9856781928c8,transport_recovery,test,56,episodes/transport_recovery__0039.npz
transport_recovery__0039:57,transport_recovery__0039,525f9856781928c8,transport_recovery,test,57,episodes/transport_recovery__0039.npz
transport_recovery__0039:58,transport_recovery__0039,525f9856781928c8,transport_recovery,test,58,episodes/transport_recovery__0039.npz
transport_recovery__0039:59,transport_recovery__0039,525f9856781928c8,transport_recovery,test,59,episodes/transport_recovery__0039.npz
transport_recovery__0039:60,transport_recovery__0039,525f9856781928c8,transport_recovery,test,60,episodes/transport_recovery__0039.npz
transport_recovery__0039:61,transport_recovery__0039,525f9856781928c8,transport_recovery,test,61,episodes/transport_recovery__0039.npz
transport_recovery__0039:62,transport_recovery__0039,525f9856781928c8,transport_recovery,test,62,episodes/transport_recovery__0039.npz
transport_recovery__0039:63,transport_recovery__0039,525f9856781928c8,transport_recovery,test,63,episodes/transport_recovery__0039.npz
transport_recovery__0039:64,transport_recovery__0039,525f9856781928c8,transport_recovery,test,64,episodes/transport_recovery__0039.npz
transport_recovery__0039:65,transport_recovery__0039,525f9856781928c8,transport_recovery,test,65,episodes/transport_recovery__0039.npz
transport_recovery__0039:66,transport_recovery__0039,525f9856781928c8,transport_recovery,test,66,episodes/transport_recovery__0039.npz
transport_recovery__0039:67,transport_recovery__0039,525f9856781928c8,transport_recovery,test,67,episodes/transport_recovery__0039.npz
transport_recovery__0039:68,transport_recovery__0039,525f9856781928c8,transport_recovery,test,68,episodes/transport_recovery__0039.npz
transport_recovery__0039:69,transport_recovery__0039,525f9856781928c8,transport_recovery,test,69,episodes/transport_recovery__0039.npz
transport_recovery__0039:70,transport_recovery__0039,525f9856781928c8,transport_recovery,test,70,episodes/transport_recovery__0039.npz
transport_recovery__0039:71,transport_recovery__0039,525f9856781928c8,transport_recovery,test,71,episodes/transport_recovery__0039.npz
transport_recovery__0039:72,transport_recovery__0039,525f9856781928c8,transport_recovery,test,72,episodes/transport_recovery__0039.npz
transport_recovery__0039:73,transport_recovery__0039,525f9856781928c8,transport_recovery,test,73,episodes/transport_recovery__0039.npz
transport_recovery__0039:74,transport_recovery__0039,525f9856781928c8,transport_recovery,test,74,episodes/transport_recovery__0039.npz
transport_recovery__0039:75,transport_recovery__0039,525f9856781928c8,transport_recovery,test,75,episodes/transport_recovery__0039.npz
transport_recovery__0039:76,transport_recovery__0039,525f9856781928c8,transport_recovery,test,76,episodes/transport_recovery__0039.npz
transport_recovery__0039:77,transport_recovery__0039,525f9856781928c8,transport_recovery,test,77,episodes/transport_recovery__0039.npz
transport_recovery__0039:78,transport_recovery__0039,525f9856781928c8,transport_recovery,test,78,episodes/transport_recovery__0039.npz
transport_recovery__0039:79,transport_recovery__0039,525f9856781928c8,transport_recovery,test,79,episodes/transport_recovery__0039.npz
transport_recovery__0039:80,transport_recovery__0039,525f9856781928c8,transport_recovery,test,80,episodes/transport_recovery__0039.npz
transport_recovery__0039:81,transport_recovery__0039,525f9856781928c8,transport_recovery,test,81,episodes/transport_recovery__0039.npz
transport_recovery__0039:82,transport_recovery__0039,525f9856781928c8,transport_recovery,test,82,episodes/transport_recovery__0039.npz
transport_recovery__0039:83,transport_recovery__0039,525f9856781928c8,transport_recovery,test,83,episodes/transport_recovery__0039.npz
transport_recovery__0039:84,transport_recovery__0039,525f9856781928c8,transport_recovery,test,84,episodes/transport_recovery__0039.npz
transport_recovery__0039:85,transport_recovery__0039,525f9856781928c8,transport_recovery,test,85,episodes/transport_recovery__0039.npz
transport_recovery__0039:86,transport_recovery__0039,525f9856781928c8,transport_recovery,test,86,episodes/transport_recovery__0039.npz
transport_recovery__0039:87,transport_recovery__0039,525f9856781928c8,transport_recovery,test,87,episodes/transport_recovery__0039.npz
transport_recovery__0039:88,transport_recovery__0039,525f9856781928c8,transport_recovery,test,88,episodes/transport_recovery__0039.npz
transport_recovery__0039:89,transport_recovery__0039,525f9856781928c8,transport_recovery,test,89,episodes/transport_recovery__0039.npz
transport_recovery__0039:90,transport_recovery__0039,525f9856781928c8,transport_recovery,test,90,episodes/transport_recovery__0039.npz
transport_recovery__0039:91,transport_recovery__0039,525f9856781928c8,transport_recovery,test,91,episodes/transport_recovery__0039.npz
transport_recovery__0039:92,transport_recovery__0039,525f9856781928c8,transport_recovery,test,92,episodes/transport_recovery__0039.npz
transport_recovery__0039:93,transport_recovery__0039,525f9856781928c8,transport_recovery,test,93,episodes/transport_recovery__0039.npz
transport_recovery__0039:94,transport_recovery__0039,525f9856781928c8,transport_recovery,test,94,episodes/transport_recovery__0039.npz
transport_recovery__0039:95,transport_recovery__0039,525f9856781928c8,transport_recovery,test,95,episodes/transport_recovery__0039.npz
transport_recovery__0039:96,transport_recovery__0039,525f9856781928c8,transport_recovery,test,96,episodes/transport_recovery__0039.npz
transport_recovery__0039:97,transport_recovery__0039,525f9856781928c8,transport_recovery,test,97,episodes/transport_recovery__0039.npz
transport_recovery__0039:98,transport_recovery__0039,525f9856781928c8,transport_recovery,test,98,episodes/transport_recovery__0039.npz
transport_recovery__0039:99,transport_recovery__0039,525f9856781928c8,transport_recovery,test,99,episodes/transport_recovery__0039.npz
transport_recovery__0039:100,transport_recovery__0039,525f9856781928c8,transport_recovery,test,100,episodes/transport_recovery__0039.npz
transport_recovery__0039:101,transport_recovery__0039,525f9856781928c8,transport_recovery,test,101,episodes/transport_recovery__0039.npz
transport_recovery__0039:102,transport_recovery__0039,525f9856781928c8,transport_recovery,test,102,episodes/transport_recovery__0039.npz
transport_recovery__0039:103,transport_recovery__0039,525f9856781928c8,transport_recovery,test,103,episodes/transport_recovery__0039.npz
transport_recovery__0039:104,transport_recovery__0039,525f9856781928c8,transport_recovery,test,104,episodes/transport_recovery__0039.npz
transport_recovery__0039:105,transport_recovery__0039,525f9856781928c8,transport_recovery,test,105,episodes/transport_recovery__0039.npz
transport_recovery__0039:106,transport_recovery__0039,525f9856781928c8,transport_recovery,test,106,episodes/transport_recovery__0039.npz
transport_recovery__0039:107,transport_recovery__0039,525f9856781928c8,transport_recovery,test,107,episodes/transport_recovery__0039.npz
transport_recovery__0039:108,transport_recovery__0039,525f9856781928c8,transport_recovery,test,108,episodes/transport_recovery__0039.npz
transport_recovery__0039:109,transport_recovery__0039,525f9856781928c8,transport_recovery,test,109,episodes/transport_recovery__0039.npz
transport_recovery__0039:110,transport_recovery__0039,525f9856781928c8,transport_recovery,test,110,episodes/transport_recovery__0039.npz
transport_recovery__0039:111,transport_recovery__0039,525f9856781928c8,transport_recovery,test,111,episodes/transport_recovery__0039.npz
transport_recovery__0039:112,transport_recovery__0039,525f9856781928c8,transport_recovery,test,112,episodes/transport_recovery__0039.npz
transport_recovery__0039:113,transport_recovery__0039,525f9856781928c8,transport_recovery,test,113,episodes/transport_recovery__0039.npz
transport_recovery__0039:114,transport_recovery__0039,525f9856781928c8,transport_recovery,test,114,episodes/transport_recovery__0039.npz
transport_recovery__0039:115,transport_recovery__0039,525f9856781928c8,transport_recovery,test,115,episodes/transport_recovery__0039.npz
transport_recovery__0039:116,transport_recovery__0039,525f9856781928c8,transport_recovery,test,116,episodes/transport_recovery__0039.npz
transport_recovery__0039:117,transport_recovery__0039,525f9856781928c8,transport_recovery,test,117,episodes/transport_recovery__0039.npz
transport_recovery__0039:118,transport_recovery__0039,525f9856781928c8,transport_recovery,test,118,episodes/transport_recovery__0039.npz
transport_recovery__0039:119,transport_recovery__0039,525f9856781928c8,transport_recovery,test,119,episodes/transport_recovery__0039.npz
transport_recovery__0040:0,transport_recovery__0040,68f32b646050f4d7,transport_recovery,val,0,episodes/transport_recovery__0040.npz
transport_recovery__0040:1,transport_recovery__0040,68f32b646050f4d7,transport_recovery,val,1,episodes/transport_recovery__0040.npz
transport_recovery__0040:2,transport_recovery__0040,68f32b646050f4d7,transport_recovery,val,2,episodes/transport_recovery__0040.npz
transport_recovery__0040:3,transport_recovery__0040,68f32b646050f4d7,transport_recovery,val,3,episodes/transport_recovery__0040.npz
transport_recovery__0040:4,transport_recovery__0040,68f32b646050f4d7,transport_recovery,val,4,episodes/transport_recovery__0040.npz
transport_recovery__0040:5,transport_recovery__0040,68f32b646050f4d7,transport_recovery,val,5,episodes/transport_recovery__0040.npz
transport_recovery__0040:6,transport_recovery__0040,68f32b646050f4d7,transport_recovery,val,6,episodes/transport_recovery__0040.npz
transport_recovery__0040:7,transport_recovery__0040,68f32b646050f4d7,transport_recovery,val,7,episodes/transport_recovery__0040.npz
transport_recovery__0040:8,transport_recovery__0040,68f32b646050f4d7,transport_recovery,val,8,episodes/transport_recovery__0040.npz
transport_recovery__0040:9,transport_recovery__0040,68f32b646050f4d7,transport_recovery,val,9,episodes/transport_recovery__0040.npz
transport_recovery__0040:10,transport_recovery__0040,68f32b646050f4d7,transport_recovery,val,10,episodes/transport_recovery__0040.npz
transport_recovery__0040:11,transport_recovery__0040,68f32b646050f4d7,transport_recovery,val,11,episodes/transport_recovery__0040.npz
transport_recovery__0040:12,transport_recovery__0040,68f32b646050f4d7,transport_recovery,val,12,episodes/transport_recovery__0040.npz
transport_recovery__0040:13,transport_recovery__0040,68f32b646050f4d7,transport_recovery,val,13,episodes/transport_recovery__0040.npz
transport_recovery__0040:14,transport_recovery__0040,68f32b646050f4d7,transport_recovery,val,14,episodes/transport_recovery__0040.npz
transport_recovery__0040:15,transport_recovery__0040,68f32b646050f4d7,transport_recovery,val,15,episodes/transport_recovery__0040.npz
transport_recovery__0040:16,transport_recovery__0040,68f32b646050f4d7,transport_recovery,val,16,episodes/transport_recovery__0040.npz
transport_recovery__0040:17,transport_recovery__0040,68f32b646050f4d7,transport_recovery,val,17,episodes/transport_recovery__0040.npz
transport_recovery__0040:18,transport_recovery__0040,68f32b646050f4d7,transport_recovery,val,18,episodes/transport_recovery__0040.npz
transport_recovery__0040:19,transport_recovery__0040,68f32b646050f4d7,transport_recovery,val,19,episodes/transport_recovery__0040.npz
transport_recovery__0040:20,transport_recovery__0040,68f32b646050f4d7,transport_recovery,val,20,episodes/transport_recovery__0040.npz
transport_recovery__0040:21,transport_recovery__0040,68f32b646050f4d7,transport_recovery,val,21,episodes/transport_recovery__0040.npz
transport_recovery__0040:22,transport_recovery__0040,68f32b646050f4d7,transport_recovery,val,22,episodes/transport_recovery__0040.npz
transport_recovery__0040:23,transport_recovery__0040,68f32b646050f4d7,transport_recovery,val,23,episodes/transport_recovery__0040.npz
transport_recovery__0040:24,transport_recovery__0040,68f32b646050f4d7,transport_recovery,val,24,episodes/transport_recovery__0040.npz
transport_recovery__0040:25,transport_recovery__0040,68f32b646050f4d7,transport_recovery,val,25,episodes/transport_recovery__0040.npz
transport_recovery__0040:26,transport_recovery__0040,68f32b646050f4d7,transport_recovery,val,26,episodes/transport_recovery__0040.npz
transport_recovery__0040:27,transport_recovery__0040,68f32b646050f4d7,transport_recovery,val,27,episodes/transport_recovery__0040.npz
transport_recovery__0040:28,transport_recovery__0040,68f32b646050f4d7,transport_recovery,val,28,episodes/transport_recovery__0040.npz
transport_recovery__0040:29,transport_recovery__0040,68f32b646050f4d7,transport_recovery,val,29,episodes/transport_recovery__0040.npz
transport_recovery__0040:30,transport_recovery__0040,68f32b646050f4d7,transport_recovery,val,30,episodes/transport_recovery__0040.npz
transport_recovery__0040:31,transport_recovery__0040,68f32b646050f4d7,transport_recovery,val,31,episodes/transport_recovery__0040.npz
transport_recovery__0040:32,transport_recovery__0040,68f32b646050f4d7,transport_recovery,val,32,episodes/transport_recovery__0040.npz
transport_recovery__0040:33,transport_recovery__0040,68f32b646050f4d7,transport_recovery,val,33,episodes/transport_recovery__0040.npz
transport_recovery__0040:34,transport_recovery__0040,68f32b646050f4d7,transport_recovery,val,34,episodes/transport_recovery__0040.npz
transport_recovery__0040:35,transport_recovery__0040,68f32b646050f4d7,transport_recovery,val,35,episodes/transport_recovery__0040.npz
transport_recovery__0040:36,transport_recovery__0040,68f32b646050f4d7,transport_recovery,val,36,episodes/transport_recovery__0040.npz
transport_recovery__0040:37,transport_recovery__0040,68f32b646050f4d7,transport_recovery,val,37,episodes/transport_recovery__0040.npz
transport_recovery__0040:38,transport_recovery__0040,68f32b646050f4d7,transport_recovery,val,38,episodes/transport_recovery__0040.npz
transport_recovery__0040:39,transport_recovery__0040,68f32b646050f4d7,transport_recovery,val,39,episodes/transport_recovery__0040.npz
transport_recovery__0040:40,transport_recovery__0040,68f32b646050f4d7,transport_recovery,val,40,episodes/transport_recovery__0040.npz
transport_recovery__0040:41,transport_recovery__0040,68f32b646050f4d7,transport_recovery,val,41,episodes/transport_recovery__0040.npz
transport_recovery__0040:42,transport_recovery__0040,68f32b646050f4d7,transport_recovery,val,42,episodes/transport_recovery__0040.npz
transport_recovery__0040:43,transport_recovery__0040,68f32b646050f4d7,transport_recovery,val,43,episodes/transport_recovery__0040.npz
transport_recovery__0040:44,transport_recovery__0040,68f32b646050f4d7,transport_recovery,val,44,episodes/transport_recovery__0040.npz
transport_recovery__0040:45,transport_recovery__0040,68f32b646050f4d7,transport_recovery,val,45,episodes/transport_recovery__0040.npz
transport_recovery__0040:46,transport_recovery__0040,68f32b646050f4d7,transport_recovery,val,46,episodes/transport_recovery__0040.npz
transport_recovery__0040:47,transport_recovery__0040,68f32b646050f4d7,transport_recovery,val,47,episodes/transport_recovery__0040.npz
transport_recovery__0040:48,transport_recovery__0040,68f32b646050f4d7,transport_recovery,val,48,episodes/transport_recovery__0040.npz
transport_recovery__0040:49,transport_recovery__0040,68f32b646050f4d7,transport_recovery,val,49,episodes/transport_recovery__0040.npz
transport_recovery__0040:50,transport_recovery__0040,68f32b646050f4d7,transport_recovery,val,50,episodes/transport_recovery__0040.npz
transport_recovery__0040:51,transport_recovery__0040,68f32b646050f4d7,transport_recovery,val,51,episodes/transport_recovery__0040.npz
transport_recovery__0040:52,transport_recovery__0040,68f32b646050f4d7,transport_recovery,val,52,episodes/transport_recovery__0040.npz
transport_recovery__0040:53,transport_recovery__0040,68f32b646050f4d7,transport_recovery,val,53,episodes/transport_recovery__0040.npz
transport_recovery__0040:54,transport_recovery__0040,68f32b646050f4d7,transport_recovery,val,54,episodes/transport_recovery__0040.npz
transport_recovery__0040:55,transport_recovery__0040,68f32b646050f4d7,transport_recovery,val,55,episodes/transport_recovery__0040.npz
transport_recovery__0040:56,transport_recovery__0040,68f32b646050f4d7,transport_recovery,val,56,episodes/transport_recovery__0040.npz
transport_recovery__0040:57,transport_recovery__0040,68f32b646050f4d7,transport_recovery,val,57,episodes/transport_recovery__0040.npz
transport_recovery__0040:58,transport_recovery__0040,68f32b646050f4d7,transport_recovery,val,58,episodes/transport_recovery__0040.npz
transport_recovery__0040:59,transport_recovery__0040,68f32b646050f4d7,transport_recovery,val,59,episodes/transport_recovery__0040.npz
transport_recovery__0040:60,transport_recovery__0040,68f32b646050f4d7,transport_recovery,val,60,episodes/transport_recovery__0040.npz
transport_recovery__0040:61,transport_recovery__0040,68f32b646050f4d7,transport_recovery,val,61,episodes/transport_recovery__0040.npz
transport_recovery__0040:62,transport_recovery__0040,68f32b646050f4d7,transport_recovery,val,62,episodes/transport_recovery__0040.npz
transport_recovery__0040:63,transport_recovery__0040,68f32b646050f4d7,transport_recovery,val,63,episodes/transport_recovery__0040.npz
transport_recovery__0040:64,transport_recovery__0040,68f32b646050f4d7,transport_recovery,val,64,episodes/transport_recovery__0040.npz
transport_recovery__0040:65,transport_recovery__0040,68f32b646050f4d7,transport_recovery,val,65,episodes/transport_recovery__0040.npz
transport_recovery__0040:66,transport_recovery__0040,68f32b646050f4d7,transport_recovery,val,66,episodes/transport_recovery__0040.npz
transport_recovery__0040:67,transport_recovery__0040,68f32b646050f4d7,transport_recovery,val,67,episodes/transport_recovery__0040.npz
transport_recovery__0040:68,transport_recovery__0040,68f32b646050f4d7,transport_recovery,val,68,episodes/transport_recovery__0040.npz
transport_recovery__0040:69,transport_recovery__0040,68f32b646050f4d7,transport_recovery,val,69,episodes/transport_recovery__0040.npz
transport_recovery__0040:70,transport_recovery__0040,68f32b646050f4d7,transport_recovery,val,70,episodes/transport_recovery__0040.npz
transport_recovery__0040:71,transport_recovery__0040,68f32b646050f4d7,transport_recovery,val,71,episodes/transport_recovery__0040.npz
transport_recovery__0040:72,transport_recovery__0040,68f32b646050f4d7,transport_recovery,val,72,episodes/transport_recovery__0040.npz
transport_recovery__0040:73,transport_recovery__0040,68f32b646050f4d7,transport_recovery,val,73,episodes/transport_recovery__0040.npz
transport_recovery__0040:74,transport_recovery__0040,68f32b646050f4d7,transport_recovery,val,74,episodes/transport_recovery__0040.npz
transport_recovery__0040:75,transport_recovery__0040,68f32b646050f4d7,transport_recovery,val,75,episodes/transport_recovery__0040.npz
transport_recovery__0040:76,transport_recovery__0040,68f32b646050f4d7,transport_recovery,val,76,episodes/transport_recovery__0040.npz
transport_recovery__0040:77,transport_recovery__0040,68f32b646050f4d7,transport_recovery,val,77,episodes/transport_recovery__0040.npz
transport_recovery__0040:78,transport_recovery__0040,68f32b646050f4d7,transport_recovery,val,78,episodes/transport_recovery__0040.npz
transport_recovery__0040:79,transport_recovery__0040,68f32b646050f4d7,transport_recovery,val,79,episodes/transport_recovery__0040.npz
transport_recovery__0040:80,transport_recovery__0040,68f32b646050f4d7,transport_recovery,val,80,episodes/transport_recovery__0040.npz
transport_recovery__0040:81,transport_recovery__0040,68f32b646050f4d7,transport_recovery,val,81,episodes/transport_recovery__0040.npz
transport_recovery__0040:82,transport_recovery__0040,68f32b646050f4d7,transport_recovery,val,82,episodes/transport_recovery__0040.npz
transport_recovery__0040:83,transport_recovery__0040,68f32b646050f4d7,transport_recovery,val,83,episodes/transport_recovery__0040.npz
transport_recovery__0040:84,transport_recovery__0040,68f32b646050f4d7,transport_recovery,val,84,episodes/transport_recovery__0040.npz
transport_recovery__0040:85,transport_recovery__0040,68f32b646050f4d7,transport_recovery,val,85,episodes/transport_recovery__0040.npz
transport_recovery__0040:86,transport_recovery__0040,68f32b646050f4d7,transport_recovery,val,86,episodes/transport_recovery__0040.npz
transport_recovery__0040:87,transport_recovery__0040,68f32b646050f4d7,transport_recovery,val,87,episodes/transport_recovery__0040.npz
transport_recovery__0040:88,transport_recovery__0040,68f32b646050f4d7,transport_recovery,val,88,episodes/transport_recovery__0040.npz
transport_recovery__0040:89,transport_recovery__0040,68f32b646050f4d7,transport_recovery,val,89,episodes/transport_recovery__0040.npz
transport_recovery__0040:90,transport_recovery__0040,68f32b646050f4d7,transport_recovery,val,90,episodes/transport_recovery__0040.npz
transport_recovery__0040:91,transport_recovery__0040,68f32b646050f4d7,transport_recovery,val,91,episodes/transport_recovery__0040.npz
transport_recovery__0040:92,transport_recovery__0040,68f32b646050f4d7,transport_recovery,val,92,episodes/transport_recovery__0040.npz
transport_recovery__0040:93,transport_recovery__0040,68f32b646050f4d7,transport_recovery,val,93,episodes/transport_recovery__0040.npz
transport_recovery__0040:94,transport_recovery__0040,68f32b646050f4d7,transport_recovery,val,94,episodes/transport_recovery__0040.npz
transport_recovery__0040:95,transport_recovery__0040,68f32b646050f4d7,transport_recovery,val,95,episodes/transport_recovery__0040.npz
transport_recovery__0040:96,transport_recovery__0040,68f32b646050f4d7,transport_recovery,val,96,episodes/transport_recovery__0040.npz
transport_recovery__0040:97,transport_recovery__0040,68f32b646050f4d7,transport_recovery,val,97,episodes/transport_recovery__0040.npz
transport_recovery__0040:98,transport_recovery__0040,68f32b646050f4d7,transport_recovery,val,98,episodes/transport_recovery__0040.npz
transport_recovery__0040:99,transport_recovery__0040,68f32b646050f4d7,transport_recovery,val,99,episodes/transport_recovery__0040.npz
transport_recovery__0040:100,transport_recovery__0040,68f32b646050f4d7,transport_recovery,val,100,episodes/transport_recovery__0040.npz
transport_recovery__0040:101,transport_recovery__0040,68f32b646050f4d7,transport_recovery,val,101,episodes/transport_recovery__0040.npz
transport_recovery__0040:102,transport_recovery__0040,68f32b646050f4d7,transport_recovery,val,102,episodes/transport_recovery__0040.npz
transport_recovery__0040:103,transport_recovery__0040,68f32b646050f4d7,transport_recovery,val,103,episodes/transport_recovery__0040.npz
transport_recovery__0040:104,transport_recovery__0040,68f32b646050f4d7,transport_recovery,val,104,episodes/transport_recovery__0040.npz
transport_recovery__0040:105,transport_recovery__0040,68f32b646050f4d7,transport_recovery,val,105,episodes/transport_recovery__0040.npz
transport_recovery__0040:106,transport_recovery__0040,68f32b646050f4d7,transport_recovery,val,106,episodes/transport_recovery__0040.npz
transport_recovery__0040:107,transport_recovery__0040,68f32b646050f4d7,transport_recovery,val,107,episodes/transport_recovery__0040.npz
transport_recovery__0040:108,transport_recovery__0040,68f32b646050f4d7,transport_recovery,val,108,episodes/transport_recovery__0040.npz
transport_recovery__0040:109,transport_recovery__0040,68f32b646050f4d7,transport_recovery,val,109,episodes/transport_recovery__0040.npz
transport_recovery__0040:110,transport_recovery__0040,68f32b646050f4d7,transport_recovery,val,110,episodes/transport_recovery__0040.npz
transport_recovery__0040:111,transport_recovery__0040,68f32b646050f4d7,transport_recovery,val,111,episodes/transport_recovery__0040.npz
transport_recovery__0040:112,transport_recovery__0040,68f32b646050f4d7,transport_recovery,val,112,episodes/transport_recovery__0040.npz
transport_recovery__0040:113,transport_recovery__0040,68f32b646050f4d7,transport_recovery,val,113,episodes/transport_recovery__0040.npz
transport_recovery__0040:114,transport_recovery__0040,68f32b646050f4d7,transport_recovery,val,114,episodes/transport_recovery__0040.npz
transport_recovery__0040:115,transport_recovery__0040,68f32b646050f4d7,transport_recovery,val,115,episodes/transport_recovery__0040.npz
transport_recovery__0040:116,transport_recovery__0040,68f32b646050f4d7,transport_recovery,val,116,episodes/transport_recovery__0040.npz
transport_recovery__0040:117,transport_recovery__0040,68f32b646050f4d7,transport_recovery,val,117,episodes/transport_recovery__0040.npz
transport_recovery__0040:118,transport_recovery__0040,68f32b646050f4d7,transport_recovery,val,118,episodes/transport_recovery__0040.npz
transport_recovery__0040:119,transport_recovery__0040,68f32b646050f4d7,transport_recovery,val,119,episodes/transport_recovery__0040.npz
transport_recovery__0041:0,transport_recovery__0041,5f82d437c75fed69,transport_recovery,test,0,episodes/transport_recovery__0041.npz
transport_recovery__0041:1,transport_recovery__0041,5f82d437c75fed69,transport_recovery,test,1,episodes/transport_recovery__0041.npz
transport_recovery__0041:2,transport_recovery__0041,5f82d437c75fed69,transport_recovery,test,2,episodes/transport_recovery__0041.npz
transport_recovery__0041:3,transport_recovery__0041,5f82d437c75fed69,transport_recovery,test,3,episodes/transport_recovery__0041.npz
transport_recovery__0041:4,transport_recovery__0041,5f82d437c75fed69,transport_recovery,test,4,episodes/transport_recovery__0041.npz
transport_recovery__0041:5,transport_recovery__0041,5f82d437c75fed69,transport_recovery,test,5,episodes/transport_recovery__0041.npz
transport_recovery__0041:6,transport_recovery__0041,5f82d437c75fed69,transport_recovery,test,6,episodes/transport_recovery__0041.npz
transport_recovery__0041:7,transport_recovery__0041,5f82d437c75fed69,transport_recovery,test,7,episodes/transport_recovery__0041.npz
transport_recovery__0041:8,transport_recovery__0041,5f82d437c75fed69,transport_recovery,test,8,episodes/transport_recovery__0041.npz
transport_recovery__0041:9,transport_recovery__0041,5f82d437c75fed69,transport_recovery,test,9,episodes/transport_recovery__0041.npz
transport_recovery__0041:10,transport_recovery__0041,5f82d437c75fed69,transport_recovery,test,10,episodes/transport_recovery__0041.npz
transport_recovery__0041:11,transport_recovery__0041,5f82d437c75fed69,transport_recovery,test,11,episodes/transport_recovery__0041.npz
transport_recovery__0041:12,transport_recovery__0041,5f82d437c75fed69,transport_recovery,test,12,episodes/transport_recovery__0041.npz
transport_recovery__0041:13,transport_recovery__0041,5f82d437c75fed69,transport_recovery,test,13,episodes/transport_recovery__0041.npz
transport_recovery__0041:14,transport_recovery__0041,5f82d437c75fed69,transport_recovery,test,14,episodes/transport_recovery__0041.npz
transport_recovery__0041:15,transport_recovery__0041,5f82d437c75fed69,transport_recovery,test,15,episodes/transport_recovery__0041.npz
transport_recovery__0041:16,transport_recovery__0041,5f82d437c75fed69,transport_recovery,test,16,episodes/transport_recovery__0041.npz
transport_recovery__0041:17,transport_recovery__0041,5f82d437c75fed69,transport_recovery,test,17,episodes/transport_recovery__0041.npz
transport_recovery__0041:18,transport_recovery__0041,5f82d437c75fed69,transport_recovery,test,18,episodes/transport_recovery__0041.npz
transport_recovery__0041:19,transport_recovery__0041,5f82d437c75fed69,transport_recovery,test,19,episodes/transport_recovery__0041.npz
transport_recovery__0041:20,transport_recovery__0041,5f82d437c75fed69,transport_recovery,test,20,episodes/transport_recovery__0041.npz
transport_recovery__0041:21,transport_recovery__0041,5f82d437c75fed69,transport_recovery,test,21,episodes/transport_recovery__0041.npz
transport_recovery__0041:22,transport_recovery__0041,5f82d437c75fed69,transport_recovery,test,22,episodes/transport_recovery__0041.npz
transport_recovery__0041:23,transport_recovery__0041,5f82d437c75fed69,transport_recovery,test,23,episodes/transport_recovery__0041.npz
transport_recovery__0041:24,transport_recovery__0041,5f82d437c75fed69,transport_recovery,test,24,episodes/transport_recovery__0041.npz
transport_recovery__0041:25,transport_recovery__0041,5f82d437c75fed69,transport_recovery,test,25,episodes/transport_recovery__0041.npz
transport_recovery__0041:26,transport_recovery__0041,5f82d437c75fed69,transport_recovery,test,26,episodes/transport_recovery__0041.npz
transport_recovery__0041:27,transport_recovery__0041,5f82d437c75fed69,transport_recovery,test,27,episodes/transport_recovery__0041.npz
transport_recovery__0041:28,transport_recovery__0041,5f82d437c75fed69,transport_recovery,test,28,episodes/transport_recovery__0041.npz
transport_recovery__0041:29,transport_recovery__0041,5f82d437c75fed69,transport_recovery,test,29,episodes/transport_recovery__0041.npz
transport_recovery__0041:30,transport_recovery__0041,5f82d437c75fed69,transport_recovery,test,30,episodes/transport_recovery__0041.npz
transport_recovery__0041:31,transport_recovery__0041,5f82d437c75fed69,transport_recovery,test,31,episodes/transport_recovery__0041.npz
transport_recovery__0041:32,transport_recovery__0041,5f82d437c75fed69,transport_recovery,test,32,episodes/transport_recovery__0041.npz
transport_recovery__0041:33,transport_recovery__0041,5f82d437c75fed69,transport_recovery,test,33,episodes/transport_recovery__0041.npz
transport_recovery__0041:34,transport_recovery__0041,5f82d437c75fed69,transport_recovery,test,34,episodes/transport_recovery__0041.npz
transport_recovery__0041:35,transport_recovery__0041,5f82d437c75fed69,transport_recovery,test,35,episodes/transport_recovery__0041.npz
transport_recovery__0041:36,transport_recovery__0041,5f82d437c75fed69,transport_recovery,test,36,episodes/transport_recovery__0041.npz
transport_recovery__0041:37,transport_recovery__0041,5f82d437c75fed69,transport_recovery,test,37,episodes/transport_recovery__0041.npz
transport_recovery__0041:38,transport_recovery__0041,5f82d437c75fed69,transport_recovery,test,38,episodes/transport_recovery__0041.npz
transport_recovery__0041:39,transport_recovery__0041,5f82d437c75fed69,transport_recovery,test,39,episodes/transport_recovery__0041.npz
transport_recovery__0041:40,transport_recovery__0041,5f82d437c75fed69,transport_recovery,test,40,episodes/transport_recovery__0041.npz
transport_recovery__0041:41,transport_recovery__0041,5f82d437c75fed69,transport_recovery,test,41,episodes/transport_recovery__0041.npz
transport_recovery__0041:42,transport_recovery__0041,5f82d437c75fed69,transport_recovery,test,42,episodes/transport_recovery__0041.npz
transport_recovery__0041:43,transport_recovery__0041,5f82d437c75fed69,transport_recovery,test,43,episodes/transport_recovery__0041.npz
transport_recovery__0041:44,transport_recovery__0041,5f82d437c75fed69,transport_recovery,test,44,episodes/transport_recovery__0041.npz
transport_recovery__0041:45,transport_recovery__0041,5f82d437c75fed69,transport_recovery,test,45,episodes/transport_recovery__0041.npz
transport_recovery__0041:46,transport_recovery__0041,5f82d437c75fed69,transport_recovery,test,46,episodes/transport_recovery__0041.npz
transport_recovery__0041:47,transport_recovery__0041,5f82d437c75fed69,transport_recovery,test,47,episodes/transport_recovery__0041.npz
transport_recovery__0041:48,transport_recovery__0041,5f82d437c75fed69,transport_recovery,test,48,episodes/transport_recovery__0041.npz
transport_recovery__0041:49,transport_recovery__0041,5f82d437c75fed69,transport_recovery,test,49,episodes/transport_recovery__0041.npz
transport_recovery__0041:50,transport_recovery__0041,5f82d437c75fed69,transport_recovery,test,50,episodes/transport_recovery__0041.npz
transport_recovery__0041:51,transport_recovery__0041,5f82d437c75fed69,transport_recovery,test,51,episodes/transport_recovery__0041.npz
transport_recovery__0041:52,transport_recovery__0041,5f82d437c75fed69,transport_recovery,test,52,episodes/transport_recovery__0041.npz
transport_recovery__0041:53,transport_recovery__0041,5f82d437c75fed69,transport_recovery,test,53,episodes/transport_recovery__0041.npz
transport_recovery__0041:54,transport_recovery__0041,5f82d437c75fed69,transport_recovery,test,54,episodes/transport_recovery__0041.npz
transport_recovery__0041:55,transport_recovery__0041,5f82d437c75fed69,transport_recovery,test,55,episodes/transport_recovery__0041.npz
transport_recovery__0041:56,transport_recovery__0041,5f82d437c75fed69,transport_recovery,test,56,episodes/transport_recovery__0041.npz
transport_recovery__0041:57,transport_recovery__0041,5f82d437c75fed69,transport_recovery,test,57,episodes/transport_recovery__0041.npz
transport_recovery__0041:58,transport_recovery__0041,5f82d437c75fed69,transport_recovery,test,58,episodes/transport_recovery__0041.npz
transport_recovery__0041:59,transport_recovery__0041,5f82d437c75fed69,transport_recovery,test,59,episodes/transport_recovery__0041.npz
transport_recovery__0041:60,transport_recovery__0041,5f82d437c75fed69,transport_recovery,test,60,episodes/transport_recovery__0041.npz
transport_recovery__0041:61,transport_recovery__0041,5f82d437c75fed69,transport_recovery,test,61,episodes/transport_recovery__0041.npz
transport_recovery__0041:62,transport_recovery__0041,5f82d437c75fed69,transport_recovery,test,62,episodes/transport_recovery__0041.npz
transport_recovery__0041:63,transport_recovery__0041,5f82d437c75fed69,transport_recovery,test,63,episodes/transport_recovery__0041.npz
transport_recovery__0041:64,transport_recovery__0041,5f82d437c75fed69,transport_recovery,test,64,episodes/transport_recovery__0041.npz
transport_recovery__0041:65,transport_recovery__0041,5f82d437c75fed69,transport_recovery,test,65,episodes/transport_recovery__0041.npz
transport_recovery__0041:66,transport_recovery__0041,5f82d437c75fed69,transport_recovery,test,66,episodes/transport_recovery__0041.npz
transport_recovery__0041:67,transport_recovery__0041,5f82d437c75fed69,transport_recovery,test,67,episodes/transport_recovery__0041.npz
transport_recovery__0041:68,transport_recovery__0041,5f82d437c75fed69,transport_recovery,test,68,episodes/transport_recovery__0041.npz
transport_recovery__0041:69,transport_recovery__0041,5f82d437c75fed69,transport_recovery,test,69,episodes/transport_recovery__0041.npz
transport_recovery__0041:70,transport_recovery__0041,5f82d437c75fed69,transport_recovery,test,70,episodes/transport_recovery__0041.npz
transport_recovery__0041:71,transport_recovery__0041,5f82d437c75fed69,transport_recovery,test,71,episodes/transport_recovery__0041.npz
transport_recovery__0041:72,transport_recovery__0041,5f82d437c75fed69,transport_recovery,test,72,episodes/transport_recovery__0041.npz
transport_recovery__0041:73,transport_recovery__0041,5f82d437c75fed69,transport_recovery,test,73,episodes/transport_recovery__0041.npz
transport_recovery__0041:74,transport_recovery__0041,5f82d437c75fed69,transport_recovery,test,74,episodes/transport_recovery__0041.npz
transport_recovery__0041:75,transport_recovery__0041,5f82d437c75fed69,transport_recovery,test,75,episodes/transport_recovery__0041.npz
transport_recovery__0041:76,transport_recovery__0041,5f82d437c75fed69,transport_recovery,test,76,episodes/transport_recovery__0041.npz
transport_recovery__0041:77,transport_recovery__0041,5f82d437c75fed69,transport_recovery,test,77,episodes/transport_recovery__0041.npz
transport_recovery__0041:78,transport_recovery__0041,5f82d437c75fed69,transport_recovery,test,78,episodes/transport_recovery__0041.npz
transport_recovery__0041:79,transport_recovery__0041,5f82d437c75fed69,transport_recovery,test,79,episodes/transport_recovery__0041.npz
transport_recovery__0041:80,transport_recovery__0041,5f82d437c75fed69,transport_recovery,test,80,episodes/transport_recovery__0041.npz
transport_recovery__0041:81,transport_recovery__0041,5f82d437c75fed69,transport_recovery,test,81,episodes/transport_recovery__0041.npz
transport_recovery__0041:82,transport_recovery__0041,5f82d437c75fed69,transport_recovery,test,82,episodes/transport_recovery__0041.npz
transport_recovery__0041:83,transport_recovery__0041,5f82d437c75fed69,transport_recovery,test,83,episodes/transport_recovery__0041.npz
transport_recovery__0041:84,transport_recovery__0041,5f82d437c75fed69,transport_recovery,test,84,episodes/transport_recovery__0041.npz
transport_recovery__0041:85,transport_recovery__0041,5f82d437c75fed69,transport_recovery,test,85,episodes/transport_recovery__0041.npz
transport_recovery__0041:86,transport_recovery__0041,5f82d437c75fed69,transport_recovery,test,86,episodes/transport_recovery__0041.npz
transport_recovery__0041:87,transport_recovery__0041,5f82d437c75fed69,transport_recovery,test,87,episodes/transport_recovery__0041.npz
transport_recovery__0041:88,transport_recovery__0041,5f82d437c75fed69,transport_recovery,test,88,episodes/transport_recovery__0041.npz
transport_recovery__0041:89,transport_recovery__0041,5f82d437c75fed69,transport_recovery,test,89,episodes/transport_recovery__0041.npz
transport_recovery__0041:90,transport_recovery__0041,5f82d437c75fed69,transport_recovery,test,90,episodes/transport_recovery__0041.npz
transport_recovery__0041:91,transport_recovery__0041,5f82d437c75fed69,transport_recovery,test,91,episodes/transport_recovery__0041.npz
transport_recovery__0041:92,transport_recovery__0041,5f82d437c75fed69,transport_recovery,test,92,episodes/transport_recovery__0041.npz
transport_recovery__0041:93,transport_recovery__0041,5f82d437c75fed69,transport_recovery,test,93,episodes/transport_recovery__0041.npz
transport_recovery__0041:94,transport_recovery__0041,5f82d437c75fed69,transport_recovery,test,94,episodes/transport_recovery__0041.npz
transport_recovery__0041:95,transport_recovery__0041,5f82d437c75fed69,transport_recovery,test,95,episodes/transport_recovery__0041.npz
transport_recovery__0041:96,transport_recovery__0041,5f82d437c75fed69,transport_recovery,test,96,episodes/transport_recovery__0041.npz
transport_recovery__0041:97,transport_recovery__0041,5f82d437c75fed69,transport_recovery,test,97,episodes/transport_recovery__0041.npz
transport_recovery__0041:98,transport_recovery__0041,5f82d437c75fed69,transport_recovery,test,98,episodes/transport_recovery__0041.npz
transport_recovery__0041:99,transport_recovery__0041,5f82d437c75fed69,transport_recovery,test,99,episodes/transport_recovery__0041.npz
transport_recovery__0041:100,transport_recovery__0041,5f82d437c75fed69,transport_recovery,test,100,episodes/transport_recovery__0041.npz
transport_recovery__0041:101,transport_recovery__0041,5f82d437c75fed69,transport_recovery,test,101,episodes/transport_recovery__0041.npz
transport_recovery__0041:102,transport_recovery__0041,5f82d437c75fed69,transport_recovery,test,102,episodes/transport_recovery__0041.npz
transport_recovery__0041:103,transport_recovery__0041,5f82d437c75fed69,transport_recovery,test,103,episodes/transport_recovery__0041.npz
transport_recovery__0041:104,transport_recovery__0041,5f82d437c75fed69,transport_recovery,test,104,episodes/transport_recovery__0041.npz
transport_recovery__0041:105,transport_recovery__0041,5f82d437c75fed69,transport_recovery,test,105,episodes/transport_recovery__0041.npz
transport_recovery__0041:106,transport_recovery__0041,5f82d437c75fed69,transport_recovery,test,106,episodes/transport_recovery__0041.npz
transport_recovery__0041:107,transport_recovery__0041,5f82d437c75fed69,transport_recovery,test,107,episodes/transport_recovery__0041.npz
transport_recovery__0041:108,transport_recovery__0041,5f82d437c75fed69,transport_recovery,test,108,episodes/transport_recovery__0041.npz
transport_recovery__0041:109,transport_recovery__0041,5f82d437c75fed69,transport_recovery,test,109,episodes/transport_recovery__0041.npz
transport_recovery__0041:110,transport_recovery__0041,5f82d437c75fed69,transport_recovery,test,110,episodes/transport_recovery__0041.npz
transport_recovery__0041:111,transport_recovery__0041,5f82d437c75fed69,transport_recovery,test,111,episodes/transport_recovery__0041.npz
transport_recovery__0041:112,transport_recovery__0041,5f82d437c75fed69,transport_recovery,test,112,episodes/transport_recovery__0041.npz
transport_recovery__0041:113,transport_recovery__0041,5f82d437c75fed69,transport_recovery,test,113,episodes/transport_recovery__0041.npz
transport_recovery__0041:114,transport_recovery__0041,5f82d437c75fed69,transport_recovery,test,114,episodes/transport_recovery__0041.npz
transport_recovery__0041:115,transport_recovery__0041,5f82d437c75fed69,transport_recovery,test,115,episodes/transport_recovery__0041.npz
transport_recovery__0041:116,transport_recovery__0041,5f82d437c75fed69,transport_recovery,test,116,episodes/transport_recovery__0041.npz
transport_recovery__0041:117,transport_recovery__0041,5f82d437c75fed69,transport_recovery,test,117,episodes/transport_recovery__0041.npz
transport_recovery__0041:118,transport_recovery__0041,5f82d437c75fed69,transport_recovery,test,118,episodes/transport_recovery__0041.npz
transport_recovery__0041:119,transport_recovery__0041,5f82d437c75fed69,transport_recovery,test,119,episodes/transport_recovery__0041.npz
transport_recovery__0042:0,transport_recovery__0042,c3f1e2e32d43989b,transport_recovery,test,0,episodes/transport_recovery__0042.npz
transport_recovery__0042:1,transport_recovery__0042,c3f1e2e32d43989b,transport_recovery,test,1,episodes/transport_recovery__0042.npz
transport_recovery__0042:2,transport_recovery__0042,c3f1e2e32d43989b,transport_recovery,test,2,episodes/transport_recovery__0042.npz
transport_recovery__0042:3,transport_recovery__0042,c3f1e2e32d43989b,transport_recovery,test,3,episodes/transport_recovery__0042.npz
transport_recovery__0042:4,transport_recovery__0042,c3f1e2e32d43989b,transport_recovery,test,4,episodes/transport_recovery__0042.npz
transport_recovery__0042:5,transport_recovery__0042,c3f1e2e32d43989b,transport_recovery,test,5,episodes/transport_recovery__0042.npz
transport_recovery__0042:6,transport_recovery__0042,c3f1e2e32d43989b,transport_recovery,test,6,episodes/transport_recovery__0042.npz
transport_recovery__0042:7,transport_recovery__0042,c3f1e2e32d43989b,transport_recovery,test,7,episodes/transport_recovery__0042.npz
transport_recovery__0042:8,transport_recovery__0042,c3f1e2e32d43989b,transport_recovery,test,8,episodes/transport_recovery__0042.npz
transport_recovery__0042:9,transport_recovery__0042,c3f1e2e32d43989b,transport_recovery,test,9,episodes/transport_recovery__0042.npz
transport_recovery__0042:10,transport_recovery__0042,c3f1e2e32d43989b,transport_recovery,test,10,episodes/transport_recovery__0042.npz
transport_recovery__0042:11,transport_recovery__0042,c3f1e2e32d43989b,transport_recovery,test,11,episodes/transport_recovery__0042.npz
transport_recovery__0042:12,transport_recovery__0042,c3f1e2e32d43989b,transport_recovery,test,12,episodes/transport_recovery__0042.npz
transport_recovery__0042:13,transport_recovery__0042,c3f1e2e32d43989b,transport_recovery,test,13,episodes/transport_recovery__0042.npz
transport_recovery__0042:14,transport_recovery__0042,c3f1e2e32d43989b,transport_recovery,test,14,episodes/transport_recovery__0042.npz
transport_recovery__0042:15,transport_recovery__0042,c3f1e2e32d43989b,transport_recovery,test,15,episodes/transport_recovery__0042.npz
transport_recovery__0042:16,transport_recovery__0042,c3f1e2e32d43989b,transport_recovery,test,16,episodes/transport_recovery__0042.npz
transport_recovery__0042:17,transport_recovery__0042,c3f1e2e32d43989b,transport_recovery,test,17,episodes/transport_recovery__0042.npz
transport_recovery__0042:18,transport_recovery__0042,c3f1e2e32d43989b,transport_recovery,test,18,episodes/transport_recovery__0042.npz
transport_recovery__0042:19,transport_recovery__0042,c3f1e2e32d43989b,transport_recovery,test,19,episodes/transport_recovery__0042.npz
transport_recovery__0042:20,transport_recovery__0042,c3f1e2e32d43989b,transport_recovery,test,20,episodes/transport_recovery__0042.npz
transport_recovery__0042:21,transport_recovery__0042,c3f1e2e32d43989b,transport_recovery,test,21,episodes/transport_recovery__0042.npz
transport_recovery__0042:22,transport_recovery__0042,c3f1e2e32d43989b,transport_recovery,test,22,episodes/transport_recovery__0042.npz
transport_recovery__0042:23,transport_recovery__0042,c3f1e2e32d43989b,transport_recovery,test,23,episodes/transport_recovery__0042.npz
transport_recovery__0042:24,transport_recovery__0042,c3f1e2e32d43989b,transport_recovery,test,24,episodes/transport_recovery__0042.npz
transport_recovery__0042:25,transport_recovery__0042,c3f1e2e32d43989b,transport_recovery,test,25,episodes/transport_recovery__0042.npz
transport_recovery__0042:26,transport_recovery__0042,c3f1e2e32d43989b,transport_recovery,test,26,episodes/transport_recovery__0042.npz
transport_recovery__0042:27,transport_recovery__0042,c3f1e2e32d43989b,transport_recovery,test,27,episodes/transport_recovery__0042.npz
transport_recovery__0042:28,transport_recovery__0042,c3f1e2e32d43989b,transport_recovery,test,28,episodes/transport_recovery__0042.npz
transport_recovery__0042:29,transport_recovery__0042,c3f1e2e32d43989b,transport_recovery,test,29,episodes/transport_recovery__0042.npz
transport_recovery__0042:30,transport_recovery__0042,c3f1e2e32d43989b,transport_recovery,test,30,episodes/transport_recovery__0042.npz
transport_recovery__0042:31,transport_recovery__0042,c3f1e2e32d43989b,transport_recovery,test,31,episodes/transport_recovery__0042.npz
transport_recovery__0042:32,transport_recovery__0042,c3f1e2e32d43989b,transport_recovery,test,32,episodes/transport_recovery__0042.npz
transport_recovery__0042:33,transport_recovery__0042,c3f1e2e32d43989b,transport_recovery,test,33,episodes/transport_recovery__0042.npz
transport_recovery__0042:34,transport_recovery__0042,c3f1e2e32d43989b,transport_recovery,test,34,episodes/transport_recovery__0042.npz
transport_recovery__0042:35,transport_recovery__0042,c3f1e2e32d43989b,transport_recovery,test,35,episodes/transport_recovery__0042.npz
transport_recovery__0042:36,transport_recovery__0042,c3f1e2e32d43989b,transport_recovery,test,36,episodes/transport_recovery__0042.npz
transport_recovery__0042:37,transport_recovery__0042,c3f1e2e32d43989b,transport_recovery,test,37,episodes/transport_recovery__0042.npz
transport_recovery__0042:38,transport_recovery__0042,c3f1e2e32d43989b,transport_recovery,test,38,episodes/transport_recovery__0042.npz
transport_recovery__0042:39,transport_recovery__0042,c3f1e2e32d43989b,transport_recovery,test,39,episodes/transport_recovery__0042.npz
transport_recovery__0042:40,transport_recovery__0042,c3f1e2e32d43989b,transport_recovery,test,40,episodes/transport_recovery__0042.npz
transport_recovery__0042:41,transport_recovery__0042,c3f1e2e32d43989b,transport_recovery,test,41,episodes/transport_recovery__0042.npz
transport_recovery__0042:42,transport_recovery__0042,c3f1e2e32d43989b,transport_recovery,test,42,episodes/transport_recovery__0042.npz
transport_recovery__0042:43,transport_recovery__0042,c3f1e2e32d43989b,transport_recovery,test,43,episodes/transport_recovery__0042.npz
transport_recovery__0042:44,transport_recovery__0042,c3f1e2e32d43989b,transport_recovery,test,44,episodes/transport_recovery__0042.npz
transport_recovery__0042:45,transport_recovery__0042,c3f1e2e32d43989b,transport_recovery,test,45,episodes/transport_recovery__0042.npz
transport_recovery__0042:46,transport_recovery__0042,c3f1e2e32d43989b,transport_recovery,test,46,episodes/transport_recovery__0042.npz
transport_recovery__0042:47,transport_recovery__0042,c3f1e2e32d43989b,transport_recovery,test,47,episodes/transport_recovery__0042.npz
transport_recovery__0042:48,transport_recovery__0042,c3f1e2e32d43989b,transport_recovery,test,48,episodes/transport_recovery__0042.npz
transport_recovery__0042:49,transport_recovery__0042,c3f1e2e32d43989b,transport_recovery,test,49,episodes/transport_recovery__0042.npz
transport_recovery__0042:50,transport_recovery__0042,c3f1e2e32d43989b,transport_recovery,test,50,episodes/transport_recovery__0042.npz
transport_recovery__0042:51,transport_recovery__0042,c3f1e2e32d43989b,transport_recovery,test,51,episodes/transport_recovery__0042.npz
transport_recovery__0042:52,transport_recovery__0042,c3f1e2e32d43989b,transport_recovery,test,52,episodes/transport_recovery__0042.npz
transport_recovery__0042:53,transport_recovery__0042,c3f1e2e32d43989b,transport_recovery,test,53,episodes/transport_recovery__0042.npz
transport_recovery__0042:54,transport_recovery__0042,c3f1e2e32d43989b,transport_recovery,test,54,episodes/transport_recovery__0042.npz
transport_recovery__0042:55,transport_recovery__0042,c3f1e2e32d43989b,transport_recovery,test,55,episodes/transport_recovery__0042.npz
transport_recovery__0042:56,transport_recovery__0042,c3f1e2e32d43989b,transport_recovery,test,56,episodes/transport_recovery__0042.npz
transport_recovery__0042:57,transport_recovery__0042,c3f1e2e32d43989b,transport_recovery,test,57,episodes/transport_recovery__0042.npz
transport_recovery__0042:58,transport_recovery__0042,c3f1e2e32d43989b,transport_recovery,test,58,episodes/transport_recovery__0042.npz
transport_recovery__0042:59,transport_recovery__0042,c3f1e2e32d43989b,transport_recovery,test,59,episodes/transport_recovery__0042.npz
transport_recovery__0042:60,transport_recovery__0042,c3f1e2e32d43989b,transport_recovery,test,60,episodes/transport_recovery__0042.npz
transport_recovery__0042:61,transport_recovery__0042,c3f1e2e32d43989b,transport_recovery,test,61,episodes/transport_recovery__0042.npz
transport_recovery__0042:62,transport_recovery__0042,c3f1e2e32d43989b,transport_recovery,test,62,episodes/transport_recovery__0042.npz
transport_recovery__0042:63,transport_recovery__0042,c3f1e2e32d43989b,transport_recovery,test,63,episodes/transport_recovery__0042.npz
transport_recovery__0042:64,transport_recovery__0042,c3f1e2e32d43989b,transport_recovery,test,64,episodes/transport_recovery__0042.npz
transport_recovery__0042:65,transport_recovery__0042,c3f1e2e32d43989b,transport_recovery,test,65,episodes/transport_recovery__0042.npz
transport_recovery__0042:66,transport_recovery__0042,c3f1e2e32d43989b,transport_recovery,test,66,episodes/transport_recovery__0042.npz
transport_recovery__0042:67,transport_recovery__0042,c3f1e2e32d43989b,transport_recovery,test,67,episodes/transport_recovery__0042.npz
transport_recovery__0042:68,transport_recovery__0042,c3f1e2e32d43989b,transport_recovery,test,68,episodes/transport_recovery__0042.npz
transport_recovery__0042:69,transport_recovery__0042,c3f1e2e32d43989b,transport_recovery,test,69,episodes/transport_recovery__0042.npz
transport_recovery__0042:70,transport_recovery__0042,c3f1e2e32d43989b,transport_recovery,test,70,episodes/transport_recovery__0042.npz
transport_recovery__0042:71,transport_recovery__0042,c3f1e2e32d43989b,transport_recovery,test,71,episodes/transport_recovery__0042.npz
transport_recovery__0042:72,transport_recovery__0042,c3f1e2e32d43989b,transport_recovery,test,72,episodes/transport_recovery__0042.npz
transport_recovery__0042:73,transport_recovery__0042,c3f1e2e32d43989b,transport_recovery,test,73,episodes/transport_recovery__0042.npz
transport_recovery__0042:74,transport_recovery__0042,c3f1e2e32d43989b,transport_recovery,test,74,episodes/transport_recovery__0042.npz
transport_recovery__0042:75,transport_recovery__0042,c3f1e2e32d43989b,transport_recovery,test,75,episodes/transport_recovery__0042.npz
transport_recovery__0042:76,transport_recovery__0042,c3f1e2e32d43989b,transport_recovery,test,76,episodes/transport_recovery__0042.npz
transport_recovery__0042:77,transport_recovery__0042,c3f1e2e32d43989b,transport_recovery,test,77,episodes/transport_recovery__0042.npz
transport_recovery__0042:78,transport_recovery__0042,c3f1e2e32d43989b,transport_recovery,test,78,episodes/transport_recovery__0042.npz
transport_recovery__0042:79,transport_recovery__0042,c3f1e2e32d43989b,transport_recovery,test,79,episodes/transport_recovery__0042.npz
transport_recovery__0042:80,transport_recovery__0042,c3f1e2e32d43989b,transport_recovery,test,80,episodes/transport_recovery__0042.npz
transport_recovery__0042:81,transport_recovery__0042,c3f1e2e32d43989b,transport_recovery,test,81,episodes/transport_recovery__0042.npz
transport_recovery__0042:82,transport_recovery__0042,c3f1e2e32d43989b,transport_recovery,test,82,episodes/transport_recovery__0042.npz
transport_recovery__0042:83,transport_recovery__0042,c3f1e2e32d43989b,transport_recovery,test,83,episodes/transport_recovery__0042.npz
transport_recovery__0042:84,transport_recovery__0042,c3f1e2e32d43989b,transport_recovery,test,84,episodes/transport_recovery__0042.npz
transport_recovery__0042:85,transport_recovery__0042,c3f1e2e32d43989b,transport_recovery,test,85,episodes/transport_recovery__0042.npz
transport_recovery__0042:86,transport_recovery__0042,c3f1e2e32d43989b,transport_recovery,test,86,episodes/transport_recovery__0042.npz
transport_recovery__0042:87,transport_recovery__0042,c3f1e2e32d43989b,transport_recovery,test,87,episodes/transport_recovery__0042.npz
transport_recovery__0042:88,transport_recovery__0042,c3f1e2e32d43989b,transport_recovery,test,88,episodes/transport_recovery__0042.npz
transport_recovery__0042:89,transport_recovery__0042,c3f1e2e32d43989b,transport_recovery,test,89,episodes/transport_recovery__0042.npz
transport_recovery__0042:90,transport_recovery__0042,c3f1e2e32d43989b,transport_recovery,test,90,episodes/transport_recovery__0042.npz
transport_recovery__0042:91,transport_recovery__0042,c3f1e2e32d43989b,transport_recovery,test,91,episodes/transport_recovery__0042.npz
transport_recovery__0042:92,transport_recovery__0042,c3f1e2e32d43989b,transport_recovery,test,92,episodes/transport_recovery__0042.npz
transport_recovery__0042:93,transport_recovery__0042,c3f1e2e32d43989b,transport_recovery,test,93,episodes/transport_recovery__0042.npz
transport_recovery__0042:94,transport_recovery__0042,c3f1e2e32d43989b,transport_recovery,test,94,episodes/transport_recovery__0042.npz
transport_recovery__0042:95,transport_recovery__0042,c3f1e2e32d43989b,transport_recovery,test,95,episodes/transport_recovery__0042.npz
transport_recovery__0042:96,transport_recovery__0042,c3f1e2e32d43989b,transport_recovery,test,96,episodes/transport_recovery__0042.npz
transport_recovery__0042:97,transport_recovery__0042,c3f1e2e32d43989b,transport_recovery,test,97,episodes/transport_recovery__0042.npz
transport_recovery__0042:98,transport_recovery__0042,c3f1e2e32d43989b,transport_recovery,test,98,episodes/transport_recovery__0042.npz
transport_recovery__0042:99,transport_recovery__0042,c3f1e2e32d43989b,transport_recovery,test,99,episodes/transport_recovery__0042.npz
transport_recovery__0042:100,transport_recovery__0042,c3f1e2e32d43989b,transport_recovery,test,100,episodes/transport_recovery__0042.npz
transport_recovery__0042:101,transport_recovery__0042,c3f1e2e32d43989b,transport_recovery,test,101,episodes/transport_recovery__0042.npz
transport_recovery__0042:102,transport_recovery__0042,c3f1e2e32d43989b,transport_recovery,test,102,episodes/transport_recovery__0042.npz
transport_recovery__0042:103,transport_recovery__0042,c3f1e2e32d43989b,transport_recovery,test,103,episodes/transport_recovery__0042.npz
transport_recovery__0042:104,transport_recovery__0042,c3f1e2e32d43989b,transport_recovery,test,104,episodes/transport_recovery__0042.npz
transport_recovery__0042:105,transport_recovery__0042,c3f1e2e32d43989b,transport_recovery,test,105,episodes/transport_recovery__0042.npz
transport_recovery__0042:106,transport_recovery__0042,c3f1e2e32d43989b,transport_recovery,test,106,episodes/transport_recovery__0042.npz
transport_recovery__0042:107,transport_recovery__0042,c3f1e2e32d43989b,transport_recovery,test,107,episodes/transport_recovery__0042.npz
transport_recovery__0042:108,transport_recovery__0042,c3f1e2e32d43989b,transport_recovery,test,108,episodes/transport_recovery__0042.npz
transport_recovery__0042:109,transport_recovery__0042,c3f1e2e32d43989b,transport_recovery,test,109,episodes/transport_recovery__0042.npz
transport_recovery__0042:110,transport_recovery__0042,c3f1e2e32d43989b,transport_recovery,test,110,episodes/transport_recovery__0042.npz
transport_recovery__0042:111,transport_recovery__0042,c3f1e2e32d43989b,transport_recovery,test,111,episodes/transport_recovery__0042.npz
transport_recovery__0042:112,transport_recovery__0042,c3f1e2e32d43989b,transport_recovery,test,112,episodes/transport_recovery__0042.npz
transport_recovery__0042:113,transport_recovery__0042,c3f1e2e32d43989b,transport_recovery,test,113,episodes/transport_recovery__0042.npz
transport_recovery__0042:114,transport_recovery__0042,c3f1e2e32d43989b,transport_recovery,test,114,episodes/transport_recovery__0042.npz
transport_recovery__0042:115,transport_recovery__0042,c3f1e2e32d43989b,transport_recovery,test,115,episodes/transport_recovery__0042.npz
transport_recovery__0042:116,transport_recovery__0042,c3f1e2e32d43989b,transport_recovery,test,116,episodes/transport_recovery__0042.npz
transport_recovery__0042:117,transport_recovery__0042,c3f1e2e32d43989b,transport_recovery,test,117,episodes/transport_recovery__0042.npz
transport_recovery__0042:118,transport_recovery__0042,c3f1e2e32d43989b,transport_recovery,test,118,episodes/transport_recovery__0042.npz
transport_recovery__0042:119,transport_recovery__0042,c3f1e2e32d43989b,transport_recovery,test,119,episodes/transport_recovery__0042.npz
transport_recovery__0043:0,transport_recovery__0043,03a5fc551f7a2c97,transport_recovery,train,0,episodes/transport_recovery__0043.npz
transport_recovery__0043:1,transport_recovery__0043,03a5fc551f7a2c97,transport_recovery,train,1,episodes/transport_recovery__0043.npz
transport_recovery__0043:2,transport_recovery__0043,03a5fc551f7a2c97,transport_recovery,train,2,episodes/transport_recovery__0043.npz
transport_recovery__0043:3,transport_recovery__0043,03a5fc551f7a2c97,transport_recovery,train,3,episodes/transport_recovery__0043.npz
transport_recovery__0043:4,transport_recovery__0043,03a5fc551f7a2c97,transport_recovery,train,4,episodes/transport_recovery__0043.npz
transport_recovery__0043:5,transport_recovery__0043,03a5fc551f7a2c97,transport_recovery,train,5,episodes/transport_recovery__0043.npz
transport_recovery__0043:6,transport_recovery__0043,03a5fc551f7a2c97,transport_recovery,train,6,episodes/transport_recovery__0043.npz
transport_recovery__0043:7,transport_recovery__0043,03a5fc551f7a2c97,transport_recovery,train,7,episodes/transport_recovery__0043.npz
transport_recovery__0043:8,transport_recovery__0043,03a5fc551f7a2c97,transport_recovery,train,8,episodes/transport_recovery__0043.npz
transport_recovery__0043:9,transport_recovery__0043,03a5fc551f7a2c97,transport_recovery,train,9,episodes/transport_recovery__0043.npz
transport_recovery__0043:10,transport_recovery__0043,03a5fc551f7a2c97,transport_recovery,train,10,episodes/transport_recovery__0043.npz
transport_recovery__0043:11,transport_recovery__0043,03a5fc551f7a2c97,transport_recovery,train,11,episodes/transport_recovery__0043.npz
transport_recovery__0043:12,transport_recovery__0043,03a5fc551f7a2c97,transport_recovery,train,12,episodes/transport_recovery__0043.npz
transport_recovery__0043:13,transport_recovery__0043,03a5fc551f7a2c97,transport_recovery,train,13,episodes/transport_recovery__0043.npz
transport_recovery__0043:14,transport_recovery__0043,03a5fc551f7a2c97,transport_recovery,train,14,episodes/transport_recovery__0043.npz
transport_recovery__0043:15,transport_recovery__0043,03a5fc551f7a2c97,transport_recovery,train,15,episodes/transport_recovery__0043.npz
transport_recovery__0043:16,transport_recovery__0043,03a5fc551f7a2c97,transport_recovery,train,16,episodes/transport_recovery__0043.npz
transport_recovery__0043:17,transport_recovery__0043,03a5fc551f7a2c97,transport_recovery,train,17,episodes/transport_recovery__0043.npz
transport_recovery__0043:18,transport_recovery__0043,03a5fc551f7a2c97,transport_recovery,train,18,episodes/transport_recovery__0043.npz
transport_recovery__0043:19,transport_recovery__0043,03a5fc551f7a2c97,transport_recovery,train,19,episodes/transport_recovery__0043.npz
transport_recovery__0043:20,transport_recovery__0043,03a5fc551f7a2c97,transport_recovery,train,20,episodes/transport_recovery__0043.npz
transport_recovery__0043:21,transport_recovery__0043,03a5fc551f7a2c97,transport_recovery,train,21,episodes/transport_recovery__0043.npz
transport_recovery__0043:22,transport_recovery__0043,03a5fc551f7a2c97,transport_recovery,train,22,episodes/transport_recovery__0043.npz
transport_recovery__0043:23,transport_recovery__0043,03a5fc551f7a2c97,transport_recovery,train,23,episodes/transport_recovery__0043.npz
transport_recovery__0043:24,transport_recovery__0043,03a5fc551f7a2c97,transport_recovery,train,24,episodes/transport_recovery__0043.npz
transport_recovery__0043:25,transport_recovery__0043,03a5fc551f7a2c97,transport_recovery,train,25,episodes/transport_recovery__0043.npz
transport_recovery__0043:26,transport_recovery__0043,03a5fc551f7a2c97,transport_recovery,train,26,episodes/transport_recovery__0043.npz
transport_recovery__0043:27,transport_recovery__0043,03a5fc551f7a2c97,transport_recovery,train,27,episodes/transport_recovery__0043.npz
transport_recovery__0043:28,transport_recovery__0043,03a5fc551f7a2c97,transport_recovery,train,28,episodes/transport_recovery__0043.npz
transport_recovery__0043:29,transport_recovery__0043,03a5fc551f7a2c97,transport_recovery,train,29,episodes/transport_recovery__0043.npz
transport_recovery__0043:30,transport_recovery__0043,03a5fc551f7a2c97,transport_recovery,train,30,episodes/transport_recovery__0043.npz
transport_recovery__0043:31,transport_recovery__0043,03a5fc551f7a2c97,transport_recovery,train,31,episodes/transport_recovery__0043.npz
transport_recovery__0043:32,transport_recovery__0043,03a5fc551f7a2c97,transport_recovery,train,32,episodes/transport_recovery__0043.npz
transport_recovery__0043:33,transport_recovery__0043,03a5fc551f7a2c97,transport_recovery,train,33,episodes/transport_recovery__0043.npz
transport_recovery__0043:34,transport_recovery__0043,03a5fc551f7a2c97,transport_recovery,train,34,episodes/transport_recovery__0043.npz
transport_recovery__0043:35,transport_recovery__0043,03a5fc551f7a2c97,transport_recovery,train,35,episodes/transport_recovery__0043.npz
transport_recovery__0043:36,transport_recovery__0043,03a5fc551f7a2c97,transport_recovery,train,36,episodes/transport_recovery__0043.npz
transport_recovery__0043:37,transport_recovery__0043,03a5fc551f7a2c97,transport_recovery,train,37,episodes/transport_recovery__0043.npz
transport_recovery__0043:38,transport_recovery__0043,03a5fc551f7a2c97,transport_recovery,train,38,episodes/transport_recovery__0043.npz
transport_recovery__0043:39,transport_recovery__0043,03a5fc551f7a2c97,transport_recovery,train,39,episodes/transport_recovery__0043.npz
transport_recovery__0043:40,transport_recovery__0043,03a5fc551f7a2c97,transport_recovery,train,40,episodes/transport_recovery__0043.npz
transport_recovery__0043:41,transport_recovery__0043,03a5fc551f7a2c97,transport_recovery,train,41,episodes/transport_recovery__0043.npz
transport_recovery__0043:42,transport_recovery__0043,03a5fc551f7a2c97,transport_recovery,train,42,episodes/transport_recovery__0043.npz
transport_recovery__0043:43,transport_recovery__0043,03a5fc551f7a2c97,transport_recovery,train,43,episodes/transport_recovery__0043.npz
transport_recovery__0043:44,transport_recovery__0043,03a5fc551f7a2c97,transport_recovery,train,44,episodes/transport_recovery__0043.npz
transport_recovery__0043:45,transport_recovery__0043,03a5fc551f7a2c97,transport_recovery,train,45,episodes/transport_recovery__0043.npz
transport_recovery__0043:46,transport_recovery__0043,03a5fc551f7a2c97,transport_recovery,train,46,episodes/transport_recovery__0043.npz
transport_recovery__0043:47,transport_recovery__0043,03a5fc551f7a2c97,transport_recovery,train,47,episodes/transport_recovery__0043.npz
transport_recovery__0043:48,transport_recovery__0043,03a5fc551f7a2c97,transport_recovery,train,48,episodes/transport_recovery__0043.npz
transport_recovery__0043:49,transport_recovery__0043,03a5fc551f7a2c97,transport_recovery,train,49,episodes/transport_recovery__0043.npz
transport_recovery__0043:50,transport_recovery__0043,03a5fc551f7a2c97,transport_recovery,train,50,episodes/transport_recovery__0043.npz
transport_recovery__0043:51,transport_recovery__0043,03a5fc551f7a2c97,transport_recovery,train,51,episodes/transport_recovery__0043.npz
transport_recovery__0043:52,transport_recovery__0043,03a5fc551f7a2c97,transport_recovery,train,52,episodes/transport_recovery__0043.npz
transport_recovery__0043:53,transport_recovery__0043,03a5fc551f7a2c97,transport_recovery,train,53,episodes/transport_recovery__0043.npz
transport_recovery__0043:54,transport_recovery__0043,03a5fc551f7a2c97,transport_recovery,train,54,episodes/transport_recovery__0043.npz
transport_recovery__0043:55,transport_recovery__0043,03a5fc551f7a2c97,transport_recovery,train,55,episodes/transport_recovery__0043.npz
transport_recovery__0043:56,transport_recovery__0043,03a5fc551f7a2c97,transport_recovery,train,56,episodes/transport_recovery__0043.npz
transport_recovery__0043:57,transport_recovery__0043,03a5fc551f7a2c97,transport_recovery,train,57,episodes/transport_recovery__0043.npz
transport_recovery__0043:58,transport_recovery__0043,03a5fc551f7a2c97,transport_recovery,train,58,episodes/transport_recovery__0043.npz
transport_recovery__0043:59,transport_recovery__0043,03a5fc551f7a2c97,transport_recovery,train,59,episodes/transport_recovery__0043.npz
transport_recovery__0043:60,transport_recovery__0043,03a5fc551f7a2c97,transport_recovery,train,60,episodes/transport_recovery__0043.npz
transport_recovery__0043:61,transport_recovery__0043,03a5fc551f7a2c97,transport_recovery,train,61,episodes/transport_recovery__0043.npz
transport_recovery__0043:62,transport_recovery__0043,03a5fc551f7a2c97,transport_recovery,train,62,episodes/transport_recovery__0043.npz
transport_recovery__0043:63,transport_recovery__0043,03a5fc551f7a2c97,transport_recovery,train,63,episodes/transport_recovery__0043.npz
transport_recovery__0043:64,transport_recovery__0043,03a5fc551f7a2c97,transport_recovery,train,64,episodes/transport_recovery__0043.npz
transport_recovery__0043:65,transport_recovery__0043,03a5fc551f7a2c97,transport_recovery,train,65,episodes/transport_recovery__0043.npz
transport_recovery__0043:66,transport_recovery__0043,03a5fc551f7a2c97,transport_recovery,train,66,episodes/transport_recovery__0043.npz
transport_recovery__0043:67,transport_recovery__0043,03a5fc551f7a2c97,transport_recovery,train,67,episodes/transport_recovery__0043.npz
transport_recovery__0043:68,transport_recovery__0043,03a5fc551f7a2c97,transport_recovery,train,68,episodes/transport_recovery__0043.npz
transport_recovery__0043:69,transport_recovery__0043,03a5fc551f7a2c97,transport_recovery,train,69,episodes/transport_recovery__0043.npz
transport_recovery__0043:70,transport_recovery__0043,03a5fc551f7a2c97,transport_recovery,train,70,episodes/transport_recovery__0043.npz
transport_recovery__0043:71,transport_recovery__0043,03a5fc551f7a2c97,transport_recovery,train,71,episodes/transport_recovery__0043.npz
transport_recovery__0043:72,transport_recovery__0043,03a5fc551f7a2c97,transport_recovery,train,72,episodes/transport_recovery__0043.npz
transport_recovery__0043:73,transport_recovery__0043,03a5fc551f7a2c97,transport_recovery,train,73,episodes/transport_recovery__0043.npz
transport_recovery__0043:74,transport_recovery__0043,03a5fc551f7a2c97,transport_recovery,train,74,episodes/transport_recovery__0043.npz
transport_recovery__0043:75,transport_recovery__0043,03a5fc551f7a2c97,transport_recovery,train,75,episodes/transport_recovery__0043.npz
transport_recovery__0043:76,transport_recovery__0043,03a5fc551f7a2c97,transport_recovery,train,76,episodes/transport_recovery__0043.npz
transport_recovery__0043:77,transport_recovery__0043,03a5fc551f7a2c97,transport_recovery,train,77,episodes/transport_recovery__0043.npz
transport_recovery__0043:78,transport_recovery__0043,03a5fc551f7a2c97,transport_recovery,train,78,episodes/transport_recovery__0043.npz
transport_recovery__0043:79,transport_recovery__0043,03a5fc551f7a2c97,transport_recovery,train,79,episodes/transport_recovery__0043.npz
transport_recovery__0043:80,transport_recovery__0043,03a5fc551f7a2c97,transport_recovery,train,80,episodes/transport_recovery__0043.npz
transport_recovery__0043:81,transport_recovery__0043,03a5fc551f7a2c97,transport_recovery,train,81,episodes/transport_recovery__0043.npz
transport_recovery__0043:82,transport_recovery__0043,03a5fc551f7a2c97,transport_recovery,train,82,episodes/transport_recovery__0043.npz
transport_recovery__0043:83,transport_recovery__0043,03a5fc551f7a2c97,transport_recovery,train,83,episodes/transport_recovery__0043.npz
transport_recovery__0043:84,transport_recovery__0043,03a5fc551f7a2c97,transport_recovery,train,84,episodes/transport_recovery__0043.npz
transport_recovery__0043:85,transport_recovery__0043,03a5fc551f7a2c97,transport_recovery,train,85,episodes/transport_recovery__0043.npz
transport_recovery__0043:86,transport_recovery__0043,03a5fc551f7a2c97,transport_recovery,train,86,episodes/transport_recovery__0043.npz
transport_recovery__0043:87,transport_recovery__0043,03a5fc551f7a2c97,transport_recovery,train,87,episodes/transport_recovery__0043.npz
transport_recovery__0043:88,transport_recovery__0043,03a5fc551f7a2c97,transport_recovery,train,88,episodes/transport_recovery__0043.npz
transport_recovery__0043:89,transport_recovery__0043,03a5fc551f7a2c97,transport_recovery,train,89,episodes/transport_recovery__0043.npz
transport_recovery__0043:90,transport_recovery__0043,03a5fc551f7a2c97,transport_recovery,train,90,episodes/transport_recovery__0043.npz
transport_recovery__0043:91,transport_recovery__0043,03a5fc551f7a2c97,transport_recovery,train,91,episodes/transport_recovery__0043.npz
transport_recovery__0043:92,transport_recovery__0043,03a5fc551f7a2c97,transport_recovery,train,92,episodes/transport_recovery__0043.npz
transport_recovery__0043:93,transport_recovery__0043,03a5fc551f7a2c97,transport_recovery,train,93,episodes/transport_recovery__0043.npz
transport_recovery__0043:94,transport_recovery__0043,03a5fc551f7a2c97,transport_recovery,train,94,episodes/transport_recovery__0043.npz
transport_recovery__0043:95,transport_recovery__0043,03a5fc551f7a2c97,transport_recovery,train,95,episodes/transport_recovery__0043.npz
transport_recovery__0043:96,transport_recovery__0043,03a5fc551f7a2c97,transport_recovery,train,96,episodes/transport_recovery__0043.npz
transport_recovery__0043:97,transport_recovery__0043,03a5fc551f7a2c97,transport_recovery,train,97,episodes/transport_recovery__0043.npz
transport_recovery__0043:98,transport_recovery__0043,03a5fc551f7a2c97,transport_recovery,train,98,episodes/transport_recovery__0043.npz
transport_recovery__0043:99,transport_recovery__0043,03a5fc551f7a2c97,transport_recovery,train,99,episodes/transport_recovery__0043.npz
transport_recovery__0043:100,transport_recovery__0043,03a5fc551f7a2c97,transport_recovery,train,100,episodes/transport_recovery__0043.npz
transport_recovery__0043:101,transport_recovery__0043,03a5fc551f7a2c97,transport_recovery,train,101,episodes/transport_recovery__0043.npz
transport_recovery__0043:102,transport_recovery__0043,03a5fc551f7a2c97,transport_recovery,train,102,episodes/transport_recovery__0043.npz
transport_recovery__0043:103,transport_recovery__0043,03a5fc551f7a2c97,transport_recovery,train,103,episodes/transport_recovery__0043.npz
transport_recovery__0043:104,transport_recovery__0043,03a5fc551f7a2c97,transport_recovery,train,104,episodes/transport_recovery__0043.npz
transport_recovery__0043:105,transport_recovery__0043,03a5fc551f7a2c97,transport_recovery,train,105,episodes/transport_recovery__0043.npz
transport_recovery__0043:106,transport_recovery__0043,03a5fc551f7a2c97,transport_recovery,train,106,episodes/transport_recovery__0043.npz
transport_recovery__0043:107,transport_recovery__0043,03a5fc551f7a2c97,transport_recovery,train,107,episodes/transport_recovery__0043.npz
transport_recovery__0043:108,transport_recovery__0043,03a5fc551f7a2c97,transport_recovery,train,108,episodes/transport_recovery__0043.npz
transport_recovery__0043:109,transport_recovery__0043,03a5fc551f7a2c97,transport_recovery,train,109,episodes/transport_recovery__0043.npz
transport_recovery__0043:110,transport_recovery__0043,03a5fc551f7a2c97,transport_recovery,train,110,episodes/transport_recovery__0043.npz
transport_recovery__0043:111,transport_recovery__0043,03a5fc551f7a2c97,transport_recovery,train,111,episodes/transport_recovery__0043.npz
transport_recovery__0043:112,transport_recovery__0043,03a5fc551f7a2c97,transport_recovery,train,112,episodes/transport_recovery__0043.npz
transport_recovery__0043:113,transport_recovery__0043,03a5fc551f7a2c97,transport_recovery,train,113,episodes/transport_recovery__0043.npz
transport_recovery__0043:114,transport_recovery__0043,03a5fc551f7a2c97,transport_recovery,train,114,episodes/transport_recovery__0043.npz
transport_recovery__0043:115,transport_recovery__0043,03a5fc551f7a2c97,transport_recovery,train,115,episodes/transport_recovery__0043.npz
transport_recovery__0043:116,transport_recovery__0043,03a5fc551f7a2c97,transport_recovery,train,116,episodes/transport_recovery__0043.npz
transport_recovery__0043:117,transport_recovery__0043,03a5fc551f7a2c97,transport_recovery,train,117,episodes/transport_recovery__0043.npz
transport_recovery__0043:118,transport_recovery__0043,03a5fc551f7a2c97,transport_recovery,train,118,episodes/transport_recovery__0043.npz
transport_recovery__0043:119,transport_recovery__0043,03a5fc551f7a2c97,transport_recovery,train,119,episodes/transport_recovery__0043.npz
transport_recovery__0045:0,transport_recovery__0045,17cea51db8405b35,transport_recovery,test,0,episodes/transport_recovery__0045.npz
transport_recovery__0045:1,transport_recovery__0045,17cea51db8405b35,transport_recovery,test,1,episodes/transport_recovery__0045.npz
transport_recovery__0045:2,transport_recovery__0045,17cea51db8405b35,transport_recovery,test,2,episodes/transport_recovery__0045.npz
transport_recovery__0045:3,transport_recovery__0045,17cea51db8405b35,transport_recovery,test,3,episodes/transport_recovery__0045.npz
transport_recovery__0045:4,transport_recovery__0045,17cea51db8405b35,transport_recovery,test,4,episodes/transport_recovery__0045.npz
transport_recovery__0045:5,transport_recovery__0045,17cea51db8405b35,transport_recovery,test,5,episodes/transport_recovery__0045.npz
transport_recovery__0045:6,transport_recovery__0045,17cea51db8405b35,transport_recovery,test,6,episodes/transport_recovery__0045.npz
transport_recovery__0045:7,transport_recovery__0045,17cea51db8405b35,transport_recovery,test,7,episodes/transport_recovery__0045.npz
transport_recovery__0045:8,transport_recovery__0045,17cea51db8405b35,transport_recovery,test,8,episodes/transport_recovery__0045.npz
transport_recovery__0045:9,transport_recovery__0045,17cea51db8405b35,transport_recovery,test,9,episodes/transport_recovery__0045.npz
transport_recovery__0045:10,transport_recovery__0045,17cea51db8405b35,transport_recovery,test,10,episodes/transport_recovery__0045.npz
transport_recovery__0045:11,transport_recovery__0045,17cea51db8405b35,transport_recovery,test,11,episodes/transport_recovery__0045.npz
transport_recovery__0045:12,transport_recovery__0045,17cea51db8405b35,transport_recovery,test,12,episodes/transport_recovery__0045.npz
transport_recovery__0045:13,transport_recovery__0045,17cea51db8405b35,transport_recovery,test,13,episodes/transport_recovery__0045.npz
transport_recovery__0045:14,transport_recovery__0045,17cea51db8405b35,transport_recovery,test,14,episodes/transport_recovery__0045.npz
transport_recovery__0045:15,transport_recovery__0045,17cea51db8405b35,transport_recovery,test,15,episodes/transport_recovery__0045.npz
transport_recovery__0045:16,transport_recovery__0045,17cea51db8405b35,transport_recovery,test,16,episodes/transport_recovery__0045.npz
transport_recovery__0045:17,transport_recovery__0045,17cea51db8405b35,transport_recovery,test,17,episodes/transport_recovery__0045.npz
transport_recovery__0045:18,transport_recovery__0045,17cea51db8405b35,transport_recovery,test,18,episodes/transport_recovery__0045.npz
transport_recovery__0045:19,transport_recovery__0045,17cea51db8405b35,transport_recovery,test,19,episodes/transport_recovery__0045.npz
transport_recovery__0045:20,transport_recovery__0045,17cea51db8405b35,transport_recovery,test,20,episodes/transport_recovery__0045.npz
transport_recovery__0045:21,transport_recovery__0045,17cea51db8405b35,transport_recovery,test,21,episodes/transport_recovery__0045.npz
transport_recovery__0045:22,transport_recovery__0045,17cea51db8405b35,transport_recovery,test,22,episodes/transport_recovery__0045.npz
transport_recovery__0045:23,transport_recovery__0045,17cea51db8405b35,transport_recovery,test,23,episodes/transport_recovery__0045.npz
transport_recovery__0045:24,transport_recovery__0045,17cea51db8405b35,transport_recovery,test,24,episodes/transport_recovery__0045.npz
transport_recovery__0045:25,transport_recovery__0045,17cea51db8405b35,transport_recovery,test,25,episodes/transport_recovery__0045.npz
transport_recovery__0045:26,transport_recovery__0045,17cea51db8405b35,transport_recovery,test,26,episodes/transport_recovery__0045.npz
transport_recovery__0045:27,transport_recovery__0045,17cea51db8405b35,transport_recovery,test,27,episodes/transport_recovery__0045.npz
transport_recovery__0045:28,transport_recovery__0045,17cea51db8405b35,transport_recovery,test,28,episodes/transport_recovery__0045.npz
transport_recovery__0045:29,transport_recovery__0045,17cea51db8405b35,transport_recovery,test,29,episodes/transport_recovery__0045.npz
transport_recovery__0045:30,transport_recovery__0045,17cea51db8405b35,transport_recovery,test,30,episodes/transport_recovery__0045.npz
transport_recovery__0045:31,transport_recovery__0045,17cea51db8405b35,transport_recovery,test,31,episodes/transport_recovery__0045.npz
transport_recovery__0045:32,transport_recovery__0045,17cea51db8405b35,transport_recovery,test,32,episodes/transport_recovery__0045.npz
transport_recovery__0045:33,transport_recovery__0045,17cea51db8405b35,transport_recovery,test,33,episodes/transport_recovery__0045.npz
transport_recovery__0045:34,transport_recovery__0045,17cea51db8405b35,transport_recovery,test,34,episodes/transport_recovery__0045.npz
transport_recovery__0045:35,transport_recovery__0045,17cea51db8405b35,transport_recovery,test,35,episodes/transport_recovery__0045.npz
transport_recovery__0045:36,transport_recovery__0045,17cea51db8405b35,transport_recovery,test,36,episodes/transport_recovery__0045.npz
transport_recovery__0045:37,transport_recovery__0045,17cea51db8405b35,transport_recovery,test,37,episodes/transport_recovery__0045.npz
transport_recovery__0045:38,transport_recovery__0045,17cea51db8405b35,transport_recovery,test,38,episodes/transport_recovery__0045.npz
transport_recovery__0045:39,transport_recovery__0045,17cea51db8405b35,transport_recovery,test,39,episodes/transport_recovery__0045.npz
transport_recovery__0045:40,transport_recovery__0045,17cea51db8405b35,transport_recovery,test,40,episodes/transport_recovery__0045.npz
transport_recovery__0045:41,transport_recovery__0045,17cea51db8405b35,transport_recovery,test,41,episodes/transport_recovery__0045.npz
transport_recovery__0045:42,transport_recovery__0045,17cea51db8405b35,transport_recovery,test,42,episodes/transport_recovery__0045.npz
transport_recovery__0045:43,transport_recovery__0045,17cea51db8405b35,transport_recovery,test,43,episodes/transport_recovery__0045.npz
transport_recovery__0045:44,transport_recovery__0045,17cea51db8405b35,transport_recovery,test,44,episodes/transport_recovery__0045.npz
transport_recovery__0045:45,transport_recovery__0045,17cea51db8405b35,transport_recovery,test,45,episodes/transport_recovery__0045.npz
transport_recovery__0045:46,transport_recovery__0045,17cea51db8405b35,transport_recovery,test,46,episodes/transport_recovery__0045.npz
transport_recovery__0045:47,transport_recovery__0045,17cea51db8405b35,transport_recovery,test,47,episodes/transport_recovery__0045.npz
transport_recovery__0045:48,transport_recovery__0045,17cea51db8405b35,transport_recovery,test,48,episodes/transport_recovery__0045.npz
transport_recovery__0045:49,transport_recovery__0045,17cea51db8405b35,transport_recovery,test,49,episodes/transport_recovery__0045.npz
transport_recovery__0045:50,transport_recovery__0045,17cea51db8405b35,transport_recovery,test,50,episodes/transport_recovery__0045.npz
transport_recovery__0045:51,transport_recovery__0045,17cea51db8405b35,transport_recovery,test,51,episodes/transport_recovery__0045.npz
transport_recovery__0045:52,transport_recovery__0045,17cea51db8405b35,transport_recovery,test,52,episodes/transport_recovery__0045.npz
transport_recovery__0045:53,transport_recovery__0045,17cea51db8405b35,transport_recovery,test,53,episodes/transport_recovery__0045.npz
transport_recovery__0045:54,transport_recovery__0045,17cea51db8405b35,transport_recovery,test,54,episodes/transport_recovery__0045.npz
transport_recovery__0045:55,transport_recovery__0045,17cea51db8405b35,transport_recovery,test,55,episodes/transport_recovery__0045.npz
transport_recovery__0045:56,transport_recovery__0045,17cea51db8405b35,transport_recovery,test,56,episodes/transport_recovery__0045.npz
transport_recovery__0045:57,transport_recovery__0045,17cea51db8405b35,transport_recovery,test,57,episodes/transport_recovery__0045.npz
transport_recovery__0045:58,transport_recovery__0045,17cea51db8405b35,transport_recovery,test,58,episodes/transport_recovery__0045.npz
transport_recovery__0045:59,transport_recovery__0045,17cea51db8405b35,transport_recovery,test,59,episodes/transport_recovery__0045.npz
transport_recovery__0045:60,transport_recovery__0045,17cea51db8405b35,transport_recovery,test,60,episodes/transport_recovery__0045.npz
transport_recovery__0045:61,transport_recovery__0045,17cea51db8405b35,transport_recovery,test,61,episodes/transport_recovery__0045.npz
transport_recovery__0045:62,transport_recovery__0045,17cea51db8405b35,transport_recovery,test,62,episodes/transport_recovery__0045.npz
transport_recovery__0045:63,transport_recovery__0045,17cea51db8405b35,transport_recovery,test,63,episodes/transport_recovery__0045.npz
transport_recovery__0045:64,transport_recovery__0045,17cea51db8405b35,transport_recovery,test,64,episodes/transport_recovery__0045.npz
transport_recovery__0045:65,transport_recovery__0045,17cea51db8405b35,transport_recovery,test,65,episodes/transport_recovery__0045.npz
transport_recovery__0045:66,transport_recovery__0045,17cea51db8405b35,transport_recovery,test,66,episodes/transport_recovery__0045.npz
transport_recovery__0045:67,transport_recovery__0045,17cea51db8405b35,transport_recovery,test,67,episodes/transport_recovery__0045.npz
transport_recovery__0045:68,transport_recovery__0045,17cea51db8405b35,transport_recovery,test,68,episodes/transport_recovery__0045.npz
transport_recovery__0045:69,transport_recovery__0045,17cea51db8405b35,transport_recovery,test,69,episodes/transport_recovery__0045.npz
transport_recovery__0045:70,transport_recovery__0045,17cea51db8405b35,transport_recovery,test,70,episodes/transport_recovery__0045.npz
transport_recovery__0045:71,transport_recovery__0045,17cea51db8405b35,transport_recovery,test,71,episodes/transport_recovery__0045.npz
transport_recovery__0045:72,transport_recovery__0045,17cea51db8405b35,transport_recovery,test,72,episodes/transport_recovery__0045.npz
transport_recovery__0045:73,transport_recovery__0045,17cea51db8405b35,transport_recovery,test,73,episodes/transport_recovery__0045.npz
transport_recovery__0045:74,transport_recovery__0045,17cea51db8405b35,transport_recovery,test,74,episodes/transport_recovery__0045.npz
transport_recovery__0045:75,transport_recovery__0045,17cea51db8405b35,transport_recovery,test,75,episodes/transport_recovery__0045.npz
transport_recovery__0045:76,transport_recovery__0045,17cea51db8405b35,transport_recovery,test,76,episodes/transport_recovery__0045.npz
transport_recovery__0045:77,transport_recovery__0045,17cea51db8405b35,transport_recovery,test,77,episodes/transport_recovery__0045.npz
transport_recovery__0045:78,transport_recovery__0045,17cea51db8405b35,transport_recovery,test,78,episodes/transport_recovery__0045.npz
transport_recovery__0045:79,transport_recovery__0045,17cea51db8405b35,transport_recovery,test,79,episodes/transport_recovery__0045.npz
transport_recovery__0045:80,transport_recovery__0045,17cea51db8405b35,transport_recovery,test,80,episodes/transport_recovery__0045.npz
transport_recovery__0045:81,transport_recovery__0045,17cea51db8405b35,transport_recovery,test,81,episodes/transport_recovery__0045.npz
transport_recovery__0045:82,transport_recovery__0045,17cea51db8405b35,transport_recovery,test,82,episodes/transport_recovery__0045.npz
transport_recovery__0045:83,transport_recovery__0045,17cea51db8405b35,transport_recovery,test,83,episodes/transport_recovery__0045.npz
transport_recovery__0045:84,transport_recovery__0045,17cea51db8405b35,transport_recovery,test,84,episodes/transport_recovery__0045.npz
transport_recovery__0045:85,transport_recovery__0045,17cea51db8405b35,transport_recovery,test,85,episodes/transport_recovery__0045.npz
transport_recovery__0045:86,transport_recovery__0045,17cea51db8405b35,transport_recovery,test,86,episodes/transport_recovery__0045.npz
transport_recovery__0045:87,transport_recovery__0045,17cea51db8405b35,transport_recovery,test,87,episodes/transport_recovery__0045.npz
transport_recovery__0045:88,transport_recovery__0045,17cea51db8405b35,transport_recovery,test,88,episodes/transport_recovery__0045.npz
transport_recovery__0045:89,transport_recovery__0045,17cea51db8405b35,transport_recovery,test,89,episodes/transport_recovery__0045.npz
transport_recovery__0045:90,transport_recovery__0045,17cea51db8405b35,transport_recovery,test,90,episodes/transport_recovery__0045.npz
transport_recovery__0045:91,transport_recovery__0045,17cea51db8405b35,transport_recovery,test,91,episodes/transport_recovery__0045.npz
transport_recovery__0045:92,transport_recovery__0045,17cea51db8405b35,transport_recovery,test,92,episodes/transport_recovery__0045.npz
transport_recovery__0045:93,transport_recovery__0045,17cea51db8405b35,transport_recovery,test,93,episodes/transport_recovery__0045.npz
transport_recovery__0045:94,transport_recovery__0045,17cea51db8405b35,transport_recovery,test,94,episodes/transport_recovery__0045.npz
transport_recovery__0045:95,transport_recovery__0045,17cea51db8405b35,transport_recovery,test,95,episodes/transport_recovery__0045.npz
transport_recovery__0045:96,transport_recovery__0045,17cea51db8405b35,transport_recovery,test,96,episodes/transport_recovery__0045.npz
transport_recovery__0045:97,transport_recovery__0045,17cea51db8405b35,transport_recovery,test,97,episodes/transport_recovery__0045.npz
transport_recovery__0045:98,transport_recovery__0045,17cea51db8405b35,transport_recovery,test,98,episodes/transport_recovery__0045.npz
transport_recovery__0045:99,transport_recovery__0045,17cea51db8405b35,transport_recovery,test,99,episodes/transport_recovery__0045.npz
transport_recovery__0045:100,transport_recovery__0045,17cea51db8405b35,transport_recovery,test,100,episodes/transport_recovery__0045.npz
transport_recovery__0045:101,transport_recovery__0045,17cea51db8405b35,transport_recovery,test,101,episodes/transport_recovery__0045.npz
transport_recovery__0045:102,transport_recovery__0045,17cea51db8405b35,transport_recovery,test,102,episodes/transport_recovery__0045.npz
transport_recovery__0045:103,transport_recovery__0045,17cea51db8405b35,transport_recovery,test,103,episodes/transport_recovery__0045.npz
transport_recovery__0045:104,transport_recovery__0045,17cea51db8405b35,transport_recovery,test,104,episodes/transport_recovery__0045.npz
transport_recovery__0045:105,transport_recovery__0045,17cea51db8405b35,transport_recovery,test,105,episodes/transport_recovery__0045.npz
transport_recovery__0045:106,transport_recovery__0045,17cea51db8405b35,transport_recovery,test,106,episodes/transport_recovery__0045.npz
transport_recovery__0045:107,transport_recovery__0045,17cea51db8405b35,transport_recovery,test,107,episodes/transport_recovery__0045.npz
transport_recovery__0045:108,transport_recovery__0045,17cea51db8405b35,transport_recovery,test,108,episodes/transport_recovery__0045.npz
transport_recovery__0045:109,transport_recovery__0045,17cea51db8405b35,transport_recovery,test,109,episodes/transport_recovery__0045.npz
transport_recovery__0045:110,transport_recovery__0045,17cea51db8405b35,transport_recovery,test,110,episodes/transport_recovery__0045.npz
transport_recovery__0045:111,transport_recovery__0045,17cea51db8405b35,transport_recovery,test,111,episodes/transport_recovery__0045.npz
transport_recovery__0045:112,transport_recovery__0045,17cea51db8405b35,transport_recovery,test,112,episodes/transport_recovery__0045.npz
transport_recovery__0045:113,transport_recovery__0045,17cea51db8405b35,transport_recovery,test,113,episodes/transport_recovery__0045.npz
transport_recovery__0045:114,transport_recovery__0045,17cea51db8405b35,transport_recovery,test,114,episodes/transport_recovery__0045.npz
transport_recovery__0045:115,transport_recovery__0045,17cea51db8405b35,transport_recovery,test,115,episodes/transport_recovery__0045.npz
transport_recovery__0045:116,transport_recovery__0045,17cea51db8405b35,transport_recovery,test,116,episodes/transport_recovery__0045.npz
transport_recovery__0045:117,transport_recovery__0045,17cea51db8405b35,transport_recovery,test,117,episodes/transport_recovery__0045.npz
transport_recovery__0045:118,transport_recovery__0045,17cea51db8405b35,transport_recovery,test,118,episodes/transport_recovery__0045.npz
transport_recovery__0045:119,transport_recovery__0045,17cea51db8405b35,transport_recovery,test,119,episodes/transport_recovery__0045.npz
transport_recovery__0047:0,transport_recovery__0047,fb106d73c0342444,transport_recovery,val,0,episodes/transport_recovery__0047.npz
transport_recovery__0047:1,transport_recovery__0047,fb106d73c0342444,transport_recovery,val,1,episodes/transport_recovery__0047.npz
transport_recovery__0047:2,transport_recovery__0047,fb106d73c0342444,transport_recovery,val,2,episodes/transport_recovery__0047.npz
transport_recovery__0047:3,transport_recovery__0047,fb106d73c0342444,transport_recovery,val,3,episodes/transport_recovery__0047.npz
transport_recovery__0047:4,transport_recovery__0047,fb106d73c0342444,transport_recovery,val,4,episodes/transport_recovery__0047.npz
transport_recovery__0047:5,transport_recovery__0047,fb106d73c0342444,transport_recovery,val,5,episodes/transport_recovery__0047.npz
transport_recovery__0047:6,transport_recovery__0047,fb106d73c0342444,transport_recovery,val,6,episodes/transport_recovery__0047.npz
transport_recovery__0047:7,transport_recovery__0047,fb106d73c0342444,transport_recovery,val,7,episodes/transport_recovery__0047.npz
transport_recovery__0047:8,transport_recovery__0047,fb106d73c0342444,transport_recovery,val,8,episodes/transport_recovery__0047.npz
transport_recovery__0047:9,transport_recovery__0047,fb106d73c0342444,transport_recovery,val,9,episodes/transport_recovery__0047.npz
transport_recovery__0047:10,transport_recovery__0047,fb106d73c0342444,transport_recovery,val,10,episodes/transport_recovery__0047.npz
transport_recovery__0047:11,transport_recovery__0047,fb106d73c0342444,transport_recovery,val,11,episodes/transport_recovery__0047.npz
transport_recovery__0047:12,transport_recovery__0047,fb106d73c0342444,transport_recovery,val,12,episodes/transport_recovery__0047.npz
transport_recovery__0047:13,transport_recovery__0047,fb106d73c0342444,transport_recovery,val,13,episodes/transport_recovery__0047.npz
transport_recovery__0047:14,transport_recovery__0047,fb106d73c0342444,transport_recovery,val,14,episodes/transport_recovery__0047.npz
transport_recovery__0047:15,transport_recovery__0047,fb106d73c0342444,transport_recovery,val,15,episodes/transport_recovery__0047.npz
transport_recovery__0047:16,transport_recovery__0047,fb106d73c0342444,transport_recovery,val,16,episodes/transport_recovery__0047.npz
transport_recovery__0047:17,transport_recovery__0047,fb106d73c0342444,transport_recovery,val,17,episodes/transport_recovery__0047.npz
transport_recovery__0047:18,transport_recovery__0047,fb106d73c0342444,transport_recovery,val,18,episodes/transport_recovery__0047.npz
transport_recovery__0047:19,transport_recovery__0047,fb106d73c0342444,transport_recovery,val,19,episodes/transport_recovery__0047.npz
transport_recovery__0047:20,transport_recovery__0047,fb106d73c0342444,transport_recovery,val,20,episodes/transport_recovery__0047.npz
transport_recovery__0047:21,transport_recovery__0047,fb106d73c0342444,transport_recovery,val,21,episodes/transport_recovery__0047.npz
transport_recovery__0047:22,transport_recovery__0047,fb106d73c0342444,transport_recovery,val,22,episodes/transport_recovery__0047.npz
transport_recovery__0047:23,transport_recovery__0047,fb106d73c0342444,transport_recovery,val,23,episodes/transport_recovery__0047.npz
transport_recovery__0047:24,transport_recovery__0047,fb106d73c0342444,transport_recovery,val,24,episodes/transport_recovery__0047.npz
transport_recovery__0047:25,transport_recovery__0047,fb106d73c0342444,transport_recovery,val,25,episodes/transport_recovery__0047.npz
transport_recovery__0047:26,transport_recovery__0047,fb106d73c0342444,transport_recovery,val,26,episodes/transport_recovery__0047.npz
transport_recovery__0047:27,transport_recovery__0047,fb106d73c0342444,transport_recovery,val,27,episodes/transport_recovery__0047.npz
transport_recovery__0047:28,transport_recovery__0047,fb106d73c0342444,transport_recovery,val,28,episodes/transport_recovery__0047.npz
transport_recovery__0047:29,transport_recovery__0047,fb106d73c0342444,transport_recovery,val,29,episodes/transport_recovery__0047.npz
transport_recovery__0047:30,transport_recovery__0047,fb106d73c0342444,transport_recovery,val,30,episodes/transport_recovery__0047.npz
transport_recovery__0047:31,transport_recovery__0047,fb106d73c0342444,transport_recovery,val,31,episodes/transport_recovery__0047.npz
transport_recovery__0047:32,transport_recovery__0047,fb106d73c0342444,transport_recovery,val,32,episodes/transport_recovery__0047.npz
transport_recovery__0047:33,transport_recovery__0047,fb106d73c0342444,transport_recovery,val,33,episodes/transport_recovery__0047.npz
transport_recovery__0047:34,transport_recovery__0047,fb106d73c0342444,transport_recovery,val,34,episodes/transport_recovery__0047.npz
transport_recovery__0047:35,transport_recovery__0047,fb106d73c0342444,transport_recovery,val,35,episodes/transport_recovery__0047.npz
transport_recovery__0047:36,transport_recovery__0047,fb106d73c0342444,transport_recovery,val,36,episodes/transport_recovery__0047.npz
transport_recovery__0047:37,transport_recovery__0047,fb106d73c0342444,transport_recovery,val,37,episodes/transport_recovery__0047.npz
transport_recovery__0047:38,transport_recovery__0047,fb106d73c0342444,transport_recovery,val,38,episodes/transport_recovery__0047.npz
transport_recovery__0047:39,transport_recovery__0047,fb106d73c0342444,transport_recovery,val,39,episodes/transport_recovery__0047.npz
transport_recovery__0047:40,transport_recovery__0047,fb106d73c0342444,transport_recovery,val,40,episodes/transport_recovery__0047.npz
transport_recovery__0047:41,transport_recovery__0047,fb106d73c0342444,transport_recovery,val,41,episodes/transport_recovery__0047.npz
transport_recovery__0047:42,transport_recovery__0047,fb106d73c0342444,transport_recovery,val,42,episodes/transport_recovery__0047.npz
transport_recovery__0047:43,transport_recovery__0047,fb106d73c0342444,transport_recovery,val,43,episodes/transport_recovery__0047.npz
transport_recovery__0047:44,transport_recovery__0047,fb106d73c0342444,transport_recovery,val,44,episodes/transport_recovery__0047.npz
transport_recovery__0047:45,transport_recovery__0047,fb106d73c0342444,transport_recovery,val,45,episodes/transport_recovery__0047.npz
transport_recovery__0047:46,transport_recovery__0047,fb106d73c0342444,transport_recovery,val,46,episodes/transport_recovery__0047.npz
transport_recovery__0047:47,transport_recovery__0047,fb106d73c0342444,transport_recovery,val,47,episodes/transport_recovery__0047.npz
transport_recovery__0047:48,transport_recovery__0047,fb106d73c0342444,transport_recovery,val,48,episodes/transport_recovery__0047.npz
transport_recovery__0047:49,transport_recovery__0047,fb106d73c0342444,transport_recovery,val,49,episodes/transport_recovery__0047.npz
transport_recovery__0047:50,transport_recovery__0047,fb106d73c0342444,transport_recovery,val,50,episodes/transport_recovery__0047.npz
transport_recovery__0047:51,transport_recovery__0047,fb106d73c0342444,transport_recovery,val,51,episodes/transport_recovery__0047.npz
transport_recovery__0047:52,transport_recovery__0047,fb106d73c0342444,transport_recovery,val,52,episodes/transport_recovery__0047.npz
transport_recovery__0047:53,transport_recovery__0047,fb106d73c0342444,transport_recovery,val,53,episodes/transport_recovery__0047.npz
transport_recovery__0047:54,transport_recovery__0047,fb106d73c0342444,transport_recovery,val,54,episodes/transport_recovery__0047.npz
transport_recovery__0047:55,transport_recovery__0047,fb106d73c0342444,transport_recovery,val,55,episodes/transport_recovery__0047.npz
transport_recovery__0047:56,transport_recovery__0047,fb106d73c0342444,transport_recovery,val,56,episodes/transport_recovery__0047.npz
transport_recovery__0047:57,transport_recovery__0047,fb106d73c0342444,transport_recovery,val,57,episodes/transport_recovery__0047.npz
transport_recovery__0047:58,transport_recovery__0047,fb106d73c0342444,transport_recovery,val,58,episodes/transport_recovery__0047.npz
transport_recovery__0047:59,transport_recovery__0047,fb106d73c0342444,transport_recovery,val,59,episodes/transport_recovery__0047.npz
transport_recovery__0047:60,transport_recovery__0047,fb106d73c0342444,transport_recovery,val,60,episodes/transport_recovery__0047.npz
transport_recovery__0047:61,transport_recovery__0047,fb106d73c0342444,transport_recovery,val,61,episodes/transport_recovery__0047.npz
transport_recovery__0047:62,transport_recovery__0047,fb106d73c0342444,transport_recovery,val,62,episodes/transport_recovery__0047.npz
transport_recovery__0047:63,transport_recovery__0047,fb106d73c0342444,transport_recovery,val,63,episodes/transport_recovery__0047.npz
transport_recovery__0047:64,transport_recovery__0047,fb106d73c0342444,transport_recovery,val,64,episodes/transport_recovery__0047.npz
transport_recovery__0047:65,transport_recovery__0047,fb106d73c0342444,transport_recovery,val,65,episodes/transport_recovery__0047.npz
transport_recovery__0047:66,transport_recovery__0047,fb106d73c0342444,transport_recovery,val,66,episodes/transport_recovery__0047.npz
transport_recovery__0047:67,transport_recovery__0047,fb106d73c0342444,transport_recovery,val,67,episodes/transport_recovery__0047.npz
transport_recovery__0047:68,transport_recovery__0047,fb106d73c0342444,transport_recovery,val,68,episodes/transport_recovery__0047.npz
transport_recovery__0047:69,transport_recovery__0047,fb106d73c0342444,transport_recovery,val,69,episodes/transport_recovery__0047.npz
transport_recovery__0047:70,transport_recovery__0047,fb106d73c0342444,transport_recovery,val,70,episodes/transport_recovery__0047.npz
transport_recovery__0047:71,transport_recovery__0047,fb106d73c0342444,transport_recovery,val,71,episodes/transport_recovery__0047.npz
transport_recovery__0047:72,transport_recovery__0047,fb106d73c0342444,transport_recovery,val,72,episodes/transport_recovery__0047.npz
transport_recovery__0047:73,transport_recovery__0047,fb106d73c0342444,transport_recovery,val,73,episodes/transport_recovery__0047.npz
transport_recovery__0047:74,transport_recovery__0047,fb106d73c0342444,transport_recovery,val,74,episodes/transport_recovery__0047.npz
transport_recovery__0047:75,transport_recovery__0047,fb106d73c0342444,transport_recovery,val,75,episodes/transport_recovery__0047.npz
transport_recovery__0047:76,transport_recovery__0047,fb106d73c0342444,transport_recovery,val,76,episodes/transport_recovery__0047.npz
transport_recovery__0047:77,transport_recovery__0047,fb106d73c0342444,transport_recovery,val,77,episodes/transport_recovery__0047.npz
transport_recovery__0047:78,transport_recovery__0047,fb106d73c0342444,transport_recovery,val,78,episodes/transport_recovery__0047.npz
transport_recovery__0047:79,transport_recovery__0047,fb106d73c0342444,transport_recovery,val,79,episodes/transport_recovery__0047.npz
transport_recovery__0047:80,transport_recovery__0047,fb106d73c0342444,transport_recovery,val,80,episodes/transport_recovery__0047.npz
transport_recovery__0047:81,transport_recovery__0047,fb106d73c0342444,transport_recovery,val,81,episodes/transport_recovery__0047.npz
transport_recovery__0047:82,transport_recovery__0047,fb106d73c0342444,transport_recovery,val,82,episodes/transport_recovery__0047.npz
transport_recovery__0047:83,transport_recovery__0047,fb106d73c0342444,transport_recovery,val,83,episodes/transport_recovery__0047.npz
transport_recovery__0047:84,transport_recovery__0047,fb106d73c0342444,transport_recovery,val,84,episodes/transport_recovery__0047.npz
transport_recovery__0047:85,transport_recovery__0047,fb106d73c0342444,transport_recovery,val,85,episodes/transport_recovery__0047.npz
transport_recovery__0047:86,transport_recovery__0047,fb106d73c0342444,transport_recovery,val,86,episodes/transport_recovery__0047.npz
transport_recovery__0047:87,transport_recovery__0047,fb106d73c0342444,transport_recovery,val,87,episodes/transport_recovery__0047.npz
transport_recovery__0047:88,transport_recovery__0047,fb106d73c0342444,transport_recovery,val,88,episodes/transport_recovery__0047.npz
transport_recovery__0047:89,transport_recovery__0047,fb106d73c0342444,transport_recovery,val,89,episodes/transport_recovery__0047.npz
transport_recovery__0047:90,transport_recovery__0047,fb106d73c0342444,transport_recovery,val,90,episodes/transport_recovery__0047.npz
transport_recovery__0047:91,transport_recovery__0047,fb106d73c0342444,transport_recovery,val,91,episodes/transport_recovery__0047.npz
transport_recovery__0047:92,transport_recovery__0047,fb106d73c0342444,transport_recovery,val,92,episodes/transport_recovery__0047.npz
transport_recovery__0047:93,transport_recovery__0047,fb106d73c0342444,transport_recovery,val,93,episodes/transport_recovery__0047.npz
transport_recovery__0047:94,transport_recovery__0047,fb106d73c0342444,transport_recovery,val,94,episodes/transport_recovery__0047.npz
transport_recovery__0047:95,transport_recovery__0047,fb106d73c0342444,transport_recovery,val,95,episodes/transport_recovery__0047.npz
transport_recovery__0047:96,transport_recovery__0047,fb106d73c0342444,transport_recovery,val,96,episodes/transport_recovery__0047.npz
transport_recovery__0047:97,transport_recovery__0047,fb106d73c0342444,transport_recovery,val,97,episodes/transport_recovery__0047.npz
transport_recovery__0047:98,transport_recovery__0047,fb106d73c0342444,transport_recovery,val,98,episodes/transport_recovery__0047.npz
transport_recovery__0047:99,transport_recovery__0047,fb106d73c0342444,transport_recovery,val,99,episodes/transport_recovery__0047.npz
transport_recovery__0047:100,transport_recovery__0047,fb106d73c0342444,transport_recovery,val,100,episodes/transport_recovery__0047.npz
transport_recovery__0047:101,transport_recovery__0047,fb106d73c0342444,transport_recovery,val,101,episodes/transport_recovery__0047.npz
transport_recovery__0047:102,transport_recovery__0047,fb106d73c0342444,transport_recovery,val,102,episodes/transport_recovery__0047.npz
transport_recovery__0047:103,transport_recovery__0047,fb106d73c0342444,transport_recovery,val,103,episodes/transport_recovery__0047.npz
transport_recovery__0047:104,transport_recovery__0047,fb106d73c0342444,transport_recovery,val,104,episodes/transport_recovery__0047.npz
transport_recovery__0047:105,transport_recovery__0047,fb106d73c0342444,transport_recovery,val,105,episodes/transport_recovery__0047.npz
transport_recovery__0047:106,transport_recovery__0047,fb106d73c0342444,transport_recovery,val,106,episodes/transport_recovery__0047.npz
transport_recovery__0047:107,transport_recovery__0047,fb106d73c0342444,transport_recovery,val,107,episodes/transport_recovery__0047.npz
transport_recovery__0047:108,transport_recovery__0047,fb106d73c0342444,transport_recovery,val,108,episodes/transport_recovery__0047.npz
transport_recovery__0047:109,transport_recovery__0047,fb106d73c0342444,transport_recovery,val,109,episodes/transport_recovery__0047.npz
transport_recovery__0047:110,transport_recovery__0047,fb106d73c0342444,transport_recovery,val,110,episodes/transport_recovery__0047.npz
transport_recovery__0047:111,transport_recovery__0047,fb106d73c0342444,transport_recovery,val,111,episodes/transport_recovery__0047.npz
transport_recovery__0047:112,transport_recovery__0047,fb106d73c0342444,transport_recovery,val,112,episodes/transport_recovery__0047.npz
transport_recovery__0047:113,transport_recovery__0047,fb106d73c0342444,transport_recovery,val,113,episodes/transport_recovery__0047.npz
transport_recovery__0047:114,transport_recovery__0047,fb106d73c0342444,transport_recovery,val,114,episodes/transport_recovery__0047.npz
transport_recovery__0047:115,transport_recovery__0047,fb106d73c0342444,transport_recovery,val,115,episodes/transport_recovery__0047.npz
transport_recovery__0047:116,transport_recovery__0047,fb106d73c0342444,transport_recovery,val,116,episodes/transport_recovery__0047.npz
transport_recovery__0047:117,transport_recovery__0047,fb106d73c0342444,transport_recovery,val,117,episodes/transport_recovery__0047.npz
transport_recovery__0047:118,transport_recovery__0047,fb106d73c0342444,transport_recovery,val,118,episodes/transport_recovery__0047.npz
transport_recovery__0047:119,transport_recovery__0047,fb106d73c0342444,transport_recovery,val,119,episodes/transport_recovery__0047.npz
transport_recovery__0049:0,transport_recovery__0049,44a27458c265bba1,transport_recovery,val,0,episodes/transport_recovery__0049.npz
transport_recovery__0049:1,transport_recovery__0049,44a27458c265bba1,transport_recovery,val,1,episodes/transport_recovery__0049.npz
transport_recovery__0049:2,transport_recovery__0049,44a27458c265bba1,transport_recovery,val,2,episodes/transport_recovery__0049.npz
transport_recovery__0049:3,transport_recovery__0049,44a27458c265bba1,transport_recovery,val,3,episodes/transport_recovery__0049.npz
transport_recovery__0049:4,transport_recovery__0049,44a27458c265bba1,transport_recovery,val,4,episodes/transport_recovery__0049.npz
transport_recovery__0049:5,transport_recovery__0049,44a27458c265bba1,transport_recovery,val,5,episodes/transport_recovery__0049.npz
transport_recovery__0049:6,transport_recovery__0049,44a27458c265bba1,transport_recovery,val,6,episodes/transport_recovery__0049.npz
transport_recovery__0049:7,transport_recovery__0049,44a27458c265bba1,transport_recovery,val,7,episodes/transport_recovery__0049.npz
transport_recovery__0049:8,transport_recovery__0049,44a27458c265bba1,transport_recovery,val,8,episodes/transport_recovery__0049.npz
transport_recovery__0049:9,transport_recovery__0049,44a27458c265bba1,transport_recovery,val,9,episodes/transport_recovery__0049.npz
transport_recovery__0049:10,transport_recovery__0049,44a27458c265bba1,transport_recovery,val,10,episodes/transport_recovery__0049.npz
transport_recovery__0049:11,transport_recovery__0049,44a27458c265bba1,transport_recovery,val,11,episodes/transport_recovery__0049.npz
transport_recovery__0049:12,transport_recovery__0049,44a27458c265bba1,transport_recovery,val,12,episodes/transport_recovery__0049.npz
transport_recovery__0049:13,transport_recovery__0049,44a27458c265bba1,transport_recovery,val,13,episodes/transport_recovery__0049.npz
transport_recovery__0049:14,transport_recovery__0049,44a27458c265bba1,transport_recovery,val,14,episodes/transport_recovery__0049.npz
transport_recovery__0049:15,transport_recovery__0049,44a27458c265bba1,transport_recovery,val,15,episodes/transport_recovery__0049.npz
transport_recovery__0049:16,transport_recovery__0049,44a27458c265bba1,transport_recovery,val,16,episodes/transport_recovery__0049.npz
transport_recovery__0049:17,transport_recovery__0049,44a27458c265bba1,transport_recovery,val,17,episodes/transport_recovery__0049.npz
transport_recovery__0049:18,transport_recovery__0049,44a27458c265bba1,transport_recovery,val,18,episodes/transport_recovery__0049.npz
transport_recovery__0049:19,transport_recovery__0049,44a27458c265bba1,transport_recovery,val,19,episodes/transport_recovery__0049.npz
transport_recovery__0049:20,transport_recovery__0049,44a27458c265bba1,transport_recovery,val,20,episodes/transport_recovery__0049.npz
transport_recovery__0049:21,transport_recovery__0049,44a27458c265bba1,transport_recovery,val,21,episodes/transport_recovery__0049.npz
transport_recovery__0049:22,transport_recovery__0049,44a27458c265bba1,transport_recovery,val,22,episodes/transport_recovery__0049.npz
transport_recovery__0049:23,transport_recovery__0049,44a27458c265bba1,transport_recovery,val,23,episodes/transport_recovery__0049.npz
transport_recovery__0049:24,transport_recovery__0049,44a27458c265bba1,transport_recovery,val,24,episodes/transport_recovery__0049.npz
transport_recovery__0049:25,transport_recovery__0049,44a27458c265bba1,transport_recovery,val,25,episodes/transport_recovery__0049.npz
transport_recovery__0049:26,transport_recovery__0049,44a27458c265bba1,transport_recovery,val,26,episodes/transport_recovery__0049.npz
transport_recovery__0049:27,transport_recovery__0049,44a27458c265bba1,transport_recovery,val,27,episodes/transport_recovery__0049.npz
transport_recovery__0049:28,transport_recovery__0049,44a27458c265bba1,transport_recovery,val,28,episodes/transport_recovery__0049.npz
transport_recovery__0049:29,transport_recovery__0049,44a27458c265bba1,transport_recovery,val,29,episodes/transport_recovery__0049.npz
transport_recovery__0049:30,transport_recovery__0049,44a27458c265bba1,transport_recovery,val,30,episodes/transport_recovery__0049.npz
transport_recovery__0049:31,transport_recovery__0049,44a27458c265bba1,transport_recovery,val,31,episodes/transport_recovery__0049.npz
transport_recovery__0049:32,transport_recovery__0049,44a27458c265bba1,transport_recovery,val,32,episodes/transport_recovery__0049.npz
transport_recovery__0049:33,transport_recovery__0049,44a27458c265bba1,transport_recovery,val,33,episodes/transport_recovery__0049.npz
transport_recovery__0049:34,transport_recovery__0049,44a27458c265bba1,transport_recovery,val,34,episodes/transport_recovery__0049.npz
transport_recovery__0049:35,transport_recovery__0049,44a27458c265bba1,transport_recovery,val,35,episodes/transport_recovery__0049.npz
transport_recovery__0049:36,transport_recovery__0049,44a27458c265bba1,transport_recovery,val,36,episodes/transport_recovery__0049.npz
transport_recovery__0049:37,transport_recovery__0049,44a27458c265bba1,transport_recovery,val,37,episodes/transport_recovery__0049.npz
transport_recovery__0049:38,transport_recovery__0049,44a27458c265bba1,transport_recovery,val,38,episodes/transport_recovery__0049.npz
transport_recovery__0049:39,transport_recovery__0049,44a27458c265bba1,transport_recovery,val,39,episodes/transport_recovery__0049.npz
transport_recovery__0049:40,transport_recovery__0049,44a27458c265bba1,transport_recovery,val,40,episodes/transport_recovery__0049.npz
transport_recovery__0049:41,transport_recovery__0049,44a27458c265bba1,transport_recovery,val,41,episodes/transport_recovery__0049.npz
transport_recovery__0049:42,transport_recovery__0049,44a27458c265bba1,transport_recovery,val,42,episodes/transport_recovery__0049.npz
transport_recovery__0049:43,transport_recovery__0049,44a27458c265bba1,transport_recovery,val,43,episodes/transport_recovery__0049.npz
transport_recovery__0049:44,transport_recovery__0049,44a27458c265bba1,transport_recovery,val,44,episodes/transport_recovery__0049.npz
transport_recovery__0049:45,transport_recovery__0049,44a27458c265bba1,transport_recovery,val,45,episodes/transport_recovery__0049.npz
transport_recovery__0049:46,transport_recovery__0049,44a27458c265bba1,transport_recovery,val,46,episodes/transport_recovery__0049.npz
transport_recovery__0049:47,transport_recovery__0049,44a27458c265bba1,transport_recovery,val,47,episodes/transport_recovery__0049.npz
transport_recovery__0049:48,transport_recovery__0049,44a27458c265bba1,transport_recovery,val,48,episodes/transport_recovery__0049.npz
transport_recovery__0049:49,transport_recovery__0049,44a27458c265bba1,transport_recovery,val,49,episodes/transport_recovery__0049.npz
transport_recovery__0049:50,transport_recovery__0049,44a27458c265bba1,transport_recovery,val,50,episodes/transport_recovery__0049.npz
transport_recovery__0049:51,transport_recovery__0049,44a27458c265bba1,transport_recovery,val,51,episodes/transport_recovery__0049.npz
transport_recovery__0049:52,transport_recovery__0049,44a27458c265bba1,transport_recovery,val,52,episodes/transport_recovery__0049.npz
transport_recovery__0049:53,transport_recovery__0049,44a27458c265bba1,transport_recovery,val,53,episodes/transport_recovery__0049.npz
transport_recovery__0049:54,transport_recovery__0049,44a27458c265bba1,transport_recovery,val,54,episodes/transport_recovery__0049.npz
transport_recovery__0049:55,transport_recovery__0049,44a27458c265bba1,transport_recovery,val,55,episodes/transport_recovery__0049.npz
transport_recovery__0049:56,transport_recovery__0049,44a27458c265bba1,transport_recovery,val,56,episodes/transport_recovery__0049.npz
transport_recovery__0049:57,transport_recovery__0049,44a27458c265bba1,transport_recovery,val,57,episodes/transport_recovery__0049.npz
transport_recovery__0049:58,transport_recovery__0049,44a27458c265bba1,transport_recovery,val,58,episodes/transport_recovery__0049.npz
transport_recovery__0049:59,transport_recovery__0049,44a27458c265bba1,transport_recovery,val,59,episodes/transport_recovery__0049.npz
transport_recovery__0049:60,transport_recovery__0049,44a27458c265bba1,transport_recovery,val,60,episodes/transport_recovery__0049.npz
transport_recovery__0049:61,transport_recovery__0049,44a27458c265bba1,transport_recovery,val,61,episodes/transport_recovery__0049.npz
transport_recovery__0049:62,transport_recovery__0049,44a27458c265bba1,transport_recovery,val,62,episodes/transport_recovery__0049.npz
transport_recovery__0049:63,transport_recovery__0049,44a27458c265bba1,transport_recovery,val,63,episodes/transport_recovery__0049.npz
transport_recovery__0049:64,transport_recovery__0049,44a27458c265bba1,transport_recovery,val,64,episodes/transport_recovery__0049.npz
transport_recovery__0049:65,transport_recovery__0049,44a27458c265bba1,transport_recovery,val,65,episodes/transport_recovery__0049.npz
transport_recovery__0049:66,transport_recovery__0049,44a27458c265bba1,transport_recovery,val,66,episodes/transport_recovery__0049.npz
transport_recovery__0049:67,transport_recovery__0049,44a27458c265bba1,transport_recovery,val,67,episodes/transport_recovery__0049.npz
transport_recovery__0049:68,transport_recovery__0049,44a27458c265bba1,transport_recovery,val,68,episodes/transport_recovery__0049.npz
transport_recovery__0049:69,transport_recovery__0049,44a27458c265bba1,transport_recovery,val,69,episodes/transport_recovery__0049.npz
transport_recovery__0049:70,transport_recovery__0049,44a27458c265bba1,transport_recovery,val,70,episodes/transport_recovery__0049.npz
transport_recovery__0049:71,transport_recovery__0049,44a27458c265bba1,transport_recovery,val,71,episodes/transport_recovery__0049.npz
transport_recovery__0049:72,transport_recovery__0049,44a27458c265bba1,transport_recovery,val,72,episodes/transport_recovery__0049.npz
transport_recovery__0049:73,transport_recovery__0049,44a27458c265bba1,transport_recovery,val,73,episodes/transport_recovery__0049.npz
transport_recovery__0049:74,transport_recovery__0049,44a27458c265bba1,transport_recovery,val,74,episodes/transport_recovery__0049.npz
transport_recovery__0049:75,transport_recovery__0049,44a27458c265bba1,transport_recovery,val,75,episodes/transport_recovery__0049.npz
transport_recovery__0049:76,transport_recovery__0049,44a27458c265bba1,transport_recovery,val,76,episodes/transport_recovery__0049.npz
transport_recovery__0049:77,transport_recovery__0049,44a27458c265bba1,transport_recovery,val,77,episodes/transport_recovery__0049.npz
transport_recovery__0049:78,transport_recovery__0049,44a27458c265bba1,transport_recovery,val,78,episodes/transport_recovery__0049.npz
transport_recovery__0049:79,transport_recovery__0049,44a27458c265bba1,transport_recovery,val,79,episodes/transport_recovery__0049.npz
transport_recovery__0049:80,transport_recovery__0049,44a27458c265bba1,transport_recovery,val,80,episodes/transport_recovery__0049.npz
transport_recovery__0049:81,transport_recovery__0049,44a27458c265bba1,transport_recovery,val,81,episodes/transport_recovery__0049.npz
transport_recovery__0049:82,transport_recovery__0049,44a27458c265bba1,transport_recovery,val,82,episodes/transport_recovery__0049.npz
transport_recovery__0049:83,transport_recovery__0049,44a27458c265bba1,transport_recovery,val,83,episodes/transport_recovery__0049.npz
transport_recovery__0049:84,transport_recovery__0049,44a27458c265bba1,transport_recovery,val,84,episodes/transport_recovery__0049.npz
transport_recovery__0049:85,transport_recovery__0049,44a27458c265bba1,transport_recovery,val,85,episodes/transport_recovery__0049.npz
transport_recovery__0049:86,transport_recovery__0049,44a27458c265bba1,transport_recovery,val,86,episodes/transport_recovery__0049.npz
transport_recovery__0049:87,transport_recovery__0049,44a27458c265bba1,transport_recovery,val,87,episodes/transport_recovery__0049.npz
transport_recovery__0049:88,transport_recovery__0049,44a27458c265bba1,transport_recovery,val,88,episodes/transport_recovery__0049.npz
transport_recovery__0049:89,transport_recovery__0049,44a27458c265bba1,transport_recovery,val,89,episodes/transport_recovery__0049.npz
transport_recovery__0049:90,transport_recovery__0049,44a27458c265bba1,transport_recovery,val,90,episodes/transport_recovery__0049.npz
transport_recovery__0049:91,transport_recovery__0049,44a27458c265bba1,transport_recovery,val,91,episodes/transport_recovery__0049.npz
transport_recovery__0049:92,transport_recovery__0049,44a27458c265bba1,transport_recovery,val,92,episodes/transport_recovery__0049.npz
transport_recovery__0049:93,transport_recovery__0049,44a27458c265bba1,transport_recovery,val,93,episodes/transport_recovery__0049.npz
transport_recovery__0049:94,transport_recovery__0049,44a27458c265bba1,transport_recovery,val,94,episodes/transport_recovery__0049.npz
transport_recovery__0049:95,transport_recovery__0049,44a27458c265bba1,transport_recovery,val,95,episodes/transport_recovery__0049.npz
transport_recovery__0049:96,transport_recovery__0049,44a27458c265bba1,transport_recovery,val,96,episodes/transport_recovery__0049.npz
transport_recovery__0049:97,transport_recovery__0049,44a27458c265bba1,transport_recovery,val,97,episodes/transport_recovery__0049.npz
transport_recovery__0049:98,transport_recovery__0049,44a27458c265bba1,transport_recovery,val,98,episodes/transport_recovery__0049.npz
transport_recovery__0049:99,transport_recovery__0049,44a27458c265bba1,transport_recovery,val,99,episodes/transport_recovery__0049.npz
transport_recovery__0049:100,transport_recovery__0049,44a27458c265bba1,transport_recovery,val,100,episodes/transport_recovery__0049.npz
transport_recovery__0049:101,transport_recovery__0049,44a27458c265bba1,transport_recovery,val,101,episodes/transport_recovery__0049.npz
transport_recovery__0049:102,transport_recovery__0049,44a27458c265bba1,transport_recovery,val,102,episodes/transport_recovery__0049.npz
transport_recovery__0049:103,transport_recovery__0049,44a27458c265bba1,transport_recovery,val,103,episodes/transport_recovery__0049.npz
transport_recovery__0049:104,transport_recovery__0049,44a27458c265bba1,transport_recovery,val,104,episodes/transport_recovery__0049.npz
transport_recovery__0049:105,transport_recovery__0049,44a27458c265bba1,transport_recovery,val,105,episodes/transport_recovery__0049.npz
transport_recovery__0049:106,transport_recovery__0049,44a27458c265bba1,transport_recovery,val,106,episodes/transport_recovery__0049.npz
transport_recovery__0049:107,transport_recovery__0049,44a27458c265bba1,transport_recovery,val,107,episodes/transport_recovery__0049.npz
transport_recovery__0049:108,transport_recovery__0049,44a27458c265bba1,transport_recovery,val,108,episodes/transport_recovery__0049.npz
transport_recovery__0049:109,transport_recovery__0049,44a27458c265bba1,transport_recovery,val,109,episodes/transport_recovery__0049.npz
transport_recovery__0049:110,transport_recovery__0049,44a27458c265bba1,transport_recovery,val,110,episodes/transport_recovery__0049.npz
transport_recovery__0049:111,transport_recovery__0049,44a27458c265bba1,transport_recovery,val,111,episodes/transport_recovery__0049.npz
transport_recovery__0049:112,transport_recovery__0049,44a27458c265bba1,transport_recovery,val,112,episodes/transport_recovery__0049.npz
transport_recovery__0049:113,transport_recovery__0049,44a27458c265bba1,transport_recovery,val,113,episodes/transport_recovery__0049.npz
transport_recovery__0049:114,transport_recovery__0049,44a27458c265bba1,transport_recovery,val,114,episodes/transport_recovery__0049.npz
transport_recovery__0049:115,transport_recovery__0049,44a27458c265bba1,transport_recovery,val,115,episodes/transport_recovery__0049.npz
transport_recovery__0049:116,transport_recovery__0049,44a27458c265bba1,transport_recovery,val,116,episodes/transport_recovery__0049.npz
transport_recovery__0049:117,transport_recovery__0049,44a27458c265bba1,transport_recovery,val,117,episodes/transport_recovery__0049.npz
transport_recovery__0049:118,transport_recovery__0049,44a27458c265bba1,transport_recovery,val,118,episodes/transport_recovery__0049.npz
transport_recovery__0049:119,transport_recovery__0049,44a27458c265bba1,transport_recovery,val,119,episodes/transport_recovery__0049.npz
transport_recovery__0051:0,transport_recovery__0051,0922eee6e0d2de3f,transport_recovery,val,0,episodes/transport_recovery__0051.npz
transport_recovery__0051:1,transport_recovery__0051,0922eee6e0d2de3f,transport_recovery,val,1,episodes/transport_recovery__0051.npz
transport_recovery__0051:2,transport_recovery__0051,0922eee6e0d2de3f,transport_recovery,val,2,episodes/transport_recovery__0051.npz
transport_recovery__0051:3,transport_recovery__0051,0922eee6e0d2de3f,transport_recovery,val,3,episodes/transport_recovery__0051.npz
transport_recovery__0051:4,transport_recovery__0051,0922eee6e0d2de3f,transport_recovery,val,4,episodes/transport_recovery__0051.npz
transport_recovery__0051:5,transport_recovery__0051,0922eee6e0d2de3f,transport_recovery,val,5,episodes/transport_recovery__0051.npz
transport_recovery__0051:6,transport_recovery__0051,0922eee6e0d2de3f,transport_recovery,val,6,episodes/transport_recovery__0051.npz
transport_recovery__0051:7,transport_recovery__0051,0922eee6e0d2de3f,transport_recovery,val,7,episodes/transport_recovery__0051.npz
transport_recovery__0051:8,transport_recovery__0051,0922eee6e0d2de3f,transport_recovery,val,8,episodes/transport_recovery__0051.npz
transport_recovery__0051:9,transport_recovery__0051,0922eee6e0d2de3f,transport_recovery,val,9,episodes/transport_recovery__0051.npz
transport_recovery__0051:10,transport_recovery__0051,0922eee6e0d2de3f,transport_recovery,val,10,episodes/transport_recovery__0051.npz
transport_recovery__0051:11,transport_recovery__0051,0922eee6e0d2de3f,transport_recovery,val,11,episodes/transport_recovery__0051.npz
transport_recovery__0051:12,transport_recovery__0051,0922eee6e0d2de3f,transport_recovery,val,12,episodes/transport_recovery__0051.npz
transport_recovery__0051:13,transport_recovery__0051,0922eee6e0d2de3f,transport_recovery,val,13,episodes/transport_recovery__0051.npz
transport_recovery__0051:14,transport_recovery__0051,0922eee6e0d2de3f,transport_recovery,val,14,episodes/transport_recovery__0051.npz
transport_recovery__0051:15,transport_recovery__0051,0922eee6e0d2de3f,transport_recovery,val,15,episodes/transport_recovery__0051.npz
transport_recovery__0051:16,transport_recovery__0051,0922eee6e0d2de3f,transport_recovery,val,16,episodes/transport_recovery__0051.npz
transport_recovery__0051:17,transport_recovery__0051,0922eee6e0d2de3f,transport_recovery,val,17,episodes/transport_recovery__0051.npz
transport_recovery__0051:18,transport_recovery__0051,0922eee6e0d2de3f,transport_recovery,val,18,episodes/transport_recovery__0051.npz
transport_recovery__0051:19,transport_recovery__0051,0922eee6e0d2de3f,transport_recovery,val,19,episodes/transport_recovery__0051.npz
transport_recovery__0051:20,transport_recovery__0051,0922eee6e0d2de3f,transport_recovery,val,20,episodes/transport_recovery__0051.npz
transport_recovery__0051:21,transport_recovery__0051,0922eee6e0d2de3f,transport_recovery,val,21,episodes/transport_recovery__0051.npz
transport_recovery__0051:22,transport_recovery__0051,0922eee6e0d2de3f,transport_recovery,val,22,episodes/transport_recovery__0051.npz
transport_recovery__0051:23,transport_recovery__0051,0922eee6e0d2de3f,transport_recovery,val,23,episodes/transport_recovery__0051.npz
transport_recovery__0051:24,transport_recovery__0051,0922eee6e0d2de3f,transport_recovery,val,24,episodes/transport_recovery__0051.npz
transport_recovery__0051:25,transport_recovery__0051,0922eee6e0d2de3f,transport_recovery,val,25,episodes/transport_recovery__0051.npz
transport_recovery__0051:26,transport_recovery__0051,0922eee6e0d2de3f,transport_recovery,val,26,episodes/transport_recovery__0051.npz
transport_recovery__0051:27,transport_recovery__0051,0922eee6e0d2de3f,transport_recovery,val,27,episodes/transport_recovery__0051.npz
transport_recovery__0051:28,transport_recovery__0051,0922eee6e0d2de3f,transport_recovery,val,28,episodes/transport_recovery__0051.npz
transport_recovery__0051:29,transport_recovery__0051,0922eee6e0d2de3f,transport_recovery,val,29,episodes/transport_recovery__0051.npz
transport_recovery__0051:30,transport_recovery__0051,0922eee6e0d2de3f,transport_recovery,val,30,episodes/transport_recovery__0051.npz
transport_recovery__0051:31,transport_recovery__0051,0922eee6e0d2de3f,transport_recovery,val,31,episodes/transport_recovery__0051.npz
transport_recovery__0051:32,transport_recovery__0051,0922eee6e0d2de3f,transport_recovery,val,32,episodes/transport_recovery__0051.npz
transport_recovery__0051:33,transport_recovery__0051,0922eee6e0d2de3f,transport_recovery,val,33,episodes/transport_recovery__0051.npz
transport_recovery__0051:34,transport_recovery__0051,0922eee6e0d2de3f,transport_recovery,val,34,episodes/transport_recovery__0051.npz
transport_recovery__0051:35,transport_recovery__0051,0922eee6e0d2de3f,transport_recovery,val,35,episodes/transport_recovery__0051.npz
transport_recovery__0051:36,transport_recovery__0051,0922eee6e0d2de3f,transport_recovery,val,36,episodes/transport_recovery__0051.npz
transport_recovery__0051:37,transport_recovery__0051,0922eee6e0d2de3f,transport_recovery,val,37,episodes/transport_recovery__0051.npz
transport_recovery__0051:38,transport_recovery__0051,0922eee6e0d2de3f,transport_recovery,val,38,episodes/transport_recovery__0051.npz
transport_recovery__0051:39,transport_recovery__0051,0922eee6e0d2de3f,transport_recovery,val,39,episodes/transport_recovery__0051.npz
transport_recovery__0051:40,transport_recovery__0051,0922eee6e0d2de3f,transport_recovery,val,40,episodes/transport_recovery__0051.npz
transport_recovery__0051:41,transport_recovery__0051,0922eee6e0d2de3f,transport_recovery,val,41,episodes/transport_recovery__0051.npz
transport_recovery__0051:42,transport_recovery__0051,0922eee6e0d2de3f,transport_recovery,val,42,episodes/transport_recovery__0051.npz
transport_recovery__0051:43,transport_recovery__0051,0922eee6e0d2de3f,transport_recovery,val,43,episodes/transport_recovery__0051.npz
transport_recovery__0051:44,transport_recovery__0051,0922eee6e0d2de3f,transport_recovery,val,44,episodes/transport_recovery__0051.npz
transport_recovery__0051:45,transport_recovery__0051,0922eee6e0d2de3f,transport_recovery,val,45,episodes/transport_recovery__0051.npz
transport_recovery__0051:46,transport_recovery__0051,0922eee6e0d2de3f,transport_recovery,val,46,episodes/transport_recovery__0051.npz
transport_recovery__0051:47,transport_recovery__0051,0922eee6e0d2de3f,transport_recovery,val,47,episodes/transport_recovery__0051.npz
transport_recovery__0051:48,transport_recovery__0051,0922eee6e0d2de3f,transport_recovery,val,48,episodes/transport_recovery__0051.npz
transport_recovery__0051:49,transport_recovery__0051,0922eee6e0d2de3f,transport_recovery,val,49,episodes/transport_recovery__0051.npz
transport_recovery__0051:50,transport_recovery__0051,0922eee6e0d2de3f,transport_recovery,val,50,episodes/transport_recovery__0051.npz
transport_recovery__0051:51,transport_recovery__0051,0922eee6e0d2de3f,transport_recovery,val,51,episodes/transport_recovery__0051.npz
transport_recovery__0051:52,transport_recovery__0051,0922eee6e0d2de3f,transport_recovery,val,52,episodes/transport_recovery__0051.npz
transport_recovery__0051:53,transport_recovery__0051,0922eee6e0d2de3f,transport_recovery,val,53,episodes/transport_recovery__0051.npz
transport_recovery__0051:54,transport_recovery__0051,0922eee6e0d2de3f,transport_recovery,val,54,episodes/transport_recovery__0051.npz
transport_recovery__0051:55,transport_recovery__0051,0922eee6e0d2de3f,transport_recovery,val,55,episodes/transport_recovery__0051.npz
transport_recovery__0051:56,transport_recovery__0051,0922eee6e0d2de3f,transport_recovery,val,56,episodes/transport_recovery__0051.npz
transport_recovery__0051:57,transport_recovery__0051,0922eee6e0d2de3f,transport_recovery,val,57,episodes/transport_recovery__0051.npz
transport_recovery__0051:58,transport_recovery__0051,0922eee6e0d2de3f,transport_recovery,val,58,episodes/transport_recovery__0051.npz
transport_recovery__0051:59,transport_recovery__0051,0922eee6e0d2de3f,transport_recovery,val,59,episodes/transport_recovery__0051.npz
transport_recovery__0051:60,transport_recovery__0051,0922eee6e0d2de3f,transport_recovery,val,60,episodes/transport_recovery__0051.npz
transport_recovery__0051:61,transport_recovery__0051,0922eee6e0d2de3f,transport_recovery,val,61,episodes/transport_recovery__0051.npz
transport_recovery__0051:62,transport_recovery__0051,0922eee6e0d2de3f,transport_recovery,val,62,episodes/transport_recovery__0051.npz
transport_recovery__0051:63,transport_recovery__0051,0922eee6e0d2de3f,transport_recovery,val,63,episodes/transport_recovery__0051.npz
transport_recovery__0051:64,transport_recovery__0051,0922eee6e0d2de3f,transport_recovery,val,64,episodes/transport_recovery__0051.npz
transport_recovery__0051:65,transport_recovery__0051,0922eee6e0d2de3f,transport_recovery,val,65,episodes/transport_recovery__0051.npz
transport_recovery__0051:66,transport_recovery__0051,0922eee6e0d2de3f,transport_recovery,val,66,episodes/transport_recovery__0051.npz
transport_recovery__0051:67,transport_recovery__0051,0922eee6e0d2de3f,transport_recovery,val,67,episodes/transport_recovery__0051.npz
transport_recovery__0051:68,transport_recovery__0051,0922eee6e0d2de3f,transport_recovery,val,68,episodes/transport_recovery__0051.npz
transport_recovery__0051:69,transport_recovery__0051,0922eee6e0d2de3f,transport_recovery,val,69,episodes/transport_recovery__0051.npz
transport_recovery__0051:70,transport_recovery__0051,0922eee6e0d2de3f,transport_recovery,val,70,episodes/transport_recovery__0051.npz
transport_recovery__0051:71,transport_recovery__0051,0922eee6e0d2de3f,transport_recovery,val,71,episodes/transport_recovery__0051.npz
transport_recovery__0051:72,transport_recovery__0051,0922eee6e0d2de3f,transport_recovery,val,72,episodes/transport_recovery__0051.npz
transport_recovery__0051:73,transport_recovery__0051,0922eee6e0d2de3f,transport_recovery,val,73,episodes/transport_recovery__0051.npz
transport_recovery__0051:74,transport_recovery__0051,0922eee6e0d2de3f,transport_recovery,val,74,episodes/transport_recovery__0051.npz
transport_recovery__0051:75,transport_recovery__0051,0922eee6e0d2de3f,transport_recovery,val,75,episodes/transport_recovery__0051.npz
transport_recovery__0051:76,transport_recovery__0051,0922eee6e0d2de3f,transport_recovery,val,76,episodes/transport_recovery__0051.npz
transport_recovery__0051:77,transport_recovery__0051,0922eee6e0d2de3f,transport_recovery,val,77,episodes/transport_recovery__0051.npz
transport_recovery__0051:78,transport_recovery__0051,0922eee6e0d2de3f,transport_recovery,val,78,episodes/transport_recovery__0051.npz
transport_recovery__0051:79,transport_recovery__0051,0922eee6e0d2de3f,transport_recovery,val,79,episodes/transport_recovery__0051.npz
transport_recovery__0051:80,transport_recovery__0051,0922eee6e0d2de3f,transport_recovery,val,80,episodes/transport_recovery__0051.npz
transport_recovery__0051:81,transport_recovery__0051,0922eee6e0d2de3f,transport_recovery,val,81,episodes/transport_recovery__0051.npz
transport_recovery__0051:82,transport_recovery__0051,0922eee6e0d2de3f,transport_recovery,val,82,episodes/transport_recovery__0051.npz
transport_recovery__0051:83,transport_recovery__0051,0922eee6e0d2de3f,transport_recovery,val,83,episodes/transport_recovery__0051.npz
transport_recovery__0051:84,transport_recovery__0051,0922eee6e0d2de3f,transport_recovery,val,84,episodes/transport_recovery__0051.npz
transport_recovery__0051:85,transport_recovery__0051,0922eee6e0d2de3f,transport_recovery,val,85,episodes/transport_recovery__0051.npz
transport_recovery__0051:86,transport_recovery__0051,0922eee6e0d2de3f,transport_recovery,val,86,episodes/transport_recovery__0051.npz
transport_recovery__0051:87,transport_recovery__0051,0922eee6e0d2de3f,transport_recovery,val,87,episodes/transport_recovery__0051.npz
transport_recovery__0051:88,transport_recovery__0051,0922eee6e0d2de3f,transport_recovery,val,88,episodes/transport_recovery__0051.npz
transport_recovery__0051:89,transport_recovery__0051,0922eee6e0d2de3f,transport_recovery,val,89,episodes/transport_recovery__0051.npz
transport_recovery__0051:90,transport_recovery__0051,0922eee6e0d2de3f,transport_recovery,val,90,episodes/transport_recovery__0051.npz
transport_recovery__0051:91,transport_recovery__0051,0922eee6e0d2de3f,transport_recovery,val,91,episodes/transport_recovery__0051.npz
transport_recovery__0051:92,transport_recovery__0051,0922eee6e0d2de3f,transport_recovery,val,92,episodes/transport_recovery__0051.npz
transport_recovery__0051:93,transport_recovery__0051,0922eee6e0d2de3f,transport_recovery,val,93,episodes/transport_recovery__0051.npz
transport_recovery__0051:94,transport_recovery__0051,0922eee6e0d2de3f,transport_recovery,val,94,episodes/transport_recovery__0051.npz
transport_recovery__0051:95,transport_recovery__0051,0922eee6e0d2de3f,transport_recovery,val,95,episodes/transport_recovery__0051.npz
transport_recovery__0051:96,transport_recovery__0051,0922eee6e0d2de3f,transport_recovery,val,96,episodes/transport_recovery__0051.npz
transport_recovery__0051:97,transport_recovery__0051,0922eee6e0d2de3f,transport_recovery,val,97,episodes/transport_recovery__0051.npz
transport_recovery__0051:98,transport_recovery__0051,0922eee6e0d2de3f,transport_recovery,val,98,episodes/transport_recovery__0051.npz
transport_recovery__0051:99,transport_recovery__0051,0922eee6e0d2de3f,transport_recovery,val,99,episodes/transport_recovery__0051.npz
transport_recovery__0051:100,transport_recovery__0051,0922eee6e0d2de3f,transport_recovery,val,100,episodes/transport_recovery__0051.npz
transport_recovery__0051:101,transport_recovery__0051,0922eee6e0d2de3f,transport_recovery,val,101,episodes/transport_recovery__0051.npz
transport_recovery__0051:102,transport_recovery__0051,0922eee6e0d2de3f,transport_recovery,val,102,episodes/transport_recovery__0051.npz
transport_recovery__0051:103,transport_recovery__0051,0922eee6e0d2de3f,transport_recovery,val,103,episodes/transport_recovery__0051.npz
transport_recovery__0051:104,transport_recovery__0051,0922eee6e0d2de3f,transport_recovery,val,104,episodes/transport_recovery__0051.npz
transport_recovery__0051:105,transport_recovery__0051,0922eee6e0d2de3f,transport_recovery,val,105,episodes/transport_recovery__0051.npz
transport_recovery__0051:106,transport_recovery__0051,0922eee6e0d2de3f,transport_recovery,val,106,episodes/transport_recovery__0051.npz
transport_recovery__0051:107,transport_recovery__0051,0922eee6e0d2de3f,transport_recovery,val,107,episodes/transport_recovery__0051.npz
transport_recovery__0051:108,transport_recovery__0051,0922eee6e0d2de3f,transport_recovery,val,108,episodes/transport_recovery__0051.npz
transport_recovery__0051:109,transport_recovery__0051,0922eee6e0d2de3f,transport_recovery,val,109,episodes/transport_recovery__0051.npz
transport_recovery__0051:110,transport_recovery__0051,0922eee6e0d2de3f,transport_recovery,val,110,episodes/transport_recovery__0051.npz
transport_recovery__0051:111,transport_recovery__0051,0922eee6e0d2de3f,transport_recovery,val,111,episodes/transport_recovery__0051.npz
transport_recovery__0051:112,transport_recovery__0051,0922eee6e0d2de3f,transport_recovery,val,112,episodes/transport_recovery__0051.npz
transport_recovery__0051:113,transport_recovery__0051,0922eee6e0d2de3f,transport_recovery,val,113,episodes/transport_recovery__0051.npz
transport_recovery__0051:114,transport_recovery__0051,0922eee6e0d2de3f,transport_recovery,val,114,episodes/transport_recovery__0051.npz
transport_recovery__0051:115,transport_recovery__0051,0922eee6e0d2de3f,transport_recovery,val,115,episodes/transport_recovery__0051.npz
transport_recovery__0051:116,transport_recovery__0051,0922eee6e0d2de3f,transport_recovery,val,116,episodes/transport_recovery__0051.npz
transport_recovery__0051:117,transport_recovery__0051,0922eee6e0d2de3f,transport_recovery,val,117,episodes/transport_recovery__0051.npz
transport_recovery__0051:118,transport_recovery__0051,0922eee6e0d2de3f,transport_recovery,val,118,episodes/transport_recovery__0051.npz
transport_recovery__0051:119,transport_recovery__0051,0922eee6e0d2de3f,transport_recovery,val,119,episodes/transport_recovery__0051.npz
