scorer,set,case_id,status,solved,plan_length,plan_valid,expanded,solved_at_expansion,generated,duplicates,path_updates,h_root,best_h,evaluated_states,eval_batches,forward_calls,graph_encodings,wall_total_s,t_parse_ground_s,t_prepare_s,search_s,scoring_s,inference_s,translate_s,rss_peak_growth_gib,gpu_peak_gib,timeout_before_node_limit,error,proven_optimal_length,best_observed_valid_length,registered_reference_length,registered_reference_kind,ratio_to_optimal,ratio_to_best_observed,n_crates,n_goal_towers,max_goal_height,needs_transport,n_trucks,n_places,n_ground_actions,destruction_label,cell
H_ADD,ipc,ipc_p01,SOLVED,True,10,True,10,10,61,13,0,11.0,1.0,44,10,,,0.011,0.0074,0.0011,0.0024132419930538163,0.0021845610172022134,,,0.0,,False,,10,10,10,optimal_lmcut,1.0,1.0,2,,1,True,2,,84,UNKNOWN,
H_ADD,ipc,ipc_p03,SOLVED,True,34,True,66,66,542,180,5,40.0,1.0,353,66,,,0.068,0.0488,0.0019,0.015826468996237963,0.014065411000046879,,,0.0,,False,,27,27,27,optimal_lmcut,1.2592592592592593,1.2592592592592593,6,,3,True,2,,372,UNKNOWN,
H_ADD,ipc,ipc_p05,SOLVED,True,156,True,13208,13208,117387,64972,3407,68.0,1.0,49004,12662,,,3.707,0.0981,0.0036,3.5950920410105027,3.1507371161715128,,,0.015,,False,,,45,45,best_known_lama,,3.466666666666667,10,,6,True,2,,852,UNKNOWN,
H_ADD,ipc,ipc_p07,SOLVED,True,34,True,2719,2719,24378,15810,343,24.0,1.0,8221,2588,,,0.507,0.043,0.0025,0.45888380099495407,0.3787704191345256,,,0.001,,False,,21,21,21,optimal_lmcut,1.619047619047619,1.619047619047619,6,,3,True,2,,444,UNKNOWN,
H_ADD,ipc,ipc_p09,NODE_LIMIT,False,,,100000,,1139621,557314,37688,87.0,48.0,544620,100001,,,72.898,0.2899,0.0083,72.47969238899532,66.91388480825117,,,0.16,,False,,,61,74,best_known_lama,,,15,,4,True,2,,1902,UNKNOWN,
H_ADD,ipc,ipc_p11,SOLVED,True,82,True,19068,19068,289100,185678,14436,70.0,1.0,88976,19053,,,10.206,0.3022,0.0076,9.877890246003517,8.907291727970005,,,0.01,,False,,,50,60,best_known_lama,,1.64,10,,3,True,2,,1920,UNKNOWN,
H_ADD,ipc,ipc_p13,SOLVED,True,25,True,36,36,531,127,0,30.0,1.0,394,36,,,0.196,0.1619,0.0049,0.026212123993900605,0.02462071701302193,,,0.0,,False,,25,25,25,optimal_lmcut,1.0,1.0,6,,1,True,2,,1056,UNKNOWN,
H_ADD,ipc,ipc_p15,NODE_LIMIT,False,,,100000,,1911788,1354268,14080,80.0,8.0,543441,99762,,,106.778,0.6985,0.0149,105.95750493800733,97.50787633127766,,,0.168,,False,,,71,78,best_known_lama,,,15,,6,True,2,,4170,UNKNOWN,
H_ADD,ipc,ipc_p17,NODE_LIMIT,False,,,100000,,2696271,1668674,76,32.0,8.0,1027522,100001,,,114.663,0.4013,0.012,114.07092924301105,106.51263530577125,,,0.315,,False,,,25,25,best_known_lama,,,10,,3,True,4,,3098,UNKNOWN,
H_ADD,ipc,ipc_p19,NODE_LIMIT,False,,,100000,,3431510,2575586,70127,46.0,12.0,785798,100001,,,93.71,0.3585,0.0112,93.18752091300848,84.90169513283763,,,0.208,,False,,,37,40,best_known_lama,,,8,,3,True,4,,2480,UNKNOWN,
H_ADD,ipc,ipc_p21,SOLVED,True,34,True,139,139,11084,3112,0,38.0,1.0,7905,139,,,2.934,1.352,0.0308,1.5221420599991689,1.488504368942813,,,0.0,,False,,,34,34,best_known_lama,,1.0,10,,1,True,6,,8862,UNKNOWN,
H_ADD,ipc,ipc_p02,SOLVED,True,16,True,18,18,132,31,0,20.0,1.0,97,18,,,0.026,0.0194,0.0017,0.004425580002134666,0.003986737952800468,,,0.001,,False,,15,15,15,optimal_lmcut,1.0666666666666667,1.0666666666666667,4,,2,True,2,,204,UNKNOWN,
H_ADD,ipc,ipc_p04,SOLVED,True,41,True,4817,4817,40847,26383,1474,32.0,1.0,12986,4428,,,0.889,0.0676,0.0028,0.8146426000021165,0.6808520904451143,,,0.004,,False,,30,30,30,optimal_lmcut,1.3666666666666667,1.3666666666666667,8,,3,True,2,,588,UNKNOWN,
H_ADD,ipc,ipc_p06,NODE_LIMIT,False,,,100000,,1036549,476966,42589,112.0,84.0,516995,100001,,,62.811,0.3073,0.0069,62.40122346399585,57.563161434954964,,,0.147,,False,,,58,192,best_known_lama,,,15,,6,True,2,,1722,UNKNOWN,
H_ADD,ipc,ipc_p08,NODE_LIMIT,False,,,100000,,1095685,576194,42635,38.0,15.0,476857,100001,,,36.021,0.1189,0.0047,35.79850502499903,31.49046731404087,,,0.122,,False,,,34,38,best_known_lama,,,10,,2,True,2,,972,UNKNOWN,
H_ADD,ipc,ipc_p10,SOLVED,True,26,True,52855,52855,792329,640611,28082,27.0,1.0,123626,42780,,,9.72,0.1053,0.0045,9.591989419990568,7.557874138685293,,,0.01,,False,,24,24,24,optimal_lmcut,1.0833333333333333,1.0833333333333333,6,,2,True,2,,888,UNKNOWN,
H_ADD,ipc,ipc_p12,NODE_LIMIT,False,,,100000,,1599925,706374,47451,97.0,67.0,846101,100001,,,157.091,0.8295,0.0143,156.0744553800032,148.8218247726909,,,0.261,,False,,,63,64,best_known_lama,,,15,,3,True,2,,3750,UNKNOWN,
H_ADD,ipc,ipc_p14,NODE_LIMIT,False,,,100000,,1751055,1155630,10656,27.0,7.0,584770,100001,,,70.437,0.2887,0.0095,70.03647868800908,63.934152655288926,,,0.165,,False,,,32,32,best_known_lama,,,10,,3,True,2,,2200,UNKNOWN,
H_ADD,ipc,ipc_p16,NODE_LIMIT,False,,,100000,,2504360,1895110,35109,31.0,6.0,574142,95137,,,44.661,0.1887,0.0067,44.372624477997306,38.82061198751035,,,0.11,,False,,,27,27,best_known_lama,,,6,,2,True,4,,1500,UNKNOWN,
H_ADD,ipc,ipc_p18,NODE_LIMIT,False,,,100000,,2968617,1538354,48391,89.0,37.0,1381873,100001,,,286.467,0.8053,0.0218,285.30041573500785,275.0539780888503,,,0.415,,False,,,61,66,best_known_lama,,,15,,3,True,4,,5808,UNKNOWN,
H_ADD,ipc,ipc_p20,TIMEOUT,False,,,80657,,3004779,1672731,41121,85.0,31.0,1290928,80658,,,300.323,0.9033,0.0245,299.0542757910007,288.7779029146768,,,0.404,,True,,,78,78,best_known_lama,,,15,,3,True,4,,6134,UNKNOWN,
H_ADD,ipc,ipc_p22,TIMEOUT,False,,,11338,,909356,474597,0,102.0,80.0,434760,11339,,,300.088,5.1553,0.0834,294.67303411000466,289.5967881617544,,,0.176,,True,,,89,124,best_known_lama,,,20,,3,True,6,,22852,UNKNOWN,
H_ADD,joint,joint_n6k1h2_000,SOLVED,True,24,True,184,184,1038,444,0,24.0,1.0,591,184,,,0.046,0.014,0.0019,0.028649047002545558,0.024197863051085733,,,0.001,,False,,19,19,19,exact,1.263157894736842,1.263157894736842,6,,2,True,1,,278,FALSE,n6k1h2
H_ADD,joint,joint_n6k1h2_004,SOLVED,True,26,True,120,120,706,250,6,28.0,1.0,448,115,,,0.037,0.0129,0.0017,0.020990412987885065,0.017992768058320507,,,0.0,,False,,20,20,20,exact,1.3,1.3,6,,2,True,1,,278,FALSE,n6k1h2
H_ADD,joint,joint_n6k1h2_008,SOLVED,True,28,True,75,75,482,123,0,25.0,1.0,356,75,,,0.031,0.0129,0.0017,0.0154793950059684,0.013535278994822875,,,0.0,,False,,22,22,22,exact,1.2727272727272727,1.2727272727272727,6,,2,True,1,,278,TRUE,n6k1h2
H_ADD,joint,joint_n6k1h2_012,SOLVED,True,10,True,26,26,155,44,0,12.0,1.0,110,26,,,0.021,0.0126,0.0017,0.0059493679873412475,0.005278492040815763,,,0.0,,False,,10,10,10,exact,1.0,1.0,6,,2,False,1,,278,FALSE,n6k1h2
H_ADD,joint,joint_n6k1h4_000,SOLVED,True,48,True,884,884,4940,2352,70,29.0,1.0,2517,845,,,0.141,0.0126,0.0018,0.12484996700368356,0.10305309400428087,,,0.0,,False,,24,24,24,exact,2.0,2.0,6,,4,True,1,,278,TRUE,n6k1h4
H_ADD,joint,joint_n6k1h4_004,SOLVED,True,19,True,26,26,163,37,0,18.0,1.0,125,26,,,0.023,0.0129,0.0018,0.006612034994759597,0.005883952049771324,,,0.0,,False,,13,13,13,exact,1.4615384615384615,1.4615384615384615,6,,4,True,1,,278,FALSE,n6k1h4
H_ADD,joint,joint_n6k1h4_008,SOLVED,True,26,True,515,515,2626,1188,4,17.0,1.0,1433,501,,,0.086,0.0127,0.0017,0.07050364500901196,0.05823170789517462,,,0.0,,False,,18,18,18,exact,1.4444444444444444,1.4444444444444444,6,,4,False,1,,278,TRUE,n6k1h4
H_ADD,joint,joint_n6k1h4_012,SOLVED,True,22,True,160,160,770,308,1,17.0,1.0,459,159,,,0.039,0.0138,0.0017,0.022533492010552436,0.018796973992721178,,,0.0,,False,,16,16,16,exact,1.375,1.375,6,,4,False,1,,278,TRUE,n6k1h4
H_ADD,joint,joint_n6k2h2_000,SOLVED,True,25,True,53,53,315,85,3,27.0,1.0,226,53,,,0.026,0.0126,0.0017,0.010642181005096063,0.009281164006097242,,,0.0,,False,,22,22,22,exact,1.1363636363636365,1.1363636363636365,6,,2,True,1,,278,FALSE,n6k2h2
H_ADD,joint,joint_n6k2h2_004,SOLVED,True,25,True,95,95,559,188,2,32.0,1.0,368,95,,,0.032,0.0126,0.0017,0.01677576100337319,0.014291476967628114,,,0.0,,False,,21,21,21,exact,1.1904761904761905,1.1904761904761905,6,,2,True,1,,278,FALSE,n6k2h2
H_ADD,joint,joint_n6k2h2_008,SOLVED,True,27,True,184,184,973,333,0,19.0,1.0,638,184,,,0.047,0.0129,0.0018,0.03087056199728977,0.025667333873570897,,,0.0,,False,,18,18,18,exact,1.5,1.5,6,,2,False,1,,278,FALSE,n6k2h2
H_ADD,joint,joint_n6k2h2_012,SOLVED,True,16,True,70,70,348,101,0,21.0,1.0,244,70,,,0.029,0.0141,0.0018,0.012204553000628948,0.010510645050089806,,,0.0,,False,,16,16,16,exact,1.0,1.0,6,,2,False,1,,278,FALSE,n6k2h2
H_ADD,joint,joint_n6k2h4_000,SOLVED,True,48,True,523,523,2886,1323,34,30.0,1.0,1528,507,,,0.092,0.0137,0.0017,0.07528829500370193,0.06237207194499206,,,0.0,,False,,22,22,22,exact,2.1818181818181817,2.1818181818181817,6,,4,True,1,,278,FALSE,n6k2h4
H_ADD,joint,joint_n6k2h4_004,SOLVED,True,56,True,706,706,3719,1569,16,25.0,1.0,2133,685,,,0.116,0.0129,0.0017,0.10024292700109072,0.08308804183616303,,,0.0,,False,,20,20,20,exact,2.8,2.8,6,,4,True,1,,278,FALSE,n6k2h4
H_ADD,joint,joint_n6k2h4_008,SOLVED,True,39,True,378,378,1963,783,0,20.0,1.0,1179,370,,,0.072,0.0138,0.0018,0.055133992005721666,0.04579325702798087,,,0.0,,False,,16,16,16,exact,2.4375,2.4375,6,,4,False,1,,278,FALSE,n6k2h4
H_ADD,joint,joint_n6k2h4_012,SOLVED,True,14,True,73,73,396,165,0,15.0,1.0,230,73,,,0.029,0.0139,0.0018,0.01211880100890994,0.01015086003462784,,,0.0,,False,,14,14,14,exact,1.0,1.0,6,,4,False,1,,278,TRUE,n6k2h4
H_ADD,joint,joint_n8k1h2_000,SOLVED,True,25,True,115,115,900,222,1,31.0,1.0,671,115,,,0.062,0.0212,0.0024,0.03663891500036698,0.03260047595540527,,,0.0,,False,,22,22,22,optimal_lmcut,1.1363636363636365,1.1363636363636365,8,,2,True,1,,482,UNKNOWN,n8k1h2
H_ADD,joint,joint_n8k1h2_004,SOLVED,True,20,True,26,26,193,36,0,24.0,1.0,154,26,,,0.036,0.0216,0.0026,0.009835152988671325,0.008872731981682591,,,0.0,,False,,18,18,18,optimal_lmcut,1.1111111111111112,1.1111111111111112,8,,2,True,1,,482,UNKNOWN,n8k1h2
H_ADD,joint,joint_n8k1h2_008,SOLVED,True,20,True,244,244,1753,583,0,22.0,1.0,1168,244,,,0.09,0.0232,0.0027,0.06175522100238595,0.05381207003665622,,,0.0,,False,,18,18,18,optimal_lmcut,1.1111111111111112,1.1111111111111112,8,,2,False,1,,482,UNKNOWN,n8k1h2
H_ADD,joint,joint_n8k1h2_012,SOLVED,True,22,True,163,163,1120,266,0,30.0,1.0,849,163,,,0.073,0.0233,0.0025,0.04547567600093316,0.04017657398071606,,,0.0,,False,,20,20,20,optimal_lmcut,1.1,1.1,8,,2,False,1,,482,UNKNOWN,n8k1h2
H_ADD,joint,joint_n8k1h4_000,SOLVED,True,47,True,3355,3355,23540,10459,236,27.0,1.0,12842,3298,,,0.797,0.0248,0.0026,0.766163680003956,0.6568612622650107,,,0.003,,False,,25,25,25,optimal_lmcut,1.88,1.88,8,,4,True,1,,482,UNKNOWN,n8k1h4
H_ADD,joint,joint_n8k1h4_004,SOLVED,True,22,True,149,149,998,303,0,31.0,1.0,689,149,,,0.068,0.0245,0.0026,0.03884490599739365,0.03400727699045092,,,0.0,,False,,20,20,20,optimal_lmcut,1.1,1.1,8,,4,True,1,,482,UNKNOWN,n8k1h4
H_ADD,joint,joint_n8k1h4_008,SOLVED,True,28,True,648,648,4766,1646,24,20.0,1.0,3093,633,,,0.189,0.0215,0.0025,0.16208085899415892,0.14069170628499705,,,0.0,,False,,18,18,18,optimal_lmcut,1.5555555555555556,1.5555555555555556,8,,4,False,1,,482,UNKNOWN,n8k1h4
H_ADD,joint,joint_n8k1h4_012,SOLVED,True,26,True,1242,1242,9170,3371,12,23.0,1.0,5786,1240,,,0.335,0.0234,0.0027,0.3066902489954373,0.26532246892747935,,,0.0,,False,,20,20,20,optimal_lmcut,1.3,1.3,8,,4,False,1,,482,UNKNOWN,n8k1h4
H_ADD,joint,joint_n8k2h2_000,SOLVED,True,42,True,500,500,3639,1235,7,39.0,1.0,2396,499,,,0.158,0.021,0.0025,0.1319587739999406,0.11564462470414583,,,0.0,,False,,25,25,25,optimal_lmcut,1.68,1.68,8,,2,True,1,,482,UNKNOWN,n8k2h2
H_ADD,joint,joint_n8k2h2_004,SOLVED,True,44,True,1397,1397,10372,3692,48,40.0,1.0,6631,1396,,,0.394,0.0233,0.0025,0.36602263399981894,0.31959556485526264,,,0.0,,False,,28,28,28,optimal_lmcut,1.5714285714285714,1.5714285714285714,8,,2,True,1,,482,UNKNOWN,n8k2h2
H_ADD,joint,joint_n8k2h2_008,SOLVED,True,25,True,424,424,2923,882,0,23.0,1.0,2037,424,,,0.136,0.0214,0.0026,0.11015570499876048,0.09615559205121826,,,0.0,,False,,20,20,20,optimal_lmcut,1.25,1.25,8,,2,False,1,,482,UNKNOWN,n8k2h2
H_ADD,joint,joint_n8k2h2_012,SOLVED,True,12,True,51,51,350,92,0,15.0,1.0,256,51,,,0.04,0.0212,0.0025,0.014085826987866312,0.01244528304960113,,,0.0,,False,,12,12,12,optimal_lmcut,1.0,1.0,8,,2,False,1,,482,UNKNOWN,n8k2h2
H_ADD,joint,joint_n8k2h4_000,SOLVED,True,64,True,1363,1363,8842,3683,80,46.0,1.0,5078,1352,,,0.32,0.0241,0.0026,0.29126926300523337,0.24926485297328327,,,0.0,,False,,30,30,30,optimal_lmcut,2.1333333333333333,2.1333333333333333,8,,4,True,1,,482,UNKNOWN,n8k2h4
H_ADD,joint,joint_n8k2h4_004,SOLVED,True,38,True,925,925,5862,2731,74,35.0,1.0,3056,893,,,0.198,0.0257,0.0027,0.16790503599622753,0.13949951699760277,,,0.0,,False,,26,26,26,optimal_lmcut,1.4615384615384615,1.4615384615384615,8,,4,True,1,,482,UNKNOWN,n8k2h4
H_ADD,joint,joint_n8k2h4_008,SOLVED,True,51,True,1318,1318,9014,3723,116,35.0,1.0,5173,1305,,,0.343,0.0235,0.0025,0.314828464994207,0.2727009519439889,,,0.0,,False,,29,29,29,optimal_lmcut,1.7586206896551724,1.7586206896551724,8,,4,True,1,,482,UNKNOWN,n8k2h4
H_ADD,joint,joint_n8k2h4_012,SOLVED,True,18,True,166,166,1147,469,8,14.0,1.0,669,165,,,0.061,0.0227,0.0026,0.03403270899434574,0.028901678015245125,,,0.0,,False,,16,16,16,optimal_lmcut,1.125,1.125,8,,4,False,1,,482,UNKNOWN,n8k2h4
H_ADD,joint,joint_n6k1h2_001,SOLVED,True,14,True,54,54,282,92,0,10.0,1.0,187,54,,,0.025,0.0131,0.0019,0.009346473991172388,0.008051294949837029,,,0.001,,False,,10,10,10,exact,1.4,1.4,6,,2,False,1,,278,FALSE,n6k1h2
H_ADD,joint,joint_n6k1h2_005,SOLVED,True,28,True,67,67,433,107,1,28.0,1.0,321,67,,,0.03,0.0127,0.0016,0.014123475004453212,0.012392295131576248,,,0.0,,False,,22,22,22,exact,1.2727272727272727,1.2727272727272727,6,,2,True,1,,278,FALSE,n6k1h2
H_ADD,joint,joint_n6k1h2_009,SOLVED,True,12,True,49,49,265,75,1,11.0,1.0,188,48,,,0.025,0.013,0.0016,0.009219694999046624,0.008060163978370838,,,0.0,,False,,10,10,10,exact,1.2,1.2,6,,2,False,1,,278,FALSE,n6k1h2
H_ADD,joint,joint_n6k1h2_013,SOLVED,True,16,True,34,34,230,69,0,19.0,1.0,159,34,,,0.023,0.0125,0.0017,0.007752858000458218,0.006744224054273218,,,0.0,,False,,16,16,16,exact,1.0,1.0,6,,2,False,1,,278,FALSE,n6k1h2
H_ADD,joint,joint_n6k1h4_001,SOLVED,True,38,True,488,488,2819,1149,6,29.0,1.0,1663,482,,,0.092,0.0125,0.0017,0.07604093400004786,0.06393085118907038,,,0.0,,False,,22,22,22,exact,1.7272727272727273,1.7272727272727273,6,,4,True,1,,278,FALSE,n6k1h4
H_ADD,joint,joint_n6k1h4_005,SOLVED,True,37,True,594,594,3218,1535,57,20.0,1.0,1624,557,,,0.099,0.013,0.0017,0.08312726499570999,0.06837136796093546,,,0.0,,False,,21,21,21,exact,1.7619047619047619,1.7619047619047619,6,,4,True,1,,278,FALSE,n6k1h4
H_ADD,joint,joint_n6k1h4_009,SOLVED,True,30,True,564,564,2791,1233,14,16.0,1.0,1543,540,,,0.09,0.0128,0.0017,0.07413668400840834,0.06074326400994323,,,0.0,,False,,14,14,14,exact,2.142857142857143,2.142857142857143,6,,4,False,1,,278,FALSE,n6k1h4
H_ADD,joint,joint_n6k1h4_013,SOLVED,True,14,True,51,51,263,86,1,12.0,1.0,175,51,,,0.025,0.0136,0.0017,0.00890893000178039,0.007692920931731351,,,0.0,,False,,10,10,10,exact,1.4,1.4,6,,4,False,1,,278,FALSE,n6k1h4
H_ADD,joint,joint_n6k2h2_001,SOLVED,True,27,True,122,122,675,254,0,27.0,1.0,418,122,,,0.037,0.0137,0.0016,0.020429234005860053,0.017254073987714946,,,0.0,,False,,22,22,22,exact,1.2272727272727273,1.2272727272727273,6,,2,True,1,,278,FALSE,n6k2h2
H_ADD,joint,joint_n6k2h2_005,SOLVED,True,17,True,47,47,290,84,0,20.0,1.0,202,47,,,0.025,0.0129,0.0016,0.009748430995387025,0.008554085943615064,,,0.0,,False,,15,15,15,exact,1.1333333333333333,1.1333333333333333,6,,2,True,1,,278,FALSE,n6k2h2
H_ADD,joint,joint_n6k2h2_009,SOLVED,True,16,True,121,121,613,286,11,12.0,1.0,314,115,,,0.031,0.0126,0.0017,0.015851456992095336,0.013110286949086003,,,0.0,,False,,14,14,14,exact,1.1428571428571428,1.1428571428571428,6,,2,False,1,,278,FALSE,n6k2h2
H_ADD,joint,joint_n6k2h2_013,SOLVED,True,22,True,151,151,889,276,0,20.0,1.0,609,151,,,0.043,0.0127,0.0017,0.027173616996151395,0.023252148035680875,,,0.0,,False,,18,18,18,exact,1.2222222222222223,1.2222222222222223,6,,2,False,1,,278,FALSE,n6k2h2
H_ADD,joint,joint_n6k2h4_001,SOLVED,True,24,True,135,135,684,278,0,19.0,1.0,405,135,,,0.037,0.0127,0.0017,0.02104671001143288,0.017711975029669702,,,0.0,,False,,20,20,20,exact,1.2,1.2,6,,4,True,1,,278,FALSE,n6k2h4
H_ADD,joint,joint_n6k2h4_005,SOLVED,True,35,True,215,215,1198,477,15,19.0,1.0,705,209,,,0.049,0.0126,0.0017,0.03343691100599244,0.027909709941013716,,,0.0,,False,,18,18,18,exact,1.9444444444444444,1.9444444444444444,6,,4,True,1,,278,FALSE,n6k2h4
H_ADD,joint,joint_n6k2h4_009,SOLVED,True,20,True,92,92,485,151,0,22.0,1.0,333,92,,,0.033,0.0146,0.0016,0.015540641994448379,0.013292654053657316,,,0.0,,False,,16,16,16,exact,1.25,1.25,6,,4,False,1,,278,TRUE,n6k2h4
H_ADD,joint,joint_n6k2h4_013,SOLVED,True,26,True,229,229,1196,437,0,17.0,1.0,758,224,,,0.052,0.0145,0.0016,0.03463492800074164,0.029288346850080416,,,0.0,,False,,14,14,14,exact,1.8571428571428572,1.8571428571428572,6,,4,False,1,,278,TRUE,n6k2h4
H_ADD,joint,joint_n8k1h2_001,SOLVED,True,29,True,799,799,5479,1616,1,29.0,1.0,3861,790,,,0.237,0.0231,0.0024,0.20939019099751022,0.18380507222900633,,,0.001,,False,,21,21,21,optimal_lmcut,1.380952380952381,1.380952380952381,8,,2,True,1,,482,UNKNOWN,n8k1h2
H_ADD,joint,joint_n8k1h2_005,SOLVED,True,46,True,1091,1091,8775,2675,27,43.0,1.0,6069,1091,,,0.358,0.0215,0.0025,0.33183705699048005,0.2928399638767587,,,0.001,,False,,30,30,30,optimal_lmcut,1.5333333333333334,1.5333333333333334,8,,2,True,1,,482,UNKNOWN,n8k1h2
H_ADD,joint,joint_n8k1h2_009,SOLVED,True,24,True,204,204,1521,359,0,27.0,1.0,1155,204,,,0.089,0.0232,0.0025,0.06068763599614613,0.053880663006566465,,,0.0,,False,,18,18,18,optimal_lmcut,1.3333333333333333,1.3333333333333333,8,,2,False,1,,482,UNKNOWN,n8k1h2
H_ADD,joint,joint_n8k1h2_013,SOLVED,True,20,True,164,164,1237,342,0,27.0,1.0,889,164,,,0.075,0.0231,0.0024,0.0472144829982426,0.04154112491232809,,,0.0,,False,,18,18,18,optimal_lmcut,1.1111111111111112,1.1111111111111112,8,,2,False,1,,482,UNKNOWN,n8k1h2
H_ADD,joint,joint_n8k1h4_001,SOLVED,True,62,True,4754,4754,32367,14108,130,46.0,1.0,18126,4734,,,1.126,0.0257,0.0027,1.0924543189903488,0.938805572950514,,,0.003,,False,,34,34,34,optimal_lmcut,1.8235294117647058,1.8235294117647058,8,,4,True,1,,482,UNKNOWN,n8k1h4
H_ADD,joint,joint_n8k1h4_005,SOLVED,True,45,True,845,845,6316,2521,16,35.0,1.0,3778,817,,,0.217,0.0215,0.0026,0.19103907399403397,0.16360181121854112,,,0.0,,False,,30,30,30,optimal_lmcut,1.5,1.5,8,,4,True,1,,482,UNKNOWN,n8k1h4
H_ADD,joint,joint_n8k1h4_009,SOLVED,True,30,True,426,426,2887,804,10,25.0,1.0,2071,421,,,0.134,0.0231,0.0024,0.10635872599959839,0.09314805490430444,,,0.0,,False,,16,16,16,optimal_lmcut,1.875,1.875,8,,4,False,1,,482,UNKNOWN,n8k1h4
H_ADD,joint,joint_n8k1h4_013,SOLVED,True,33,True,602,602,4185,1295,0,34.0,1.0,2886,592,,,0.184,0.0243,0.0025,0.15480875100183766,0.13532632192072924,,,0.0,,False,,20,20,20,optimal_lmcut,1.65,1.65,8,,4,False,1,,482,UNKNOWN,n8k1h4
H_ADD,joint,joint_n8k2h2_001,SOLVED,True,30,True,467,467,3690,1067,3,31.0,1.0,2615,467,,,0.162,0.0216,0.0024,0.13615508099610452,0.12027000899252016,,,0.0,,False,,22,22,22,optimal_lmcut,1.3636363636363635,1.3636363636363635,8,,2,True,1,,482,UNKNOWN,n8k2h2
H_ADD,joint,joint_n8k2h2_005,SOLVED,True,39,True,725,725,5056,1633,18,51.0,1.0,3404,719,,,0.22,0.0235,0.0024,0.19226000300841406,0.1686812689731596,,,0.0,,False,,30,30,30,optimal_lmcut,1.3,1.3,8,,2,True,1,,482,UNKNOWN,n8k2h2
H_ADD,joint,joint_n8k2h2_009,SOLVED,True,24,True,965,965,8082,2213,76,27.0,1.0,5788,965,,,0.329,0.023,0.0025,0.3009160799992969,0.2668767958530225,,,0.0,,False,,18,18,18,optimal_lmcut,1.3333333333333333,1.3333333333333333,8,,2,False,1,,482,UNKNOWN,n8k2h2
H_ADD,joint,joint_n8k2h2_013,SOLVED,True,23,True,491,491,3662,1043,4,22.0,1.0,2611,491,,,0.165,0.0244,0.0028,0.13514881201263051,0.11902794601337519,,,0.0,,False,,20,20,20,optimal_lmcut,1.15,1.15,8,,2,False,1,,482,UNKNOWN,n8k2h2
H_ADD,joint,joint_n8k2h4_001,SOLVED,True,31,True,326,326,2057,689,3,34.0,1.0,1363,323,,,0.103,0.0231,0.0024,0.07544393399439286,0.0654018891218584,,,0.0,,False,,25,25,25,optimal_lmcut,1.24,1.24,8,,4,True,1,,482,UNKNOWN,n8k2h4
H_ADD,joint,joint_n8k2h4_005,SOLVED,True,26,True,362,362,2421,685,16,22.0,1.0,1718,359,,,0.114,0.0213,0.0025,0.08794194700021762,0.0765520211571129,,,0.0,,False,,16,16,16,optimal_lmcut,1.625,1.625,8,,4,False,1,,482,UNKNOWN,n8k2h4
H_ADD,joint,joint_n8k2h4_009,SOLVED,True,32,True,528,528,3146,1114,0,31.0,1.0,2029,528,,,0.137,0.0231,0.0024,0.10916452000674326,0.09311729687033221,,,0.0,,False,,22,22,22,optimal_lmcut,1.4545454545454546,1.4545454545454546,8,,4,False,1,,482,UNKNOWN,n8k2h4
H_ADD,joint,joint_n8k2h4_013,SOLVED,True,22,True,250,250,1646,634,1,23.0,1.0,1010,250,,,0.082,0.0232,0.0025,0.05455806400277652,0.046887685064575635,,,0.0,,False,,18,18,18,optimal_lmcut,1.2222222222222223,1.2222222222222223,8,,4,False,1,,482,UNKNOWN,n8k2h4
H_ADD,joint,joint_n6k1h2_002,SOLVED,True,27,True,89,89,516,194,2,29.0,1.0,319,89,,,0.032,0.0139,0.002,0.01524091200553812,0.012970826006494462,,,0.001,,False,,20,20,20,exact,1.35,1.35,6,,2,True,1,,278,FALSE,n6k1h2
H_ADD,joint,joint_n6k1h2_006,SOLVED,True,37,True,285,285,1719,757,18,30.0,1.0,941,273,,,0.061,0.0136,0.0018,0.04480073299782816,0.03779132397903595,,,0.0,,False,,22,22,22,exact,1.6818181818181819,1.6818181818181819,6,,2,True,1,,278,FALSE,n6k1h2
H_ADD,joint,joint_n6k1h2_010,SOLVED,True,23,True,115,115,737,198,0,21.0,1.0,534,115,,,0.039,0.0125,0.0017,0.023295778999454342,0.02004633408796508,,,0.0,,False,,16,16,16,exact,1.4375,1.4375,6,,2,False,1,,278,FALSE,n6k1h2
H_ADD,joint,joint_n6k1h2_014,SOLVED,True,11,True,58,58,339,115,0,10.0,1.0,219,58,,,0.026,0.0129,0.0018,0.010522766999201849,0.009092465013964102,,,0.0,,False,,10,10,10,exact,1.1,1.1,6,,2,False,1,,278,FALSE,n6k1h2
H_ADD,joint,joint_n6k1h4_002,SOLVED,True,30,True,199,199,1077,401,0,22.0,1.0,675,199,,,0.05,0.0138,0.002,0.032571499003097415,0.027698770019924268,,,0.0,,False,,22,22,22,exact,1.3636363636363635,1.3636363636363635,6,,4,True,1,,278,FALSE,n6k1h4
H_ADD,joint,joint_n6k1h4_006,SOLVED,True,20,True,60,60,356,134,8,21.0,1.0,213,60,,,0.028,0.0137,0.0018,0.010733964998507872,0.009165757044684142,,,0.0,,False,,16,16,16,exact,1.25,1.25,6,,4,True,1,,278,FALSE,n6k1h4
H_ADD,joint,joint_n6k1h4_010,SOLVED,True,29,True,296,296,1725,826,15,25.0,1.0,883,282,,,0.065,0.0141,0.0018,0.04781464400002733,0.03841509795165621,,,0.0,,False,,21,21,21,exact,1.380952380952381,1.380952380952381,6,,4,False,1,,278,FALSE,n6k1h4
H_ADD,joint,joint_n6k1h4_014,SOLVED,True,18,True,423,423,2421,1105,3,17.0,1.0,1311,412,,,0.087,0.0214,0.0023,0.061444406004738994,0.051030236019869335,,,0.0,,False,,14,14,14,exact,1.2857142857142858,1.2857142857142858,6,,4,False,1,,278,FALSE,n6k1h4
H_ADD,joint,joint_n6k2h2_002,SOLVED,True,30,True,65,65,394,99,2,34.0,1.0,291,65,,,0.029,0.0125,0.0018,0.013589223002782091,0.01182889801566489,,,0.0,,False,,20,20,20,exact,1.5,1.5,6,,2,True,1,,278,FALSE,n6k2h2
H_ADD,joint,joint_n6k2h2_006,SOLVED,True,28,True,46,46,283,66,0,28.0,1.0,216,46,,,0.026,0.0126,0.0018,0.010583883005892858,0.009240052997483872,,,0.0,,False,,24,24,24,exact,1.1666666666666667,1.1666666666666667,6,,2,True,1,,278,FALSE,n6k2h2
H_ADD,joint,joint_n6k2h2_010,SOLVED,True,18,True,74,74,372,120,0,27.0,1.0,251,74,,,0.03,0.0149,0.0018,0.01244482999027241,0.010629332071403041,,,0.0,,False,,14,14,14,exact,1.2857142857142858,1.2857142857142858,6,,2,False,1,,278,FALSE,n6k2h2
H_ADD,joint,joint_n6k2h2_014,SOLVED,True,18,True,133,133,823,279,2,14.0,1.0,540,132,,,0.04,0.013,0.0018,0.02411899800063111,0.020452730037504807,,,0.0,,False,,14,14,14,exact,1.2857142857142858,1.2857142857142858,6,,2,False,1,,278,FALSE,n6k2h2
H_ADD,joint,joint_n6k2h4_002,SOLVED,True,46,True,566,566,3223,1396,4,27.0,1.0,1822,559,,,0.102,0.0136,0.0018,0.08527867600787431,0.07117167391697876,,,0.0,,False,,22,22,22,exact,2.090909090909091,2.090909090909091,6,,4,True,1,,278,FALSE,n6k2h4
H_ADD,joint,joint_n6k2h4_006,SOLVED,True,56,True,579,579,3167,1461,28,29.0,1.0,1677,568,,,0.102,0.0134,0.0018,0.08496978499169927,0.07020873797591776,,,0.0,,False,,22,22,22,exact,2.5454545454545454,2.5454545454545454,6,,4,True,1,,278,FALSE,n6k2h4
H_ADD,joint,joint_n6k2h4_010,SOLVED,True,32,True,333,333,1774,684,11,21.0,1.0,1078,325,,,0.066,0.0136,0.0018,0.04948157299077138,0.04129061510320753,,,0.0,,False,,18,18,18,exact,1.7777777777777777,1.7777777777777777,6,,4,False,1,,278,FALSE,n6k2h4
H_ADD,joint,joint_n6k2h4_014,SOLVED,True,10,True,40,40,199,70,0,10.0,1.0,127,39,,,0.024,0.0135,0.0019,0.007090456012520008,0.006167567000375129,,,0.0,,False,,10,10,10,exact,1.0,1.0,6,,4,False,1,,278,TRUE,n6k2h4
H_ADD,joint,joint_n8k1h2_002,SOLVED,True,28,True,497,497,3820,1622,58,28.0,1.0,2139,493,,,0.15,0.0232,0.0025,0.12248224999348167,0.10577930601721164,,,0.0,,False,,22,22,22,optimal_lmcut,1.2727272727272727,1.2727272727272727,8,,2,True,1,,482,UNKNOWN,n8k1h2
H_ADD,joint,joint_n8k1h2_006,SOLVED,True,33,True,246,246,1858,597,7,37.0,1.0,1253,246,,,0.093,0.0226,0.0025,0.06555377600307111,0.057435531009105034,,,0.0,,False,,24,24,24,optimal_lmcut,1.375,1.375,8,,2,True,1,,482,UNKNOWN,n8k1h2
H_ADD,joint,joint_n8k1h2_010,SOLVED,True,20,True,138,138,1020,319,3,27.0,1.0,693,138,,,0.067,0.0229,0.0025,0.039391138998325914,0.03429558203788474,,,0.0,,False,,18,18,18,optimal_lmcut,1.1111111111111112,1.1111111111111112,8,,2,False,1,,482,UNKNOWN,n8k1h2
H_ADD,joint,joint_n8k1h2_014,SOLVED,True,16,True,53,53,340,97,1,26.0,1.0,239,53,,,0.047,0.0241,0.0025,0.01800602000730578,0.01605956799176056,,,0.0,,False,,16,16,16,optimal_lmcut,1.0,1.0,8,,2,False,1,,482,UNKNOWN,n8k1h2
H_ADD,joint,joint_n8k1h4_002,SOLVED,True,49,True,1333,1333,9638,3487,33,41.0,1.0,6116,1327,,,0.378,0.0212,0.0026,0.35209390700038057,0.3062974064669106,,,0.001,,False,,30,30,30,optimal_lmcut,1.6333333333333333,1.6333333333333333,8,,4,True,1,,482,UNKNOWN,n8k1h4
H_ADD,joint,joint_n8k1h4_006,SOLVED,True,37,True,592,592,4446,1577,34,35.0,1.0,2834,576,,,0.171,0.0214,0.0026,0.144760954004596,0.12531234274501912,,,0.0,,False,,26,26,26,optimal_lmcut,1.4230769230769231,1.4230769230769231,8,,4,True,1,,482,UNKNOWN,n8k1h4
H_ADD,joint,joint_n8k1h4_010,SOLVED,True,44,True,1408,1408,11034,3544,10,21.0,1.0,7478,1407,,,0.426,0.0216,0.0024,0.39976980299979914,0.35145440918859094,,,0.0,,False,,18,18,18,optimal_lmcut,2.4444444444444446,2.4444444444444446,8,,4,False,1,,482,UNKNOWN,n8k1h4
H_ADD,joint,joint_n8k1h4_014,SOLVED,True,20,True,425,425,2951,1157,2,21.0,1.0,1790,425,,,0.125,0.021,0.0026,0.09935296299227048,0.08584686224639881,,,0.0,,False,,18,18,18,optimal_lmcut,1.1111111111111112,1.1111111111111112,8,,4,False,1,,482,UNKNOWN,n8k1h4
H_ADD,joint,joint_n8k2h2_002,SOLVED,True,33,True,111,111,903,194,0,33.0,1.0,706,111,,,0.064,0.0213,0.0025,0.038079182006185874,0.03426818393927533,,,0.0,,False,,26,26,26,optimal_lmcut,1.2692307692307692,1.2692307692307692,8,,2,True,1,,482,UNKNOWN,n8k2h2
H_ADD,joint,joint_n8k2h2_006,SOLVED,True,32,True,234,234,1757,487,7,32.0,1.0,1257,234,,,0.092,0.0214,0.0025,0.0664633560081711,0.05875399689830374,,,0.0,,False,,23,23,23,optimal_lmcut,1.391304347826087,1.391304347826087,8,,2,True,1,,482,UNKNOWN,n8k2h2
H_ADD,joint,joint_n8k2h2_010,SOLVED,True,20,True,106,106,799,286,6,18.0,1.0,506,106,,,0.056,0.0265,0.003,0.024579543998697773,0.021139221033081412,,,0.0,,False,,16,16,16,optimal_lmcut,1.25,1.25,8,,2,False,1,,482,UNKNOWN,n8k2h2
H_ADD,joint,joint_n8k2h2_014,SOLVED,True,24,True,301,301,2209,601,2,21.0,1.0,1604,301,,,0.109,0.0212,0.0026,0.08259940499556251,0.07232223103346769,,,0.0,,False,,14,14,14,optimal_lmcut,1.7142857142857142,1.7142857142857142,8,,2,False,1,,482,UNKNOWN,n8k2h2
H_ADD,joint,joint_n8k2h4_002,SOLVED,True,61,True,1707,1707,11375,4701,101,42.0,1.0,6572,1674,,,0.419,0.0245,0.0025,0.38950787800422404,0.3346938017348293,,,0.0,,False,,28,28,28,optimal_lmcut,2.1785714285714284,2.1785714285714284,8,,4,True,1,,482,UNKNOWN,n8k2h4
H_ADD,joint,joint_n8k2h4_006,SOLVED,True,54,True,1802,1802,11276,4322,36,36.0,1.0,6917,1751,,,0.466,0.023,0.0025,0.43818710099731106,0.3805321321997326,,,0.0,,False,,28,28,28,optimal_lmcut,1.9285714285714286,1.9285714285714286,8,,4,True,1,,482,UNKNOWN,n8k2h4
H_ADD,joint,joint_n8k2h4_010,SOLVED,True,42,True,1338,1338,7537,3256,45,24.0,1.0,4234,1330,,,0.268,0.021,0.0025,0.2424870260001626,0.20224490367399994,,,0.0,,False,,22,22,22,optimal_lmcut,1.9090909090909092,1.9090909090909092,8,,4,False,1,,482,UNKNOWN,n8k2h4
H_ADD,joint,joint_n8k2h4_014,SOLVED,True,36,True,688,688,4790,1477,10,22.0,1.0,3302,673,,,0.198,0.0212,0.0025,0.17182616400532424,0.14982530983979814,,,0.0,,False,,20,20,20,optimal_lmcut,1.8,1.8,8,,4,False,1,,482,UNKNOWN,n8k2h4
H_ADD,joint,joint_n6k1h2_003,SOLVED,True,19,True,26,26,137,36,0,23.0,1.0,99,26,,,0.024,0.0147,0.0019,0.005871161003597081,0.005225378044997342,,,0.001,,False,,15,15,15,exact,1.2666666666666666,1.2666666666666666,6,,2,True,1,,278,FALSE,n6k1h2
H_ADD,joint,joint_n6k1h2_007,SOLVED,True,29,True,70,70,440,112,1,31.0,1.0,324,70,,,0.031,0.0136,0.0017,0.014406749993213452,0.01259178809414152,,,0.0,,False,,24,24,24,exact,1.2083333333333333,1.2083333333333333,6,,2,True,1,,278,FALSE,n6k1h2
H_ADD,joint,joint_n6k1h2_011,SOLVED,True,21,True,158,158,998,340,1,19.0,1.0,653,158,,,0.045,0.0127,0.0018,0.029675331999897026,0.025493449880741537,,,0.0,,False,,14,14,14,exact,1.5,1.5,6,,2,False,1,,278,FALSE,n6k1h2
H_ADD,joint,joint_n6k1h2_015,SOLVED,True,10,True,16,16,100,24,0,12.0,1.0,72,16,,,0.021,0.013,0.0018,0.004615001002093777,0.004101411934243515,,,0.0,,False,,8,8,8,exact,1.25,1.25,6,,2,False,1,,278,FALSE,n6k1h2
H_ADD,joint,joint_n6k1h4_003,SOLVED,True,41,True,1219,1219,6876,3619,165,31.0,1.0,3091,1087,,,0.171,0.0138,0.0018,0.15400543498981278,0.12448470210074447,,,0.0,,False,,22,22,22,exact,1.8636363636363635,1.8636363636363635,6,,4,True,1,,278,FALSE,n6k1h4
H_ADD,joint,joint_n6k1h4_007,SOLVED,True,44,True,447,447,2577,1124,8,28.0,1.0,1444,441,,,0.09,0.0138,0.0017,0.07320610899478197,0.06077409893623553,,,0.0,,False,,26,26,26,exact,1.6923076923076923,1.6923076923076923,6,,4,True,1,,278,FALSE,n6k1h4
H_ADD,joint,joint_n6k1h4_011,SOLVED,True,14,True,163,163,954,406,1,10.0,1.0,546,159,,,0.041,0.0131,0.0017,0.02536391600733623,0.021174628025619313,,,0.0,,False,,14,14,14,exact,1.0,1.0,6,,4,False,1,,278,TRUE,n6k1h4
H_ADD,joint,joint_n6k1h4_015,SOLVED,True,20,True,148,148,777,293,2,12.0,1.0,481,145,,,0.04,0.0138,0.0018,0.022774056997150183,0.019127968000248075,,,0.0,,False,,12,12,12,exact,1.6666666666666667,1.6666666666666667,6,,4,False,1,,278,TRUE,n6k1h4
H_ADD,joint,joint_n6k2h2_003,SOLVED,True,24,True,67,67,415,127,0,26.0,1.0,285,67,,,0.029,0.013,0.0018,0.013113934008288197,0.011343417019816115,,,0.0,,False,,22,22,22,exact,1.0909090909090908,1.0909090909090908,6,,2,True,1,,278,FALSE,n6k2h2
H_ADD,joint,joint_n6k2h2_007,SOLVED,True,34,True,179,179,1032,403,5,29.0,1.0,622,176,,,0.07,0.037,0.0018,0.030143630006932653,0.025375361045007594,,,0.0,,False,,24,24,24,exact,1.4166666666666667,1.4166666666666667,6,,2,True,1,,278,FALSE,n6k2h2
H_ADD,joint,joint_n6k2h2_011,SOLVED,True,12,True,42,42,226,63,0,14.0,1.0,160,42,,,0.025,0.0138,0.0018,0.00805531200603582,0.0070213469880400226,,,0.0,,False,,10,10,10,exact,1.2,1.2,6,,2,False,1,,278,FALSE,n6k2h2
H_ADD,joint,joint_n6k2h2_015,SOLVED,True,23,True,143,143,756,261,0,18.0,1.0,493,142,,,0.039,0.0128,0.0017,0.023484096993342973,0.02006667890236713,,,0.0,,False,,14,14,14,exact,1.6428571428571428,1.6428571428571428,6,,2,False,1,,278,FALSE,n6k2h2
H_ADD,joint,joint_n6k2h4_003,SOLVED,True,22,True,58,58,325,116,0,21.0,1.0,208,58,,,0.026,0.013,0.0017,0.010407025009044446,0.008965781948063523,,,0.0,,False,,16,16,16,exact,1.375,1.375,6,,4,True,1,,278,FALSE,n6k2h4
H_ADD,joint,joint_n6k2h4_007,SOLVED,True,52,True,623,623,3365,1503,24,32.0,1.0,1837,612,,,0.107,0.0125,0.0018,0.09136138300527819,0.07589504712086637,,,0.0,,False,,22,22,22,exact,2.3636363636363638,2.3636363636363638,6,,4,True,1,,278,FALSE,n6k2h4
H_ADD,joint,joint_n6k2h4_011,SOLVED,True,22,True,445,445,2194,975,14,16.0,1.0,1203,426,,,0.074,0.0127,0.0018,0.058564501989167184,0.048191983776632696,,,0.0,,False,,14,14,14,exact,1.5714285714285714,1.5714285714285714,6,,4,False,1,,278,FALSE,n6k2h4
H_ADD,joint,joint_n6k2h4_015,SOLVED,True,22,True,110,110,526,199,0,17.0,1.0,326,109,,,0.033,0.0138,0.0018,0.016217915996094234,0.013664023150340654,,,0.0,,False,,14,14,14,exact,1.5714285714285714,1.5714285714285714,6,,4,False,1,,278,FALSE,n6k2h4
H_ADD,joint,joint_n8k1h2_003,SOLVED,True,28,True,139,139,1116,265,8,29.0,1.0,838,139,,,0.07,0.0216,0.0025,0.04440152300230693,0.03956756985280663,,,0.0,,False,,22,22,22,optimal_lmcut,1.2727272727272727,1.2727272727272727,8,,2,True,1,,482,UNKNOWN,n8k1h2
H_ADD,joint,joint_n8k1h2_007,SOLVED,True,33,True,176,176,1398,350,3,36.0,1.0,1040,176,,,0.085,0.0225,0.0027,0.05740085199067835,0.050920771100209095,,,0.0,,False,,24,24,24,optimal_lmcut,1.375,1.375,8,,2,True,1,,482,UNKNOWN,n8k1h2
H_ADD,joint,joint_n8k1h2_011,SOLVED,True,20,True,116,116,868,181,0,27.0,1.0,680,116,,,0.066,0.0251,0.0025,0.03668965400720481,0.032499159875442274,,,0.0,,False,,16,16,16,optimal_lmcut,1.25,1.25,8,,2,False,1,,482,UNKNOWN,n8k1h2
H_ADD,joint,joint_n8k1h2_015,SOLVED,True,27,True,275,275,1946,636,0,29.0,1.0,1304,275,,,0.098,0.0233,0.0025,0.07028082899341825,0.06135112393531017,,,0.0,,False,,20,20,20,optimal_lmcut,1.35,1.35,8,,2,False,1,,482,UNKNOWN,n8k1h2
H_ADD,joint,joint_n8k1h4_003,SOLVED,True,39,True,820,820,5776,1772,2,27.0,1.0,4001,820,,,0.247,0.0213,0.0024,0.22070388299471233,0.1932105719606625,,,0.001,,False,,25,25,25,optimal_lmcut,1.56,1.56,8,,4,True,1,,482,UNKNOWN,n8k1h4
H_ADD,joint,joint_n8k1h4_007,SOLVED,True,42,True,517,517,3649,1338,17,31.0,1.0,2292,517,,,0.16,0.0247,0.0025,0.13052088499534875,0.11345321996486746,,,0.0,,False,,26,26,26,optimal_lmcut,1.6153846153846154,1.6153846153846154,8,,4,True,1,,482,UNKNOWN,n8k1h4
H_ADD,joint,joint_n8k1h4_011,SOLVED,True,35,True,2970,2970,20843,8609,96,23.0,1.0,12136,2893,,,0.691,0.0218,0.0026,0.6634946550038876,0.5613669508165913,,,0.002,,False,,18,18,18,optimal_lmcut,1.9444444444444444,1.9444444444444444,8,,4,False,1,,482,UNKNOWN,n8k1h4
H_ADD,joint,joint_n8k1h4_015,SOLVED,True,38,True,2152,2152,14475,5080,45,29.0,1.0,9349,2088,,,0.52,0.0233,0.0025,0.4914685190015007,0.42147787880094256,,,0.0,,False,,20,20,20,optimal_lmcut,1.9,1.9,8,,4,False,1,,482,UNKNOWN,n8k1h4
H_ADD,joint,joint_n8k2h2_003,SOLVED,True,43,True,554,554,4080,1611,34,37.0,1.0,2434,544,,,0.165,0.0215,0.0026,0.13843512700987048,0.11974512790038716,,,0.0,,False,,32,32,32,optimal_lmcut,1.34375,1.34375,8,,2,True,1,,482,UNKNOWN,n8k2h2
H_ADD,joint,joint_n8k2h2_007,SOLVED,True,34,True,313,313,2364,720,5,33.0,1.0,1637,313,,,0.113,0.0213,0.0025,0.08707717899233103,0.07667091113398783,,,0.0,,False,,24,24,24,optimal_lmcut,1.4166666666666667,1.4166666666666667,8,,2,True,1,,482,UNKNOWN,n8k2h2
H_ADD,joint,joint_n8k2h2_011,SOLVED,True,23,True,337,337,2699,704,4,23.0,1.0,1984,337,,,0.13,0.0238,0.0026,0.10188993701012805,0.09035188698908314,,,0.0,,False,,18,18,18,optimal_lmcut,1.2777777777777777,1.2777777777777777,8,,2,False,1,,482,UNKNOWN,n8k2h2
H_ADD,joint,joint_n8k2h2_015,SOLVED,True,29,True,1576,1576,13038,4332,25,28.0,1.0,8676,1576,,,0.497,0.0232,0.0025,0.4687105729972245,0.41179777643992566,,,0.0,,False,,20,20,20,optimal_lmcut,1.45,1.45,8,,2,False,1,,482,UNKNOWN,n8k2h2
H_ADD,joint,joint_n8k2h4_003,SOLVED,True,44,True,798,798,5904,1936,31,38.0,1.0,3936,785,,,0.238,0.0219,0.0025,0.21181371399143245,0.18449598690494895,,,0.0,,False,,26,26,26,optimal_lmcut,1.6923076923076923,1.6923076923076923,8,,4,True,1,,482,UNKNOWN,n8k2h4
H_ADD,joint,joint_n8k2h4_007,SOLVED,True,55,True,2195,2195,15018,6616,120,37.0,1.0,8280,2168,,,0.52,0.0229,0.0024,0.49158771499060094,0.42075253211078234,,,0.0,,False,,27,27,27,optimal_lmcut,2.037037037037037,2.037037037037037,8,,4,True,1,,482,UNKNOWN,n8k2h4
H_ADD,joint,joint_n8k2h4_011,SOLVED,True,20,True,135,135,848,228,0,21.0,1.0,619,135,,,0.06,0.0233,0.0025,0.032867914997041225,0.028625937033211812,,,0.0,,False,,14,14,14,optimal_lmcut,1.4285714285714286,1.4285714285714286,8,,4,False,1,,482,UNKNOWN,n8k2h4
H_ADD,joint,joint_n8k2h4_015,SOLVED,True,44,True,1732,1732,9977,4281,59,22.0,1.0,5636,1678,,,0.35,0.0216,0.0025,0.3229619409976294,0.2712868271046318,,,0.0,,False,,16,16,16,optimal_lmcut,2.75,2.75,8,,4,False,1,,482,UNKNOWN,n8k2h4
H_ADD,struct,struct_n4_000,SOLVED,True,25,True,50,50,209,86,5,20.0,1.0,117,50,,,0.016,0.007,0.0014,0.006384478008840233,0.005326693033566698,,,0.0,,False,,18,18,18,exact,1.3888888888888888,1.3888888888888888,4,,2,True,1,,130,FALSE,
H_ADD,struct,struct_n4_001,SOLVED,True,14,True,33,33,139,65,3,13.0,1.0,69,30,,,0.013,0.0065,0.0011,0.004335290999733843,0.003729446019860916,,,0.0,,False,,14,14,14,exact,1.0,1.0,4,,2,True,1,,130,TRUE,
H_ADD,struct,struct_n4_002,SOLVED,True,14,True,59,59,223,107,0,16.0,1.0,115,51,,,0.015,0.0067,0.0012,0.006637009995756671,0.005419775014161132,,,0.0,,False,,14,14,14,exact,1.0,1.0,4,,2,True,1,,130,FALSE,
H_ADD,struct,struct_n4_003,SOLVED,True,9,True,27,27,120,54,4,10.0,1.0,61,25,,,0.012,0.0061,0.0011,0.00408887499361299,0.003577219002181664,,,0.0,,False,,9,9,9,exact,1.0,1.0,4,,2,True,1,,130,FALSE,
H_ADD,struct,struct_n4_004,SOLVED,True,16,True,22,22,83,30,0,18.0,1.0,51,22,,,0.012,0.007,0.0012,0.003546562002156861,0.0031378820131067187,,,0.0,,False,,14,14,14,exact,1.1428571428571428,1.1428571428571428,4,,2,True,1,,130,FALSE,
H_ADD,struct,struct_n4_005,SOLVED,True,15,True,29,29,116,44,0,14.0,1.0,71,29,,,0.013,0.0067,0.0012,0.004326087000663392,0.003702909016283229,,,0.0,,False,,13,13,13,exact,1.1538461538461537,1.1538461538461537,4,,2,True,1,,130,FALSE,
H_ADD,struct,struct_n4_006,SOLVED,True,26,True,88,88,334,158,0,26.0,1.0,175,81,,,0.018,0.007,0.0012,0.009186742012389004,0.00759493195801042,,,0.0,,False,,18,18,18,exact,1.4444444444444444,1.4444444444444444,4,,2,True,1,,130,FALSE,
H_ADD,struct,struct_n4_007,SOLVED,True,18,True,38,38,153,57,0,13.0,1.0,95,38,,,0.014,0.0065,0.0011,0.005597323004622012,0.004692836999311112,,,0.0,,False,,14,14,14,exact,1.2857142857142858,1.2857142857142858,4,,2,True,1,,130,TRUE,
H_ADD,struct,struct_n4_008,SOLVED,True,11,True,18,18,69,25,0,12.0,1.0,42,18,,,0.012,0.0066,0.0012,0.003233983996324241,0.0028371420048642904,,,0.0,,False,,10,10,10,exact,1.1,1.1,4,,2,False,1,,130,FALSE,
H_ADD,struct,struct_n4_009,SOLVED,True,15,True,35,35,134,55,0,12.0,1.0,78,34,,,0.013,0.0067,0.0012,0.004909554001642391,0.004273720027413219,,,0.0,,False,,13,13,13,exact,1.1538461538461537,1.1538461538461537,4,,2,False,1,,130,FALSE,
H_ADD,struct,struct_n4_010,SOLVED,True,17,True,38,38,144,60,0,17.0,1.0,83,37,,,0.014,0.0071,0.0011,0.0052464920008787885,0.00437822011008393,,,0.0,,False,,15,15,15,exact,1.1333333333333333,1.1333333333333333,4,,2,False,1,,130,FALSE,
H_ADD,struct,struct_n4_011,SOLVED,True,11,True,32,32,138,50,0,11.0,1.0,86,32,,,0.013,0.0067,0.0011,0.004694468996603973,0.003999352935352363,,,0.0,,False,,10,10,10,exact,1.1,1.1,4,,2,False,1,,130,FALSE,
H_ADD,struct,struct_n4_012,SOLVED,True,16,True,37,37,150,55,0,15.0,1.0,94,37,,,0.014,0.007,0.0012,0.005026397993788123,0.004320209962315857,,,0.0,,False,,12,12,12,exact,1.3333333333333333,1.3333333333333333,4,,2,False,1,,130,FALSE,
H_ADD,struct,struct_n4_013,SOLVED,True,4,True,4,4,15,2,0,5.0,1.0,12,4,,,0.01,0.0067,0.0011,0.0017079039971577004,0.001609655999345705,,,0.0,,False,,4,4,4,exact,1.0,1.0,4,,2,False,1,,130,FALSE,
H_ADD,struct,struct_n4_014,SOLVED,True,2,True,2,2,6,0,0,2.0,1.0,5,2,,,0.01,0.0067,0.0011,0.0015708110004197806,0.0015157970046857372,,,0.0,,False,,2,2,2,exact,1.0,1.0,4,,2,False,1,,130,FALSE,
H_ADD,struct,struct_n4_015,SOLVED,True,25,True,120,120,479,227,5,18.0,1.0,245,115,,,0.021,0.0072,0.0012,0.012062840993166901,0.009915193048072979,,,0.0,,False,,13,13,13,exact,1.9230769230769231,1.9230769230769231,4,,2,False,1,,130,TRUE,
H_ADD,struct,struct_n5_000,SOLVED,True,16,True,168,168,741,329,14,15.0,1.0,397,163,,,0.031,0.0096,0.0014,0.01929256999574136,0.015969422966009006,,,0.0,,False,,16,16,16,exact,1.0,1.0,5,,3,True,1,,197,FALSE,
H_ADD,struct,struct_n5_001,SOLVED,True,26,True,73,73,392,150,10,31.0,1.0,231,73,,,0.023,0.0102,0.0014,0.01054879000002984,0.00892878406739328,,,0.0,,False,,20,20,20,exact,1.3,1.3,5,,3,True,1,,197,FALSE,
H_ADD,struct,struct_n5_002,SOLVED,True,26,True,124,124,580,209,0,20.0,1.0,370,121,,,0.029,0.0098,0.0014,0.016718522005248815,0.014021301016327925,,,0.0,,False,,20,20,20,exact,1.3,1.3,5,,3,True,1,,197,FALSE,
H_ADD,struct,struct_n5_003,SOLVED,True,21,True,64,64,300,123,4,20.0,1.0,172,64,,,0.022,0.0101,0.0014,0.009595032010111026,0.007968207006342709,,,0.0,,False,,17,17,17,exact,1.2352941176470589,1.2352941176470589,5,,3,True,1,,197,FALSE,
H_ADD,struct,struct_n5_004,SOLVED,True,22,True,153,153,734,354,15,18.0,1.0,364,152,,,0.03,0.0097,0.0014,0.018079518995364197,0.014944644062779844,,,0.0,,False,,18,18,18,exact,1.2222222222222223,1.2222222222222223,5,,3,True,1,,197,FALSE,
H_ADD,struct,struct_n5_005,SOLVED,True,27,True,129,129,580,239,1,20.0,1.0,339,127,,,0.028,0.0096,0.0014,0.01605817800736986,0.013410312050837092,,,0.0,,False,,22,22,22,exact,1.2272727272727273,1.2272727272727273,5,,3,True,1,,197,TRUE,
H_ADD,struct,struct_n5_006,SOLVED,True,24,True,54,54,260,100,5,19.0,1.0,154,53,,,0.02,0.0096,0.0014,0.0077193309989525005,0.00658343595569022,,,0.0,,False,,20,20,20,exact,1.2,1.2,5,,3,True,1,,197,TRUE,
H_ADD,struct,struct_n5_007,SOLVED,True,24,True,105,105,530,218,1,14.0,1.0,310,104,,,0.026,0.0095,0.0014,0.014281990996096283,0.012047499971231446,,,0.0,,False,,16,16,16,exact,1.5,1.5,5,,3,True,1,,197,TRUE,
H_ADD,struct,struct_n5_008,SOLVED,True,15,True,57,57,273,147,0,15.0,1.0,125,53,,,0.019,0.0094,0.0014,0.00709361799817998,0.005932892963755876,,,0.0,,False,,15,15,15,exact,1.0,1.0,5,,3,False,1,,197,FALSE,
H_ADD,struct,struct_n5_009,SOLVED,True,27,True,173,173,772,317,4,14.0,1.0,450,170,,,0.032,0.0098,0.0014,0.020197089004796,0.01673568395199254,,,0.0,,False,,13,13,13,exact,2.076923076923077,2.076923076923077,5,,3,False,1,,197,FALSE,
H_ADD,struct,struct_n5_010,SOLVED,True,18,True,155,155,639,293,12,14.0,1.0,333,152,,,0.029,0.0097,0.0014,0.016826027000206523,0.01379302296845708,,,0.0,,False,,14,14,14,exact,1.2857142857142858,1.2857142857142858,5,,3,False,1,,197,FALSE,
H_ADD,struct,struct_n5_011,SOLVED,True,12,True,54,54,222,86,0,10.0,1.0,134,54,,,0.019,0.0096,0.0014,0.007254910000483505,0.006151779991341755,,,0.0,,False,,8,8,8,exact,1.5,1.5,5,,3,False,1,,197,FALSE,
H_ADD,struct,struct_n5_012,SOLVED,True,24,True,126,126,623,315,10,8.0,1.0,297,121,,,0.026,0.0094,0.0013,0.014287452009739354,0.01168043291545473,,,0.0,,False,,15,15,15,exact,1.6,1.6,5,,3,False,1,,197,TRUE,
H_ADD,struct,struct_n5_013,SOLVED,True,15,True,42,42,202,70,0,9.0,1.0,131,42,,,0.019,0.0103,0.0014,0.006635634999838658,0.005726782968849875,,,0.0,,False,,10,10,10,exact,1.5,1.5,5,,3,False,1,,197,TRUE,
H_ADD,struct,struct_n5_014,SOLVED,True,28,True,166,166,751,296,9,14.0,1.0,445,161,,,0.035,0.0102,0.0014,0.01996236899867654,0.01654896496620495,,,0.0,,False,,14,14,14,exact,2.0,2.0,5,,3,False,1,,197,TRUE,
H_ADD,struct,struct_n5_015,SOLVED,True,19,True,224,224,996,461,17,17.0,1.0,517,214,,,0.039,0.0121,0.0014,0.024522167004761286,0.019846309049171396,,,0.0,,False,,14,14,14,exact,1.3571428571428572,1.3571428571428572,5,,3,False,1,,197,FALSE,
H_COUNT,ipc,ipc_p01,SOLVED,True,11,True,138,138,873,640,0,2.0,1.0,231,128,,,0.025,0.0151,0.0,0.009106537996558473,0.005102352995891124,,,0.0,,False,,10,10,10,optimal_lmcut,1.1,1.1,2,,1,True,2,,84,UNKNOWN,
H_COUNT,ipc,ipc_p03,SOLVED,True,63,True,11506,11506,89007,64928,2203,6.0,1.0,21874,10084,,,0.543,0.0389,0.0001,0.5003387390024727,0.2382834663585527,,,0.006,,False,,27,27,27,optimal_lmcut,2.3333333333333335,2.3333333333333335,6,,3,True,2,,372,UNKNOWN,
H_COUNT,ipc,ipc_p05,NODE_LIMIT,False,,,100000,,823875,578926,32601,9.0,2.0,212349,87045,,,5.114,0.0994,0.0001,4.987891074997606,2.1576338528248016,,,0.05,,False,,,45,45,best_known_lama,,,10,,6,True,2,,852,UNKNOWN,
H_COUNT,ipc,ipc_p07,SOLVED,True,33,True,33935,33935,307033,215687,6785,5.0,1.0,84559,32375,,,1.743,0.0435,0.0002,1.687911115004681,0.7685456753242761,,,0.004,,False,,21,21,21,optimal_lmcut,1.5714285714285714,1.5714285714285714,6,,3,True,2,,444,UNKNOWN,
H_COUNT,ipc,ipc_p09,NODE_LIMIT,False,,,100000,,1021378,712352,11806,13.0,9.0,297221,98541,,,7.519,0.2963,0.0002,7.171243188000517,2.6549861608218635,,,0.075,,False,,,61,74,best_known_lama,,,15,,4,True,2,,1902,UNKNOWN,
H_COUNT,ipc,ipc_p11,SOLVED,True,85,True,73327,73327,1096808,800516,6797,10.0,1.0,289490,71941,,,5.539,0.3104,0.0006,5.181380333000561,1.973242114225286,,,0.076,,False,,,50,60,best_known_lama,,1.7,10,,3,True,2,,1920,UNKNOWN,
H_COUNT,ipc,ipc_p13,SOLVED,True,27,True,785,785,11724,8009,0,6.0,1.0,3709,785,,,0.222,0.1663,0.0005,0.051463526993757114,0.021669395093340427,,,0.0,,False,,25,25,25,optimal_lmcut,1.08,1.08,6,,1,True,2,,1056,UNKNOWN,
H_COUNT,ipc,ipc_p15,NODE_LIMIT,False,,,100000,,1790275,1197804,17891,14.0,1.0,574581,96704,,,11.185,0.7216,0.0003,10.35633309900004,3.452659668546403,,,0.186,,False,,,71,78,best_known_lama,,,15,,6,True,2,,4170,UNKNOWN,
H_COUNT,ipc,ipc_p17,NODE_LIMIT,False,,,100000,,2515954,1737791,0,6.0,3.0,778164,99925,,,10.002,0.4145,0.0012,9.457717266996042,3.352065052589751,,,0.232,,False,,,25,25,best_known_lama,,,10,,3,True,4,,3098,UNKNOWN,
H_COUNT,ipc,ipc_p19,NODE_LIMIT,False,,,100000,,3565686,3157952,0,7.0,5.0,407735,97518,,,10.332,0.368,0.0024,9.899589701992227,2.751947375727468,,,0.08,,False,,,37,40,best_known_lama,,,8,,3,True,4,,2480,UNKNOWN,
H_COUNT,ipc,ipc_p21,NODE_LIMIT,False,,,100000,,8193204,6632834,0,7.0,6.0,1560371,100001,,,25.689,1.4021,0.0007,24.020890592990327,6.15117621855461,,,0.567,,False,,,34,34,best_known_lama,,,10,,1,True,6,,8862,UNKNOWN,
H_COUNT,ipc,ipc_p02,SOLVED,True,16,True,437,437,3376,2210,0,3.0,1.0,1164,420,,,0.039,0.0191,0.0,0.01897578600619454,0.010317159132682718,,,0.001,,False,,15,15,15,optimal_lmcut,1.0666666666666667,1.0666666666666667,4,,2,True,2,,204,UNKNOWN,
H_COUNT,ipc,ipc_p04,NODE_LIMIT,False,,,100000,,811612,640323,27276,6.0,2.0,144014,76585,,,4.421,0.0676,0.0001,4.339692334993742,1.8085176687454805,,,0.031,,False,,30,30,30,optimal_lmcut,,,8,,3,True,2,,588,UNKNOWN,
H_COUNT,ipc,ipc_p06,NODE_LIMIT,False,,,100000,,884417,634814,0,11.0,9.0,249604,96699,,,6.612,0.3052,0.0002,6.268745877998299,2.516368168988265,,,0.062,,False,,,58,192,best_known_lama,,,15,,6,True,2,,1722,UNKNOWN,
H_COUNT,ipc,ipc_p08,NODE_LIMIT,False,,,100000,,1004244,713739,6958,7.0,1.0,283548,97538,,,6.177,0.1175,0.0006,6.01509309001267,2.4641797734075226,,,0.065,,False,,,34,38,best_known_lama,,,10,,2,True,2,,972,UNKNOWN,
H_COUNT,ipc,ipc_p10,NODE_LIMIT,False,,,100000,,1472000,1167815,24134,4.0,1.0,280052,93900,,,6.061,0.1043,0.0003,5.916650084996945,2.3252928325964604,,,0.066,,False,,24,24,24,optimal_lmcut,,,6,,2,True,2,,888,UNKNOWN,
H_COUNT,ipc,ipc_p12,NODE_LIMIT,False,,,100000,,1646065,1293921,0,11.0,9.0,352145,98587,,,9.685,0.8221,0.0003,8.799735117005184,2.8936592757090693,,,0.119,,False,,,63,64,best_known_lama,,,15,,3,True,2,,3750,UNKNOWN,
H_COUNT,ipc,ipc_p14,NODE_LIMIT,False,,,100000,,1735085,1246135,0,4.0,1.0,488951,99996,,,8.656,0.2834,0.0012,8.295553173011285,2.9073411675926764,,,0.135,,False,,,32,32,best_known_lama,,,10,,3,True,2,,2200,UNKNOWN,
H_COUNT,ipc,ipc_p16,NODE_LIMIT,False,,,100000,,2321715,1749121,12523,5.0,2.0,560072,94748,,,7.644,0.1861,0.0006,7.370182090002345,2.6685291821922874,,,0.11,,False,,,27,27,best_known_lama,,,6,,2,True,4,,1500,UNKNOWN,
H_COUNT,ipc,ipc_p18,NODE_LIMIT,False,,,100000,,2979187,2108365,0,13.0,8.0,870823,98891,,,13.001,0.7895,0.0004,12.05828417299199,4.169723629835062,,,0.304,,False,,,61,66,best_known_lama,,,15,,3,True,4,,5808,UNKNOWN,
H_COUNT,ipc,ipc_p20,NODE_LIMIT,False,,,100000,,3562326,3078629,0,13.0,10.0,483698,98193,,,13.85,0.8579,0.0013,12.899994785999297,3.4374553971283603,,,0.12,,False,,,78,78,best_known_lama,,,15,,3,True,4,,6134,UNKNOWN,
H_COUNT,ipc,ipc_p22,NODE_LIMIT,False,,,100000,,8055480,6703871,0,17.0,17.0,1351610,100001,,,41.014,5.1748,0.0014,35.53994341600628,9.375990900720353,,,0.58,,False,,,89,124,best_known_lama,,,20,,3,True,6,,22852,UNKNOWN,
H_COUNT,joint,joint_n6k1h2_000,SOLVED,True,25,True,361,361,2034,957,29,6.0,1.0,1047,355,,,0.032,0.0137,0.0,0.016603215000941418,0.008796785099548288,,,0.001,,False,,19,19,19,exact,1.3157894736842106,1.3157894736842106,6,,2,True,1,,278,FALSE,n6k1h2
H_COUNT,joint,joint_n6k1h2_004,SOLVED,True,22,True,374,374,2387,1377,0,5.0,1.0,1007,367,,,0.031,0.0126,0.0001,0.01684640500752721,0.008784355042735115,,,0.0,,False,,20,20,20,exact,1.1,1.1,6,,2,True,1,,278,FALSE,n6k1h2
H_COUNT,joint,joint_n6k1h2_008,SOLVED,True,41,True,876,876,4974,2464,26,5.0,1.0,2482,866,,,0.054,0.0126,0.0001,0.03955018499982543,0.020711623830720782,,,0.0,,False,,22,22,22,exact,1.8636363636363635,1.8636363636363635,6,,2,True,1,,278,TRUE,n6k1h2
H_COUNT,joint,joint_n6k1h2_012,SOLVED,True,12,True,270,270,1557,740,20,4.0,1.0,795,268,,,0.026,0.0125,0.0001,0.012131347000831738,0.006411597089027055,,,0.0,,False,,10,10,10,exact,1.2,1.2,6,,2,False,1,,278,FALSE,n6k1h2
H_COUNT,joint,joint_n6k1h4_000,SOLVED,True,52,True,1374,1374,7168,3570,82,5.0,1.0,3515,1320,,,0.077,0.0124,0.0001,0.062402062001638114,0.03118809047737159,,,0.0,,False,,24,24,24,exact,2.1666666666666665,2.1666666666666665,6,,4,True,1,,278,TRUE,n6k1h4
H_COUNT,joint,joint_n6k1h4_004,SOLVED,True,15,True,261,261,1545,778,49,4.0,1.0,718,235,,,0.025,0.0126,0.0001,0.01121812300698366,0.0056265879975399,,,0.0,,False,,13,13,13,exact,1.1538461538461537,1.1538461538461537,6,,4,True,1,,278,FALSE,n6k1h4
H_COUNT,joint,joint_n6k1h4_008,SOLVED,True,32,True,3128,3128,16126,9879,405,5.0,1.0,5842,2854,,,0.141,0.0125,0.0001,0.12738129300123546,0.06454522568674292,,,0.0,,False,,18,18,18,exact,1.7777777777777777,1.7777777777777777,6,,4,False,1,,278,TRUE,n6k1h4
H_COUNT,joint,joint_n6k1h4_012,SOLVED,True,28,True,3960,3960,21215,12689,253,5.0,1.0,8272,3686,,,0.18,0.0134,0.0001,0.16497833699395414,0.08461236614675727,,,0.0,,False,,16,16,16,exact,1.75,1.75,6,,4,False,1,,278,TRUE,n6k1h4
H_COUNT,joint,joint_n6k2h2_000,SOLVED,True,33,True,260,260,1402,755,0,5.0,1.0,646,260,,,0.025,0.0123,0.0001,0.011564172004000284,0.006067017879104242,,,0.0,,False,,22,22,22,exact,1.5,1.5,6,,2,True,1,,278,FALSE,n6k2h2
H_COUNT,joint,joint_n6k2h2_004,SOLVED,True,29,True,548,548,3089,1555,23,6.0,1.0,1510,537,,,0.038,0.0122,0.0001,0.024464767004246823,0.012794296941137873,,,0.0,,False,,21,21,21,exact,1.380952380952381,1.380952380952381,6,,2,True,1,,278,FALSE,n6k2h2
H_COUNT,joint,joint_n6k2h2_008,SOLVED,True,20,True,124,124,646,240,0,6.0,1.0,405,124,,,0.019,0.0126,0.0001,0.005543010993278585,0.002944942010799423,,,0.0,,False,,18,18,18,exact,1.1111111111111112,1.1111111111111112,6,,2,False,1,,278,FALSE,n6k2h2
H_COUNT,joint,joint_n6k2h2_012,SOLVED,True,18,True,75,75,359,135,0,6.0,1.0,223,75,,,0.018,0.0135,0.0001,0.0033346390118822455,0.0017938200617209077,,,0.0,,False,,16,16,16,exact,1.125,1.125,6,,2,False,1,,278,FALSE,n6k2h2
H_COUNT,joint,joint_n6k2h4_000,SOLVED,True,48,True,630,630,3341,1696,38,6.0,1.0,1606,603,,,0.042,0.0135,0.0001,0.027119290010887198,0.0140499152475968,,,0.0,,False,,22,22,22,exact,2.1818181818181817,2.1818181818181817,6,,4,True,1,,278,FALSE,n6k2h4
H_COUNT,joint,joint_n6k2h4_004,SOLVED,True,24,True,262,262,1315,693,7,6.0,1.0,614,255,,,0.025,0.0128,0.0001,0.01115751700126566,0.005923846925725229,,,0.0,,False,,20,20,20,exact,1.2,1.2,6,,4,True,1,,278,FALSE,n6k2h4
H_COUNT,joint,joint_n6k2h4_008,SOLVED,True,32,True,3404,3404,17537,10125,335,6.0,1.0,7077,3148,,,0.155,0.0136,0.0001,0.14009007001004647,0.07142485046642832,,,0.0,,False,,16,16,16,exact,2.0,2.0,6,,4,False,1,,278,FALSE,n6k2h4
H_COUNT,joint,joint_n6k2h4_012,SOLVED,True,14,True,154,154,770,383,12,5.0,1.0,375,154,,,0.021,0.0135,0.0001,0.006729479995556176,0.0035697908024303615,,,0.0,,False,,14,14,14,exact,1.0,1.0,6,,4,False,1,,278,TRUE,n6k2h4
H_COUNT,joint,joint_n8k1h2_000,SOLVED,True,25,True,162,162,1243,449,0,7.0,1.0,788,162,,,0.032,0.0208,0.0001,0.009059203002834693,0.0043148539116373286,,,0.0,,False,,22,22,22,optimal_lmcut,1.1363636363636365,1.1363636363636365,8,,2,True,1,,482,UNKNOWN,n8k1h2
H_COUNT,joint,joint_n8k1h2_004,SOLVED,True,20,True,124,124,959,363,0,6.0,1.0,593,124,,,0.03,0.021,0.0001,0.007046200000331737,0.0033402469562133774,,,0.0,,False,,18,18,18,optimal_lmcut,1.1111111111111112,1.1111111111111112,8,,2,True,1,,482,UNKNOWN,n8k1h2
H_COUNT,joint,joint_n8k1h2_008,SOLVED,True,18,True,185,185,1339,389,0,6.0,1.0,949,185,,,0.035,0.0228,0.0001,0.010273538006003946,0.0049106578808277845,,,0.0,,False,,18,18,18,optimal_lmcut,1.0,1.0,8,,2,False,1,,482,UNKNOWN,n8k1h2
H_COUNT,joint,joint_n8k1h2_012,SOLVED,True,24,True,809,809,5340,2184,18,8.0,1.0,3133,808,,,0.067,0.0228,0.0001,0.04224062801222317,0.020095295447390527,,,0.0,,False,,20,20,20,optimal_lmcut,1.2,1.2,8,,2,False,1,,482,UNKNOWN,n8k1h2
H_COUNT,joint,joint_n8k1h4_000,SOLVED,True,57,True,4025,4025,26302,11462,265,7.0,1.0,14572,3983,,,0.24,0.0243,0.0001,0.21265996599686332,0.09958646935410798,,,0.002,,False,,25,25,25,optimal_lmcut,2.28,2.28,8,,4,True,1,,482,UNKNOWN,n8k1h4
H_COUNT,joint,joint_n8k1h4_004,SOLVED,True,24,True,150,150,949,421,0,7.0,1.0,522,150,,,0.034,0.024,0.0001,0.007913348003057763,0.0037923949857940897,,,0.0,,False,,20,20,20,optimal_lmcut,1.2,1.2,8,,4,True,1,,482,UNKNOWN,n8k1h4
H_COUNT,joint,joint_n8k1h4_008,SOLVED,True,26,True,2696,2696,18418,8162,186,6.0,1.0,10068,2683,,,0.163,0.0211,0.0001,0.1387313110026298,0.0664569204673171,,,0.0,,False,,18,18,18,optimal_lmcut,1.4444444444444444,1.4444444444444444,8,,4,False,1,,482,UNKNOWN,n8k1h4
H_COUNT,joint,joint_n8k1h4_012,SOLVED,True,24,True,1523,1523,9871,4504,97,7.0,1.0,5270,1511,,,0.105,0.0229,0.0002,0.07936607599549461,0.03741254321357701,,,0.0,,False,,20,20,20,optimal_lmcut,1.2,1.2,8,,4,False,1,,482,UNKNOWN,n8k1h4
H_COUNT,joint,joint_n8k2h2_000,SOLVED,True,46,True,1544,1544,10961,4825,27,8.0,1.0,6108,1539,,,0.106,0.0208,0.0001,0.08280546599416994,0.03863451616780367,,,0.0,,False,,25,25,25,optimal_lmcut,1.84,1.84,8,,2,True,1,,482,UNKNOWN,n8k2h2
H_COUNT,joint,joint_n8k2h2_004,SOLVED,True,42,True,1379,1379,9510,4178,54,8.0,1.0,5277,1365,,,0.098,0.0227,0.0001,0.072722409007838,0.033923450944712386,,,0.0,,False,,28,28,28,optimal_lmcut,1.5,1.5,8,,2,True,1,,482,UNKNOWN,n8k2h2
H_COUNT,joint,joint_n8k2h2_008,SOLVED,True,24,True,891,891,5959,2391,11,7.0,1.0,3555,890,,,0.07,0.0209,0.0002,0.046602110989624634,0.02231988319545053,,,0.0,,False,,20,20,20,optimal_lmcut,1.2,1.2,8,,2,False,1,,482,UNKNOWN,n8k2h2
H_COUNT,joint,joint_n8k2h2_012,SOLVED,True,12,True,45,45,314,81,0,5.0,1.0,230,45,,,0.028,0.0234,0.0002,0.0026526709989411756,0.0013150190352462232,,,0.0,,False,,12,12,12,optimal_lmcut,1.0,1.0,8,,2,False,1,,482,UNKNOWN,n8k2h2
H_COUNT,joint,joint_n8k2h4_000,SOLVED,True,62,True,17090,17090,110758,56611,759,8.0,1.0,53388,16646,,,0.922,0.0239,0.0001,0.8909201380010927,0.41018523764796555,,,0.013,,False,,30,30,30,optimal_lmcut,2.066666666666667,2.066666666666667,8,,4,True,1,,482,UNKNOWN,n8k2h4
H_COUNT,joint,joint_n8k2h4_004,SOLVED,True,44,True,375,375,2065,902,0,7.0,1.0,1161,375,,,0.046,0.025,0.0001,0.018988001000252552,0.00913134498114232,,,0.0,,False,,26,26,26,optimal_lmcut,1.6923076923076923,1.6923076923076923,8,,4,True,1,,482,UNKNOWN,n8k2h4
H_COUNT,joint,joint_n8k2h4_008,SOLVED,True,65,True,2624,2624,17717,8079,65,8.0,1.0,9572,2600,,,0.164,0.0227,0.0001,0.13878624500648584,0.06440137300523929,,,0.0,,False,,29,29,29,optimal_lmcut,2.2413793103448274,2.2413793103448274,8,,4,True,1,,482,UNKNOWN,n8k2h4
H_COUNT,joint,joint_n8k2h4_012,SOLVED,True,26,True,1181,1181,7103,3372,149,5.0,1.0,3582,1136,,,0.084,0.0224,0.0001,0.058982658985769376,0.02766401988628786,,,0.0,,False,,16,16,16,optimal_lmcut,1.625,1.625,8,,4,False,1,,482,UNKNOWN,n8k2h4
H_COUNT,joint,joint_n6k1h2_001,SOLVED,True,14,True,82,82,412,161,0,4.0,1.0,249,82,,,0.018,0.0132,0.0,0.003769779999856837,0.0020520999387372285,,,0.001,,False,,10,10,10,exact,1.4,1.4,6,,2,False,1,,278,FALSE,n6k1h2
H_COUNT,joint,joint_n6k1h2_005,SOLVED,True,37,True,853,853,4936,2399,20,6.0,1.0,2516,845,,,0.053,0.0126,0.0001,0.03905630100052804,0.02055779799411539,,,0.001,,False,,22,22,22,exact,1.6818181818181819,1.6818181818181819,6,,2,True,1,,278,FALSE,n6k1h2
H_COUNT,joint,joint_n6k1h2_009,SOLVED,True,14,True,400,400,2254,1061,19,4.0,1.0,1171,399,,,0.032,0.0129,0.0001,0.017679269003565423,0.009392143023433164,,,0.0,,False,,10,10,10,exact,1.4,1.4,6,,2,False,1,,278,FALSE,n6k1h2
H_COUNT,joint,joint_n6k1h2_013,SOLVED,True,16,True,45,45,282,81,0,6.0,1.0,201,45,,,0.016,0.0125,0.0001,0.0022325180034385994,0.001176305944682099,,,0.0,,False,,16,16,16,exact,1.0,1.0,6,,2,False,1,,278,FALSE,n6k1h2
H_COUNT,joint,joint_n6k1h4_001,SOLVED,True,46,True,2879,2879,16088,9720,320,6.0,1.0,6046,2637,,,0.141,0.0126,0.0001,0.12671454100927804,0.061278152745217085,,,0.001,,False,,22,22,22,exact,2.090909090909091,2.090909090909091,6,,4,True,1,,278,FALSE,n6k1h4
H_COUNT,joint,joint_n6k1h4_005,SOLVED,True,43,True,938,938,4710,2339,67,6.0,1.0,2302,899,,,0.054,0.0127,0.0001,0.03986805700697005,0.020775626922841184,,,0.0,,False,,21,21,21,exact,2.0476190476190474,2.0476190476190474,6,,4,True,1,,278,FALSE,n6k1h4
H_COUNT,joint,joint_n6k1h4_009,SOLVED,True,28,True,4019,4019,21622,12870,353,5.0,1.0,8399,3724,,,0.183,0.0128,0.0001,0.16830146899155807,0.08478844175988343,,,0.0,,False,,14,14,14,exact,2.0,2.0,6,,4,False,1,,278,FALSE,n6k1h4
H_COUNT,joint,joint_n6k1h4_013,SOLVED,True,10,True,51,51,268,92,0,4.0,1.0,176,51,,,0.017,0.0136,0.0001,0.0023510089959017932,0.0012534349953057244,,,0.0,,False,,10,10,10,exact,1.0,1.0,6,,4,False,1,,278,FALSE,n6k1h4
H_COUNT,joint,joint_n6k2h2_001,SOLVED,True,38,True,397,397,1944,970,14,6.0,1.0,958,375,,,0.032,0.0137,0.0001,0.01666329200088512,0.008664408844197169,,,0.0,,False,,22,22,22,exact,1.7272727272727273,1.7272727272727273,6,,2,True,1,,278,FALSE,n6k2h2
H_COUNT,joint,joint_n6k2h2_005,SOLVED,True,17,True,136,136,811,405,0,5.0,1.0,404,136,,,0.02,0.013,0.0001,0.0062077850016066805,0.0032022279337979853,,,0.0,,False,,15,15,15,exact,1.1333333333333333,1.1333333333333333,6,,2,True,1,,278,FALSE,n6k2h2
H_COUNT,joint,joint_n6k2h2_009,SOLVED,True,16,True,70,70,345,142,0,4.0,1.0,202,70,,,0.017,0.0126,0.0001,0.0031235540081979707,0.0016628300218144432,,,0.0,,False,,14,14,14,exact,1.1428571428571428,1.1428571428571428,6,,2,False,1,,278,FALSE,n6k2h2
H_COUNT,joint,joint_n6k2h2_013,SOLVED,True,20,True,162,162,866,323,0,6.0,1.0,541,162,,,0.021,0.0128,0.0001,0.007313327005249448,0.003907012069248594,,,0.0,,False,,18,18,18,exact,1.1111111111111112,1.1111111111111112,6,,2,False,1,,278,FALSE,n6k2h2
H_COUNT,joint,joint_n6k2h4_001,SOLVED,True,34,True,459,459,2403,1204,17,5.0,1.0,1181,458,,,0.034,0.0126,0.0001,0.02015537400438916,0.010531782027101144,,,0.0,,False,,20,20,20,exact,1.7,1.7,6,,4,True,1,,278,FALSE,n6k2h4
H_COUNT,joint,joint_n6k2h4_005,SOLVED,True,24,True,747,747,4102,2148,77,5.0,1.0,1877,720,,,0.047,0.0127,0.0001,0.03242921701166779,0.016707178845535964,,,0.0,,False,,18,18,18,exact,1.3333333333333333,1.3333333333333333,6,,4,True,1,,278,FALSE,n6k2h4
H_COUNT,joint,joint_n6k2h4_009,SOLVED,True,26,True,847,847,4225,2172,45,5.0,1.0,2007,832,,,0.052,0.0145,0.0001,0.035886612997273915,0.018958422719151713,,,0.0,,False,,16,16,16,exact,1.625,1.625,6,,4,False,1,,278,TRUE,n6k2h4
H_COUNT,joint,joint_n6k2h4_013,SOLVED,True,14,True,71,71,316,123,0,5.0,1.0,192,71,,,0.019,0.0145,0.0001,0.003068242993322201,0.0016468869871459901,,,0.0,,False,,14,14,14,exact,1.0,1.0,6,,4,False,1,,278,TRUE,n6k2h4
H_COUNT,joint,joint_n8k1h2_001,SOLVED,True,27,True,455,455,3536,982,1,7.0,1.0,2552,455,,,0.051,0.0232,0.0001,0.02568936100578867,0.012069142787368037,,,0.0,,False,,21,21,21,optimal_lmcut,1.2857142857142858,1.2857142857142858,8,,2,True,1,,482,UNKNOWN,n8k1h2
H_COUNT,joint,joint_n8k1h2_005,SOLVED,True,50,True,1246,1246,9586,4619,0,8.0,1.0,4964,1234,,,0.093,0.0213,0.0001,0.06926222699985374,0.03201124197221361,,,0.0,,False,,30,30,30,optimal_lmcut,1.6666666666666667,1.6666666666666667,8,,2,True,1,,482,UNKNOWN,n8k1h2
H_COUNT,joint,joint_n8k1h2_009,SOLVED,True,18,True,84,84,616,155,0,7.0,1.0,456,84,,,0.03,0.0233,0.0001,0.004805791002581827,0.0023692729009781033,,,0.0,,False,,18,18,18,optimal_lmcut,1.0,1.0,8,,2,False,1,,482,UNKNOWN,n8k1h2
H_COUNT,joint,joint_n8k1h2_013,SOLVED,True,20,True,165,165,1206,335,0,7.0,1.0,867,165,,,0.035,0.0241,0.0001,0.009193496996886097,0.004374244104837999,,,0.0,,False,,18,18,18,optimal_lmcut,1.1111111111111112,1.1111111111111112,8,,2,False,1,,482,UNKNOWN,n8k1h2
H_COUNT,joint,joint_n8k1h4_001,SOLVED,True,68,True,23053,23053,148907,85475,1928,7.0,1.0,61501,22050,,,1.305,0.0237,0.0001,1.2690508880041307,0.5623450498242164,,,0.017,,False,,34,34,34,optimal_lmcut,2.0,2.0,8,,4,True,1,,482,UNKNOWN,n8k1h4
H_COUNT,joint,joint_n8k1h4_005,SOLVED,True,42,True,2593,2593,18004,8410,100,8.0,1.0,9494,2559,,,0.19,0.0277,0.0002,0.1589142300072126,0.07356980840268079,,,0.0,,False,,30,30,30,optimal_lmcut,1.4,1.4,8,,4,True,1,,482,UNKNOWN,n8k1h4
H_COUNT,joint,joint_n8k1h4_009,SOLVED,True,24,True,522,522,3035,1468,18,8.0,1.0,1544,521,,,0.051,0.0232,0.0001,0.025615179998567328,0.012421091727446765,,,0.0,,False,,16,16,16,optimal_lmcut,1.5,1.5,8,,4,False,1,,482,UNKNOWN,n8k1h4
H_COUNT,joint,joint_n8k1h4_013,SOLVED,True,44,True,12676,12676,87261,41834,394,8.0,1.0,45030,12626,,,0.702,0.0242,0.0001,0.671045167997363,0.3095083157386398,,,0.011,,False,,20,20,20,optimal_lmcut,2.2,2.2,8,,4,False,1,,482,UNKNOWN,n8k1h4
H_COUNT,joint,joint_n8k2h2_001,SOLVED,True,30,True,2413,2413,18132,8087,90,7.0,1.0,9952,2381,,,0.158,0.0235,0.0002,0.13170838200312573,0.060276742369751446,,,0.001,,False,,22,22,22,optimal_lmcut,1.3636363636363635,1.3636363636363635,8,,2,True,1,,482,UNKNOWN,n8k2h2
H_COUNT,joint,joint_n8k2h2_005,SOLVED,True,54,True,2714,2714,18324,9028,64,8.0,1.0,9228,2684,,,0.168,0.0231,0.0003,0.14164507199893706,0.06596951588289812,,,0.0,,False,,30,30,30,optimal_lmcut,1.8,1.8,8,,2,True,1,,482,UNKNOWN,n8k2h2
H_COUNT,joint,joint_n8k2h2_009,SOLVED,True,26,True,645,645,4416,1832,22,7.0,1.0,2559,640,,,0.059,0.0231,0.0003,0.03397098601271864,0.016013800151995383,,,0.0,,False,,18,18,18,optimal_lmcut,1.4444444444444444,1.4444444444444444,8,,2,False,1,,482,UNKNOWN,n8k2h2
H_COUNT,joint,joint_n8k2h2_013,SOLVED,True,22,True,218,218,1532,425,0,7.0,1.0,1106,218,,,0.035,0.0215,0.0001,0.011785698996391147,0.00563556412816979,,,0.0,,False,,20,20,20,optimal_lmcut,1.1,1.1,8,,2,False,1,,482,UNKNOWN,n8k2h2
H_COUNT,joint,joint_n8k2h4_001,SOLVED,True,27,True,338,338,2395,913,0,7.0,1.0,1481,338,,,0.043,0.0231,0.0001,0.01812781199987512,0.008515691006323323,,,0.0,,False,,25,25,25,optimal_lmcut,1.08,1.08,8,,4,True,1,,482,UNKNOWN,n8k2h4
H_COUNT,joint,joint_n8k2h4_005,SOLVED,True,18,True,624,624,3995,1686,27,7.0,1.0,2278,623,,,0.055,0.0213,0.0001,0.03170718099863734,0.015127860984648578,,,0.0,,False,,16,16,16,optimal_lmcut,1.125,1.125,8,,4,False,1,,482,UNKNOWN,n8k2h4
H_COUNT,joint,joint_n8k2h4_009,SOLVED,True,36,True,16020,16020,104424,59014,334,8.0,1.0,45074,15899,,,0.865,0.0231,0.0001,0.83391651599959,0.38196530581626575,,,0.011,,False,,22,22,22,optimal_lmcut,1.6363636363636365,1.6363636363636365,8,,4,False,1,,482,UNKNOWN,n8k2h4
H_COUNT,joint,joint_n8k2h4_013,SOLVED,True,38,True,4516,4516,31771,15114,380,7.0,1.0,16276,4248,,,0.262,0.0232,0.0002,0.23586836599861272,0.10538712474226486,,,0.001,,False,,18,18,18,optimal_lmcut,2.111111111111111,2.111111111111111,8,,4,False,1,,482,UNKNOWN,n8k2h4
H_COUNT,joint,joint_n6k1h2_002,SOLVED,True,34,True,172,172,915,362,0,6.0,1.0,553,172,,,0.024,0.014,0.0,0.008294315004604869,0.004406201027450152,,,0.001,,False,,20,20,20,exact,1.7,1.7,6,,2,True,1,,278,FALSE,n6k1h2
H_COUNT,joint,joint_n6k1h2_006,SOLVED,True,34,True,458,458,2545,1309,2,6.0,1.0,1233,451,,,0.036,0.0136,0.0001,0.021014387006289326,0.011304956016829237,,,0.0,,False,,22,22,22,exact,1.5454545454545454,1.5454545454545454,6,,2,True,1,,278,FALSE,n6k1h2
H_COUNT,joint,joint_n6k1h2_010,SOLVED,True,20,True,149,149,784,296,0,6.0,1.0,485,149,,,0.021,0.0126,0.0001,0.006987576998653822,0.0038206459576031193,,,0.0,,False,,16,16,16,exact,1.25,1.25,6,,2,False,1,,278,FALSE,n6k1h2
H_COUNT,joint,joint_n6k1h2_014,SOLVED,True,14,True,329,329,1950,909,14,4.0,1.0,1024,327,,,0.03,0.013,0.0001,0.015434452987392433,0.008306591189466417,,,0.0,,False,,10,10,10,exact,1.4,1.4,6,,2,False,1,,278,FALSE,n6k1h2
H_COUNT,joint,joint_n6k1h4_002,SOLVED,True,38,True,653,653,3488,1755,31,6.0,1.0,1701,640,,,0.044,0.0129,0.0001,0.02930253501108382,0.015478842804441229,,,0.0,,False,,22,22,22,exact,1.7272727272727273,1.7272727272727273,6,,4,True,1,,278,FALSE,n6k1h4
H_COUNT,joint,joint_n6k1h4_006,SOLVED,True,20,True,123,123,707,318,0,4.0,1.0,389,119,,,0.021,0.0136,0.0001,0.0057079919934039935,0.0030202889756765217,,,0.0,,False,,16,16,16,exact,1.25,1.25,6,,4,True,1,,278,FALSE,n6k1h4
H_COUNT,joint,joint_n6k1h4_010,SOLVED,True,28,True,598,598,3228,1624,104,6.0,1.0,1500,560,,,0.042,0.0142,0.0001,0.026390608996734954,0.013651411194587126,,,0.0,,False,,21,21,21,exact,1.3333333333333333,1.3333333333333333,6,,4,False,1,,278,FALSE,n6k1h4
H_COUNT,joint,joint_n6k1h4_014,SOLVED,True,20,True,2851,2851,15670,9544,184,6.0,1.0,5941,2632,,,0.139,0.0137,0.0001,0.12329577999480534,0.06262436410179362,,,0.001,,False,,14,14,14,exact,1.4285714285714286,1.4285714285714286,6,,4,False,1,,278,FALSE,n6k1h4
H_COUNT,joint,joint_n6k2h2_002,SOLVED,True,37,True,420,420,2526,1332,0,6.0,1.0,1193,412,,,0.056,0.0212,0.0002,0.03197989099135157,0.015306550019886345,,,0.0,,False,,20,20,20,exact,1.85,1.85,6,,2,True,1,,278,FALSE,n6k2h2
H_COUNT,joint,joint_n6k2h2_006,SOLVED,True,40,True,208,208,1078,419,0,6.0,1.0,657,208,,,0.024,0.0125,0.0001,0.009678501999587752,0.0052056299755349755,,,0.0,,False,,24,24,24,exact,1.6666666666666667,1.6666666666666667,6,,2,True,1,,278,FALSE,n6k2h2
H_COUNT,joint,joint_n6k2h2_010,SOLVED,True,16,True,52,52,253,97,0,6.0,1.0,155,52,,,0.019,0.0149,0.0001,0.0023907639988465235,0.001318299036938697,,,0.0,,False,,14,14,14,exact,1.1428571428571428,1.1428571428571428,6,,2,False,1,,278,FALSE,n6k2h2
H_COUNT,joint,joint_n6k2h2_014,SOLVED,True,20,True,292,292,1633,701,34,5.0,1.0,897,283,,,0.028,0.013,0.0001,0.013431377010419965,0.00712304406624753,,,0.0,,False,,14,14,14,exact,1.4285714285714286,1.4285714285714286,6,,2,False,1,,278,FALSE,n6k2h2
H_COUNT,joint,joint_n6k2h4_002,SOLVED,True,32,True,552,552,2753,1454,33,6.0,1.0,1266,549,,,0.039,0.0136,0.0001,0.02452389500103891,0.013078720978228375,,,0.0,,False,,22,22,22,exact,1.4545454545454546,1.4545454545454546,6,,4,True,1,,278,FALSE,n6k2h4
H_COUNT,joint,joint_n6k2h4_006,SOLVED,True,36,True,769,769,3726,1881,51,6.0,1.0,1794,731,,,0.048,0.0134,0.0001,0.033306917001027614,0.017590354080311954,,,0.0,,False,,22,22,22,exact,1.6363636363636365,1.6363636363636365,6,,4,True,1,,278,FALSE,n6k2h4
H_COUNT,joint,joint_n6k2h4_010,SOLVED,True,26,True,1337,1337,6885,3428,105,6.0,1.0,3352,1308,,,0.074,0.0136,0.0001,0.05866829199658241,0.031070103228557855,,,0.0,,False,,18,18,18,exact,1.4444444444444444,1.4444444444444444,6,,4,False,1,,278,FALSE,n6k2h4
H_COUNT,joint,joint_n6k2h4_014,SOLVED,True,10,True,26,26,104,42,0,3.0,1.0,62,26,,,0.016,0.0137,0.0001,0.0012314630002947524,0.0006992230337345973,,,0.0,,False,,10,10,10,exact,1.0,1.0,6,,4,False,1,,278,TRUE,n6k2h4
H_COUNT,joint,joint_n8k1h2_002,SOLVED,True,32,True,332,332,2482,887,0,6.0,1.0,1594,332,,,0.044,0.0231,0.0001,0.01875789299083408,0.008825953147606924,,,0.0,,False,,22,22,22,optimal_lmcut,1.4545454545454546,1.4545454545454546,8,,2,True,1,,482,UNKNOWN,n8k1h2
H_COUNT,joint,joint_n8k1h2_006,SOLVED,True,34,True,301,301,2175,888,0,8.0,1.0,1284,300,,,0.042,0.023,0.0002,0.01666219400067348,0.007934260938782245,,,0.0,,False,,24,24,24,optimal_lmcut,1.4166666666666667,1.4166666666666667,8,,2,True,1,,482,UNKNOWN,n8k1h2
H_COUNT,joint,joint_n8k1h2_010,SOLVED,True,18,True,32,32,228,51,0,8.0,1.0,175,32,,,0.027,0.0228,0.0001,0.0019114179885946214,0.0009269019501516595,,,0.0,,False,,18,18,18,optimal_lmcut,1.0,1.0,8,,2,False,1,,482,UNKNOWN,n8k1h2
H_COUNT,joint,joint_n8k1h2_014,SOLVED,True,16,True,31,31,224,53,0,7.0,1.0,169,31,,,0.03,0.0256,0.0002,0.0018749860028037801,0.0009372130152769387,,,0.0,,False,,16,16,16,optimal_lmcut,1.0,1.0,8,,2,False,1,,482,UNKNOWN,n8k1h2
H_COUNT,joint,joint_n8k1h4_002,SOLVED,True,45,True,3870,3870,29134,14509,180,7.0,1.0,14445,3814,,,0.238,0.0209,0.0002,0.21374624899181072,0.09922765594092198,,,0.003,,False,,30,30,30,optimal_lmcut,1.5,1.5,8,,4,True,1,,482,UNKNOWN,n8k1h4
H_COUNT,joint,joint_n8k1h4_006,SOLVED,True,48,True,1473,1473,8944,4627,65,7.0,1.0,4252,1438,,,0.099,0.0213,0.0002,0.07543583700316958,0.035637620007037185,,,0.0,,False,,26,26,26,optimal_lmcut,1.8461538461538463,1.8461538461538463,8,,4,True,1,,482,UNKNOWN,n8k1h4
H_COUNT,joint,joint_n8k1h4_010,SOLVED,True,32,True,18023,18023,121443,65917,1059,8.0,1.0,54467,17841,,,1.015,0.0218,0.0002,0.9847721679980168,0.45862175850197673,,,0.012,,False,,18,18,18,optimal_lmcut,1.7777777777777777,1.7777777777777777,8,,4,False,1,,482,UNKNOWN,n8k1h4
H_COUNT,joint,joint_n8k1h4_014,SOLVED,True,22,True,1452,1452,9225,4399,140,7.0,1.0,4685,1418,,,0.098,0.0211,0.0002,0.0743984559958335,0.03548987706017215,,,0.0,,False,,18,18,18,optimal_lmcut,1.2222222222222223,1.2222222222222223,8,,4,False,1,,482,UNKNOWN,n8k1h4
H_COUNT,joint,joint_n8k2h2_002,SOLVED,True,49,True,1731,1731,12063,5473,33,8.0,1.0,6555,1719,,,0.119,0.0213,0.0003,0.09489031198609155,0.04422029707347974,,,0.0,,False,,26,26,26,optimal_lmcut,1.8846153846153846,1.8846153846153846,8,,2,True,1,,482,UNKNOWN,n8k2h2
H_COUNT,joint,joint_n8k2h2_006,SOLVED,True,29,True,455,455,3451,1358,0,8.0,1.0,2093,452,,,0.049,0.0214,0.0002,0.02533643900824245,0.01199817008455284,,,0.0,,False,,23,23,23,optimal_lmcut,1.2608695652173914,1.2608695652173914,8,,2,True,1,,482,UNKNOWN,n8k2h2
H_COUNT,joint,joint_n8k2h2_010,SOLVED,True,18,True,113,113,807,281,0,6.0,1.0,523,113,,,0.031,0.0232,0.0002,0.006360943996696733,0.0030984999611973763,,,0.0,,False,,16,16,16,optimal_lmcut,1.125,1.125,8,,2,False,1,,482,UNKNOWN,n8k2h2
H_COUNT,joint,joint_n8k2h2_014,SOLVED,True,26,True,1556,1556,10539,4396,96,7.0,1.0,6043,1555,,,0.106,0.0214,0.0002,0.08239672699710354,0.039381096910801716,,,0.0,,False,,14,14,14,optimal_lmcut,1.8571428571428572,1.8571428571428572,8,,2,False,1,,482,UNKNOWN,n8k2h2
H_COUNT,joint,joint_n8k2h4_002,SOLVED,True,53,True,1568,1568,9140,4109,78,8.0,1.0,4953,1527,,,0.107,0.0243,0.0002,0.08011508699564729,0.03837893373565748,,,0.0,,False,,28,28,28,optimal_lmcut,1.8928571428571428,1.8928571428571428,8,,4,True,1,,482,UNKNOWN,n8k2h4
H_COUNT,joint,joint_n8k2h4_006,SOLVED,True,58,True,3880,3880,23197,10468,137,7.0,1.0,12591,3862,,,0.23,0.0231,0.0002,0.20363290498789866,0.09681859209376853,,,0.001,,False,,28,28,28,optimal_lmcut,2.0714285714285716,2.0714285714285716,8,,4,True,1,,482,UNKNOWN,n8k2h4
H_COUNT,joint,joint_n8k2h4_010,SOLVED,True,30,True,1044,1044,6154,2981,59,7.0,1.0,3111,1039,,,0.076,0.021,0.0001,0.05251942400354892,0.025317465915577486,,,0.0,,False,,22,22,22,optimal_lmcut,1.3636363636363635,1.3636363636363635,8,,4,False,1,,482,UNKNOWN,n8k2h4
H_COUNT,joint,joint_n8k2h4_014,SOLVED,True,30,True,1819,1819,11897,5436,31,7.0,1.0,6429,1815,,,0.119,0.0213,0.0002,0.09513821199652739,0.04541027796221897,,,0.0,,False,,20,20,20,optimal_lmcut,1.5,1.5,8,,4,False,1,,482,UNKNOWN,n8k2h4
H_COUNT,joint,joint_n6k1h2_003,SOLVED,True,19,True,74,74,378,148,0,5.0,1.0,228,74,,,0.019,0.0145,0.0,0.0035153070057276636,0.001862227960373275,,,0.001,,False,,15,15,15,exact,1.2666666666666666,1.2666666666666666,6,,2,True,1,,278,FALSE,n6k1h2
H_COUNT,joint,joint_n6k1h2_007,SOLVED,True,30,True,230,230,1212,573,0,6.0,1.0,638,230,,,0.025,0.0134,0.0001,0.010382936001406051,0.005481744097778574,,,0.0,,False,,24,24,24,exact,1.25,1.25,6,,2,True,1,,278,FALSE,n6k1h2
H_COUNT,joint,joint_n6k1h2_011,SOLVED,True,14,True,29,29,161,52,0,6.0,1.0,107,29,,,0.015,0.0127,0.0001,0.0014111979980953038,0.0007782200409565121,,,0.0,,False,,14,14,14,exact,1.0,1.0,6,,2,False,1,,278,FALSE,n6k1h2
H_COUNT,joint,joint_n6k1h2_015,SOLVED,True,8,True,13,13,79,19,0,4.0,1.0,57,13,,,0.015,0.0129,0.0001,0.0007018129981588572,0.0003784669970627874,,,0.0,,False,,8,8,8,exact,1.0,1.0,6,,2,False,1,,278,FALSE,n6k1h2
H_COUNT,joint,joint_n6k1h4_003,SOLVED,True,45,True,432,432,2029,954,15,6.0,1.0,1059,417,,,0.033,0.0135,0.0001,0.018269730993779376,0.009680700415628962,,,0.0,,False,,22,22,22,exact,2.0454545454545454,2.0454545454545454,6,,4,True,1,,278,FALSE,n6k1h4
H_COUNT,joint,joint_n6k1h4_007,SOLVED,True,48,True,983,983,5594,2857,19,6.0,1.0,2717,956,,,0.059,0.0136,0.0001,0.04406571399886161,0.022443128473241813,,,0.0,,False,,26,26,26,exact,1.8461538461538463,1.8461538461538463,6,,4,True,1,,278,FALSE,n6k1h4
H_COUNT,joint,joint_n6k1h4_011,SOLVED,True,16,True,136,136,697,267,1,4.0,1.0,429,136,,,0.02,0.0129,0.0001,0.0061092969990568236,0.003174685058183968,,,0.0,,False,,14,14,14,exact,1.1428571428571428,1.1428571428571428,6,,4,False,1,,278,TRUE,n6k1h4
H_COUNT,joint,joint_n6k1h4_015,SOLVED,True,16,True,843,843,4476,2298,79,4.0,1.0,2099,831,,,0.052,0.0141,0.0001,0.03665640999679454,0.01880446397990454,,,0.0,,False,,12,12,12,exact,1.3333333333333333,1.3333333333333333,6,,4,False,1,,278,TRUE,n6k1h4
H_COUNT,joint,joint_n6k2h2_003,SOLVED,True,28,True,275,275,1727,868,0,6.0,1.0,857,275,,,0.027,0.0128,0.0001,0.012799959993571974,0.006525330158183351,,,0.0,,False,,22,22,22,exact,1.2727272727272727,1.2727272727272727,6,,2,True,1,,278,FALSE,n6k2h2
H_COUNT,joint,joint_n6k2h2_007,SOLVED,True,34,True,1398,1398,7861,4420,183,6.0,1.0,3255,1370,,,0.077,0.0124,0.0001,0.0626047039986588,0.03165789146441966,,,0.0,,False,,24,24,24,exact,1.4166666666666667,1.4166666666666667,6,,2,True,1,,278,FALSE,n6k2h2
H_COUNT,joint,joint_n6k2h2_011,SOLVED,True,14,True,64,64,336,115,0,5.0,1.0,220,64,,,0.018,0.0134,0.0001,0.0029053660109639168,0.0015175969892879948,,,0.0,,False,,10,10,10,exact,1.4,1.4,6,,2,False,1,,278,FALSE,n6k2h2
H_COUNT,joint,joint_n6k2h2_015,SOLVED,True,20,True,168,168,846,342,5,6.0,1.0,496,168,,,0.021,0.0126,0.0001,0.00752820901107043,0.003983878064900637,,,0.0,,False,,14,14,14,exact,1.4285714285714286,1.4285714285714286,6,,2,False,1,,278,FALSE,n6k2h2
H_COUNT,joint,joint_n6k2h4_003,SOLVED,True,18,True,185,185,1022,500,0,5.0,1.0,521,180,,,0.023,0.0134,0.0001,0.008609641998191364,0.0044638180115725845,,,0.0,,False,,16,16,16,exact,1.125,1.125,6,,4,True,1,,278,FALSE,n6k2h4
H_COUNT,joint,joint_n6k2h4_007,SOLVED,True,26,True,273,273,1436,759,21,6.0,1.0,656,271,,,0.026,0.0124,0.0001,0.012028900993755087,0.006168788953800686,,,0.0,,False,,22,22,22,exact,1.1818181818181819,1.1818181818181819,6,,4,True,1,,278,FALSE,n6k2h4
H_COUNT,joint,joint_n6k2h4_011,SOLVED,True,26,True,753,753,3624,1824,36,6.0,1.0,1764,731,,,0.046,0.0127,0.0001,0.032002081992686726,0.016517229232704267,,,0.0,,False,,14,14,14,exact,1.8571428571428572,1.8571428571428572,6,,4,False,1,,278,FALSE,n6k2h4
H_COUNT,joint,joint_n6k2h4_015,SOLVED,True,22,True,521,521,2660,1400,51,5.0,1.0,1209,519,,,0.038,0.0136,0.0001,0.022607254999456927,0.011666505131870508,,,0.0,,False,,14,14,14,exact,1.5714285714285714,1.5714285714285714,6,,4,False,1,,278,FALSE,n6k2h4
H_COUNT,joint,joint_n8k1h2_003,SOLVED,True,41,True,1997,1997,14782,5972,43,6.0,1.0,8766,1994,,,0.136,0.0213,0.0001,0.11224976000085007,0.05162984259368386,,,0.002,,False,,22,22,22,optimal_lmcut,1.8636363636363635,1.8636363636363635,8,,2,True,1,,482,UNKNOWN,n8k1h2
H_COUNT,joint,joint_n8k1h2_007,SOLVED,True,48,True,997,997,7686,3503,0,8.0,1.0,4181,997,,,0.079,0.0214,0.0001,0.055774085005396046,0.025077464102650993,,,0.0,,False,,24,24,24,optimal_lmcut,2.0,2.0,8,,2,True,1,,482,UNKNOWN,n8k1h2
H_COUNT,joint,joint_n8k1h2_011,SOLVED,True,18,True,71,71,497,130,0,7.0,1.0,362,71,,,0.031,0.0247,0.0001,0.003934502994525246,0.0018442809814587235,,,0.0,,False,,16,16,16,optimal_lmcut,1.125,1.125,8,,2,False,1,,482,UNKNOWN,n8k1h2
H_COUNT,joint,joint_n8k1h2_015,SOLVED,True,22,True,154,154,1163,308,0,8.0,1.0,855,154,,,0.053,0.0389,0.0003,0.010859603004064411,0.005057837115600705,,,0.0,,False,,20,20,20,optimal_lmcut,1.1,1.1,8,,2,False,1,,482,UNKNOWN,n8k1h2
H_COUNT,joint,joint_n8k1h4_003,SOLVED,True,49,True,16675,16675,104244,55654,1268,8.0,1.0,47321,16540,,,0.899,0.0212,0.0001,0.8709879870002624,0.39866351131058764,,,0.012,,False,,25,25,25,optimal_lmcut,1.96,1.96,8,,4,True,1,,482,UNKNOWN,n8k1h4
H_COUNT,joint,joint_n8k1h4_007,SOLVED,True,50,True,10049,10049,60772,35610,910,6.0,1.0,24250,9503,,,0.532,0.0246,0.0001,0.5033416709920857,0.22451069089584053,,,0.003,,False,,26,26,26,optimal_lmcut,1.9230769230769231,1.9230769230769231,8,,4,True,1,,482,UNKNOWN,n8k1h4
H_COUNT,joint,joint_n8k1h4_011,SOLVED,True,26,True,976,976,6301,2865,50,7.0,1.0,3383,971,,,0.074,0.0214,0.0001,0.05093023300287314,0.023375797900371253,,,0.0,,False,,18,18,18,optimal_lmcut,1.4444444444444444,1.4444444444444444,8,,4,False,1,,482,UNKNOWN,n8k1h4
H_COUNT,joint,joint_n8k1h4_015,SOLVED,True,24,True,395,395,2714,959,0,8.0,1.0,1755,395,,,0.046,0.023,0.0002,0.021463362994836643,0.009867001965176314,,,0.0,,False,,20,20,20,optimal_lmcut,1.2,1.2,8,,4,False,1,,482,UNKNOWN,n8k1h4
H_COUNT,joint,joint_n8k2h2_003,SOLVED,True,53,True,2415,2415,16388,7214,33,7.0,1.0,9140,2408,,,0.152,0.0212,0.0001,0.12853937300678808,0.0596416257758392,,,0.0,,False,,32,32,32,optimal_lmcut,1.65625,1.65625,8,,2,True,1,,482,UNKNOWN,n8k2h2
H_COUNT,joint,joint_n8k2h2_007,SOLVED,True,30,True,664,664,5262,2444,0,7.0,1.0,2817,664,,,0.06,0.0211,0.0002,0.036989180007367395,0.016743913569371216,,,0.0,,False,,24,24,24,optimal_lmcut,1.25,1.25,8,,2,True,1,,482,UNKNOWN,n8k2h2
H_COUNT,joint,joint_n8k2h2_011,SOLVED,True,26,True,644,644,4423,1470,0,7.0,1.0,2952,636,,,0.06,0.0232,0.0001,0.03499913799169008,0.01625513905310072,,,0.0,,False,,18,18,18,optimal_lmcut,1.4444444444444444,1.4444444444444444,8,,2,False,1,,482,UNKNOWN,n8k2h2
H_COUNT,joint,joint_n8k2h2_015,SOLVED,True,20,True,261,261,1921,715,15,8.0,1.0,1190,261,,,0.039,0.0229,0.0002,0.014437985999393277,0.006667522990028374,,,0.0,,False,,20,20,20,optimal_lmcut,1.0,1.0,8,,2,False,1,,482,UNKNOWN,n8k2h2
H_COUNT,joint,joint_n8k2h4_003,SOLVED,True,58,True,16569,16569,102853,59231,1255,8.0,1.0,42367,16094,,,0.873,0.0217,0.0001,0.8450986860116245,0.3820053510426078,,,0.005,,False,,26,26,26,optimal_lmcut,2.230769230769231,2.230769230769231,8,,4,True,1,,482,UNKNOWN,n8k2h4
H_COUNT,joint,joint_n8k2h4_007,SOLVED,True,45,True,387,387,2411,916,0,8.0,1.0,1492,387,,,0.045,0.0224,0.0001,0.020715595994261093,0.009566751075908542,,,0.0,,False,,27,27,27,optimal_lmcut,1.6666666666666667,1.6666666666666667,8,,4,True,1,,482,UNKNOWN,n8k2h4
H_COUNT,joint,joint_n8k2h4_011,SOLVED,True,14,True,23,23,160,37,0,7.0,1.0,118,23,,,0.03,0.0263,0.0002,0.001438086008420214,0.0007233170181280002,,,0.0,,False,,14,14,14,optimal_lmcut,1.0,1.0,8,,4,False,1,,482,UNKNOWN,n8k2h4
H_COUNT,joint,joint_n8k2h4_015,SOLVED,True,30,True,453,453,2511,967,0,7.0,1.0,1541,453,,,0.047,0.0213,0.0002,0.02329558299970813,0.010888926000916399,,,0.0,,False,,16,16,16,optimal_lmcut,1.875,1.875,8,,4,False,1,,482,UNKNOWN,n8k2h4
H_COUNT,struct,struct_n4_000,SOLVED,True,27,True,171,171,691,371,0,4.0,1.0,319,158,,,0.014,0.0067,0.0,0.006290652003372088,0.0037366789183579385,,,0.0,,False,,18,18,18,exact,1.5,1.5,4,,2,True,1,,130,FALSE,
H_COUNT,struct,struct_n4_001,SOLVED,True,14,True,43,43,173,80,0,3.0,1.0,91,39,,,0.009,0.0062,0.0001,0.0016828849911689758,0.0009948899823939428,,,0.0,,False,,14,14,14,exact,1.0,1.0,4,,2,True,1,,130,TRUE,
H_COUNT,struct,struct_n4_002,SOLVED,True,14,True,70,70,285,146,0,4.0,1.0,138,66,,,0.01,0.0063,0.0,0.0027038410044042394,0.0015792390186106786,,,0.0,,False,,14,14,14,exact,1.0,1.0,4,,2,True,1,,130,FALSE,
H_COUNT,struct,struct_n4_003,SOLVED,True,13,True,28,28,116,47,0,3.0,1.0,69,28,,,0.008,0.0059,0.0001,0.0011857900099130347,0.0007317059498745948,,,0.0,,False,,9,9,9,exact,1.4444444444444444,1.4444444444444444,4,,2,True,1,,130,FALSE,
H_COUNT,struct,struct_n4_004,SOLVED,True,14,True,36,36,163,79,0,4.0,1.0,82,36,,,0.009,0.007,0.0001,0.0015407330065499991,0.0009364389989059418,,,0.0,,False,,14,14,14,exact,1.0,1.0,4,,2,True,1,,130,FALSE,
H_COUNT,struct,struct_n4_005,SOLVED,True,15,True,32,32,127,53,0,4.0,1.0,74,32,,,0.009,0.0065,0.0001,0.0013286820030771196,0.0008025469724088907,,,0.0,,False,,13,13,13,exact,1.1538461538461537,1.1538461538461537,4,,2,True,1,,130,FALSE,
H_COUNT,struct,struct_n4_006,SOLVED,True,34,True,302,302,1210,686,0,4.0,1.0,523,257,,,0.018,0.0067,0.0001,0.010347828007070348,0.005941327995969914,,,0.0,,False,,18,18,18,exact,1.8888888888888888,1.8888888888888888,4,,2,True,1,,130,FALSE,
H_COUNT,struct,struct_n4_007,SOLVED,True,24,True,178,178,691,390,0,3.0,1.0,301,160,,,0.014,0.0064,0.0001,0.006389882997609675,0.003715786093380302,,,0.0,,False,,14,14,14,exact,1.7142857142857142,1.7142857142857142,4,,2,True,1,,130,TRUE,
H_COUNT,struct,struct_n4_008,SOLVED,True,10,True,28,28,109,47,0,4.0,1.0,61,28,,,0.008,0.0063,0.0001,0.0011545430024852976,0.0007098559726728126,,,0.0,,False,,10,10,10,exact,1.0,1.0,4,,2,False,1,,130,FALSE,
H_COUNT,struct,struct_n4_009,SOLVED,True,14,True,44,44,163,77,0,4.0,1.0,86,44,,,0.009,0.0065,0.0001,0.0017934969946509227,0.0010899880289798602,,,0.0,,False,,13,13,13,exact,1.0769230769230769,1.0769230769230769,4,,2,False,1,,130,FALSE,
H_COUNT,struct,struct_n4_010,SOLVED,True,16,True,75,75,262,131,0,4.0,1.0,131,70,,,0.01,0.0068,0.0001,0.0027703149971785024,0.0016666910232743248,,,0.0,,False,,15,15,15,exact,1.0666666666666667,1.0666666666666667,4,,2,False,1,,130,FALSE,
H_COUNT,struct,struct_n4_011,SOLVED,True,22,True,196,196,762,437,0,4.0,1.0,325,175,,,0.014,0.0065,0.0001,0.006806684992625378,0.003938154943170957,,,0.0,,False,,10,10,10,exact,2.2,2.2,4,,2,False,1,,130,FALSE,
H_COUNT,struct,struct_n4_012,SOLVED,True,14,True,43,43,161,74,0,4.0,1.0,87,41,,,0.009,0.0068,0.0,0.0016603179974481463,0.0009829310001805425,,,0.0,,False,,12,12,12,exact,1.1666666666666667,1.1666666666666667,4,,2,False,1,,130,FALSE,
H_COUNT,struct,struct_n4_013,SOLVED,True,4,True,7,7,28,9,0,2.0,1.0,19,7,,,0.008,0.0065,0.0001,0.00035192599170841277,0.0002205679629696533,,,0.0,,False,,4,4,4,exact,1.0,1.0,4,,2,False,1,,130,FALSE,
H_COUNT,struct,struct_n4_014,SOLVED,True,2,True,3,3,10,2,0,1.0,1.0,8,3,,,0.007,0.0064,0.0,0.00019536599575076252,0.00012867599434684962,,,0.0,,False,,2,2,2,exact,1.0,1.0,4,,2,False,1,,130,FALSE,
H_COUNT,struct,struct_n4_015,SOLVED,True,37,True,214,214,833,452,0,3.0,1.0,380,188,,,0.015,0.007,0.0001,0.007475467995391227,0.004266462143277749,,,0.0,,False,,13,13,13,exact,2.8461538461538463,2.8461538461538463,4,,2,False,1,,130,TRUE,
H_COUNT,struct,struct_n5_000,SOLVED,True,16,True,180,180,870,470,12,4.0,1.0,387,174,,,0.018,0.0093,0.0001,0.007217000005766749,0.003977877087891102,,,0.0,,False,,16,16,16,exact,1.0,1.0,5,,3,True,1,,197,FALSE,
H_COUNT,struct,struct_n5_001,SOLVED,True,26,True,181,181,917,511,0,5.0,1.0,406,167,,,0.018,0.0098,0.0001,0.007140403991797939,0.0038577110099140555,,,0.0,,False,,20,20,20,exact,1.3,1.3,5,,3,True,1,,197,FALSE,
H_COUNT,struct,struct_n5_002,SOLVED,True,26,True,150,150,644,315,0,5.0,1.0,329,143,,,0.016,0.0093,0.0001,0.005808406000141986,0.0032678919815225527,,,0.0,,False,,20,20,20,exact,1.3,1.3,5,,3,True,1,,197,FALSE,
H_COUNT,struct,struct_n5_003,SOLVED,True,45,True,443,443,1951,1021,23,5.0,1.0,906,422,,,0.029,0.0097,0.0001,0.017758710993803106,0.009720838032080792,,,0.0,,False,,17,17,17,exact,2.6470588235294117,2.6470588235294117,5,,3,True,1,,197,FALSE,
H_COUNT,struct,struct_n5_004,SOLVED,True,26,True,160,160,730,351,0,4.0,1.0,378,156,,,0.017,0.0093,0.0001,0.006376896999427117,0.0035915279877372086,,,0.0,,False,,18,18,18,exact,1.4444444444444444,1.4444444444444444,5,,3,True,1,,197,FALSE,
H_COUNT,struct,struct_n5_005,SOLVED,True,39,True,370,370,1811,949,7,4.0,1.0,854,360,,,0.026,0.0093,0.0001,0.015217262000078335,0.008377817954169586,,,0.0,,False,,22,22,22,exact,1.7727272727272727,1.7727272727272727,5,,3,True,1,,197,TRUE,
H_COUNT,struct,struct_n5_006,SOLVED,True,28,True,165,165,742,361,6,4.0,1.0,375,162,,,0.017,0.0094,0.0001,0.006555430998560041,0.0036991920496802777,,,0.0,,False,,20,20,20,exact,1.4,1.4,5,,3,True,1,,197,TRUE,
H_COUNT,struct,struct_n5_007,SOLVED,True,20,True,75,75,352,136,0,4.0,1.0,215,75,,,0.013,0.0092,0.0001,0.003268701009801589,0.001846620099968277,,,0.0,,False,,16,16,16,exact,1.25,1.25,5,,3,True,1,,197,TRUE,
H_COUNT,struct,struct_n5_008,SOLVED,True,15,True,30,30,133,51,0,5.0,1.0,81,28,,,0.012,0.0092,0.0001,0.0012928190117236227,0.0007211719930637628,,,0.0,,False,,15,15,15,exact,1.0,1.0,5,,3,False,1,,197,FALSE,
H_COUNT,struct,struct_n5_009,SOLVED,True,20,True,198,198,859,466,9,5.0,1.0,384,182,,,0.018,0.0094,0.0001,0.0074733520013978705,0.004126813902985305,,,0.0,,False,,13,13,13,exact,1.5384615384615385,1.5384615384615385,5,,3,False,1,,197,FALSE,
H_COUNT,struct,struct_n5_010,SOLVED,True,26,True,700,700,3308,1770,39,5.0,1.0,1499,671,,,0.039,0.0094,0.0001,0.02863260700542014,0.015570747316814959,,,0.0,,False,,14,14,14,exact,1.8571428571428572,1.8571428571428572,5,,3,False,1,,197,FALSE,
H_COUNT,struct,struct_n5_011,SOLVED,True,12,True,33,33,140,55,0,4.0,1.0,84,33,,,0.012,0.0091,0.0001,0.0014528109895763919,0.0008305780065711588,,,0.0,,False,,8,8,8,exact,1.5,1.5,5,,3,False,1,,197,FALSE,
H_COUNT,struct,struct_n5_012,SOLVED,True,23,True,213,213,995,495,34,3.0,1.0,466,197,,,0.018,0.0091,0.0001,0.00836102598987054,0.004580072025419213,,,0.0,,False,,15,15,15,exact,1.5333333333333334,1.5333333333333334,5,,3,False,1,,197,TRUE,
H_COUNT,struct,struct_n5_013,SOLVED,True,10,True,29,29,118,49,0,3.0,1.0,68,29,,,0.012,0.0098,0.0001,0.0012411219940986484,0.0007208700117189437,,,0.0,,False,,10,10,10,exact,1.0,1.0,5,,3,False,1,,197,TRUE,
H_COUNT,struct,struct_n5_014,SOLVED,True,14,True,182,182,791,415,15,4.0,1.0,361,166,,,0.018,0.0099,0.0001,0.006965256005059928,0.0038419490592787042,,,0.0,,False,,14,14,14,exact,1.0,1.0,5,,3,False,1,,197,TRUE,
H_COUNT,struct,struct_n5_015,SOLVED,True,22,True,590,590,2788,1513,40,4.0,1.0,1235,553,,,0.035,0.0103,0.0001,0.023445819999324158,0.012742990817059763,,,0.0,,False,,14,14,14,exact,1.5714285714285714,1.5714285714285714,5,,3,False,1,,197,FALSE,
H_WL,ipc,ipc_p01,SOLVED,True,11,True,107,107,668,426,8,3.0,0.0,232,99,,,0.154,0.0076,0.1362,0.009530937997624278,0.007614149042638019,,0.136,0.001,,False,,10,10,10,optimal_lmcut,1.1,1.1,2,,1,True,2,,84,UNKNOWN,
H_WL,ipc,ipc_p03,SOLVED,True,29,True,128,128,1141,459,0,10.0,-1.0,680,128,,,0.269,0.0392,0.1823,0.045991178005351685,0.040337031125091016,,0.181,0.001,,False,,27,27,27,optimal_lmcut,1.0740740740740742,1.0740740740740742,6,,3,True,2,,372,UNKNOWN,
H_WL,ipc,ipc_p05,SOLVED,True,48,True,702,702,6341,3308,65,15.0,-2.0,2966,686,,,0.515,0.1014,0.2506,0.15991839599155355,0.1371645518229343,,0.249,0.002,,False,,,45,45,best_known_lama,,1.0666666666666667,10,,6,True,2,,852,UNKNOWN,
H_WL,ipc,ipc_p07,SOLVED,True,23,True,159,159,1602,615,6,9.0,-1.0,981,159,,,0.278,0.0444,0.1917,0.04022305000398774,0.03513418007059954,,0.19,0.0,,False,,21,21,21,optimal_lmcut,1.0952380952380953,1.0952380952380953,6,,3,True,2,,444,UNKNOWN,
H_WL,ipc,ipc_p09,SOLVED,True,66,True,9284,9284,107161,51483,2504,23.0,-4.0,53171,9284,,,4.597,0.2984,0.4192,3.864258292989689,3.3468737003859133,,0.417,0.03,,False,,,61,74,best_known_lama,,1.0819672131147542,15,,4,True,2,,1902,UNKNOWN,
H_WL,ipc,ipc_p11,SOLVED,True,50,True,1556,1556,28135,14000,18,16.0,-3.0,14112,1556,,,1.47,0.3153,0.4122,0.734282762001385,0.6497624797484605,,0.409,0.0,,False,,,50,60,best_known_lama,,1.0,10,,3,True,2,,1920,UNKNOWN,
H_WL,ipc,ipc_p13,SOLVED,True,25,True,238,238,3718,1971,0,10.0,-1.0,1742,238,,,0.548,0.1664,0.2883,0.08954377900226973,0.07824154895206448,,0.286,0.0,,False,,25,25,25,optimal_lmcut,1.0,1.0,6,,1,True,2,,1056,UNKNOWN,
H_WL,ipc,ipc_p15,NODE_LIMIT,False,,,100000,,1756641,1092225,13429,23.0,0.0,650988,98463,,,56.853,0.729,0.7853,55.22301314600918,47.12365863491141,,0.782,0.372,,False,,,71,78,best_known_lama,,,15,,6,True,2,,4170,UNKNOWN,
H_WL,ipc,ipc_p17,SOLVED,True,34,True,588,588,18402,6532,0,12.0,-2.0,11867,588,,,1.656,0.4126,0.5807,0.6516377930092858,0.6033883542113472,,0.569,0.0,,False,,,25,25,best_known_lama,,1.36,10,,3,True,4,,3098,UNKNOWN,
H_WL,ipc,ipc_p19,NODE_LIMIT,False,,,100000,,3602101,2712778,1517,12.0,2.0,887807,100001,,,53.797,0.3675,0.4792,52.794817811998655,44.59073208284099,,0.476,0.412,,False,,,37,40,best_known_lama,,,8,,3,True,4,,2480,UNKNOWN,
H_WL,ipc,ipc_p21,SOLVED,True,37,True,25037,25037,2025217,1355089,0,12.0,-3.0,670116,25037,,,62.476,1.3904,1.4556,59.49122896300105,53.8809187135048,,1.442,0.237,,False,,,34,34,best_known_lama,,1.088235294117647,10,,1,True,6,,8862,UNKNOWN,
H_WL,ipc,ipc_p02,SOLVED,True,15,True,59,59,459,203,0,5.0,0.0,254,59,,,0.184,0.0193,0.1544,0.009420543996384367,0.008027769028558396,,0.154,0.001,,False,,15,15,15,optimal_lmcut,1.0,1.0,4,,2,True,2,,204,UNKNOWN,
H_WL,ipc,ipc_p04,SOLVED,True,31,True,229,229,2188,832,6,11.0,-2.0,1348,229,,,0.398,0.1259,0.2117,0.05582987600064371,0.04865935200359672,,0.209,0.001,,False,,30,30,30,optimal_lmcut,1.0333333333333334,1.0333333333333334,8,,3,True,2,,588,UNKNOWN,
H_WL,ipc,ipc_p06,SOLVED,True,58,True,593,593,8078,2327,4,21.0,-4.0,5745,593,,,1.015,0.3153,0.3894,0.30358880100538954,0.2742875308613293,,0.387,0.005,,False,,,58,192,best_known_lama,,1.0,15,,6,True,2,,1722,UNKNOWN,
H_WL,ipc,ipc_p08,SOLVED,True,35,True,156,156,1826,537,0,14.0,-2.0,1287,156,,,0.468,0.1215,0.2804,0.062412688988843,0.05528622698329855,,0.278,0.0,,False,,,34,38,best_known_lama,,1.0294117647058822,10,,2,True,2,,972,UNKNOWN,
H_WL,ipc,ipc_p10,SOLVED,True,26,True,337,337,5262,2813,0,8.0,-1.0,2444,337,,,0.487,0.1247,0.2504,0.10762943299778271,0.09326262098329607,,0.249,0.0,,False,,24,24,24,optimal_lmcut,1.0833333333333333,1.0833333333333333,6,,2,True,2,,888,UNKNOWN,
H_WL,ipc,ipc_p12,SOLVED,True,64,True,978,978,19370,8133,0,21.0,-4.0,11232,978,,,2.255,0.841,0.7109,0.68930943099258,0.6192220802040538,,0.707,0.009,,False,,,63,64,best_known_lama,,1.0158730158730158,15,,3,True,2,,3750,UNKNOWN,
H_WL,ipc,ipc_p14,NODE_LIMIT,False,,,100000,,1778431,1190269,32576,7.0,-2.0,555587,100001,,,38.842,0.288,0.4553,38.0068747389887,31.75479265282047,,0.452,0.275,,False,,,32,32,best_known_lama,,,10,,3,True,2,,2200,UNKNOWN,
H_WL,ipc,ipc_p16,SOLVED,True,27,True,689,689,15908,6994,0,9.0,-1.0,8911,689,,,0.936,0.1887,0.3343,0.40747490400099196,0.370911990001332,,0.332,0.0,,False,,,27,27,best_known_lama,,1.0,6,,2,True,4,,1500,UNKNOWN,
H_WL,ipc,ipc_p18,SOLVED,True,61,True,1148,1148,41988,13190,0,23.0,-4.0,28794,1148,,,3.802,0.8024,1.0045,1.9733508600038476,1.8497343909257324,,1.001,0.003,,False,,,61,66,best_known_lama,,1.0,15,,3,True,4,,5808,UNKNOWN,
H_WL,ipc,ipc_p20,NODE_LIMIT,False,,,100000,,3781962,2672133,0,22.0,0.0,1109830,100001,,,96.349,0.8755,1.0494,94.2014596099907,82.28753267739376,,1.044,0.66,,False,,,78,78,best_known_lama,,,15,,3,True,4,,6134,UNKNOWN,
H_WL,ipc,ipc_p22,SOLVED,True,89,True,48652,48652,4451775,2553861,0,29.0,-6.0,1897902,48652,,,232.708,5.2544,3.955,223.03301466201083,205.49821017781505,,3.945,1.405,,False,,,89,124,best_known_lama,,1.0,20,,3,True,6,,22852,UNKNOWN,
H_WL,joint,joint_n6k1h2_000,SOLVED,True,21,True,46,46,241,71,0,10.0,-1.0,167,46,,,0.188,0.0141,0.1651,0.00802870599727612,0.006873836959130131,,0.164,0.001,,False,,19,19,19,exact,1.105263157894737,1.105263157894737,6,,2,True,1,,278,FALSE,n6k1h2
H_WL,joint,joint_n6k1h2_004,SOLVED,True,22,True,37,37,244,52,0,8.0,-1.0,190,37,,,0.187,0.0129,0.1651,0.007863027989515103,0.00685475101636257,,0.164,0.0,,False,,20,20,20,exact,1.1,1.1,6,,2,True,1,,278,FALSE,n6k1h2
H_WL,joint,joint_n6k1h2_008,SOLVED,True,27,True,74,74,461,116,2,8.0,-1.0,341,74,,,0.2,0.0188,0.164,0.01549542100110557,0.013437468092888594,,0.162,0.0,,False,,22,22,22,exact,1.2272727272727273,1.2272727272727273,6,,2,True,1,,278,TRUE,n6k1h2
H_WL,joint,joint_n6k1h2_012,SOLVED,True,14,True,41,41,253,72,0,6.0,-1.0,177,41,,,0.185,0.0129,0.1629,0.007968509991769679,0.0068756620021304116,,0.162,0.0,,False,,10,10,10,exact,1.4,1.4,6,,2,False,1,,278,FALSE,n6k1h2
H_WL,joint,joint_n6k1h4_000,SOLVED,True,26,True,68,68,414,103,2,8.0,-1.0,308,68,,,0.191,0.0128,0.1634,0.01328836199536454,0.011510706986882724,,0.163,0.0,,False,,24,24,24,exact,1.0833333333333333,1.0833333333333333,6,,4,True,1,,278,TRUE,n6k1h4
H_WL,joint,joint_n6k1h4_004,SOLVED,True,15,True,24,24,164,33,0,6.0,-1.0,130,24,,,0.197,0.0129,0.1775,0.005604880003375001,0.004902132917777635,,0.177,0.0,,False,,13,13,13,exact,1.1538461538461537,1.1538461538461537,6,,4,True,1,,278,FALSE,n6k1h4
H_WL,joint,joint_n6k1h4_008,SOLVED,True,26,True,592,592,3126,1630,64,8.0,-1.0,1431,555,,,0.253,0.0128,0.1634,0.07564807598828338,0.06160460281535052,,0.163,0.0,,False,,18,18,18,exact,1.4444444444444444,1.4444444444444444,6,,4,False,1,,278,TRUE,n6k1h4
H_WL,joint,joint_n6k1h4_012,SOLVED,True,23,True,233,233,1373,567,16,8.0,-1.0,787,233,,,0.217,0.0138,0.1636,0.03825501199753489,0.03247382480185479,,0.163,0.0,,False,,16,16,16,exact,1.4375,1.4375,6,,4,False,1,,278,TRUE,n6k1h4
H_WL,joint,joint_n6k2h2_000,SOLVED,True,22,True,40,40,219,53,0,8.0,-1.0,163,40,,,0.185,0.0127,0.1636,0.007205715010059066,0.006147507985588163,,0.163,0.0,,False,,22,22,22,exact,1.0,1.0,6,,2,True,1,,278,FALSE,n6k2h2
H_WL,joint,joint_n6k2h2_004,SOLVED,True,21,True,33,33,221,48,0,10.0,-1.0,171,33,,,0.185,0.0125,0.1642,0.007255374002852477,0.006296005027252249,,0.163,0.0,,False,,21,21,21,exact,1.0,1.0,6,,2,True,1,,278,FALSE,n6k2h2
H_WL,joint,joint_n6k2h2_008,SOLVED,True,21,True,42,42,254,53,0,10.0,-1.0,198,42,,,0.186,0.0129,0.1629,0.008670700000948273,0.007549940957687795,,0.162,0.0,,False,,18,18,18,exact,1.1666666666666667,1.1666666666666667,6,,2,False,1,,278,FALSE,n6k2h2
H_WL,joint,joint_n6k2h2_012,SOLVED,True,16,True,23,23,142,25,0,10.0,-1.0,114,23,,,0.186,0.0148,0.1648,0.0051015329954680055,0.004429354987223633,,0.164,0.0,,False,,16,16,16,exact,1.0,1.0,6,,2,False,1,,278,FALSE,n6k2h2
H_WL,joint,joint_n6k2h4_000,SOLVED,True,36,True,275,275,1477,650,44,10.0,-1.0,782,262,,,0.218,0.0136,0.1647,0.03873636199568864,0.03220636193873361,,0.164,0.0,,False,,22,22,22,exact,1.6363636363636365,1.6363636363636365,6,,4,True,1,,278,FALSE,n6k2h4
H_WL,joint,joint_n6k2h4_004,SOLVED,True,24,True,62,62,321,94,2,10.0,-1.0,224,62,,,0.189,0.0128,0.164,0.010490041997400112,0.008951461015385576,,0.163,0.0,,False,,20,20,20,exact,1.2,1.2,6,,4,True,1,,278,FALSE,n6k2h4
H_WL,joint,joint_n6k2h4_008,SOLVED,True,23,True,79,79,427,145,4,10.0,-1.0,276,78,,,0.191,0.0138,0.1634,0.012898493994725868,0.010945605114102364,,0.163,0.0,,False,,16,16,16,exact,1.4375,1.4375,6,,4,False,1,,278,FALSE,n6k2h4
H_WL,joint,joint_n6k2h4_012,SOLVED,True,23,True,52,52,253,84,0,8.0,-1.0,168,52,,,0.187,0.0138,0.1635,0.008124359999783337,0.006887807961902581,,0.163,0.0,,False,,14,14,14,exact,1.6428571428571428,1.6428571428571428,6,,4,False,1,,278,TRUE,n6k2h4
H_WL,joint,joint_n8k1h2_000,SOLVED,True,23,True,49,49,417,92,0,11.0,-2.0,319,49,,,0.234,0.0215,0.1955,0.015280295003321953,0.013505178023478948,,0.194,0.0,,False,,22,22,22,optimal_lmcut,1.0454545454545454,1.0454545454545454,8,,2,True,1,,482,UNKNOWN,n8k1h2
H_WL,joint,joint_n8k1h2_004,SOLVED,True,20,True,46,46,380,91,0,9.0,-2.0,286,46,,,0.233,0.0215,0.1958,0.014009517995873466,0.012357113024336286,,0.195,0.0,,False,,18,18,18,optimal_lmcut,1.1111111111111112,1.1111111111111112,8,,2,True,1,,482,UNKNOWN,n8k1h2
H_WL,joint,joint_n8k1h2_008,SOLVED,True,19,True,48,48,366,84,0,9.0,-2.0,279,48,,,0.237,0.0231,0.1979,0.01392212399514392,0.012289961057831533,,0.197,0.0,,False,,18,18,18,optimal_lmcut,1.0555555555555556,1.0555555555555556,8,,2,False,1,,482,UNKNOWN,n8k1h2
H_WL,joint,joint_n8k1h2_012,SOLVED,True,20,True,31,31,240,44,0,13.0,-2.0,191,31,,,0.229,0.0229,0.1947,0.009521519998088479,0.008399167010793462,,0.194,0.0,,False,,20,20,20,optimal_lmcut,1.0,1.0,8,,2,False,1,,482,UNKNOWN,n8k1h2
H_WL,joint,joint_n8k1h4_000,SOLVED,True,31,True,100,100,743,164,3,11.0,-2.0,573,100,,,0.249,0.0247,0.1946,0.028058272000635043,0.024727454016101547,,0.193,0.0,,False,,25,25,25,optimal_lmcut,1.24,1.24,8,,4,True,1,,482,UNKNOWN,n8k1h4
H_WL,joint,joint_n8k1h4_004,SOLVED,True,22,True,33,33,241,44,0,11.0,-2.0,191,33,,,0.231,0.0243,0.1955,0.009604277001926675,0.008415072967181914,,0.194,0.0,,False,,20,20,20,optimal_lmcut,1.1,1.1,8,,4,True,1,,482,UNKNOWN,n8k1h4
H_WL,joint,joint_n8k1h4_008,SOLVED,True,24,True,241,241,1818,537,28,9.0,-2.0,1249,235,,,0.281,0.0215,0.1952,0.06259518199658487,0.05469425788032822,,0.194,0.0,,False,,18,18,18,optimal_lmcut,1.3333333333333333,1.3333333333333333,8,,4,False,1,,482,UNKNOWN,n8k1h4
H_WL,joint,joint_n8k1h4_012,SOLVED,True,22,True,43,43,332,62,0,11.0,-2.0,268,43,,,0.234,0.0233,0.1956,0.01333737799723167,0.01181174891826231,,0.194,0.0,,False,,20,20,20,optimal_lmcut,1.1,1.1,8,,4,False,1,,482,UNKNOWN,n8k1h4
H_WL,joint,joint_n8k2h2_000,SOLVED,True,32,True,76,76,644,159,0,13.0,-2.0,484,76,,,0.241,0.0212,0.1951,0.022457081999164075,0.01980508594715502,,0.194,0.0,,False,,25,25,25,optimal_lmcut,1.28,1.28,8,,2,True,1,,482,UNKNOWN,n8k2h2
H_WL,joint,joint_n8k2h2_004,SOLVED,True,34,True,105,105,832,170,4,13.0,-2.0,657,105,,,0.255,0.0231,0.1958,0.0319699959945865,0.0283301389135886,,0.195,0.0,,False,,28,28,28,optimal_lmcut,1.2142857142857142,1.2142857142857142,8,,2,True,1,,482,UNKNOWN,n8k2h2
H_WL,joint,joint_n8k2h2_008,SOLVED,True,25,True,89,89,652,142,1,11.0,-2.0,505,89,,,0.244,0.0216,0.1951,0.025476866998360492,0.022459391970187426,,0.194,0.0,,False,,20,20,20,optimal_lmcut,1.25,1.25,8,,2,False,1,,482,UNKNOWN,n8k2h2
H_WL,joint,joint_n8k2h2_012,SOLVED,True,12,True,19,19,143,26,0,7.0,-2.0,112,19,,,0.226,0.0215,0.1971,0.005720792003558017,0.005028425992350094,,0.196,0.0,,False,,12,12,12,optimal_lmcut,1.0,1.0,8,,2,False,1,,482,UNKNOWN,n8k2h2
H_WL,joint,joint_n8k2h4_000,SOLVED,True,30,True,61,61,502,88,0,13.0,-2.0,413,61,,,0.241,0.0249,0.1951,0.019304381014080718,0.017068485030904412,,0.194,0.0,,False,,30,30,30,optimal_lmcut,1.0,1.0,8,,4,True,1,,482,UNKNOWN,n8k2h4
H_WL,joint,joint_n8k2h4_004,SOLVED,True,29,True,72,72,614,131,0,11.0,-2.0,481,72,,,0.245,0.0256,0.1944,0.022829438996268436,0.020115232007810846,,0.193,0.0,,False,,26,26,26,optimal_lmcut,1.1153846153846154,1.1153846153846154,8,,4,True,1,,482,UNKNOWN,n8k2h4
H_WL,joint,joint_n8k2h4_008,SOLVED,True,33,True,111,111,987,269,0,13.0,-2.0,717,111,,,0.251,0.023,0.1936,0.03287458299018908,0.02899950100982096,,0.192,0.0,,False,,29,29,29,optimal_lmcut,1.1379310344827587,1.1379310344827587,8,,4,True,1,,482,UNKNOWN,n8k2h4
H_WL,joint,joint_n8k2h4_012,SOLVED,True,21,True,51,51,335,81,0,7.0,-2.0,253,51,,,0.233,0.0239,0.1946,0.01295606499479618,0.01129784996737726,,0.193,0.0,,False,,16,16,16,optimal_lmcut,1.3125,1.3125,8,,4,False,1,,482,UNKNOWN,n8k2h4
H_WL,joint,joint_n6k1h2_001,SOLVED,True,14,True,29,29,176,38,0,6.0,-1.0,134,29,,,0.184,0.0132,0.1635,0.006227265999768861,0.005455357008031569,,0.163,0.001,,False,,10,10,10,exact,1.4,1.4,6,,2,False,1,,278,FALSE,n6k1h2
H_WL,joint,joint_n6k1h2_005,SOLVED,True,24,True,42,42,270,56,0,10.0,-1.0,211,42,,,0.187,0.0127,0.1639,0.009071401000255719,0.00793094099208247,,0.163,0.0,,False,,22,22,22,exact,1.0909090909090908,1.0909090909090908,6,,2,True,1,,278,FALSE,n6k1h2
H_WL,joint,joint_n6k1h2_009,SOLVED,True,14,True,41,41,255,67,0,6.0,-1.0,187,41,,,0.187,0.0131,0.1642,0.008340346001205035,0.007276368065504357,,0.163,0.0,,False,,10,10,10,exact,1.4,1.4,6,,2,False,1,,278,FALSE,n6k1h2
H_WL,joint,joint_n6k1h2_013,SOLVED,True,16,True,21,21,135,24,0,10.0,-1.0,110,21,,,0.183,0.0127,0.1642,0.004841699003009126,0.004249612000421621,,0.163,0.0,,False,,16,16,16,exact,1.0,1.0,6,,2,False,1,,278,FALSE,n6k1h2
H_WL,joint,joint_n6k1h4_001,SOLVED,True,24,True,48,48,311,63,0,10.0,-1.0,246,48,,,0.187,0.0127,0.1632,0.010197796000284143,0.008935374964494258,,0.162,0.0,,False,,22,22,22,exact,1.0909090909090908,1.0909090909090908,6,,4,True,1,,278,FALSE,n6k1h4
H_WL,joint,joint_n6k1h4_005,SOLVED,True,27,True,319,319,1737,827,39,10.0,-1.0,869,304,,,0.225,0.0129,0.1653,0.045074762994772755,0.037426548049552366,,0.164,0.0,,False,,21,21,21,exact,1.2857142857142858,1.2857142857142858,6,,4,True,1,,278,FALSE,n6k1h4
H_WL,joint,joint_n6k1h4_009,SOLVED,True,24,True,249,249,1467,608,16,8.0,-1.0,841,248,,,0.219,0.013,0.1634,0.041020717995706946,0.03467105205345433,,0.162,0.0,,False,,14,14,14,exact,1.7142857142857142,1.7142857142857142,6,,4,False,1,,278,FALSE,n6k1h4
H_WL,joint,joint_n6k1h4_013,SOLVED,True,12,True,19,19,107,22,0,6.0,-1.0,84,19,,,0.188,0.0185,0.164,0.003941192990168929,0.003409083030419424,,0.163,0.0,,False,,10,10,10,exact,1.2,1.2,6,,4,False,1,,278,FALSE,n6k1h4
H_WL,joint,joint_n6k2h2_001,SOLVED,True,26,True,64,64,343,93,2,10.0,-1.0,246,64,,,0.19,0.0138,0.1635,0.01136529199720826,0.009759435983141884,,0.163,0.0,,False,,22,22,22,exact,1.1818181818181819,1.1818181818181819,6,,2,True,1,,278,FALSE,n6k2h2
H_WL,joint,joint_n6k2h2_005,SOLVED,True,17,True,28,28,182,38,0,8.0,-1.0,140,28,,,0.204,0.013,0.184,0.00612967400229536,0.0053497590706683695,,0.183,0.0,,False,,15,15,15,exact,1.1333333333333333,1.1333333333333333,6,,2,True,1,,278,FALSE,n6k2h2
H_WL,joint,joint_n6k2h2_009,SOLVED,True,16,True,29,29,158,41,0,6.0,-1.0,114,29,,,0.184,0.0128,0.165,0.005336046990123577,0.004579721033223905,,0.164,0.0,,False,,14,14,14,exact,1.1428571428571428,1.1428571428571428,6,,2,False,1,,278,FALSE,n6k2h2
H_WL,joint,joint_n6k2h2_013,SOLVED,True,20,True,39,39,236,50,0,10.0,-1.0,182,39,,,0.188,0.0132,0.1649,0.008573731000069529,0.00749556599475909,,0.164,0.0,,False,,18,18,18,exact,1.1111111111111112,1.1111111111111112,6,,2,False,1,,278,FALSE,n6k2h2
H_WL,joint,joint_n6k2h4_001,SOLVED,True,24,True,115,115,542,186,5,8.0,-1.0,350,113,,,0.2,0.0127,0.1658,0.01981489699392114,0.016943446986260824,,0.165,0.0,,False,,20,20,20,exact,1.2,1.2,6,,4,True,1,,278,FALSE,n6k2h4
H_WL,joint,joint_n6k2h4_005,SOLVED,True,25,True,63,63,324,96,2,8.0,-1.0,225,63,,,0.19,0.0127,0.165,0.010613222999381833,0.009071215012227185,,0.164,0.0,,False,,18,18,18,exact,1.3888888888888888,1.3888888888888888,6,,4,True,1,,278,FALSE,n6k2h4
H_WL,joint,joint_n6k2h4_009,SOLVED,True,24,True,142,142,737,258,5,8.0,-1.0,472,142,,,0.203,0.0145,0.1633,0.023463255987735465,0.019926561872125603,,0.162,0.0,,False,,16,16,16,exact,1.5,1.5,6,,4,False,1,,278,TRUE,n6k2h4
H_WL,joint,joint_n6k2h4_013,SOLVED,True,16,True,28,28,153,36,0,8.0,-1.0,115,28,,,0.186,0.0145,0.1649,0.005435750004835427,0.0047057949705049396,,0.164,0.0,,False,,14,14,14,exact,1.1428571428571428,1.1428571428571428,6,,4,False,1,,278,TRUE,n6k2h4
H_WL,joint,joint_n8k1h2_001,SOLVED,True,21,True,35,35,280,46,0,11.0,-2.0,233,35,,,0.233,0.0232,0.197,0.011399929004255682,0.01014462803141214,,0.196,0.0,,False,,21,21,21,optimal_lmcut,1.0,1.0,8,,2,True,1,,482,UNKNOWN,n8k1h2
H_WL,joint,joint_n8k1h2_005,SOLVED,True,33,True,86,86,797,178,0,13.0,-2.0,615,86,,,0.254,0.0216,0.2007,0.02942582000105176,0.026173485995968804,,0.199,0.0,,False,,30,30,30,optimal_lmcut,1.1,1.1,8,,2,True,1,,482,UNKNOWN,n8k1h2
H_WL,joint,joint_n8k1h2_009,SOLVED,True,22,True,34,34,279,45,0,11.0,-2.0,227,34,,,0.233,0.0233,0.1966,0.011217617997317575,0.010008008946897462,,0.195,0.0,,False,,18,18,18,optimal_lmcut,1.2222222222222223,1.2222222222222223,8,,2,False,1,,482,UNKNOWN,n8k1h2
H_WL,joint,joint_n8k1h2_013,SOLVED,True,21,True,38,38,322,56,0,11.0,-2.0,260,38,,,0.236,0.0234,0.1978,0.01300371199613437,0.01162741004372947,,0.197,0.0,,False,,18,18,18,optimal_lmcut,1.1666666666666667,1.1666666666666667,8,,2,False,1,,482,UNKNOWN,n8k1h2
H_WL,joint,joint_n8k1h4_001,SOLVED,True,44,True,2045,2045,14299,6790,516,11.0,-2.0,6990,1935,,,0.624,0.0238,0.1958,0.40215950200217776,0.335379496726091,,0.195,0.004,,False,,34,34,34,optimal_lmcut,1.2941176470588236,1.2941176470588236,8,,4,True,1,,482,UNKNOWN,n8k1h4
H_WL,joint,joint_n8k1h4_005,SOLVED,True,37,True,298,298,2286,797,42,13.0,-2.0,1446,280,,,0.38,0.041,0.1979,0.13752542200381868,0.1188852521154331,,0.196,0.0,,False,,30,30,30,optimal_lmcut,1.2333333333333334,1.2333333333333334,8,,4,True,1,,482,UNKNOWN,n8k1h4
H_WL,joint,joint_n8k1h4_009,SOLVED,True,22,True,62,62,375,100,1,13.0,-2.0,267,62,,,0.239,0.0239,0.1979,0.015344643994467333,0.013300368926138617,,0.197,0.0,,False,,16,16,16,optimal_lmcut,1.375,1.375,8,,4,False,1,,482,UNKNOWN,n8k1h4
H_WL,joint,joint_n8k1h4_013,SOLVED,True,31,True,126,126,925,219,8,13.0,-2.0,693,126,,,0.264,0.0282,0.1971,0.036696940995170735,0.032157419962459244,,0.195,0.0,,False,,20,20,20,optimal_lmcut,1.55,1.55,8,,4,False,1,,482,UNKNOWN,n8k1h4
H_WL,joint,joint_n8k2h2_001,SOLVED,True,30,True,104,104,836,195,2,11.0,-2.0,636,104,,,0.253,0.0222,0.197,0.032040456993854605,0.02829422795912251,,0.196,0.0,,False,,22,22,22,optimal_lmcut,1.3636363636363635,1.3636363636363635,8,,2,True,1,,482,UNKNOWN,n8k2h2
H_WL,joint,joint_n8k2h2_005,SOLVED,True,35,True,100,100,911,246,0,13.0,-2.0,663,100,,,0.253,0.0233,0.1963,0.03130471799522638,0.027702898980351165,,0.195,0.0,,False,,30,30,30,optimal_lmcut,1.1666666666666667,1.1666666666666667,8,,2,True,1,,482,UNKNOWN,n8k2h2
H_WL,joint,joint_n8k2h2_009,SOLVED,True,20,True,32,32,240,43,0,11.0,-2.0,192,32,,,0.231,0.0233,0.1963,0.009791895994567312,0.008665157001814805,,0.195,0.0,,False,,18,18,18,optimal_lmcut,1.1111111111111112,1.1111111111111112,8,,2,False,1,,482,UNKNOWN,n8k2h2
H_WL,joint,joint_n8k2h2_013,SOLVED,True,23,True,40,40,343,55,0,11.0,-2.0,282,40,,,0.233,0.0216,0.1953,0.013989419996505603,0.012531793967355043,,0.194,0.0,,False,,20,20,20,optimal_lmcut,1.15,1.15,8,,2,False,1,,482,UNKNOWN,n8k2h2
H_WL,joint,joint_n8k2h4_001,SOLVED,True,29,True,70,70,543,115,0,11.0,-2.0,425,70,,,0.243,0.0234,0.1961,0.021679678990039974,0.019123341073282063,,0.195,0.0,,False,,25,25,25,optimal_lmcut,1.16,1.16,8,,4,True,1,,482,UNKNOWN,n8k2h4
H_WL,joint,joint_n8k2h4_005,SOLVED,True,22,True,314,314,1857,698,30,11.0,-2.0,1126,314,,,0.286,0.0215,0.1983,0.06407896500604693,0.054540036027901806,,0.197,0.0,,False,,16,16,16,optimal_lmcut,1.375,1.375,8,,4,False,1,,482,UNKNOWN,n8k2h4
H_WL,joint,joint_n8k2h4_009,SOLVED,True,31,True,131,131,912,251,2,13.0,-2.0,655,131,,,0.262,0.0261,0.1994,0.03426986599515658,0.03007623497978784,,0.198,0.0,,False,,22,22,22,optimal_lmcut,1.4090909090909092,1.4090909090909092,8,,4,False,1,,482,UNKNOWN,n8k2h4
H_WL,joint,joint_n8k2h4_013,SOLVED,True,27,True,1272,1272,8273,2977,46,11.0,-2.0,5247,1269,,,0.511,0.0235,0.1955,0.2895267809944926,0.2481850977492286,,0.194,0.0,,False,,18,18,18,optimal_lmcut,1.5,1.5,8,,4,False,1,,482,UNKNOWN,n8k2h4
H_WL,joint,joint_n6k1h2_002,SOLVED,True,24,True,39,39,232,52,0,10.0,-1.0,177,39,,,0.188,0.0139,0.1651,0.007841516999178566,0.0067950650554848835,,0.164,0.001,,False,,20,20,20,exact,1.2,1.2,6,,2,True,1,,278,FALSE,n6k1h2
H_WL,joint,joint_n6k1h2_006,SOLVED,True,24,True,44,44,257,57,0,10.0,-1.0,197,44,,,0.189,0.0137,0.1658,0.008621032000519335,0.007439813009114005,,0.165,0.0,,False,,22,22,22,exact,1.0909090909090908,1.0909090909090908,6,,2,True,1,,278,FALSE,n6k1h2
H_WL,joint,joint_n6k1h2_010,SOLVED,True,19,True,32,32,210,39,0,10.0,-1.0,166,32,,,0.188,0.0141,0.1656,0.007236427991301753,0.006320204047369771,,0.164,0.0,,False,,16,16,16,exact,1.1875,1.1875,6,,2,False,1,,278,FALSE,n6k1h2
H_WL,joint,joint_n6k1h2_014,SOLVED,True,15,True,38,38,242,69,0,6.0,-1.0,168,38,,,0.187,0.0131,0.1649,0.007447629002854228,0.0064530089584877715,,0.164,0.0,,False,,10,10,10,exact,1.5,1.5,6,,2,False,1,,278,FALSE,n6k1h2
H_WL,joint,joint_n6k1h4_002,SOLVED,True,29,True,194,194,975,409,36,10.0,-1.0,528,186,,,0.206,0.0129,0.1647,0.027026878990000114,0.022566601110156626,,0.164,0.0,,False,,22,22,22,exact,1.3181818181818181,1.3181818181818181,6,,4,True,1,,278,FALSE,n6k1h4
H_WL,joint,joint_n6k1h4_006,SOLVED,True,18,True,29,29,186,38,0,6.0,-1.0,146,29,,,0.186,0.0138,0.1652,0.00616233900655061,0.005352707012207247,,0.164,0.0,,False,,16,16,16,exact,1.125,1.125,6,,4,True,1,,278,FALSE,n6k1h4
H_WL,joint,joint_n6k1h4_010,SOLVED,True,22,True,34,34,201,45,0,10.0,-1.0,153,34,,,0.186,0.0142,0.1643,0.006779332994483411,0.005831959002534859,,0.163,0.0,,False,,21,21,21,exact,1.0476190476190477,1.0476190476190477,6,,4,False,1,,278,FALSE,n6k1h4
H_WL,joint,joint_n6k1h4_014,SOLVED,True,20,True,45,45,242,69,0,10.0,-1.0,171,45,,,0.188,0.0137,0.1656,0.007889258005889133,0.006728496970026754,,0.165,0.0,,False,,14,14,14,exact,1.4285714285714286,1.4285714285714286,6,,4,False,1,,278,FALSE,n6k1h4
H_WL,joint,joint_n6k2h2_002,SOLVED,True,26,True,47,47,281,62,0,10.0,-1.0,216,47,,,0.189,0.0127,0.1654,0.009126525008468889,0.007865391962695867,,0.164,0.0,,False,,20,20,20,exact,1.3,1.3,6,,2,True,1,,278,FALSE,n6k2h2
H_WL,joint,joint_n6k2h2_006,SOLVED,True,26,True,48,48,281,73,0,10.0,-1.0,206,48,,,0.189,0.0127,0.1657,0.009321603007265367,0.008044157963013276,,0.165,0.0,,False,,24,24,24,exact,1.0833333333333333,1.0833333333333333,6,,2,True,1,,278,FALSE,n6k2h2
H_WL,joint,joint_n6k2h2_010,SOLVED,True,14,True,16,16,88,16,0,10.0,-1.0,68,16,,,0.185,0.015,0.1659,0.0032095360074890777,0.0027571669779717922,,0.165,0.0,,False,,14,14,14,exact,1.0,1.0,6,,2,False,1,,278,FALSE,n6k2h2
H_WL,joint,joint_n6k2h2_014,SOLVED,True,20,True,70,70,399,121,2,8.0,-1.0,273,68,,,0.206,0.013,0.1719,0.020066668002982624,0.017240018016309477,,0.171,0.0,,False,,14,14,14,exact,1.4285714285714286,1.4285714285714286,6,,2,False,1,,278,FALSE,n6k2h2
H_WL,joint,joint_n6k2h4_002,SOLVED,True,28,True,102,102,505,172,5,10.0,-1.0,327,102,,,0.195,0.0137,0.164,0.015508351003518328,0.013110459971358068,,0.163,0.0,,False,,22,22,22,exact,1.2727272727272727,1.2727272727272727,6,,4,True,1,,278,FALSE,n6k2h4
H_WL,joint,joint_n6k2h4_006,SOLVED,True,22,True,41,41,234,54,0,10.0,-1.0,179,41,,,0.188,0.0135,0.1649,0.00793956899724435,0.006803312979172915,,0.164,0.0,,False,,22,22,22,exact,1.0,1.0,6,,4,True,1,,278,FALSE,n6k2h4
H_WL,joint,joint_n6k2h4_010,SOLVED,True,22,True,76,76,406,137,3,10.0,-1.0,265,75,,,0.194,0.0137,0.1666,0.012552793006761931,0.010638987965648994,,0.166,0.0,,False,,18,18,18,exact,1.2222222222222223,1.2222222222222223,6,,4,False,1,,278,FALSE,n6k2h4
H_WL,joint,joint_n6k2h4_014,SOLVED,True,10,True,16,16,66,20,0,4.0,-1.0,44,16,,,0.181,0.0136,0.1642,0.002367754001170397,0.0019696929957717657,,0.163,0.0,,False,,10,10,10,exact,1.0,1.0,6,,4,False,1,,278,TRUE,n6k2h4
H_WL,joint,joint_n8k1h2_002,SOLVED,True,22,True,39,39,324,56,0,9.0,-2.0,264,39,,,0.237,0.0235,0.1989,0.012503291000030003,0.011105480007245205,,0.198,0.0,,False,,22,22,22,optimal_lmcut,1.0,1.0,8,,2,True,1,,482,UNKNOWN,n8k1h2
H_WL,joint,joint_n8k1h2_006,SOLVED,True,26,True,43,43,339,57,0,13.0,-2.0,279,43,,,0.237,0.0231,0.1986,0.013556132005760446,0.012006704972009175,,0.197,0.0,,False,,24,24,24,optimal_lmcut,1.0833333333333333,1.0833333333333333,8,,2,True,1,,482,UNKNOWN,n8k1h2
H_WL,joint,joint_n8k1h2_010,SOLVED,True,22,True,33,33,262,47,0,13.0,-2.0,213,33,,,0.235,0.0237,0.1988,0.010533382999710739,0.009296368036302738,,0.198,0.0,,False,,18,18,18,optimal_lmcut,1.2222222222222223,1.2222222222222223,8,,2,False,1,,482,UNKNOWN,n8k1h2
H_WL,joint,joint_n8k1h2_014,SOLVED,True,16,True,25,25,179,37,0,11.0,-2.0,138,25,,,0.231,0.0245,0.1975,0.007248508991324343,0.0063196539849741384,,0.196,0.0,,False,,16,16,16,optimal_lmcut,1.0,1.0,8,,2,False,1,,482,UNKNOWN,n8k1h2
H_WL,joint,joint_n8k1h4_002,SOLVED,True,31,True,76,76,683,136,0,11.0,-2.0,545,76,,,0.244,0.0212,0.1969,0.024546519009163603,0.021618609971483238,,0.196,0.0,,False,,30,30,30,optimal_lmcut,1.0333333333333334,1.0333333333333334,8,,4,True,1,,482,UNKNOWN,n8k1h4
H_WL,joint,joint_n8k1h4_006,SOLVED,True,29,True,73,73,653,128,0,11.0,-2.0,524,73,,,0.244,0.0216,0.1968,0.023898209998151287,0.021122657912201248,,0.196,0.0,,False,,26,26,26,optimal_lmcut,1.1153846153846154,1.1153846153846154,8,,4,True,1,,482,UNKNOWN,n8k1h4
H_WL,joint,joint_n8k1h4_010,SOLVED,True,28,True,405,405,3103,1068,53,13.0,-2.0,1976,400,,,0.323,0.0218,0.1974,0.10206516800099052,0.08807014796184376,,0.196,0.001,,False,,18,18,18,optimal_lmcut,1.5555555555555556,1.5555555555555556,8,,4,False,1,,482,UNKNOWN,n8k1h4
H_WL,joint,joint_n8k1h4_014,SOLVED,True,22,True,157,157,1044,358,11,11.0,-2.0,672,149,,,0.257,0.0213,0.1984,0.03558349599188659,0.030602166909375228,,0.197,0.0,,False,,18,18,18,optimal_lmcut,1.2222222222222223,1.2222222222222223,8,,4,False,1,,482,UNKNOWN,n8k1h4
H_WL,joint,joint_n8k2h2_002,SOLVED,True,29,True,69,69,586,142,0,13.0,-2.0,441,69,,,0.242,0.0215,0.1975,0.021110189001774415,0.01855729597446043,,0.196,0.0,,False,,26,26,26,optimal_lmcut,1.1153846153846154,1.1153846153846154,8,,2,True,1,,482,UNKNOWN,n8k2h2
H_WL,joint,joint_n8k2h2_006,SOLVED,True,23,True,39,39,337,59,0,13.0,-2.0,276,39,,,0.235,0.0219,0.1977,0.013174968000384979,0.011647892999462783,,0.196,0.0,,False,,23,23,23,optimal_lmcut,1.0,1.0,8,,2,True,1,,482,UNKNOWN,n8k2h2
H_WL,joint,joint_n8k2h2_010,SOLVED,True,18,True,29,29,241,46,0,9.0,-2.0,194,29,,,0.233,0.0234,0.198,0.009485302012762986,0.008362635984667577,,0.197,0.0,,False,,16,16,16,optimal_lmcut,1.125,1.125,8,,2,False,1,,482,UNKNOWN,n8k2h2
H_WL,joint,joint_n8k2h2_014,SOLVED,True,24,True,86,86,643,143,7,11.0,-2.0,487,86,,,0.245,0.0219,0.1971,0.024275433999719098,0.021192227985011414,,0.196,0.0,,False,,14,14,14,optimal_lmcut,1.7142857142857142,1.7142857142857142,8,,2,False,1,,482,UNKNOWN,n8k2h2
H_WL,joint,joint_n8k2h4_002,SOLVED,True,37,True,410,410,2513,1060,75,13.0,-2.0,1377,388,,,0.302,0.0244,0.1965,0.07901919099094812,0.06620536791160703,,0.195,0.0,,False,,28,28,28,optimal_lmcut,1.3214285714285714,1.3214285714285714,8,,4,True,1,,482,UNKNOWN,n8k2h4
H_WL,joint,joint_n8k2h4_006,SOLVED,True,42,True,777,777,5363,2050,94,11.0,-2.0,3218,777,,,0.395,0.0235,0.1978,0.17186068498995155,0.14656854911299888,,0.197,0.001,,False,,28,28,28,optimal_lmcut,1.5,1.5,8,,4,True,1,,482,UNKNOWN,n8k2h4
H_WL,joint,joint_n8k2h4_010,SOLVED,True,27,True,120,120,719,206,2,11.0,-2.0,508,120,,,0.248,0.0212,0.1974,0.02742111800762359,0.02340439087129198,,0.196,0.0,,False,,22,22,22,optimal_lmcut,1.2272727272727273,1.2272727272727273,8,,4,False,1,,482,UNKNOWN,n8k2h4
H_WL,joint,joint_n8k2h4_014,SOLVED,True,24,True,81,81,525,143,1,11.0,-2.0,378,81,,,0.241,0.0216,0.1974,0.020024949990329333,0.01715154098928906,,0.196,0.0,,False,,20,20,20,optimal_lmcut,1.2,1.2,8,,4,False,1,,482,UNKNOWN,n8k2h4
H_WL,joint,joint_n6k1h2_003,SOLVED,True,15,True,19,19,105,20,0,8.0,-1.0,83,19,,,0.186,0.0147,0.166,0.004175666996161453,0.0036057400138815865,,0.165,0.001,,False,,15,15,15,exact,1.0,1.0,6,,2,True,1,,278,FALSE,n6k1h2
H_WL,joint,joint_n6k1h2_007,SOLVED,True,26,True,50,50,298,63,0,10.0,-1.0,233,50,,,0.191,0.0135,0.166,0.009879001008812338,0.00856558200030122,,0.165,0.0,,False,,24,24,24,exact,1.0833333333333333,1.0833333333333333,6,,2,True,1,,278,FALSE,n6k1h2
H_WL,joint,joint_n6k1h2_011,SOLVED,True,15,True,18,18,106,21,0,10.0,-1.0,81,18,,,0.183,0.0134,0.1642,0.003928215010091662,0.003402753034606576,,0.163,0.0,,False,,14,14,14,exact,1.0714285714285714,1.0714285714285714,6,,2,False,1,,278,FALSE,n6k1h2
H_WL,joint,joint_n6k1h2_015,SOLVED,True,8,True,9,9,56,7,0,6.0,-1.0,45,9,,,0.191,0.022,0.1652,0.0021581569890258834,0.0018483610037947074,,0.164,0.0,,False,,8,8,8,exact,1.0,1.0,6,,2,False,1,,278,FALSE,n6k1h2
H_WL,joint,joint_n6k1h4_003,SOLVED,True,28,True,124,124,608,243,14,10.0,-1.0,348,118,,,0.198,0.0138,0.1653,0.01720467999984976,0.014385179922101088,,0.164,0.0,,False,,22,22,22,exact,1.2727272727272727,1.2727272727272727,6,,4,True,1,,278,FALSE,n6k1h4
H_WL,joint,joint_n6k1h4_007,SOLVED,True,30,True,77,77,446,114,2,10.0,-1.0,329,77,,,0.206,0.0234,0.1662,0.014552096006809734,0.012625940042198636,,0.165,0.0,,False,,26,26,26,exact,1.1538461538461537,1.1538461538461537,6,,4,True,1,,278,FALSE,n6k1h4
H_WL,joint,joint_n6k1h4_011,SOLVED,True,16,True,127,127,675,231,3,6.0,-1.0,440,127,,,0.199,0.013,0.1639,0.020986642004572786,0.01788292298442684,,0.163,0.0,,False,,14,14,14,exact,1.1428571428571428,1.1428571428571428,6,,4,False,1,,278,TRUE,n6k1h4
H_WL,joint,joint_n6k1h4_015,SOLVED,True,16,True,109,109,616,208,0,6.0,-1.0,406,109,,,0.201,0.0138,0.1669,0.019185511002433486,0.01627544400980696,,0.166,0.0,,False,,12,12,12,exact,1.3333333333333333,1.3333333333333333,6,,4,False,1,,278,TRUE,n6k1h4
H_WL,joint,joint_n6k2h2_003,SOLVED,True,22,True,38,38,255,57,0,10.0,-1.0,195,38,,,0.189,0.0129,0.1664,0.008297145992401056,0.007237610960146412,,0.165,0.0,,False,,22,22,22,exact,1.0,1.0,6,,2,True,1,,278,FALSE,n6k2h2
H_WL,joint,joint_n6k2h2_007,SOLVED,True,26,True,77,77,442,114,2,10.0,-1.0,323,77,,,0.196,0.0127,0.1672,0.014363371999934316,0.012391059019137174,,0.166,0.0,,False,,24,24,24,exact,1.0833333333333333,1.0833333333333333,6,,2,True,1,,278,FALSE,n6k2h2
H_WL,joint,joint_n6k2h2_011,SOLVED,True,14,True,27,27,161,35,0,8.0,-1.0,123,27,,,0.187,0.0137,0.1666,0.00560708501143381,0.004875608006841503,,0.166,0.0,,False,,10,10,10,exact,1.4,1.4,6,,2,False,1,,278,FALSE,n6k2h2
H_WL,joint,joint_n6k2h2_015,SOLVED,True,23,True,74,74,399,114,2,10.0,-1.0,281,74,,,0.194,0.0131,0.1659,0.013512420002371073,0.011613615060923621,,0.165,0.0,,False,,14,14,14,exact,1.6428571428571428,1.6428571428571428,6,,2,False,1,,278,FALSE,n6k2h2
H_WL,joint,joint_n6k2h4_003,SOLVED,True,18,True,30,30,181,42,0,8.0,-1.0,138,30,,,0.186,0.0131,0.1659,0.006124751991592348,0.005290120010613464,,0.165,0.0,,False,,16,16,16,exact,1.125,1.125,6,,4,True,1,,278,FALSE,n6k2h4
H_WL,joint,joint_n6k2h4_007,SOLVED,True,28,True,63,63,312,91,2,10.0,-1.0,218,63,,,0.189,0.0125,0.1646,0.01035928400233388,0.008824287098832428,,0.164,0.0,,False,,22,22,22,exact,1.2727272727272727,1.2727272727272727,6,,4,True,1,,278,FALSE,n6k2h4
H_WL,joint,joint_n6k2h4_011,SOLVED,True,22,True,304,304,1644,689,46,10.0,-1.0,907,300,,,0.228,0.0127,0.1677,0.045723165007075295,0.03837074409238994,,0.167,0.0,,False,,14,14,14,exact,1.5714285714285714,1.5714285714285714,6,,4,False,1,,278,FALSE,n6k2h4
H_WL,joint,joint_n6k2h4_015,SOLVED,True,18,True,84,84,423,151,0,8.0,-1.0,271,84,,,0.194,0.0138,0.1659,0.013221037006587721,0.01115999296598602,,0.165,0.0,,False,,14,14,14,exact,1.2857142857142858,1.2857142857142858,6,,4,False,1,,278,FALSE,n6k2h4
H_WL,joint,joint_n8k1h2_003,SOLVED,True,24,True,56,56,495,109,0,9.0,-2.0,381,56,,,0.241,0.0217,0.1994,0.018270925007527694,0.016025368007831275,,0.198,0.0,,False,,22,22,22,optimal_lmcut,1.0909090909090908,1.0909090909090908,8,,2,True,1,,482,UNKNOWN,n8k1h2
H_WL,joint,joint_n8k1h2_007,SOLVED,True,33,True,75,75,698,135,0,13.0,-2.0,558,75,,,0.248,0.0223,0.1988,0.025244539996492676,0.022472189972177148,,0.198,0.0,,False,,24,24,24,optimal_lmcut,1.375,1.375,8,,2,True,1,,482,UNKNOWN,n8k1h2
H_WL,joint,joint_n8k1h2_011,SOLVED,True,20,True,31,31,251,42,0,11.0,-2.0,202,31,,,0.235,0.0248,0.1982,0.009970488987164572,0.008821749972412363,,0.197,0.0,,False,,16,16,16,optimal_lmcut,1.25,1.25,8,,2,False,1,,482,UNKNOWN,n8k1h2
H_WL,joint,joint_n8k1h2_015,SOLVED,True,23,True,46,46,370,75,0,13.0,-2.0,294,46,,,0.239,0.0234,0.1997,0.014469720990746282,0.012825121928472072,,0.198,0.0,,False,,20,20,20,optimal_lmcut,1.15,1.15,8,,2,False,1,,482,UNKNOWN,n8k1h2
H_WL,joint,joint_n8k1h4_003,SOLVED,True,25,True,44,44,347,57,0,13.0,-2.0,289,44,,,0.233,0.0215,0.1963,0.013752209997619502,0.012166103027993813,,0.195,0.0,,False,,25,25,25,optimal_lmcut,1.0,1.0,8,,4,True,1,,482,UNKNOWN,n8k1h4
H_WL,joint,joint_n8k1h4_007,SOLVED,True,28,True,1082,1082,6409,3023,87,9.0,-2.0,3297,1062,,,0.426,0.0282,0.2006,0.1952669930033153,0.16185399575624615,,0.199,0.001,,False,,26,26,26,optimal_lmcut,1.0769230769230769,1.0769230769230769,8,,4,True,1,,482,UNKNOWN,n8k1h4
H_WL,joint,joint_n8k1h4_011,SOLVED,True,25,True,74,74,516,119,1,11.0,-2.0,393,74,,,0.241,0.0214,0.1978,0.020243570994352922,0.017589509006938897,,0.197,0.0,,False,,18,18,18,optimal_lmcut,1.3888888888888888,1.3888888888888888,8,,4,False,1,,482,UNKNOWN,n8k1h4
H_WL,joint,joint_n8k1h4_015,SOLVED,True,22,True,34,34,250,47,0,13.0,-2.0,202,34,,,0.236,0.0235,0.2005,0.010373657991294749,0.009113535023061559,,0.199,0.0,,False,,20,20,20,optimal_lmcut,1.1,1.1,8,,4,False,1,,482,UNKNOWN,n8k1h4
H_WL,joint,joint_n8k2h2_003,SOLVED,True,35,True,138,138,1103,277,4,11.0,-2.0,821,138,,,0.263,0.0214,0.1986,0.040686256004846655,0.035781180136837065,,0.197,0.0,,False,,32,32,32,optimal_lmcut,1.09375,1.09375,8,,2,True,1,,482,UNKNOWN,n8k2h2
H_WL,joint,joint_n8k2h2_007,SOLVED,True,26,True,63,63,557,126,0,11.0,-2.0,428,63,,,0.241,0.0216,0.1976,0.020391298006870784,0.01791508396854624,,0.196,0.0,,False,,24,24,24,optimal_lmcut,1.0833333333333333,1.0833333333333333,8,,2,True,1,,482,UNKNOWN,n8k2h2
H_WL,joint,joint_n8k2h2_011,SOLVED,True,23,True,83,83,667,160,1,11.0,-2.0,503,82,,,0.251,0.0237,0.1999,0.025052272001630627,0.022121575035271235,,0.199,0.0,,False,,18,18,18,optimal_lmcut,1.2777777777777777,1.2777777777777777,8,,2,False,1,,482,UNKNOWN,n8k2h2
H_WL,joint,joint_n8k2h2_015,SOLVED,True,21,True,31,31,228,44,0,13.0,-2.0,179,31,,,0.232,0.0233,0.1977,0.009188231997541152,0.008091463023447432,,0.196,0.0,,False,,20,20,20,optimal_lmcut,1.05,1.05,8,,2,False,1,,482,UNKNOWN,n8k2h2
H_WL,joint,joint_n8k2h4_003,SOLVED,True,42,True,1583,1583,10483,4871,279,13.0,-2.0,5332,1528,,,0.523,0.0219,0.1974,0.30133379298786167,0.250309312104946,,0.196,0.001,,False,,26,26,26,optimal_lmcut,1.6153846153846154,1.6153846153846154,8,,4,True,1,,482,UNKNOWN,n8k2h4
H_WL,joint,joint_n8k2h4_007,SOLVED,True,33,True,80,80,558,137,0,13.0,-2.0,418,80,,,0.243,0.023,0.1969,0.021445871010655537,0.01876361404720228,,0.196,0.0,,False,,27,27,27,optimal_lmcut,1.2222222222222223,1.2222222222222223,8,,4,True,1,,482,UNKNOWN,n8k2h4
H_WL,joint,joint_n8k2h4_011,SOLVED,True,16,True,25,25,165,36,0,11.0,-2.0,125,25,,,0.23,0.0234,0.1977,0.00678468300611712,0.00590176903642714,,0.196,0.0,,False,,14,14,14,optimal_lmcut,1.1428571428571428,1.1428571428571428,8,,4,False,1,,482,UNKNOWN,n8k2h4
H_WL,joint,joint_n8k2h4_015,SOLVED,True,24,True,44,44,337,61,0,11.0,-2.0,275,44,,,0.234,0.0217,0.1976,0.013212375997682102,0.011656342976493761,,0.196,0.0,,False,,16,16,16,optimal_lmcut,1.5,1.5,8,,4,False,1,,482,UNKNOWN,n8k2h4
H_WL,struct,struct_n4_000,SOLVED,True,18,True,30,30,130,39,0,7.0,0.0,90,30,,,0.156,0.0069,0.1449,0.003927083991584368,0.0033071299840230495,,0.144,0.001,,False,,18,18,18,exact,1.0,1.0,4,,2,True,1,,130,FALSE,
H_WL,struct,struct_n4_001,SOLVED,True,14,True,21,21,85,28,0,5.0,0.0,55,20,,,0.153,0.0063,0.1434,0.002446608996251598,0.0020146609895164147,,0.143,0.0,,False,,14,14,14,exact,1.0,1.0,4,,2,True,1,,130,TRUE,
H_WL,struct,struct_n4_002,SOLVED,True,14,True,22,22,100,31,0,7.0,0.0,68,22,,,0.153,0.007,0.1424,0.0029789079999318346,0.0024981780152302235,,0.142,0.0,,False,,14,14,14,exact,1.0,1.0,4,,2,True,1,,130,FALSE,
H_WL,struct,struct_n4_003,SOLVED,True,14,True,18,18,78,24,0,5.0,0.0,53,18,,,0.151,0.006,0.1423,0.0022797380079282448,0.0019156059861415997,,0.142,0.0,,False,,9,9,9,exact,1.5555555555555556,1.5555555555555556,4,,2,True,1,,130,FALSE,
H_WL,struct,struct_n4_004,SOLVED,True,14,True,19,19,88,26,0,7.0,0.0,60,19,,,0.153,0.0068,0.1431,0.0025509039987809956,0.002133316986146383,,0.143,0.0,,False,,14,14,14,exact,1.0,1.0,4,,2,True,1,,130,FALSE,
H_WL,struct,struct_n4_005,SOLVED,True,15,True,21,21,88,26,0,7.0,0.0,61,21,,,0.151,0.0065,0.1408,0.0026705739874159917,0.002229893987532705,,0.14,0.0,,False,,13,13,13,exact,1.1538461538461537,1.1538461538461537,4,,2,True,1,,130,FALSE,
H_WL,struct,struct_n4_006,SOLVED,True,18,True,30,30,146,38,0,7.0,0.0,107,30,,,0.154,0.0069,0.1424,0.0041006420069606975,0.0034631000162335113,,0.142,0.0,,False,,18,18,18,exact,1.0,1.0,4,,2,True,1,,130,FALSE,
H_WL,struct,struct_n4_007,SOLVED,True,18,True,60,60,269,102,3,5.0,0.0,163,59,,,0.157,0.0065,0.1423,0.007055340000079013,0.00586704196757637,,0.142,0.0,,False,,14,14,14,exact,1.2857142857142858,1.2857142857142858,4,,2,True,1,,130,TRUE,
H_WL,struct,struct_n4_008,SOLVED,True,11,True,18,18,74,23,0,7.0,0.0,49,18,,,0.154,0.0065,0.1436,0.0026298509910702705,0.0022032310225768015,,0.141,0.0,,False,,10,10,10,exact,1.1,1.1,4,,2,False,1,,130,FALSE,
H_WL,struct,struct_n4_009,SOLVED,True,15,True,29,29,118,39,0,7.0,0.0,78,29,,,0.151,0.0066,0.1399,0.0033911339996848255,0.0028437959554139525,,0.139,0.0,,False,,13,13,13,exact,1.1538461538461537,1.1538461538461537,4,,2,False,1,,130,FALSE,
H_WL,struct,struct_n4_010,SOLVED,True,17,True,39,39,182,47,0,7.0,0.0,134,39,,,0.153,0.0069,0.1402,0.005234694996033795,0.004440656062797643,,0.14,0.0,,False,,15,15,15,exact,1.1333333333333333,1.1333333333333333,4,,2,False,1,,130,FALSE,
H_WL,struct,struct_n4_011,SOLVED,True,17,True,55,55,242,96,3,7.0,0.0,141,54,,,0.154,0.0066,0.1407,0.006136570009402931,0.005091502986033447,,0.14,0.0,,False,,10,10,10,exact,1.7,1.7,4,,2,False,1,,130,FALSE,
H_WL,struct,struct_n4_012,SOLVED,True,12,True,17,17,73,19,0,7.0,0.0,52,17,,,0.151,0.0069,0.1407,0.002257308005937375,0.0018888929771492258,,0.14,0.0,,False,,12,12,12,exact,1.0,1.0,4,,2,False,1,,130,FALSE,
H_WL,struct,struct_n4_013,SOLVED,True,4,True,5,5,20,3,0,3.0,0.0,16,5,,,0.147,0.0066,0.1391,0.0007958760106703267,0.0006589109980268404,,0.139,0.0,,False,,4,4,4,exact,1.0,1.0,4,,2,False,1,,130,FALSE,
H_WL,struct,struct_n4_014,SOLVED,True,2,True,2,2,6,0,0,1.0,0.0,5,2,,,0.147,0.0065,0.1392,0.00032859000202734023,0.0002647010114742443,,0.139,0.0,,False,,2,2,2,exact,1.0,1.0,4,,2,False,1,,130,FALSE,
H_WL,struct,struct_n4_015,SOLVED,True,13,True,17,17,62,20,0,5.0,0.0,40,17,,,0.15,0.0074,0.1402,0.0019306719914311543,0.0015884280146565288,,0.139,0.0,,False,,13,13,13,exact,1.0,1.0,4,,2,False,1,,130,TRUE,
H_WL,struct,struct_n5_000,SOLVED,True,16,True,34,34,182,59,0,6.0,-1.0,122,34,,,0.165,0.0093,0.15,0.0052143750071991235,0.004436675983015448,,0.149,0.0,,False,,16,16,16,exact,1.0,1.0,5,,3,True,1,,197,FALSE,
H_WL,struct,struct_n5_001,SOLVED,True,23,True,61,61,366,125,0,8.0,-1.0,240,61,,,0.17,0.0098,0.15,0.009587332999217324,0.008161308054695837,,0.149,0.0,,False,,20,20,20,exact,1.15,1.15,5,,3,True,1,,197,FALSE,
H_WL,struct,struct_n5_002,SOLVED,True,24,True,53,53,253,82,0,8.0,-1.0,170,52,,,0.167,0.0092,0.1495,0.007464326001354493,0.006300506051047705,,0.149,0.0,,False,,20,20,20,exact,1.2,1.2,5,,3,True,1,,197,FALSE,
H_WL,struct,struct_n5_003,SOLVED,True,23,True,75,75,358,122,1,8.0,-1.0,234,75,,,0.175,0.0098,0.1536,0.01025849100551568,0.008682765022967942,,0.153,0.0,,False,,17,17,17,exact,1.3529411764705883,1.3529411764705883,5,,3,True,1,,197,FALSE,
H_WL,struct,struct_n5_004,SOLVED,True,22,True,47,47,228,78,0,6.0,-1.0,149,47,,,0.168,0.0093,0.1516,0.006583228998351842,0.005578981043072417,,0.151,0.0,,False,,18,18,18,exact,1.2222222222222223,1.2222222222222223,5,,3,True,1,,197,FALSE,
H_WL,struct,struct_n5_005,SOLVED,True,23,True,56,56,296,95,0,6.0,-1.0,200,56,,,0.169,0.0094,0.1506,0.008409853995544836,0.007176725936005823,,0.15,0.0,,False,,22,22,22,exact,1.0454545454545454,1.0454545454545454,5,,3,True,1,,197,TRUE,
H_WL,struct,struct_n5_006,SOLVED,True,23,True,59,59,306,113,0,6.0,-1.0,192,59,,,0.169,0.0095,0.15,0.008543593998183496,0.007214449957245961,,0.149,0.0,,False,,20,20,20,exact,1.15,1.15,5,,3,True,1,,197,TRUE,
H_WL,struct,struct_n5_007,SOLVED,True,16,True,32,32,154,49,0,6.0,-1.0,104,32,,,0.167,0.0093,0.1522,0.004674871001043357,0.003931904953788035,,0.152,0.0,,False,,16,16,16,exact,1.0,1.0,5,,3,True,1,,197,TRUE,
H_WL,struct,struct_n5_008,SOLVED,True,15,True,23,23,98,33,0,8.0,-1.0,64,22,,,0.164,0.0091,0.1505,0.003083735005930066,0.002574761980213225,,0.15,0.0,,False,,15,15,15,exact,1.0,1.0,5,,3,False,1,,197,FALSE,
H_WL,struct,struct_n5_009,SOLVED,True,17,True,47,47,213,73,1,8.0,-1.0,137,47,,,0.166,0.0094,0.1491,0.0063171539950417355,0.005343852986698039,,0.148,0.0,,False,,13,13,13,exact,1.3076923076923077,1.3076923076923077,5,,3,False,1,,197,FALSE,
H_WL,struct,struct_n5_010,SOLVED,True,21,True,65,65,314,95,1,8.0,-1.0,216,65,,,0.169,0.0095,0.1493,0.009667238002293743,0.008221445008530281,,0.149,0.0,,False,,14,14,14,exact,1.5,1.5,5,,3,False,1,,197,FALSE,
H_WL,struct,struct_n5_011,SOLVED,True,14,True,31,31,155,42,0,6.0,-1.0,111,31,,,0.167,0.0092,0.1503,0.006738202995620668,0.005747144008637406,,0.149,0.0,,False,,8,8,8,exact,1.75,1.75,5,,3,False,1,,197,FALSE,
H_WL,struct,struct_n5_012,SOLVED,True,20,True,69,69,311,120,11,4.0,-1.0,179,66,,,0.169,0.0091,0.1506,0.008351156007847749,0.006922477055923082,,0.15,0.0,,False,,15,15,15,exact,1.3333333333333333,1.3333333333333333,5,,3,False,1,,197,TRUE,
H_WL,struct,struct_n5_013,SOLVED,True,11,True,22,22,97,32,0,4.0,-1.0,63,22,,,0.163,0.0101,0.1492,0.0030188050004653633,0.002526848009438254,,0.149,0.0,,False,,10,10,10,exact,1.1,1.1,5,,3,False,1,,197,TRUE,
H_WL,struct,struct_n5_014,SOLVED,True,14,True,41,41,182,64,1,6.0,-1.0,116,41,,,0.167,0.0099,0.1503,0.005356825000490062,0.004487911035539582,,0.15,0.0,,False,,14,14,14,exact,1.0,1.0,5,,3,False,1,,197,TRUE,
H_WL,struct,struct_n5_015,SOLVED,True,19,True,61,61,283,102,1,6.0,-1.0,179,60,,,0.171,0.0103,0.1514,0.008013928003492765,0.006718083983287215,,0.151,0.0,,False,,14,14,14,exact,1.3571428571428572,1.3571428571428572,5,,3,False,1,,197,FALSE,
V_DENSE,ipc,ipc_p01,SOLVED,True,11,True,13,13,78,22,1,58.489784240722656,-113.85824584960938,51,13,13,51,0.259,0.0075,0.0057,0.24498055900039617,0.244303895990015,0.243,,0.003,0.027,False,,10,10,10,optimal_lmcut,1.1,1.1,2,,1,True,2,,84,UNKNOWN,
V_DENSE,ipc,ipc_p03,SOLVED,True,31,True,36,36,302,65,0,20.90863800048828,-786.11376953125,233,36,36,233,0.783,0.0388,0.0272,0.7159758079942549,0.713539383985335,0.71,,0.027,0.047,False,,27,27,27,optimal_lmcut,1.1481481481481481,1.1481481481481481,6,,3,True,2,,372,UNKNOWN,
V_DENSE,ipc,ipc_p05,SOLVED,True,50,True,55,55,542,91,0,-97.08370971679688,-1491.330810546875,447,55,55,447,1.362,0.104,0.0646,1.189982843992766,1.1854676270013442,1.18,,0.009,0.104,False,,,45,45,best_known_lama,,1.1111111111111112,10,,6,True,2,,852,UNKNOWN,
V_DENSE,ipc,ipc_p07,SOLVED,True,26,True,30,30,295,50,1,-13.694149017333984,-636.0556640625,240,30,30,240,0.691,0.0436,0.0319,0.6134092380088987,0.6110485780227464,0.608,,0.002,0.057,False,,21,21,21,optimal_lmcut,1.2380952380952381,1.2380952380952381,6,,3,True,2,,444,UNKNOWN,
V_DENSE,ipc,ipc_p09,SOLVED,True,62,True,115,115,1394,298,6,-273.6600646972656,-2457.289306640625,1085,115,115,1085,3.563,0.2937,0.1466,3.112262669004849,3.098658621966024,3.088,,0.019,0.217,False,,,61,74,best_known_lama,,1.0163934426229508,15,,4,True,2,,1902,UNKNOWN,
V_DENSE,ipc,ipc_p11,TIMEOUT,False,,,15567,,241637,157326,9400,-121.43682098388672,-681.9613647460938,74912,15568,15568,74912,300.027,0.3082,0.1464,299.5545480400033,297.7127531653532,296.327,,0.031,0.252,True,,,50,60,best_known_lama,,,10,,3,True,2,,1920,UNKNOWN,
V_DENSE,ipc,ipc_p13,SOLVED,True,27,True,66,66,1033,398,15,-66.60518646240234,-757.520751953125,610,66,66,610,1.671,0.1673,0.0762,1.42402381899592,1.417925128043862,1.413,,0.0,0.14,False,,25,25,25,optimal_lmcut,1.08,1.08,6,,1,True,2,,1056,UNKNOWN,
V_DENSE,ipc,ipc_p15,SOLVED,True,71,True,804,804,13588,7325,210,-527.4116821289062,-2584.752197265625,6042,804,804,6042,27.239,0.7214,0.3476,26.15500416699797,26.005921990144998,25.93,,0.036,0.631,False,,,71,78,best_known_lama,,1.0,15,,6,True,2,,4170,UNKNOWN,
V_DENSE,ipc,ipc_p17,TIMEOUT,False,,,7915,,197300,75514,10662,-181.1549530029297,-695.1609497070312,111125,7916,7916,111125,300.054,0.414,0.2406,299.37011478199565,298.09257123789575,297.302,,0.046,0.571,True,,,25,25,best_known_lama,,,10,,3,True,4,,3098,UNKNOWN,
V_DENSE,ipc,ipc_p19,TIMEOUT,False,,,12047,,414069,298406,9766,-17.410249710083008,-880.3382568359375,105898,12048,12048,105898,300.03,0.3627,0.1817,299.46037384099327,297.3994191216043,296.29,,0.023,0.627,True,,,37,40,best_known_lama,,,8,,3,True,4,,2480,UNKNOWN,
V_DENSE,ipc,ipc_p21,TIMEOUT,False,,,1174,,92777,26548,14626,-190.35389709472656,-346.79241943359375,51604,1175,1604,51604,300.137,1.3788,0.9792,297.7440449459973,297.2079391269799,297.032,,0.078,2.122,True,,,34,34,best_known_lama,,,10,,1,True,6,,8862,UNKNOWN,
V_DENSE,ipc,ipc_p02,SOLVED,True,17,True,20,20,146,36,1,-21.308273315429688,-414.961669921875,105,20,20,105,0.419,0.0188,0.0147,0.3836220709927147,0.3823883190343622,0.38,,0.004,0.033,False,,15,15,15,optimal_lmcut,1.1333333333333333,1.1333333333333333,4,,2,True,2,,204,UNKNOWN,
V_DENSE,ipc,ipc_p04,SOLVED,True,31,True,54,54,473,133,0,-47.22316360473633,-896.6995849609375,336,54,54,336,1.198,0.068,0.0452,1.0827945619967068,1.0787230339483358,1.073,,0.028,0.066,False,,30,30,30,optimal_lmcut,1.0333333333333334,1.0333333333333334,8,,3,True,2,,588,UNKNOWN,
V_DENSE,ipc,ipc_p06,TIMEOUT,False,,,13779,,162368,57099,5332,-248.67808532714844,-613.8985595703125,99938,13780,13780,99938,300.023,0.3083,0.1334,299.55597550500534,297.85266918210255,296.445,,0.048,0.198,True,,,58,192,best_known_lama,,,15,,6,True,2,,1722,UNKNOWN,
V_DENSE,ipc,ipc_p08,SOLVED,True,35,True,39,39,452,60,2,-81.29540252685547,-1109.465576171875,385,39,39,385,1.096,0.1199,0.0731,0.8989909400115721,0.8947102800302673,0.891,,0.0,0.119,False,,,34,38,best_known_lama,,1.0294117647058822,10,,2,True,2,,972,UNKNOWN,
V_DENSE,ipc,ipc_p10,SOLVED,True,29,True,62,62,982,358,17,7.346380233764648,-580.6825561523438,597,62,62,597,1.471,0.1057,0.0616,1.3009105390083278,1.2945845049689524,1.288,,0.0,0.119,False,,24,24,24,optimal_lmcut,1.2083333333333333,1.2083333333333333,6,,2,True,2,,888,UNKNOWN,
V_DENSE,ipc,ipc_p12,TIMEOUT,False,,,10652,,178114,97531,6403,-226.7371063232422,-525.1992797851562,74181,10653,10653,74181,300.024,0.8388,0.3213,298.84099003099254,297.09009315478033,295.972,,0.046,0.464,True,,,63,64,best_known_lama,,,15,,3,True,2,,3750,UNKNOWN,
V_DENSE,ipc,ipc_p14,SOLVED,True,33,True,1289,1289,22791,11370,635,-405.1793212890625,-1098.9532470703125,10776,1289,1289,10776,31.572,0.2887,0.1738,31.100395877001574,30.886514331621584,30.742,,0.005,0.309,False,,,32,32,best_known_lama,,1.03125,10,,3,True,2,,2200,UNKNOWN,
V_DENSE,ipc,ipc_p16,SOLVED,True,34,True,102,102,1949,631,50,80.63827514648438,-501.8226318359375,1256,102,102,1256,2.843,0.1879,0.1106,2.5392076870048186,2.5273245339485584,2.517,,0.008,0.286,False,,,27,27,best_known_lama,,1.2592592592592593,6,,2,True,4,,1500,UNKNOWN,
V_DENSE,ipc,ipc_p18,SOLVED,True,69,True,208,208,6527,1254,72,-106.16834259033203,-2141.702392578125,5189,208,208,5189,22.467,0.8032,0.7182,20.925943455993547,20.88401481093024,20.861,,0.05,1.337,False,,,61,66,best_known_lama,,1.1311475409836065,15,,3,True,4,,5808,UNKNOWN,
V_DENSE,ipc,ipc_p20,TIMEOUT,False,,,5367,,203942,129928,9192,-178.87823486328125,-1479.158935546875,64823,5368,5368,64823,300.052,0.8709,0.5184,298.62848253799893,297.2204370350373,296.59,,0.062,1.663,True,,,78,78,best_known_lama,,,15,,3,True,4,,6134,UNKNOWN,
V_DENSE,ipc,ipc_p22,TIMEOUT,False,,,347,,28736,6407,1583,-455.9385681152344,-1237.44287109375,20740,347,630,20740,300.424,5.3416,2.8938,292.0949995199917,291.2276840050763,291.802,,0.207,2.037,True,,,89,124,best_known_lama,,,20,,3,True,6,,22852,UNKNOWN,
V_DENSE,joint,joint_n6k1h2_000,SOLVED,True,19,True,19,19,109,19,0,-59.611480712890625,-821.7207641601562,87,19,19,87,0.411,0.0137,0.0209,0.37528119899798185,0.3744445530028315,0.373,,0.005,0.036,False,,19,19,19,exact,1.0,1.0,6,,2,True,1,,278,FALSE,n6k1h2
V_DENSE,joint,joint_n6k1h2_004,SOLVED,True,20,True,20,20,133,21,0,-178.27603149414062,-816.3160400390625,109,20,20,109,0.427,0.0127,0.0206,0.3929660230060108,0.39205445896368474,0.391,,0.005,0.039,False,,20,20,20,exact,1.0,1.0,6,,2,True,1,,278,FALSE,n6k1h2
V_DENSE,joint,joint_n6k1h2_008,SOLVED,True,22,True,22,22,145,23,0,-18.487043380737305,-816.705322265625,119,22,22,119,0.463,0.0128,0.0207,0.4284089610009687,0.4273733110021567,0.426,,0.003,0.039,False,,22,22,22,exact,1.0,1.0,6,,2,True,1,,278,TRUE,n6k1h2
V_DENSE,joint,joint_n6k1h2_012,SOLVED,True,10,True,10,10,60,8,0,-370.06805419921875,-915.3809814453125,51,10,10,51,0.248,0.0126,0.0206,0.21360024099703878,0.21315240701369476,0.212,,0.002,0.037,False,,10,10,10,exact,1.0,1.0,6,,2,False,1,,278,FALSE,n6k1h2
V_DENSE,joint,joint_n6k1h4_000,SOLVED,True,26,True,26,26,146,27,0,-26.42352867126465,-794.6049194335938,118,26,26,118,0.53,0.0125,0.0204,0.4954679340007715,0.49433051598316524,0.493,,0.002,0.04,False,,24,24,24,exact,1.0833333333333333,1.0833333333333333,6,,4,True,1,,278,TRUE,n6k1h4
V_DENSE,joint,joint_n6k1h4_004,SOLVED,True,13,True,13,13,82,12,0,-398.7962646484375,-800.079345703125,69,13,13,69,0.312,0.0128,0.0206,0.27726934300153516,0.27642883399676066,0.275,,0.002,0.037,False,,13,13,13,exact,1.0,1.0,6,,4,True,1,,278,FALSE,n6k1h4
V_DENSE,joint,joint_n6k1h4_008,SOLVED,True,18,True,18,18,101,16,0,-36.06523513793945,-817.2130737304688,84,18,18,84,0.39,0.0128,0.0205,0.35544483800185844,0.3545959279581439,0.353,,0.002,0.035,False,,18,18,18,exact,1.0,1.0,6,,4,False,1,,278,TRUE,n6k1h4
V_DENSE,joint,joint_n6k1h4_012,SOLVED,True,16,True,16,16,86,14,0,-45.26823806762695,-819.4190673828125,69,16,16,69,0.354,0.0137,0.0204,0.31903343099111225,0.3182896860234905,0.317,,0.002,0.036,False,,16,16,16,exact,1.0,1.0,6,,4,False,1,,278,TRUE,n6k1h4
V_DENSE,joint,joint_n6k2h2_000,SOLVED,True,24,True,26,26,151,31,0,-189.8626708984375,-845.5726318359375,117,26,26,117,0.533,0.0126,0.0205,0.4988943110074615,0.49764673798927106,0.496,,0.002,0.041,False,,22,22,22,exact,1.0909090909090908,1.0909090909090908,6,,2,True,1,,278,FALSE,n6k2h2
V_DENSE,joint,joint_n6k2h2_004,SOLVED,True,21,True,21,21,129,21,0,-45.27363204956055,-940.268798828125,107,21,21,107,0.445,0.0126,0.0206,0.41041403499548323,0.4093661590013653,0.408,,0.002,0.038,False,,21,21,21,exact,1.0,1.0,6,,2,True,1,,278,FALSE,n6k2h2
V_DENSE,joint,joint_n6k2h2_008,SOLVED,True,18,True,18,18,96,16,0,-65.71571350097656,-955.4646606445312,79,18,18,79,0.389,0.0129,0.0206,0.35452007300045807,0.3536946800304577,0.352,,0.002,0.036,False,,18,18,18,exact,1.0,1.0,6,,2,False,1,,278,FALSE,n6k2h2
V_DENSE,joint,joint_n6k2h2_012,SOLVED,True,16,True,16,16,98,14,0,-71.093994140625,-956.156494140625,80,16,16,80,0.358,0.0137,0.0205,0.32221360800031107,0.32139587301935535,0.32,,0.002,0.039,False,,16,16,16,exact,1.0,1.0,6,,2,False,1,,278,FALSE,n6k2h2
V_DENSE,joint,joint_n6k2h4_000,SOLVED,True,22,True,22,22,129,22,0,-78.1846923828125,-831.5292358398438,106,22,22,106,0.467,0.0137,0.0205,0.43137072800891474,0.4302860980242258,0.429,,0.002,0.039,False,,22,22,22,exact,1.0,1.0,6,,4,True,1,,278,FALSE,n6k2h4
V_DENSE,joint,joint_n6k2h4_004,SOLVED,True,24,True,24,24,153,24,0,-65.98346710205078,-835.3951416015625,127,24,24,127,0.501,0.0131,0.0205,0.46574047300964594,0.46453467798710335,0.463,,0.002,0.042,False,,20,20,20,exact,1.2,1.2,6,,4,True,1,,278,FALSE,n6k2h4
V_DENSE,joint,joint_n6k2h4_008,SOLVED,True,16,True,16,16,86,14,0,-60.08106994628906,-838.3706665039062,70,16,16,70,0.357,0.0138,0.0206,0.3212178620015038,0.32047580505604856,0.319,,0.002,0.037,False,,16,16,16,exact,1.0,1.0,6,,4,False,1,,278,FALSE,n6k2h4
V_DENSE,joint,joint_n6k2h4_012,SOLVED,True,14,True,14,14,81,14,0,-85.1203842163086,-807.494384765625,66,14,14,66,0.321,0.0139,0.0205,0.28552132300683297,0.2848611389781581,0.284,,0.002,0.042,False,,14,14,14,exact,1.0,1.0,6,,4,False,1,,278,TRUE,n6k2h4
V_DENSE,joint,joint_n8k1h2_000,SOLVED,True,22,True,25,25,198,28,0,-298.5273742675781,-1224.2208251953125,169,25,25,169,0.597,0.0214,0.0374,0.5367188209929736,0.5351661969762063,0.533,,0.024,0.061,False,,22,22,22,optimal_lmcut,1.0,1.0,8,,2,True,1,,482,UNKNOWN,n8k1h2
V_DENSE,joint,joint_n8k1h2_004,SOLVED,True,18,True,20,20,163,22,0,-452.2789001464844,-1195.89013671875,138,20,20,138,0.492,0.0214,0.0376,0.43117298299330287,0.4300698719598586,0.429,,0.005,0.058,False,,18,18,18,optimal_lmcut,1.0,1.0,8,,2,True,1,,482,UNKNOWN,n8k1h2
V_DENSE,joint,joint_n8k1h2_008,SOLVED,True,18,True,18,18,133,19,0,-297.98419189453125,-1326.21142578125,112,18,18,112,0.455,0.023,0.037,0.3934419720026199,0.3924142450123327,0.391,,0.004,0.059,False,,18,18,18,optimal_lmcut,1.0,1.0,8,,2,False,1,,482,UNKNOWN,n8k1h2
V_DENSE,joint,joint_n8k1h2_012,SOLVED,True,22,True,22,22,166,21,0,-147.32325744628906,-1343.528076171875,141,22,22,141,0.528,0.0229,0.0367,0.4668072179920273,0.46559809301106725,0.464,,0.004,0.059,False,,20,20,20,optimal_lmcut,1.1,1.1,8,,2,False,1,,482,UNKNOWN,n8k1h2
V_DENSE,joint,joint_n8k1h4_000,SOLVED,True,29,True,29,29,225,29,0,-302.0521545410156,-1231.3419189453125,193,29,29,193,0.666,0.0247,0.0371,0.6023565889918245,0.6007601560122566,0.599,,0.004,0.06,False,,25,25,25,optimal_lmcut,1.16,1.16,8,,4,True,1,,482,UNKNOWN,n8k1h4
V_DENSE,joint,joint_n8k1h4_004,SOLVED,True,20,True,20,20,143,21,0,-287.2326354980469,-1174.714599609375,116,20,20,116,0.493,0.0247,0.0369,0.42991271999198943,0.4286996200244175,0.427,,0.004,0.06,False,,20,20,20,optimal_lmcut,1.0,1.0,8,,4,True,1,,482,UNKNOWN,n8k1h4
V_DENSE,joint,joint_n8k1h4_008,SOLVED,True,23,True,25,25,191,30,0,-477.1189270019531,-1253.0367431640625,158,25,25,158,0.586,0.0216,0.037,0.524977024004329,0.5234354119747877,0.522,,0.004,0.061,False,,18,18,18,optimal_lmcut,1.2777777777777777,1.2777777777777777,8,,4,False,1,,482,UNKNOWN,n8k1h4
V_DENSE,joint,joint_n8k1h4_012,SOLVED,True,31,True,53,53,408,83,0,-328.23638916015625,-1236.8431396484375,324,53,53,324,1.105,0.0235,0.0367,1.0425659210013691,1.039254098010133,1.035,,0.004,0.064,False,,20,20,20,optimal_lmcut,1.55,1.55,8,,4,False,1,,482,UNKNOWN,n8k1h4
V_DENSE,joint,joint_n8k2h2_000,SOLVED,True,25,True,27,27,202,28,0,-140.21517944335938,-1254.59423828125,172,27,27,172,0.621,0.0215,0.038,0.5600985219934955,0.558489183022175,0.557,,0.004,0.065,False,,25,25,25,optimal_lmcut,1.0,1.0,8,,2,True,1,,482,UNKNOWN,n8k2h2
V_DENSE,joint,joint_n8k2h2_004,SOLVED,True,32,True,33,33,258,38,0,-128.41920471191406,-1328.993896484375,219,33,33,219,0.734,0.0232,0.0368,0.6717932639876381,0.6698964590323158,0.668,,0.004,0.065,False,,28,28,28,optimal_lmcut,1.1428571428571428,1.1428571428571428,8,,2,True,1,,482,UNKNOWN,n8k2h2
V_DENSE,joint,joint_n8k2h2_008,SOLVED,True,20,True,20,20,141,19,0,-152.9091339111328,-1262.945556640625,116,20,20,116,0.488,0.0215,0.037,0.4282129509956576,0.4270973040256649,0.426,,0.004,0.058,False,,20,20,20,optimal_lmcut,1.0,1.0,8,,2,False,1,,482,UNKNOWN,n8k2h2
V_DENSE,joint,joint_n8k2h2_012,SOLVED,True,12,True,12,12,98,10,0,-561.4322509765625,-1350.421875,86,12,12,86,0.35,0.0214,0.0368,0.2904219629999716,0.2896453300054418,0.289,,0.003,0.066,False,,12,12,12,optimal_lmcut,1.0,1.0,8,,2,False,1,,482,UNKNOWN,n8k2h2
V_DENSE,joint,joint_n8k2h4_000,SOLVED,True,58,True,119,119,897,211,1,-109.58078002929688,-1250.8984375,684,119,119,684,2.304,0.0243,0.0367,2.241296660999069,2.234565928898519,2.226,,0.004,0.067,False,,30,30,30,optimal_lmcut,1.9333333333333333,1.9333333333333333,8,,4,True,1,,482,UNKNOWN,n8k2h4
V_DENSE,joint,joint_n8k2h4_004,SOLVED,True,29,True,29,29,212,28,0,-325.1891174316406,-1256.17578125,182,29,29,182,0.668,0.0256,0.0376,0.6026889159984421,0.6008187549596187,0.599,,0.004,0.064,False,,26,26,26,optimal_lmcut,1.1153846153846154,1.1153846153846154,8,,4,True,1,,482,UNKNOWN,n8k2h4
V_DENSE,joint,joint_n8k2h4_008,SOLVED,True,31,True,34,34,254,34,0,-131.6839599609375,-1178.771728515625,217,34,34,217,0.751,0.0231,0.0369,0.6896079580037622,0.6876471469877288,0.685,,0.004,0.065,False,,29,29,29,optimal_lmcut,1.0689655172413792,1.0689655172413792,8,,4,True,1,,482,UNKNOWN,n8k2h4
V_DENSE,joint,joint_n8k2h4_012,SOLVED,True,18,True,19,19,130,22,0,-508.95135498046875,-1265.63427734375,106,19,19,106,0.473,0.023,0.0369,0.41120838999631815,0.4100044670049101,0.409,,0.004,0.065,False,,16,16,16,optimal_lmcut,1.125,1.125,8,,4,False,1,,482,UNKNOWN,n8k2h4
V_DENSE,joint,joint_n6k1h2_001,SOLVED,True,10,True,10,10,62,9,0,-410.1669921875,-931.4700927734375,50,10,10,50,0.253,0.0127,0.0208,0.21808795099786948,0.21759838300931733,0.217,,0.005,0.036,False,,10,10,10,exact,1.0,1.0,6,,2,False,1,,278,FALSE,n6k1h2
V_DENSE,joint,joint_n6k1h2_005,SOLVED,True,25,True,25,25,174,28,0,-33.521461486816406,-904.740478515625,145,25,25,145,0.525,0.0123,0.0204,0.4907180769951083,0.4894573010096792,0.488,,0.005,0.039,False,,22,22,22,exact,1.1363636363636365,1.1363636363636365,6,,2,True,1,,278,FALSE,n6k1h2
V_DENSE,joint,joint_n6k1h2_009,SOLVED,True,10,True,10,10,59,9,0,-382.51165771484375,-840.92724609375,46,10,10,46,0.249,0.0128,0.0206,0.2141700460051652,0.21372107301431242,0.213,,0.003,0.037,False,,10,10,10,exact,1.0,1.0,6,,2,False,1,,278,FALSE,n6k1h2
V_DENSE,joint,joint_n6k1h2_013,SOLVED,True,16,True,16,16,102,15,0,-69.67857360839844,-904.740478515625,86,16,16,86,0.356,0.0123,0.0201,0.3226872450031806,0.3219205509958556,0.321,,0.002,0.037,False,,16,16,16,exact,1.0,1.0,6,,2,False,1,,278,FALSE,n6k1h2
V_DENSE,joint,joint_n6k1h4_001,SOLVED,True,24,True,24,24,158,25,0,-67.85606384277344,-797.5235595703125,131,24,24,131,0.504,0.0125,0.0205,0.4698371609993046,0.46860275602375623,0.467,,0.002,0.04,False,,22,22,22,exact,1.0909090909090908,1.0909090909090908,6,,4,True,1,,278,FALSE,n6k1h4
V_DENSE,joint,joint_n6k1h4_005,SOLVED,True,21,True,21,21,125,21,0,-72.11627197265625,-797.5235595703125,102,21,21,102,0.45,0.0125,0.0201,0.41617578199657146,0.4151844159641769,0.414,,0.002,0.037,False,,21,21,21,exact,1.0,1.0,6,,4,True,1,,278,FALSE,n6k1h4
V_DENSE,joint,joint_n6k1h4_009,SOLVED,True,14,True,14,14,84,12,0,-250.13287353515625,-819.55908203125,70,14,14,70,0.322,0.0127,0.0201,0.2875846340029966,0.28689350601052865,0.286,,0.002,0.037,False,,14,14,14,exact,1.0,1.0,6,,4,False,1,,278,FALSE,n6k1h4
V_DENSE,joint,joint_n6k1h4_013,SOLVED,True,10,True,10,10,52,8,0,-308.1838684082031,-819.55908203125,43,10,10,43,0.249,0.0137,0.02,0.2145457080041524,0.21409085096092895,0.213,,0.002,0.038,False,,10,10,10,exact,1.0,1.0,6,,4,False,1,,278,FALSE,n6k1h4
V_DENSE,joint,joint_n6k2h2_001,SOLVED,True,28,True,28,28,166,31,0,-35.64080810546875,-931.5364379882812,133,28,28,133,0.572,0.0137,0.0202,0.5368947719980497,0.5355005060264375,0.533,,0.002,0.041,False,,22,22,22,exact,1.2727272727272727,1.2727272727272727,6,,2,True,1,,278,FALSE,n6k2h2
V_DENSE,joint,joint_n6k2h2_005,SOLVED,True,15,True,15,15,91,15,0,-235.1652374267578,-866.9918212890625,72,15,15,72,0.338,0.0128,0.0201,0.3036592550051864,0.3029510060150642,0.302,,0.002,0.038,False,,15,15,15,exact,1.0,1.0,6,,2,True,1,,278,FALSE,n6k2h2
V_DENSE,joint,joint_n6k2h2_009,SOLVED,True,14,True,14,14,79,12,0,-376.09417724609375,-938.254150390625,64,14,14,64,0.323,0.0126,0.0203,0.2893092960002832,0.28863881797587965,0.288,,0.002,0.036,False,,14,14,14,exact,1.0,1.0,6,,2,False,1,,278,FALSE,n6k2h2
V_DENSE,joint,joint_n6k2h2_013,SOLVED,True,18,True,18,18,113,16,0,-48.85149383544922,-956.156494140625,93,18,18,93,0.393,0.0127,0.0201,0.359099958994193,0.3582309059856925,0.357,,0.002,0.039,False,,18,18,18,exact,1.0,1.0,6,,2,False,1,,278,FALSE,n6k2h2
V_DENSE,joint,joint_n6k2h4_001,SOLVED,True,20,True,21,21,120,23,0,-255.8846435546875,-807.4944458007812,96,21,21,96,0.448,0.0126,0.0203,0.4136923369951546,0.4127085139771225,0.411,,0.002,0.041,False,,20,20,20,exact,1.0,1.0,6,,4,True,1,,278,FALSE,n6k2h4
V_DENSE,joint,joint_n6k2h4_005,SOLVED,True,21,True,22,22,133,26,0,-241.24249267578125,-807.494384765625,106,22,22,106,0.464,0.0126,0.0204,0.4295049249922158,0.42851027799770236,0.427,,0.002,0.042,False,,18,18,18,exact,1.1666666666666667,1.1666666666666667,6,,4,True,1,,278,FALSE,n6k2h4
V_DENSE,joint,joint_n6k2h4_009,SOLVED,True,18,True,18,18,108,16,0,-49.124080657958984,-837.683837890625,90,18,18,90,0.396,0.0143,0.0201,0.3599793339963071,0.35906915097439196,0.358,,0.002,0.039,False,,16,16,16,exact,1.125,1.125,6,,4,False,1,,278,TRUE,n6k2h4
V_DENSE,joint,joint_n6k2h4_013,SOLVED,True,16,True,17,17,95,17,0,-81.00984954833984,-837.683837890625,76,17,17,76,0.381,0.0145,0.0204,0.3447752729989588,0.3436940960091306,0.342,,0.002,0.04,False,,14,14,14,exact,1.1428571428571428,1.1428571428571428,6,,4,False,1,,278,TRUE,n6k2h4
V_DENSE,joint,joint_n8k1h2_001,SOLVED,True,25,True,25,25,201,25,0,-327.4360656738281,-1312.81298828125,175,25,25,175,0.607,0.0229,0.0372,0.5451813859981485,0.5433085589902475,0.541,,0.024,0.061,False,,21,21,21,optimal_lmcut,1.1904761904761905,1.1904761904761905,8,,2,True,1,,482,UNKNOWN,n8k1h2
V_DENSE,joint,joint_n8k1h2_005,SOLVED,True,31,True,32,32,260,33,0,-117.5451889038086,-1199.9228515625,224,32,32,224,0.716,0.0213,0.0371,0.6561460799857741,0.6541964569623815,0.652,,0.005,0.061,False,,30,30,30,optimal_lmcut,1.0333333333333334,1.0333333333333334,8,,2,True,1,,482,UNKNOWN,n8k1h2
V_DENSE,joint,joint_n8k1h2_009,SOLVED,True,18,True,18,18,142,16,0,-323.3692626953125,-1234.6143798828125,119,18,18,119,0.458,0.0232,0.0363,0.39662349499121774,0.39547952002612874,0.394,,0.004,0.059,False,,18,18,18,optimal_lmcut,1.0,1.0,8,,2,False,1,,482,UNKNOWN,n8k1h2
V_DENSE,joint,joint_n8k1h2_013,SOLVED,True,18,True,18,18,140,17,0,-314.505126953125,-1221.005126953125,117,18,18,117,0.461,0.0247,0.0362,0.3987156200018944,0.3976271910214564,0.396,,0.004,0.059,False,,18,18,18,optimal_lmcut,1.0,1.0,8,,2,False,1,,482,UNKNOWN,n8k1h2
V_DENSE,joint,joint_n8k1h4_001,SOLVED,True,47,True,74,74,554,95,0,-76.14376068115234,-1164.30126953125,456,74,74,456,1.494,0.023,0.0363,1.4330235109955538,1.4285731618729187,1.423,,0.004,0.063,False,,34,34,34,optimal_lmcut,1.3823529411764706,1.3823529411764706,8,,4,True,1,,482,UNKNOWN,n8k1h4
V_DENSE,joint,joint_n8k1h4_005,SOLVED,True,34,True,37,37,276,46,0,-112.46206665039062,-1230.5277099609375,229,37,37,229,0.807,0.0213,0.0365,0.7469154409918701,0.7446982480323641,0.742,,0.004,0.06,False,,30,30,30,optimal_lmcut,1.1333333333333333,1.1333333333333333,8,,4,True,1,,482,UNKNOWN,n8k1h4
V_DENSE,joint,joint_n8k1h4_009,SOLVED,True,20,True,20,20,152,18,0,-157.8082275390625,-1273.33984375,131,20,20,131,0.505,0.0235,0.0375,0.441884949002997,0.44034513502265327,0.439,,0.004,0.061,False,,16,16,16,optimal_lmcut,1.25,1.25,8,,4,False,1,,482,UNKNOWN,n8k1h4
V_DENSE,joint,joint_n8k1h4_013,SOLVED,True,22,True,22,22,145,20,0,-127.51184844970703,-1274.37646484375,120,22,22,120,0.566,0.0241,0.0364,0.5034702270058915,0.5016422160115326,0.5,,0.004,0.057,False,,20,20,20,optimal_lmcut,1.1,1.1,8,,4,False,1,,482,UNKNOWN,n8k1h4
V_DENSE,joint,joint_n8k2h2_001,SOLVED,True,22,True,22,22,185,22,0,-296.4765930175781,-1234.7139892578125,158,22,22,158,0.571,0.0218,0.0372,0.5097488030005479,0.5083407030324452,0.507,,0.004,0.065,False,,22,22,22,optimal_lmcut,1.0,1.0,8,,2,True,1,,482,UNKNOWN,n8k2h2
V_DENSE,joint,joint_n8k2h2_005,SOLVED,True,32,True,32,32,234,32,0,-87.35425567626953,-1227.9639892578125,197,32,32,197,0.718,0.0229,0.0365,0.6569174549949821,0.6546815339388559,0.652,,0.004,0.062,False,,30,30,30,optimal_lmcut,1.0666666666666667,1.0666666666666667,8,,2,True,1,,482,UNKNOWN,n8k2h2
V_DENSE,joint,joint_n8k2h2_009,SOLVED,True,20,True,20,20,141,18,0,-299.4781799316406,-1346.833251953125,121,20,20,121,0.501,0.0232,0.037,0.4387751750036841,0.4370585759606911,0.435,,0.004,0.058,False,,18,18,18,optimal_lmcut,1.1111111111111112,1.1111111111111112,8,,2,False,1,,482,UNKNOWN,n8k2h2
V_DENSE,joint,joint_n8k2h2_013,SOLVED,True,21,True,21,21,169,20,0,-339.9891662597656,-1350.4219970703125,146,21,21,146,0.519,0.0214,0.0365,0.4590363269962836,0.4574466680060141,0.456,,0.004,0.066,False,,20,20,20,optimal_lmcut,1.05,1.05,8,,2,False,1,,482,UNKNOWN,n8k2h2
V_DENSE,joint,joint_n8k2h4_001,SOLVED,True,29,True,29,29,228,30,0,-122.90097045898438,-1335.018310546875,196,29,29,196,0.668,0.0233,0.0367,0.6057841330039082,0.6037853829766391,0.601,,0.004,0.067,False,,25,25,25,optimal_lmcut,1.16,1.16,8,,4,True,1,,482,UNKNOWN,n8k2h4
V_DENSE,joint,joint_n8k2h4_005,SOLVED,True,18,True,18,18,134,16,0,-366.3504333496094,-1299.1728515625,115,18,18,115,0.462,0.0212,0.0367,0.40216229399084114,0.40070659600314684,0.399,,0.004,0.064,False,,16,16,16,optimal_lmcut,1.125,1.125,8,,4,False,1,,482,UNKNOWN,n8k2h4
V_DENSE,joint,joint_n8k2h4_009,SOLVED,True,24,True,24,24,173,22,0,-126.65045166015625,-1300.708740234375,147,24,24,147,0.573,0.023,0.0364,0.5116203729994595,0.5097306929819752,0.508,,0.004,0.06,False,,22,22,22,optimal_lmcut,1.0909090909090908,1.0909090909090908,8,,4,False,1,,482,UNKNOWN,n8k2h4
V_DENSE,joint,joint_n8k2h4_013,SOLVED,True,27,True,45,45,303,69,0,-350.2310791015625,-1275.4765625,231,45,45,231,0.958,0.0232,0.0364,0.89672458700079,0.893234555987874,0.889,,0.004,0.065,False,,18,18,18,optimal_lmcut,1.5,1.5,8,,4,False,1,,482,UNKNOWN,n8k2h4
V_DENSE,joint,joint_n6k1h2_002,SOLVED,True,20,True,20,20,120,21,0,-36.26033020019531,-821.720947265625,96,20,20,96,0.46,0.0137,0.0209,0.423608740005875,0.42191767098847777,0.42,,0.008,0.039,False,,20,20,20,exact,1.0,1.0,6,,2,True,1,,278,FALSE,n6k1h2
V_DENSE,joint,joint_n6k1h2_006,SOLVED,True,23,True,23,23,136,24,0,-36.99721908569336,-906.1466064453125,109,23,23,109,0.508,0.0137,0.0208,0.47174349300621543,0.4698608770268038,0.467,,0.003,0.036,False,,22,22,22,exact,1.0454545454545454,1.0454545454545454,6,,2,True,1,,278,FALSE,n6k1h2
V_DENSE,joint,joint_n6k1h2_010,SOLVED,True,16,True,16,16,90,15,0,-66.21453094482422,-841.423095703125,71,16,16,71,0.371,0.0129,0.0208,0.33556590699299704,0.33446015999652445,0.333,,0.002,0.034,False,,16,16,16,exact,1.0,1.0,6,,2,False,1,,278,FALSE,n6k1h2
V_DENSE,joint,joint_n6k1h2_014,SOLVED,True,10,True,10,10,62,8,0,-390.64935302734375,-917.6639404296875,53,10,10,53,0.258,0.013,0.0204,0.22338771700742655,0.2228378749859985,0.222,,0.002,0.037,False,,10,10,10,exact,1.0,1.0,6,,2,False,1,,278,FALSE,n6k1h2
V_DENSE,joint,joint_n6k1h4_002,SOLVED,True,22,True,22,22,137,22,0,-71.03472900390625,-789.0159912109375,114,22,22,114,0.487,0.013,0.0206,0.4525415460084332,0.45090080397494603,0.449,,0.002,0.04,False,,22,22,22,exact,1.0,1.0,6,,4,True,1,,278,FALSE,n6k1h4
V_DENSE,joint,joint_n6k1h4_006,SOLVED,True,17,True,17,17,110,19,0,-395.09906005859375,-789.9183959960938,90,17,17,90,0.388,0.0141,0.022,0.35094607999781147,0.3497746200446272,0.348,,0.002,0.04,False,,16,16,16,exact,1.0625,1.0625,6,,4,True,1,,278,FALSE,n6k1h4
V_DENSE,joint,joint_n6k1h4_010,SOLVED,True,21,True,21,21,117,22,0,-43.338932037353516,-789.0159912109375,94,21,21,94,0.46,0.0144,0.0209,0.42325747599534225,0.4217509319714736,0.419,,0.002,0.037,False,,21,21,21,exact,1.0,1.0,6,,4,False,1,,278,FALSE,n6k1h4
V_DENSE,joint,joint_n6k1h4_014,SOLVED,True,14,True,14,14,84,13,0,-81.97640228271484,-800.079345703125,69,14,14,69,0.327,0.0138,0.0204,0.291554367999197,0.29067407798720524,0.289,,0.002,0.038,False,,14,14,14,exact,1.0,1.0,6,,4,False,1,,278,FALSE,n6k1h4
V_DENSE,joint,joint_n6k2h2_002,SOLVED,True,20,True,20,20,118,21,0,-27.834110260009766,-848.2962646484375,95,20,20,95,0.443,0.0128,0.0209,0.4075153070007218,0.406267046026187,0.404,,0.002,0.038,False,,20,20,20,exact,1.0,1.0,6,,2,True,1,,278,FALSE,n6k2h2
V_DENSE,joint,joint_n6k2h2_006,SOLVED,True,24,True,24,24,154,25,0,-46.03237533569336,-931.2921752929688,128,24,24,128,0.509,0.0129,0.0205,0.47469708100834396,0.47325517698482145,0.471,,0.002,0.041,False,,24,24,24,exact,1.0,1.0,6,,2,True,1,,278,FALSE,n6k2h2
V_DENSE,joint,joint_n6k2h2_010,SOLVED,True,14,True,14,14,78,12,0,-89.5866928100586,-866.9918212890625,62,14,14,62,0.325,0.0149,0.0204,0.28815750901412684,0.2872156130033545,0.286,,0.002,0.038,False,,14,14,14,exact,1.0,1.0,6,,2,False,1,,278,FALSE,n6k2h2
V_DENSE,joint,joint_n6k2h2_014,SOLVED,True,15,True,15,15,93,15,0,-251.3455047607422,-942.431640625,75,15,15,75,0.34,0.013,0.0204,0.3054045379976742,0.30439493599988054,0.303,,0.002,0.041,False,,14,14,14,exact,1.0714285714285714,1.0714285714285714,6,,2,False,1,,278,FALSE,n6k2h2
V_DENSE,joint,joint_n6k2h4_002,SOLVED,True,24,True,24,24,143,23,0,-50.85224914550781,-831.5291748046875,119,24,24,119,0.506,0.0138,0.0206,0.47040596800798085,0.4687133660190739,0.466,,0.002,0.041,False,,22,22,22,exact,1.0909090909090908,1.0909090909090908,6,,4,True,1,,278,FALSE,n6k2h4
V_DENSE,joint,joint_n6k2h4_006,SOLVED,True,22,True,22,22,126,22,0,-53.195411682128906,-831.5291748046875,103,22,22,103,0.463,0.0136,0.0205,0.42758860100002494,0.42620839303708635,0.424,,0.002,0.042,False,,22,22,22,exact,1.0,1.0,6,,4,True,1,,278,FALSE,n6k2h4
V_DENSE,joint,joint_n6k2h4_010,SOLVED,True,18,True,18,18,101,16,0,-72.80226135253906,-837.683837890625,84,18,18,84,0.397,0.0137,0.0205,0.3611097740067635,0.35984023002674803,0.358,,0.002,0.039,False,,18,18,18,exact,1.0,1.0,6,,4,False,1,,278,FALSE,n6k2h4
V_DENSE,joint,joint_n6k2h4_014,SOLVED,True,10,True,11,11,49,9,0,-313.294189453125,-831.5292358398438,39,11,11,39,0.267,0.0138,0.0226,0.22904537800059188,0.22849343599227723,0.228,,0.002,0.035,False,,10,10,10,exact,1.0,1.0,6,,4,False,1,,278,TRUE,n6k2h4
V_DENSE,joint,joint_n8k1h2_002,SOLVED,True,26,True,34,34,256,40,0,-436.359619140625,-1305.13037109375,215,34,34,215,0.766,0.0235,0.0375,0.7029849969985662,0.7003718899650266,0.697,,0.024,0.061,False,,22,22,22,optimal_lmcut,1.1818181818181819,1.1818181818181819,8,,2,True,1,,482,UNKNOWN,n8k1h2
V_DENSE,joint,joint_n8k1h2_006,SOLVED,True,24,True,26,26,202,27,0,-146.44149780273438,-1200.8544921875,172,26,26,172,0.609,0.0229,0.0375,0.5467353139974875,0.5446084039722336,0.542,,0.005,0.061,False,,24,24,24,optimal_lmcut,1.0,1.0,8,,2,True,1,,482,UNKNOWN,n8k1h2
V_DENSE,joint,joint_n8k1h2_010,SOLVED,True,18,True,18,18,129,17,0,-169.10488891601562,-1210.71826171875,110,18,18,110,0.459,0.0231,0.0369,0.39740136500040535,0.39589643404178787,0.394,,0.004,0.059,False,,18,18,18,optimal_lmcut,1.0,1.0,8,,2,False,1,,482,UNKNOWN,n8k1h2
V_DENSE,joint,joint_n8k1h2_014,SOLVED,True,16,True,16,16,124,16,0,-316.4825134277344,-1196.875244140625,104,16,16,104,0.425,0.0245,0.0368,0.36189604400715325,0.360600346015417,0.359,,0.004,0.059,False,,16,16,16,optimal_lmcut,1.0,1.0,8,,2,False,1,,482,UNKNOWN,n8k1h2
V_DENSE,joint,joint_n8k1h4_002,SOLVED,True,33,True,33,33,262,38,0,-278.4412841796875,-1227.258056640625,222,33,33,222,0.738,0.0214,0.0376,0.677559896997991,0.6749215119489236,0.672,,0.004,0.063,False,,30,30,30,optimal_lmcut,1.1,1.1,8,,4,True,1,,482,UNKNOWN,n8k1h4
V_DENSE,joint,joint_n8k1h4_006,SOLVED,True,27,True,27,27,223,29,0,-317.52716064453125,-1236.7669677734375,193,27,27,193,0.627,0.0216,0.0371,0.5659350019996054,0.5638379600277403,0.561,,0.004,0.063,False,,26,26,26,optimal_lmcut,1.0384615384615385,1.0384615384615385,8,,4,True,1,,482,UNKNOWN,n8k1h4
V_DENSE,joint,joint_n8k1h4_010,SOLVED,True,18,True,18,18,145,17,0,-162.39285278320312,-1174.714599609375,124,18,18,124,0.458,0.022,0.0369,0.397387687000446,0.39602453300904017,0.394,,0.004,0.061,False,,18,18,18,optimal_lmcut,1.0,1.0,8,,4,False,1,,482,UNKNOWN,n8k1h4
V_DENSE,joint,joint_n8k1h4_014,SOLVED,True,35,True,59,59,443,96,1,-320.73297119140625,-1236.84326171875,344,59,59,344,1.221,0.0212,0.0366,1.1611345629935386,1.1561851149890572,1.15,,0.004,0.064,False,,18,18,18,optimal_lmcut,1.9444444444444444,1.9444444444444444,8,,4,False,1,,482,UNKNOWN,n8k1h4
V_DENSE,joint,joint_n8k2h2_002,SOLVED,True,28,True,28,28,239,30,0,-133.4024200439453,-1229.489990234375,205,28,28,205,0.655,0.0214,0.0372,0.5939034790062578,0.5915955729724374,0.589,,0.004,0.065,False,,26,26,26,optimal_lmcut,1.0769230769230769,1.0769230769230769,8,,2,True,1,,482,UNKNOWN,n8k2h2
V_DENSE,joint,joint_n8k2h2_006,SOLVED,True,23,True,23,23,195,25,0,-147.41676330566406,-1231.646728515625,168,23,23,168,0.56,0.0218,0.037,0.49931168799230363,0.49716890799754765,0.495,,0.004,0.065,False,,23,23,23,optimal_lmcut,1.0,1.0,8,,2,True,1,,482,UNKNOWN,n8k2h2
V_DENSE,joint,joint_n8k2h2_010,SOLVED,True,16,True,16,16,116,16,0,-494.19732666015625,-1326.11083984375,99,16,16,99,0.425,0.0233,0.037,0.3630612560082227,0.3616441530321026,0.36,,0.004,0.063,False,,16,16,16,optimal_lmcut,1.0,1.0,8,,2,False,1,,482,UNKNOWN,n8k2h2
V_DENSE,joint,joint_n8k2h2_014,SOLVED,True,14,True,14,14,103,12,0,-339.8437805175781,-1365.50146484375,88,14,14,88,0.387,0.0217,0.0371,0.3258466350089293,0.32461541806696914,0.323,,0.004,0.063,False,,14,14,14,optimal_lmcut,1.0,1.0,8,,2,False,1,,482,UNKNOWN,n8k2h2
V_DENSE,joint,joint_n8k2h4_002,SOLVED,True,28,True,28,28,217,28,0,-133.66551208496094,-1178.0927734375,185,28,28,185,0.654,0.0247,0.0368,0.5906296780012781,0.588170168994111,0.585,,0.004,0.067,False,,28,28,28,optimal_lmcut,1.0,1.0,8,,4,True,1,,482,UNKNOWN,n8k2h4
V_DENSE,joint,joint_n8k2h4_006,SOLVED,True,54,True,102,102,765,173,0,-97.91976165771484,-1252.1800537109375,591,102,102,591,2.018,0.0231,0.0368,1.9563577469962183,1.9479350480396533,1.938,,0.004,0.067,False,,28,28,28,optimal_lmcut,1.9285714285714286,1.9285714285714286,8,,4,True,1,,482,UNKNOWN,n8k2h4
V_DENSE,joint,joint_n8k2h4_010,SOLVED,True,25,True,25,25,165,26,0,-324.44525146484375,-1297.266357421875,137,25,25,137,0.59,0.0216,0.0374,0.5287310310086468,0.5266538039722946,0.524,,0.004,0.06,False,,22,22,22,optimal_lmcut,1.1363636363636365,1.1363636363636365,8,,4,False,1,,482,UNKNOWN,n8k2h4
V_DENSE,joint,joint_n8k2h4_014,SOLVED,True,23,True,25,25,172,28,0,-359.2032165527344,-1300.7088623046875,142,25,25,142,0.592,0.0215,0.0368,0.5316700760013191,0.5295425170188537,0.527,,0.004,0.065,False,,20,20,20,optimal_lmcut,1.15,1.15,8,,4,False,1,,482,UNKNOWN,n8k2h4
V_DENSE,joint,joint_n6k1h2_003,SOLVED,True,15,True,15,15,82,13,0,-243.21214294433594,-824.2954711914062,67,15,15,67,0.348,0.0143,0.0209,0.31183656699431594,0.31077254298725165,0.309,,0.005,0.036,False,,15,15,15,exact,1.0,1.0,6,,2,True,1,,278,FALSE,n6k1h2
V_DENSE,joint,joint_n6k1h2_007,SOLVED,True,24,True,26,26,145,26,0,-36.90623092651367,-904.443603515625,118,26,26,118,0.537,0.0134,0.0208,0.5019687159947352,0.5001800379977794,0.497,,0.005,0.039,False,,24,24,24,exact,1.0,1.0,6,,2,True,1,,278,FALSE,n6k1h2
V_DENSE,joint,joint_n6k1h2_011,SOLVED,True,14,True,14,14,78,15,0,-83.82876586914062,-824.6932373046875,60,14,14,60,0.324,0.0127,0.0209,0.28930241499620024,0.2883471550012473,0.287,,0.003,0.034,False,,14,14,14,exact,1.0,1.0,6,,2,False,1,,278,FALSE,n6k1h2
V_DENSE,joint,joint_n6k1h2_015,SOLVED,True,8,True,8,8,51,6,0,-380.0784912109375,-827.9229736328125,41,8,8,41,0.213,0.0128,0.0205,0.17877882599714212,0.17827623002813198,0.178,,0.002,0.037,False,,8,8,8,exact,1.0,1.0,6,,2,False,1,,278,FALSE,n6k1h2
V_DENSE,joint,joint_n6k1h4_003,SOLVED,True,27,True,28,28,162,32,0,-59.690773010253906,-789.0159301757812,129,28,28,129,0.573,0.0135,0.0208,0.5372556769871153,0.5353104050445836,0.532,,0.002,0.037,False,,22,22,22,exact,1.2272727272727273,1.2272727272727273,6,,4,True,1,,278,FALSE,n6k1h4
V_DENSE,joint,joint_n6k1h4_007,SOLVED,True,26,True,26,26,156,25,0,-41.175689697265625,-794.6049194335938,130,26,26,130,0.535,0.0138,0.0208,0.49925742601044476,0.4975188800453907,0.495,,0.002,0.037,False,,26,26,26,exact,1.0,1.0,6,,4,True,1,,278,FALSE,n6k1h4
V_DENSE,joint,joint_n6k1h4_011,SOLVED,True,14,True,14,14,88,13,0,-250.1597137451172,-800.0794067382812,74,14,14,74,0.326,0.013,0.0204,0.2910338090005098,0.29003233401454054,0.288,,0.002,0.037,False,,14,14,14,exact,1.0,1.0,6,,4,False,1,,278,TRUE,n6k1h4
V_DENSE,joint,joint_n6k1h4_015,SOLVED,True,12,True,12,12,66,11,0,-255.70297241210938,-734.39794921875,52,12,12,52,0.29,0.0157,0.02,0.252707098989049,0.2518830819899449,0.251,,0.002,0.038,False,,12,12,12,exact,1.0,1.0,6,,4,False,1,,278,TRUE,n6k1h4
V_DENSE,joint,joint_n6k2h2_003,SOLVED,True,22,True,22,22,152,22,0,-81.89225006103516,-940.2688598632812,127,22,22,127,0.472,0.0132,0.0206,0.43730347100063227,0.4357189410220599,0.433,,0.002,0.041,False,,22,22,22,exact,1.0,1.0,6,,2,True,1,,278,FALSE,n6k2h2
V_DENSE,joint,joint_n6k2h2_007,SOLVED,True,24,True,24,24,144,24,0,-28.445316314697266,-940.2689208984375,118,24,24,118,0.502,0.0128,0.0205,0.46772557898657396,0.466192944048089,0.464,,0.002,0.041,False,,24,24,24,exact,1.0,1.0,6,,2,True,1,,278,FALSE,n6k2h2
V_DENSE,joint,joint_n6k2h2_011,SOLVED,True,10,True,10,10,54,9,0,-259.3565979003906,-866.9918212890625,42,10,10,42,0.253,0.0138,0.0204,0.2179750020004576,0.21727631798421498,0.216,,0.002,0.038,False,,10,10,10,exact,1.0,1.0,6,,2,False,1,,278,FALSE,n6k2h2
V_DENSE,joint,joint_n6k2h2_015,SOLVED,True,14,True,14,14,78,12,0,-78.1366958618164,-867.752197265625,62,14,14,62,0.323,0.0131,0.0204,0.2880711440084269,0.28708036500029266,0.285,,0.002,0.037,False,,14,14,14,exact,1.0,1.0,6,,2,False,1,,278,FALSE,n6k2h2
V_DENSE,joint,joint_n6k2h4_003,SOLVED,True,18,True,18,18,109,18,0,-299.13275146484375,-806.3057861328125,90,18,18,90,0.396,0.0129,0.0205,0.3612653309974121,0.3599949380150065,0.358,,0.002,0.041,False,,16,16,16,exact,1.125,1.125,6,,4,True,1,,278,FALSE,n6k2h4
V_DENSE,joint,joint_n6k2h4_007,SOLVED,True,22,True,22,22,122,22,0,-58.919464111328125,-808.2865600585938,99,22,22,99,0.47,0.0126,0.0207,0.4355419299972709,0.43397154202102683,0.431,,0.002,0.042,False,,22,22,22,exact,1.0,1.0,6,,4,True,1,,278,FALSE,n6k2h4
V_DENSE,joint,joint_n6k2h4_011,SOLVED,True,16,True,17,17,103,17,0,-95.00068664550781,-837.683837890625,84,17,17,84,0.384,0.013,0.0205,0.3493126490066061,0.3481146640406223,0.346,,0.002,0.039,False,,14,14,14,exact,1.1428571428571428,1.1428571428571428,6,,4,False,1,,278,FALSE,n6k2h4
V_DENSE,joint,joint_n6k2h4_015,SOLVED,True,14,True,15,15,80,15,0,-275.703369140625,-835.3951416015625,64,15,15,64,0.347,0.0141,0.0206,0.31123488600132987,0.31011691701132804,0.308,,0.002,0.038,False,,14,14,14,exact,1.0,1.0,6,,4,False,1,,278,FALSE,n6k2h4
V_DENSE,joint,joint_n8k1h2_003,SOLVED,True,25,True,27,27,227,30,0,-432.7396545410156,-1304.974853515625,196,27,27,196,0.653,0.0217,0.0373,0.5920129980077036,0.5895334410306532,0.586,,0.024,0.061,False,,22,22,22,optimal_lmcut,1.1363636363636365,1.1363636363636365,8,,2,True,1,,482,UNKNOWN,n8k1h2
V_DENSE,joint,joint_n8k1h2_007,SOLVED,True,32,True,33,33,285,37,0,-131.42669677734375,-1302.3505859375,247,33,33,247,0.761,0.0221,0.0382,0.6991226089885458,0.6959899879730074,0.692,,0.005,0.061,False,,24,24,24,optimal_lmcut,1.3333333333333333,1.3333333333333333,8,,2,True,1,,482,UNKNOWN,n8k1h2
V_DENSE,joint,joint_n8k1h2_011,SOLVED,True,16,True,16,16,124,15,0,-325.7498779296875,-1234.6143798828125,103,16,16,103,0.429,0.0251,0.0371,0.36529246300051454,0.3638464480172843,0.362,,0.004,0.059,False,,16,16,16,optimal_lmcut,1.0,1.0,8,,2,False,1,,482,UNKNOWN,n8k1h2
V_DENSE,joint,joint_n8k1h2_015,SOLVED,True,20,True,20,20,147,20,0,-174.0369873046875,-1326.21142578125,126,20,20,126,0.501,0.0234,0.0367,0.43914986499294173,0.4373716979753226,0.435,,0.004,0.055,False,,20,20,20,optimal_lmcut,1.0,1.0,8,,2,False,1,,482,UNKNOWN,n8k1h2
V_DENSE,joint,joint_n8k1h4_003,SOLVED,True,55,True,146,146,1102,271,4,-177.51707458496094,-1221.36474609375,826,145,145,826,2.836,0.0217,0.0366,2.7757039930002065,2.762401794010657,2.745,,0.003,0.063,False,,25,25,25,optimal_lmcut,2.2,2.2,8,,4,True,1,,482,UNKNOWN,n8k1h4
V_DENSE,joint,joint_n8k1h4_007,SOLVED,True,36,True,37,37,264,38,0,-296.71197509765625,-1225.095703125,224,37,37,224,0.823,0.0247,0.0378,0.7588221629994223,0.7553887940885033,0.751,,0.004,0.063,False,,26,26,26,optimal_lmcut,1.3846153846153846,1.3846153846153846,8,,4,True,1,,482,UNKNOWN,n8k1h4
V_DENSE,joint,joint_n8k1h4_011,SOLVED,True,24,True,24,24,174,22,0,-316.454833984375,-1253.03662109375,149,24,24,149,0.579,0.0218,0.0371,0.5178053699928569,0.5156983610213501,0.513,,0.004,0.056,False,,18,18,18,optimal_lmcut,1.3333333333333333,1.3333333333333333,8,,4,False,1,,482,UNKNOWN,n8k1h4
V_DENSE,joint,joint_n8k1h4_015,SOLVED,True,22,True,22,22,159,20,0,-175.9081573486328,-1273.33984375,138,22,22,138,0.544,0.0236,0.0375,0.4811260999995284,0.47914248099550605,0.477,,0.003,0.061,False,,20,20,20,optimal_lmcut,1.1,1.1,8,,4,False,1,,482,UNKNOWN,n8k1h4
V_DENSE,joint,joint_n8k2h2_003,SOLVED,True,33,True,33,33,282,36,0,-89.48722076416016,-1327.0675048828125,245,33,33,245,0.757,0.0217,0.0368,0.6969552719965577,0.6938791999709792,0.69,,0.004,0.065,False,,32,32,32,optimal_lmcut,1.03125,1.03125,8,,2,True,1,,482,UNKNOWN,n8k2h2
V_DENSE,joint,joint_n8k2h2_007,SOLVED,True,24,True,24,24,203,26,0,-278.21527099609375,-1334.352294921875,173,24,24,173,0.58,0.0216,0.0376,0.5186080450075679,0.5162633759318851,0.513,,0.004,0.065,False,,24,24,24,optimal_lmcut,1.0,1.0,8,,2,True,1,,482,UNKNOWN,n8k2h2
V_DENSE,joint,joint_n8k2h2_011,SOLVED,True,20,True,20,20,150,18,0,-320.28656005859375,-1351.91650390625,129,20,20,129,0.501,0.0236,0.0372,0.43857852699875366,0.4367210539930966,0.434,,0.004,0.063,False,,18,18,18,optimal_lmcut,1.1111111111111112,1.1111111111111112,8,,2,False,1,,482,UNKNOWN,n8k2h2
V_DENSE,joint,joint_n8k2h2_015,SOLVED,True,22,True,22,22,147,22,0,-158.17848205566406,-1345.3232421875,123,22,22,123,0.537,0.0232,0.0372,0.4746578659978695,0.47268906705721747,0.47,,0.003,0.063,False,,20,20,20,optimal_lmcut,1.1,1.1,8,,2,False,1,,482,UNKNOWN,n8k2h2
V_DENSE,joint,joint_n8k2h4_003,SOLVED,True,26,True,26,26,214,28,0,-139.87713623046875,-1311.3724365234375,183,26,26,183,0.622,0.0221,0.0377,0.5604083749931306,0.5580238020629622,0.555,,0.004,0.064,False,,26,26,26,optimal_lmcut,1.0,1.0,8,,4,True,1,,482,UNKNOWN,n8k2h4
V_DENSE,joint,joint_n8k2h4_007,SOLVED,True,29,True,30,30,215,32,0,-147.70652770996094,-1307.6070556640625,180,30,30,180,0.691,0.0232,0.0371,0.6291633950022515,0.6264791399880778,0.623,,0.003,0.064,False,,27,27,27,optimal_lmcut,1.0740740740740742,1.0740740740740742,8,,4,True,1,,482,UNKNOWN,n8k2h4
V_DENSE,joint,joint_n8k2h4_011,SOLVED,True,14,True,14,14,100,12,0,-380.9764404296875,-1210.195556640625,84,14,14,84,0.392,0.0235,0.0369,0.32972770600463264,0.3284824159491109,0.327,,0.004,0.065,False,,14,14,14,optimal_lmcut,1.0,1.0,8,,4,False,1,,482,UNKNOWN,n8k2h4
V_DENSE,joint,joint_n8k2h4_015,SOLVED,True,16,True,16,16,110,14,0,-350.82000732421875,-1335.018310546875,95,16,16,95,0.429,0.0219,0.0371,0.36768711199692916,0.36632474603538867,0.364,,0.003,0.061,False,,16,16,16,optimal_lmcut,1.0,1.0,8,,4,False,1,,482,UNKNOWN,n8k2h4
V_DENSE,struct,struct_n4_000,SOLVED,True,19,True,19,19,94,22,0,16.922565460205078,-547.5912475585938,71,19,19,71,0.37,0.0067,0.0098,0.35231020901119336,0.35138582398940343,0.35,,0.004,0.028,False,,18,18,18,exact,1.0555555555555556,1.0555555555555556,4,,2,True,1,,130,FALSE,
V_DENSE,struct,struct_n4_001,SOLVED,True,14,True,14,14,57,14,0,15.347210884094238,-560.0350952148438,41,14,14,41,0.274,0.0063,0.0097,0.25723450900113676,0.25662490898685064,0.255,,0.001,0.028,False,,14,14,14,exact,1.0,1.0,4,,2,True,1,,130,TRUE,
V_DENSE,struct,struct_n4_002,SOLVED,True,14,True,14,14,62,15,0,-17.106529235839844,-547.5911865234375,46,14,14,46,0.273,0.0064,0.0095,0.2565475440060254,0.2559825470088981,0.255,,0.001,0.027,False,,14,14,14,exact,1.0,1.0,4,,2,True,1,,130,FALSE,
V_DENSE,struct,struct_n4_003,SOLVED,True,9,True,9,9,43,8,0,-149.36709594726562,-547.5911865234375,34,9,9,34,0.196,0.0061,0.0099,0.17928675599978305,0.1788212819956243,0.178,,0.001,0.028,False,,9,9,9,exact,1.0,1.0,4,,2,True,1,,130,FALSE,
V_DENSE,struct,struct_n4_004,SOLVED,True,14,True,14,14,62,14,0,-6.581809043884277,-557.2149658203125,46,14,14,46,0.274,0.0068,0.0096,0.25634336499206256,0.2557196769921575,0.255,,0.001,0.027,False,,14,14,14,exact,1.0,1.0,4,,2,True,1,,130,FALSE,
V_DENSE,struct,struct_n4_005,SOLVED,True,13,True,13,13,62,14,0,-11.911317825317383,-560.0350341796875,46,13,13,46,0.257,0.0065,0.0095,0.24027613800717518,0.239699469981133,0.239,,0.001,0.027,False,,13,13,13,exact,1.0,1.0,4,,2,True,1,,130,FALSE,
V_DENSE,struct,struct_n4_006,SOLVED,True,18,True,18,18,80,19,0,42.4675407409668,-547.5911865234375,60,18,18,60,0.341,0.0068,0.0096,0.3238704170071287,0.3232022130105179,0.322,,0.001,0.029,False,,18,18,18,exact,1.0,1.0,4,,2,True,1,,130,FALSE,
V_DENSE,struct,struct_n4_007,SOLVED,True,16,True,16,16,66,15,0,5.606488227844238,-547.5911865234375,50,16,16,50,0.309,0.0064,0.0095,0.2927782040060265,0.2920468900119886,0.291,,0.001,0.028,False,,14,14,14,exact,1.1428571428571428,1.1428571428571428,4,,2,True,1,,130,TRUE,
V_DENSE,struct,struct_n4_008,SOLVED,True,10,True,10,10,37,8,0,-10.684138298034668,-556.6806640625,27,10,10,27,0.207,0.0064,0.0094,0.19059101700258907,0.19006411501322873,0.189,,0.001,0.027,False,,10,10,10,exact,1.0,1.0,4,,2,False,1,,130,FALSE,
V_DENSE,struct,struct_n4_009,SOLVED,True,13,True,13,13,59,12,0,-1.1045970916748047,-560.0350952148438,46,13,13,46,0.266,0.0066,0.0094,0.24938287600525655,0.24865692600724287,0.247,,0.001,0.028,False,,13,13,13,exact,1.0,1.0,4,,2,False,1,,130,FALSE,
V_DENSE,struct,struct_n4_010,SOLVED,True,15,True,15,15,63,15,0,15.566386222839355,-560.0350952148438,47,15,15,47,0.289,0.0069,0.0095,0.27166605700040236,0.2710970949847251,0.27,,0.001,0.028,False,,15,15,15,exact,1.0,1.0,4,,2,False,1,,130,FALSE,
V_DENSE,struct,struct_n4_011,SOLVED,True,11,True,11,11,48,10,0,-16.43575668334961,-560.0350341796875,36,11,11,36,0.221,0.0066,0.0095,0.20425035299558658,0.2038032689888496,0.203,,0.001,0.028,False,,10,10,10,exact,1.1,1.1,4,,2,False,1,,130,FALSE,
V_DENSE,struct,struct_n4_012,SOLVED,True,12,True,12,12,51,10,0,4.040300369262695,-560.0350952148438,39,12,12,39,0.243,0.0069,0.0095,0.2254260099871317,0.22491380298743024,0.224,,0.001,0.028,False,,12,12,12,exact,1.0,1.0,4,,2,False,1,,130,FALSE,
V_DENSE,struct,struct_n4_013,SOLVED,True,4,True,4,4,15,2,0,-344.32196044921875,-560.0350952148438,12,4,4,12,0.103,0.0066,0.0096,0.08576072499272414,0.08556398701330181,0.085,,0.001,0.028,False,,4,4,4,exact,1.0,1.0,4,,2,False,1,,130,FALSE,
V_DENSE,struct,struct_n4_014,SOLVED,True,2,True,2,2,6,0,0,-485.64697265625,-542.2509765625,5,2,2,5,0.122,0.0122,0.0177,0.09053635101008695,0.09039746399503201,0.09,,0.001,0.028,False,,2,2,2,exact,1.0,1.0,4,,2,False,1,,130,FALSE,
V_DENSE,struct,struct_n4_015,SOLVED,True,13,True,13,13,48,12,0,33.85459899902344,-557.2149658203125,34,13,13,34,0.259,0.0073,0.0094,0.24167020700406283,0.24102397997921798,0.24,,0.001,0.028,False,,13,13,13,exact,1.0,1.0,4,,2,False,1,,130,TRUE,
V_DENSE,struct,struct_n5_000,SOLVED,True,16,True,16,16,87,17,0,-224.06185913085938,-680.8245849609375,69,16,16,69,0.336,0.0095,0.0144,0.31075513300311286,0.3097615830192808,0.308,,0.002,0.034,False,,16,16,16,exact,1.0,1.0,5,,3,True,1,,197,FALSE,
V_DENSE,struct,struct_n5_001,SOLVED,True,20,True,20,20,106,19,0,-19.899883270263672,-681.079833984375,86,20,20,86,0.4,0.0099,0.0144,0.3743819869996514,0.37331266002729535,0.372,,0.002,0.032,False,,20,20,20,exact,1.0,1.0,5,,3,True,1,,197,FALSE,
V_DENSE,struct,struct_n5_002,SOLVED,True,20,True,21,21,107,22,0,-32.94855499267578,-682.8003540039062,84,21,21,84,0.417,0.0094,0.0144,0.3916596319904784,0.3905226389906602,0.389,,0.001,0.033,False,,20,20,20,exact,1.0,1.0,5,,3,True,1,,197,FALSE,
V_DENSE,struct,struct_n5_003,SOLVED,True,17,True,17,17,78,16,0,-17.982263565063477,-661.6163940429688,61,17,17,61,0.349,0.0099,0.0147,0.3233051410061307,0.32226589204219636,0.321,,0.001,0.033,False,,17,17,17,exact,1.0,1.0,5,,3,True,1,,197,FALSE,
V_DENSE,struct,struct_n5_004,SOLVED,True,18,True,18,18,96,18,0,-184.93783569335938,-677.6348876953125,76,18,18,76,0.366,0.0094,0.0145,0.3409454339998774,0.339844018992153,0.338,,0.001,0.034,False,,18,18,18,exact,1.0,1.0,5,,3,True,1,,197,FALSE,
V_DENSE,struct,struct_n5_005,SOLVED,True,23,True,23,23,133,26,0,-6.717920303344727,-661.616455078125,106,23,23,106,0.454,0.0095,0.0145,0.42882119699788745,0.4273676680459175,0.425,,0.001,0.035,False,,22,22,22,exact,1.0454545454545454,1.0454545454545454,5,,3,True,1,,197,TRUE,
V_DENSE,struct,struct_n5_006,SOLVED,True,22,True,22,22,120,24,0,-6.737754821777344,-681.0798950195312,95,22,22,95,0.437,0.0095,0.0145,0.4123733849992277,0.4109939089830732,0.409,,0.001,0.033,False,,20,20,20,exact,1.1,1.1,5,,3,True,1,,197,TRUE,
V_DENSE,struct,struct_n5_007,SOLVED,True,16,True,18,18,92,21,0,-29.407569885253906,-680.8245849609375,70,18,18,70,0.366,0.0093,0.0147,0.34087568799441215,0.3397526520129759,0.338,,0.001,0.035,False,,16,16,16,exact,1.0,1.0,5,,3,True,1,,197,TRUE,
V_DENSE,struct,struct_n5_008,SOLVED,True,15,True,15,15,66,15,0,-48.21617889404297,-683.8687133789062,50,15,15,50,0.315,0.0093,0.0145,0.29021213798841927,0.28935058001661673,0.288,,0.001,0.035,False,,15,15,15,exact,1.0,1.0,5,,3,False,1,,197,FALSE,
V_DENSE,struct,struct_n5_009,SOLVED,True,15,True,15,15,81,14,0,-37.049129486083984,-682.8003540039062,65,15,15,65,0.311,0.0095,0.0146,0.286159224997391,0.2853977680497337,0.284,,0.001,0.034,False,,13,13,13,exact,1.1538461538461537,1.1538461538461537,5,,3,False,1,,197,FALSE,
V_DENSE,struct,struct_n5_010,SOLVED,True,14,True,14,14,64,12,0,-50.76154327392578,-702.9266357421875,50,14,14,50,0.293,0.0096,0.0146,0.26768542699574027,0.26700301803066395,0.266,,0.001,0.034,False,,14,14,14,exact,1.0,1.0,5,,3,False,1,,197,FALSE,
V_DENSE,struct,struct_n5_011,SOLVED,True,8,True,8,8,39,6,0,-240.90428161621094,-682.8003540039062,31,8,8,31,0.194,0.0094,0.0145,0.16864822400384583,0.16819897602545097,0.168,,0.001,0.034,False,,8,8,8,exact,1.0,1.0,5,,3,False,1,,197,FALSE,
V_DENSE,struct,struct_n5_012,SOLVED,True,15,True,15,15,78,15,0,4.5959320068359375,-681.0799560546875,62,15,15,62,0.314,0.0093,0.0147,0.288971361995209,0.2881249849742744,0.287,,0.001,0.036,False,,15,15,15,exact,1.0,1.0,5,,3,False,1,,197,TRUE,
V_DENSE,struct,struct_n5_013,SOLVED,True,11,True,11,11,56,10,0,-218.4010009765625,-682.8003540039062,44,11,11,44,0.248,0.0102,0.0145,0.22207378299208358,0.22135949101357255,0.22,,0.001,0.034,False,,10,10,10,exact,1.1,1.1,5,,3,False,1,,197,TRUE,
V_DENSE,struct,struct_n5_014,SOLVED,True,14,True,14,14,69,12,0,-22.265417098999023,-704.1281127929688,56,14,14,56,0.302,0.0101,0.0146,0.27631960398866795,0.2754300670058001,0.274,,0.001,0.034,False,,14,14,14,exact,1.0,1.0,5,,3,False,1,,197,TRUE,
V_DENSE,struct,struct_n5_015,SOLVED,True,14,True,14,14,62,12,0,-182.0650634765625,-681.718017578125,49,14,14,49,0.296,0.0104,0.0144,0.2705130469985306,0.2697179019887699,0.268,,0.001,0.033,False,,14,14,14,exact,1.0,1.0,5,,3,False,1,,197,FALSE,
V_MG,ipc,ipc_p01,SOLVED,True,11,True,13,13,78,23,0,69.60167694091797,18.266246795654297,51,13,13,51,0.24,0.0073,0.0057,0.22626415301056113,0.22557036000944208,0.224,,0.003,0.026,False,,10,10,10,optimal_lmcut,1.1,1.1,2,,1,True,2,,84,UNKNOWN,
V_MG,ipc,ipc_p03,SOLVED,True,30,True,47,47,397,112,4,175.1582794189453,14.106376647949219,277,47,47,277,0.921,0.0386,0.0263,0.8544823019910837,0.8511749399767723,0.846,,0.027,0.047,False,,27,27,27,optimal_lmcut,1.1111111111111112,1.1111111111111112,6,,3,True,2,,372,UNKNOWN,
V_MG,ipc,ipc_p05,SOLVED,True,63,True,174,174,1703,588,4,267.0826110839844,47.59579849243164,1109,174,174,1109,3.368,0.1005,0.064,3.2006030260090483,3.1860247350414284,3.169,,0.009,0.092,False,,,45,45,best_known_lama,,1.4,10,,6,True,2,,852,UNKNOWN,
V_MG,ipc,ipc_p07,SOLVED,True,29,True,47,47,457,128,1,140.01019287109375,-7.6244378089904785,324,47,47,324,0.933,0.0439,0.0318,0.855634163992363,0.852156428998569,0.848,,0.002,0.057,False,,21,21,21,optimal_lmcut,1.380952380952381,1.380952380952381,6,,3,True,2,,444,UNKNOWN,
V_MG,ipc,ipc_p09,SOLVED,True,80,True,296,296,3948,1019,30,345.3802490234375,-35.63996124267578,2896,296,296,2896,7.813,0.2984,0.1489,7.358571222997853,7.321795050054789,7.292,,0.018,0.231,False,,,61,74,best_known_lama,,1.3114754098360655,15,,4,True,2,,1902,UNKNOWN,
V_MG,ipc,ipc_p11,SOLVED,True,103,True,3283,3283,48692,30516,1636,249.18719482421875,-60.7451171875,16540,3247,3247,16540,61.218,0.3117,0.1428,60.75470637700346,60.35934235616878,60.046,,0.016,0.252,False,,,50,60,best_known_lama,,2.06,10,,3,True,2,,1920,UNKNOWN,
V_MG,ipc,ipc_p13,SOLVED,True,28,True,76,76,1203,482,15,164.77362060546875,-46.957515716552734,701,76,76,701,1.822,0.1664,0.0779,1.5742232689954108,1.565265188983176,1.557,,0.003,0.155,False,,25,25,25,optimal_lmcut,1.12,1.12,6,,1,True,2,,1056,UNKNOWN,
V_MG,ipc,ipc_p15,SOLVED,True,130,True,3961,3961,73600,38214,1280,326.52166748046875,-103.42215728759766,34106,3961,3961,34106,134.12,0.7216,0.3625,133.0162500610022,132.27004872291582,131.852,,0.049,0.601,False,,,71,78,best_known_lama,,1.8309859154929577,15,,6,True,2,,4170,UNKNOWN,
V_MG,ipc,ipc_p17,TIMEOUT,False,,,8882,,216477,103450,3271,179.6034393310547,31.168018341064453,109757,8883,8883,109757,300.059,0.4116,0.2441,299.37391184299486,297.90591502211464,296.929,,0.039,0.569,True,,,25,25,best_known_lama,,,10,,3,True,4,,3098,UNKNOWN,
V_MG,ipc,ipc_p19,TIMEOUT,False,,,13938,,470836,361531,13118,169.07559204101562,70.02513885498047,96188,13939,13939,96188,300.034,0.3629,0.1786,299.46791014500195,296.93542169021384,295.466,,0.02,0.625,True,,,37,40,best_known_lama,,,8,,3,True,4,,2480,UNKNOWN,
V_MG,ipc,ipc_p21,TIMEOUT,False,,,1256,,98765,42580,2680,203.0178680419922,-45.031089782714844,53506,1257,1539,53506,300.05,1.3724,1.0225,297.6187819589977,297.09354850389354,296.899,,0.081,2.12,True,,,34,34,best_known_lama,,,10,,1,True,6,,8862,UNKNOWN,
V_MG,ipc,ipc_p02,SOLVED,True,17,True,20,20,145,37,1,105.7178726196289,17.251996994018555,103,20,20,103,0.526,0.0191,0.0146,0.4907249959942419,0.4895696300518466,0.488,,0.004,0.033,False,,15,15,15,optimal_lmcut,1.1333333333333333,1.1333333333333333,4,,2,True,2,,204,UNKNOWN,
V_MG,ipc,ipc_p04,SOLVED,True,37,True,98,98,855,306,6,167.59085083007812,17.83226203918457,539,98,98,539,2.143,0.0676,0.0441,2.0286842150089797,2.021715480950661,2.013,,0.028,0.061,False,,30,30,30,optimal_lmcut,1.2333333333333334,1.2333333333333334,8,,3,True,2,,588,UNKNOWN,
V_MG,ipc,ipc_p06,SOLVED,True,74,True,294,294,4094,1007,15,287.2638244628906,16.358325958251953,3070,294,294,3070,8.365,0.3103,0.1328,7.9158845390047645,7.884618799012969,7.857,,0.017,0.233,False,,,58,192,best_known_lama,,1.2758620689655173,15,,6,True,2,,1722,UNKNOWN,
V_MG,ipc,ipc_p08,SOLVED,True,42,True,64,64,753,162,3,209.4866943359375,-45.98978805541992,584,64,64,584,1.652,0.1177,0.0728,1.4585576370009221,1.4520106960844714,1.446,,0.005,0.118,False,,,34,38,best_known_lama,,1.2352941176470589,10,,2,True,2,,972,UNKNOWN,
V_MG,ipc,ipc_p10,SOLVED,True,29,True,83,83,1313,586,16,113.94482421875,-33.32721710205078,701,83,83,701,1.929,0.1064,0.0637,1.7560086649900768,1.7483999960531946,1.741,,0.006,0.119,False,,24,24,24,optimal_lmcut,1.2083333333333333,1.2083333333333333,6,,2,True,2,,888,UNKNOWN,
V_MG,ipc,ipc_p12,TIMEOUT,False,,,7432,,134602,70408,5526,267.3839416503906,92.27033233642578,58669,7433,7433,58669,300.013,0.8352,0.3061,298.8510090799973,297.6280472821527,296.926,,0.05,0.564,True,,,63,64,best_known_lama,,,15,,3,True,2,,3750,UNKNOWN,
V_MG,ipc,ipc_p14,TIMEOUT,False,,,11534,,187119,116709,5210,115.67632293701172,-7.857564449310303,65201,11535,11535,65201,300.041,0.2867,0.1684,299.56774025999766,297.916830284943,296.868,,0.018,0.291,True,,,32,32,best_known_lama,,,10,,3,True,2,,2200,UNKNOWN,
V_MG,ipc,ipc_p16,SOLVED,True,35,True,4319,4319,93799,53606,2532,159.71707153320312,-30.953384399414062,37649,4319,4319,37649,106.427,0.1899,0.1075,106.11972174099355,105.63445053777832,105.249,,0.007,0.276,False,,,27,27,best_known_lama,,1.2962962962962963,6,,2,True,4,,1500,UNKNOWN,
V_MG,ipc,ipc_p18,TIMEOUT,False,,,2324,,85035,25775,890,377.4824523925781,182.71890258789062,58371,2325,2325,58371,300.078,0.795,0.7011,298.55303011900105,298.0604941374477,297.821,,0.057,1.448,True,,,61,66,best_known_lama,,,15,,3,True,4,,5808,UNKNOWN,
V_MG,ipc,ipc_p20,TIMEOUT,False,,,4654,,170219,104407,12390,324.42950439453125,315.183837890625,53423,4655,4655,53423,300.053,0.8714,0.5078,298.64386576200195,297.3870207882137,296.916,,0.045,1.501,True,,,78,78,best_known_lama,,,15,,3,True,4,,6134,UNKNOWN,
V_MG,ipc,ipc_p22,TIMEOUT,False,,,318,,25758,8659,424,438.92926025390625,371.1797790527344,16676,319,528,16676,300.092,5.2164,2.8901,291.8921795320057,291.6913153468631,291.631,,0.202,2.033,True,,,89,124,best_known_lama,,,20,,3,True,6,,22852,UNKNOWN,
V_MG,joint,joint_n6k1h2_000,SOLVED,True,19,True,19,19,115,20,0,186.38909912109375,18.3927059173584,92,19,19,92,0.389,0.0138,0.021,0.35279657901264727,0.3519751480052946,0.351,,0.007,0.038,False,,19,19,19,exact,1.0,1.0,6,,2,True,1,,278,FALSE,n6k1h2
V_MG,joint,joint_n6k1h2_004,SOLVED,True,20,True,20,20,130,20,0,181.56752014160156,19.49544334411621,107,20,20,107,0.405,0.013,0.0208,0.3704240490042139,0.369531773016206,0.368,,0.003,0.039,False,,20,20,20,exact,1.0,1.0,6,,2,True,1,,278,FALSE,n6k1h2
V_MG,joint,joint_n6k1h2_008,SOLVED,True,22,True,22,22,144,23,0,202.59628295898438,18.447612762451172,118,22,22,118,0.437,0.013,0.0204,0.4029078669991577,0.4019571890239604,0.4,,0.002,0.039,False,,22,22,22,exact,1.0,1.0,6,,2,True,1,,278,TRUE,n6k1h2
V_MG,joint,joint_n6k1h2_012,SOLVED,True,10,True,10,10,60,8,0,133.88304138183594,-6.358994483947754,51,10,10,51,0.239,0.0128,0.0203,0.2043830310140038,0.20392522103793453,0.203,,0.002,0.036,False,,10,10,10,exact,1.0,1.0,6,,2,False,1,,278,FALSE,n6k1h2
V_MG,joint,joint_n6k1h4_000,SOLVED,True,30,True,30,30,185,35,0,178.70863342285156,32.6256103515625,149,30,30,149,0.573,0.0129,0.0205,0.5382720799971139,0.5369818980252603,0.535,,0.002,0.039,False,,24,24,24,exact,1.25,1.25,6,,4,True,1,,278,TRUE,n6k1h4
V_MG,joint,joint_n6k1h4_004,SOLVED,True,13,True,13,13,82,12,0,113.75154113769531,34.86900329589844,69,13,13,69,0.286,0.013,0.0201,0.251813625000068,0.2512081620079698,0.25,,0.002,0.037,False,,13,13,13,exact,1.0,1.0,6,,4,True,1,,278,FALSE,n6k1h4
V_MG,joint,joint_n6k1h4_008,SOLVED,True,18,True,18,18,105,16,0,169.73892211914062,31.918485641479492,88,18,18,88,0.368,0.013,0.0201,0.3339418239920633,0.33319612103514373,0.332,,0.002,0.037,False,,18,18,18,exact,1.0,1.0,6,,4,False,1,,278,TRUE,n6k1h4
V_MG,joint,joint_n6k1h4_012,SOLVED,True,25,True,46,46,257,61,0,167.4935302734375,33.29014205932617,193,46,46,193,0.843,0.0139,0.0201,0.8077093720057746,0.805741893054801,0.802,,0.002,0.037,False,,16,16,16,exact,1.5625,1.5625,6,,4,False,1,,278,TRUE,n6k1h4
V_MG,joint,joint_n6k2h2_000,SOLVED,True,27,True,27,27,175,33,0,164.70220947265625,11.83395004272461,141,27,27,141,0.527,0.0128,0.0204,0.4920630609994987,0.4907317780307494,0.489,,0.002,0.04,False,,22,22,22,exact,1.2272727272727273,1.2272727272727273,6,,2,True,1,,278,FALSE,n6k2h2
V_MG,joint,joint_n6k2h2_004,SOLVED,True,21,True,22,22,128,24,0,185.25701904296875,11.698003768920898,103,22,22,103,0.439,0.0127,0.0202,0.40487363800639287,0.4038509920501383,0.402,,0.002,0.04,False,,21,21,21,exact,1.0,1.0,6,,2,True,1,,278,FALSE,n6k2h2
V_MG,joint,joint_n6k2h2_008,SOLVED,True,19,True,20,20,113,22,0,174.97372436523438,10.044355392456055,90,20,20,90,0.402,0.013,0.0204,0.36741335000260733,0.36652316397521645,0.365,,0.002,0.038,False,,18,18,18,exact,1.0555555555555556,1.0555555555555556,6,,2,False,1,,278,FALSE,n6k2h2
V_MG,joint,joint_n6k2h2_012,SOLVED,True,16,True,18,18,109,18,0,170.77822875976562,10.044355392456055,87,18,18,87,0.373,0.0139,0.0202,0.33758061700791586,0.3367031060042791,0.335,,0.002,0.038,False,,16,16,16,exact,1.0,1.0,6,,2,False,1,,278,FALSE,n6k2h2
V_MG,joint,joint_n6k2h4_000,SOLVED,True,30,True,30,30,180,33,0,155.87496948242188,52.2264404296875,146,30,30,146,0.576,0.014,0.0204,0.5400766780076083,0.5385686240188079,0.536,,0.002,0.038,False,,22,22,22,exact,1.3636363636363635,1.3636363636363635,6,,4,True,1,,278,FALSE,n6k2h4
V_MG,joint,joint_n6k2h4_004,SOLVED,True,26,True,28,28,179,34,0,160.2108154296875,48.30580520629883,143,28,28,143,0.541,0.0132,0.0202,0.5062779190047877,0.50495479098754,0.503,,0.002,0.041,False,,20,20,20,exact,1.3,1.3,6,,4,True,1,,278,FALSE,n6k2h4
V_MG,joint,joint_n6k2h4_008,SOLVED,True,25,True,30,30,177,37,0,163.13479614257812,49.28102111816406,139,30,30,139,0.579,0.0141,0.0202,0.5434094070078572,0.5416090099606663,0.539,,0.002,0.039,False,,16,16,16,exact,1.5625,1.5625,6,,4,False,1,,278,FALSE,n6k2h4
V_MG,joint,joint_n6k2h4_012,SOLVED,True,20,True,22,22,127,29,0,150.38760375976562,50.782806396484375,97,22,22,97,0.436,0.0141,0.0203,0.4001599030016223,0.3991724100051215,0.398,,0.002,0.039,False,,14,14,14,exact,1.4285714285714286,1.4285714285714286,6,,4,False,1,,278,TRUE,n6k2h4
V_MG,joint,joint_n8k1h2_000,SOLVED,True,22,True,22,22,163,24,0,232.3001708984375,-3.3145761489868164,138,22,22,138,0.509,0.0215,0.037,0.4489659399987431,0.4477176859654719,0.446,,0.024,0.057,False,,22,22,22,optimal_lmcut,1.0,1.0,8,,2,True,1,,482,UNKNOWN,n8k1h2
V_MG,joint,joint_n8k1h2_004,SOLVED,True,18,True,19,19,144,20,0,195.3024444580078,-0.9074959754943848,121,19,19,121,0.448,0.022,0.0373,0.38725635899754707,0.3860196920140879,0.384,,0.005,0.057,False,,18,18,18,optimal_lmcut,1.0,1.0,8,,2,True,1,,482,UNKNOWN,n8k1h2
V_MG,joint,joint_n8k1h2_008,SOLVED,True,19,True,19,19,145,21,0,224.76861572265625,-27.463754653930664,122,19,19,122,0.452,0.0237,0.0373,0.3888109319959767,0.38755968697660137,0.386,,0.004,0.058,False,,18,18,18,optimal_lmcut,1.0555555555555556,1.0555555555555556,8,,2,False,1,,482,UNKNOWN,n8k1h2
V_MG,joint,joint_n8k1h2_012,SOLVED,True,20,True,20,20,165,18,0,255.81614685058594,-28.67292594909668,142,20,20,142,0.469,0.0235,0.0363,0.4076678319979692,0.40642379302880727,0.405,,0.004,0.058,False,,20,20,20,optimal_lmcut,1.0,1.0,8,,2,False,1,,482,UNKNOWN,n8k1h2
V_MG,joint,joint_n8k1h4_000,SOLVED,True,29,True,38,38,261,46,0,207.65496826171875,13.77633285522461,212,38,38,212,0.784,0.0254,0.0366,0.7201157980016433,0.7178332779876655,0.715,,0.004,0.059,False,,25,25,25,optimal_lmcut,1.16,1.16,8,,4,True,1,,482,UNKNOWN,n8k1h4
V_MG,joint,joint_n8k1h4_004,SOLVED,True,26,True,27,27,208,29,0,218.93807983398438,13.942214965820312,178,27,27,178,0.594,0.0257,0.0371,0.5289680319983745,0.5274041810189374,0.525,,0.004,0.063,False,,20,20,20,optimal_lmcut,1.3,1.3,8,,4,True,1,,482,UNKNOWN,n8k1h4
V_MG,joint,joint_n8k1h4_008,SOLVED,True,18,True,19,19,154,18,0,182.31277465820312,14.640148162841797,132,19,19,132,0.45,0.0222,0.0367,0.3894327720045112,0.3882309770269785,0.387,,0.003,0.06,False,,18,18,18,optimal_lmcut,1.0,1.0,8,,4,False,1,,482,UNKNOWN,n8k1h4
V_MG,joint,joint_n8k1h4_012,SOLVED,True,26,True,39,39,309,57,0,202.22567749023438,14.717053413391113,252,39,39,252,0.807,0.024,0.0369,0.7438530820072629,0.7411724530102219,0.738,,0.004,0.06,False,,20,20,20,optimal_lmcut,1.3,1.3,8,,4,False,1,,482,UNKNOWN,n8k1h4
V_MG,joint,joint_n8k2h2_000,SOLVED,True,27,True,28,28,211,30,0,246.13629150390625,13.513771057128906,179,28,28,179,0.614,0.0218,0.0368,0.5538032719923649,0.5517571879463503,0.549,,0.004,0.056,False,,25,25,25,optimal_lmcut,1.08,1.08,8,,2,True,1,,482,UNKNOWN,n8k2h2
V_MG,joint,joint_n8k2h2_004,SOLVED,True,36,True,36,36,291,41,0,249.60800170898438,-6.994230270385742,249,36,36,249,0.754,0.0237,0.0363,0.6921211859880714,0.6898676829732722,0.687,,0.004,0.064,False,,28,28,28,optimal_lmcut,1.2857142857142858,1.2857142857142858,8,,2,True,1,,482,UNKNOWN,n8k2h2
V_MG,joint,joint_n8k2h2_008,SOLVED,True,21,True,22,22,167,24,0,238.48385620117188,-10.402832984924316,139,22,22,139,0.5,0.022,0.037,0.43873240701213945,0.4373799400200369,0.436,,0.003,0.061,False,,20,20,20,optimal_lmcut,1.05,1.05,8,,2,False,1,,482,UNKNOWN,n8k2h2
V_MG,joint,joint_n8k2h2_012,SOLVED,True,12,True,12,12,98,10,0,168.7230224609375,-7.665346145629883,86,12,12,86,0.323,0.0216,0.0364,0.2634252279967768,0.262725513020996,0.262,,0.004,0.065,False,,12,12,12,optimal_lmcut,1.0,1.0,8,,2,False,1,,482,UNKNOWN,n8k2h2
V_MG,joint,joint_n8k2h4_000,SOLVED,True,50,True,180,180,1091,358,5,228.8388214111328,32.200439453125,727,180,180,727,3.224,0.025,0.0366,3.1600501619977877,3.147930321036256,3.132,,0.004,0.062,False,,30,30,30,optimal_lmcut,1.6666666666666667,1.6666666666666667,8,,4,True,1,,482,UNKNOWN,n8k2h4
V_MG,joint,joint_n8k2h4_004,SOLVED,True,33,True,35,35,242,43,0,200.68692016601562,30.057798385620117,199,35,35,199,0.73,0.0263,0.0366,0.6647673080005916,0.662819130011485,0.66,,0.004,0.063,False,,26,26,26,optimal_lmcut,1.2692307692307692,1.2692307692307692,8,,4,True,1,,482,UNKNOWN,n8k2h4
V_MG,joint,joint_n8k2h4_008,SOLVED,True,31,True,33,33,264,35,0,227.59547424316406,34.30851745605469,227,33,33,227,0.704,0.0239,0.037,0.6411117560055573,0.638987972997711,0.636,,0.004,0.067,False,,29,29,29,optimal_lmcut,1.0689655172413792,1.0689655172413792,8,,4,True,1,,482,UNKNOWN,n8k2h4
V_MG,joint,joint_n8k2h4_012,SOLVED,True,24,True,40,40,254,60,0,146.9329833984375,29.339725494384766,193,40,40,193,0.809,0.0234,0.0367,0.7471495189965935,0.7446676000254229,0.741,,0.004,0.064,False,,16,16,16,optimal_lmcut,1.5,1.5,8,,4,False,1,,482,UNKNOWN,n8k2h4
V_MG,joint,joint_n6k1h2_001,SOLVED,True,10,True,11,11,67,11,0,118.37931823730469,-8.013002395629883,53,11,11,53,0.264,0.0135,0.0211,0.2281747160013765,0.22725609999906737,0.226,,0.005,0.036,False,,10,10,10,exact,1.0,1.0,6,,2,False,1,,278,FALSE,n6k1h2
V_MG,joint,joint_n6k1h2_005,SOLVED,True,22,True,22,22,144,25,0,205.075927734375,19.18001937866211,116,22,22,116,0.451,0.0133,0.0209,0.41502402600599453,0.41334559200913645,0.411,,0.005,0.039,False,,22,22,22,exact,1.0,1.0,6,,2,True,1,,278,FALSE,n6k1h2
V_MG,joint,joint_n6k1h2_009,SOLVED,True,12,True,15,15,90,15,0,130.11517333984375,-8.013004302978516,74,15,15,74,0.319,0.0137,0.0207,0.28324249800061807,0.2826029289717553,0.282,,0.003,0.036,False,,10,10,10,exact,1.2,1.2,6,,2,False,1,,278,FALSE,n6k1h2
V_MG,joint,joint_n6k1h2_013,SOLVED,True,16,True,17,17,108,20,0,182.74212646484375,-4.651032447814941,87,17,17,87,0.36,0.0134,0.0209,0.3240484919951996,0.3228850279992912,0.321,,0.002,0.036,False,,16,16,16,exact,1.0,1.0,6,,2,False,1,,278,FALSE,n6k1h2
V_MG,joint,joint_n6k1h4_001,SOLVED,True,28,True,29,29,184,34,0,169.8888397216797,33.84999465942383,148,29,29,148,0.571,0.0135,0.0204,0.5360910590097774,0.5341596260550432,0.531,,0.002,0.037,False,,22,22,22,exact,1.2727272727272727,1.2727272727272727,6,,4,True,1,,278,FALSE,n6k1h4
V_MG,joint,joint_n6k1h4_005,SOLVED,True,21,True,21,21,131,21,0,165.53298950195312,33.8499870300293,108,21,21,108,0.426,0.0134,0.0203,0.3910630150057841,0.3897480319865281,0.388,,0.002,0.039,False,,21,21,21,exact,1.0,1.0,6,,4,True,1,,278,FALSE,n6k1h4
V_MG,joint,joint_n6k1h4_009,SOLVED,True,20,True,31,31,171,40,0,148.25869750976562,33.29012680053711,129,31,31,129,0.593,0.0135,0.0206,0.5572227469965583,0.5554262589721475,0.553,,0.002,0.037,False,,14,14,14,exact,1.4285714285714286,1.4285714285714286,6,,4,False,1,,278,FALSE,n6k1h4
V_MG,joint,joint_n6k1h4_013,SOLVED,True,10,True,13,13,66,14,0,134.11085510253906,32.245384216308594,52,13,13,52,0.291,0.0144,0.0202,0.2552198600023985,0.25440576300024986,0.253,,0.002,0.037,False,,10,10,10,exact,1.0,1.0,6,,4,False,1,,278,FALSE,n6k1h4
V_MG,joint,joint_n6k2h2_001,SOLVED,True,26,True,26,26,166,31,0,187.360595703125,11.81299114227295,133,26,26,133,0.52,0.0146,0.0204,0.4832707269961247,0.48159652402682696,0.479,,0.002,0.04,False,,22,22,22,exact,1.1818181818181819,1.1818181818181819,6,,2,True,1,,278,FALSE,n6k2h2
V_MG,joint,joint_n6k2h2_005,SOLVED,True,15,True,15,15,93,13,0,157.487548828125,10.044346809387207,79,15,15,79,0.323,0.0137,0.0203,0.28734232699207496,0.2864687240216881,0.285,,0.002,0.038,False,,15,15,15,exact,1.0,1.0,6,,2,True,1,,278,FALSE,n6k2h2
V_MG,joint,joint_n6k2h2_009,SOLVED,True,14,True,15,15,85,16,0,118.05565643310547,10.479554176330566,67,15,15,67,0.321,0.0135,0.0204,0.2856383190082852,0.2848153250088217,0.284,,0.002,0.038,False,,14,14,14,exact,1.0,1.0,6,,2,False,1,,278,FALSE,n6k2h2
V_MG,joint,joint_n6k2h2_013,SOLVED,True,18,True,18,18,113,16,0,177.87496948242188,10.044351577758789,93,18,18,93,0.38,0.0135,0.0203,0.3446427790040616,0.34345804002077784,0.342,,0.002,0.038,False,,18,18,18,exact,1.0,1.0,6,,2,False,1,,278,FALSE,n6k2h2
V_MG,joint,joint_n6k2h4_001,SOLVED,True,25,True,27,27,142,33,0,127.81485748291016,56.0091438293457,108,27,27,108,0.526,0.0133,0.0207,0.49067408000701107,0.48908730898983777,0.487,,0.002,0.038,False,,20,20,20,exact,1.25,1.25,6,,4,True,1,,278,FALSE,n6k2h4
V_MG,joint,joint_n6k2h4_005,SOLVED,True,23,True,32,32,165,41,0,136.24514770507812,50.782806396484375,123,32,32,123,0.607,0.0134,0.0207,0.5719800399965607,0.5702060100011295,0.567,,0.002,0.039,False,,18,18,18,exact,1.2777777777777777,1.2777777777777777,6,,4,True,1,,278,FALSE,n6k2h4
V_MG,joint,joint_n6k2h4_009,SOLVED,True,20,True,24,24,146,27,0,161.91046142578125,49.371185302734375,117,24,24,117,0.477,0.0153,0.0203,0.4400769579951884,0.4385462010104675,0.436,,0.002,0.039,False,,16,16,16,exact,1.25,1.25,6,,4,False,1,,278,TRUE,n6k2h4
V_MG,joint,joint_n6k2h4_013,SOLVED,True,16,True,21,21,113,26,0,148.62844848632812,49.371185302734375,85,21,21,85,0.422,0.0154,0.0208,0.3846918430062942,0.383507628008374,0.382,,0.002,0.039,False,,14,14,14,exact,1.1428571428571428,1.1428571428571428,6,,4,False,1,,278,TRUE,n6k2h4
V_MG,joint,joint_n8k1h2_001,SOLVED,True,21,True,22,22,177,22,0,234.26577758789062,-24.596485137939453,154,22,22,154,0.518,0.0245,0.0376,0.45441095299611334,0.4527991230133921,0.451,,0.024,0.057,False,,21,21,21,optimal_lmcut,1.0,1.0,8,,2,True,1,,482,UNKNOWN,n8k1h2
V_MG,joint,joint_n8k1h2_005,SOLVED,True,31,True,32,32,258,34,0,269.9477233886719,-1.2127528190612793,220,32,32,220,0.687,0.0227,0.0375,0.6251488800044172,0.6224441409867723,0.619,,0.005,0.061,False,,30,30,30,optimal_lmcut,1.0333333333333334,1.0333333333333334,8,,2,True,1,,482,UNKNOWN,n8k1h2
V_MG,joint,joint_n8k1h2_009,SOLVED,True,18,True,18,18,144,17,0,233.84600830078125,-4.977344512939453,121,18,18,121,0.44,0.0249,0.0368,0.37619243600056507,0.37492772201949265,0.373,,0.004,0.058,False,,18,18,18,optimal_lmcut,1.0,1.0,8,,2,False,1,,482,UNKNOWN,n8k1h2
V_MG,joint,joint_n8k1h2_013,SOLVED,True,19,True,19,19,157,18,0,231.40304565429688,-25.803937911987305,138,19,19,138,0.459,0.0244,0.0367,0.3956337920099031,0.39424612300354056,0.393,,0.004,0.062,False,,18,18,18,optimal_lmcut,1.0555555555555556,1.0555555555555556,8,,2,False,1,,482,UNKNOWN,n8k1h2
V_MG,joint,joint_n8k1h4_001,SOLVED,True,38,True,38,38,292,42,0,253.1564483642578,14.906826972961426,247,38,38,247,0.806,0.0247,0.0372,0.7417208100087009,0.738716559993918,0.735,,0.004,0.059,False,,34,34,34,optimal_lmcut,1.1176470588235294,1.1176470588235294,8,,4,True,1,,482,UNKNOWN,n8k1h4
V_MG,joint,joint_n8k1h4_005,SOLVED,True,32,True,36,36,247,42,0,241.58892822265625,44.68341827392578,202,36,36,202,0.755,0.0232,0.0374,0.6922912490117596,0.6895972180791432,0.686,,0.004,0.059,False,,30,30,30,optimal_lmcut,1.0666666666666667,1.0666666666666667,8,,4,True,1,,482,UNKNOWN,n8k1h4
V_MG,joint,joint_n8k1h4_009,SOLVED,True,22,True,26,26,204,30,0,220.6069793701172,13.206880569458008,172,26,26,172,0.586,0.0251,0.0375,0.5210210200020811,0.51895343697106,0.517,,0.004,0.06,False,,16,16,16,optimal_lmcut,1.375,1.375,8,,4,False,1,,482,UNKNOWN,n8k1h4
V_MG,joint,joint_n8k1h4_013,SOLVED,True,25,True,30,30,195,35,0,238.10296630859375,13.206892013549805,157,30,30,157,0.649,0.0259,0.0372,0.5837233779893722,0.5815379469568143,0.579,,0.003,0.06,False,,20,20,20,optimal_lmcut,1.25,1.25,8,,4,False,1,,482,UNKNOWN,n8k1h4
V_MG,joint,joint_n8k2h2_001,SOLVED,True,22,True,22,22,187,22,0,225.96707153320312,-8.106590270996094,162,22,22,162,0.508,0.0231,0.0371,0.44567714900767896,0.444182319988613,0.442,,0.004,0.064,False,,22,22,22,optimal_lmcut,1.0,1.0,8,,2,True,1,,482,UNKNOWN,n8k2h2
V_MG,joint,joint_n8k2h2_005,SOLVED,True,32,True,32,32,249,32,0,261.0950927734375,16.875579833984375,212,32,32,212,0.691,0.0245,0.037,0.627262816997245,0.6247088950040052,0.622,,0.004,0.064,False,,30,30,30,optimal_lmcut,1.0666666666666667,1.0666666666666667,8,,2,True,1,,482,UNKNOWN,n8k2h2
V_MG,joint,joint_n8k2h2_009,SOLVED,True,18,True,18,18,130,16,0,224.65585327148438,-10.645990371704102,113,18,18,113,0.436,0.0244,0.0374,0.3720391310052946,0.37080366200825665,0.369,,0.003,0.057,False,,18,18,18,optimal_lmcut,1.0,1.0,8,,2,False,1,,482,UNKNOWN,n8k2h2
V_MG,joint,joint_n8k2h2_013,SOLVED,True,23,True,28,28,229,37,0,214.3578338623047,-7.665345191955566,189,28,28,189,0.619,0.0233,0.0371,0.5568235779937822,0.5547997780231526,0.552,,0.004,0.065,False,,20,20,20,optimal_lmcut,1.15,1.15,8,,2,False,1,,482,UNKNOWN,n8k2h2
V_MG,joint,joint_n8k2h4_001,SOLVED,True,25,True,36,36,245,50,0,218.18426513671875,33.38682174682617,194,36,36,194,0.749,0.0245,0.037,0.685671414990793,0.6829992960410891,0.68,,0.004,0.062,False,,25,25,25,optimal_lmcut,1.0,1.0,8,,4,True,1,,482,UNKNOWN,n8k2h4
V_MG,joint,joint_n8k2h4_005,SOLVED,True,20,True,39,39,270,57,0,195.3760986328125,28.246753692626953,211,39,39,211,0.807,0.0231,0.0374,0.7449682310107164,0.7419403979874915,0.738,,0.004,0.063,False,,16,16,16,optimal_lmcut,1.25,1.25,8,,4,False,1,,482,UNKNOWN,n8k2h4
V_MG,joint,joint_n8k2h4_009,SOLVED,True,25,True,27,27,201,31,0,228.84426879882812,34.94761657714844,169,27,27,169,0.598,0.0246,0.037,0.5349094819976017,0.5327055910020135,0.53,,0.004,0.063,False,,22,22,22,optimal_lmcut,1.1363636363636365,1.1363636363636365,8,,4,False,1,,482,UNKNOWN,n8k2h4
V_MG,joint,joint_n8k2h4_013,SOLVED,True,25,True,34,34,234,46,0,186.48301696777344,31.082164764404297,185,34,34,185,0.718,0.0247,0.0369,0.6542434299917659,0.6516363950358937,0.648,,0.004,0.064,False,,18,18,18,optimal_lmcut,1.3888888888888888,1.3888888888888888,8,,4,False,1,,482,UNKNOWN,n8k2h4
V_MG,joint,joint_n6k1h2_002,SOLVED,True,23,True,24,24,129,26,0,196.89822387695312,18.47968101501465,100,24,24,100,0.484,0.0139,0.0213,0.4473152510036016,0.4459460089710774,0.444,,0.005,0.036,False,,20,20,20,exact,1.15,1.15,6,,2,True,1,,278,FALSE,n6k1h2
V_MG,joint,joint_n6k1h2_006,SOLVED,True,23,True,23,23,146,24,0,201.89486694335938,-5.043632984161377,119,23,23,119,0.46,0.0139,0.0207,0.42423505400074646,0.4228730050090235,0.421,,0.005,0.039,False,,22,22,22,exact,1.0454545454545454,1.0454545454545454,6,,2,True,1,,278,FALSE,n6k1h2
V_MG,joint,joint_n6k1h2_010,SOLVED,True,16,True,16,16,90,15,0,193.01138305664062,16.435516357421875,71,16,16,71,0.34,0.0128,0.0206,0.3054278469935525,0.3043896950111957,0.303,,0.003,0.034,False,,16,16,16,exact,1.0,1.0,6,,2,False,1,,278,FALSE,n6k1h2
V_MG,joint,joint_n6k1h2_014,SOLVED,True,11,True,11,11,74,10,0,121.606689453125,-5.0909318923950195,63,11,11,63,0.254,0.013,0.0206,0.219316312999581,0.2186528749880381,0.218,,0.002,0.039,False,,10,10,10,exact,1.1,1.1,6,,2,False,1,,278,FALSE,n6k1h2
V_MG,joint,joint_n6k1h4_002,SOLVED,True,30,True,35,35,204,44,0,164.42562866210938,35.92964172363281,159,35,35,159,0.664,0.0131,0.0205,0.6288657340046484,0.6265009850467322,0.623,,0.002,0.039,False,,22,22,22,exact,1.3636363636363635,1.3636363636363635,6,,4,True,1,,278,FALSE,n6k1h4
V_MG,joint,joint_n6k1h4_006,SOLVED,True,19,True,19,19,115,21,0,117.30682373046875,36.57603454589844,93,19,19,93,0.389,0.0139,0.0206,0.3532750790036516,0.3521309349744115,0.351,,0.002,0.039,False,,16,16,16,exact,1.1875,1.1875,6,,4,True,1,,278,FALSE,n6k1h4
V_MG,joint,joint_n6k1h4_010,SOLVED,True,25,True,26,26,146,29,0,175.85012817382812,35.929649353027344,116,26,26,116,0.508,0.0145,0.0203,0.47203248798905406,0.4705024779686937,0.468,,0.002,0.037,False,,21,21,21,exact,1.1904761904761905,1.1904761904761905,6,,4,False,1,,278,FALSE,n6k1h4
V_MG,joint,joint_n6k1h4_014,SOLVED,True,14,True,14,14,86,14,0,161.522216796875,34.8690071105957,70,14,14,70,0.306,0.0141,0.0203,0.27047512200078927,0.26956764499482233,0.268,,0.002,0.037,False,,14,14,14,exact,1.0,1.0,6,,4,False,1,,278,FALSE,n6k1h4
V_MG,joint,joint_n6k2h2_002,SOLVED,True,20,True,20,20,118,21,0,193.53125,34.65587615966797,95,20,20,95,0.404,0.0129,0.0204,0.36968222199357115,0.36853887503093574,0.367,,0.002,0.038,False,,20,20,20,exact,1.0,1.0,6,,2,True,1,,278,FALSE,n6k2h2
V_MG,joint,joint_n6k2h2_006,SOLVED,True,30,True,31,31,196,38,0,180.7897186279297,12.90357780456543,156,31,31,156,0.599,0.0129,0.0205,0.5640067289932631,0.5620599199901335,0.559,,0.002,0.04,False,,24,24,24,exact,1.25,1.25,6,,2,True,1,,278,FALSE,n6k2h2
V_MG,joint,joint_n6k2h2_010,SOLVED,True,14,True,15,15,82,15,0,167.85313415527344,33.021522521972656,63,15,15,63,0.326,0.0153,0.0208,0.28856675200222526,0.28759503496985417,0.286,,0.002,0.038,False,,14,14,14,exact,1.0,1.0,6,,2,False,1,,278,FALSE,n6k2h2
V_MG,joint,joint_n6k2h2_014,SOLVED,True,14,True,15,15,104,14,0,146.5058135986328,12.839954376220703,87,15,15,87,0.327,0.0132,0.0204,0.2922917440009769,0.2912604159791954,0.29,,0.002,0.041,False,,14,14,14,exact,1.0,1.0,6,,2,False,1,,278,FALSE,n6k2h2
V_MG,joint,joint_n6k2h4_002,SOLVED,True,24,True,25,25,150,26,0,162.05059814453125,47.053680419921875,123,25,25,123,0.5,0.0139,0.0205,0.46438019700872246,0.46263438000460155,0.46,,0.002,0.041,False,,22,22,22,exact,1.0909090909090908,1.0909090909090908,6,,4,True,1,,278,FALSE,n6k2h4
V_MG,joint,joint_n6k2h4_006,SOLVED,True,24,True,26,26,151,32,0,164.2272186279297,47.053680419921875,118,26,26,118,0.511,0.0139,0.0202,0.4760438299999805,0.4744578380632447,0.472,,0.002,0.041,False,,22,22,22,exact,1.0909090909090908,1.0909090909090908,6,,4,True,1,,278,FALSE,n6k2h4
V_MG,joint,joint_n6k2h4_010,SOLVED,True,18,True,21,21,120,22,0,164.30044555664062,49.371192932128906,97,21,21,97,0.424,0.014,0.0204,0.3887931889912579,0.3873976920294808,0.385,,0.002,0.039,False,,18,18,18,exact,1.0,1.0,6,,4,False,1,,278,FALSE,n6k2h4
V_MG,joint,joint_n6k2h4_014,SOLVED,True,10,True,10,10,43,8,0,113.22943115234375,52.22644805908203,33,10,10,33,0.236,0.0139,0.0204,0.20021713599271607,0.1995635290077189,0.198,,0.002,0.035,False,,10,10,10,exact,1.0,1.0,6,,4,False,1,,278,TRUE,n6k2h4
V_MG,joint,joint_n8k1h2_002,SOLVED,True,30,True,30,30,238,35,0,214.87001037597656,-25.02263832092285,202,30,30,202,0.662,0.0232,0.0368,0.5996025479980744,0.5970413540053414,0.594,,0.024,0.06,False,,22,22,22,optimal_lmcut,1.3636363636363635,1.3636363636363635,8,,2,True,1,,482,UNKNOWN,n8k1h2
V_MG,joint,joint_n8k1h2_006,SOLVED,True,28,True,28,28,205,30,0,258.80352783203125,-1.5914993286132812,172,28,28,172,0.612,0.0235,0.0382,0.5483579880092293,0.5459693639859324,0.543,,0.005,0.057,False,,24,24,24,optimal_lmcut,1.1666666666666667,1.1666666666666667,8,,2,True,1,,482,UNKNOWN,n8k1h2
V_MG,joint,joint_n8k1h2_010,SOLVED,True,18,True,18,18,137,19,0,241.69827270507812,-0.486936092376709,113,18,18,113,0.437,0.0234,0.0369,0.374914957996225,0.37325704298564233,0.371,,0.004,0.058,False,,18,18,18,optimal_lmcut,1.0,1.0,8,,2,False,1,,482,UNKNOWN,n8k1h2
V_MG,joint,joint_n8k1h2_014,SOLVED,True,16,True,16,16,124,16,0,220.74166870117188,-1.3693041801452637,104,16,16,104,0.4,0.0249,0.0371,0.33626138301042374,0.3349622120294953,0.333,,0.003,0.058,False,,16,16,16,optimal_lmcut,1.0,1.0,8,,2,False,1,,482,UNKNOWN,n8k1h2
V_MG,joint,joint_n8k1h4_002,SOLVED,True,33,True,35,35,254,40,0,223.42300415039062,16.844284057617188,212,35,35,212,0.731,0.0217,0.0373,0.6704441949987086,0.6677473920426564,0.665,,0.004,0.059,False,,30,30,30,optimal_lmcut,1.1,1.1,8,,4,True,1,,482,UNKNOWN,n8k1h4
V_MG,joint,joint_n8k1h4_006,SOLVED,True,33,True,33,33,250,35,0,215.27780151367188,15.870283126831055,214,33,33,214,0.702,0.0221,0.037,0.6411120800039498,0.6384127699711826,0.635,,0.004,0.059,False,,26,26,26,optimal_lmcut,1.2692307692307692,1.2692307692307692,8,,4,True,1,,482,UNKNOWN,n8k1h4
V_MG,joint,joint_n8k1h4_010,SOLVED,True,24,True,28,28,234,34,0,214.10671997070312,14.640146255493164,198,28,28,198,0.621,0.0224,0.0373,0.5594793060008669,0.5570750299812062,0.554,,0.004,0.06,False,,18,18,18,optimal_lmcut,1.3333333333333333,1.3333333333333333,8,,4,False,1,,482,UNKNOWN,n8k1h4
V_MG,joint,joint_n8k1h4_014,SOLVED,True,24,True,27,27,205,34,0,198.34356689453125,14.717049598693848,170,27,27,170,0.601,0.0217,0.038,0.5395416370010935,0.5370834369532531,0.534,,0.004,0.06,False,,18,18,18,optimal_lmcut,1.3333333333333333,1.3333333333333333,8,,4,False,1,,482,UNKNOWN,n8k1h4
V_MG,joint,joint_n8k2h2_002,SOLVED,True,29,True,29,29,227,32,0,245.05694580078125,16.48482894897461,192,29,29,192,0.627,0.0221,0.0374,0.5660066449927399,0.5638165910058888,0.561,,0.004,0.064,False,,26,26,26,optimal_lmcut,1.1153846153846154,1.1153846153846154,8,,2,True,1,,482,UNKNOWN,n8k2h2
V_MG,joint,joint_n8k2h2_006,SOLVED,True,24,True,26,26,207,32,0,240.56045532226562,16.875568389892578,170,26,26,170,0.577,0.0221,0.0367,0.5159096179995686,0.5136948410072364,0.511,,0.004,0.061,False,,23,23,23,optimal_lmcut,1.0434782608695652,1.0434782608695652,8,,2,True,1,,482,UNKNOWN,n8k2h2
V_MG,joint,joint_n8k2h2_010,SOLVED,True,17,True,17,17,134,17,0,182.80331420898438,15.99752140045166,112,17,17,112,0.43,0.0273,0.0381,0.3625572360033402,0.3610334260156378,0.359,,0.004,0.061,False,,16,16,16,optimal_lmcut,1.0625,1.0625,8,,2,False,1,,482,UNKNOWN,n8k2h2
V_MG,joint,joint_n8k2h2_014,SOLVED,True,14,True,15,15,109,14,0,208.17449951171875,-10.402838706970215,92,15,15,92,0.38,0.0221,0.0374,0.3182741070049815,0.3171593430452049,0.316,,0.004,0.062,False,,14,14,14,optimal_lmcut,1.0,1.0,8,,2,False,1,,482,UNKNOWN,n8k2h2
V_MG,joint,joint_n8k2h4_002,SOLVED,True,31,True,31,31,246,33,0,228.000732421875,32.61729049682617,212,31,31,212,0.673,0.0252,0.0375,0.6080227899947204,0.6055351170361973,0.603,,0.004,0.062,False,,28,28,28,optimal_lmcut,1.1071428571428572,1.1071428571428572,8,,4,True,1,,482,UNKNOWN,n8k2h4
V_MG,joint,joint_n8k2h4_006,SOLVED,True,34,True,40,40,313,47,0,226.86111450195312,32.99591827392578,265,40,40,265,0.831,0.0236,0.0368,0.768408139992971,0.7653025640029227,0.761,,0.004,0.063,False,,28,28,28,optimal_lmcut,1.2142857142857142,1.2142857142857142,8,,4,True,1,,482,UNKNOWN,n8k2h4
V_MG,joint,joint_n8k2h4_010,SOLVED,True,25,True,34,34,245,41,0,196.6102752685547,29.315160751342773,201,34,34,201,0.718,0.0215,0.037,0.6576451889995951,0.6548564969707513,0.652,,0.004,0.063,False,,22,22,22,optimal_lmcut,1.1363636363636365,1.1363636363636365,8,,4,False,1,,482,UNKNOWN,n8k2h4
V_MG,joint,joint_n8k2h4_014,SOLVED,True,26,True,54,54,362,81,0,189.06619262695312,28.246774673461914,280,54,54,280,1.069,0.022,0.0368,1.008368569004233,1.0044361859327182,0.999,,0.004,0.064,False,,20,20,20,optimal_lmcut,1.3,1.3,8,,4,False,1,,482,UNKNOWN,n8k2h4
V_MG,joint,joint_n6k1h2_003,SOLVED,True,15,True,15,15,82,13,0,161.08566284179688,17.823667526245117,67,15,15,67,0.326,0.0144,0.0211,0.28945286400266923,0.28859469095186796,0.287,,0.005,0.036,False,,15,15,15,exact,1.0,1.0,6,,2,True,1,,278,FALSE,n6k1h2
V_MG,joint,joint_n6k1h2_007,SOLVED,True,28,True,29,29,175,33,0,204.2578582763672,-3.870770215988159,141,29,29,141,0.563,0.0135,0.0207,0.52803836199746,0.5263421909767203,0.524,,0.005,0.039,False,,24,24,24,exact,1.1666666666666667,1.1666666666666667,6,,2,True,1,,278,FALSE,n6k1h2
V_MG,joint,joint_n6k1h2_011,SOLVED,True,14,True,14,14,80,15,0,178.34320068359375,18.156408309936523,62,14,14,62,0.306,0.0128,0.0207,0.27120693199685775,0.27024947201425675,0.269,,0.003,0.036,False,,14,14,14,exact,1.0,1.0,6,,2,False,1,,278,FALSE,n6k1h2
V_MG,joint,joint_n6k1h2_015,SOLVED,True,8,True,8,8,51,6,0,129.9971466064453,19.216516494750977,41,8,8,41,0.202,0.0129,0.0204,0.16780256100173574,0.16732079499342944,0.167,,0.002,0.036,False,,8,8,8,exact,1.0,1.0,6,,2,False,1,,278,FALSE,n6k1h2
V_MG,joint,joint_n6k1h4_003,SOLVED,True,29,True,32,32,181,38,0,169.74049377441406,35.92965316772461,142,32,32,142,0.613,0.0138,0.0204,0.577155054998002,0.5752600770065328,0.572,,0.002,0.037,False,,22,22,22,exact,1.3181818181818181,1.3181818181818181,6,,4,True,1,,278,FALSE,n6k1h4
V_MG,joint,joint_n6k1h4_007,SOLVED,True,30,True,39,39,242,51,0,177.50784301757812,32.62561798095703,190,39,39,190,0.741,0.0138,0.0204,0.7050401009910274,0.7026179240492638,0.699,,0.002,0.039,False,,26,26,26,exact,1.1538461538461537,1.1538461538461537,6,,4,True,1,,278,FALSE,n6k1h4
V_MG,joint,joint_n6k1h4_011,SOLVED,True,14,True,16,16,87,20,0,124.4874267578125,33.55810546875,67,16,16,67,0.338,0.013,0.0206,0.3031705120083643,0.30222973295894917,0.301,,0.002,0.037,False,,14,14,14,exact,1.0,1.0,6,,4,False,1,,278,TRUE,n6k1h4
V_MG,joint,joint_n6k1h4_015,SOLVED,True,16,True,26,26,140,40,0,131.26837158203125,32.245391845703125,99,26,26,99,0.509,0.0137,0.0203,0.4735236580017954,0.4718275239574723,0.469,,0.002,0.037,False,,12,12,12,exact,1.3333333333333333,1.3333333333333333,6,,4,False,1,,278,TRUE,n6k1h4
V_MG,joint,joint_n6k2h2_003,SOLVED,True,24,True,25,25,161,27,0,173.40139770507812,11.697996139526367,131,25,25,131,0.496,0.0129,0.0202,0.46131937399331946,0.4597098840022227,0.458,,0.002,0.038,False,,22,22,22,exact,1.0909090909090908,1.0909090909090908,6,,2,True,1,,278,FALSE,n6k2h2
V_MG,joint,joint_n6k2h2_007,SOLVED,True,25,True,26,26,153,28,0,189.8512725830078,33.151458740234375,123,26,26,123,0.516,0.0129,0.0206,0.4814480270142667,0.4796560529357521,0.477,,0.002,0.038,False,,24,24,24,exact,1.0416666666666667,1.0416666666666667,6,,2,True,1,,278,FALSE,n6k2h2
V_MG,joint,joint_n6k2h2_011,SOLVED,True,12,True,12,12,70,10,0,151.92803955078125,10.04436206817627,57,12,12,57,0.272,0.0139,0.0204,0.23606413799279835,0.23533324799791444,0.234,,0.002,0.038,False,,10,10,10,exact,1.2,1.2,6,,2,False,1,,278,FALSE,n6k2h2
V_MG,joint,joint_n6k2h2_015,SOLVED,True,14,True,14,14,77,12,0,172.57611083984375,33.95857620239258,61,14,14,61,0.304,0.0131,0.0205,0.2688105720008025,0.26797244504268747,0.267,,0.002,0.036,False,,14,14,14,exact,1.0,1.0,6,,2,False,1,,278,FALSE,n6k2h2
V_MG,joint,joint_n6k2h4_003,SOLVED,True,20,True,23,23,133,29,0,123.93315124511719,49.83306884765625,103,23,23,103,0.465,0.0133,0.0204,0.4296419439924648,0.4280102200136753,0.426,,0.002,0.041,False,,16,16,16,exact,1.25,1.25,6,,4,True,1,,278,FALSE,n6k2h4
V_MG,joint,joint_n6k2h4_007,SOLVED,True,24,True,25,25,140,28,0,167.00448608398438,50.926544189453125,111,25,25,111,0.494,0.0127,0.0204,0.45967434099293314,0.45811096104444005,0.456,,0.002,0.041,False,,22,22,22,exact,1.0909090909090908,1.0909090909090908,6,,4,True,1,,278,FALSE,n6k2h4
V_MG,joint,joint_n6k2h4_011,SOLVED,True,14,True,17,17,98,20,0,148.65283203125,49.28101348876953,77,17,17,77,0.363,0.013,0.0208,0.3277331999997841,0.3265419869858306,0.325,,0.002,0.039,False,,14,14,14,exact,1.0,1.0,6,,4,False,1,,278,FALSE,n6k2h4
V_MG,joint,joint_n6k2h4_015,SOLVED,True,18,True,24,24,122,29,0,127.99728393554688,48.30580520629883,92,24,24,92,0.483,0.0143,0.0208,0.4462242979934672,0.44470538101450074,0.442,,0.002,0.037,False,,14,14,14,exact,1.2857142857142858,1.2857142857142858,6,,4,False,1,,278,FALSE,n6k2h4
V_MG,joint,joint_n8k1h2_003,SOLVED,True,22,True,22,22,179,22,0,214.41702270507812,-0.9123420715332031,152,22,22,152,0.529,0.0221,0.0381,0.467190955998376,0.46525381204264704,0.463,,0.024,0.06,False,,22,22,22,optimal_lmcut,1.0,1.0,8,,2,True,1,,482,UNKNOWN,n8k1h2
V_MG,joint,joint_n8k1h2_007,SOLVED,True,28,True,28,28,237,32,0,261.6578063964844,-24.508365631103516,203,28,28,203,0.629,0.0226,0.0376,0.567243042998598,0.5647800580045441,0.562,,0.005,0.057,False,,24,24,24,optimal_lmcut,1.1666666666666667,1.1666666666666667,8,,2,True,1,,482,UNKNOWN,n8k1h2
V_MG,joint,joint_n8k1h2_011,SOLVED,True,16,True,16,16,129,14,0,223.56748962402344,-4.977360725402832,108,16,16,108,0.402,0.025,0.037,0.33847863000119105,0.3371926729887491,0.336,,0.004,0.058,False,,16,16,16,optimal_lmcut,1.0,1.0,8,,2,False,1,,482,UNKNOWN,n8k1h2
V_MG,joint,joint_n8k1h2_015,SOLVED,True,21,True,22,22,177,25,0,244.19131469726562,-27.463754653930664,151,22,22,151,0.511,0.0234,0.0369,0.4493249880033545,0.4475432109902613,0.446,,0.004,0.058,False,,20,20,20,optimal_lmcut,1.05,1.05,8,,2,False,1,,482,UNKNOWN,n8k1h2
V_MG,joint,joint_n8k1h4_003,SOLVED,True,33,True,37,37,282,44,0,229.95419311523438,16.102062225341797,237,37,37,237,0.776,0.0219,0.0369,0.7152163830032805,0.7124562990065897,0.709,,0.004,0.059,False,,25,25,25,optimal_lmcut,1.32,1.32,8,,4,True,1,,482,UNKNOWN,n8k1h4
V_MG,joint,joint_n8k1h4_007,SOLVED,True,34,True,164,164,982,328,2,219.54519653320312,16.088191986083984,650,163,163,650,3.008,0.0247,0.0366,2.944577093992848,2.9331662188778864,2.919,,0.004,0.059,False,,26,26,26,optimal_lmcut,1.3076923076923077,1.3076923076923077,8,,4,True,1,,482,UNKNOWN,n8k1h4
V_MG,joint,joint_n8k1h4_011,SOLVED,True,23,True,24,24,190,26,0,209.69790649414062,13.942229270935059,162,24,24,162,0.539,0.022,0.0376,0.47713798700715415,0.47535778699966613,0.473,,0.003,0.06,False,,18,18,18,optimal_lmcut,1.2777777777777777,1.2777777777777777,8,,4,False,1,,482,UNKNOWN,n8k1h4
V_MG,joint,joint_n8k1h4_015,SOLVED,True,24,True,33,33,268,40,0,232.03811645507812,13.368595123291016,227,33,33,227,0.699,0.0238,0.0366,0.6370543179946253,0.6343778719892725,0.631,,0.003,0.06,False,,20,20,20,optimal_lmcut,1.2,1.2,8,,4,False,1,,482,UNKNOWN,n8k1h4
V_MG,joint,joint_n8k2h2_003,SOLVED,True,35,True,35,35,297,39,0,256.9212646484375,-7.764303207397461,257,35,35,257,0.735,0.0218,0.0367,0.674926998995943,0.6722106329689268,0.669,,0.004,0.064,False,,32,32,32,optimal_lmcut,1.09375,1.09375,8,,2,True,1,,482,UNKNOWN,n8k2h2
V_MG,joint,joint_n8k2h2_007,SOLVED,True,24,True,25,25,204,29,0,229.33773803710938,-8.978761672973633,173,25,25,173,0.557,0.022,0.0367,0.49624623500858434,0.4942706630390603,0.492,,0.004,0.064,False,,24,24,24,optimal_lmcut,1.0,1.0,8,,2,True,1,,482,UNKNOWN,n8k2h2
V_MG,joint,joint_n8k2h2_011,SOLVED,True,19,True,21,21,176,23,0,211.26449584960938,-7.665347099304199,151,21,21,151,0.489,0.0237,0.0368,0.42662321699026506,0.4248499369714409,0.423,,0.004,0.065,False,,18,18,18,optimal_lmcut,1.0555555555555556,1.0555555555555556,8,,2,False,1,,482,UNKNOWN,n8k2h2
V_MG,joint,joint_n8k2h2_015,SOLVED,True,20,True,20,20,132,20,0,231.10630798339844,-9.71550178527832,110,20,20,110,0.466,0.0233,0.0366,0.40377982299833093,0.4021316239814041,0.4,,0.004,0.058,False,,20,20,20,optimal_lmcut,1.0,1.0,8,,2,False,1,,482,UNKNOWN,n8k2h2
V_MG,joint,joint_n8k2h4_003,SOLVED,True,28,True,28,28,231,32,0,228.53355407714844,31.082157135009766,198,28,28,198,0.614,0.0221,0.0368,0.5528656039969064,0.550673962032306,0.548,,0.004,0.062,False,,26,26,26,optimal_lmcut,1.0769230769230769,1.0769230769230769,8,,4,True,1,,482,UNKNOWN,n8k2h4
V_MG,joint,joint_n8k2h4_007,SOLVED,True,31,True,33,33,250,40,0,217.88943481445312,29.821426391601562,208,33,33,208,0.701,0.0231,0.0366,0.6396033679920947,0.6369656969472999,0.634,,0.004,0.063,False,,27,27,27,optimal_lmcut,1.1481481481481481,1.1481481481481481,8,,4,True,1,,482,UNKNOWN,n8k2h4
V_MG,joint,joint_n8k2h4_011,SOLVED,True,14,True,17,17,118,20,0,182.93284606933594,58.9588623046875,94,17,17,94,0.417,0.0239,0.0369,0.35455126299348194,0.35317921999376267,0.352,,0.004,0.063,False,,14,14,14,optimal_lmcut,1.0,1.0,8,,4,False,1,,482,UNKNOWN,n8k2h4
V_MG,joint,joint_n8k2h4_015,SOLVED,True,24,True,34,34,240,45,0,192.45620727539062,26.624746322631836,195,34,34,195,0.717,0.0221,0.0368,0.6560048510000343,0.6533949010045035,0.65,,0.004,0.059,False,,16,16,16,optimal_lmcut,1.5,1.5,8,,4,False,1,,482,UNKNOWN,n8k2h4
V_MG,struct,struct_n4_000,SOLVED,True,19,True,19,19,90,19,0,122.48388671875,26.829349517822266,70,19,19,70,0.351,0.0066,0.0098,0.3341129920008825,0.3330588119861204,0.331,,0.004,0.028,False,,18,18,18,exact,1.0555555555555556,1.0555555555555556,4,,2,True,1,,130,FALSE,
V_MG,struct,struct_n4_001,SOLVED,True,14,True,15,15,60,17,0,114.77281951904297,26.632843017578125,41,14,14,41,0.261,0.0063,0.0099,0.24411170899111312,0.24335926701314747,0.242,,0.001,0.028,False,,14,14,14,exact,1.0,1.0,4,,2,True,1,,130,TRUE,
V_MG,struct,struct_n4_002,SOLVED,True,14,True,14,14,63,14,0,111.55290222167969,26.829349517822266,48,14,14,48,0.262,0.0065,0.0096,0.24493392500153277,0.24417540602735244,0.243,,0.001,0.027,False,,14,14,14,exact,1.0,1.0,4,,2,True,1,,130,FALSE,
V_MG,struct,struct_n4_003,SOLVED,True,9,True,9,9,43,8,0,86.00405883789062,26.829334259033203,34,9,9,34,0.187,0.0061,0.0097,0.1700940060109133,0.1695568229770288,0.168,,0.001,0.028,False,,9,9,9,exact,1.0,1.0,4,,2,True,1,,130,FALSE,
V_MG,struct,struct_n4_004,SOLVED,True,14,True,14,14,62,14,0,115.2742919921875,25.488292694091797,46,14,14,46,0.264,0.0069,0.0096,0.24672803599969484,0.24595447197498288,0.244,,0.001,0.027,False,,14,14,14,exact,1.0,1.0,4,,2,True,1,,130,FALSE,
V_MG,struct,struct_n4_005,SOLVED,True,13,True,13,13,57,12,0,107.39686584472656,26.632835388183594,43,13,13,43,0.246,0.0066,0.0096,0.2287858670024434,0.22808183998859022,0.227,,0.001,0.027,False,,13,13,13,exact,1.0,1.0,4,,2,True,1,,130,FALSE,
V_MG,struct,struct_n4_006,SOLVED,True,19,True,19,19,84,21,0,127.98080444335938,28.841720581054688,62,19,19,62,0.345,0.0069,0.0096,0.32790101399587,0.32685019802011084,0.325,,0.001,0.028,False,,18,18,18,exact,1.0555555555555556,1.0555555555555556,4,,2,True,1,,130,FALSE,
V_MG,struct,struct_n4_007,SOLVED,True,18,True,18,18,76,20,0,119.45689392089844,26.829349517822266,55,18,18,55,0.327,0.0065,0.0099,0.30957917698833626,0.3086112890014192,0.307,,0.001,0.027,False,,14,14,14,exact,1.2857142857142858,1.2857142857142858,4,,2,True,1,,130,TRUE,
V_MG,struct,struct_n4_008,SOLVED,True,10,True,10,10,37,8,0,107.4855728149414,27.560657501220703,27,10,10,27,0.196,0.0067,0.0096,0.17889480499434285,0.17836479896504898,0.177,,0.001,0.026,False,,10,10,10,exact,1.0,1.0,4,,2,False,1,,130,FALSE,
V_MG,struct,struct_n4_009,SOLVED,True,15,True,16,16,65,18,0,111.3163070678711,26.632831573486328,45,16,16,45,0.299,0.0067,0.0097,0.28224699800193775,0.2813888940290781,0.28,,0.001,0.027,False,,13,13,13,exact,1.1538461538461537,1.1538461538461537,4,,2,False,1,,130,FALSE,
V_MG,struct,struct_n4_010,SOLVED,True,15,True,16,16,68,16,0,121.58932495117188,26.632835388183594,51,16,16,51,0.293,0.0069,0.0095,0.27602393401321024,0.27518177404999733,0.273,,0.001,0.028,False,,15,15,15,exact,1.0,1.0,4,,2,False,1,,130,FALSE,
V_MG,struct,struct_n4_011,SOLVED,True,11,True,11,11,48,10,0,111.31600189208984,26.632835388183594,36,11,11,36,0.21,0.0067,0.0096,0.19321449899871368,0.19263530398893636,0.191,,0.001,0.028,False,,10,10,10,exact,1.1,1.1,4,,2,False,1,,130,FALSE,
V_MG,struct,struct_n4_012,SOLVED,True,12,True,12,12,51,10,0,114.01417541503906,26.632831573486328,39,12,12,39,0.234,0.007,0.0096,0.21716468199156225,0.21650520397815853,0.215,,0.001,0.028,False,,12,12,12,exact,1.0,1.0,4,,2,False,1,,130,FALSE,
V_MG,struct,struct_n4_013,SOLVED,True,4,True,4,4,15,2,0,45.77439498901367,26.63283920288086,12,4,4,12,0.098,0.0067,0.0098,0.08027834800304845,0.08008487400365993,0.08,,0.001,0.028,False,,4,4,4,exact,1.0,1.0,4,,2,False,1,,130,FALSE,
V_MG,struct,struct_n4_014,SOLVED,True,2,True,2,2,6,0,0,32.607757568359375,28.727134704589844,5,2,2,5,0.063,0.0067,0.0095,0.04634504098794423,0.04625480498361867,0.046,,0.001,0.028,False,,2,2,2,exact,1.0,1.0,4,,2,False,1,,130,FALSE,
V_MG,struct,struct_n4_015,SOLVED,True,13,True,13,13,48,12,0,125.5347900390625,25.48828887939453,34,13,13,34,0.246,0.0072,0.0098,0.2281293400010327,0.22743518798961304,0.226,,0.001,0.028,False,,13,13,13,exact,1.0,1.0,4,,2,False,1,,130,TRUE,
V_MG,struct,struct_n5_000,SOLVED,True,16,True,16,16,82,16,0,110.68921661376953,34.77776336669922,65,16,16,65,0.315,0.0096,0.0146,0.28932303699548356,0.2883035069971811,0.287,,0.002,0.032,False,,16,16,16,exact,1.0,1.0,5,,3,True,1,,197,FALSE,
V_MG,struct,struct_n5_001,SOLVED,True,20,True,21,21,110,22,0,148.2817840576172,42.187217712402344,87,21,21,87,0.397,0.0102,0.0147,0.37108131499553565,0.3698116249870509,0.368,,0.001,0.032,False,,20,20,20,exact,1.0,1.0,5,,3,True,1,,197,FALSE,
V_MG,struct,struct_n5_002,SOLVED,True,20,True,21,21,112,23,0,135.83958435058594,35.97649383544922,88,21,21,88,0.396,0.0096,0.0146,0.37086052900122013,0.36953469505533576,0.367,,0.001,0.032,False,,20,20,20,exact,1.0,1.0,5,,3,True,1,,197,FALSE,
V_MG,struct,struct_n5_003,SOLVED,True,19,True,19,19,89,18,0,140.76007080078125,36.93859100341797,70,19,19,70,0.358,0.01,0.0144,0.33278702398820315,0.3318274469784228,0.33,,0.001,0.032,False,,17,17,17,exact,1.1176470588235294,1.1176470588235294,5,,3,True,1,,197,FALSE,
V_MG,struct,struct_n5_004,SOLVED,True,20,True,21,21,103,24,0,112.08544158935547,38.67341613769531,78,21,21,78,0.392,0.0096,0.0146,0.3669761479977751,0.3657647379732225,0.364,,0.001,0.032,False,,18,18,18,exact,1.1111111111111112,1.1111111111111112,5,,3,True,1,,197,FALSE,
V_MG,struct,struct_n5_005,SOLVED,True,26,True,26,26,146,29,0,144.85479736328125,43.09465026855469,116,26,26,116,0.473,0.0096,0.0147,0.4474944130051881,0.4460334009490907,0.444,,0.001,0.034,False,,22,22,22,exact,1.1818181818181819,1.1818181818181819,5,,3,True,1,,197,TRUE,
V_MG,struct,struct_n5_006,SOLVED,True,22,True,23,23,116,26,0,142.7044219970703,42.18721008300781,89,23,23,89,0.426,0.0096,0.0146,0.4007228319969727,0.39925238698197063,0.397,,0.001,0.033,False,,20,20,20,exact,1.1,1.1,5,,3,True,1,,197,TRUE,
V_MG,struct,struct_n5_007,SOLVED,True,16,True,16,16,77,16,0,132.0514373779297,34.77777099609375,60,16,16,60,0.308,0.0094,0.0147,0.2829818939935649,0.2820770509861177,0.281,,0.001,0.033,False,,16,16,16,exact,1.0,1.0,5,,3,True,1,,197,TRUE,
V_MG,struct,struct_n5_008,SOLVED,True,15,True,16,16,86,18,0,131.8423309326172,39.288421630859375,67,16,16,67,0.317,0.0094,0.0144,0.29169415100477636,0.29065668099792674,0.289,,0.001,0.035,False,,15,15,15,exact,1.0,1.0,5,,3,False,1,,197,FALSE,
V_MG,struct,struct_n5_009,SOLVED,True,15,True,16,16,80,16,0,135.88650512695312,41.115447998046875,63,16,16,63,0.313,0.0098,0.0148,0.2877342059946386,0.2867736850021174,0.285,,0.001,0.033,False,,13,13,13,exact,1.1538461538461537,1.1538461538461537,5,,3,False,1,,197,FALSE,
V_MG,struct,struct_n5_010,SOLVED,True,15,True,15,15,81,14,0,128.4755401611328,41.115455627441406,65,15,15,65,0.296,0.0097,0.0146,0.27036551300261635,0.26945802094996907,0.268,,0.001,0.033,False,,14,14,14,exact,1.0714285714285714,1.0714285714285714,5,,3,False,1,,197,FALSE,
V_MG,struct,struct_n5_011,SOLVED,True,8,True,9,9,44,9,0,98.25592041015625,35.97650146484375,33,9,9,33,0.197,0.0096,0.0146,0.17165495800145436,0.17111770599149168,0.17,,0.001,0.034,False,,8,8,8,exact,1.0,1.0,5,,3,False,1,,197,FALSE,
V_MG,struct,struct_n5_012,SOLVED,True,16,True,16,16,87,17,0,132.88983154296875,37.848716735839844,69,16,16,69,0.314,0.0094,0.0147,0.2892883920139866,0.2882974109961651,0.286,,0.001,0.035,False,,15,15,15,exact,1.0666666666666667,1.0666666666666667,5,,3,False,1,,197,TRUE,
V_MG,struct,struct_n5_013,SOLVED,True,10,True,10,10,45,8,0,101.56466674804688,36.885250091552734,35,10,10,35,0.212,0.0103,0.0145,0.18624411198834423,0.18563046702183783,0.185,,0.001,0.032,False,,10,10,10,exact,1.0,1.0,5,,3,False,1,,197,TRUE,
V_MG,struct,struct_n5_014,SOLVED,True,16,True,17,17,92,16,0,135.88278198242188,35.97649383544922,75,17,17,75,0.33,0.0102,0.0145,0.30446872700122185,0.30346787101007067,0.302,,0.001,0.034,False,,14,14,14,exact,1.1428571428571428,1.1428571428571428,5,,3,False,1,,197,TRUE,
V_MG,struct,struct_n5_015,SOLVED,True,19,True,21,21,99,24,0,117.72057342529297,35.97649383544922,74,21,21,74,0.394,0.0106,0.0147,0.3676053730014246,0.366425746033201,0.364,,0.001,0.034,False,,14,14,14,exact,1.3571428571428572,1.3571428571428572,5,,3,False,1,,197,FALSE,
V_REL,ipc,ipc_p01,SOLVED,True,11,True,13,13,78,23,0,125.9271240234375,-45.61784744262695,51,13,13,51,0.252,0.0073,0.0057,0.2387726730084978,0.2380963109608274,0.237,,0.003,0.027,False,,10,10,10,optimal_lmcut,1.1,1.1,2,,1,True,2,,84,UNKNOWN,
V_REL,ipc,ipc_p03,SOLVED,True,31,True,34,34,287,54,1,236.96734619140625,-455.0936279296875,228,34,34,228,0.734,0.0389,0.0266,0.6673749379988294,0.6650525269942591,0.662,,0.027,0.051,False,,27,27,27,optimal_lmcut,1.1481481481481481,1.1481481481481481,6,,3,True,2,,372,UNKNOWN,
V_REL,ipc,ipc_p05,SOLVED,True,59,True,498,498,4512,2001,177,282.0639343261719,-716.68212890625,2330,498,498,2330,9.328,0.0997,0.0638,9.161515389001579,9.119428185178549,9.072,,0.009,0.104,False,,,45,45,best_known_lama,,1.3111111111111111,10,,6,True,2,,852,UNKNOWN,
V_REL,ipc,ipc_p07,SOLVED,True,21,True,22,22,211,30,0,192.9688720703125,-302.11932373046875,177,22,22,177,0.531,0.0436,0.0315,0.45436130999587476,0.452690567006357,0.451,,0.002,0.057,False,,21,21,21,optimal_lmcut,1.0,1.0,6,,3,True,2,,444,UNKNOWN,
V_REL,ipc,ipc_p09,SOLVED,True,88,True,519,519,5996,1921,98,231.2969512939453,-1333.00244140625,3972,519,519,3972,12.256,0.293,0.1451,11.810531829993124,11.745458249090007,11.696,,0.019,0.217,False,,,61,74,best_known_lama,,1.4426229508196722,15,,4,True,2,,1902,UNKNOWN,
V_REL,ipc,ipc_p11,SOLVED,True,80,True,2393,2393,35907,22669,613,238.9506378173828,-879.1761474609375,12615,2393,2393,12615,47.265,0.3068,0.1427,46.807014543010155,46.50448466463422,46.281,,0.014,0.252,False,,,50,60,best_known_lama,,1.6,10,,3,True,2,,1920,UNKNOWN,
V_REL,ipc,ipc_p13,SOLVED,True,27,True,62,62,971,359,25,204.7512664794922,-400.1069030761719,577,62,62,577,1.602,0.1659,0.0799,1.3525313880090835,1.3452801370294765,1.339,,0.005,0.148,False,,25,25,25,optimal_lmcut,1.08,1.08,6,,1,True,2,,1056,UNKNOWN,
V_REL,ipc,ipc_p15,TIMEOUT,False,,,9267,,174840,100798,2182,114.591064453125,-1278.1708984375,71861,9220,9220,71861,300.021,0.7241,0.3713,298.89729981898563,297.06823565036757,296.113,,0.059,0.631,True,,,71,78,best_known_lama,,,15,,6,True,2,,4170,UNKNOWN,
V_REL,ipc,ipc_p17,SOLVED,True,46,True,593,593,14855,5782,373,172.1036376953125,-465.75628662109375,8688,593,593,8688,23.91,0.4134,0.2425,23.24276345000544,23.150994937168434,23.089,,0.012,0.693,False,,,25,25,best_known_lama,,1.84,10,,3,True,4,,3098,UNKNOWN,
V_REL,ipc,ipc_p19,SOLVED,True,40,True,3380,3380,118308,82849,2635,262.9949951171875,-502.84210205078125,32796,3380,3380,32796,89.041,0.37,0.1932,88.4646852529986,87.82275269564707,87.479,,0.021,0.627,False,,,37,40,best_known_lama,,1.0810810810810811,8,,3,True,4,,2480,UNKNOWN,
V_REL,ipc,ipc_p21,TIMEOUT,False,,,1193,,93332,36481,3327,212.96575927734375,-193.28521728515625,53525,1194,1569,53525,300.051,1.4615,1.0207,297.533369132987,297.06485285593953,296.884,,0.086,2.122,True,,,34,34,best_known_lama,,,10,,1,True,6,,8862,UNKNOWN,
V_REL,ipc,ipc_p02,SOLVED,True,17,True,20,20,145,37,1,103.4822998046875,-234.60690307617188,103,20,20,103,0.43,0.019,0.0146,0.39463167800568044,0.3934160319768125,0.391,,0.004,0.033,False,,15,15,15,optimal_lmcut,1.1333333333333333,1.1333333333333333,4,,2,True,2,,204,UNKNOWN,
V_REL,ipc,ipc_p04,SOLVED,True,32,True,37,37,316,65,2,186.36000061035156,-475.99212646484375,245,37,37,245,0.9,0.0682,0.0446,0.7855463869927917,0.782926383020822,0.779,,0.028,0.066,False,,30,30,30,optimal_lmcut,1.0666666666666667,1.0666666666666667,8,,3,True,2,,588,UNKNOWN,
V_REL,ipc,ipc_p06,TIMEOUT,False,,,13681,,161366,59269,5148,184.75819396972656,-148.99322509765625,96950,13682,13682,96950,300.017,0.3104,0.1354,299.5491896889871,298.10480209784873,296.832,,0.047,0.198,True,,,58,192,best_known_lama,,,15,,6,True,2,,1722,UNKNOWN,
V_REL,ipc,ipc_p08,SOLVED,True,43,True,92,92,918,242,7,199.1368408203125,-665.41845703125,663,92,92,663,2.14,0.1202,0.0718,1.9447298269951716,1.9355138231185265,1.927,,0.001,0.113,False,,,34,38,best_known_lama,,1.2647058823529411,10,,2,True,2,,972,UNKNOWN,
V_REL,ipc,ipc_p10,SOLVED,True,30,True,50,50,741,232,6,163.85073852539062,-308.49267578125,493,50,50,493,1.296,0.1071,0.0624,1.1230580630071927,1.1183138040069025,1.114,,0.001,0.119,False,,24,24,24,optimal_lmcut,1.25,1.25,6,,2,True,2,,888,UNKNOWN,
V_REL,ipc,ipc_p12,TIMEOUT,False,,,8905,,163567,75762,6771,144.5175018310547,-141.19912719726562,81035,8906,8906,81035,300.021,0.8424,0.3116,298.84175076500105,297.39486358080467,296.483,,0.05,0.564,True,,,63,64,best_known_lama,,,15,,3,True,2,,3750,UNKNOWN,
V_REL,ipc,ipc_p14,SOLVED,True,48,True,285,285,4833,2153,116,-41.98280334472656,-588.814697265625,2554,285,285,2554,7.845,0.2939,0.1677,7.3760401850013295,7.337068317036028,7.308,,0.002,0.309,False,,,32,32,best_known_lama,,1.5,10,,3,True,2,,2200,UNKNOWN,
V_REL,ipc,ipc_p16,SOLVED,True,39,True,779,779,15854,8066,173,263.7470397949219,-286.6159973144531,7603,779,779,7603,17.337,0.1891,0.1086,17.033489228997496,16.960563883912982,16.891,,0.009,0.325,False,,,27,27,best_known_lama,,1.4444444444444444,6,,2,True,4,,1500,UNKNOWN,
V_REL,ipc,ipc_p18,TIMEOUT,False,,,4515,,124973,51939,1394,378.74615478515625,-635.4190673828125,71641,4516,4516,71641,300.047,0.8094,0.6932,298.5135737469973,297.6508930964774,297.14,,0.067,1.526,True,,,61,66,best_known_lama,,,15,,3,True,4,,5808,UNKNOWN,
V_REL,ipc,ipc_p20,TIMEOUT,False,,,5233,,192704,126138,1914,283.9187316894531,-384.08148193359375,64653,5234,5234,64653,300.012,0.8796,0.5014,298.6017212410079,297.2253559915698,296.591,,0.183,1.621,True,,,78,78,best_known_lama,,,15,,3,True,4,,6134,UNKNOWN,
V_REL,ipc,ipc_p22,TIMEOUT,False,,,311,,26846,5689,396,283.37750244140625,-430.7640686035156,20762,312,619,20762,300.06,5.2234,2.9126,291.82907160600007,291.6433084510354,291.56,,0.208,2.037,True,,,89,124,best_known_lama,,,20,,3,True,6,,22852,UNKNOWN,
V_REL,joint,joint_n6k1h2_000,SOLVED,True,19,True,19,19,105,19,0,198.2537841796875,-448.348388671875,83,19,19,83,0.418,0.0137,0.0208,0.3821391160017811,0.38112431703484617,0.379,,0.005,0.034,False,,19,19,19,exact,1.0,1.0,6,,2,True,1,,278,FALSE,n6k1h2
V_REL,joint,joint_n6k1h2_004,SOLVED,True,20,True,20,20,130,20,0,136.8492431640625,-448.00787353515625,107,20,20,107,0.433,0.0127,0.0204,0.3984335419954732,0.3972818519832799,0.396,,0.005,0.039,False,,20,20,20,exact,1.0,1.0,6,,2,True,1,,278,FALSE,n6k1h2
V_REL,joint,joint_n6k1h2_008,SOLVED,True,22,True,22,22,143,22,0,231.26211547851562,-449.7540283203125,118,22,22,118,0.467,0.0129,0.0206,0.43238429799384903,0.43112165802449454,0.429,,0.003,0.039,False,,22,22,22,exact,1.0,1.0,6,,2,True,1,,278,TRUE,n6k1h2
V_REL,joint,joint_n6k1h2_012,SOLVED,True,10,True,10,10,60,8,0,-17.256755828857422,-427.4772644042969,51,10,10,51,0.253,0.0128,0.0203,0.2187378670059843,0.21812287300417665,0.217,,0.002,0.037,False,,10,10,10,exact,1.0,1.0,6,,2,False,1,,278,FALSE,n6k1h2
V_REL,joint,joint_n6k1h4_000,SOLVED,True,30,True,30,30,188,33,0,233.35699462890625,-394.4945068359375,154,30,30,154,0.611,0.0126,0.0203,0.5767175579967443,0.5749937070067972,0.572,,0.002,0.04,False,,24,24,24,exact,1.25,1.25,6,,4,True,1,,278,TRUE,n6k1h4
V_REL,joint,joint_n6k1h4_004,SOLVED,True,13,True,13,13,82,12,0,-21.836284637451172,-390.46771240234375,69,13,13,69,0.305,0.0128,0.0203,0.2705220770003507,0.2697964139661053,0.269,,0.002,0.037,False,,13,13,13,exact,1.0,1.0,6,,4,True,1,,278,FALSE,n6k1h4
V_REL,joint,joint_n6k1h4_008,SOLVED,True,18,True,18,18,100,16,0,227.00294494628906,-394.05718994140625,83,18,18,83,0.395,0.0128,0.0202,0.3608923300052993,0.35986783100815956,0.358,,0.002,0.035,False,,18,18,18,exact,1.0,1.0,6,,4,False,1,,278,TRUE,n6k1h4
V_REL,joint,joint_n6k1h4_012,SOLVED,True,16,True,16,16,84,14,0,190.0304412841797,-391.33099365234375,67,16,16,67,0.359,0.0137,0.0201,0.32443427000544034,0.32367672900727484,0.322,,0.002,0.036,False,,16,16,16,exact,1.0,1.0,6,,4,False,1,,278,TRUE,n6k1h4
V_REL,joint,joint_n6k2h2_000,SOLVED,True,22,True,24,24,124,24,0,117.00515747070312,-487.03179931640625,97,24,24,97,0.493,0.0126,0.0201,0.4591927029978251,0.45818895296542905,0.457,,0.002,0.041,False,,22,22,22,exact,1.0,1.0,6,,2,True,1,,278,FALSE,n6k2h2
V_REL,joint,joint_n6k2h2_004,SOLVED,True,21,True,21,21,132,23,0,198.18238830566406,-468.22711181640625,108,21,21,108,0.481,0.0124,0.0202,0.4469018889940344,0.4457551070227055,0.444,,0.002,0.038,False,,21,21,21,exact,1.0,1.0,6,,2,True,1,,278,FALSE,n6k2h2
V_REL,joint,joint_n6k2h2_008,SOLVED,True,18,True,18,18,93,16,0,191.2923583984375,-470.0990295410156,76,18,18,76,0.393,0.0129,0.0205,0.3584758380020503,0.3574809900164837,0.356,,0.002,0.036,False,,18,18,18,exact,1.0,1.0,6,,2,False,1,,278,FALSE,n6k2h2
V_REL,joint,joint_n6k2h2_012,SOLVED,True,19,True,19,19,97,20,0,195.275634765625,-470.0990295410156,74,19,19,74,0.411,0.0138,0.0203,0.37514559300325345,0.3742478649946861,0.373,,0.002,0.039,False,,16,16,16,exact,1.1875,1.1875,6,,2,False,1,,278,FALSE,n6k2h2
V_REL,joint,joint_n6k2h4_000,SOLVED,True,22,True,22,22,128,22,0,173.79986572265625,-436.1856689453125,105,22,22,105,0.468,0.0139,0.0203,0.4326348640024662,0.4313632910052547,0.429,,0.002,0.039,False,,22,22,22,exact,1.0,1.0,6,,4,True,1,,278,FALSE,n6k2h4
V_REL,joint,joint_n6k2h4_004,SOLVED,True,24,True,24,24,152,23,0,209.39581298828125,-432.93951416015625,127,24,24,127,0.499,0.0131,0.0203,0.4641787050059065,0.46309353499964345,0.461,,0.002,0.042,False,,20,20,20,exact,1.2,1.2,6,,4,True,1,,278,FALSE,n6k2h4
V_REL,joint,joint_n6k2h4_008,SOLVED,True,16,True,16,16,86,14,0,222.77923583984375,-430.82904052734375,70,16,16,70,0.359,0.014,0.0201,0.32406453299336135,0.3233361029997468,0.322,,0.002,0.037,False,,16,16,16,exact,1.0,1.0,6,,4,False,1,,278,FALSE,n6k2h4
V_REL,joint,joint_n6k2h4_012,SOLVED,True,14,True,14,14,77,15,0,144.0045166015625,-431.58270263671875,61,14,14,61,0.321,0.0139,0.0202,0.2855301050003618,0.28491488700092304,0.284,,0.002,0.04,False,,14,14,14,exact,1.0,1.0,6,,4,False,1,,278,TRUE,n6k2h4
V_REL,joint,joint_n8k1h2_000,SOLVED,True,22,True,24,24,190,26,0,99.54782104492188,-646.005126953125,163,24,24,163,0.582,0.0215,0.0374,0.5211888730118517,0.519566754999687,0.518,,0.024,0.061,False,,22,22,22,optimal_lmcut,1.0,1.0,8,,2,True,1,,482,UNKNOWN,n8k1h2
V_REL,joint,joint_n8k1h2_004,SOLVED,True,18,True,20,20,165,24,0,-42.11833190917969,-650.6748657226562,138,20,20,138,0.495,0.0216,0.0372,0.43441899100434966,0.4332315010105958,0.432,,0.005,0.058,False,,18,18,18,optimal_lmcut,1.0,1.0,8,,2,True,1,,482,UNKNOWN,n8k1h2
V_REL,joint,joint_n8k1h2_008,SOLVED,True,18,True,18,18,146,19,0,128.1670379638672,-629.9636840820312,124,18,18,124,0.464,0.0232,0.0367,0.4025980879960116,0.40121112296765205,0.4,,0.004,0.062,False,,18,18,18,optimal_lmcut,1.0,1.0,8,,2,False,1,,482,UNKNOWN,n8k1h2
V_REL,joint,joint_n8k1h2_012,SOLVED,True,20,True,20,20,162,18,0,220.37416076660156,-628.83935546875,139,20,20,139,0.504,0.023,0.0365,0.44248771299317013,0.4408943909947993,0.439,,0.003,0.059,False,,20,20,20,optimal_lmcut,1.0,1.0,8,,2,False,1,,482,UNKNOWN,n8k1h2
V_REL,joint,joint_n8k1h4_000,SOLVED,True,27,True,27,27,203,28,0,114.48235321044922,-600.5718383789062,172,27,27,172,0.636,0.025,0.0373,0.5714440909941914,0.569475671989494,0.567,,0.004,0.06,False,,25,25,25,optimal_lmcut,1.08,1.08,8,,4,True,1,,482,UNKNOWN,n8k1h4
V_REL,joint,joint_n8k1h4_004,SOLVED,True,24,True,30,30,198,37,0,118.07752990722656,-600.356201171875,159,30,30,159,0.689,0.0247,0.0393,0.6233435150061268,0.6209723880456295,0.618,,0.003,0.06,False,,20,20,20,optimal_lmcut,1.2,1.2,8,,4,True,1,,482,UNKNOWN,n8k1h4
V_REL,joint,joint_n8k1h4_008,SOLVED,True,20,True,20,20,162,18,0,24.638324737548828,-600.356201171875,140,20,20,140,1.106,0.082,0.1216,0.8957892379985424,0.893028399994364,0.891,,0.004,0.061,False,,18,18,18,optimal_lmcut,1.1111111111111112,1.1111111111111112,8,,4,False,1,,482,UNKNOWN,n8k1h4
V_REL,joint,joint_n8k1h4_012,SOLVED,True,20,True,20,20,161,19,0,114.16561889648438,-599.11376953125,140,20,20,140,0.502,0.0235,0.0368,0.4400862830079859,0.4386067569575971,0.437,,0.004,0.061,False,,20,20,20,optimal_lmcut,1.0,1.0,8,,4,False,1,,482,UNKNOWN,n8k1h4
V_REL,joint,joint_n8k2h2_000,SOLVED,True,25,True,28,28,203,30,0,222.6142578125,-688.381103515625,171,28,28,171,0.649,0.0214,0.0365,0.589248509000754,0.5872562430158723,0.585,,0.004,0.062,False,,25,25,25,optimal_lmcut,1.0,1.0,8,,2,True,1,,482,UNKNOWN,n8k2h2
V_REL,joint,joint_n8k2h2_004,SOLVED,True,36,True,43,43,331,50,0,245.82412719726562,-665.943115234375,280,43,43,280,0.929,0.0232,0.0367,0.867255977995228,0.8641520099627087,0.86,,0.004,0.062,False,,28,28,28,optimal_lmcut,1.2857142857142858,1.2857142857142858,8,,2,True,1,,482,UNKNOWN,n8k2h2
V_REL,joint,joint_n8k2h2_008,SOLVED,True,20,True,20,20,144,19,0,199.691650390625,-697.4700317382812,119,20,20,119,0.497,0.0217,0.0362,0.43706910699256696,0.4356248650146881,0.434,,0.004,0.058,False,,20,20,20,optimal_lmcut,1.0,1.0,8,,2,False,1,,482,UNKNOWN,n8k2h2
V_REL,joint,joint_n8k2h2_012,SOLVED,True,12,True,12,12,96,11,0,-176.66143798828125,-692.9927978515625,81,12,12,81,0.35,0.0215,0.0368,0.2901949650113238,0.289316833979683,0.288,,0.004,0.066,False,,12,12,12,optimal_lmcut,1.0,1.0,8,,2,False,1,,482,UNKNOWN,n8k2h2
V_REL,joint,joint_n8k2h4_000,SOLVED,True,48,True,95,95,718,186,7,237.91036987304688,-633.2406005859375,524,95,95,524,1.885,0.0244,0.0366,1.821948673998122,1.8150418370205443,1.807,,0.003,0.067,False,,30,30,30,optimal_lmcut,1.6,1.6,8,,4,True,1,,482,UNKNOWN,n8k2h4
V_REL,joint,joint_n8k2h4_004,SOLVED,True,29,True,29,29,212,28,0,101.28202819824219,-637.7008056640625,182,29,29,182,0.675,0.0259,0.0369,0.6105889010068495,0.6083070449967636,0.605,,0.003,0.064,False,,26,26,26,optimal_lmcut,1.1153846153846154,1.1153846153846154,8,,4,True,1,,482,UNKNOWN,n8k2h4
V_REL,joint,joint_n8k2h4_008,SOLVED,True,33,True,33,33,278,32,0,217.53582763671875,-683.042724609375,244,33,33,244,0.754,0.0233,0.0367,0.692171615010011,0.689801948989043,0.687,,0.004,0.075,False,,29,29,29,optimal_lmcut,1.1379310344827587,1.1379310344827587,8,,4,True,1,,482,UNKNOWN,n8k2h4
V_REL,joint,joint_n8k2h4_012,SOLVED,True,16,True,16,16,122,16,0,-56.28156280517578,-639.8118896484375,104,16,16,104,0.423,0.0231,0.0365,0.3615662130032433,0.36065237103321124,0.359,,0.004,0.068,False,,16,16,16,optimal_lmcut,1.0,1.0,8,,4,False,1,,482,UNKNOWN,n8k2h4
V_REL,joint,joint_n6k1h2_001,SOLVED,True,10,True,10,10,61,9,0,-72.5120849609375,-450.3635559082031,48,10,10,48,0.256,0.013,0.0208,0.2210737660061568,0.2205289450212149,0.22,,0.005,0.036,False,,10,10,10,exact,1.0,1.0,6,,2,False,1,,278,FALSE,n6k1h2
V_REL,joint,joint_n6k1h2_005,SOLVED,True,23,True,23,23,161,26,0,228.98866271972656,-424.63623046875,134,23,23,134,0.494,0.0127,0.0206,0.4598303759994451,0.458380480951746,0.456,,0.005,0.039,False,,22,22,22,exact,1.0454545454545454,1.0454545454545454,6,,2,True,1,,278,FALSE,n6k1h2
V_REL,joint,joint_n6k1h2_009,SOLVED,True,10,True,10,10,59,9,0,-17.159061431884766,-450.36358642578125,46,10,10,46,0.254,0.0131,0.0209,0.21872057201107964,0.21815803402569145,0.217,,0.003,0.037,False,,10,10,10,exact,1.0,1.0,6,,2,False,1,,278,FALSE,n6k1h2
V_REL,joint,joint_n6k1h2_013,SOLVED,True,16,True,16,16,101,15,0,164.5915069580078,-424.63623046875,85,16,16,85,0.366,0.0125,0.0205,0.33176221899339,0.3306813279777998,0.329,,0.002,0.037,False,,16,16,16,exact,1.0,1.0,6,,2,False,1,,278,FALSE,n6k1h2
V_REL,joint,joint_n6k1h4_001,SOLVED,True,26,True,27,27,172,30,0,199.58822631835938,-392.6488952636719,140,27,27,140,0.562,0.0126,0.0203,0.5278468330070609,0.5262686940841377,0.524,,0.002,0.037,False,,22,22,22,exact,1.1818181818181819,1.1818181818181819,6,,4,True,1,,278,FALSE,n6k1h4
V_REL,joint,joint_n6k1h4_005,SOLVED,True,23,True,23,23,140,25,0,199.07762145996094,-392.6488952636719,113,23,23,113,0.493,0.0127,0.0204,0.4583765649877023,0.45696010399842635,0.455,,0.002,0.037,False,,21,21,21,exact,1.0952380952380953,1.0952380952380953,6,,4,True,1,,278,FALSE,n6k1h4
V_REL,joint,joint_n6k1h4_009,SOLVED,True,14,True,14,14,81,12,0,126.54784393310547,-389.96588134765625,67,14,14,67,0.327,0.0129,0.0203,0.29247608699370176,0.2916583019978134,0.29,,0.002,0.037,False,,14,14,14,exact,1.0,1.0,6,,4,False,1,,278,FALSE,n6k1h4
V_REL,joint,joint_n6k1h4_013,SOLVED,True,10,True,10,10,54,8,0,-51.03694152832031,-389.96588134765625,45,10,10,45,0.254,0.0137,0.0202,0.21875643300882075,0.21818526501010638,0.217,,0.002,0.038,False,,10,10,10,exact,1.0,1.0,6,,4,False,1,,278,FALSE,n6k1h4
V_REL,joint,joint_n6k2h2_001,SOLVED,True,24,True,25,25,146,27,0,213.31553649902344,-469.09442138671875,117,25,25,117,0.529,0.014,0.0205,0.4934872269950574,0.4918718570115743,0.49,,0.002,0.038,False,,22,22,22,exact,1.0909090909090908,1.0909090909090908,6,,2,True,1,,278,FALSE,n6k2h2
V_REL,joint,joint_n6k2h2_005,SOLVED,True,15,True,15,15,91,15,0,25.85303497314453,-488.077392578125,71,15,15,71,0.343,0.013,0.0204,0.30784367899468634,0.3070252129837172,0.306,,0.002,0.038,False,,15,15,15,exact,1.0,1.0,6,,2,True,1,,278,FALSE,n6k2h2
V_REL,joint,joint_n6k2h2_009,SOLVED,True,14,True,14,14,79,12,0,-15.427566528320312,-470.56884765625,64,14,14,64,0.325,0.0128,0.0205,0.29004800399707165,0.2891981620050501,0.288,,0.002,0.036,False,,14,14,14,exact,1.0,1.0,6,,2,False,1,,278,FALSE,n6k2h2
V_REL,joint,joint_n6k2h2_013,SOLVED,True,18,True,18,18,106,16,0,211.86178588867188,-488.0773620605469,86,18,18,86,0.398,0.0128,0.0204,0.36323572299443185,0.3621894660318503,0.361,,0.002,0.039,False,,18,18,18,exact,1.0,1.0,6,,2,False,1,,278,FALSE,n6k2h2
V_REL,joint,joint_n6k2h4_001,SOLVED,True,22,True,90,90,464,208,2,88.12378692626953,-431.58270263671875,253,88,88,253,1.635,0.0127,0.0205,1.600211971992394,1.595203766017221,1.588,,0.002,0.039,False,,20,20,20,exact,1.1,1.1,6,,4,True,1,,278,FALSE,n6k2h4
V_REL,joint,joint_n6k2h4_005,SOLVED,True,23,True,66,66,342,129,14,79.75092315673828,-431.58270263671875,198,66,66,198,1.248,0.0127,0.0205,1.2135492030065507,1.2096776860271348,1.204,,0.002,0.037,False,,18,18,18,exact,1.2777777777777777,1.2777777777777777,6,,4,True,1,,278,FALSE,n6k2h4
V_REL,joint,joint_n6k2h4_009,SOLVED,True,16,True,16,16,93,14,0,219.8634796142578,-467.72088623046875,77,16,16,77,0.364,0.0145,0.0202,0.3277027980075218,0.3268420210079057,0.326,,0.002,0.039,False,,16,16,16,exact,1.0,1.0,6,,4,False,1,,278,TRUE,n6k2h4
V_REL,joint,joint_n6k2h4_013,SOLVED,True,16,True,16,16,89,14,0,149.2873992919922,-429.236083984375,73,16,16,73,0.364,0.0147,0.0208,0.3271550979989115,0.3262314999883529,0.325,,0.002,0.04,False,,14,14,14,exact,1.1428571428571428,1.1428571428571428,6,,4,False,1,,278,TRUE,n6k2h4
V_REL,joint,joint_n8k1h2_001,SOLVED,True,27,True,29,29,242,30,0,114.89628601074219,-656.3616943359375,206,29,29,206,0.693,0.0232,0.0371,0.6304291270062095,0.6280660539487144,0.625,,0.024,0.061,False,,21,21,21,optimal_lmcut,1.2857142857142858,1.2857142857142858,8,,2,True,1,,482,UNKNOWN,n8k1h2
V_REL,joint,joint_n8k1h2_005,SOLVED,True,31,True,33,33,262,34,0,255.33128356933594,-651.6212158203125,225,33,33,225,0.753,0.0215,0.0376,0.6924604279920459,0.6897370551159838,0.687,,0.005,0.061,False,,30,30,30,optimal_lmcut,1.0333333333333334,1.0333333333333334,8,,2,True,1,,482,UNKNOWN,n8k1h2
V_REL,joint,joint_n8k1h2_009,SOLVED,True,18,True,18,18,140,17,0,127.73123168945312,-657.3360595703125,117,18,18,117,0.47,0.0245,0.0367,0.4070349630055716,0.40574126501451246,0.404,,0.004,0.059,False,,18,18,18,optimal_lmcut,1.0,1.0,8,,2,False,1,,482,UNKNOWN,n8k1h2
V_REL,joint,joint_n8k1h2_013,SOLVED,True,18,True,18,18,133,16,0,131.6494140625,-627.3702392578125,116,18,18,116,0.469,0.0269,0.0366,0.40321161100291647,0.4020456040307181,0.401,,0.004,0.059,False,,18,18,18,optimal_lmcut,1.0,1.0,8,,2,False,1,,482,UNKNOWN,n8k1h2
V_REL,joint,joint_n8k1h4_001,SOLVED,True,37,True,42,42,300,45,0,265.91119384765625,-653.8551025390625,252,42,42,252,0.926,0.0233,0.037,0.8638933250040282,0.860371995906462,0.856,,0.004,0.06,False,,34,34,34,optimal_lmcut,1.088235294117647,1.088235294117647,8,,4,True,1,,482,UNKNOWN,n8k1h4
V_REL,joint,joint_n8k1h4_005,SOLVED,True,32,True,35,35,242,41,0,257.54876708984375,-656.7061767578125,198,35,35,198,0.791,0.0215,0.0369,0.730427613001666,0.7274895960290451,0.724,,0.003,0.063,False,,30,30,30,optimal_lmcut,1.0666666666666667,1.0666666666666667,8,,4,True,1,,482,UNKNOWN,n8k1h4
V_REL,joint,joint_n8k1h4_009,SOLVED,True,16,True,16,16,115,15,0,182.18112182617188,-656.731201171875,94,16,16,94,0.434,0.0242,0.0374,0.370116099002189,0.36880042107077315,0.367,,0.004,0.061,False,,16,16,16,optimal_lmcut,1.0,1.0,8,,4,False,1,,482,UNKNOWN,n8k1h4
V_REL,joint,joint_n8k1h4_013,SOLVED,True,24,True,102,102,717,167,0,240.45018005371094,-602.1860961914062,546,102,102,546,2.052,0.0245,0.0369,1.988967175988364,1.980445580004016,1.97,,0.004,0.057,False,,20,20,20,optimal_lmcut,1.2,1.2,8,,4,False,1,,482,UNKNOWN,n8k1h4
V_REL,joint,joint_n8k2h2_001,SOLVED,True,33,True,33,33,278,35,0,131.01202392578125,-660.0048828125,242,33,33,242,0.762,0.022,0.0375,0.7001997540064622,0.6971834429568844,0.694,,0.004,0.065,False,,22,22,22,optimal_lmcut,1.5,1.5,8,,2,True,1,,482,UNKNOWN,n8k2h2
V_REL,joint,joint_n8k2h2_005,SOLVED,True,32,True,34,34,246,34,0,261.3370361328125,-692.944091796875,207,34,34,207,0.778,0.0231,0.0371,0.7156014630018035,0.7126141650223872,0.709,,0.004,0.062,False,,30,30,30,optimal_lmcut,1.0666666666666667,1.0666666666666667,8,,2,True,1,,482,UNKNOWN,n8k2h2
V_REL,joint,joint_n8k2h2_009,SOLVED,True,18,True,18,18,130,16,0,124.15866088867188,-671.4083862304688,113,18,18,113,0.467,0.0233,0.0377,0.4042392550036311,0.4029039039451163,0.401,,0.004,0.058,False,,18,18,18,optimal_lmcut,1.0,1.0,8,,2,False,1,,482,UNKNOWN,n8k2h2
V_REL,joint,joint_n8k2h2_013,SOLVED,True,20,True,21,21,162,22,0,102.87396240234375,-668.1369018554688,138,21,21,138,0.527,0.0216,0.0363,0.46717483500833623,0.4655631240020739,0.464,,0.004,0.063,False,,20,20,20,optimal_lmcut,1.0,1.0,8,,2,False,1,,482,UNKNOWN,n8k2h2
V_REL,joint,joint_n8k2h4_001,SOLVED,True,26,True,26,26,183,27,0,191.74949645996094,-642.7857666015625,153,26,26,153,0.619,0.0232,0.0366,0.5568203769944375,0.5549018060992239,0.553,,0.004,0.064,False,,25,25,25,optimal_lmcut,1.04,1.04,8,,4,True,1,,482,UNKNOWN,n8k2h4
V_REL,joint,joint_n8k2h4_005,SOLVED,True,16,True,16,16,118,14,0,50.492069244384766,-638.179443359375,101,16,16,101,0.429,0.0216,0.0367,0.3689497020095587,0.36771783301082905,0.366,,0.004,0.064,False,,16,16,16,optimal_lmcut,1.0,1.0,8,,4,False,1,,482,UNKNOWN,n8k2h4
V_REL,joint,joint_n8k2h4_009,SOLVED,True,22,True,22,22,146,21,0,241.17660522460938,-640.0985717773438,122,22,22,122,0.539,0.0232,0.0368,0.4769115840026643,0.4751637640147237,0.473,,0.004,0.06,False,,22,22,22,optimal_lmcut,1.0,1.0,8,,4,False,1,,482,UNKNOWN,n8k2h4
V_REL,joint,joint_n8k2h4_013,SOLVED,True,18,True,24,24,154,29,0,80.3306655883789,-681.3798828125,123,24,24,123,0.576,0.0232,0.0364,0.5142632179922657,0.5123221819521859,0.51,,0.004,0.065,False,,18,18,18,optimal_lmcut,1.0,1.0,8,,4,False,1,,482,UNKNOWN,n8k2h4
V_REL,joint,joint_n6k1h2_002,SOLVED,True,20,True,20,20,120,21,0,209.56781005859375,-448.348388671875,96,20,20,96,0.444,0.0137,0.021,0.4076614649966359,0.4062677019974217,0.404,,0.008,0.039,False,,20,20,20,exact,1.0,1.0,6,,2,True,1,,278,FALSE,n6k1h2
V_REL,joint,joint_n6k1h2_006,SOLVED,True,23,True,23,23,148,25,0,230.79254150390625,-426.27325439453125,120,23,23,120,0.488,0.0137,0.021,0.4518214010022348,0.45034999601193704,0.448,,0.003,0.039,False,,22,22,22,exact,1.0454545454545454,1.0454545454545454,6,,2,True,1,,278,FALSE,n6k1h2
V_REL,joint,joint_n6k1h2_010,SOLVED,True,16,True,16,16,90,15,0,196.96559143066406,-451.64617919921875,71,16,16,71,0.365,0.0128,0.0207,0.32977647498773877,0.32873682701028883,0.327,,0.002,0.034,False,,16,16,16,exact,1.0,1.0,6,,2,False,1,,278,FALSE,n6k1h2
V_REL,joint,joint_n6k1h2_014,SOLVED,True,10,True,10,10,62,8,0,-22.16635513305664,-425.94769287109375,53,10,10,53,0.254,0.0131,0.0204,0.219429962002323,0.21876030600105878,0.218,,0.002,0.037,False,,10,10,10,exact,1.0,1.0,6,,2,False,1,,278,FALSE,n6k1h2
V_REL,joint,joint_n6k1h4_002,SOLVED,True,22,True,22,22,139,22,0,192.15968322753906,-390.0206298828125,116,22,22,116,0.474,0.0129,0.0206,0.4388742570008617,0.437324592974619,0.435,,0.002,0.04,False,,22,22,22,exact,1.0,1.0,6,,4,True,1,,278,FALSE,n6k1h4
V_REL,joint,joint_n6k1h4_006,SOLVED,True,16,True,16,16,97,16,0,0.024627685546875,-444.3370666503906,79,16,16,79,0.363,0.0139,0.0204,0.3273745710030198,0.32627696298004594,0.325,,0.002,0.037,False,,16,16,16,exact,1.0,1.0,6,,4,True,1,,278,FALSE,n6k1h4
V_REL,joint,joint_n6k1h4_010,SOLVED,True,21,True,21,21,118,21,0,194.6741943359375,-390.0206298828125,96,21,21,96,0.45,0.0144,0.0204,0.4137749170040479,0.4125132300105179,0.411,,0.002,0.037,False,,21,21,21,exact,1.0,1.0,6,,4,False,1,,278,FALSE,n6k1h4
V_REL,joint,joint_n6k1h4_014,SOLVED,True,14,True,14,14,93,15,0,187.55978393554688,-390.4676513671875,76,14,14,76,0.334,0.0139,0.0208,0.29823873899294995,0.297234155019396,0.296,,0.002,0.04,False,,14,14,14,exact,1.0,1.0,6,,4,False,1,,278,FALSE,n6k1h4
V_REL,joint,joint_n6k2h2_002,SOLVED,True,22,True,22,22,126,23,0,225.87579345703125,-488.6907653808594,101,22,22,101,0.468,0.0129,0.0204,0.4338845960010076,0.43249706698406953,0.431,,0.002,0.038,False,,20,20,20,exact,1.1,1.1,6,,2,True,1,,278,FALSE,n6k2h2
V_REL,joint,joint_n6k2h2_006,SOLVED,True,25,True,25,25,156,25,0,193.72032165527344,-488.6907653808594,129,25,25,129,0.529,0.0129,0.0205,0.49428835599974263,0.4926324959960766,0.49,,0.002,0.038,False,,24,24,24,exact,1.0416666666666667,1.0416666666666667,6,,2,True,1,,278,FALSE,n6k2h2
V_REL,joint,joint_n6k2h2_010,SOLVED,True,14,True,14,14,77,12,0,146.16690063476562,-488.07733154296875,61,14,14,61,0.329,0.0151,0.0207,0.2917009910015622,0.29073706101917196,0.289,,0.002,0.038,False,,14,14,14,exact,1.0,1.0,6,,2,False,1,,278,FALSE,n6k2h2
V_REL,joint,joint_n6k2h2_014,SOLVED,True,14,True,14,14,92,12,0,72.17076873779297,-465.60430908203125,77,14,14,77,0.335,0.0131,0.0207,0.29942029700032435,0.29836543796409387,0.297,,0.002,0.041,False,,14,14,14,exact,1.0,1.0,6,,2,False,1,,278,FALSE,n6k2h2
V_REL,joint,joint_n6k2h4_002,SOLVED,True,24,True,24,24,141,23,0,222.91598510742188,-436.1856689453125,117,24,24,117,0.504,0.0139,0.0205,0.46826084099302534,0.4668699350004317,0.465,,0.002,0.039,False,,22,22,22,exact,1.0909090909090908,1.0909090909090908,6,,4,True,1,,278,FALSE,n6k2h4
V_REL,joint,joint_n6k2h4_006,SOLVED,True,22,True,22,22,126,22,0,218.72613525390625,-436.1856994628906,103,22,22,103,0.47,0.0137,0.0205,0.43493351800134405,0.4335251010634238,0.431,,0.002,0.042,False,,22,22,22,exact,1.0,1.0,6,,4,True,1,,278,FALSE,n6k2h4
V_REL,joint,joint_n6k2h4_010,SOLVED,True,18,True,18,18,100,16,0,198.58114624023438,-429.2361145019531,83,18,18,83,0.408,0.0158,0.0209,0.37020528099674266,0.3689496400038479,0.367,,0.002,0.039,False,,18,18,18,exact,1.0,1.0,6,,4,False,1,,278,FALSE,n6k2h4
V_REL,joint,joint_n6k2h4_014,SOLVED,True,10,True,10,10,42,8,0,11.41168212890625,-436.1856994628906,33,10,10,33,0.256,0.0138,0.0206,0.2207421200000681,0.22008858702611178,0.219,,0.002,0.035,False,,10,10,10,exact,1.0,1.0,6,,4,False,1,,278,TRUE,n6k2h4
V_REL,joint,joint_n8k1h2_002,SOLVED,True,30,True,30,30,247,34,0,24.631996154785156,-624.9535522460938,212,30,30,212,0.709,0.0236,0.0375,0.6462585010012845,0.6438018110493431,0.641,,0.024,0.061,False,,22,22,22,optimal_lmcut,1.3636363636363635,1.3636363636363635,8,,2,True,1,,482,UNKNOWN,n8k1h2
V_REL,joint,joint_n8k1h2_006,SOLVED,True,28,True,28,28,208,30,0,213.70272827148438,-651.5259399414062,175,28,28,175,0.657,0.0234,0.0376,0.5938651390024461,0.5914088639692636,0.589,,0.005,0.061,False,,24,24,24,optimal_lmcut,1.1666666666666667,1.1666666666666667,8,,2,True,1,,482,UNKNOWN,n8k1h2
V_REL,joint,joint_n8k1h2_010,SOLVED,True,18,True,18,18,128,17,0,172.41676330566406,-648.2218017578125,109,18,18,109,0.463,0.0231,0.0369,0.40133274999971036,0.39992930603330024,0.398,,0.004,0.059,False,,18,18,18,optimal_lmcut,1.0,1.0,8,,2,False,1,,482,UNKNOWN,n8k1h2
V_REL,joint,joint_n8k1h2_014,SOLVED,True,16,True,16,16,137,18,0,38.91729736328125,-653.39453125,115,16,16,115,0.433,0.0246,0.0371,0.3695603829983156,0.36826785204175394,0.367,,0.004,0.062,False,,16,16,16,optimal_lmcut,1.0,1.0,8,,2,False,1,,482,UNKNOWN,n8k1h2
V_REL,joint,joint_n8k1h4_002,SOLVED,True,37,True,37,37,271,40,0,142.70989990234375,-653.5626831054688,227,37,37,227,0.826,0.0213,0.0368,0.7659329219895881,0.762688369009993,0.759,,0.004,0.063,False,,30,30,30,optimal_lmcut,1.2333333333333334,1.2333333333333334,8,,4,True,1,,482,UNKNOWN,n8k1h4
V_REL,joint,joint_n8k1h4_006,SOLVED,True,30,True,32,32,221,37,0,128.33399963378906,-654.009521484375,181,32,32,181,0.728,0.0216,0.0374,0.6667645369889215,0.6641614590334939,0.661,,0.004,0.063,False,,26,26,26,optimal_lmcut,1.1538461538461537,1.1538461538461537,8,,4,True,1,,482,UNKNOWN,n8k1h4
V_REL,joint,joint_n8k1h4_010,SOLVED,True,18,True,18,18,145,17,0,204.6761932373047,-656.7158203125,124,18,18,124,0.466,0.0224,0.0372,0.40448469801049214,0.40323954295308795,0.402,,0.004,0.061,False,,18,18,18,optimal_lmcut,1.0,1.0,8,,4,False,1,,482,UNKNOWN,n8k1h4
V_REL,joint,joint_n8k1h4_014,SOLVED,True,20,True,20,20,156,19,0,114.63409423828125,-599.1137084960938,134,20,20,134,0.567,0.0213,0.0367,0.5070563449990004,0.5053554330079351,0.503,,0.004,0.061,False,,18,18,18,optimal_lmcut,1.1111111111111112,1.1111111111111112,8,,4,False,1,,482,UNKNOWN,n8k1h4
V_REL,joint,joint_n8k2h2_002,SOLVED,True,37,True,40,40,311,47,0,224.81178283691406,-665.1882934570312,262,40,40,262,0.871,0.0216,0.0365,0.8113811100047315,0.8081177759595448,0.805,,0.004,0.062,False,,26,26,26,optimal_lmcut,1.4230769230769231,1.4230769230769231,8,,2,True,1,,482,UNKNOWN,n8k2h2
V_REL,joint,joint_n8k2h2_006,SOLVED,True,27,True,27,27,226,28,0,204.97152709960938,-689.4705810546875,196,27,27,196,0.632,0.0217,0.0368,0.5714002290042117,0.5691075270005967,0.567,,0.004,0.065,False,,23,23,23,optimal_lmcut,1.173913043478261,1.173913043478261,8,,2,True,1,,482,UNKNOWN,n8k2h2
V_REL,joint,joint_n8k2h2_010,SOLVED,True,16,True,16,16,116,16,0,-62.790977478027344,-662.3478393554688,99,16,16,99,0.424,0.0237,0.0371,0.3616149529989343,0.360214558953885,0.359,,0.004,0.063,False,,16,16,16,optimal_lmcut,1.0,1.0,8,,2,False,1,,482,UNKNOWN,n8k2h2
V_REL,joint,joint_n8k2h2_014,SOLVED,True,14,True,14,14,103,12,0,68.4316635131836,-669.54833984375,88,14,14,88,0.382,0.0216,0.0369,0.3214779600093607,0.3204149840021273,0.319,,0.004,0.063,False,,14,14,14,optimal_lmcut,1.0,1.0,8,,2,False,1,,482,UNKNOWN,n8k2h2
V_REL,joint,joint_n8k2h4_002,SOLVED,True,30,True,31,31,234,33,0,208.87911987304688,-693.17431640625,197,31,31,197,0.7,0.0248,0.0365,0.63714600399544,0.6346441229543416,0.632,,0.004,0.067,False,,28,28,28,optimal_lmcut,1.0714285714285714,1.0714285714285714,8,,4,True,1,,482,UNKNOWN,n8k2h4
V_REL,joint,joint_n8k2h4_006,SOLVED,True,50,True,236,236,1884,699,6,258.6054382324219,-634.337646484375,1178,236,236,1178,4.458,0.0234,0.0371,4.395438353996724,4.376368647979689,4.354,,0.004,0.067,False,,28,28,28,optimal_lmcut,1.7857142857142858,1.7857142857142858,8,,4,True,1,,482,UNKNOWN,n8k2h4
V_REL,joint,joint_n8k2h4_010,SOLVED,True,28,True,66,66,403,94,0,115.7218246459961,-642.7857666015625,306,66,66,306,1.34,0.0216,0.0373,1.2791005539911566,1.2735212909756228,1.267,,0.004,0.06,False,,22,22,22,optimal_lmcut,1.2727272727272727,1.2727272727272727,8,,4,False,1,,482,UNKNOWN,n8k2h4
V_REL,joint,joint_n8k2h4_014,SOLVED,True,28,True,32,32,226,39,0,103.5083236694336,-678.7899169921875,184,32,32,184,0.721,0.0218,0.0375,0.6596397679968504,0.6571450110059232,0.654,,0.004,0.065,False,,20,20,20,optimal_lmcut,1.4,1.4,8,,4,False,1,,482,UNKNOWN,n8k2h4
V_REL,joint,joint_n6k1h2_003,SOLVED,True,15,True,15,15,82,13,0,52.57825469970703,-449.244140625,67,15,15,67,0.349,0.0142,0.0207,0.31273127799795475,0.31177946004027035,0.31,,0.005,0.036,False,,15,15,15,exact,1.0,1.0,6,,2,True,1,,278,FALSE,n6k1h2
V_REL,joint,joint_n6k1h2_007,SOLVED,True,28,True,29,29,166,31,0,226.78541564941406,-423.7969970703125,134,29,29,134,0.595,0.0133,0.0206,0.5598226309957681,0.5579433230013819,0.555,,0.005,0.039,False,,24,24,24,exact,1.1666666666666667,1.1666666666666667,6,,2,True,1,,278,FALSE,n6k1h2
V_REL,joint,joint_n6k1h2_011,SOLVED,True,14,True,14,14,101,14,0,176.36688232421875,-451.2493896484375,84,14,14,84,0.332,0.0127,0.0207,0.29766232099791523,0.2967444380192319,0.295,,0.003,0.039,False,,14,14,14,exact,1.0,1.0,6,,2,False,1,,278,FALSE,n6k1h2
V_REL,joint,joint_n6k1h2_015,SOLVED,True,8,True,8,8,49,6,0,-69.58841705322266,-449.18487548828125,39,8,8,39,0.215,0.0128,0.0204,0.1802586580015486,0.17978566800593399,0.179,,0.002,0.037,False,,8,8,8,exact,1.0,1.0,6,,2,False,1,,278,FALSE,n6k1h2
V_REL,joint,joint_n6k1h4_003,SOLVED,True,27,True,28,28,161,29,0,190.09222412109375,-390.0205993652344,131,28,28,131,0.579,0.0135,0.0202,0.5436885750095826,0.5418352499982575,0.539,,0.002,0.037,False,,22,22,22,exact,1.2272727272727273,1.2272727272727273,6,,4,True,1,,278,FALSE,n6k1h4
V_REL,joint,joint_n6k1h4_007,SOLVED,True,26,True,26,26,154,26,0,229.6573944091797,-394.4945373535156,127,26,26,127,0.543,0.0137,0.0205,0.507474653000827,0.5057789500424406,0.503,,0.002,0.037,False,,26,26,26,exact,1.0,1.0,6,,4,True,1,,278,FALSE,n6k1h4
V_REL,joint,joint_n6k1h4_011,SOLVED,True,14,True,14,14,87,15,0,88.82923126220703,-390.46771240234375,71,14,14,71,0.325,0.0128,0.0202,0.29033984000852797,0.28946782305138186,0.288,,0.002,0.04,False,,14,14,14,exact,1.0,1.0,6,,4,False,1,,278,TRUE,n6k1h4
V_REL,joint,joint_n6k1h4_015,SOLVED,True,12,True,12,12,68,11,0,52.79279327392578,-439.82501220703125,54,12,12,54,0.287,0.0137,0.0201,0.2520073930063518,0.2513469210098265,0.25,,0.002,0.038,False,,12,12,12,exact,1.0,1.0,6,,4,False,1,,278,TRUE,n6k1h4
V_REL,joint,joint_n6k2h2_003,SOLVED,True,22,True,22,22,152,23,0,165.807373046875,-468.2270812988281,126,22,22,126,0.478,0.0129,0.0204,0.44389331599813886,0.4423369199503213,0.44,,0.002,0.041,False,,22,22,22,exact,1.0,1.0,6,,2,True,1,,278,FALSE,n6k2h2
V_REL,joint,joint_n6k2h2_007,SOLVED,True,33,True,34,34,189,37,0,225.91587829589844,-488.90240478515625,150,34,34,150,0.693,0.0128,0.0207,0.6580825999990338,0.6558216029516188,0.652,,0.002,0.038,False,,24,24,24,exact,1.375,1.375,6,,2,True,1,,278,FALSE,n6k2h2
V_REL,joint,joint_n6k2h2_011,SOLVED,True,10,True,10,10,54,9,0,40.22134780883789,-488.07733154296875,42,10,10,42,0.25,0.0139,0.0206,0.21421437000390142,0.213705100963125,0.213,,0.002,0.038,False,,10,10,10,exact,1.0,1.0,6,,2,False,1,,278,FALSE,n6k2h2
V_REL,joint,joint_n6k2h2_015,SOLVED,True,14,True,14,14,78,12,0,170.56161499023438,-489.56549072265625,62,14,14,62,0.326,0.0129,0.0204,0.2918288180080708,0.2908490260160761,0.289,,0.002,0.037,False,,14,14,14,exact,1.0,1.0,6,,2,False,1,,278,FALSE,n6k2h2
V_REL,joint,joint_n6k2h4_003,SOLVED,True,16,True,16,16,96,16,0,-34.683631896972656,-433.09246826171875,79,16,16,79,0.408,0.0129,0.0206,0.3736335909925401,0.37247081998793874,0.371,,0.002,0.041,False,,16,16,16,exact,1.0,1.0,6,,4,True,1,,278,FALSE,n6k2h4
V_REL,joint,joint_n6k2h4_007,SOLVED,True,24,True,24,24,139,24,0,196.87049865722656,-429.7163391113281,114,24,24,114,0.496,0.0125,0.0202,0.46213461601291783,0.4608567150280578,0.459,,0.002,0.039,False,,22,22,22,exact,1.0909090909090908,1.0909090909090908,6,,4,True,1,,278,FALSE,n6k2h4
V_REL,joint,joint_n6k2h4_011,SOLVED,True,14,True,14,14,83,12,0,169.56195068359375,-429.2361145019531,69,14,14,69,0.321,0.0128,0.0203,0.2871195889892988,0.2863421359943459,0.285,,0.002,0.039,False,,14,14,14,exact,1.0,1.0,6,,4,False,1,,278,FALSE,n6k2h4
V_REL,joint,joint_n6k2h4_015,SOLVED,True,14,True,14,14,75,12,0,31.32244873046875,-432.93951416015625,62,14,14,62,0.324,0.0139,0.0206,0.28777824599819724,0.28698593901935965,0.286,,0.002,0.038,False,,14,14,14,exact,1.0,1.0,6,,4,False,1,,278,FALSE,n6k2h4
V_REL,joint,joint_n8k1h2_003,SOLVED,True,25,True,27,27,224,30,0,44.91050720214844,-618.4205322265625,193,27,27,193,0.639,0.0214,0.0371,0.5786273630073993,0.5767496550106443,0.574,,0.024,0.061,False,,22,22,22,optimal_lmcut,1.1363636363636365,1.1363636363636365,8,,2,True,1,,482,UNKNOWN,n8k1h2
V_REL,joint,joint_n8k1h2_007,SOLVED,True,28,True,28,28,246,28,0,230.59957885742188,-650.6748046875,215,28,28,215,0.651,0.0216,0.0372,0.5902502520038979,0.588288074999582,0.586,,0.005,0.061,False,,24,24,24,optimal_lmcut,1.1666666666666667,1.1666666666666667,8,,2,True,1,,482,UNKNOWN,n8k1h2
V_REL,joint,joint_n8k1h2_011,SOLVED,True,16,True,16,16,121,15,0,77.47760009765625,-657.3361206054688,100,16,16,100,0.423,0.0249,0.0365,0.35982673200487625,0.3587035929522244,0.357,,0.004,0.059,False,,16,16,16,optimal_lmcut,1.0,1.0,8,,2,False,1,,482,UNKNOWN,n8k1h2
V_REL,joint,joint_n8k1h2_015,SOLVED,True,20,True,20,20,155,21,0,195.74465942382812,-629.9636840820312,133,20,20,133,0.498,0.023,0.037,0.43620829899737146,0.4347743319958681,0.433,,0.004,0.062,False,,20,20,20,optimal_lmcut,1.0,1.0,8,,2,False,1,,482,UNKNOWN,n8k1h2
V_REL,joint,joint_n8k1h4_003,SOLVED,True,25,True,27,27,216,25,0,166.29527282714844,-591.3770751953125,190,27,27,190,0.634,0.0214,0.0367,0.5735746889986331,0.571631079990766,0.569,,0.004,0.066,False,,25,25,25,optimal_lmcut,1.0,1.0,8,,4,True,1,,482,UNKNOWN,n8k1h4
V_REL,joint,joint_n8k1h4_007,SOLVED,True,36,True,37,37,256,39,0,109.61284637451172,-596.8385009765625,215,37,37,215,0.826,0.0244,0.0368,0.7629601980006555,0.7599305449839449,0.756,,0.004,0.063,False,,26,26,26,optimal_lmcut,1.3846153846153846,1.3846153846153846,8,,4,True,1,,482,UNKNOWN,n8k1h4
V_REL,joint,joint_n8k1h4_011,SOLVED,True,20,True,21,21,154,21,0,124.8001480102539,-601.7442626953125,130,21,21,130,0.517,0.0216,0.0363,0.45710170800157357,0.45539411299978383,0.453,,0.004,0.056,False,,18,18,18,optimal_lmcut,1.1111111111111112,1.1111111111111112,8,,4,False,1,,482,UNKNOWN,n8k1h4
V_REL,joint,joint_n8k1h4_015,SOLVED,True,20,True,20,20,140,18,0,205.90231323242188,-600.408935546875,121,20,20,121,0.562,0.0232,0.0367,0.5007089960126905,0.49907165100739803,0.497,,0.004,0.061,False,,20,20,20,optimal_lmcut,1.0,1.0,8,,4,False,1,,482,UNKNOWN,n8k1h4
V_REL,joint,joint_n8k2h2_003,SOLVED,True,33,True,35,35,302,39,0,270.56805419921875,-665.5140380859375,262,35,35,262,0.778,0.0215,0.037,0.7172717639914481,0.7148147259867983,0.712,,0.004,0.065,False,,32,32,32,optimal_lmcut,1.03125,1.03125,8,,2,True,1,,482,UNKNOWN,n8k2h2
V_REL,joint,joint_n8k2h2_007,SOLVED,True,28,True,29,29,246,30,0,129.86041259765625,-668.7529907226562,213,29,29,213,0.669,0.0213,0.0365,0.609770439012209,0.6075700619840063,0.605,,0.004,0.065,False,,24,24,24,optimal_lmcut,1.1666666666666667,1.1666666666666667,8,,2,True,1,,482,UNKNOWN,n8k2h2
V_REL,joint,joint_n8k2h2_011,SOLVED,True,20,True,20,20,147,18,0,124.5494384765625,-668.1369018554688,127,20,20,127,0.493,0.0234,0.0366,0.431152821998694,0.42966908404196147,0.428,,0.004,0.063,False,,18,18,18,optimal_lmcut,1.1111111111111112,1.1111111111111112,8,,2,False,1,,482,UNKNOWN,n8k2h2
V_REL,joint,joint_n8k2h2_015,SOLVED,True,20,True,20,20,151,21,0,193.3275146484375,-672.3746337890625,128,20,20,128,0.494,0.0232,0.0366,0.4322298019978916,0.4308605099649867,0.429,,0.004,0.066,False,,20,20,20,optimal_lmcut,1.0,1.0,8,,2,False,1,,482,UNKNOWN,n8k2h2
V_REL,joint,joint_n8k2h4_003,SOLVED,True,30,True,30,30,253,32,0,234.378173828125,-680.2925415039062,218,30,30,218,0.685,0.0218,0.0366,0.6247618210036308,0.6224543859862024,0.62,,0.004,0.067,False,,26,26,26,optimal_lmcut,1.1538461538461537,1.1538461538461537,8,,4,True,1,,482,UNKNOWN,n8k2h4
V_REL,joint,joint_n8k2h4_007,SOLVED,True,37,True,37,37,279,42,0,201.47174072265625,-681.7310791015625,234,37,37,234,0.81,0.0227,0.0364,0.7491188709973358,0.7463628950208658,0.743,,0.004,0.067,False,,27,27,27,optimal_lmcut,1.3703703703703705,1.3703703703703705,8,,4,True,1,,482,UNKNOWN,n8k2h4
V_REL,joint,joint_n8k2h4_011,SOLVED,True,14,True,14,14,100,12,0,46.998435974121094,-693.066162109375,84,14,14,84,0.383,0.0234,0.0365,0.3214607980044093,0.32062921399483457,0.32,,0.004,0.065,False,,14,14,14,optimal_lmcut,1.0,1.0,8,,4,False,1,,482,UNKNOWN,n8k2h4
V_REL,joint,joint_n8k2h4_015,SOLVED,True,16,True,16,16,110,14,0,108.69804382324219,-682.1065673828125,95,16,16,95,0.423,0.0215,0.0363,0.3629757890012115,0.361686917982297,0.36,,0.004,0.061,False,,16,16,16,optimal_lmcut,1.0,1.0,8,,4,False,1,,482,UNKNOWN,n8k2h4
V_REL,struct,struct_n4_000,SOLVED,True,19,True,19,19,93,21,0,201.92294311523438,-283.7655029296875,71,19,19,71,0.377,0.0066,0.0098,0.3593724760139594,0.358363265011576,0.356,,0.004,0.028,False,,18,18,18,exact,1.0555555555555556,1.0555555555555556,4,,2,True,1,,130,FALSE,
V_REL,struct,struct_n4_001,SOLVED,True,14,True,14,14,60,15,0,178.25537109375,-279.4527282714844,43,14,14,43,0.279,0.0063,0.0097,0.26250770200567786,0.2618342149798991,0.261,,0.001,0.028,False,,14,14,14,exact,1.0,1.0,4,,2,True,1,,130,TRUE,
V_REL,struct,struct_n4_002,SOLVED,True,14,True,14,14,62,13,0,146.80047607421875,-283.7655029296875,48,14,14,48,0.281,0.0064,0.0097,0.2637493460060796,0.2630546819855226,0.262,,0.001,0.027,False,,14,14,14,exact,1.0,1.0,4,,2,True,1,,130,FALSE,
V_REL,struct,struct_n4_003,SOLVED,True,9,True,9,9,43,8,0,54.845794677734375,-283.76556396484375,34,9,9,34,0.2,0.006,0.0096,0.18390200700378045,0.18340479201287962,0.182,,0.001,0.028,False,,9,9,9,exact,1.0,1.0,4,,2,True,1,,130,FALSE,
V_REL,struct,struct_n4_004,SOLVED,True,14,True,14,14,62,14,0,128.26412963867188,-284.11187744140625,46,14,14,46,0.282,0.0068,0.0096,0.2648952910094522,0.264182897968567,0.263,,0.001,0.027,False,,14,14,14,exact,1.0,1.0,4,,2,True,1,,130,FALSE,
V_REL,struct,struct_n4_005,SOLVED,True,13,True,13,13,59,14,0,118.69950103759766,-279.45269775390625,43,13,13,43,0.262,0.0064,0.0096,0.24518754999735393,0.2445501920010429,0.243,,0.001,0.027,False,,13,13,13,exact,1.0,1.0,4,,2,True,1,,130,FALSE,
V_REL,struct,struct_n4_006,SOLVED,True,18,True,18,18,89,18,0,205.54208374023438,-283.7655334472656,70,18,18,70,0.349,0.0068,0.0096,0.33222420599486213,0.33146294798643794,0.33,,0.001,0.03,False,,18,18,18,exact,1.0,1.0,4,,2,True,1,,130,FALSE,
V_REL,struct,struct_n4_007,SOLVED,True,16,True,16,16,66,15,0,173.8389892578125,-283.7655334472656,50,16,16,50,0.312,0.0064,0.0096,0.29523168099694885,0.2945559860090725,0.293,,0.001,0.028,False,,14,14,14,exact,1.1428571428571428,1.1428571428571428,4,,2,True,1,,130,TRUE,
V_REL,struct,struct_n4_008,SOLVED,True,14,True,14,14,51,13,0,135.90826416015625,-279.87811279296875,37,14,14,37,0.277,0.0064,0.0098,0.2605053459992632,0.25990489701507613,0.259,,0.001,0.027,False,,10,10,10,exact,1.4,1.4,4,,2,False,1,,130,FALSE,
V_REL,struct,struct_n4_009,SOLVED,True,13,True,13,13,56,12,0,161.97076416015625,-279.45269775390625,42,13,13,42,0.264,0.0065,0.0096,0.24712818500120193,0.24649947894795332,0.245,,0.001,0.028,False,,13,13,13,exact,1.0,1.0,4,,2,False,1,,130,FALSE,
V_REL,struct,struct_n4_010,SOLVED,True,15,True,18,18,74,20,0,186.16119384765625,-279.4527282714844,53,18,18,53,0.355,0.0069,0.0095,0.33747628099808935,0.3365215220110258,0.335,,0.001,0.028,False,,15,15,15,exact,1.0,1.0,4,,2,False,1,,130,FALSE,
V_REL,struct,struct_n4_011,SOLVED,True,10,True,10,10,36,8,0,158.55596923828125,-279.87811279296875,26,10,10,26,0.21,0.0065,0.0096,0.19345858099404722,0.1929512420174433,0.192,,0.001,0.028,False,,10,10,10,exact,1.0,1.0,4,,2,False,1,,130,FALSE,
V_REL,struct,struct_n4_012,SOLVED,True,12,True,12,12,51,10,0,171.11422729492188,-279.45269775390625,39,12,12,39,0.246,0.0068,0.0096,0.22888054299983196,0.22828639602812473,0.227,,0.001,0.028,False,,12,12,12,exact,1.0,1.0,4,,2,False,1,,130,FALSE,
V_REL,struct,struct_n4_013,SOLVED,True,4,True,4,4,15,2,0,-119.77680969238281,-279.4527282714844,12,4,4,12,0.107,0.0065,0.0094,0.09014629700686783,0.0899200169951655,0.09,,0.001,0.028,False,,4,4,4,exact,1.0,1.0,4,,2,False,1,,130,FALSE,
V_REL,struct,struct_n4_014,SOLVED,True,2,True,2,2,6,0,0,-253.3002166748047,-280.8189697265625,5,2,2,5,0.07,0.0065,0.0095,0.05284988900530152,0.052742062995093875,0.053,,0.001,0.028,False,,2,2,2,exact,1.0,1.0,4,,2,False,1,,130,FALSE,
V_REL,struct,struct_n4_015,SOLVED,True,13,True,13,13,48,12,0,198.3745574951172,-284.11187744140625,34,13,13,34,0.288,0.0071,0.0095,0.27073896198999137,0.2699777870438993,0.269,,0.001,0.028,False,,13,13,13,exact,1.0,1.0,4,,2,False,1,,130,TRUE,
V_REL,struct,struct_n5_000,SOLVED,True,16,True,16,16,87,17,0,15.36794662475586,-352.0390625,69,16,16,69,0.338,0.0095,0.0145,0.3125997940078378,0.311684152984526,0.31,,0.002,0.034,False,,16,16,16,exact,1.0,1.0,5,,3,True,1,,197,FALSE,
V_REL,struct,struct_n5_001,SOLVED,True,20,True,20,20,109,21,0,198.82058715820312,-391.86871337890625,87,20,20,87,0.408,0.0099,0.0146,0.38269983998907264,0.38148335697769653,0.38,,0.001,0.032,False,,20,20,20,exact,1.0,1.0,5,,3,True,1,,197,FALSE,
V_REL,struct,struct_n5_002,SOLVED,True,20,True,20,20,103,19,0,190.2370147705078,-348.13897705078125,83,20,20,83,0.408,0.0095,0.0145,0.38262234900321346,0.381475435977336,0.38,,0.001,0.033,False,,20,20,20,exact,1.0,1.0,5,,3,True,1,,197,FALSE,
V_REL,struct,struct_n5_003,SOLVED,True,17,True,17,17,78,16,0,192.3910675048828,-348.37890625,61,17,17,61,0.352,0.0098,0.0147,0.32619671399879735,0.3252504550036974,0.324,,0.001,0.033,False,,17,17,17,exact,1.0,1.0,5,,3,True,1,,197,FALSE,
V_REL,struct,struct_n5_004,SOLVED,True,18,True,18,18,95,17,0,82.57353973388672,-355.19586181640625,76,18,18,76,0.37,0.0094,0.0145,0.34535257700190414,0.34430173397413455,0.343,,0.001,0.033,False,,18,18,18,exact,1.0,1.0,5,,3,True,1,,197,FALSE,
V_REL,struct,struct_n5_005,SOLVED,True,23,True,23,23,129,23,0,214.85830688476562,-348.37890625,105,23,23,105,0.454,0.0097,0.0145,0.4283060899906559,0.4272006349929143,0.425,,0.001,0.035,False,,22,22,22,exact,1.0454545454545454,1.0454545454545454,5,,3,True,1,,197,TRUE,
V_REL,struct,struct_n5_006,SOLVED,True,20,True,20,20,96,19,0,205.17481994628906,-391.86871337890625,76,20,20,76,0.4,0.0095,0.0146,0.37500682099198457,0.3741067969822325,0.373,,0.001,0.033,False,,20,20,20,exact,1.0,1.0,5,,3,True,1,,197,TRUE,
V_REL,struct,struct_n5_007,SOLVED,True,16,True,16,16,81,17,0,147.37098693847656,-352.0390625,63,16,16,63,0.333,0.0092,0.0144,0.30819942099333275,0.3073128079849994,0.306,,0.001,0.033,False,,16,16,16,exact,1.0,1.0,5,,3,True,1,,197,TRUE,
V_REL,struct,struct_n5_008,SOLVED,True,15,True,15,15,66,15,0,144.4915313720703,-394.12384033203125,50,15,15,50,0.316,0.0094,0.0145,0.29129192999971565,0.2904010120255407,0.289,,0.001,0.035,False,,15,15,15,exact,1.0,1.0,5,,3,False,1,,197,FALSE,
V_REL,struct,struct_n5_009,SOLVED,True,17,True,23,23,105,27,0,186.81338500976562,-389.57843017578125,77,23,23,77,0.451,0.0095,0.0145,0.4258203959907405,0.42480550199979916,0.423,,0.001,0.034,False,,13,13,13,exact,1.3076923076923077,1.3076923076923077,5,,3,False,1,,197,FALSE,
V_REL,struct,struct_n5_010,SOLVED,True,14,True,14,14,64,12,0,176.44680786132812,-390.75457763671875,50,14,14,50,0.295,0.0095,0.0145,0.26951660799386445,0.26887605999945663,0.268,,0.001,0.034,False,,14,14,14,exact,1.0,1.0,5,,3,False,1,,197,FALSE,
V_REL,struct,struct_n5_011,SOLVED,True,8,True,8,8,38,6,0,15.206653594970703,-389.5784606933594,31,8,8,31,0.191,0.0094,0.0144,0.16610394199960865,0.16571247798856348,0.165,,0.001,0.034,False,,8,8,8,exact,1.0,1.0,5,,3,False,1,,197,FALSE,
V_REL,struct,struct_n5_012,SOLVED,True,15,True,15,15,78,15,0,194.95091247558594,-391.86871337890625,62,15,15,62,0.317,0.0094,0.0149,0.29130301099212375,0.2905216319632018,0.289,,0.001,0.036,False,,15,15,15,exact,1.0,1.0,5,,3,False,1,,197,TRUE,
V_REL,struct,struct_n5_013,SOLVED,True,11,True,11,11,56,10,0,27.555904388427734,-348.13897705078125,44,11,11,44,0.246,0.0103,0.0148,0.22040112399554346,0.21986006200313568,0.219,,0.001,0.034,False,,10,10,10,exact,1.1,1.1,5,,3,False,1,,197,TRUE,
V_REL,struct,struct_n5_014,SOLVED,True,14,True,14,14,68,12,0,189.5606231689453,-389.5784606933594,55,14,14,55,0.303,0.0102,0.0148,0.2765831909928238,0.27583051200781483,0.275,,0.001,0.034,False,,14,14,14,exact,1.0,1.0,5,,3,False,1,,197,TRUE,
V_REL,struct,struct_n5_015,SOLVED,True,14,True,17,17,69,18,0,112.95268249511719,-349.4141540527344,50,17,17,50,0.346,0.0104,0.0146,0.32023484200180974,0.3194941090187058,0.318,,0.001,0.033,False,,14,14,14,exact,1.0,1.0,5,,3,False,1,,197,FALSE,
