root_family_id,probe_mode,point,control_index,physics_step,time,weld_active,object_xyz,gripper_xyz,relative_position_xyz_m,drift_from_attach_m
L2RAR2_SELECT_00_820000,current_pipeline,before_attach,,,0.45000000000000023,False,"[-0.25144869763477246,-0.05668425552989169,0.5587995280469331]","[-0.2514660908503176,-0.05833907581775019,0.6861819040583501]","[1.7393215545169483e-05,0.0016548202878585022,-0.127382376011417]",
L2RAR2_SELECT_00_820000,current_pipeline,after_attach_before_step,,,0.45000000000000023,True,"[-0.25144869763477246,-0.05668425552989169,0.5587995280469331]","[-0.2514660908503176,-0.05833907581775019,0.6861819040583501]","[1.7393215545169483e-05,0.0016548202878585022,-0.127382376011417]",0.0
L2RAR2_SELECT_00_820000,current_pipeline,before_forced_write,1,0,0.45000000000000023,True,"[-0.25144869763477246,-0.05668425552989169,0.5587995280469331]","[-0.2514660908503177,-0.0583390758177502,0.7461819040583502]","[1.7393215545224994e-05,0.0016548202878585092,-0.18738237601141705]",0.06000000000000005
L2RAR2_SELECT_00_820000,current_pipeline,after_forced_write_before_step,1,1,0.45000000000000023,True,"[-0.2514660908503177,-0.0583390758177502,0.6161819040583502]","[-0.2514660908503177,-0.0583390758177502,0.7461819040583502]","[0.0,0.0,-0.13]",0.0030968836036668066
L2RAR2_SELECT_00_820000,current_pipeline,after_mj_step,1,1,0.46000000000000024,True,"[-0.2527258651972975,-0.03972225608911388,0.6115467603420752]","[-0.2514660908503177,-0.0583390758177502,0.7461819040583502]","[-0.001259774346979825,0.018616819728636318,-0.13463514371627494]",0.018491706827449526
L2RAR2_SELECT_00_820000,current_pipeline,after_forced_write_before_step,1,2,0.46000000000000024,True,"[-0.2514660908503177,-0.0583390758177502,0.6161819040583502]","[-0.2514660908503177,-0.0583390758177502,0.7461819040583502]","[0.0,0.0,-0.13]",0.0030968836036668066
L2RAR2_SELECT_00_820000,current_pipeline,after_mj_step,1,2,0.47000000000000025,True,"[-0.2527258651972975,-0.03972225608911388,0.6115467603420752]","[-0.2514660908503177,-0.0583390758177502,0.7461819040583502]","[-0.001259774346979825,0.018616819728636318,-0.13463514371627494]",0.018491706827449526
L2RAR2_SELECT_00_820000,current_pipeline,after_forced_write_before_step,1,3,0.47000000000000025,True,"[-0.2514660908503177,-0.0583390758177502,0.6161819040583502]","[-0.2514660908503177,-0.0583390758177502,0.7461819040583502]","[0.0,0.0,-0.13]",0.0030968836036668066
L2RAR2_SELECT_00_820000,current_pipeline,after_mj_step,1,3,0.48000000000000026,True,"[-0.2527258651972975,-0.03972225608911388,0.6115467603420752]","[-0.2514660908503177,-0.0583390758177502,0.7461819040583502]","[-0.001259774346979825,0.018616819728636318,-0.13463514371627494]",0.018491706827449526
L2RAR2_SELECT_00_820000,current_pipeline,after_forced_write_before_step,1,4,0.48000000000000026,True,"[-0.2514660908503177,-0.0583390758177502,0.6161819040583502]","[-0.2514660908503177,-0.0583390758177502,0.7461819040583502]","[0.0,0.0,-0.13]",0.0030968836036668066
L2RAR2_SELECT_00_820000,current_pipeline,after_mj_step,1,4,0.49000000000000027,True,"[-0.2527258651972975,-0.03972225608911388,0.6115467603420752]","[-0.2514660908503177,-0.0583390758177502,0.7461819040583502]","[-0.001259774346979825,0.018616819728636318,-0.13463514371627494]",0.018491706827449526
L2RAR2_SELECT_00_820000,current_pipeline,after_forced_write_before_step,1,5,0.49000000000000027,True,"[-0.2514660908503177,-0.0583390758177502,0.6161819040583502]","[-0.2514660908503177,-0.0583390758177502,0.7461819040583502]","[0.0,0.0,-0.13]",0.0030968836036668066
L2RAR2_SELECT_00_820000,current_pipeline,after_mj_step,1,5,0.5000000000000002,True,"[-0.2527258651972975,-0.03972225608911388,0.6115467603420752]","[-0.2514660908503177,-0.0583390758177502,0.7461819040583502]","[-0.001259774346979825,0.018616819728636318,-0.13463514371627494]",0.018491706827449526
L2RAR2_SELECT_00_820000,current_pipeline,before_forced_write,2,0,0.5000000000000002,True,"[-0.2527258651972975,-0.03972225608911388,0.6115467603420752]","[-0.2514660908503176,-0.05833907581775019,0.8061819040583501]","[-0.0012597743469798806,0.01861681972863631,-0.19463514371627488]",0.069370565414845
L2RAR2_SELECT_00_820000,current_pipeline,after_forced_write_before_step,2,1,0.5000000000000002,True,"[-0.2514660908503176,-0.05833907581775019,0.6761819040583501]","[-0.2514660908503176,-0.05833907581775019,0.8061819040583501]","[0.0,0.0,-0.13]",0.0030968836036668066
L2RAR2_SELECT_00_820000,current_pipeline,after_mj_step,2,1,0.5100000000000002,True,"[-0.25272586519729745,-0.03972225608911388,0.6715467603420752]","[-0.2514660908503176,-0.05833907581775019,0.8061819040583501]","[-0.001259774346979825,0.01861681972863631,-0.13463514371627494]",0.01849170682744952
L2RAR2_SELECT_00_820000,current_pipeline,after_forced_write_before_step,2,2,0.5100000000000002,True,"[-0.2514660908503176,-0.05833907581775019,0.6761819040583501]","[-0.2514660908503176,-0.05833907581775019,0.8061819040583501]","[0.0,0.0,-0.13]",0.0030968836036668066
L2RAR2_SELECT_00_820000,current_pipeline,after_mj_step,2,2,0.5200000000000002,True,"[-0.25272586519729745,-0.03972225608911388,0.6715467603420752]","[-0.2514660908503176,-0.05833907581775019,0.8061819040583501]","[-0.001259774346979825,0.01861681972863631,-0.13463514371627494]",0.01849170682744952
L2RAR2_SELECT_00_820000,current_pipeline,after_forced_write_before_step,2,3,0.5200000000000002,True,"[-0.2514660908503176,-0.05833907581775019,0.6761819040583501]","[-0.2514660908503176,-0.05833907581775019,0.8061819040583501]","[0.0,0.0,-0.13]",0.0030968836036668066
L2RAR2_SELECT_00_820000,current_pipeline,after_mj_step,2,3,0.5300000000000002,True,"[-0.25272586519729745,-0.03972225608911388,0.6715467603420752]","[-0.2514660908503176,-0.05833907581775019,0.8061819040583501]","[-0.001259774346979825,0.01861681972863631,-0.13463514371627494]",0.01849170682744952
L2RAR2_SELECT_00_820000,current_pipeline,after_forced_write_before_step,2,4,0.5300000000000002,True,"[-0.2514660908503176,-0.05833907581775019,0.6761819040583501]","[-0.2514660908503176,-0.05833907581775019,0.8061819040583501]","[0.0,0.0,-0.13]",0.0030968836036668066
L2RAR2_SELECT_00_820000,current_pipeline,after_mj_step,2,4,0.5400000000000003,True,"[-0.25272586519729745,-0.03972225608911388,0.6715467603420752]","[-0.2514660908503176,-0.05833907581775019,0.8061819040583501]","[-0.001259774346979825,0.01861681972863631,-0.13463514371627494]",0.01849170682744952
L2RAR2_SELECT_00_820000,current_pipeline,after_forced_write_before_step,2,5,0.5400000000000003,True,"[-0.2514660908503176,-0.05833907581775019,0.6761819040583501]","[-0.2514660908503176,-0.05833907581775019,0.8061819040583501]","[0.0,0.0,-0.13]",0.0030968836036668066
L2RAR2_SELECT_00_820000,current_pipeline,after_mj_step,2,5,0.5500000000000003,True,"[-0.25272586519729745,-0.03972225608911388,0.6715467603420752]","[-0.2514660908503176,-0.05833907581775019,0.8061819040583501]","[-0.001259774346979825,0.01861681972863631,-0.13463514371627494]",0.01849170682744952
L2RAR2_SELECT_00_820000,current_pipeline,before_forced_write,3,0,0.5500000000000003,True,"[-0.25272586519729745,-0.03972225608911388,0.6715467603420752]","[-0.2514660908503176,-0.05833907581775019,0.86618190405835]","[-0.001259774346979825,0.01861681972863631,-0.19463514371627488]",0.069370565414845
L2RAR2_SELECT_00_820000,current_pipeline,after_forced_write_before_step,3,1,0.5500000000000003,True,"[-0.2514660908503176,-0.05833907581775019,0.73618190405835]","[-0.2514660908503176,-0.05833907581775019,0.86618190405835]","[0.0,0.0,-0.13]",0.0030968836036668066
L2RAR2_SELECT_00_820000,current_pipeline,after_mj_step,3,1,0.5600000000000003,True,"[-0.25272586519729745,-0.03972225608911387,0.7315467603420751]","[-0.2514660908503176,-0.05833907581775019,0.86618190405835]","[-0.001259774346979825,0.018616819728636318,-0.13463514371627494]",0.018491706827449526
L2RAR2_SELECT_00_820000,current_pipeline,after_forced_write_before_step,3,2,0.5600000000000003,True,"[-0.2514660908503176,-0.05833907581775019,0.73618190405835]","[-0.2514660908503176,-0.05833907581775019,0.86618190405835]","[0.0,0.0,-0.13]",0.0030968836036668066
L2RAR2_SELECT_00_820000,current_pipeline,after_mj_step,3,2,0.5700000000000003,True,"[-0.25272586519729745,-0.03972225608911388,0.7315467603420751]","[-0.2514660908503176,-0.05833907581775019,0.86618190405835]","[-0.001259774346979825,0.01861681972863631,-0.13463514371627494]",0.01849170682744952
L2RAR2_SELECT_00_820000,current_pipeline,after_forced_write_before_step,3,3,0.5700000000000003,True,"[-0.2514660908503176,-0.05833907581775019,0.73618190405835]","[-0.2514660908503176,-0.05833907581775019,0.86618190405835]","[0.0,0.0,-0.13]",0.0030968836036668066
L2RAR2_SELECT_00_820000,current_pipeline,after_mj_step,3,3,0.5800000000000003,True,"[-0.25272586519729745,-0.03972225608911387,0.7315467603420751]","[-0.2514660908503176,-0.05833907581775019,0.86618190405835]","[-0.001259774346979825,0.018616819728636318,-0.13463514371627494]",0.018491706827449526
L2RAR2_SELECT_00_820000,current_pipeline,after_forced_write_before_step,3,4,0.5800000000000003,True,"[-0.2514660908503176,-0.05833907581775019,0.73618190405835]","[-0.2514660908503176,-0.05833907581775019,0.86618190405835]","[0.0,0.0,-0.13]",0.0030968836036668066
L2RAR2_SELECT_00_820000,current_pipeline,after_mj_step,3,4,0.5900000000000003,True,"[-0.25272586519729745,-0.03972225608911387,0.7315467603420751]","[-0.2514660908503176,-0.05833907581775019,0.86618190405835]","[-0.001259774346979825,0.018616819728636318,-0.13463514371627494]",0.018491706827449526
L2RAR2_SELECT_00_820000,current_pipeline,after_forced_write_before_step,3,5,0.5900000000000003,True,"[-0.2514660908503176,-0.05833907581775019,0.73618190405835]","[-0.2514660908503176,-0.05833907581775019,0.86618190405835]","[0.0,0.0,-0.13]",0.0030968836036668066
L2RAR2_SELECT_00_820000,current_pipeline,after_mj_step,3,5,0.6000000000000003,True,"[-0.25272586519729745,-0.03972225608911387,0.7315467603420751]","[-0.2514660908503176,-0.05833907581775019,0.86618190405835]","[-0.001259774346979825,0.018616819728636318,-0.13463514371627494]",0.018491706827449526
L2RAR2_SELECT_00_820000,relpose_at_attach_counterfactual,before_attach,,,0.45000000000000023,False,"[-0.25144869763477246,-0.05668425552989169,0.5587995280469331]","[-0.2514660908503176,-0.05833907581775019,0.6861819040583501]","[1.7393215545169483e-05,0.0016548202878585022,-0.127382376011417]",
L2RAR2_SELECT_00_820000,relpose_at_attach_counterfactual,after_attach_before_step,,,0.45000000000000023,True,"[-0.25144869763477246,-0.05668425552989169,0.5587995280469331]","[-0.2514660908503176,-0.05833907581775019,0.6861819040583501]","[1.7393215545169483e-05,0.0016548202878585022,-0.127382376011417]",0.0
L2RAR2_SELECT_00_820000,relpose_at_attach_counterfactual,before_forced_write,1,0,0.45000000000000023,True,"[-0.25144869763477246,-0.05668425552989169,0.5587995280469331]","[-0.2514660908503177,-0.0583390758177502,0.7461819040583502]","[1.7393215545224994e-05,0.0016548202878585092,-0.18738237601141705]",0.06000000000000005
L2RAR2_SELECT_00_820000,relpose_at_attach_counterfactual,after_forced_write_before_step,1,1,0.45000000000000023,True,"[-0.2514660908503177,-0.0583390758177502,0.6161819040583502]","[-0.2514660908503177,-0.0583390758177502,0.7461819040583502]","[0.0,0.0,-0.13]",0.0030968836036668066
L2RAR2_SELECT_00_820000,relpose_at_attach_counterfactual,after_mj_step,1,1,0.46000000000000024,True,"[-0.2515110273985766,-0.05822786524712734,0.6163161399377332]","[-0.2514660908503177,-0.0583390758177502,0.7461819040583502]","[-4.493654825893367e-05,0.000111210570622855,-0.129865764120617]",0.002924693566771775
L2RAR2_SELECT_00_820000,relpose_at_attach_counterfactual,after_forced_write_before_step,1,2,0.46000000000000024,True,"[-0.2514660908503177,-0.0583390758177502,0.6161819040583502]","[-0.2514660908503177,-0.0583390758177502,0.7461819040583502]","[0.0,0.0,-0.13]",0.0030968836036668066
L2RAR2_SELECT_00_820000,relpose_at_attach_counterfactual,after_mj_step,1,2,0.47000000000000025,True,"[-0.2515110273985766,-0.05822786524712734,0.6163161399377332]","[-0.2514660908503177,-0.0583390758177502,0.7461819040583502]","[-4.493654825893367e-05,0.000111210570622855,-0.129865764120617]",0.002924693566771775
L2RAR2_SELECT_00_820000,relpose_at_attach_counterfactual,after_forced_write_before_step,1,3,0.47000000000000025,True,"[-0.2514660908503177,-0.0583390758177502,0.6161819040583502]","[-0.2514660908503177,-0.0583390758177502,0.7461819040583502]","[0.0,0.0,-0.13]",0.0030968836036668066
L2RAR2_SELECT_00_820000,relpose_at_attach_counterfactual,after_mj_step,1,3,0.48000000000000026,True,"[-0.2515110273985766,-0.05822786524712734,0.6163161399377332]","[-0.2514660908503177,-0.0583390758177502,0.7461819040583502]","[-4.493654825893367e-05,0.000111210570622855,-0.129865764120617]",0.002924693566771775
L2RAR2_SELECT_00_820000,relpose_at_attach_counterfactual,after_forced_write_before_step,1,4,0.48000000000000026,True,"[-0.2514660908503177,-0.0583390758177502,0.6161819040583502]","[-0.2514660908503177,-0.0583390758177502,0.7461819040583502]","[0.0,0.0,-0.13]",0.0030968836036668066
L2RAR2_SELECT_00_820000,relpose_at_attach_counterfactual,after_mj_step,1,4,0.49000000000000027,True,"[-0.2515110273985766,-0.05822786524712734,0.6163161399377332]","[-0.2514660908503177,-0.0583390758177502,0.7461819040583502]","[-4.493654825893367e-05,0.000111210570622855,-0.129865764120617]",0.002924693566771775
L2RAR2_SELECT_00_820000,relpose_at_attach_counterfactual,after_forced_write_before_step,1,5,0.49000000000000027,True,"[-0.2514660908503177,-0.0583390758177502,0.6161819040583502]","[-0.2514660908503177,-0.0583390758177502,0.7461819040583502]","[0.0,0.0,-0.13]",0.0030968836036668066
L2RAR2_SELECT_00_820000,relpose_at_attach_counterfactual,after_mj_step,1,5,0.5000000000000002,True,"[-0.2515110273985766,-0.05822786524712734,0.6163161399377332]","[-0.2514660908503177,-0.0583390758177502,0.7461819040583502]","[-4.493654825893367e-05,0.000111210570622855,-0.129865764120617]",0.002924693566771775
L2RAR2_SELECT_00_820000,relpose_at_attach_counterfactual,before_forced_write,2,0,0.5000000000000002,True,"[-0.2515110273985766,-0.05822786524712734,0.6163161399377332]","[-0.2514660908503176,-0.05833907581775019,0.8061819040583501]","[-4.4936548258989184e-05,0.00011121057062284806,-0.18986576412061695]",0.06250248319517802
L2RAR2_SELECT_00_820000,relpose_at_attach_counterfactual,after_forced_write_before_step,2,1,0.5000000000000002,True,"[-0.2514660908503176,-0.05833907581775019,0.6761819040583501]","[-0.2514660908503176,-0.05833907581775019,0.8061819040583501]","[0.0,0.0,-0.13]",0.0030968836036668066
L2RAR2_SELECT_00_820000,relpose_at_attach_counterfactual,after_mj_step,2,1,0.5100000000000002,True,"[-0.25151102739857656,-0.058227865247127336,0.6763161399377331]","[-0.2514660908503176,-0.05833907581775019,0.8061819040583501]","[-4.493654825893367e-05,0.000111210570622855,-0.129865764120617]",0.002924693566771775
L2RAR2_SELECT_00_820000,relpose_at_attach_counterfactual,after_forced_write_before_step,2,2,0.5100000000000002,True,"[-0.2514660908503176,-0.05833907581775019,0.6761819040583501]","[-0.2514660908503176,-0.05833907581775019,0.8061819040583501]","[0.0,0.0,-0.13]",0.0030968836036668066
L2RAR2_SELECT_00_820000,relpose_at_attach_counterfactual,after_mj_step,2,2,0.5200000000000002,True,"[-0.25151102739857656,-0.058227865247127336,0.6763161399377331]","[-0.2514660908503176,-0.05833907581775019,0.8061819040583501]","[-4.493654825893367e-05,0.000111210570622855,-0.129865764120617]",0.002924693566771775
L2RAR2_SELECT_00_820000,relpose_at_attach_counterfactual,after_forced_write_before_step,2,3,0.5200000000000002,True,"[-0.2514660908503176,-0.05833907581775019,0.6761819040583501]","[-0.2514660908503176,-0.05833907581775019,0.8061819040583501]","[0.0,0.0,-0.13]",0.0030968836036668066
L2RAR2_SELECT_00_820000,relpose_at_attach_counterfactual,after_mj_step,2,3,0.5300000000000002,True,"[-0.25151102739857656,-0.058227865247127336,0.6763161399377331]","[-0.2514660908503176,-0.05833907581775019,0.8061819040583501]","[-4.493654825893367e-05,0.000111210570622855,-0.129865764120617]",0.002924693566771775
L2RAR2_SELECT_00_820000,relpose_at_attach_counterfactual,after_forced_write_before_step,2,4,0.5300000000000002,True,"[-0.2514660908503176,-0.05833907581775019,0.6761819040583501]","[-0.2514660908503176,-0.05833907581775019,0.8061819040583501]","[0.0,0.0,-0.13]",0.0030968836036668066
L2RAR2_SELECT_00_820000,relpose_at_attach_counterfactual,after_mj_step,2,4,0.5400000000000003,True,"[-0.25151102739857656,-0.058227865247127336,0.6763161399377331]","[-0.2514660908503176,-0.05833907581775019,0.8061819040583501]","[-4.493654825893367e-05,0.000111210570622855,-0.129865764120617]",0.002924693566771775
L2RAR2_SELECT_00_820000,relpose_at_attach_counterfactual,after_forced_write_before_step,2,5,0.5400000000000003,True,"[-0.2514660908503176,-0.05833907581775019,0.6761819040583501]","[-0.2514660908503176,-0.05833907581775019,0.8061819040583501]","[0.0,0.0,-0.13]",0.0030968836036668066
L2RAR2_SELECT_00_820000,relpose_at_attach_counterfactual,after_mj_step,2,5,0.5500000000000003,True,"[-0.25151102739857656,-0.058227865247127336,0.6763161399377331]","[-0.2514660908503176,-0.05833907581775019,0.8061819040583501]","[-4.493654825893367e-05,0.000111210570622855,-0.129865764120617]",0.002924693566771775
L2RAR2_SELECT_00_820000,relpose_at_attach_counterfactual,before_forced_write,3,0,0.5500000000000003,True,"[-0.25151102739857656,-0.058227865247127336,0.6763161399377331]","[-0.2514660908503176,-0.05833907581775019,0.86618190405835]","[-4.493654825893367e-05,0.000111210570622855,-0.18986576412061695]",0.06250248319517802
L2RAR2_SELECT_00_820000,relpose_at_attach_counterfactual,after_forced_write_before_step,3,1,0.5500000000000003,True,"[-0.2514660908503176,-0.05833907581775019,0.73618190405835]","[-0.2514660908503176,-0.05833907581775019,0.86618190405835]","[0.0,0.0,-0.13]",0.0030968836036668066
L2RAR2_SELECT_00_820000,relpose_at_attach_counterfactual,after_mj_step,3,1,0.5600000000000003,True,"[-0.25151102739857656,-0.058227865247127336,0.736316139937733]","[-0.2514660908503176,-0.05833907581775019,0.86618190405835]","[-4.493654825893367e-05,0.000111210570622855,-0.129865764120617]",0.002924693566771775
L2RAR2_SELECT_00_820000,relpose_at_attach_counterfactual,after_forced_write_before_step,3,2,0.5600000000000003,True,"[-0.2514660908503176,-0.05833907581775019,0.73618190405835]","[-0.2514660908503176,-0.05833907581775019,0.86618190405835]","[0.0,0.0,-0.13]",0.0030968836036668066
L2RAR2_SELECT_00_820000,relpose_at_attach_counterfactual,after_mj_step,3,2,0.5700000000000003,True,"[-0.25151102739857656,-0.058227865247127336,0.736316139937733]","[-0.2514660908503176,-0.05833907581775019,0.86618190405835]","[-4.493654825893367e-05,0.000111210570622855,-0.129865764120617]",0.002924693566771775
L2RAR2_SELECT_00_820000,relpose_at_attach_counterfactual,after_forced_write_before_step,3,3,0.5700000000000003,True,"[-0.2514660908503176,-0.05833907581775019,0.73618190405835]","[-0.2514660908503176,-0.05833907581775019,0.86618190405835]","[0.0,0.0,-0.13]",0.0030968836036668066
L2RAR2_SELECT_00_820000,relpose_at_attach_counterfactual,after_mj_step,3,3,0.5800000000000003,True,"[-0.25151102739857656,-0.058227865247127336,0.736316139937733]","[-0.2514660908503176,-0.05833907581775019,0.86618190405835]","[-4.493654825893367e-05,0.000111210570622855,-0.129865764120617]",0.002924693566771775
L2RAR2_SELECT_00_820000,relpose_at_attach_counterfactual,after_forced_write_before_step,3,4,0.5800000000000003,True,"[-0.2514660908503176,-0.05833907581775019,0.73618190405835]","[-0.2514660908503176,-0.05833907581775019,0.86618190405835]","[0.0,0.0,-0.13]",0.0030968836036668066
L2RAR2_SELECT_00_820000,relpose_at_attach_counterfactual,after_mj_step,3,4,0.5900000000000003,True,"[-0.25151102739857656,-0.058227865247127336,0.736316139937733]","[-0.2514660908503176,-0.05833907581775019,0.86618190405835]","[-4.493654825893367e-05,0.000111210570622855,-0.129865764120617]",0.002924693566771775
L2RAR2_SELECT_00_820000,relpose_at_attach_counterfactual,after_forced_write_before_step,3,5,0.5900000000000003,True,"[-0.2514660908503176,-0.05833907581775019,0.73618190405835]","[-0.2514660908503176,-0.05833907581775019,0.86618190405835]","[0.0,0.0,-0.13]",0.0030968836036668066
L2RAR2_SELECT_00_820000,relpose_at_attach_counterfactual,after_mj_step,3,5,0.6000000000000003,True,"[-0.25151102739857656,-0.058227865247127336,0.736316139937733]","[-0.2514660908503176,-0.05833907581775019,0.86618190405835]","[-4.493654825893367e-05,0.000111210570622855,-0.129865764120617]",0.002924693566771775
L2RAR2_SELECT_01_820001,current_pipeline,before_attach,,,0.45000000000000023,False,"[-0.3062116223208442,-0.0898243390231599,0.5518908431314247]","[-0.3062330432457577,-0.08957572491767761,0.6787060989659915]","[2.142092491347336e-05,-0.0002486141054822838,-0.12681525583456688]",
L2RAR2_SELECT_01_820001,current_pipeline,after_attach_before_step,,,0.45000000000000023,True,"[-0.3062116223208442,-0.0898243390231599,0.5518908431314247]","[-0.3062330432457577,-0.08957572491767761,0.6787060989659915]","[2.142092491347336e-05,-0.0002486141054822838,-0.12681525583456688]",0.0
L2RAR2_SELECT_01_820001,current_pipeline,before_forced_write,1,0,0.45000000000000023,True,"[-0.3062116223208442,-0.0898243390231599,0.5518908431314247]","[-0.3062330432457577,-0.08957572491767761,0.7287060989659916]","[2.142092491347336e-05,-0.0002486141054822838,-0.17681525583456692]",0.050000000000000044
L2RAR2_SELECT_01_820001,current_pipeline,after_forced_write_before_step,1,1,0.45000000000000023,True,"[-0.3062330432457577,-0.08957572491767761,0.5987060989659916]","[-0.3062330432457577,-0.08957572491767761,0.7287060989659916]","[0.0,0.0,-0.13]",0.0031945051617941174
L2RAR2_SELECT_01_820001,current_pipeline,after_mj_step,1,1,0.46000000000000024,True,"[-0.3069174957793212,-0.07137430560485908,0.5931752903622725]","[-0.3062330432457577,-0.08957572491767761,0.7287060989659916]","[-0.0006844525335635288,0.01820141931281853,-0.13553080860371913]",0.020417219461711156
L2RAR2_SELECT_01_820001,current_pipeline,after_forced_write_before_step,1,2,0.46000000000000024,True,"[-0.3062330432457577,-0.08957572491767761,0.5987060989659916]","[-0.3062330432457577,-0.08957572491767761,0.7287060989659916]","[0.0,0.0,-0.13]",0.0031945051617941174
L2RAR2_SELECT_01_820001,current_pipeline,after_mj_step,1,2,0.47000000000000025,True,"[-0.3069174957793212,-0.07137430560485908,0.5931752903622725]","[-0.3062330432457577,-0.08957572491767761,0.7287060989659916]","[-0.0006844525335635288,0.01820141931281853,-0.13553080860371913]",0.020417219461711156
L2RAR2_SELECT_01_820001,current_pipeline,after_forced_write_before_step,1,3,0.47000000000000025,True,"[-0.3062330432457577,-0.08957572491767761,0.5987060989659916]","[-0.3062330432457577,-0.08957572491767761,0.7287060989659916]","[0.0,0.0,-0.13]",0.0031945051617941174
L2RAR2_SELECT_01_820001,current_pipeline,after_mj_step,1,3,0.48000000000000026,True,"[-0.3069174957793212,-0.07137430560485908,0.5931752903622725]","[-0.3062330432457577,-0.08957572491767761,0.7287060989659916]","[-0.0006844525335635288,0.01820141931281853,-0.13553080860371913]",0.020417219461711156
L2RAR2_SELECT_01_820001,current_pipeline,after_forced_write_before_step,1,4,0.48000000000000026,True,"[-0.3062330432457577,-0.08957572491767761,0.5987060989659916]","[-0.3062330432457577,-0.08957572491767761,0.7287060989659916]","[0.0,0.0,-0.13]",0.0031945051617941174
L2RAR2_SELECT_01_820001,current_pipeline,after_mj_step,1,4,0.49000000000000027,True,"[-0.3069174957793212,-0.07137430560485908,0.5931752903622725]","[-0.3062330432457577,-0.08957572491767761,0.7287060989659916]","[-0.0006844525335635288,0.01820141931281853,-0.13553080860371913]",0.020417219461711156
L2RAR2_SELECT_01_820001,current_pipeline,after_forced_write_before_step,1,5,0.49000000000000027,True,"[-0.3062330432457577,-0.08957572491767761,0.5987060989659916]","[-0.3062330432457577,-0.08957572491767761,0.7287060989659916]","[0.0,0.0,-0.13]",0.0031945051617941174
L2RAR2_SELECT_01_820001,current_pipeline,after_mj_step,1,5,0.5000000000000002,True,"[-0.3069174957793212,-0.07137430560485908,0.5931752903622725]","[-0.3062330432457577,-0.08957572491767761,0.7287060989659916]","[-0.0006844525335635288,0.01820141931281853,-0.13553080860371913]",0.020417219461711156
L2RAR2_SELECT_01_820001,current_pipeline,before_forced_write,2,0,0.5000000000000002,True,"[-0.3069174957793212,-0.07137430560485908,0.5931752903622725]","[-0.3062330432457577,-0.08957572491767761,0.7787060989659915]","[-0.0006844525335635288,0.01820141931281853,-0.18553080860371907]",0.0615501269492021
L2RAR2_SELECT_01_820001,current_pipeline,after_forced_write_before_step,2,1,0.5000000000000002,True,"[-0.3062330432457577,-0.08957572491767761,0.6487060989659915]","[-0.3062330432457577,-0.08957572491767761,0.7787060989659915]","[0.0,0.0,-0.13]",0.0031945051617941174
L2RAR2_SELECT_01_820001,current_pipeline,after_mj_step,2,1,0.5100000000000002,True,"[-0.3069174957793212,-0.07137430560485912,0.6431752903622724]","[-0.3062330432457577,-0.08957572491767761,0.7787060989659915]","[-0.0006844525335635288,0.01820141931281849,-0.13553080860371913]",0.020417219461711118
L2RAR2_SELECT_01_820001,current_pipeline,after_forced_write_before_step,2,2,0.5100000000000002,True,"[-0.3062330432457577,-0.08957572491767761,0.6487060989659915]","[-0.3062330432457577,-0.08957572491767761,0.7787060989659915]","[0.0,0.0,-0.13]",0.0031945051617941174
L2RAR2_SELECT_01_820001,current_pipeline,after_mj_step,2,2,0.5200000000000002,True,"[-0.3069174957793212,-0.07137430560485919,0.6431752903622724]","[-0.3062330432457577,-0.08957572491767761,0.7787060989659915]","[-0.0006844525335635288,0.01820141931281842,-0.13553080860371913]",0.02041721946171105
L2RAR2_SELECT_01_820001,current_pipeline,after_forced_write_before_step,2,3,0.5200000000000002,True,"[-0.3062330432457577,-0.08957572491767761,0.6487060989659915]","[-0.3062330432457577,-0.08957572491767761,0.7787060989659915]","[0.0,0.0,-0.13]",0.0031945051617941174
L2RAR2_SELECT_01_820001,current_pipeline,after_mj_step,2,3,0.5300000000000002,True,"[-0.3069174957793212,-0.07137430560485912,0.6431752903622724]","[-0.3062330432457577,-0.08957572491767761,0.7787060989659915]","[-0.0006844525335635288,0.01820141931281849,-0.13553080860371913]",0.020417219461711118
L2RAR2_SELECT_01_820001,current_pipeline,after_forced_write_before_step,2,4,0.5300000000000002,True,"[-0.3062330432457577,-0.08957572491767761,0.6487060989659915]","[-0.3062330432457577,-0.08957572491767761,0.7787060989659915]","[0.0,0.0,-0.13]",0.0031945051617941174
L2RAR2_SELECT_01_820001,current_pipeline,after_mj_step,2,4,0.5400000000000003,True,"[-0.3069174957793212,-0.07137430560485905,0.6431752903622723]","[-0.3062330432457577,-0.08957572491767761,0.7787060989659915]","[-0.0006844525335635288,0.01820141931281856,-0.13553080860371924]",0.02041721946171123
L2RAR2_SELECT_01_820001,current_pipeline,after_forced_write_before_step,2,5,0.5400000000000003,True,"[-0.3062330432457577,-0.08957572491767761,0.6487060989659915]","[-0.3062330432457577,-0.08957572491767761,0.7787060989659915]","[0.0,0.0,-0.13]",0.0031945051617941174
L2RAR2_SELECT_01_820001,current_pipeline,after_mj_step,2,5,0.5500000000000003,True,"[-0.3069174957793212,-0.07137430560485912,0.6431752903622723]","[-0.3062330432457577,-0.08957572491767761,0.7787060989659915]","[-0.0006844525335635288,0.01820141931281849,-0.13553080860371924]",0.020417219461711166
L2RAR2_SELECT_01_820001,current_pipeline,before_forced_write,3,0,0.5500000000000003,True,"[-0.3069174957793212,-0.07137430560485912,0.6431752903622723]","[-0.3062330432457577,-0.08957572491767761,0.8287060989659916]","[-0.0006844525335635288,0.01820141931281849,-0.1855308086037193]",0.0615501269492023
L2RAR2_SELECT_01_820001,current_pipeline,after_forced_write_before_step,3,1,0.5500000000000003,True,"[-0.3062330432457577,-0.08957572491767761,0.6987060989659916]","[-0.3062330432457577,-0.08957572491767761,0.8287060989659916]","[0.0,0.0,-0.13]",0.0031945051617941174
L2RAR2_SELECT_01_820001,current_pipeline,after_mj_step,3,1,0.5600000000000003,True,"[-0.30691749577932126,-0.07137430560485905,0.6931752903622724]","[-0.3062330432457577,-0.08957572491767761,0.8287060989659916]","[-0.0006844525335635843,0.01820141931281856,-0.13553080860371913]",0.02041721946171118
L2RAR2_SELECT_01_820001,current_pipeline,after_forced_write_before_step,3,2,0.5600000000000003,True,"[-0.3062330432457577,-0.08957572491767761,0.6987060989659916]","[-0.3062330432457577,-0.08957572491767761,0.8287060989659916]","[0.0,0.0,-0.13]",0.0031945051617941174
L2RAR2_SELECT_01_820001,current_pipeline,after_mj_step,3,2,0.5700000000000003,True,"[-0.30691749577932126,-0.0713743056048591,0.6931752903622724]","[-0.3062330432457577,-0.08957572491767761,0.8287060989659916]","[-0.0006844525335635843,0.018201419312818504,-0.13553080860371913]",0.02041721946171113
L2RAR2_SELECT_01_820001,current_pipeline,after_forced_write_before_step,3,3,0.5700000000000003,True,"[-0.3062330432457577,-0.08957572491767761,0.6987060989659916]","[-0.3062330432457577,-0.08957572491767761,0.8287060989659916]","[0.0,0.0,-0.13]",0.0031945051617941174
L2RAR2_SELECT_01_820001,current_pipeline,after_mj_step,3,3,0.5800000000000003,True,"[-0.30691749577932126,-0.0713743056048591,0.6931752903622724]","[-0.3062330432457577,-0.08957572491767761,0.8287060989659916]","[-0.0006844525335635843,0.018201419312818504,-0.13553080860371913]",0.02041721946171113
L2RAR2_SELECT_01_820001,current_pipeline,after_forced_write_before_step,3,4,0.5800000000000003,True,"[-0.3062330432457577,-0.08957572491767761,0.6987060989659916]","[-0.3062330432457577,-0.08957572491767761,0.8287060989659916]","[0.0,0.0,-0.13]",0.0031945051617941174
L2RAR2_SELECT_01_820001,current_pipeline,after_mj_step,3,4,0.5900000000000003,True,"[-0.30691749577932126,-0.07137430560485905,0.6931752903622724]","[-0.3062330432457577,-0.08957572491767761,0.8287060989659916]","[-0.0006844525335635843,0.01820141931281856,-0.13553080860371913]",0.02041721946171118
L2RAR2_SELECT_01_820001,current_pipeline,after_forced_write_before_step,3,5,0.5900000000000003,True,"[-0.3062330432457577,-0.08957572491767761,0.6987060989659916]","[-0.3062330432457577,-0.08957572491767761,0.8287060989659916]","[0.0,0.0,-0.13]",0.0031945051617941174
L2RAR2_SELECT_01_820001,current_pipeline,after_mj_step,3,5,0.6000000000000003,True,"[-0.30691749577932126,-0.07137430560485905,0.6931752903622724]","[-0.3062330432457577,-0.08957572491767761,0.8287060989659916]","[-0.0006844525335635843,0.01820141931281856,-0.13553080860371913]",0.02041721946171118
L2RAR2_SELECT_01_820001,current_pipeline,before_forced_write,4,0,0.6000000000000003,True,"[-0.30691749577932126,-0.07137430560485905,0.6931752903622724]","[-0.3062330432457577,-0.08957572491767761,0.8787060989659916]","[-0.0006844525335635843,0.01820141931281856,-0.18553080860371918]",0.061550126949202213
L2RAR2_SELECT_01_820001,current_pipeline,after_forced_write_before_step,4,1,0.6000000000000003,True,"[-0.3062330432457577,-0.08957572491767761,0.7487060989659916]","[-0.3062330432457577,-0.08957572491767761,0.8787060989659916]","[0.0,0.0,-0.13]",0.0031945051617941174
L2RAR2_SELECT_01_820001,current_pipeline,after_mj_step,4,1,0.6100000000000003,True,"[-0.30691749577932115,-0.07137430560485901,0.7431752903622724]","[-0.3062330432457577,-0.08957572491767761,0.8787060989659916]","[-0.0006844525335634732,0.0182014193128186,-0.13553080860371924]",0.020417219461711263
L2RAR2_SELECT_01_820001,current_pipeline,after_forced_write_before_step,4,2,0.6100000000000003,True,"[-0.3062330432457577,-0.08957572491767761,0.7487060989659916]","[-0.3062330432457577,-0.08957572491767761,0.8787060989659916]","[0.0,0.0,-0.13]",0.0031945051617941174
L2RAR2_SELECT_01_820001,current_pipeline,after_mj_step,4,2,0.6200000000000003,True,"[-0.30691749577932115,-0.07137430560485901,0.7431752903622724]","[-0.3062330432457577,-0.08957572491767761,0.8787060989659916]","[-0.0006844525335634732,0.0182014193128186,-0.13553080860371924]",0.020417219461711263
L2RAR2_SELECT_01_820001,current_pipeline,after_forced_write_before_step,4,3,0.6200000000000003,True,"[-0.3062330432457577,-0.08957572491767761,0.7487060989659916]","[-0.3062330432457577,-0.08957572491767761,0.8787060989659916]","[0.0,0.0,-0.13]",0.0031945051617941174
L2RAR2_SELECT_01_820001,current_pipeline,after_mj_step,4,3,0.6300000000000003,True,"[-0.30691749577932115,-0.07137430560485901,0.7431752903622724]","[-0.3062330432457577,-0.08957572491767761,0.8787060989659916]","[-0.0006844525335634732,0.0182014193128186,-0.13553080860371924]",0.020417219461711263
L2RAR2_SELECT_01_820001,current_pipeline,after_forced_write_before_step,4,4,0.6300000000000003,True,"[-0.3062330432457577,-0.08957572491767761,0.7487060989659916]","[-0.3062330432457577,-0.08957572491767761,0.8787060989659916]","[0.0,0.0,-0.13]",0.0031945051617941174
L2RAR2_SELECT_01_820001,current_pipeline,after_mj_step,4,4,0.6400000000000003,True,"[-0.30691749577932115,-0.07137430560485901,0.7431752903622724]","[-0.3062330432457577,-0.08957572491767761,0.8787060989659916]","[-0.0006844525335634732,0.0182014193128186,-0.13553080860371924]",0.020417219461711263
L2RAR2_SELECT_01_820001,current_pipeline,after_forced_write_before_step,4,5,0.6400000000000003,True,"[-0.3062330432457577,-0.08957572491767761,0.7487060989659916]","[-0.3062330432457577,-0.08957572491767761,0.8787060989659916]","[0.0,0.0,-0.13]",0.0031945051617941174
L2RAR2_SELECT_01_820001,current_pipeline,after_mj_step,4,5,0.6500000000000004,True,"[-0.30691749577932115,-0.07137430560485901,0.7431752903622724]","[-0.3062330432457577,-0.08957572491767761,0.8787060989659916]","[-0.0006844525335634732,0.0182014193128186,-0.13553080860371924]",0.020417219461711263
L2RAR2_SELECT_01_820001,relpose_at_attach_counterfactual,before_attach,,,0.45000000000000023,False,"[-0.3062116223208442,-0.0898243390231599,0.5518908431314247]","[-0.3062330432457577,-0.08957572491767761,0.6787060989659915]","[2.142092491347336e-05,-0.0002486141054822838,-0.12681525583456688]",
L2RAR2_SELECT_01_820001,relpose_at_attach_counterfactual,after_attach_before_step,,,0.45000000000000023,True,"[-0.3062116223208442,-0.0898243390231599,0.5518908431314247]","[-0.3062330432457577,-0.08957572491767761,0.6787060989659915]","[2.142092491347336e-05,-0.0002486141054822838,-0.12681525583456688]",0.0
L2RAR2_SELECT_01_820001,relpose_at_attach_counterfactual,before_forced_write,1,0,0.45000000000000023,True,"[-0.3062116223208442,-0.0898243390231599,0.5518908431314247]","[-0.3062330432457577,-0.08957572491767761,0.7287060989659916]","[2.142092491347336e-05,-0.0002486141054822838,-0.17681525583456692]",0.050000000000000044
L2RAR2_SELECT_01_820001,relpose_at_attach_counterfactual,after_forced_write_before_step,1,1,0.45000000000000023,True,"[-0.3062330432457577,-0.08957572491767761,0.5987060989659916]","[-0.3062330432457577,-0.08957572491767761,0.7287060989659916]","[0.0,0.0,-0.13]",0.0031945051617941174
L2RAR2_SELECT_01_820001,relpose_at_attach_counterfactual,after_mj_step,1,1,0.46000000000000024,True,"[-0.3062195576902326,-0.08959158689957161,0.5988660525225484]","[-0.3062330432457577,-0.08957572491767761,0.7287060989659916]","[1.3485555525050152e-05,-1.5861981894002564e-05,-0.12984004644344316]",0.003033742696516686
L2RAR2_SELECT_01_820001,relpose_at_attach_counterfactual,after_forced_write_before_step,1,2,0.46000000000000024,True,"[-0.3062330432457577,-0.08957572491767761,0.5987060989659916]","[-0.3062330432457577,-0.08957572491767761,0.7287060989659916]","[0.0,0.0,-0.13]",0.0031945051617941174
L2RAR2_SELECT_01_820001,relpose_at_attach_counterfactual,after_mj_step,1,2,0.47000000000000025,True,"[-0.3062195576902326,-0.08959158689957161,0.5988660525225484]","[-0.3062330432457577,-0.08957572491767761,0.7287060989659916]","[1.3485555525050152e-05,-1.5861981894002564e-05,-0.12984004644344316]",0.003033742696516686
L2RAR2_SELECT_01_820001,relpose_at_attach_counterfactual,after_forced_write_before_step,1,3,0.47000000000000025,True,"[-0.3062330432457577,-0.08957572491767761,0.5987060989659916]","[-0.3062330432457577,-0.08957572491767761,0.7287060989659916]","[0.0,0.0,-0.13]",0.0031945051617941174
L2RAR2_SELECT_01_820001,relpose_at_attach_counterfactual,after_mj_step,1,3,0.48000000000000026,True,"[-0.3062195576902326,-0.08959158689957161,0.5988660525225484]","[-0.3062330432457577,-0.08957572491767761,0.7287060989659916]","[1.3485555525050152e-05,-1.5861981894002564e-05,-0.12984004644344316]",0.003033742696516686
L2RAR2_SELECT_01_820001,relpose_at_attach_counterfactual,after_forced_write_before_step,1,4,0.48000000000000026,True,"[-0.3062330432457577,-0.08957572491767761,0.5987060989659916]","[-0.3062330432457577,-0.08957572491767761,0.7287060989659916]","[0.0,0.0,-0.13]",0.0031945051617941174
L2RAR2_SELECT_01_820001,relpose_at_attach_counterfactual,after_mj_step,1,4,0.49000000000000027,True,"[-0.3062195576902326,-0.08959158689957161,0.5988660525225484]","[-0.3062330432457577,-0.08957572491767761,0.7287060989659916]","[1.3485555525050152e-05,-1.5861981894002564e-05,-0.12984004644344316]",0.003033742696516686
L2RAR2_SELECT_01_820001,relpose_at_attach_counterfactual,after_forced_write_before_step,1,5,0.49000000000000027,True,"[-0.3062330432457577,-0.08957572491767761,0.5987060989659916]","[-0.3062330432457577,-0.08957572491767761,0.7287060989659916]","[0.0,0.0,-0.13]",0.0031945051617941174
L2RAR2_SELECT_01_820001,relpose_at_attach_counterfactual,after_mj_step,1,5,0.5000000000000002,True,"[-0.3062195576902326,-0.08959158689957161,0.5988660525225484]","[-0.3062330432457577,-0.08957572491767761,0.7287060989659916]","[1.3485555525050152e-05,-1.5861981894002564e-05,-0.12984004644344316]",0.003033742696516686
L2RAR2_SELECT_01_820001,relpose_at_attach_counterfactual,before_forced_write,2,0,0.5000000000000002,True,"[-0.3062195576902326,-0.08959158689957161,0.5988660525225484]","[-0.3062330432457577,-0.08957572491767761,0.7787060989659915]","[1.3485555525050152e-05,-1.5861981894002564e-05,-0.1798400464434431]",0.053025302032485296
L2RAR2_SELECT_01_820001,relpose_at_attach_counterfactual,after_forced_write_before_step,2,1,0.5000000000000002,True,"[-0.3062330432457577,-0.08957572491767761,0.6487060989659915]","[-0.3062330432457577,-0.08957572491767761,0.7787060989659915]","[0.0,0.0,-0.13]",0.0031945051617941174
L2RAR2_SELECT_01_820001,relpose_at_attach_counterfactual,after_mj_step,2,1,0.5100000000000002,True,"[-0.3062195576902326,-0.08959158689957161,0.6488660525225484]","[-0.3062330432457577,-0.08957572491767761,0.7787060989659915]","[1.3485555525050152e-05,-1.5861981894002564e-05,-0.12984004644344316]",0.003033742696516686
L2RAR2_SELECT_01_820001,relpose_at_attach_counterfactual,after_forced_write_before_step,2,2,0.5100000000000002,True,"[-0.3062330432457577,-0.08957572491767761,0.6487060989659915]","[-0.3062330432457577,-0.08957572491767761,0.7787060989659915]","[0.0,0.0,-0.13]",0.0031945051617941174
L2RAR2_SELECT_01_820001,relpose_at_attach_counterfactual,after_mj_step,2,2,0.5200000000000002,True,"[-0.3062195576902326,-0.08959158689957161,0.6488660525225484]","[-0.3062330432457577,-0.08957572491767761,0.7787060989659915]","[1.3485555525050152e-05,-1.5861981894002564e-05,-0.12984004644344316]",0.003033742696516686
L2RAR2_SELECT_01_820001,relpose_at_attach_counterfactual,after_forced_write_before_step,2,3,0.5200000000000002,True,"[-0.3062330432457577,-0.08957572491767761,0.6487060989659915]","[-0.3062330432457577,-0.08957572491767761,0.7787060989659915]","[0.0,0.0,-0.13]",0.0031945051617941174
L2RAR2_SELECT_01_820001,relpose_at_attach_counterfactual,after_mj_step,2,3,0.5300000000000002,True,"[-0.3062195576902326,-0.08959158689957161,0.6488660525225484]","[-0.3062330432457577,-0.08957572491767761,0.7787060989659915]","[1.3485555525050152e-05,-1.5861981894002564e-05,-0.12984004644344316]",0.003033742696516686
L2RAR2_SELECT_01_820001,relpose_at_attach_counterfactual,after_forced_write_before_step,2,4,0.5300000000000002,True,"[-0.3062330432457577,-0.08957572491767761,0.6487060989659915]","[-0.3062330432457577,-0.08957572491767761,0.7787060989659915]","[0.0,0.0,-0.13]",0.0031945051617941174
L2RAR2_SELECT_01_820001,relpose_at_attach_counterfactual,after_mj_step,2,4,0.5400000000000003,True,"[-0.3062195576902326,-0.08959158689957161,0.6488660525225484]","[-0.3062330432457577,-0.08957572491767761,0.7787060989659915]","[1.3485555525050152e-05,-1.5861981894002564e-05,-0.12984004644344316]",0.003033742696516686
L2RAR2_SELECT_01_820001,relpose_at_attach_counterfactual,after_forced_write_before_step,2,5,0.5400000000000003,True,"[-0.3062330432457577,-0.08957572491767761,0.6487060989659915]","[-0.3062330432457577,-0.08957572491767761,0.7787060989659915]","[0.0,0.0,-0.13]",0.0031945051617941174
L2RAR2_SELECT_01_820001,relpose_at_attach_counterfactual,after_mj_step,2,5,0.5500000000000003,True,"[-0.3062195576902326,-0.08959158689957161,0.6488660525225484]","[-0.3062330432457577,-0.08957572491767761,0.7787060989659915]","[1.3485555525050152e-05,-1.5861981894002564e-05,-0.12984004644344316]",0.003033742696516686
L2RAR2_SELECT_01_820001,relpose_at_attach_counterfactual,before_forced_write,3,0,0.5500000000000003,True,"[-0.3062195576902326,-0.08959158689957161,0.6488660525225484]","[-0.3062330432457577,-0.08957572491767761,0.8287060989659916]","[1.3485555525050152e-05,-1.5861981894002564e-05,-0.1798400464434432]",0.05302530203248541
L2RAR2_SELECT_01_820001,relpose_at_attach_counterfactual,after_forced_write_before_step,3,1,0.5500000000000003,True,"[-0.3062330432457577,-0.08957572491767761,0.6987060989659916]","[-0.3062330432457577,-0.08957572491767761,0.8287060989659916]","[0.0,0.0,-0.13]",0.0031945051617941174
L2RAR2_SELECT_01_820001,relpose_at_attach_counterfactual,after_mj_step,3,1,0.5600000000000003,True,"[-0.3062195576902326,-0.08959158689957161,0.6988660525225484]","[-0.3062330432457577,-0.08957572491767761,0.8287060989659916]","[1.3485555525050152e-05,-1.5861981894002564e-05,-0.12984004644344316]",0.003033742696516686
L2RAR2_SELECT_01_820001,relpose_at_attach_counterfactual,after_forced_write_before_step,3,2,0.5600000000000003,True,"[-0.3062330432457577,-0.08957572491767761,0.6987060989659916]","[-0.3062330432457577,-0.08957572491767761,0.8287060989659916]","[0.0,0.0,-0.13]",0.0031945051617941174
L2RAR2_SELECT_01_820001,relpose_at_attach_counterfactual,after_mj_step,3,2,0.5700000000000003,True,"[-0.3062195576902326,-0.08959158689957161,0.6988660525225484]","[-0.3062330432457577,-0.08957572491767761,0.8287060989659916]","[1.3485555525050152e-05,-1.5861981894002564e-05,-0.12984004644344316]",0.003033742696516686
L2RAR2_SELECT_01_820001,relpose_at_attach_counterfactual,after_forced_write_before_step,3,3,0.5700000000000003,True,"[-0.3062330432457577,-0.08957572491767761,0.6987060989659916]","[-0.3062330432457577,-0.08957572491767761,0.8287060989659916]","[0.0,0.0,-0.13]",0.0031945051617941174
L2RAR2_SELECT_01_820001,relpose_at_attach_counterfactual,after_mj_step,3,3,0.5800000000000003,True,"[-0.3062195576902326,-0.08959158689957161,0.6988660525225484]","[-0.3062330432457577,-0.08957572491767761,0.8287060989659916]","[1.3485555525050152e-05,-1.5861981894002564e-05,-0.12984004644344316]",0.003033742696516686
L2RAR2_SELECT_01_820001,relpose_at_attach_counterfactual,after_forced_write_before_step,3,4,0.5800000000000003,True,"[-0.3062330432457577,-0.08957572491767761,0.6987060989659916]","[-0.3062330432457577,-0.08957572491767761,0.8287060989659916]","[0.0,0.0,-0.13]",0.0031945051617941174
L2RAR2_SELECT_01_820001,relpose_at_attach_counterfactual,after_mj_step,3,4,0.5900000000000003,True,"[-0.3062195576902326,-0.08959158689957161,0.6988660525225484]","[-0.3062330432457577,-0.08957572491767761,0.8287060989659916]","[1.3485555525050152e-05,-1.5861981894002564e-05,-0.12984004644344316]",0.003033742696516686
L2RAR2_SELECT_01_820001,relpose_at_attach_counterfactual,after_forced_write_before_step,3,5,0.5900000000000003,True,"[-0.3062330432457577,-0.08957572491767761,0.6987060989659916]","[-0.3062330432457577,-0.08957572491767761,0.8287060989659916]","[0.0,0.0,-0.13]",0.0031945051617941174
L2RAR2_SELECT_01_820001,relpose_at_attach_counterfactual,after_mj_step,3,5,0.6000000000000003,True,"[-0.3062195576902326,-0.08959158689957161,0.6988660525225484]","[-0.3062330432457577,-0.08957572491767761,0.8287060989659916]","[1.3485555525050152e-05,-1.5861981894002564e-05,-0.12984004644344316]",0.003033742696516686
L2RAR2_SELECT_01_820001,relpose_at_attach_counterfactual,before_forced_write,4,0,0.6000000000000003,True,"[-0.3062195576902326,-0.08959158689957161,0.6988660525225484]","[-0.3062330432457577,-0.08957572491767761,0.8787060989659916]","[1.3485555525050152e-05,-1.5861981894002564e-05,-0.1798400464434432]",0.05302530203248541
L2RAR2_SELECT_01_820001,relpose_at_attach_counterfactual,after_forced_write_before_step,4,1,0.6000000000000003,True,"[-0.3062330432457577,-0.08957572491767761,0.7487060989659916]","[-0.3062330432457577,-0.08957572491767761,0.8787060989659916]","[0.0,0.0,-0.13]",0.0031945051617941174
L2RAR2_SELECT_01_820001,relpose_at_attach_counterfactual,after_mj_step,4,1,0.6100000000000003,True,"[-0.3062195576902326,-0.08959158689957161,0.7488660525225485]","[-0.3062330432457577,-0.08957572491767761,0.8787060989659916]","[1.3485555525050152e-05,-1.5861981894002564e-05,-0.12984004644344316]",0.003033742696516686
L2RAR2_SELECT_01_820001,relpose_at_attach_counterfactual,after_forced_write_before_step,4,2,0.6100000000000003,True,"[-0.3062330432457577,-0.08957572491767761,0.7487060989659916]","[-0.3062330432457577,-0.08957572491767761,0.8787060989659916]","[0.0,0.0,-0.13]",0.0031945051617941174
L2RAR2_SELECT_01_820001,relpose_at_attach_counterfactual,after_mj_step,4,2,0.6200000000000003,True,"[-0.3062195576902326,-0.08959158689957161,0.7488660525225485]","[-0.3062330432457577,-0.08957572491767761,0.8787060989659916]","[1.3485555525050152e-05,-1.5861981894002564e-05,-0.12984004644344316]",0.003033742696516686
L2RAR2_SELECT_01_820001,relpose_at_attach_counterfactual,after_forced_write_before_step,4,3,0.6200000000000003,True,"[-0.3062330432457577,-0.08957572491767761,0.7487060989659916]","[-0.3062330432457577,-0.08957572491767761,0.8787060989659916]","[0.0,0.0,-0.13]",0.0031945051617941174
L2RAR2_SELECT_01_820001,relpose_at_attach_counterfactual,after_mj_step,4,3,0.6300000000000003,True,"[-0.3062195576902326,-0.08959158689957161,0.7488660525225485]","[-0.3062330432457577,-0.08957572491767761,0.8787060989659916]","[1.3485555525050152e-05,-1.5861981894002564e-05,-0.12984004644344316]",0.003033742696516686
L2RAR2_SELECT_01_820001,relpose_at_attach_counterfactual,after_forced_write_before_step,4,4,0.6300000000000003,True,"[-0.3062330432457577,-0.08957572491767761,0.7487060989659916]","[-0.3062330432457577,-0.08957572491767761,0.8787060989659916]","[0.0,0.0,-0.13]",0.0031945051617941174
L2RAR2_SELECT_01_820001,relpose_at_attach_counterfactual,after_mj_step,4,4,0.6400000000000003,True,"[-0.3062195576902326,-0.08959158689957161,0.7488660525225485]","[-0.3062330432457577,-0.08957572491767761,0.8787060989659916]","[1.3485555525050152e-05,-1.5861981894002564e-05,-0.12984004644344316]",0.003033742696516686
L2RAR2_SELECT_01_820001,relpose_at_attach_counterfactual,after_forced_write_before_step,4,5,0.6400000000000003,True,"[-0.3062330432457577,-0.08957572491767761,0.7487060989659916]","[-0.3062330432457577,-0.08957572491767761,0.8787060989659916]","[0.0,0.0,-0.13]",0.0031945051617941174
L2RAR2_SELECT_01_820001,relpose_at_attach_counterfactual,after_mj_step,4,5,0.6500000000000004,True,"[-0.3062195576902326,-0.08959158689957161,0.7488660525225485]","[-0.3062330432457577,-0.08957572491767761,0.8787060989659916]","[1.3485555525050152e-05,-1.5861981894002564e-05,-0.12984004644344316]",0.003033742696516686
L2RAR2_SELECT_02_820002,current_pipeline,before_attach,,,0.45000000000000023,False,"[-0.3086495421329145,-0.0986667753013232,0.5565536864379476]","[-0.30883441975041936,-0.09903421196847237,0.6843386435445308]","[0.00018487761750485276,0.000367436667149168,-0.12778495710658322]",
L2RAR2_SELECT_02_820002,current_pipeline,after_attach_before_step,,,0.45000000000000023,True,"[-0.3086495421329145,-0.0986667753013232,0.5565536864379476]","[-0.30883441975041936,-0.09903421196847237,0.6843386435445308]","[0.00018487761750485276,0.000367436667149168,-0.12778495710658322]",0.0
L2RAR2_SELECT_02_820002,current_pipeline,before_forced_write,1,0,0.45000000000000023,True,"[-0.3086495421329145,-0.0986667753013232,0.5565536864379476]","[-0.30883441975041936,-0.09903421196847237,0.7283386435445307]","[0.00018487761750485276,0.000367436667149168,-0.17178495710658315]",0.04399999999999993
L2RAR2_SELECT_02_820002,current_pipeline,after_forced_write_before_step,1,1,0.45000000000000023,True,"[-0.30883441975041936,-0.09903421196847237,0.5983386435445307]","[-0.30883441975041936,-0.09903421196847237,0.7283386435445307]","[0.0,0.0,-0.13]",0.002252910219581811
L2RAR2_SELECT_02_820002,current_pipeline,after_mj_step,1,1,0.46000000000000024,True,"[-0.3101017710579937,-0.08033705982223796,0.5934940450655565]","[-0.30883441975041936,-0.09903421196847237,0.7283386435445307]","[-0.001267351307574327,0.018697152146234408,-0.13484459847897423]",0.01969583648139445
L2RAR2_SELECT_02_820002,current_pipeline,after_forced_write_before_step,1,2,0.46000000000000024,True,"[-0.30883441975041936,-0.09903421196847237,0.5983386435445307]","[-0.30883441975041936,-0.09903421196847237,0.7283386435445307]","[0.0,0.0,-0.13]",0.002252910219581811
L2RAR2_SELECT_02_820002,current_pipeline,after_mj_step,1,2,0.47000000000000025,True,"[-0.3101017710579937,-0.08033705982223796,0.5934940450655565]","[-0.30883441975041936,-0.09903421196847237,0.7283386435445307]","[-0.001267351307574327,0.018697152146234408,-0.13484459847897423]",0.01969583648139445
L2RAR2_SELECT_02_820002,current_pipeline,after_forced_write_before_step,1,3,0.47000000000000025,True,"[-0.30883441975041936,-0.09903421196847237,0.5983386435445307]","[-0.30883441975041936,-0.09903421196847237,0.7283386435445307]","[0.0,0.0,-0.13]",0.002252910219581811
L2RAR2_SELECT_02_820002,current_pipeline,after_mj_step,1,3,0.48000000000000026,True,"[-0.3101017710579937,-0.08033705982223796,0.5934940450655565]","[-0.30883441975041936,-0.09903421196847237,0.7283386435445307]","[-0.001267351307574327,0.018697152146234408,-0.13484459847897423]",0.01969583648139445
L2RAR2_SELECT_02_820002,current_pipeline,after_forced_write_before_step,1,4,0.48000000000000026,True,"[-0.30883441975041936,-0.09903421196847237,0.5983386435445307]","[-0.30883441975041936,-0.09903421196847237,0.7283386435445307]","[0.0,0.0,-0.13]",0.002252910219581811
L2RAR2_SELECT_02_820002,current_pipeline,after_mj_step,1,4,0.49000000000000027,True,"[-0.3101017710579937,-0.08033705982223795,0.5934940450655565]","[-0.30883441975041936,-0.09903421196847237,0.7283386435445307]","[-0.001267351307574327,0.018697152146234422,-0.13484459847897423]",0.019695836481394464
L2RAR2_SELECT_02_820002,current_pipeline,after_forced_write_before_step,1,5,0.49000000000000027,True,"[-0.30883441975041936,-0.09903421196847237,0.5983386435445307]","[-0.30883441975041936,-0.09903421196847237,0.7283386435445307]","[0.0,0.0,-0.13]",0.002252910219581811
L2RAR2_SELECT_02_820002,current_pipeline,after_mj_step,1,5,0.5000000000000002,True,"[-0.3101017710579937,-0.08033705982223795,0.5934940450655565]","[-0.30883441975041936,-0.09903421196847237,0.7283386435445307]","[-0.001267351307574327,0.018697152146234422,-0.13484459847897423]",0.019695836481394464
L2RAR2_SELECT_02_820002,current_pipeline,before_forced_write,2,0,0.5000000000000002,True,"[-0.3101017710579937,-0.08033705982223795,0.5934940450655565]","[-0.30883441975041936,-0.09903421196847237,0.7723386435445307]","[-0.001267351307574327,0.018697152146234422,-0.17884459847897427]",0.05426946116806617
L2RAR2_SELECT_02_820002,current_pipeline,after_forced_write_before_step,2,1,0.5000000000000002,True,"[-0.30883441975041936,-0.09903421196847237,0.6423386435445307]","[-0.30883441975041936,-0.09903421196847237,0.7723386435445307]","[0.0,0.0,-0.13]",0.002252910219581811
L2RAR2_SELECT_02_820002,current_pipeline,after_mj_step,2,1,0.5100000000000002,True,"[-0.3101017710579938,-0.08033705982223795,0.6374940450655565]","[-0.30883441975041936,-0.09903421196847237,0.7723386435445307]","[-0.001267351307574438,0.018697152146234422,-0.13484459847897423]",0.01969583648139447
L2RAR2_SELECT_02_820002,current_pipeline,after_forced_write_before_step,2,2,0.5100000000000002,True,"[-0.30883441975041936,-0.09903421196847237,0.6423386435445307]","[-0.30883441975041936,-0.09903421196847237,0.7723386435445307]","[0.0,0.0,-0.13]",0.002252910219581811
L2RAR2_SELECT_02_820002,current_pipeline,after_mj_step,2,2,0.5200000000000002,True,"[-0.3101017710579938,-0.08033705982223795,0.6374940450655565]","[-0.30883441975041936,-0.09903421196847237,0.7723386435445307]","[-0.001267351307574438,0.018697152146234422,-0.13484459847897423]",0.01969583648139447
L2RAR2_SELECT_02_820002,current_pipeline,after_forced_write_before_step,2,3,0.5200000000000002,True,"[-0.30883441975041936,-0.09903421196847237,0.6423386435445307]","[-0.30883441975041936,-0.09903421196847237,0.7723386435445307]","[0.0,0.0,-0.13]",0.002252910219581811
L2RAR2_SELECT_02_820002,current_pipeline,after_mj_step,2,3,0.5300000000000002,True,"[-0.3101017710579938,-0.08033705982223795,0.6374940450655565]","[-0.30883441975041936,-0.09903421196847237,0.7723386435445307]","[-0.001267351307574438,0.018697152146234422,-0.13484459847897423]",0.01969583648139447
L2RAR2_SELECT_02_820002,current_pipeline,after_forced_write_before_step,2,4,0.5300000000000002,True,"[-0.30883441975041936,-0.09903421196847237,0.6423386435445307]","[-0.30883441975041936,-0.09903421196847237,0.7723386435445307]","[0.0,0.0,-0.13]",0.002252910219581811
L2RAR2_SELECT_02_820002,current_pipeline,after_mj_step,2,4,0.5400000000000003,True,"[-0.3101017710579938,-0.08033705982223795,0.6374940450655565]","[-0.30883441975041936,-0.09903421196847237,0.7723386435445307]","[-0.001267351307574438,0.018697152146234422,-0.13484459847897423]",0.01969583648139447
L2RAR2_SELECT_02_820002,current_pipeline,after_forced_write_before_step,2,5,0.5400000000000003,True,"[-0.30883441975041936,-0.09903421196847237,0.6423386435445307]","[-0.30883441975041936,-0.09903421196847237,0.7723386435445307]","[0.0,0.0,-0.13]",0.002252910219581811
L2RAR2_SELECT_02_820002,current_pipeline,after_mj_step,2,5,0.5500000000000003,True,"[-0.3101017710579938,-0.08033705982223795,0.6374940450655565]","[-0.30883441975041936,-0.09903421196847237,0.7723386435445307]","[-0.001267351307574438,0.018697152146234422,-0.13484459847897423]",0.01969583648139447
L2RAR2_SELECT_02_820002,current_pipeline,before_forced_write,3,0,0.5500000000000003,True,"[-0.3101017710579938,-0.08033705982223795,0.6374940450655565]","[-0.30883441975041936,-0.09903421196847237,0.8163386435445308]","[-0.001267351307574438,0.018697152146234422,-0.17884459847897427]",0.05426946116806618
L2RAR2_SELECT_02_820002,current_pipeline,after_forced_write_before_step,3,1,0.5500000000000003,True,"[-0.30883441975041936,-0.09903421196847237,0.6863386435445308]","[-0.30883441975041936,-0.09903421196847237,0.8163386435445308]","[0.0,0.0,-0.13]",0.002252910219581811
L2RAR2_SELECT_02_820002,current_pipeline,after_mj_step,3,1,0.5600000000000003,True,"[-0.31010177105799375,-0.08033705982223795,0.6814940450655566]","[-0.30883441975041936,-0.09903421196847237,0.8163386435445308]","[-0.0012673513075743825,0.018697152146234422,-0.13484459847897423]",0.019695836481394467
L2RAR2_SELECT_02_820002,current_pipeline,after_forced_write_before_step,3,2,0.5600000000000003,True,"[-0.30883441975041936,-0.09903421196847237,0.6863386435445308]","[-0.30883441975041936,-0.09903421196847237,0.8163386435445308]","[0.0,0.0,-0.13]",0.002252910219581811
L2RAR2_SELECT_02_820002,current_pipeline,after_mj_step,3,2,0.5700000000000003,True,"[-0.31010177105799375,-0.08033705982223795,0.6814940450655566]","[-0.30883441975041936,-0.09903421196847237,0.8163386435445308]","[-0.0012673513075743825,0.018697152146234422,-0.13484459847897423]",0.019695836481394467
L2RAR2_SELECT_02_820002,current_pipeline,after_forced_write_before_step,3,3,0.5700000000000003,True,"[-0.30883441975041936,-0.09903421196847237,0.6863386435445308]","[-0.30883441975041936,-0.09903421196847237,0.8163386435445308]","[0.0,0.0,-0.13]",0.002252910219581811
L2RAR2_SELECT_02_820002,current_pipeline,after_mj_step,3,3,0.5800000000000003,True,"[-0.31010177105799375,-0.08033705982223795,0.6814940450655566]","[-0.30883441975041936,-0.09903421196847237,0.8163386435445308]","[-0.0012673513075743825,0.018697152146234422,-0.13484459847897423]",0.019695836481394467
L2RAR2_SELECT_02_820002,current_pipeline,after_forced_write_before_step,3,4,0.5800000000000003,True,"[-0.30883441975041936,-0.09903421196847237,0.6863386435445308]","[-0.30883441975041936,-0.09903421196847237,0.8163386435445308]","[0.0,0.0,-0.13]",0.002252910219581811
L2RAR2_SELECT_02_820002,current_pipeline,after_mj_step,3,4,0.5900000000000003,True,"[-0.31010177105799375,-0.08033705982223795,0.6814940450655566]","[-0.30883441975041936,-0.09903421196847237,0.8163386435445308]","[-0.0012673513075743825,0.018697152146234422,-0.13484459847897423]",0.019695836481394467
L2RAR2_SELECT_02_820002,current_pipeline,after_forced_write_before_step,3,5,0.5900000000000003,True,"[-0.30883441975041936,-0.09903421196847237,0.6863386435445308]","[-0.30883441975041936,-0.09903421196847237,0.8163386435445308]","[0.0,0.0,-0.13]",0.002252910219581811
L2RAR2_SELECT_02_820002,current_pipeline,after_mj_step,3,5,0.6000000000000003,True,"[-0.31010177105799375,-0.08033705982223795,0.6814940450655566]","[-0.30883441975041936,-0.09903421196847237,0.8163386435445308]","[-0.0012673513075743825,0.018697152146234422,-0.13484459847897423]",0.019695836481394467
L2RAR2_SELECT_02_820002,current_pipeline,before_forced_write,4,0,0.6000000000000003,True,"[-0.31010177105799375,-0.08033705982223795,0.6814940450655566]","[-0.30883441975041936,-0.09903421196847237,0.8603386435445308]","[-0.0012673513075743825,0.018697152146234422,-0.17884459847897427]",0.05426946116806617
L2RAR2_SELECT_02_820002,current_pipeline,after_forced_write_before_step,4,1,0.6000000000000003,True,"[-0.30883441975041936,-0.09903421196847237,0.7303386435445308]","[-0.30883441975041936,-0.09903421196847237,0.8603386435445308]","[0.0,0.0,-0.13]",0.002252910219581811
L2RAR2_SELECT_02_820002,current_pipeline,after_mj_step,4,1,0.6100000000000003,True,"[-0.31010177105799375,-0.08033705982223795,0.7254940450655566]","[-0.30883441975041936,-0.09903421196847237,0.8603386435445308]","[-0.0012673513075743825,0.018697152146234422,-0.13484459847897423]",0.019695836481394467
L2RAR2_SELECT_02_820002,current_pipeline,after_forced_write_before_step,4,2,0.6100000000000003,True,"[-0.30883441975041936,-0.09903421196847237,0.7303386435445308]","[-0.30883441975041936,-0.09903421196847237,0.8603386435445308]","[0.0,0.0,-0.13]",0.002252910219581811
L2RAR2_SELECT_02_820002,current_pipeline,after_mj_step,4,2,0.6200000000000003,True,"[-0.31010177105799375,-0.08033705982223795,0.7254940450655566]","[-0.30883441975041936,-0.09903421196847237,0.8603386435445308]","[-0.0012673513075743825,0.018697152146234422,-0.13484459847897423]",0.019695836481394467
L2RAR2_SELECT_02_820002,current_pipeline,after_forced_write_before_step,4,3,0.6200000000000003,True,"[-0.30883441975041936,-0.09903421196847237,0.7303386435445308]","[-0.30883441975041936,-0.09903421196847237,0.8603386435445308]","[0.0,0.0,-0.13]",0.002252910219581811
L2RAR2_SELECT_02_820002,current_pipeline,after_mj_step,4,3,0.6300000000000003,True,"[-0.31010177105799375,-0.08033705982223795,0.7254940450655566]","[-0.30883441975041936,-0.09903421196847237,0.8603386435445308]","[-0.0012673513075743825,0.018697152146234422,-0.13484459847897423]",0.019695836481394467
L2RAR2_SELECT_02_820002,current_pipeline,after_forced_write_before_step,4,4,0.6300000000000003,True,"[-0.30883441975041936,-0.09903421196847237,0.7303386435445308]","[-0.30883441975041936,-0.09903421196847237,0.8603386435445308]","[0.0,0.0,-0.13]",0.002252910219581811
L2RAR2_SELECT_02_820002,current_pipeline,after_mj_step,4,4,0.6400000000000003,True,"[-0.31010177105799375,-0.08033705982223793,0.7254940450655566]","[-0.30883441975041936,-0.09903421196847237,0.8603386435445308]","[-0.0012673513075743825,0.018697152146234436,-0.13484459847897423]",0.01969583648139448
L2RAR2_SELECT_02_820002,current_pipeline,after_forced_write_before_step,4,5,0.6400000000000003,True,"[-0.30883441975041936,-0.09903421196847237,0.7303386435445308]","[-0.30883441975041936,-0.09903421196847237,0.8603386435445308]","[0.0,0.0,-0.13]",0.002252910219581811
L2RAR2_SELECT_02_820002,current_pipeline,after_mj_step,4,5,0.6500000000000004,True,"[-0.31010177105799375,-0.08033705982223795,0.7254940450655566]","[-0.30883441975041936,-0.09903421196847237,0.8603386435445308]","[-0.0012673513075743825,0.018697152146234422,-0.13484459847897423]",0.019695836481394467
L2RAR2_SELECT_02_820002,current_pipeline,before_forced_write,5,0,0.6500000000000004,True,"[-0.31010177105799375,-0.08033705982223795,0.7254940450655566]","[-0.30883441975041936,-0.09903421196847237,0.9043386435445308]","[-0.0012673513075743825,0.018697152146234422,-0.17884459847897416]",0.054269461168066066
L2RAR2_SELECT_02_820002,current_pipeline,after_forced_write_before_step,5,1,0.6500000000000004,True,"[-0.30883441975041936,-0.09903421196847237,0.7743386435445307]","[-0.30883441975041936,-0.09903421196847237,0.9043386435445308]","[0.0,0.0,-0.13]",0.002252910219581811
L2RAR2_SELECT_02_820002,current_pipeline,after_mj_step,5,1,0.6600000000000004,True,"[-0.31010177105799375,-0.08033705982223793,0.7694940450655565]","[-0.30883441975041936,-0.09903421196847237,0.9043386435445308]","[-0.0012673513075743825,0.018697152146234436,-0.13484459847897423]",0.01969583648139448
L2RAR2_SELECT_02_820002,current_pipeline,after_forced_write_before_step,5,2,0.6600000000000004,True,"[-0.30883441975041936,-0.09903421196847237,0.7743386435445307]","[-0.30883441975041936,-0.09903421196847237,0.9043386435445308]","[0.0,0.0,-0.13]",0.002252910219581811
L2RAR2_SELECT_02_820002,current_pipeline,after_mj_step,5,2,0.6700000000000004,True,"[-0.31010177105799375,-0.0803370598222379,0.7694940450655565]","[-0.30883441975041936,-0.09903421196847237,0.9043386435445308]","[-0.0012673513075743825,0.018697152146234464,-0.13484459847897423]",0.019695836481394505
L2RAR2_SELECT_02_820002,current_pipeline,after_forced_write_before_step,5,3,0.6700000000000004,True,"[-0.30883441975041936,-0.09903421196847237,0.7743386435445307]","[-0.30883441975041936,-0.09903421196847237,0.9043386435445308]","[0.0,0.0,-0.13]",0.002252910219581811
L2RAR2_SELECT_02_820002,current_pipeline,after_mj_step,5,3,0.6800000000000004,True,"[-0.31010177105799375,-0.0803370598222379,0.7694940450655565]","[-0.30883441975041936,-0.09903421196847237,0.9043386435445308]","[-0.0012673513075743825,0.018697152146234464,-0.13484459847897423]",0.019695836481394505
L2RAR2_SELECT_02_820002,current_pipeline,after_forced_write_before_step,5,4,0.6800000000000004,True,"[-0.30883441975041936,-0.09903421196847237,0.7743386435445307]","[-0.30883441975041936,-0.09903421196847237,0.9043386435445308]","[0.0,0.0,-0.13]",0.002252910219581811
L2RAR2_SELECT_02_820002,current_pipeline,after_mj_step,5,4,0.6900000000000004,True,"[-0.31010177105799375,-0.08033705982223793,0.7694940450655565]","[-0.30883441975041936,-0.09903421196847237,0.9043386435445308]","[-0.0012673513075743825,0.018697152146234436,-0.13484459847897423]",0.01969583648139448
L2RAR2_SELECT_02_820002,current_pipeline,after_forced_write_before_step,5,5,0.6900000000000004,True,"[-0.30883441975041936,-0.09903421196847237,0.7743386435445307]","[-0.30883441975041936,-0.09903421196847237,0.9043386435445308]","[0.0,0.0,-0.13]",0.002252910219581811
L2RAR2_SELECT_02_820002,current_pipeline,after_mj_step,5,5,0.7000000000000004,True,"[-0.31010177105799375,-0.08033705982223793,0.7694940450655565]","[-0.30883441975041936,-0.09903421196847237,0.9043386435445308]","[-0.0012673513075743825,0.018697152146234436,-0.13484459847897423]",0.01969583648139448
L2RAR2_SELECT_02_820002,relpose_at_attach_counterfactual,before_attach,,,0.45000000000000023,False,"[-0.3086495421329145,-0.0986667753013232,0.5565536864379476]","[-0.30883441975041936,-0.09903421196847237,0.6843386435445308]","[0.00018487761750485276,0.000367436667149168,-0.12778495710658322]",
L2RAR2_SELECT_02_820002,relpose_at_attach_counterfactual,after_attach_before_step,,,0.45000000000000023,True,"[-0.3086495421329145,-0.0986667753013232,0.5565536864379476]","[-0.30883441975041936,-0.09903421196847237,0.6843386435445308]","[0.00018487761750485276,0.000367436667149168,-0.12778495710658322]",0.0
L2RAR2_SELECT_02_820002,relpose_at_attach_counterfactual,before_forced_write,1,0,0.45000000000000023,True,"[-0.3086495421329145,-0.0986667753013232,0.5565536864379476]","[-0.30883441975041936,-0.09903421196847237,0.7283386435445307]","[0.00018487761750485276,0.000367436667149168,-0.17178495710658315]",0.04399999999999993
L2RAR2_SELECT_02_820002,relpose_at_attach_counterfactual,after_forced_write_before_step,1,1,0.45000000000000023,True,"[-0.30883441975041936,-0.09903421196847237,0.5983386435445307]","[-0.30883441975041936,-0.09903421196847237,0.7283386435445307]","[0.0,0.0,-0.13]",0.002252910219581811
L2RAR2_SELECT_02_820002,relpose_at_attach_counterfactual,after_mj_step,1,1,0.46000000000000024,True,"[-0.3088642599623191,-0.0990094533251782,0.5984505925765286]","[-0.30883441975041936,-0.09903421196847237,0.7283386435445307]","[-2.984021189972319e-05,2.475864329416766e-05,-0.12988805096800216]",0.0021416198925662305
L2RAR2_SELECT_02_820002,relpose_at_attach_counterfactual,after_forced_write_before_step,1,2,0.46000000000000024,True,"[-0.30883441975041936,-0.09903421196847237,0.5983386435445307]","[-0.30883441975041936,-0.09903421196847237,0.7283386435445307]","[0.0,0.0,-0.13]",0.002252910219581811
L2RAR2_SELECT_02_820002,relpose_at_attach_counterfactual,after_mj_step,1,2,0.47000000000000025,True,"[-0.3088642599623191,-0.0990094533251782,0.5984505925765286]","[-0.30883441975041936,-0.09903421196847237,0.7283386435445307]","[-2.984021189972319e-05,2.475864329416766e-05,-0.12988805096800216]",0.0021416198925662305
L2RAR2_SELECT_02_820002,relpose_at_attach_counterfactual,after_forced_write_before_step,1,3,0.47000000000000025,True,"[-0.30883441975041936,-0.09903421196847237,0.5983386435445307]","[-0.30883441975041936,-0.09903421196847237,0.7283386435445307]","[0.0,0.0,-0.13]",0.002252910219581811
L2RAR2_SELECT_02_820002,relpose_at_attach_counterfactual,after_mj_step,1,3,0.48000000000000026,True,"[-0.3088642599623191,-0.0990094533251782,0.5984505925765286]","[-0.30883441975041936,-0.09903421196847237,0.7283386435445307]","[-2.984021189972319e-05,2.475864329416766e-05,-0.12988805096800216]",0.0021416198925662305
L2RAR2_SELECT_02_820002,relpose_at_attach_counterfactual,after_forced_write_before_step,1,4,0.48000000000000026,True,"[-0.30883441975041936,-0.09903421196847237,0.5983386435445307]","[-0.30883441975041936,-0.09903421196847237,0.7283386435445307]","[0.0,0.0,-0.13]",0.002252910219581811
L2RAR2_SELECT_02_820002,relpose_at_attach_counterfactual,after_mj_step,1,4,0.49000000000000027,True,"[-0.3088642599623191,-0.0990094533251782,0.5984505925765286]","[-0.30883441975041936,-0.09903421196847237,0.7283386435445307]","[-2.984021189972319e-05,2.475864329416766e-05,-0.12988805096800216]",0.0021416198925662305
L2RAR2_SELECT_02_820002,relpose_at_attach_counterfactual,after_forced_write_before_step,1,5,0.49000000000000027,True,"[-0.30883441975041936,-0.09903421196847237,0.5983386435445307]","[-0.30883441975041936,-0.09903421196847237,0.7283386435445307]","[0.0,0.0,-0.13]",0.002252910219581811
L2RAR2_SELECT_02_820002,relpose_at_attach_counterfactual,after_mj_step,1,5,0.5000000000000002,True,"[-0.3088642599623191,-0.0990094533251782,0.5984505925765286]","[-0.30883441975041936,-0.09903421196847237,0.7283386435445307]","[-2.984021189972319e-05,2.475864329416766e-05,-0.12988805096800216]",0.0021416198925662305
L2RAR2_SELECT_02_820002,relpose_at_attach_counterfactual,before_forced_write,2,0,0.5000000000000002,True,"[-0.3088642599623191,-0.0990094533251782,0.5984505925765286]","[-0.30883441975041936,-0.09903421196847237,0.7723386435445307]","[-2.984021189972319e-05,2.475864329416766e-05,-0.1738880509680022]",0.046104867373945514
L2RAR2_SELECT_02_820002,relpose_at_attach_counterfactual,after_forced_write_before_step,2,1,0.5000000000000002,True,"[-0.30883441975041936,-0.09903421196847237,0.6423386435445307]","[-0.30883441975041936,-0.09903421196847237,0.7723386435445307]","[0.0,0.0,-0.13]",0.002252910219581811
L2RAR2_SELECT_02_820002,relpose_at_attach_counterfactual,after_mj_step,2,1,0.5100000000000002,True,"[-0.3088642599623191,-0.0990094533251782,0.6424505925765286]","[-0.30883441975041936,-0.09903421196847237,0.7723386435445307]","[-2.984021189972319e-05,2.475864329416766e-05,-0.12988805096800216]",0.0021416198925662305
L2RAR2_SELECT_02_820002,relpose_at_attach_counterfactual,after_forced_write_before_step,2,2,0.5100000000000002,True,"[-0.30883441975041936,-0.09903421196847237,0.6423386435445307]","[-0.30883441975041936,-0.09903421196847237,0.7723386435445307]","[0.0,0.0,-0.13]",0.002252910219581811
L2RAR2_SELECT_02_820002,relpose_at_attach_counterfactual,after_mj_step,2,2,0.5200000000000002,True,"[-0.3088642599623191,-0.0990094533251782,0.6424505925765286]","[-0.30883441975041936,-0.09903421196847237,0.7723386435445307]","[-2.984021189972319e-05,2.475864329416766e-05,-0.12988805096800216]",0.0021416198925662305
L2RAR2_SELECT_02_820002,relpose_at_attach_counterfactual,after_forced_write_before_step,2,3,0.5200000000000002,True,"[-0.30883441975041936,-0.09903421196847237,0.6423386435445307]","[-0.30883441975041936,-0.09903421196847237,0.7723386435445307]","[0.0,0.0,-0.13]",0.002252910219581811
L2RAR2_SELECT_02_820002,relpose_at_attach_counterfactual,after_mj_step,2,3,0.5300000000000002,True,"[-0.3088642599623191,-0.0990094533251782,0.6424505925765286]","[-0.30883441975041936,-0.09903421196847237,0.7723386435445307]","[-2.984021189972319e-05,2.475864329416766e-05,-0.12988805096800216]",0.0021416198925662305
L2RAR2_SELECT_02_820002,relpose_at_attach_counterfactual,after_forced_write_before_step,2,4,0.5300000000000002,True,"[-0.30883441975041936,-0.09903421196847237,0.6423386435445307]","[-0.30883441975041936,-0.09903421196847237,0.7723386435445307]","[0.0,0.0,-0.13]",0.002252910219581811
L2RAR2_SELECT_02_820002,relpose_at_attach_counterfactual,after_mj_step,2,4,0.5400000000000003,True,"[-0.3088642599623191,-0.0990094533251782,0.6424505925765286]","[-0.30883441975041936,-0.09903421196847237,0.7723386435445307]","[-2.984021189972319e-05,2.475864329416766e-05,-0.12988805096800216]",0.0021416198925662305
L2RAR2_SELECT_02_820002,relpose_at_attach_counterfactual,after_forced_write_before_step,2,5,0.5400000000000003,True,"[-0.30883441975041936,-0.09903421196847237,0.6423386435445307]","[-0.30883441975041936,-0.09903421196847237,0.7723386435445307]","[0.0,0.0,-0.13]",0.002252910219581811
L2RAR2_SELECT_02_820002,relpose_at_attach_counterfactual,after_mj_step,2,5,0.5500000000000003,True,"[-0.3088642599623191,-0.0990094533251782,0.6424505925765286]","[-0.30883441975041936,-0.09903421196847237,0.7723386435445307]","[-2.984021189972319e-05,2.475864329416766e-05,-0.12988805096800216]",0.0021416198925662305
L2RAR2_SELECT_02_820002,relpose_at_attach_counterfactual,before_forced_write,3,0,0.5500000000000003,True,"[-0.3088642599623191,-0.0990094533251782,0.6424505925765286]","[-0.30883441975041936,-0.09903421196847237,0.8163386435445308]","[-2.984021189972319e-05,2.475864329416766e-05,-0.1738880509680022]",0.046104867373945514
L2RAR2_SELECT_02_820002,relpose_at_attach_counterfactual,after_forced_write_before_step,3,1,0.5500000000000003,True,"[-0.30883441975041936,-0.09903421196847237,0.6863386435445308]","[-0.30883441975041936,-0.09903421196847237,0.8163386435445308]","[0.0,0.0,-0.13]",0.002252910219581811
L2RAR2_SELECT_02_820002,relpose_at_attach_counterfactual,after_mj_step,3,1,0.5600000000000003,True,"[-0.3088642599623191,-0.0990094533251782,0.6864505925765286]","[-0.30883441975041936,-0.09903421196847237,0.8163386435445308]","[-2.984021189972319e-05,2.475864329416766e-05,-0.12988805096800216]",0.0021416198925662305
L2RAR2_SELECT_02_820002,relpose_at_attach_counterfactual,after_forced_write_before_step,3,2,0.5600000000000003,True,"[-0.30883441975041936,-0.09903421196847237,0.6863386435445308]","[-0.30883441975041936,-0.09903421196847237,0.8163386435445308]","[0.0,0.0,-0.13]",0.002252910219581811
L2RAR2_SELECT_02_820002,relpose_at_attach_counterfactual,after_mj_step,3,2,0.5700000000000003,True,"[-0.3088642599623191,-0.0990094533251782,0.6864505925765286]","[-0.30883441975041936,-0.09903421196847237,0.8163386435445308]","[-2.984021189972319e-05,2.475864329416766e-05,-0.12988805096800216]",0.0021416198925662305
L2RAR2_SELECT_02_820002,relpose_at_attach_counterfactual,after_forced_write_before_step,3,3,0.5700000000000003,True,"[-0.30883441975041936,-0.09903421196847237,0.6863386435445308]","[-0.30883441975041936,-0.09903421196847237,0.8163386435445308]","[0.0,0.0,-0.13]",0.002252910219581811
L2RAR2_SELECT_02_820002,relpose_at_attach_counterfactual,after_mj_step,3,3,0.5800000000000003,True,"[-0.3088642599623191,-0.0990094533251782,0.6864505925765286]","[-0.30883441975041936,-0.09903421196847237,0.8163386435445308]","[-2.984021189972319e-05,2.475864329416766e-05,-0.12988805096800216]",0.0021416198925662305
L2RAR2_SELECT_02_820002,relpose_at_attach_counterfactual,after_forced_write_before_step,3,4,0.5800000000000003,True,"[-0.30883441975041936,-0.09903421196847237,0.6863386435445308]","[-0.30883441975041936,-0.09903421196847237,0.8163386435445308]","[0.0,0.0,-0.13]",0.002252910219581811
L2RAR2_SELECT_02_820002,relpose_at_attach_counterfactual,after_mj_step,3,4,0.5900000000000003,True,"[-0.3088642599623191,-0.0990094533251782,0.6864505925765286]","[-0.30883441975041936,-0.09903421196847237,0.8163386435445308]","[-2.984021189972319e-05,2.475864329416766e-05,-0.12988805096800216]",0.0021416198925662305
L2RAR2_SELECT_02_820002,relpose_at_attach_counterfactual,after_forced_write_before_step,3,5,0.5900000000000003,True,"[-0.30883441975041936,-0.09903421196847237,0.6863386435445308]","[-0.30883441975041936,-0.09903421196847237,0.8163386435445308]","[0.0,0.0,-0.13]",0.002252910219581811
L2RAR2_SELECT_02_820002,relpose_at_attach_counterfactual,after_mj_step,3,5,0.6000000000000003,True,"[-0.3088642599623191,-0.0990094533251782,0.6864505925765286]","[-0.30883441975041936,-0.09903421196847237,0.8163386435445308]","[-2.984021189972319e-05,2.475864329416766e-05,-0.12988805096800216]",0.0021416198925662305
L2RAR2_SELECT_02_820002,relpose_at_attach_counterfactual,before_forced_write,4,0,0.6000000000000003,True,"[-0.3088642599623191,-0.0990094533251782,0.6864505925765286]","[-0.30883441975041936,-0.09903421196847237,0.8603386435445308]","[-2.984021189972319e-05,2.475864329416766e-05,-0.1738880509680022]",0.046104867373945514
L2RAR2_SELECT_02_820002,relpose_at_attach_counterfactual,after_forced_write_before_step,4,1,0.6000000000000003,True,"[-0.30883441975041936,-0.09903421196847237,0.7303386435445308]","[-0.30883441975041936,-0.09903421196847237,0.8603386435445308]","[0.0,0.0,-0.13]",0.002252910219581811
L2RAR2_SELECT_02_820002,relpose_at_attach_counterfactual,after_mj_step,4,1,0.6100000000000003,True,"[-0.3088642599623191,-0.0990094533251782,0.7304505925765287]","[-0.30883441975041936,-0.09903421196847237,0.8603386435445308]","[-2.984021189972319e-05,2.475864329416766e-05,-0.12988805096800216]",0.0021416198925662305
L2RAR2_SELECT_02_820002,relpose_at_attach_counterfactual,after_forced_write_before_step,4,2,0.6100000000000003,True,"[-0.30883441975041936,-0.09903421196847237,0.7303386435445308]","[-0.30883441975041936,-0.09903421196847237,0.8603386435445308]","[0.0,0.0,-0.13]",0.002252910219581811
L2RAR2_SELECT_02_820002,relpose_at_attach_counterfactual,after_mj_step,4,2,0.6200000000000003,True,"[-0.3088642599623191,-0.0990094533251782,0.7304505925765287]","[-0.30883441975041936,-0.09903421196847237,0.8603386435445308]","[-2.984021189972319e-05,2.475864329416766e-05,-0.12988805096800216]",0.0021416198925662305
L2RAR2_SELECT_02_820002,relpose_at_attach_counterfactual,after_forced_write_before_step,4,3,0.6200000000000003,True,"[-0.30883441975041936,-0.09903421196847237,0.7303386435445308]","[-0.30883441975041936,-0.09903421196847237,0.8603386435445308]","[0.0,0.0,-0.13]",0.002252910219581811
L2RAR2_SELECT_02_820002,relpose_at_attach_counterfactual,after_mj_step,4,3,0.6300000000000003,True,"[-0.3088642599623191,-0.0990094533251782,0.7304505925765287]","[-0.30883441975041936,-0.09903421196847237,0.8603386435445308]","[-2.984021189972319e-05,2.475864329416766e-05,-0.12988805096800216]",0.0021416198925662305
L2RAR2_SELECT_02_820002,relpose_at_attach_counterfactual,after_forced_write_before_step,4,4,0.6300000000000003,True,"[-0.30883441975041936,-0.09903421196847237,0.7303386435445308]","[-0.30883441975041936,-0.09903421196847237,0.8603386435445308]","[0.0,0.0,-0.13]",0.002252910219581811
L2RAR2_SELECT_02_820002,relpose_at_attach_counterfactual,after_mj_step,4,4,0.6400000000000003,True,"[-0.3088642599623191,-0.0990094533251782,0.7304505925765287]","[-0.30883441975041936,-0.09903421196847237,0.8603386435445308]","[-2.984021189972319e-05,2.475864329416766e-05,-0.12988805096800216]",0.0021416198925662305
L2RAR2_SELECT_02_820002,relpose_at_attach_counterfactual,after_forced_write_before_step,4,5,0.6400000000000003,True,"[-0.30883441975041936,-0.09903421196847237,0.7303386435445308]","[-0.30883441975041936,-0.09903421196847237,0.8603386435445308]","[0.0,0.0,-0.13]",0.002252910219581811
L2RAR2_SELECT_02_820002,relpose_at_attach_counterfactual,after_mj_step,4,5,0.6500000000000004,True,"[-0.3088642599623191,-0.0990094533251782,0.7304505925765287]","[-0.30883441975041936,-0.09903421196847237,0.8603386435445308]","[-2.984021189972319e-05,2.475864329416766e-05,-0.12988805096800216]",0.0021416198925662305
L2RAR2_SELECT_02_820002,relpose_at_attach_counterfactual,before_forced_write,5,0,0.6500000000000004,True,"[-0.3088642599623191,-0.0990094533251782,0.7304505925765287]","[-0.30883441975041936,-0.09903421196847237,0.9043386435445308]","[-2.984021189972319e-05,2.475864329416766e-05,-0.17388805096800208]",0.0461048673739454
L2RAR2_SELECT_02_820002,relpose_at_attach_counterfactual,after_forced_write_before_step,5,1,0.6500000000000004,True,"[-0.30883441975041936,-0.09903421196847237,0.7743386435445307]","[-0.30883441975041936,-0.09903421196847237,0.9043386435445308]","[0.0,0.0,-0.13]",0.002252910219581811
L2RAR2_SELECT_02_820002,relpose_at_attach_counterfactual,after_mj_step,5,1,0.6600000000000004,True,"[-0.3088642599623191,-0.0990094533251782,0.7744505925765286]","[-0.30883441975041936,-0.09903421196847237,0.9043386435445308]","[-2.984021189972319e-05,2.475864329416766e-05,-0.12988805096800216]",0.0021416198925662305
L2RAR2_SELECT_02_820002,relpose_at_attach_counterfactual,after_forced_write_before_step,5,2,0.6600000000000004,True,"[-0.30883441975041936,-0.09903421196847237,0.7743386435445307]","[-0.30883441975041936,-0.09903421196847237,0.9043386435445308]","[0.0,0.0,-0.13]",0.002252910219581811
L2RAR2_SELECT_02_820002,relpose_at_attach_counterfactual,after_mj_step,5,2,0.6700000000000004,True,"[-0.3088642599623191,-0.0990094533251782,0.7744505925765286]","[-0.30883441975041936,-0.09903421196847237,0.9043386435445308]","[-2.984021189972319e-05,2.475864329416766e-05,-0.12988805096800216]",0.0021416198925662305
L2RAR2_SELECT_02_820002,relpose_at_attach_counterfactual,after_forced_write_before_step,5,3,0.6700000000000004,True,"[-0.30883441975041936,-0.09903421196847237,0.7743386435445307]","[-0.30883441975041936,-0.09903421196847237,0.9043386435445308]","[0.0,0.0,-0.13]",0.002252910219581811
L2RAR2_SELECT_02_820002,relpose_at_attach_counterfactual,after_mj_step,5,3,0.6800000000000004,True,"[-0.3088642599623191,-0.0990094533251782,0.7744505925765286]","[-0.30883441975041936,-0.09903421196847237,0.9043386435445308]","[-2.984021189972319e-05,2.475864329416766e-05,-0.12988805096800216]",0.0021416198925662305
L2RAR2_SELECT_02_820002,relpose_at_attach_counterfactual,after_forced_write_before_step,5,4,0.6800000000000004,True,"[-0.30883441975041936,-0.09903421196847237,0.7743386435445307]","[-0.30883441975041936,-0.09903421196847237,0.9043386435445308]","[0.0,0.0,-0.13]",0.002252910219581811
L2RAR2_SELECT_02_820002,relpose_at_attach_counterfactual,after_mj_step,5,4,0.6900000000000004,True,"[-0.3088642599623191,-0.0990094533251782,0.7744505925765286]","[-0.30883441975041936,-0.09903421196847237,0.9043386435445308]","[-2.984021189972319e-05,2.475864329416766e-05,-0.12988805096800216]",0.0021416198925662305
L2RAR2_SELECT_02_820002,relpose_at_attach_counterfactual,after_forced_write_before_step,5,5,0.6900000000000004,True,"[-0.30883441975041936,-0.09903421196847237,0.7743386435445307]","[-0.30883441975041936,-0.09903421196847237,0.9043386435445308]","[0.0,0.0,-0.13]",0.002252910219581811
L2RAR2_SELECT_02_820002,relpose_at_attach_counterfactual,after_mj_step,5,5,0.7000000000000004,True,"[-0.3088642599623191,-0.0990094533251782,0.7744505925765286]","[-0.30883441975041936,-0.09903421196847237,0.9043386435445308]","[-2.984021189972319e-05,2.475864329416766e-05,-0.12988805096800216]",0.0021416198925662305
L2RAR2_SELECT_03_820003,current_pipeline,before_attach,,,0.45000000000000023,False,"[-0.289915842288099,-0.058383324885538566,0.5503961251250491]","[-0.28992651236827643,-0.0582856765144499,0.6763525458813332]","[1.0670080177410668e-05,-9.764837108866553e-05,-0.1259564207562841]",
L2RAR2_SELECT_03_820003,current_pipeline,after_attach_before_step,,,0.45000000000000023,True,"[-0.289915842288099,-0.058383324885538566,0.5503961251250491]","[-0.28992651236827643,-0.0582856765144499,0.6763525458813332]","[1.0670080177410668e-05,-9.764837108866553e-05,-0.1259564207562841]",0.0
L2RAR2_SELECT_03_820003,current_pipeline,before_forced_write,1,0,0.45000000000000023,True,"[-0.289915842288099,-0.058383324885538566,0.5503961251250491]","[-0.28992651236827643,-0.0582856765144499,0.7363525458813333]","[1.0670080177410668e-05,-9.764837108866553e-05,-0.18595642075628416]",0.06000000000000005
L2RAR2_SELECT_03_820003,current_pipeline,after_forced_write_before_step,1,1,0.45000000000000023,True,"[-0.28992651236827643,-0.0582856765144499,0.6063525458813332]","[-0.28992651236827643,-0.0582856765144499,0.7363525458813333]","[0.0,0.0,-0.13]",0.00404477220065572
L2RAR2_SELECT_03_820003,current_pipeline,after_mj_step,1,1,0.46000000000000024,True,"[-0.29118666298529594,-0.040931507505795925,0.6007384424729093]","[-0.28992651236827643,-0.0582856765144499,0.7363525458813333]","[-0.0012601506170195065,0.017354169008653976,-0.13561410340842395]",0.01998628903297844
L2RAR2_SELECT_03_820003,current_pipeline,after_forced_write_before_step,1,2,0.46000000000000024,True,"[-0.28992651236827643,-0.0582856765144499,0.6063525458813332]","[-0.28992651236827643,-0.0582856765144499,0.7363525458813333]","[0.0,0.0,-0.13]",0.00404477220065572
L2RAR2_SELECT_03_820003,current_pipeline,after_mj_step,1,2,0.47000000000000025,True,"[-0.2911866629852959,-0.04093150750579598,0.6007384424729092]","[-0.28992651236827643,-0.0582856765144499,0.7363525458813333]","[-0.001260150617019451,0.01735416900865392,-0.13561410340842406]",0.01998628903297844
L2RAR2_SELECT_03_820003,current_pipeline,after_forced_write_before_step,1,3,0.47000000000000025,True,"[-0.28992651236827643,-0.0582856765144499,0.6063525458813332]","[-0.28992651236827643,-0.0582856765144499,0.7363525458813333]","[0.0,0.0,-0.13]",0.00404477220065572
L2RAR2_SELECT_03_820003,current_pipeline,after_mj_step,1,3,0.48000000000000026,True,"[-0.29118666298529594,-0.040931507505795925,0.6007384424729093]","[-0.28992651236827643,-0.0582856765144499,0.7363525458813333]","[-0.0012601506170195065,0.017354169008653976,-0.13561410340842395]",0.01998628903297844
L2RAR2_SELECT_03_820003,current_pipeline,after_forced_write_before_step,1,4,0.48000000000000026,True,"[-0.28992651236827643,-0.0582856765144499,0.6063525458813332]","[-0.28992651236827643,-0.0582856765144499,0.7363525458813333]","[0.0,0.0,-0.13]",0.00404477220065572
L2RAR2_SELECT_03_820003,current_pipeline,after_mj_step,1,4,0.49000000000000027,True,"[-0.29118666298529594,-0.04093150750579591,0.6007384424729093]","[-0.28992651236827643,-0.0582856765144499,0.7363525458813333]","[-0.0012601506170195065,0.01735416900865399,-0.13561410340842395]",0.01998628903297845
L2RAR2_SELECT_03_820003,current_pipeline,after_forced_write_before_step,1,5,0.49000000000000027,True,"[-0.28992651236827643,-0.0582856765144499,0.6063525458813332]","[-0.28992651236827643,-0.0582856765144499,0.7363525458813333]","[0.0,0.0,-0.13]",0.00404477220065572
L2RAR2_SELECT_03_820003,current_pipeline,after_mj_step,1,5,0.5000000000000002,True,"[-0.29118666298529594,-0.040931507505795925,0.6007384424729093]","[-0.28992651236827643,-0.0582856765144499,0.7363525458813333]","[-0.0012601506170195065,0.017354169008653976,-0.13561410340842395]",0.01998628903297844
L2RAR2_SELECT_03_820003,current_pipeline,before_forced_write,2,0,0.5000000000000002,True,"[-0.29118666298529594,-0.040931507505795925,0.6007384424729093]","[-0.28992651236827643,-0.0582856765144499,0.7963525458813332]","[-0.0012601506170195065,0.017354169008653976,-0.1956141034084239]",0.07182181888233218
L2RAR2_SELECT_03_820003,current_pipeline,after_forced_write_before_step,2,1,0.5000000000000002,True,"[-0.28992651236827643,-0.0582856765144499,0.6663525458813332]","[-0.28992651236827643,-0.0582856765144499,0.7963525458813332]","[0.0,0.0,-0.13]",0.00404477220065572
L2RAR2_SELECT_03_820003,current_pipeline,after_mj_step,2,1,0.5100000000000002,True,"[-0.2911866629852957,-0.040931507505796036,0.6607384424729094]","[-0.28992651236827643,-0.0582856765144499,0.7963525458813332]","[-0.0012601506170192844,0.017354169008653865,-0.13561410340842384]",0.019986289032978274
L2RAR2_SELECT_03_820003,current_pipeline,after_forced_write_before_step,2,2,0.5100000000000002,True,"[-0.28992651236827643,-0.0582856765144499,0.6663525458813332]","[-0.28992651236827643,-0.0582856765144499,0.7963525458813332]","[0.0,0.0,-0.13]",0.00404477220065572
L2RAR2_SELECT_03_820003,current_pipeline,after_mj_step,2,2,0.5200000000000002,True,"[-0.2911866629852957,-0.04093150750579605,0.6607384424729094]","[-0.28992651236827643,-0.0582856765144499,0.7963525458813332]","[-0.0012601506170192844,0.01735416900865385,-0.13561410340842384]",0.019986289032978263
L2RAR2_SELECT_03_820003,current_pipeline,after_forced_write_before_step,2,3,0.5200000000000002,True,"[-0.28992651236827643,-0.0582856765144499,0.6663525458813332]","[-0.28992651236827643,-0.0582856765144499,0.7963525458813332]","[0.0,0.0,-0.13]",0.00404477220065572
L2RAR2_SELECT_03_820003,current_pipeline,after_mj_step,2,3,0.5300000000000002,True,"[-0.2911866629852957,-0.04093150750579603,0.6607384424729094]","[-0.28992651236827643,-0.0582856765144499,0.7963525458813332]","[-0.0012601506170192844,0.017354169008653872,-0.13561410340842384]",0.01998628903297828
L2RAR2_SELECT_03_820003,current_pipeline,after_forced_write_before_step,2,4,0.5300000000000002,True,"[-0.28992651236827643,-0.0582856765144499,0.6663525458813332]","[-0.28992651236827643,-0.0582856765144499,0.7963525458813332]","[0.0,0.0,-0.13]",0.00404477220065572
L2RAR2_SELECT_03_820003,current_pipeline,after_mj_step,2,4,0.5400000000000003,True,"[-0.2911866629852957,-0.040931507505796036,0.6607384424729094]","[-0.28992651236827643,-0.0582856765144499,0.7963525458813332]","[-0.0012601506170192844,0.017354169008653865,-0.13561410340842384]",0.019986289032978274
L2RAR2_SELECT_03_820003,current_pipeline,after_forced_write_before_step,2,5,0.5400000000000003,True,"[-0.28992651236827643,-0.0582856765144499,0.6663525458813332]","[-0.28992651236827643,-0.0582856765144499,0.7963525458813332]","[0.0,0.0,-0.13]",0.00404477220065572
L2RAR2_SELECT_03_820003,current_pipeline,after_mj_step,2,5,0.5500000000000003,True,"[-0.2911866629852957,-0.040931507505796036,0.6607384424729094]","[-0.28992651236827643,-0.0582856765144499,0.7963525458813332]","[-0.0012601506170192844,0.017354169008653865,-0.13561410340842384]",0.019986289032978274
L2RAR2_SELECT_03_820003,current_pipeline,before_forced_write,3,0,0.5500000000000003,True,"[-0.2911866629852957,-0.040931507505796036,0.6607384424729094]","[-0.28992651236827643,-0.0582856765144499,0.8563525458813331]","[-0.0012601506170192844,0.017354169008653865,-0.19561410340842378]",0.07182181888233204
L2RAR2_SELECT_03_820003,current_pipeline,after_forced_write_before_step,3,1,0.5500000000000003,True,"[-0.28992651236827643,-0.0582856765144499,0.7263525458813331]","[-0.28992651236827643,-0.0582856765144499,0.8563525458813331]","[0.0,0.0,-0.13]",0.00404477220065572
L2RAR2_SELECT_03_820003,current_pipeline,after_mj_step,3,1,0.5600000000000003,True,"[-0.2911866629852961,-0.04093150750579591,0.7207384424729094]","[-0.28992651236827643,-0.0582856765144499,0.8563525458813331]","[-0.001260150617019673,0.01735416900865399,-0.13561410340842373]",0.019986289032978354
L2RAR2_SELECT_03_820003,current_pipeline,after_forced_write_before_step,3,2,0.5600000000000003,True,"[-0.28992651236827643,-0.0582856765144499,0.7263525458813331]","[-0.28992651236827643,-0.0582856765144499,0.8563525458813331]","[0.0,0.0,-0.13]",0.00404477220065572
L2RAR2_SELECT_03_820003,current_pipeline,after_mj_step,3,2,0.5700000000000003,True,"[-0.2911866629852961,-0.040931507505796036,0.7207384424729093]","[-0.28992651236827643,-0.0582856765144499,0.8563525458813331]","[-0.001260150617019673,0.017354169008653865,-0.13561410340842384]",0.0199862890329783
L2RAR2_SELECT_03_820003,current_pipeline,after_forced_write_before_step,3,3,0.5700000000000003,True,"[-0.28992651236827643,-0.0582856765144499,0.7263525458813331]","[-0.28992651236827643,-0.0582856765144499,0.8563525458813331]","[0.0,0.0,-0.13]",0.00404477220065572
L2RAR2_SELECT_03_820003,current_pipeline,after_mj_step,3,3,0.5800000000000003,True,"[-0.2911866629852961,-0.04093150750579592,0.7207384424729094]","[-0.28992651236827643,-0.0582856765144499,0.8563525458813331]","[-0.001260150617019673,0.017354169008653983,-0.13561410340842373]",0.01998628903297835
L2RAR2_SELECT_03_820003,current_pipeline,after_forced_write_before_step,3,4,0.5800000000000003,True,"[-0.28992651236827643,-0.0582856765144499,0.7263525458813331]","[-0.28992651236827643,-0.0582856765144499,0.8563525458813331]","[0.0,0.0,-0.13]",0.00404477220065572
L2RAR2_SELECT_03_820003,current_pipeline,after_mj_step,3,4,0.5900000000000003,True,"[-0.2911866629852961,-0.040931507505795967,0.7207384424729093]","[-0.28992651236827643,-0.0582856765144499,0.8563525458813331]","[-0.001260150617019673,0.017354169008653934,-0.13561410340842384]",0.01998628903297836
L2RAR2_SELECT_03_820003,current_pipeline,after_forced_write_before_step,3,5,0.5900000000000003,True,"[-0.28992651236827643,-0.0582856765144499,0.7263525458813331]","[-0.28992651236827643,-0.0582856765144499,0.8563525458813331]","[0.0,0.0,-0.13]",0.00404477220065572
L2RAR2_SELECT_03_820003,current_pipeline,after_mj_step,3,5,0.6000000000000003,True,"[-0.2911866629852961,-0.040931507505795967,0.7207384424729093]","[-0.28992651236827643,-0.0582856765144499,0.8563525458813331]","[-0.001260150617019673,0.017354169008653934,-0.13561410340842384]",0.01998628903297836
L2RAR2_SELECT_03_820003,current_pipeline,before_forced_write,4,0,0.6000000000000003,True,"[-0.2911866629852961,-0.040931507505795967,0.7207384424729093]","[-0.28992651236827643,-0.0582856765144499,0.9163525458813332]","[-0.001260150617019673,0.017354169008653934,-0.1956141034084239]",0.07182181888233218
L2RAR2_SELECT_03_820003,current_pipeline,after_forced_write_before_step,4,1,0.6000000000000003,True,"[-0.28992651236827643,-0.0582856765144499,0.7863525458813332]","[-0.28992651236827643,-0.0582856765144499,0.9163525458813332]","[0.0,0.0,-0.13]",0.00404477220065572
L2RAR2_SELECT_03_820003,current_pipeline,after_mj_step,4,1,0.6100000000000003,True,"[-0.2911866629852959,-0.04093150750579627,0.7807384424729098]","[-0.28992651236827643,-0.0582856765144499,0.9163525458813332]","[-0.001260150617019451,0.01735416900865363,-0.1356141034084234]",0.019986289032977864
L2RAR2_SELECT_03_820003,current_pipeline,after_forced_write_before_step,4,2,0.6100000000000003,True,"[-0.28992651236827643,-0.0582856765144499,0.7863525458813332]","[-0.28992651236827643,-0.0582856765144499,0.9163525458813332]","[0.0,0.0,-0.13]",0.00404477220065572
L2RAR2_SELECT_03_820003,current_pipeline,after_mj_step,4,2,0.6200000000000003,True,"[-0.29118666298529583,-0.040931507505796286,0.7807384424729098]","[-0.28992651236827643,-0.0582856765144499,0.9163525458813332]","[-0.0012601506170193955,0.017354169008653615,-0.1356141034084234]",0.01998628903297785
L2RAR2_SELECT_03_820003,current_pipeline,after_forced_write_before_step,4,3,0.6200000000000003,True,"[-0.28992651236827643,-0.0582856765144499,0.7863525458813332]","[-0.28992651236827643,-0.0582856765144499,0.9163525458813332]","[0.0,0.0,-0.13]",0.00404477220065572
L2RAR2_SELECT_03_820003,current_pipeline,after_mj_step,4,3,0.6300000000000003,True,"[-0.2911866629852958,-0.040931507505796494,0.78073844247291]","[-0.28992651236827643,-0.0582856765144499,0.9163525458813332]","[-0.00126015061701934,0.017354169008653407,-0.13561410340842317]",0.019986289032977556
L2RAR2_SELECT_03_820003,current_pipeline,after_forced_write_before_step,4,4,0.6300000000000003,True,"[-0.28992651236827643,-0.0582856765144499,0.7863525458813332]","[-0.28992651236827643,-0.0582856765144499,0.9163525458813332]","[0.0,0.0,-0.13]",0.00404477220065572
L2RAR2_SELECT_03_820003,current_pipeline,after_mj_step,4,4,0.6400000000000003,True,"[-0.29118666298529583,-0.04093150750579644,0.7807384424729101]","[-0.28992651236827643,-0.0582856765144499,0.9163525458813332]","[-0.0012601506170193955,0.017354169008653463,-0.13561410340842306]",0.019986289032977556
L2RAR2_SELECT_03_820003,current_pipeline,after_forced_write_before_step,4,5,0.6400000000000003,True,"[-0.28992651236827643,-0.0582856765144499,0.7863525458813332]","[-0.28992651236827643,-0.0582856765144499,0.9163525458813332]","[0.0,0.0,-0.13]",0.00404477220065572
L2RAR2_SELECT_03_820003,current_pipeline,after_mj_step,4,5,0.6500000000000004,True,"[-0.2911866629852959,-0.04093150750579627,0.7807384424729098]","[-0.28992651236827643,-0.0582856765144499,0.9163525458813332]","[-0.001260150617019451,0.01735416900865363,-0.1356141034084234]",0.019986289032977864
L2RAR2_SELECT_03_820003,relpose_at_attach_counterfactual,before_attach,,,0.45000000000000023,False,"[-0.289915842288099,-0.058383324885538566,0.5503961251250491]","[-0.28992651236827643,-0.0582856765144499,0.6763525458813332]","[1.0670080177410668e-05,-9.764837108866553e-05,-0.1259564207562841]",
L2RAR2_SELECT_03_820003,relpose_at_attach_counterfactual,after_attach_before_step,,,0.45000000000000023,True,"[-0.289915842288099,-0.058383324885538566,0.5503961251250491]","[-0.28992651236827643,-0.0582856765144499,0.6763525458813332]","[1.0670080177410668e-05,-9.764837108866553e-05,-0.1259564207562841]",0.0
L2RAR2_SELECT_03_820003,relpose_at_attach_counterfactual,before_forced_write,1,0,0.45000000000000023,True,"[-0.289915842288099,-0.058383324885538566,0.5503961251250491]","[-0.28992651236827643,-0.0582856765144499,0.7363525458813333]","[1.0670080177410668e-05,-9.764837108866553e-05,-0.18595642075628416]",0.06000000000000005
L2RAR2_SELECT_03_820003,relpose_at_attach_counterfactual,after_forced_write_before_step,1,1,0.45000000000000023,True,"[-0.28992651236827643,-0.0582856765144499,0.6063525458813332]","[-0.28992651236827643,-0.0582856765144499,0.7363525458813333]","[0.0,0.0,-0.13]",0.00404477220065572
L2RAR2_SELECT_03_820003,relpose_at_attach_counterfactual,after_mj_step,1,1,0.46000000000000024,True,"[-0.2899261158822535,-0.0582916152635714,0.6065586409610607]","[-0.28992651236827643,-0.0582856765144499,0.7363525458813333]","[3.964860229577205e-07,-5.938749121497944e-06,-0.12979390492027254]",0.0038385936109935157
L2RAR2_SELECT_03_820003,relpose_at_attach_counterfactual,after_forced_write_before_step,1,2,0.46000000000000024,True,"[-0.28992651236827643,-0.0582856765144499,0.6063525458813332]","[-0.28992651236827643,-0.0582856765144499,0.7363525458813333]","[0.0,0.0,-0.13]",0.00404477220065572
L2RAR2_SELECT_03_820003,relpose_at_attach_counterfactual,after_mj_step,1,2,0.47000000000000025,True,"[-0.2899261158822535,-0.0582916152635714,0.6065586409610607]","[-0.28992651236827643,-0.0582856765144499,0.7363525458813333]","[3.964860229577205e-07,-5.938749121497944e-06,-0.12979390492027254]",0.0038385936109935157
L2RAR2_SELECT_03_820003,relpose_at_attach_counterfactual,after_forced_write_before_step,1,3,0.47000000000000025,True,"[-0.28992651236827643,-0.0582856765144499,0.6063525458813332]","[-0.28992651236827643,-0.0582856765144499,0.7363525458813333]","[0.0,0.0,-0.13]",0.00404477220065572
L2RAR2_SELECT_03_820003,relpose_at_attach_counterfactual,after_mj_step,1,3,0.48000000000000026,True,"[-0.2899261158822535,-0.0582916152635714,0.6065586409610607]","[-0.28992651236827643,-0.0582856765144499,0.7363525458813333]","[3.964860229577205e-07,-5.938749121497944e-06,-0.12979390492027254]",0.0038385936109935157
L2RAR2_SELECT_03_820003,relpose_at_attach_counterfactual,after_forced_write_before_step,1,4,0.48000000000000026,True,"[-0.28992651236827643,-0.0582856765144499,0.6063525458813332]","[-0.28992651236827643,-0.0582856765144499,0.7363525458813333]","[0.0,0.0,-0.13]",0.00404477220065572
L2RAR2_SELECT_03_820003,relpose_at_attach_counterfactual,after_mj_step,1,4,0.49000000000000027,True,"[-0.2899261158822535,-0.0582916152635714,0.6065586409610607]","[-0.28992651236827643,-0.0582856765144499,0.7363525458813333]","[3.964860229577205e-07,-5.938749121497944e-06,-0.12979390492027254]",0.0038385936109935157
L2RAR2_SELECT_03_820003,relpose_at_attach_counterfactual,after_forced_write_before_step,1,5,0.49000000000000027,True,"[-0.28992651236827643,-0.0582856765144499,0.6063525458813332]","[-0.28992651236827643,-0.0582856765144499,0.7363525458813333]","[0.0,0.0,-0.13]",0.00404477220065572
L2RAR2_SELECT_03_820003,relpose_at_attach_counterfactual,after_mj_step,1,5,0.5000000000000002,True,"[-0.2899261158822535,-0.0582916152635714,0.6065586409610607]","[-0.28992651236827643,-0.0582856765144499,0.7363525458813333]","[3.964860229577205e-07,-5.938749121497944e-06,-0.12979390492027254]",0.0038385936109935157
L2RAR2_SELECT_03_820003,relpose_at_attach_counterfactual,before_forced_write,2,0,0.5000000000000002,True,"[-0.2899261158822535,-0.0582916152635714,0.6065586409610607]","[-0.28992651236827643,-0.0582856765144499,0.7963525458813332]","[3.964860229577205e-07,-5.938749121497944e-06,-0.18979390492027248]",0.0638375508661553
L2RAR2_SELECT_03_820003,relpose_at_attach_counterfactual,after_forced_write_before_step,2,1,0.5000000000000002,True,"[-0.28992651236827643,-0.0582856765144499,0.6663525458813332]","[-0.28992651236827643,-0.0582856765144499,0.7963525458813332]","[0.0,0.0,-0.13]",0.00404477220065572
L2RAR2_SELECT_03_820003,relpose_at_attach_counterfactual,after_mj_step,2,1,0.5100000000000002,True,"[-0.2899261158822535,-0.0582916152635714,0.6665586409610607]","[-0.28992651236827643,-0.0582856765144499,0.7963525458813332]","[3.964860229577205e-07,-5.938749121497944e-06,-0.12979390492027254]",0.0038385936109935157
L2RAR2_SELECT_03_820003,relpose_at_attach_counterfactual,after_forced_write_before_step,2,2,0.5100000000000002,True,"[-0.28992651236827643,-0.0582856765144499,0.6663525458813332]","[-0.28992651236827643,-0.0582856765144499,0.7963525458813332]","[0.0,0.0,-0.13]",0.00404477220065572
L2RAR2_SELECT_03_820003,relpose_at_attach_counterfactual,after_mj_step,2,2,0.5200000000000002,True,"[-0.2899261158822535,-0.0582916152635714,0.6665586409610607]","[-0.28992651236827643,-0.0582856765144499,0.7963525458813332]","[3.964860229577205e-07,-5.938749121497944e-06,-0.12979390492027254]",0.0038385936109935157
L2RAR2_SELECT_03_820003,relpose_at_attach_counterfactual,after_forced_write_before_step,2,3,0.5200000000000002,True,"[-0.28992651236827643,-0.0582856765144499,0.6663525458813332]","[-0.28992651236827643,-0.0582856765144499,0.7963525458813332]","[0.0,0.0,-0.13]",0.00404477220065572
L2RAR2_SELECT_03_820003,relpose_at_attach_counterfactual,after_mj_step,2,3,0.5300000000000002,True,"[-0.2899261158822535,-0.0582916152635714,0.6665586409610607]","[-0.28992651236827643,-0.0582856765144499,0.7963525458813332]","[3.964860229577205e-07,-5.938749121497944e-06,-0.12979390492027254]",0.0038385936109935157
L2RAR2_SELECT_03_820003,relpose_at_attach_counterfactual,after_forced_write_before_step,2,4,0.5300000000000002,True,"[-0.28992651236827643,-0.0582856765144499,0.6663525458813332]","[-0.28992651236827643,-0.0582856765144499,0.7963525458813332]","[0.0,0.0,-0.13]",0.00404477220065572
L2RAR2_SELECT_03_820003,relpose_at_attach_counterfactual,after_mj_step,2,4,0.5400000000000003,True,"[-0.2899261158822535,-0.0582916152635714,0.6665586409610607]","[-0.28992651236827643,-0.0582856765144499,0.7963525458813332]","[3.964860229577205e-07,-5.938749121497944e-06,-0.12979390492027254]",0.0038385936109935157
L2RAR2_SELECT_03_820003,relpose_at_attach_counterfactual,after_forced_write_before_step,2,5,0.5400000000000003,True,"[-0.28992651236827643,-0.0582856765144499,0.6663525458813332]","[-0.28992651236827643,-0.0582856765144499,0.7963525458813332]","[0.0,0.0,-0.13]",0.00404477220065572
L2RAR2_SELECT_03_820003,relpose_at_attach_counterfactual,after_mj_step,2,5,0.5500000000000003,True,"[-0.2899261158822535,-0.0582916152635714,0.6665586409610607]","[-0.28992651236827643,-0.0582856765144499,0.7963525458813332]","[3.964860229577205e-07,-5.938749121497944e-06,-0.12979390492027254]",0.0038385936109935157
L2RAR2_SELECT_03_820003,relpose_at_attach_counterfactual,before_forced_write,3,0,0.5500000000000003,True,"[-0.2899261158822535,-0.0582916152635714,0.6665586409610607]","[-0.28992651236827643,-0.0582856765144499,0.8563525458813331]","[3.964860229577205e-07,-5.938749121497944e-06,-0.18979390492027248]",0.0638375508661553
L2RAR2_SELECT_03_820003,relpose_at_attach_counterfactual,after_forced_write_before_step,3,1,0.5500000000000003,True,"[-0.28992651236827643,-0.0582856765144499,0.7263525458813331]","[-0.28992651236827643,-0.0582856765144499,0.8563525458813331]","[0.0,0.0,-0.13]",0.00404477220065572
L2RAR2_SELECT_03_820003,relpose_at_attach_counterfactual,after_mj_step,3,1,0.5600000000000003,True,"[-0.2899261158822535,-0.0582916152635714,0.7265586409610606]","[-0.28992651236827643,-0.0582856765144499,0.8563525458813331]","[3.964860229577205e-07,-5.938749121497944e-06,-0.12979390492027254]",0.0038385936109935157
L2RAR2_SELECT_03_820003,relpose_at_attach_counterfactual,after_forced_write_before_step,3,2,0.5600000000000003,True,"[-0.28992651236827643,-0.0582856765144499,0.7263525458813331]","[-0.28992651236827643,-0.0582856765144499,0.8563525458813331]","[0.0,0.0,-0.13]",0.00404477220065572
L2RAR2_SELECT_03_820003,relpose_at_attach_counterfactual,after_mj_step,3,2,0.5700000000000003,True,"[-0.2899261158822535,-0.0582916152635714,0.7265586409610606]","[-0.28992651236827643,-0.0582856765144499,0.8563525458813331]","[3.964860229577205e-07,-5.938749121497944e-06,-0.12979390492027254]",0.0038385936109935157
L2RAR2_SELECT_03_820003,relpose_at_attach_counterfactual,after_forced_write_before_step,3,3,0.5700000000000003,True,"[-0.28992651236827643,-0.0582856765144499,0.7263525458813331]","[-0.28992651236827643,-0.0582856765144499,0.8563525458813331]","[0.0,0.0,-0.13]",0.00404477220065572
L2RAR2_SELECT_03_820003,relpose_at_attach_counterfactual,after_mj_step,3,3,0.5800000000000003,True,"[-0.2899261158822535,-0.0582916152635714,0.7265586409610606]","[-0.28992651236827643,-0.0582856765144499,0.8563525458813331]","[3.964860229577205e-07,-5.938749121497944e-06,-0.12979390492027254]",0.0038385936109935157
L2RAR2_SELECT_03_820003,relpose_at_attach_counterfactual,after_forced_write_before_step,3,4,0.5800000000000003,True,"[-0.28992651236827643,-0.0582856765144499,0.7263525458813331]","[-0.28992651236827643,-0.0582856765144499,0.8563525458813331]","[0.0,0.0,-0.13]",0.00404477220065572
L2RAR2_SELECT_03_820003,relpose_at_attach_counterfactual,after_mj_step,3,4,0.5900000000000003,True,"[-0.2899261158822535,-0.0582916152635714,0.7265586409610606]","[-0.28992651236827643,-0.0582856765144499,0.8563525458813331]","[3.964860229577205e-07,-5.938749121497944e-06,-0.12979390492027254]",0.0038385936109935157
L2RAR2_SELECT_03_820003,relpose_at_attach_counterfactual,after_forced_write_before_step,3,5,0.5900000000000003,True,"[-0.28992651236827643,-0.0582856765144499,0.7263525458813331]","[-0.28992651236827643,-0.0582856765144499,0.8563525458813331]","[0.0,0.0,-0.13]",0.00404477220065572
L2RAR2_SELECT_03_820003,relpose_at_attach_counterfactual,after_mj_step,3,5,0.6000000000000003,True,"[-0.2899261158822535,-0.0582916152635714,0.7265586409610606]","[-0.28992651236827643,-0.0582856765144499,0.8563525458813331]","[3.964860229577205e-07,-5.938749121497944e-06,-0.12979390492027254]",0.0038385936109935157
L2RAR2_SELECT_03_820003,relpose_at_attach_counterfactual,before_forced_write,4,0,0.6000000000000003,True,"[-0.2899261158822535,-0.0582916152635714,0.7265586409610606]","[-0.28992651236827643,-0.0582856765144499,0.9163525458813332]","[3.964860229577205e-07,-5.938749121497944e-06,-0.1897939049202726]",0.0638375508661554
L2RAR2_SELECT_03_820003,relpose_at_attach_counterfactual,after_forced_write_before_step,4,1,0.6000000000000003,True,"[-0.28992651236827643,-0.0582856765144499,0.7863525458813332]","[-0.28992651236827643,-0.0582856765144499,0.9163525458813332]","[0.0,0.0,-0.13]",0.00404477220065572
L2RAR2_SELECT_03_820003,relpose_at_attach_counterfactual,after_mj_step,4,1,0.6100000000000003,True,"[-0.2899261158822535,-0.0582916152635714,0.7865586409610607]","[-0.28992651236827643,-0.0582856765144499,0.9163525458813332]","[3.964860229577205e-07,-5.938749121497944e-06,-0.12979390492027254]",0.0038385936109935157
L2RAR2_SELECT_03_820003,relpose_at_attach_counterfactual,after_forced_write_before_step,4,2,0.6100000000000003,True,"[-0.28992651236827643,-0.0582856765144499,0.7863525458813332]","[-0.28992651236827643,-0.0582856765144499,0.9163525458813332]","[0.0,0.0,-0.13]",0.00404477220065572
L2RAR2_SELECT_03_820003,relpose_at_attach_counterfactual,after_mj_step,4,2,0.6200000000000003,True,"[-0.2899261158822535,-0.0582916152635714,0.7865586409610607]","[-0.28992651236827643,-0.0582856765144499,0.9163525458813332]","[3.964860229577205e-07,-5.938749121497944e-06,-0.12979390492027254]",0.0038385936109935157
L2RAR2_SELECT_03_820003,relpose_at_attach_counterfactual,after_forced_write_before_step,4,3,0.6200000000000003,True,"[-0.28992651236827643,-0.0582856765144499,0.7863525458813332]","[-0.28992651236827643,-0.0582856765144499,0.9163525458813332]","[0.0,0.0,-0.13]",0.00404477220065572
L2RAR2_SELECT_03_820003,relpose_at_attach_counterfactual,after_mj_step,4,3,0.6300000000000003,True,"[-0.2899261158822535,-0.0582916152635714,0.7865586409610607]","[-0.28992651236827643,-0.0582856765144499,0.9163525458813332]","[3.964860229577205e-07,-5.938749121497944e-06,-0.12979390492027254]",0.0038385936109935157
L2RAR2_SELECT_03_820003,relpose_at_attach_counterfactual,after_forced_write_before_step,4,4,0.6300000000000003,True,"[-0.28992651236827643,-0.0582856765144499,0.7863525458813332]","[-0.28992651236827643,-0.0582856765144499,0.9163525458813332]","[0.0,0.0,-0.13]",0.00404477220065572
L2RAR2_SELECT_03_820003,relpose_at_attach_counterfactual,after_mj_step,4,4,0.6400000000000003,True,"[-0.2899261158822535,-0.0582916152635714,0.7865586409610607]","[-0.28992651236827643,-0.0582856765144499,0.9163525458813332]","[3.964860229577205e-07,-5.938749121497944e-06,-0.12979390492027254]",0.0038385936109935157
L2RAR2_SELECT_03_820003,relpose_at_attach_counterfactual,after_forced_write_before_step,4,5,0.6400000000000003,True,"[-0.28992651236827643,-0.0582856765144499,0.7863525458813332]","[-0.28992651236827643,-0.0582856765144499,0.9163525458813332]","[0.0,0.0,-0.13]",0.00404477220065572
L2RAR2_SELECT_03_820003,relpose_at_attach_counterfactual,after_mj_step,4,5,0.6500000000000004,True,"[-0.2899261158822535,-0.0582916152635714,0.7865586409610607]","[-0.28992651236827643,-0.0582856765144499,0.9163525458813332]","[3.964860229577205e-07,-5.938749121497944e-06,-0.12979390492027254]",0.0038385936109935157
L2RAR2_SELECT_04_820004,current_pipeline,before_attach,,,0.45000000000000023,False,"[-0.25166468073255743,-0.03960225216597195,0.5611727305668996]","[-0.2514917916202188,-0.04359214130506218,0.6877517701821394]","[-0.0001728891123386478,0.003989889139090229,-0.12657903961523975]",
L2RAR2_SELECT_04_820004,current_pipeline,after_attach_before_step,,,0.45000000000000023,True,"[-0.25166468073255743,-0.03960225216597195,0.5611727305668996]","[-0.2514917916202188,-0.04359214130506218,0.6877517701821394]","[-0.0001728891123386478,0.003989889139090229,-0.12657903961523975]",0.0
L2RAR2_SELECT_04_820004,current_pipeline,before_forced_write,1,0,0.45000000000000023,True,"[-0.25166468073255743,-0.03960225216597195,0.5611727305668996]","[-0.2514917916202188,-0.043592141305062185,0.7477517701821395]","[-0.0001728891123386478,0.003989889139090236,-0.1865790396152398]",0.06000000000000005
L2RAR2_SELECT_04_820004,current_pipeline,after_forced_write_before_step,1,1,0.45000000000000023,True,"[-0.2514917916202188,-0.043592141305062185,0.6177517701821394]","[-0.2514917916202188,-0.043592141305062185,0.7477517701821395]","[0.0,0.0,-0.13]",0.0052585241219846495
L2RAR2_SELECT_04_820004,current_pipeline,after_mj_step,1,1,0.46000000000000024,True,"[-0.25057349997341616,-0.024823327344141416,0.6135332323256135]","[-0.2514917916202188,-0.043592141305062185,0.7477517701821395]","[0.000918291646802627,0.01876881396092077,-0.13421853785652593]",0.016672409175552693
L2RAR2_SELECT_04_820004,current_pipeline,after_forced_write_before_step,1,2,0.46000000000000024,True,"[-0.2514917916202188,-0.043592141305062185,0.6177517701821394]","[-0.2514917916202188,-0.043592141305062185,0.7477517701821395]","[0.0,0.0,-0.13]",0.0052585241219846495
L2RAR2_SELECT_04_820004,current_pipeline,after_mj_step,1,2,0.47000000000000025,True,"[-0.25057349997341616,-0.024823327344141412,0.6135332323256135]","[-0.2514917916202188,-0.043592141305062185,0.7477517701821395]","[0.000918291646802627,0.018768813960920772,-0.13421853785652593]",0.016672409175552697
L2RAR2_SELECT_04_820004,current_pipeline,after_forced_write_before_step,1,3,0.47000000000000025,True,"[-0.2514917916202188,-0.043592141305062185,0.6177517701821394]","[-0.2514917916202188,-0.043592141305062185,0.7477517701821395]","[0.0,0.0,-0.13]",0.0052585241219846495
L2RAR2_SELECT_04_820004,current_pipeline,after_mj_step,1,3,0.48000000000000026,True,"[-0.25057349997341616,-0.02482332734414141,0.6135332323256135]","[-0.2514917916202188,-0.043592141305062185,0.7477517701821395]","[0.000918291646802627,0.018768813960920776,-0.13421853785652593]",0.0166724091755527
L2RAR2_SELECT_04_820004,current_pipeline,after_forced_write_before_step,1,4,0.48000000000000026,True,"[-0.2514917916202188,-0.043592141305062185,0.6177517701821394]","[-0.2514917916202188,-0.043592141305062185,0.7477517701821395]","[0.0,0.0,-0.13]",0.0052585241219846495
L2RAR2_SELECT_04_820004,current_pipeline,after_mj_step,1,4,0.49000000000000027,True,"[-0.25057349997341616,-0.02482332734414141,0.6135332323256135]","[-0.2514917916202188,-0.043592141305062185,0.7477517701821395]","[0.000918291646802627,0.018768813960920776,-0.13421853785652593]",0.0166724091755527
L2RAR2_SELECT_04_820004,current_pipeline,after_forced_write_before_step,1,5,0.49000000000000027,True,"[-0.2514917916202188,-0.043592141305062185,0.6177517701821394]","[-0.2514917916202188,-0.043592141305062185,0.7477517701821395]","[0.0,0.0,-0.13]",0.0052585241219846495
L2RAR2_SELECT_04_820004,current_pipeline,after_mj_step,1,5,0.5000000000000002,True,"[-0.25057349997341616,-0.024823327344141416,0.6135332323256135]","[-0.2514917916202188,-0.043592141305062185,0.7477517701821395]","[0.000918291646802627,0.01876881396092077,-0.13421853785652593]",0.016672409175552693
L2RAR2_SELECT_04_820004,current_pipeline,before_forced_write,2,0,0.5000000000000002,True,"[-0.25057349997341616,-0.024823327344141416,0.6135332323256135]","[-0.2514917916202188,-0.04359214130506218,0.8077517701821393]","[0.000918291646802627,0.018768813960920762,-0.19421853785652576]",0.06924383739128971
L2RAR2_SELECT_04_820004,current_pipeline,after_forced_write_before_step,2,1,0.5000000000000002,True,"[-0.2514917916202188,-0.04359214130506218,0.6777517701821393]","[-0.2514917916202188,-0.04359214130506218,0.8077517701821393]","[0.0,0.0,-0.13]",0.0052585241219846495
L2RAR2_SELECT_04_820004,current_pipeline,after_mj_step,2,1,0.5100000000000002,True,"[-0.2505732105529471,-0.024822977631674754,0.6735332716919411]","[-0.2514917916202188,-0.04359214130506218,0.8077517701821393]","[0.0009185810672716621,0.018769163673387424,-0.13421849849019818]",0.016672720078478052
L2RAR2_SELECT_04_820004,current_pipeline,after_forced_write_before_step,2,2,0.5100000000000002,True,"[-0.2514917916202188,-0.04359214130506218,0.6777517701821393]","[-0.2514917916202188,-0.04359214130506218,0.8077517701821393]","[0.0,0.0,-0.13]",0.0052585241219846495
L2RAR2_SELECT_04_820004,current_pipeline,after_mj_step,2,2,0.5200000000000002,True,"[-0.2505732105529471,-0.024822977631674754,0.6735332716919411]","[-0.2514917916202188,-0.04359214130506218,0.8077517701821393]","[0.0009185810672716621,0.018769163673387424,-0.13421849849019818]",0.016672720078478052
L2RAR2_SELECT_04_820004,current_pipeline,after_forced_write_before_step,2,3,0.5200000000000002,True,"[-0.2514917916202188,-0.04359214130506218,0.6777517701821393]","[-0.2514917916202188,-0.04359214130506218,0.8077517701821393]","[0.0,0.0,-0.13]",0.0052585241219846495
L2RAR2_SELECT_04_820004,current_pipeline,after_mj_step,2,3,0.5300000000000002,True,"[-0.2505732105529471,-0.024822977631674754,0.6735332716919411]","[-0.2514917916202188,-0.04359214130506218,0.8077517701821393]","[0.0009185810672716621,0.018769163673387424,-0.13421849849019818]",0.016672720078478052
L2RAR2_SELECT_04_820004,current_pipeline,after_forced_write_before_step,2,4,0.5300000000000002,True,"[-0.2514917916202188,-0.04359214130506218,0.6777517701821393]","[-0.2514917916202188,-0.04359214130506218,0.8077517701821393]","[0.0,0.0,-0.13]",0.0052585241219846495
L2RAR2_SELECT_04_820004,current_pipeline,after_mj_step,2,4,0.5400000000000003,True,"[-0.2505732105529472,-0.024822977631674764,0.6735332716919411]","[-0.2514917916202188,-0.04359214130506218,0.8077517701821393]","[0.0009185810672716066,0.018769163673387414,-0.13421849849019818]",0.01667272007847804
L2RAR2_SELECT_04_820004,current_pipeline,after_forced_write_before_step,2,5,0.5400000000000003,True,"[-0.2514917916202188,-0.04359214130506218,0.6777517701821393]","[-0.2514917916202188,-0.04359214130506218,0.8077517701821393]","[0.0,0.0,-0.13]",0.0052585241219846495
L2RAR2_SELECT_04_820004,current_pipeline,after_mj_step,2,5,0.5500000000000003,True,"[-0.2505732105529472,-0.024822977631674764,0.6735332716919411]","[-0.2514917916202188,-0.04359214130506218,0.8077517701821393]","[0.0009185810672716066,0.018769163673387414,-0.13421849849019818]",0.01667272007847804
L2RAR2_SELECT_04_820004,current_pipeline,before_forced_write,3,0,0.5500000000000003,True,"[-0.2505732105529472,-0.024822977631674764,0.6735332716919411]","[-0.2514917916202188,-0.04359214130506218,0.8677517701821393]","[0.0009185810672716066,0.018769163673387414,-0.19421849849019823]",0.06924387813958938
L2RAR2_SELECT_04_820004,current_pipeline,after_forced_write_before_step,3,1,0.5500000000000003,True,"[-0.2514917916202188,-0.04359214130506218,0.7377517701821393]","[-0.2514917916202188,-0.04359214130506218,0.8677517701821393]","[0.0,0.0,-0.13]",0.0052585241219846495
L2RAR2_SELECT_04_820004,current_pipeline,after_mj_step,3,1,0.5600000000000003,True,"[-0.2505732105529472,-0.024822977631674757,0.7335332716919412]","[-0.2514917916202188,-0.04359214130506218,0.8677517701821393]","[0.0009185810672716066,0.01876916367338742,-0.13421849849019818]",0.016672720078478045
L2RAR2_SELECT_04_820004,current_pipeline,after_forced_write_before_step,3,2,0.5600000000000003,True,"[-0.2514917916202188,-0.04359214130506218,0.7377517701821393]","[-0.2514917916202188,-0.04359214130506218,0.8677517701821393]","[0.0,0.0,-0.13]",0.0052585241219846495
L2RAR2_SELECT_04_820004,current_pipeline,after_mj_step,3,2,0.5700000000000003,True,"[-0.2505732105529472,-0.024822977631674757,0.7335332716919412]","[-0.2514917916202188,-0.04359214130506218,0.8677517701821393]","[0.0009185810672716066,0.01876916367338742,-0.13421849849019818]",0.016672720078478045
L2RAR2_SELECT_04_820004,current_pipeline,after_forced_write_before_step,3,3,0.5700000000000003,True,"[-0.2514917916202188,-0.04359214130506218,0.7377517701821393]","[-0.2514917916202188,-0.04359214130506218,0.8677517701821393]","[0.0,0.0,-0.13]",0.0052585241219846495
L2RAR2_SELECT_04_820004,current_pipeline,after_mj_step,3,3,0.5800000000000003,True,"[-0.2505732105529472,-0.024822977631674757,0.7335332716919412]","[-0.2514917916202188,-0.04359214130506218,0.8677517701821393]","[0.0009185810672716066,0.01876916367338742,-0.13421849849019818]",0.016672720078478045
L2RAR2_SELECT_04_820004,current_pipeline,after_forced_write_before_step,3,4,0.5800000000000003,True,"[-0.2514917916202188,-0.04359214130506218,0.7377517701821393]","[-0.2514917916202188,-0.04359214130506218,0.8677517701821393]","[0.0,0.0,-0.13]",0.0052585241219846495
L2RAR2_SELECT_04_820004,current_pipeline,after_mj_step,3,4,0.5900000000000003,True,"[-0.2505732105529472,-0.024822977631674757,0.7335332716919412]","[-0.2514917916202188,-0.04359214130506218,0.8677517701821393]","[0.0009185810672716066,0.01876916367338742,-0.13421849849019818]",0.016672720078478045
L2RAR2_SELECT_04_820004,current_pipeline,after_forced_write_before_step,3,5,0.5900000000000003,True,"[-0.2514917916202188,-0.04359214130506218,0.7377517701821393]","[-0.2514917916202188,-0.04359214130506218,0.8677517701821393]","[0.0,0.0,-0.13]",0.0052585241219846495
L2RAR2_SELECT_04_820004,current_pipeline,after_mj_step,3,5,0.6000000000000003,True,"[-0.2505732105529472,-0.024822977631674757,0.7335332716919412]","[-0.2514917916202188,-0.04359214130506218,0.8677517701821393]","[0.0009185810672716066,0.01876916367338742,-0.13421849849019818]",0.016672720078478045
L2RAR2_SELECT_04_820004,relpose_at_attach_counterfactual,before_attach,,,0.45000000000000023,False,"[-0.25166468073255743,-0.03960225216597195,0.5611727305668996]","[-0.2514917916202188,-0.04359214130506218,0.6877517701821394]","[-0.0001728891123386478,0.003989889139090229,-0.12657903961523975]",
L2RAR2_SELECT_04_820004,relpose_at_attach_counterfactual,after_attach_before_step,,,0.45000000000000023,True,"[-0.25166468073255743,-0.03960225216597195,0.5611727305668996]","[-0.2514917916202188,-0.04359214130506218,0.6877517701821394]","[-0.0001728891123386478,0.003989889139090229,-0.12657903961523975]",0.0
L2RAR2_SELECT_04_820004,relpose_at_attach_counterfactual,before_forced_write,1,0,0.45000000000000023,True,"[-0.25166468073255743,-0.03960225216597195,0.5611727305668996]","[-0.2514917916202188,-0.043592141305062185,0.7477517701821395]","[-0.0001728891123386478,0.003989889139090236,-0.1865790396152398]",0.06000000000000005
L2RAR2_SELECT_04_820004,relpose_at_attach_counterfactual,after_forced_write_before_step,1,1,0.45000000000000023,True,"[-0.2514917916202188,-0.043592141305062185,0.6177517701821394]","[-0.2514917916202188,-0.043592141305062185,0.7477517701821395]","[0.0,0.0,-0.13]",0.0052585241219846495
L2RAR2_SELECT_04_820004,relpose_at_attach_counterfactual,after_mj_step,1,1,0.46000000000000024,True,"[-0.2514331517648268,-0.04332309097294755,0.6179303268202954]","[-0.2514917916202188,-0.043592141305062185,0.7477517701821395]","[5.8639855392006446e-05,0.00026905033211463425,-0.1298214433618441]",0.004940792360177448
L2RAR2_SELECT_04_820004,relpose_at_attach_counterfactual,after_forced_write_before_step,1,2,0.46000000000000024,True,"[-0.2514917916202188,-0.043592141305062185,0.6177517701821394]","[-0.2514917916202188,-0.043592141305062185,0.7477517701821395]","[0.0,0.0,-0.13]",0.0052585241219846495
L2RAR2_SELECT_04_820004,relpose_at_attach_counterfactual,after_mj_step,1,2,0.47000000000000025,True,"[-0.2514331517648268,-0.04332309097294755,0.6179303268202954]","[-0.2514917916202188,-0.043592141305062185,0.7477517701821395]","[5.8639855392006446e-05,0.00026905033211463425,-0.1298214433618441]",0.004940792360177448
L2RAR2_SELECT_04_820004,relpose_at_attach_counterfactual,after_forced_write_before_step,1,3,0.47000000000000025,True,"[-0.2514917916202188,-0.043592141305062185,0.6177517701821394]","[-0.2514917916202188,-0.043592141305062185,0.7477517701821395]","[0.0,0.0,-0.13]",0.0052585241219846495
L2RAR2_SELECT_04_820004,relpose_at_attach_counterfactual,after_mj_step,1,3,0.48000000000000026,True,"[-0.2514331517648268,-0.04332309097294755,0.6179303268202954]","[-0.2514917916202188,-0.043592141305062185,0.7477517701821395]","[5.8639855392006446e-05,0.00026905033211463425,-0.1298214433618441]",0.004940792360177448
L2RAR2_SELECT_04_820004,relpose_at_attach_counterfactual,after_forced_write_before_step,1,4,0.48000000000000026,True,"[-0.2514917916202188,-0.043592141305062185,0.6177517701821394]","[-0.2514917916202188,-0.043592141305062185,0.7477517701821395]","[0.0,0.0,-0.13]",0.0052585241219846495
L2RAR2_SELECT_04_820004,relpose_at_attach_counterfactual,after_mj_step,1,4,0.49000000000000027,True,"[-0.2514331517648268,-0.04332309097294755,0.6179303268202954]","[-0.2514917916202188,-0.043592141305062185,0.7477517701821395]","[5.8639855392006446e-05,0.00026905033211463425,-0.1298214433618441]",0.004940792360177448
L2RAR2_SELECT_04_820004,relpose_at_attach_counterfactual,after_forced_write_before_step,1,5,0.49000000000000027,True,"[-0.2514917916202188,-0.043592141305062185,0.6177517701821394]","[-0.2514917916202188,-0.043592141305062185,0.7477517701821395]","[0.0,0.0,-0.13]",0.0052585241219846495
L2RAR2_SELECT_04_820004,relpose_at_attach_counterfactual,after_mj_step,1,5,0.5000000000000002,True,"[-0.2514331517648268,-0.04332309097294755,0.6179303268202954]","[-0.2514917916202188,-0.043592141305062185,0.7477517701821395]","[5.8639855392006446e-05,0.00026905033211463425,-0.1298214433618441]",0.004940792360177448
L2RAR2_SELECT_04_820004,relpose_at_attach_counterfactual,before_forced_write,2,0,0.5000000000000002,True,"[-0.2514331517648268,-0.04332309097294755,0.6179303268202954]","[-0.2514917916202188,-0.04359214130506218,0.8077517701821393]","[5.8639855392006446e-05,0.0002690503321146273,-0.18982144336184392]",0.06335218921820214
L2RAR2_SELECT_04_820004,relpose_at_attach_counterfactual,after_forced_write_before_step,2,1,0.5000000000000002,True,"[-0.2514917916202188,-0.04359214130506218,0.6777517701821393]","[-0.2514917916202188,-0.04359214130506218,0.8077517701821393]","[0.0,0.0,-0.13]",0.0052585241219846495
L2RAR2_SELECT_04_820004,relpose_at_attach_counterfactual,after_mj_step,2,1,0.5100000000000002,True,"[-0.2514330812490465,-0.04332308314710034,0.6779303283764763]","[-0.2514917916202188,-0.04359214130506218,0.8077517701821393]","[5.8710371172276954e-05,0.00026905815796184063,-0.12982144180566302]",0.004940788750326102
L2RAR2_SELECT_04_820004,relpose_at_attach_counterfactual,after_forced_write_before_step,2,2,0.5100000000000002,True,"[-0.2514917916202188,-0.04359214130506218,0.6777517701821393]","[-0.2514917916202188,-0.04359214130506218,0.8077517701821393]","[0.0,0.0,-0.13]",0.0052585241219846495
L2RAR2_SELECT_04_820004,relpose_at_attach_counterfactual,after_mj_step,2,2,0.5200000000000002,True,"[-0.2514330812490465,-0.04332308314710034,0.6779303283764763]","[-0.2514917916202188,-0.04359214130506218,0.8077517701821393]","[5.8710371172276954e-05,0.00026905815796184063,-0.12982144180566302]",0.004940788750326102
L2RAR2_SELECT_04_820004,relpose_at_attach_counterfactual,after_forced_write_before_step,2,3,0.5200000000000002,True,"[-0.2514917916202188,-0.04359214130506218,0.6777517701821393]","[-0.2514917916202188,-0.04359214130506218,0.8077517701821393]","[0.0,0.0,-0.13]",0.0052585241219846495
L2RAR2_SELECT_04_820004,relpose_at_attach_counterfactual,after_mj_step,2,3,0.5300000000000002,True,"[-0.2514330812490465,-0.04332308314710034,0.6779303283764763]","[-0.2514917916202188,-0.04359214130506218,0.8077517701821393]","[5.8710371172276954e-05,0.00026905815796184063,-0.12982144180566302]",0.004940788750326102
L2RAR2_SELECT_04_820004,relpose_at_attach_counterfactual,after_forced_write_before_step,2,4,0.5300000000000002,True,"[-0.2514917916202188,-0.04359214130506218,0.6777517701821393]","[-0.2514917916202188,-0.04359214130506218,0.8077517701821393]","[0.0,0.0,-0.13]",0.0052585241219846495
L2RAR2_SELECT_04_820004,relpose_at_attach_counterfactual,after_mj_step,2,4,0.5400000000000003,True,"[-0.2514330812490465,-0.04332308314710034,0.6779303283764763]","[-0.2514917916202188,-0.04359214130506218,0.8077517701821393]","[5.8710371172276954e-05,0.00026905815796184063,-0.12982144180566302]",0.004940788750326102
L2RAR2_SELECT_04_820004,relpose_at_attach_counterfactual,after_forced_write_before_step,2,5,0.5400000000000003,True,"[-0.2514917916202188,-0.04359214130506218,0.6777517701821393]","[-0.2514917916202188,-0.04359214130506218,0.8077517701821393]","[0.0,0.0,-0.13]",0.0052585241219846495
L2RAR2_SELECT_04_820004,relpose_at_attach_counterfactual,after_mj_step,2,5,0.5500000000000003,True,"[-0.2514330812490465,-0.04332308314710034,0.6779303283764763]","[-0.2514917916202188,-0.04359214130506218,0.8077517701821393]","[5.8710371172276954e-05,0.00026905815796184063,-0.12982144180566302]",0.004940788750326102
L2RAR2_SELECT_04_820004,relpose_at_attach_counterfactual,before_forced_write,3,0,0.5500000000000003,True,"[-0.2514330812490465,-0.04332308314710034,0.6779303283764763]","[-0.2514917916202188,-0.04359214130506218,0.8677517701821393]","[5.8710371172276954e-05,0.00026905815796184063,-0.18982144180566307]",0.06335218746283468
L2RAR2_SELECT_04_820004,relpose_at_attach_counterfactual,after_forced_write_before_step,3,1,0.5500000000000003,True,"[-0.2514917916202188,-0.04359214130506218,0.7377517701821393]","[-0.2514917916202188,-0.04359214130506218,0.8677517701821393]","[0.0,0.0,-0.13]",0.0052585241219846495
L2RAR2_SELECT_04_820004,relpose_at_attach_counterfactual,after_mj_step,3,1,0.5600000000000003,True,"[-0.2514330812490465,-0.04332308314710034,0.7379303283764763]","[-0.2514917916202188,-0.04359214130506218,0.8677517701821393]","[5.8710371172276954e-05,0.00026905815796184063,-0.12982144180566302]",0.004940788750326102
L2RAR2_SELECT_04_820004,relpose_at_attach_counterfactual,after_forced_write_before_step,3,2,0.5600000000000003,True,"[-0.2514917916202188,-0.04359214130506218,0.7377517701821393]","[-0.2514917916202188,-0.04359214130506218,0.8677517701821393]","[0.0,0.0,-0.13]",0.0052585241219846495
L2RAR2_SELECT_04_820004,relpose_at_attach_counterfactual,after_mj_step,3,2,0.5700000000000003,True,"[-0.2514330812490465,-0.04332308314710034,0.7379303283764763]","[-0.2514917916202188,-0.04359214130506218,0.8677517701821393]","[5.8710371172276954e-05,0.00026905815796184063,-0.12982144180566302]",0.004940788750326102
L2RAR2_SELECT_04_820004,relpose_at_attach_counterfactual,after_forced_write_before_step,3,3,0.5700000000000003,True,"[-0.2514917916202188,-0.04359214130506218,0.7377517701821393]","[-0.2514917916202188,-0.04359214130506218,0.8677517701821393]","[0.0,0.0,-0.13]",0.0052585241219846495
L2RAR2_SELECT_04_820004,relpose_at_attach_counterfactual,after_mj_step,3,3,0.5800000000000003,True,"[-0.2514330812490465,-0.04332308314710034,0.7379303283764763]","[-0.2514917916202188,-0.04359214130506218,0.8677517701821393]","[5.8710371172276954e-05,0.00026905815796184063,-0.12982144180566302]",0.004940788750326102
L2RAR2_SELECT_04_820004,relpose_at_attach_counterfactual,after_forced_write_before_step,3,4,0.5800000000000003,True,"[-0.2514917916202188,-0.04359214130506218,0.7377517701821393]","[-0.2514917916202188,-0.04359214130506218,0.8677517701821393]","[0.0,0.0,-0.13]",0.0052585241219846495
L2RAR2_SELECT_04_820004,relpose_at_attach_counterfactual,after_mj_step,3,4,0.5900000000000003,True,"[-0.2514330812490465,-0.04332308314710034,0.7379303283764763]","[-0.2514917916202188,-0.04359214130506218,0.8677517701821393]","[5.8710371172276954e-05,0.00026905815796184063,-0.12982144180566302]",0.004940788750326102
L2RAR2_SELECT_04_820004,relpose_at_attach_counterfactual,after_forced_write_before_step,3,5,0.5900000000000003,True,"[-0.2514917916202188,-0.04359214130506218,0.7377517701821393]","[-0.2514917916202188,-0.04359214130506218,0.8677517701821393]","[0.0,0.0,-0.13]",0.0052585241219846495
L2RAR2_SELECT_04_820004,relpose_at_attach_counterfactual,after_mj_step,3,5,0.6000000000000003,True,"[-0.2514330812490465,-0.04332308314710034,0.7379303283764763]","[-0.2514917916202188,-0.04359214130506218,0.8677517701821393]","[5.8710371172276954e-05,0.00026905815796184063,-0.12982144180566302]",0.004940788750326102
L2RAR2_SELECT_05_820005,current_pipeline,before_attach,,,0.45000000000000023,False,"[-0.31020328153018223,-0.0647623973610172,0.5511810014638677]","[-0.3101714062224204,-0.06490667469726549,0.6775757033371937]","[-3.187530776183056e-05,0.0001442773362482913,-0.12639470187332602]",
L2RAR2_SELECT_05_820005,current_pipeline,after_attach_before_step,,,0.45000000000000023,True,"[-0.31020328153018223,-0.0647623973610172,0.5511810014638677]","[-0.3101714062224204,-0.06490667469726549,0.6775757033371937]","[-3.187530776183056e-05,0.0001442773362482913,-0.12639470187332602]",0.0
L2RAR2_SELECT_05_820005,current_pipeline,before_forced_write,1,0,0.45000000000000023,True,"[-0.31020328153018223,-0.0647623973610172,0.5511810014638677]","[-0.3101714062224204,-0.06490667469726549,0.7275757033371937]","[-3.187530776183056e-05,0.0001442773362482913,-0.17639470187332595]",0.04999999999999993
L2RAR2_SELECT_05_820005,current_pipeline,after_forced_write_before_step,1,1,0.45000000000000023,True,"[-0.3101714062224204,-0.06490667469726549,0.5975757033371937]","[-0.3101714062224204,-0.06490667469726549,0.7275757033371937]","[0.0,0.0,-0.13]",0.003608324620540501
L2RAR2_SELECT_05_820005,current_pipeline,after_mj_step,1,1,0.46000000000000024,True,"[-0.31085967979787527,-0.04668491615701173,0.5919582372722169]","[-0.3101714062224204,-0.06490667469726549,0.7275757033371937]","[-0.0006882735754548674,0.018221758540253763,-0.13561746606497682]",0.02030481629322949
L2RAR2_SELECT_05_820005,current_pipeline,after_forced_write_before_step,1,2,0.46000000000000024,True,"[-0.3101714062224204,-0.06490667469726549,0.5975757033371937]","[-0.3101714062224204,-0.06490667469726549,0.7275757033371937]","[0.0,0.0,-0.13]",0.003608324620540501
L2RAR2_SELECT_05_820005,current_pipeline,after_mj_step,1,2,0.47000000000000025,True,"[-0.31085967979787527,-0.0466849161570118,0.5919582372722169]","[-0.3101714062224204,-0.06490667469726549,0.7275757033371937]","[-0.0006882735754548674,0.018221758540253694,-0.13561746606497682]",0.02030481629322943
L2RAR2_SELECT_05_820005,current_pipeline,after_forced_write_before_step,1,3,0.47000000000000025,True,"[-0.3101714062224204,-0.06490667469726549,0.5975757033371937]","[-0.3101714062224204,-0.06490667469726549,0.7275757033371937]","[0.0,0.0,-0.13]",0.003608324620540501
L2RAR2_SELECT_05_820005,current_pipeline,after_mj_step,1,3,0.48000000000000026,True,"[-0.31085967979787527,-0.04668491615701176,0.5919582372722167]","[-0.3101714062224204,-0.06490667469726549,0.7275757033371937]","[-0.0006882735754548674,0.018221758540253735,-0.13561746606497693]",0.020304816293229517
L2RAR2_SELECT_05_820005,current_pipeline,after_forced_write_before_step,1,4,0.48000000000000026,True,"[-0.3101714062224204,-0.06490667469726549,0.5975757033371937]","[-0.3101714062224204,-0.06490667469726549,0.7275757033371937]","[0.0,0.0,-0.13]",0.003608324620540501
L2RAR2_SELECT_05_820005,current_pipeline,after_mj_step,1,4,0.49000000000000027,True,"[-0.31085967979787527,-0.046684916157011806,0.5919582372722169]","[-0.3101714062224204,-0.06490667469726549,0.7275757033371937]","[-0.0006882735754548674,0.018221758540253687,-0.13561746606497682]",0.020304816293229423
L2RAR2_SELECT_05_820005,current_pipeline,after_forced_write_before_step,1,5,0.49000000000000027,True,"[-0.3101714062224204,-0.06490667469726549,0.5975757033371937]","[-0.3101714062224204,-0.06490667469726549,0.7275757033371937]","[0.0,0.0,-0.13]",0.003608324620540501
L2RAR2_SELECT_05_820005,current_pipeline,after_mj_step,1,5,0.5000000000000002,True,"[-0.31085967979787527,-0.04668491615701181,0.5919582372722169]","[-0.3101714062224204,-0.06490667469726549,0.7275757033371937]","[-0.0006882735754548674,0.01822175854025368,-0.13561746606497682]",0.020304816293229416
L2RAR2_SELECT_05_820005,current_pipeline,before_forced_write,2,0,0.5000000000000002,True,"[-0.31085967979787527,-0.04668491615701181,0.5919582372722169]","[-0.3101714062224204,-0.06490667469726549,0.7775757033371937]","[-0.0006882735754548674,0.01822175854025368,-0.18561746606497687]",0.06192384018992104
L2RAR2_SELECT_05_820005,current_pipeline,after_forced_write_before_step,2,1,0.5000000000000002,True,"[-0.3101714062224204,-0.06490667469726549,0.6475757033371937]","[-0.3101714062224204,-0.06490667469726549,0.7775757033371937]","[0.0,0.0,-0.13]",0.003608324620540501
L2RAR2_SELECT_05_820005,current_pipeline,after_mj_step,2,1,0.5100000000000002,True,"[-0.31085967979787515,-0.0466849161570117,0.6419582372722165]","[-0.3101714062224204,-0.06490667469726549,0.7775757033371937]","[-0.0006882735754547564,0.01822175854025379,-0.13561746606497727]",0.020304816293229715
L2RAR2_SELECT_05_820005,current_pipeline,after_forced_write_before_step,2,2,0.5100000000000002,True,"[-0.3101714062224204,-0.06490667469726549,0.6475757033371937]","[-0.3101714062224204,-0.06490667469726549,0.7775757033371937]","[0.0,0.0,-0.13]",0.003608324620540501
L2RAR2_SELECT_05_820005,current_pipeline,after_mj_step,2,2,0.5200000000000002,True,"[-0.31085967979787515,-0.046684916157011716,0.6419582372722165]","[-0.3101714062224204,-0.06490667469726549,0.7775757033371937]","[-0.0006882735754547564,0.018221758540253777,-0.13561746606497727]",0.0203048162932297
L2RAR2_SELECT_05_820005,current_pipeline,after_forced_write_before_step,2,3,0.5200000000000002,True,"[-0.3101714062224204,-0.06490667469726549,0.6475757033371937]","[-0.3101714062224204,-0.06490667469726549,0.7775757033371937]","[0.0,0.0,-0.13]",0.003608324620540501
L2RAR2_SELECT_05_820005,current_pipeline,after_mj_step,2,3,0.5300000000000002,True,"[-0.31085967979787515,-0.046684916157011716,0.6419582372722165]","[-0.3101714062224204,-0.06490667469726549,0.7775757033371937]","[-0.0006882735754547564,0.018221758540253777,-0.13561746606497727]",0.0203048162932297
L2RAR2_SELECT_05_820005,current_pipeline,after_forced_write_before_step,2,4,0.5300000000000002,True,"[-0.3101714062224204,-0.06490667469726549,0.6475757033371937]","[-0.3101714062224204,-0.06490667469726549,0.7775757033371937]","[0.0,0.0,-0.13]",0.003608324620540501
L2RAR2_SELECT_05_820005,current_pipeline,after_mj_step,2,4,0.5400000000000003,True,"[-0.31085967979787515,-0.046684916157011716,0.6419582372722165]","[-0.3101714062224204,-0.06490667469726549,0.7775757033371937]","[-0.0006882735754547564,0.018221758540253777,-0.13561746606497727]",0.0203048162932297
L2RAR2_SELECT_05_820005,current_pipeline,after_forced_write_before_step,2,5,0.5400000000000003,True,"[-0.3101714062224204,-0.06490667469726549,0.6475757033371937]","[-0.3101714062224204,-0.06490667469726549,0.7775757033371937]","[0.0,0.0,-0.13]",0.003608324620540501
L2RAR2_SELECT_05_820005,current_pipeline,after_mj_step,2,5,0.5500000000000003,True,"[-0.31085967979787515,-0.0466849161570117,0.6419582372722165]","[-0.3101714062224204,-0.06490667469726549,0.7775757033371937]","[-0.0006882735754547564,0.01822175854025379,-0.13561746606497727]",0.020304816293229715
L2RAR2_SELECT_05_820005,current_pipeline,before_forced_write,3,0,0.5500000000000003,True,"[-0.31085967979787515,-0.0466849161570117,0.6419582372722165]","[-0.3101714062224204,-0.06490667469726549,0.8275757033371938]","[-0.0006882735754547564,0.01822175854025379,-0.1856174660649773]",0.061923840189921496
L2RAR2_SELECT_05_820005,current_pipeline,after_forced_write_before_step,3,1,0.5500000000000003,True,"[-0.3101714062224204,-0.06490667469726549,0.6975757033371938]","[-0.3101714062224204,-0.06490667469726549,0.8275757033371938]","[0.0,0.0,-0.13]",0.003608324620540501
L2RAR2_SELECT_05_820005,current_pipeline,after_mj_step,3,1,0.5600000000000003,True,"[-0.3108596797978752,-0.0466849161570118,0.6919582372722167]","[-0.3101714062224204,-0.06490667469726549,0.8275757033371938]","[-0.0006882735754548119,0.018221758540253694,-0.13561746606497704]",0.020304816293229527
L2RAR2_SELECT_05_820005,current_pipeline,after_forced_write_before_step,3,2,0.5600000000000003,True,"[-0.3101714062224204,-0.06490667469726549,0.6975757033371938]","[-0.3101714062224204,-0.06490667469726549,0.8275757033371938]","[0.0,0.0,-0.13]",0.003608324620540501
L2RAR2_SELECT_05_820005,current_pipeline,after_mj_step,3,2,0.5700000000000003,True,"[-0.3108596797978752,-0.0466849161570118,0.6919582372722167]","[-0.3101714062224204,-0.06490667469726549,0.8275757033371938]","[-0.0006882735754548119,0.018221758540253694,-0.13561746606497704]",0.020304816293229527
L2RAR2_SELECT_05_820005,current_pipeline,after_forced_write_before_step,3,3,0.5700000000000003,True,"[-0.3101714062224204,-0.06490667469726549,0.6975757033371938]","[-0.3101714062224204,-0.06490667469726549,0.8275757033371938]","[0.0,0.0,-0.13]",0.003608324620540501
L2RAR2_SELECT_05_820005,current_pipeline,after_mj_step,3,3,0.5800000000000003,True,"[-0.3108596797978752,-0.04668491615701184,0.6919582372722166]","[-0.3101714062224204,-0.06490667469726549,0.8275757033371938]","[-0.0006882735754548119,0.018221758540253652,-0.13561746606497715]",0.02030481629322954
L2RAR2_SELECT_05_820005,current_pipeline,after_forced_write_before_step,3,4,0.5800000000000003,True,"[-0.3101714062224204,-0.06490667469726549,0.6975757033371938]","[-0.3101714062224204,-0.06490667469726549,0.8275757033371938]","[0.0,0.0,-0.13]",0.003608324620540501
L2RAR2_SELECT_05_820005,current_pipeline,after_mj_step,3,4,0.5900000000000003,True,"[-0.3108596797978752,-0.0466849161570117,0.6919582372722166]","[-0.3101714062224204,-0.06490667469726549,0.8275757033371938]","[-0.0006882735754548119,0.01822175854025379,-0.13561746606497715]",0.020304816293229666
L2RAR2_SELECT_05_820005,current_pipeline,after_forced_write_before_step,3,5,0.5900000000000003,True,"[-0.3101714062224204,-0.06490667469726549,0.6975757033371938]","[-0.3101714062224204,-0.06490667469726549,0.8275757033371938]","[0.0,0.0,-0.13]",0.003608324620540501
L2RAR2_SELECT_05_820005,current_pipeline,after_mj_step,3,5,0.6000000000000003,True,"[-0.3108596797978752,-0.046684916157011716,0.6919582372722166]","[-0.3101714062224204,-0.06490667469726549,0.8275757033371938]","[-0.0006882735754548119,0.018221758540253777,-0.13561746606497715]",0.020304816293229652
L2RAR2_SELECT_05_820005,current_pipeline,before_forced_write,4,0,0.6000000000000003,True,"[-0.3108596797978752,-0.046684916157011716,0.6919582372722166]","[-0.3101714062224204,-0.06490667469726549,0.8775757033371938]","[-0.0006882735754548119,0.018221758540253777,-0.1856174660649772]",0.061923840189921385
L2RAR2_SELECT_05_820005,current_pipeline,after_forced_write_before_step,4,1,0.6000000000000003,True,"[-0.3101714062224204,-0.06490667469726549,0.7475757033371938]","[-0.3101714062224204,-0.06490667469726549,0.8775757033371938]","[0.0,0.0,-0.13]",0.003608324620540501
L2RAR2_SELECT_05_820005,current_pipeline,after_mj_step,4,1,0.6100000000000003,True,"[-0.31085967979787527,-0.046684916157011785,0.741958237272217]","[-0.3101714062224204,-0.06490667469726549,0.8775757033371938]","[-0.0006882735754548674,0.018221758540253707,-0.13561746606497682]",0.02030481629322944
L2RAR2_SELECT_05_820005,current_pipeline,after_forced_write_before_step,4,2,0.6100000000000003,True,"[-0.3101714062224204,-0.06490667469726549,0.7475757033371938]","[-0.3101714062224204,-0.06490667469726549,0.8775757033371938]","[0.0,0.0,-0.13]",0.003608324620540501
L2RAR2_SELECT_05_820005,current_pipeline,after_mj_step,4,2,0.6200000000000003,True,"[-0.31085967979787527,-0.04668491615701181,0.741958237272217]","[-0.3101714062224204,-0.06490667469726549,0.8775757033371938]","[-0.0006882735754548674,0.01822175854025368,-0.13561746606497682]",0.020304816293229416
L2RAR2_SELECT_05_820005,current_pipeline,after_forced_write_before_step,4,3,0.6200000000000003,True,"[-0.3101714062224204,-0.06490667469726549,0.7475757033371938]","[-0.3101714062224204,-0.06490667469726549,0.8775757033371938]","[0.0,0.0,-0.13]",0.003608324620540501
L2RAR2_SELECT_05_820005,current_pipeline,after_mj_step,4,3,0.6300000000000003,True,"[-0.31085967979787527,-0.0466849161570118,0.741958237272217]","[-0.3101714062224204,-0.06490667469726549,0.8775757033371938]","[-0.0006882735754548674,0.018221758540253694,-0.13561746606497682]",0.02030481629322943
L2RAR2_SELECT_05_820005,current_pipeline,after_forced_write_before_step,4,4,0.6300000000000003,True,"[-0.3101714062224204,-0.06490667469726549,0.7475757033371938]","[-0.3101714062224204,-0.06490667469726549,0.8775757033371938]","[0.0,0.0,-0.13]",0.003608324620540501
L2RAR2_SELECT_05_820005,current_pipeline,after_mj_step,4,4,0.6400000000000003,True,"[-0.31085967979787527,-0.0466849161570118,0.741958237272217]","[-0.3101714062224204,-0.06490667469726549,0.8775757033371938]","[-0.0006882735754548674,0.018221758540253694,-0.13561746606497682]",0.02030481629322943
L2RAR2_SELECT_05_820005,current_pipeline,after_forced_write_before_step,4,5,0.6400000000000003,True,"[-0.3101714062224204,-0.06490667469726549,0.7475757033371938]","[-0.3101714062224204,-0.06490667469726549,0.8775757033371938]","[0.0,0.0,-0.13]",0.003608324620540501
L2RAR2_SELECT_05_820005,current_pipeline,after_mj_step,4,5,0.6500000000000004,True,"[-0.31085967979787527,-0.046684916157011785,0.741958237272217]","[-0.3101714062224204,-0.06490667469726549,0.8775757033371938]","[-0.0006882735754548674,0.018221758540253707,-0.13561746606497682]",0.02030481629322944
L2RAR2_SELECT_05_820005,relpose_at_attach_counterfactual,before_attach,,,0.45000000000000023,False,"[-0.31020328153018223,-0.0647623973610172,0.5511810014638677]","[-0.3101714062224204,-0.06490667469726549,0.6775757033371937]","[-3.187530776183056e-05,0.0001442773362482913,-0.12639470187332602]",
L2RAR2_SELECT_05_820005,relpose_at_attach_counterfactual,after_attach_before_step,,,0.45000000000000023,True,"[-0.31020328153018223,-0.0647623973610172,0.5511810014638677]","[-0.3101714062224204,-0.06490667469726549,0.6775757033371937]","[-3.187530776183056e-05,0.0001442773362482913,-0.12639470187332602]",0.0
L2RAR2_SELECT_05_820005,relpose_at_attach_counterfactual,before_forced_write,1,0,0.45000000000000023,True,"[-0.31020328153018223,-0.0647623973610172,0.5511810014638677]","[-0.3101714062224204,-0.06490667469726549,0.7275757033371937]","[-3.187530776183056e-05,0.0001442773362482913,-0.17639470187332595]",0.04999999999999993
L2RAR2_SELECT_05_820005,relpose_at_attach_counterfactual,after_forced_write_before_step,1,1,0.45000000000000023,True,"[-0.3101714062224204,-0.06490667469726549,0.5975757033371937]","[-0.3101714062224204,-0.06490667469726549,0.7275757033371937]","[0.0,0.0,-0.13]",0.003608324620540501
L2RAR2_SELECT_05_820005,relpose_at_attach_counterfactual,after_mj_step,1,1,0.46000000000000024,True,"[-0.31016017096893495,-0.06489758862855682,0.5977644887195298]","[-0.3101714062224204,-0.06490667469726549,0.7275757033371937]","[1.1235253485453178e-05,9.086068708669126e-06,-0.12981121461766387]",0.003419458221931215
L2RAR2_SELECT_05_820005,relpose_at_attach_counterfactual,after_forced_write_before_step,1,2,0.46000000000000024,True,"[-0.3101714062224204,-0.06490667469726549,0.5975757033371937]","[-0.3101714062224204,-0.06490667469726549,0.7275757033371937]","[0.0,0.0,-0.13]",0.003608324620540501
L2RAR2_SELECT_05_820005,relpose_at_attach_counterfactual,after_mj_step,1,2,0.47000000000000025,True,"[-0.31016017096893495,-0.06489758862855682,0.5977644887195298]","[-0.3101714062224204,-0.06490667469726549,0.7275757033371937]","[1.1235253485453178e-05,9.086068708669126e-06,-0.12981121461766387]",0.003419458221931215
L2RAR2_SELECT_05_820005,relpose_at_attach_counterfactual,after_forced_write_before_step,1,3,0.47000000000000025,True,"[-0.3101714062224204,-0.06490667469726549,0.5975757033371937]","[-0.3101714062224204,-0.06490667469726549,0.7275757033371937]","[0.0,0.0,-0.13]",0.003608324620540501
L2RAR2_SELECT_05_820005,relpose_at_attach_counterfactual,after_mj_step,1,3,0.48000000000000026,True,"[-0.31016017096893495,-0.06489758862855682,0.5977644887195298]","[-0.3101714062224204,-0.06490667469726549,0.7275757033371937]","[1.1235253485453178e-05,9.086068708669126e-06,-0.12981121461766387]",0.003419458221931215
L2RAR2_SELECT_05_820005,relpose_at_attach_counterfactual,after_forced_write_before_step,1,4,0.48000000000000026,True,"[-0.3101714062224204,-0.06490667469726549,0.5975757033371937]","[-0.3101714062224204,-0.06490667469726549,0.7275757033371937]","[0.0,0.0,-0.13]",0.003608324620540501
L2RAR2_SELECT_05_820005,relpose_at_attach_counterfactual,after_mj_step,1,4,0.49000000000000027,True,"[-0.31016017096893495,-0.06489758862855682,0.5977644887195298]","[-0.3101714062224204,-0.06490667469726549,0.7275757033371937]","[1.1235253485453178e-05,9.086068708669126e-06,-0.12981121461766387]",0.003419458221931215
L2RAR2_SELECT_05_820005,relpose_at_attach_counterfactual,after_forced_write_before_step,1,5,0.49000000000000027,True,"[-0.3101714062224204,-0.06490667469726549,0.5975757033371937]","[-0.3101714062224204,-0.06490667469726549,0.7275757033371937]","[0.0,0.0,-0.13]",0.003608324620540501
L2RAR2_SELECT_05_820005,relpose_at_attach_counterfactual,after_mj_step,1,5,0.5000000000000002,True,"[-0.31016017096893495,-0.06489758862855682,0.5977644887195298]","[-0.3101714062224204,-0.06490667469726549,0.7275757033371937]","[1.1235253485453178e-05,9.086068708669126e-06,-0.12981121461766387]",0.003419458221931215
L2RAR2_SELECT_05_820005,relpose_at_attach_counterfactual,before_forced_write,2,0,0.5000000000000002,True,"[-0.31016017096893495,-0.06489758862855682,0.5977644887195298]","[-0.3101714062224204,-0.06490667469726549,0.7775757033371937]","[1.1235253485453178e-05,9.086068708669126e-06,-0.17981121461766392]",0.05341670121755295
L2RAR2_SELECT_05_820005,relpose_at_attach_counterfactual,after_forced_write_before_step,2,1,0.5000000000000002,True,"[-0.3101714062224204,-0.06490667469726549,0.6475757033371937]","[-0.3101714062224204,-0.06490667469726549,0.7775757033371937]","[0.0,0.0,-0.13]",0.003608324620540501
L2RAR2_SELECT_05_820005,relpose_at_attach_counterfactual,after_mj_step,2,1,0.5100000000000002,True,"[-0.31016017096893495,-0.06489758862855682,0.6477644887195299]","[-0.3101714062224204,-0.06490667469726549,0.7775757033371937]","[1.1235253485453178e-05,9.086068708669126e-06,-0.12981121461766387]",0.003419458221931215
L2RAR2_SELECT_05_820005,relpose_at_attach_counterfactual,after_forced_write_before_step,2,2,0.5100000000000002,True,"[-0.3101714062224204,-0.06490667469726549,0.6475757033371937]","[-0.3101714062224204,-0.06490667469726549,0.7775757033371937]","[0.0,0.0,-0.13]",0.003608324620540501
L2RAR2_SELECT_05_820005,relpose_at_attach_counterfactual,after_mj_step,2,2,0.5200000000000002,True,"[-0.31016017096893495,-0.06489758862855682,0.6477644887195299]","[-0.3101714062224204,-0.06490667469726549,0.7775757033371937]","[1.1235253485453178e-05,9.086068708669126e-06,-0.12981121461766387]",0.003419458221931215
L2RAR2_SELECT_05_820005,relpose_at_attach_counterfactual,after_forced_write_before_step,2,3,0.5200000000000002,True,"[-0.3101714062224204,-0.06490667469726549,0.6475757033371937]","[-0.3101714062224204,-0.06490667469726549,0.7775757033371937]","[0.0,0.0,-0.13]",0.003608324620540501
L2RAR2_SELECT_05_820005,relpose_at_attach_counterfactual,after_mj_step,2,3,0.5300000000000002,True,"[-0.31016017096893495,-0.06489758862855682,0.6477644887195299]","[-0.3101714062224204,-0.06490667469726549,0.7775757033371937]","[1.1235253485453178e-05,9.086068708669126e-06,-0.12981121461766387]",0.003419458221931215
L2RAR2_SELECT_05_820005,relpose_at_attach_counterfactual,after_forced_write_before_step,2,4,0.5300000000000002,True,"[-0.3101714062224204,-0.06490667469726549,0.6475757033371937]","[-0.3101714062224204,-0.06490667469726549,0.7775757033371937]","[0.0,0.0,-0.13]",0.003608324620540501
L2RAR2_SELECT_05_820005,relpose_at_attach_counterfactual,after_mj_step,2,4,0.5400000000000003,True,"[-0.31016017096893495,-0.06489758862855682,0.6477644887195299]","[-0.3101714062224204,-0.06490667469726549,0.7775757033371937]","[1.1235253485453178e-05,9.086068708669126e-06,-0.12981121461766387]",0.003419458221931215
L2RAR2_SELECT_05_820005,relpose_at_attach_counterfactual,after_forced_write_before_step,2,5,0.5400000000000003,True,"[-0.3101714062224204,-0.06490667469726549,0.6475757033371937]","[-0.3101714062224204,-0.06490667469726549,0.7775757033371937]","[0.0,0.0,-0.13]",0.003608324620540501
L2RAR2_SELECT_05_820005,relpose_at_attach_counterfactual,after_mj_step,2,5,0.5500000000000003,True,"[-0.31016017096893495,-0.06489758862855682,0.6477644887195299]","[-0.3101714062224204,-0.06490667469726549,0.7775757033371937]","[1.1235253485453178e-05,9.086068708669126e-06,-0.12981121461766387]",0.003419458221931215
L2RAR2_SELECT_05_820005,relpose_at_attach_counterfactual,before_forced_write,3,0,0.5500000000000003,True,"[-0.31016017096893495,-0.06489758862855682,0.6477644887195299]","[-0.3101714062224204,-0.06490667469726549,0.8275757033371938]","[1.1235253485453178e-05,9.086068708669126e-06,-0.17981121461766392]",0.05341670121755295
L2RAR2_SELECT_05_820005,relpose_at_attach_counterfactual,after_forced_write_before_step,3,1,0.5500000000000003,True,"[-0.3101714062224204,-0.06490667469726549,0.6975757033371938]","[-0.3101714062224204,-0.06490667469726549,0.8275757033371938]","[0.0,0.0,-0.13]",0.003608324620540501
L2RAR2_SELECT_05_820005,relpose_at_attach_counterfactual,after_mj_step,3,1,0.5600000000000003,True,"[-0.31016017096893495,-0.06489758862855682,0.6977644887195299]","[-0.3101714062224204,-0.06490667469726549,0.8275757033371938]","[1.1235253485453178e-05,9.086068708669126e-06,-0.12981121461766387]",0.003419458221931215
L2RAR2_SELECT_05_820005,relpose_at_attach_counterfactual,after_forced_write_before_step,3,2,0.5600000000000003,True,"[-0.3101714062224204,-0.06490667469726549,0.6975757033371938]","[-0.3101714062224204,-0.06490667469726549,0.8275757033371938]","[0.0,0.0,-0.13]",0.003608324620540501
L2RAR2_SELECT_05_820005,relpose_at_attach_counterfactual,after_mj_step,3,2,0.5700000000000003,True,"[-0.31016017096893495,-0.06489758862855682,0.6977644887195299]","[-0.3101714062224204,-0.06490667469726549,0.8275757033371938]","[1.1235253485453178e-05,9.086068708669126e-06,-0.12981121461766387]",0.003419458221931215
L2RAR2_SELECT_05_820005,relpose_at_attach_counterfactual,after_forced_write_before_step,3,3,0.5700000000000003,True,"[-0.3101714062224204,-0.06490667469726549,0.6975757033371938]","[-0.3101714062224204,-0.06490667469726549,0.8275757033371938]","[0.0,0.0,-0.13]",0.003608324620540501
L2RAR2_SELECT_05_820005,relpose_at_attach_counterfactual,after_mj_step,3,3,0.5800000000000003,True,"[-0.31016017096893495,-0.06489758862855682,0.6977644887195299]","[-0.3101714062224204,-0.06490667469726549,0.8275757033371938]","[1.1235253485453178e-05,9.086068708669126e-06,-0.12981121461766387]",0.003419458221931215
L2RAR2_SELECT_05_820005,relpose_at_attach_counterfactual,after_forced_write_before_step,3,4,0.5800000000000003,True,"[-0.3101714062224204,-0.06490667469726549,0.6975757033371938]","[-0.3101714062224204,-0.06490667469726549,0.8275757033371938]","[0.0,0.0,-0.13]",0.003608324620540501
L2RAR2_SELECT_05_820005,relpose_at_attach_counterfactual,after_mj_step,3,4,0.5900000000000003,True,"[-0.31016017096893495,-0.06489758862855682,0.6977644887195299]","[-0.3101714062224204,-0.06490667469726549,0.8275757033371938]","[1.1235253485453178e-05,9.086068708669126e-06,-0.12981121461766387]",0.003419458221931215
L2RAR2_SELECT_05_820005,relpose_at_attach_counterfactual,after_forced_write_before_step,3,5,0.5900000000000003,True,"[-0.3101714062224204,-0.06490667469726549,0.6975757033371938]","[-0.3101714062224204,-0.06490667469726549,0.8275757033371938]","[0.0,0.0,-0.13]",0.003608324620540501
L2RAR2_SELECT_05_820005,relpose_at_attach_counterfactual,after_mj_step,3,5,0.6000000000000003,True,"[-0.31016017096893495,-0.06489758862855682,0.6977644887195299]","[-0.3101714062224204,-0.06490667469726549,0.8275757033371938]","[1.1235253485453178e-05,9.086068708669126e-06,-0.12981121461766387]",0.003419458221931215
L2RAR2_SELECT_05_820005,relpose_at_attach_counterfactual,before_forced_write,4,0,0.6000000000000003,True,"[-0.31016017096893495,-0.06489758862855682,0.6977644887195299]","[-0.3101714062224204,-0.06490667469726549,0.8775757033371938]","[1.1235253485453178e-05,9.086068708669126e-06,-0.17981121461766392]",0.05341670121755295
L2RAR2_SELECT_05_820005,relpose_at_attach_counterfactual,after_forced_write_before_step,4,1,0.6000000000000003,True,"[-0.3101714062224204,-0.06490667469726549,0.7475757033371938]","[-0.3101714062224204,-0.06490667469726549,0.8775757033371938]","[0.0,0.0,-0.13]",0.003608324620540501
L2RAR2_SELECT_05_820005,relpose_at_attach_counterfactual,after_mj_step,4,1,0.6100000000000003,True,"[-0.31016017096893495,-0.06489758862855682,0.7477644887195299]","[-0.3101714062224204,-0.06490667469726549,0.8775757033371938]","[1.1235253485453178e-05,9.086068708669126e-06,-0.12981121461766387]",0.003419458221931215
L2RAR2_SELECT_05_820005,relpose_at_attach_counterfactual,after_forced_write_before_step,4,2,0.6100000000000003,True,"[-0.3101714062224204,-0.06490667469726549,0.7475757033371938]","[-0.3101714062224204,-0.06490667469726549,0.8775757033371938]","[0.0,0.0,-0.13]",0.003608324620540501
L2RAR2_SELECT_05_820005,relpose_at_attach_counterfactual,after_mj_step,4,2,0.6200000000000003,True,"[-0.31016017096893495,-0.06489758862855682,0.7477644887195299]","[-0.3101714062224204,-0.06490667469726549,0.8775757033371938]","[1.1235253485453178e-05,9.086068708669126e-06,-0.12981121461766387]",0.003419458221931215
L2RAR2_SELECT_05_820005,relpose_at_attach_counterfactual,after_forced_write_before_step,4,3,0.6200000000000003,True,"[-0.3101714062224204,-0.06490667469726549,0.7475757033371938]","[-0.3101714062224204,-0.06490667469726549,0.8775757033371938]","[0.0,0.0,-0.13]",0.003608324620540501
L2RAR2_SELECT_05_820005,relpose_at_attach_counterfactual,after_mj_step,4,3,0.6300000000000003,True,"[-0.31016017096893495,-0.06489758862855682,0.7477644887195299]","[-0.3101714062224204,-0.06490667469726549,0.8775757033371938]","[1.1235253485453178e-05,9.086068708669126e-06,-0.12981121461766387]",0.003419458221931215
L2RAR2_SELECT_05_820005,relpose_at_attach_counterfactual,after_forced_write_before_step,4,4,0.6300000000000003,True,"[-0.3101714062224204,-0.06490667469726549,0.7475757033371938]","[-0.3101714062224204,-0.06490667469726549,0.8775757033371938]","[0.0,0.0,-0.13]",0.003608324620540501
L2RAR2_SELECT_05_820005,relpose_at_attach_counterfactual,after_mj_step,4,4,0.6400000000000003,True,"[-0.31016017096893495,-0.06489758862855682,0.7477644887195299]","[-0.3101714062224204,-0.06490667469726549,0.8775757033371938]","[1.1235253485453178e-05,9.086068708669126e-06,-0.12981121461766387]",0.003419458221931215
L2RAR2_SELECT_05_820005,relpose_at_attach_counterfactual,after_forced_write_before_step,4,5,0.6400000000000003,True,"[-0.3101714062224204,-0.06490667469726549,0.7475757033371938]","[-0.3101714062224204,-0.06490667469726549,0.8775757033371938]","[0.0,0.0,-0.13]",0.003608324620540501
L2RAR2_SELECT_05_820005,relpose_at_attach_counterfactual,after_mj_step,4,5,0.6500000000000004,True,"[-0.31016017096893495,-0.06489758862855682,0.7477644887195299]","[-0.3101714062224204,-0.06490667469726549,0.8775757033371938]","[1.1235253485453178e-05,9.086068708669126e-06,-0.12981121461766387]",0.003419458221931215
L2RAR2_SELECT_06_820006,current_pipeline,before_attach,,,0.45000000000000023,False,"[-0.3064829189982011,-0.052540129520789666,0.5520682484613728]","[-0.3064956924288792,-0.05257519485969215,0.6785050811855222]","[1.2773430678070241e-05,3.5065338902483256e-05,-0.1264368327241494]",
L2RAR2_SELECT_06_820006,current_pipeline,after_attach_before_step,,,0.45000000000000023,True,"[-0.3064829189982011,-0.052540129520789666,0.5520682484613728]","[-0.3064956924288792,-0.05257519485969215,0.6785050811855222]","[1.2773430678070241e-05,3.5065338902483256e-05,-0.1264368327241494]",0.0
L2RAR2_SELECT_06_820006,current_pipeline,before_forced_write,1,0,0.45000000000000023,True,"[-0.3064829189982011,-0.052540129520789666,0.5520682484613728]","[-0.3064956924288792,-0.05257519485969215,0.7225050811855223]","[1.2773430678070241e-05,3.5065338902483256e-05,-0.17043683272414945]",0.04400000000000004
L2RAR2_SELECT_06_820006,current_pipeline,after_forced_write_before_step,1,1,0.45000000000000023,True,"[-0.3064956924288792,-0.05257519485969215,0.5925050811855223]","[-0.3064956924288792,-0.05257519485969215,0.7225050811855223]","[0.0,0.0,-0.13]",0.0035633627059585456
L2RAR2_SELECT_06_820006,current_pipeline,after_mj_step,1,1,0.46000000000000024,True,"[-0.30717119822534056,-0.03436482163465193,0.5869952796134584]","[-0.3064956924288792,-0.05257519485969215,0.7225050811855223]","[-0.000675505796461362,0.018210373225040218,-0.13550980157206383]",0.02032570561544267
L2RAR2_SELECT_06_820006,current_pipeline,after_forced_write_before_step,1,2,0.46000000000000024,True,"[-0.3064956924288792,-0.05257519485969215,0.5925050811855223]","[-0.3064956924288792,-0.05257519485969215,0.7225050811855223]","[0.0,0.0,-0.13]",0.0035633627059585456
L2RAR2_SELECT_06_820006,current_pipeline,after_mj_step,1,2,0.47000000000000025,True,"[-0.30717119822534056,-0.03436482163465193,0.5869952796134584]","[-0.3064956924288792,-0.05257519485969215,0.7225050811855223]","[-0.000675505796461362,0.018210373225040218,-0.13550980157206383]",0.02032570561544267
L2RAR2_SELECT_06_820006,current_pipeline,after_forced_write_before_step,1,3,0.47000000000000025,True,"[-0.3064956924288792,-0.05257519485969215,0.5925050811855223]","[-0.3064956924288792,-0.05257519485969215,0.7225050811855223]","[0.0,0.0,-0.13]",0.0035633627059585456
L2RAR2_SELECT_06_820006,current_pipeline,after_mj_step,1,3,0.48000000000000026,True,"[-0.30717119822534056,-0.034364821634651876,0.5869952796134584]","[-0.3064956924288792,-0.05257519485969215,0.7225050811855223]","[-0.000675505796461362,0.018210373225040273,-0.13550980157206383]",0.02032570561544272
L2RAR2_SELECT_06_820006,current_pipeline,after_forced_write_before_step,1,4,0.48000000000000026,True,"[-0.3064956924288792,-0.05257519485969215,0.5925050811855223]","[-0.3064956924288792,-0.05257519485969215,0.7225050811855223]","[0.0,0.0,-0.13]",0.0035633627059585456
L2RAR2_SELECT_06_820006,current_pipeline,after_mj_step,1,4,0.49000000000000027,True,"[-0.30717119822534056,-0.03436482163465193,0.5869952796134584]","[-0.3064956924288792,-0.05257519485969215,0.7225050811855223]","[-0.000675505796461362,0.018210373225040218,-0.13550980157206383]",0.02032570561544267
L2RAR2_SELECT_06_820006,current_pipeline,after_forced_write_before_step,1,5,0.49000000000000027,True,"[-0.3064956924288792,-0.05257519485969215,0.5925050811855223]","[-0.3064956924288792,-0.05257519485969215,0.7225050811855223]","[0.0,0.0,-0.13]",0.0035633627059585456
L2RAR2_SELECT_06_820006,current_pipeline,after_mj_step,1,5,0.5000000000000002,True,"[-0.30717119822534056,-0.03436482163465193,0.5869952796134584]","[-0.3064956924288792,-0.05257519485969215,0.7225050811855223]","[-0.000675505796461362,0.018210373225040218,-0.13550980157206383]",0.02032570561544267
L2RAR2_SELECT_06_820006,current_pipeline,before_forced_write,2,0,0.5000000000000002,True,"[-0.30717119822534056,-0.03436482163465193,0.5869952796134584]","[-0.3064956924288792,-0.05257519485969215,0.7665050811855222]","[-0.000675505796461362,0.018210373225040218,-0.17950980157206375]",0.056103079838651454
L2RAR2_SELECT_06_820006,current_pipeline,after_forced_write_before_step,2,1,0.5000000000000002,True,"[-0.3064956924288792,-0.05257519485969215,0.6365050811855222]","[-0.3064956924288792,-0.05257519485969215,0.7665050811855222]","[0.0,0.0,-0.13]",0.0035633627059585456
L2RAR2_SELECT_06_820006,current_pipeline,after_mj_step,2,1,0.5100000000000002,True,"[-0.30717119822534056,-0.03436482163465191,0.6309952796134584]","[-0.3064956924288792,-0.05257519485969215,0.7665050811855222]","[-0.000675505796461362,0.01821037322504024,-0.13550980157206383]",0.02032570561544269
L2RAR2_SELECT_06_820006,current_pipeline,after_forced_write_before_step,2,2,0.5100000000000002,True,"[-0.3064956924288792,-0.05257519485969215,0.6365050811855222]","[-0.3064956924288792,-0.05257519485969215,0.7665050811855222]","[0.0,0.0,-0.13]",0.0035633627059585456
L2RAR2_SELECT_06_820006,current_pipeline,after_mj_step,2,2,0.5200000000000002,True,"[-0.30717119822534056,-0.03436482163465192,0.6309952796134584]","[-0.3064956924288792,-0.05257519485969215,0.7665050811855222]","[-0.000675505796461362,0.01821037322504023,-0.13550980157206383]",0.020325705615442682
L2RAR2_SELECT_06_820006,current_pipeline,after_forced_write_before_step,2,3,0.5200000000000002,True,"[-0.3064956924288792,-0.05257519485969215,0.6365050811855222]","[-0.3064956924288792,-0.05257519485969215,0.7665050811855222]","[0.0,0.0,-0.13]",0.0035633627059585456
L2RAR2_SELECT_06_820006,current_pipeline,after_mj_step,2,3,0.5300000000000002,True,"[-0.30717119822534056,-0.034364821634651925,0.6309952796134584]","[-0.3064956924288792,-0.05257519485969215,0.7665050811855222]","[-0.000675505796461362,0.018210373225040224,-0.13550980157206383]",0.020325705615442675
L2RAR2_SELECT_06_820006,current_pipeline,after_forced_write_before_step,2,4,0.5300000000000002,True,"[-0.3064956924288792,-0.05257519485969215,0.6365050811855222]","[-0.3064956924288792,-0.05257519485969215,0.7665050811855222]","[0.0,0.0,-0.13]",0.0035633627059585456
L2RAR2_SELECT_06_820006,current_pipeline,after_mj_step,2,4,0.5400000000000003,True,"[-0.30717119822534056,-0.03436482163465192,0.6309952796134584]","[-0.3064956924288792,-0.05257519485969215,0.7665050811855222]","[-0.000675505796461362,0.01821037322504023,-0.13550980157206383]",0.020325705615442682
L2RAR2_SELECT_06_820006,current_pipeline,after_forced_write_before_step,2,5,0.5400000000000003,True,"[-0.3064956924288792,-0.05257519485969215,0.6365050811855222]","[-0.3064956924288792,-0.05257519485969215,0.7665050811855222]","[0.0,0.0,-0.13]",0.0035633627059585456
L2RAR2_SELECT_06_820006,current_pipeline,after_mj_step,2,5,0.5500000000000003,True,"[-0.30717119822534056,-0.03436482163465192,0.6309952796134584]","[-0.3064956924288792,-0.05257519485969215,0.7665050811855222]","[-0.000675505796461362,0.01821037322504023,-0.13550980157206383]",0.020325705615442682
L2RAR2_SELECT_06_820006,current_pipeline,before_forced_write,3,0,0.5500000000000003,True,"[-0.30717119822534056,-0.03436482163465192,0.6309952796134584]","[-0.3064956924288792,-0.05257519485969215,0.8105050811855222]","[-0.000675505796461362,0.01821037322504023,-0.17950980157206387]",0.05610307983865156
L2RAR2_SELECT_06_820006,current_pipeline,after_forced_write_before_step,3,1,0.5500000000000003,True,"[-0.3064956924288792,-0.05257519485969215,0.6805050811855222]","[-0.3064956924288792,-0.05257519485969215,0.8105050811855222]","[0.0,0.0,-0.13]",0.0035633627059585456
L2RAR2_SELECT_06_820006,current_pipeline,after_mj_step,3,1,0.5600000000000003,True,"[-0.3071711982253406,-0.03436482163465193,0.6749952796134585]","[-0.3064956924288792,-0.05257519485969215,0.8105050811855222]","[-0.0006755057964614175,0.018210373225040218,-0.13550980157206372]",0.020325705615442623
L2RAR2_SELECT_06_820006,current_pipeline,after_forced_write_before_step,3,2,0.5600000000000003,True,"[-0.3064956924288792,-0.05257519485969215,0.6805050811855222]","[-0.3064956924288792,-0.05257519485969215,0.8105050811855222]","[0.0,0.0,-0.13]",0.0035633627059585456
L2RAR2_SELECT_06_820006,current_pipeline,after_mj_step,3,2,0.5700000000000003,True,"[-0.3071711982253406,-0.03436482163465193,0.6749952796134585]","[-0.3064956924288792,-0.05257519485969215,0.8105050811855222]","[-0.0006755057964614175,0.018210373225040218,-0.13550980157206372]",0.020325705615442623
L2RAR2_SELECT_06_820006,current_pipeline,after_forced_write_before_step,3,3,0.5700000000000003,True,"[-0.3064956924288792,-0.05257519485969215,0.6805050811855222]","[-0.3064956924288792,-0.05257519485969215,0.8105050811855222]","[0.0,0.0,-0.13]",0.0035633627059585456
L2RAR2_SELECT_06_820006,current_pipeline,after_mj_step,3,3,0.5800000000000003,True,"[-0.3071711982253406,-0.03436482163465199,0.6749952796134585]","[-0.3064956924288792,-0.05257519485969215,0.8105050811855222]","[-0.0006755057964614175,0.018210373225040162,-0.13550980157206372]",0.02032570561544257
L2RAR2_SELECT_06_820006,current_pipeline,after_forced_write_before_step,3,4,0.5800000000000003,True,"[-0.3064956924288792,-0.05257519485969215,0.6805050811855222]","[-0.3064956924288792,-0.05257519485969215,0.8105050811855222]","[0.0,0.0,-0.13]",0.0035633627059585456
L2RAR2_SELECT_06_820006,current_pipeline,after_mj_step,3,4,0.5900000000000003,True,"[-0.3071711982253406,-0.034364821634651925,0.6749952796134585]","[-0.3064956924288792,-0.05257519485969215,0.8105050811855222]","[-0.0006755057964614175,0.018210373225040224,-0.13550980157206372]",0.020325705615442627
L2RAR2_SELECT_06_820006,current_pipeline,after_forced_write_before_step,3,5,0.5900000000000003,True,"[-0.3064956924288792,-0.05257519485969215,0.6805050811855222]","[-0.3064956924288792,-0.05257519485969215,0.8105050811855222]","[0.0,0.0,-0.13]",0.0035633627059585456
L2RAR2_SELECT_06_820006,current_pipeline,after_mj_step,3,5,0.6000000000000003,True,"[-0.3071711982253406,-0.034364821634651925,0.6749952796134585]","[-0.3064956924288792,-0.05257519485969215,0.8105050811855222]","[-0.0006755057964614175,0.018210373225040224,-0.13550980157206372]",0.020325705615442627
L2RAR2_SELECT_06_820006,current_pipeline,before_forced_write,4,0,0.6000000000000003,True,"[-0.3071711982253406,-0.034364821634651925,0.6749952796134585]","[-0.3064956924288792,-0.05257519485969215,0.8545050811855222]","[-0.0006755057964614175,0.018210373225040224,-0.17950980157206364]",0.05610307983865135
L2RAR2_SELECT_06_820006,current_pipeline,after_forced_write_before_step,4,1,0.6000000000000003,True,"[-0.3064956924288792,-0.05257519485969215,0.7245050811855221]","[-0.3064956924288792,-0.05257519485969215,0.8545050811855222]","[0.0,0.0,-0.13]",0.0035633627059585456
L2RAR2_SELECT_06_820006,current_pipeline,after_mj_step,4,1,0.6100000000000003,True,"[-0.30717119822534056,-0.034364821634651904,0.7189952796134583]","[-0.3064956924288792,-0.05257519485969215,0.8545050811855222]","[-0.000675505796461362,0.018210373225040245,-0.13550980157206383]",0.020325705615442693
L2RAR2_SELECT_06_820006,current_pipeline,after_forced_write_before_step,4,2,0.6100000000000003,True,"[-0.3064956924288792,-0.05257519485969215,0.7245050811855221]","[-0.3064956924288792,-0.05257519485969215,0.8545050811855222]","[0.0,0.0,-0.13]",0.0035633627059585456
L2RAR2_SELECT_06_820006,current_pipeline,after_mj_step,4,2,0.6200000000000003,True,"[-0.3071711982253406,-0.034364821634651835,0.7189952796134583]","[-0.3064956924288792,-0.05257519485969215,0.8545050811855222]","[-0.0006755057964614175,0.018210373225040315,-0.13550980157206383]",0.02032570561544276
L2RAR2_SELECT_06_820006,current_pipeline,after_forced_write_before_step,4,3,0.6200000000000003,True,"[-0.3064956924288792,-0.05257519485969215,0.7245050811855221]","[-0.3064956924288792,-0.05257519485969215,0.8545050811855222]","[0.0,0.0,-0.13]",0.0035633627059585456
L2RAR2_SELECT_06_820006,current_pipeline,after_mj_step,4,3,0.6300000000000003,True,"[-0.30717119822534056,-0.0343648216346519,0.7189952796134583]","[-0.3064956924288792,-0.05257519485969215,0.8545050811855222]","[-0.000675505796461362,0.018210373225040252,-0.13550980157206383]",0.0203257056154427
L2RAR2_SELECT_06_820006,current_pipeline,after_forced_write_before_step,4,4,0.6300000000000003,True,"[-0.3064956924288792,-0.05257519485969215,0.7245050811855221]","[-0.3064956924288792,-0.05257519485969215,0.8545050811855222]","[0.0,0.0,-0.13]",0.0035633627059585456
L2RAR2_SELECT_06_820006,current_pipeline,after_mj_step,4,4,0.6400000000000003,True,"[-0.3071711982253406,-0.034364821634651835,0.7189952796134583]","[-0.3064956924288792,-0.05257519485969215,0.8545050811855222]","[-0.0006755057964614175,0.018210373225040315,-0.13550980157206383]",0.02032570561544276
L2RAR2_SELECT_06_820006,current_pipeline,after_forced_write_before_step,4,5,0.6400000000000003,True,"[-0.3064956924288792,-0.05257519485969215,0.7245050811855221]","[-0.3064956924288792,-0.05257519485969215,0.8545050811855222]","[0.0,0.0,-0.13]",0.0035633627059585456
L2RAR2_SELECT_06_820006,current_pipeline,after_mj_step,4,5,0.6500000000000004,True,"[-0.3071711982253406,-0.034364821634651835,0.7189952796134582]","[-0.3064956924288792,-0.05257519485969215,0.8545050811855222]","[-0.0006755057964614175,0.018210373225040315,-0.13550980157206394]",0.020325705615442807
L2RAR2_SELECT_06_820006,current_pipeline,before_forced_write,5,0,0.6500000000000004,True,"[-0.3071711982253406,-0.034364821634651835,0.7189952796134582]","[-0.3064956924288792,-0.05257519485969215,0.8985050811855222]","[-0.0006755057964614175,0.018210373225040315,-0.17950980157206398]",0.0561030798386517
L2RAR2_SELECT_06_820006,current_pipeline,after_forced_write_before_step,5,1,0.6500000000000004,True,"[-0.3064956924288792,-0.05257519485969215,0.7685050811855222]","[-0.3064956924288792,-0.05257519485969215,0.8985050811855222]","[0.0,0.0,-0.13]",0.0035633627059585456
L2RAR2_SELECT_06_820006,current_pipeline,after_mj_step,5,1,0.6600000000000004,True,"[-0.30717119822534056,-0.03436482163465192,0.7629952796134584]","[-0.3064956924288792,-0.05257519485969215,0.8985050811855222]","[-0.000675505796461362,0.01821037322504023,-0.13550980157206383]",0.020325705615442682
L2RAR2_SELECT_06_820006,current_pipeline,after_forced_write_before_step,5,2,0.6600000000000004,True,"[-0.3064956924288792,-0.05257519485969215,0.7685050811855222]","[-0.3064956924288792,-0.05257519485969215,0.8985050811855222]","[0.0,0.0,-0.13]",0.0035633627059585456
L2RAR2_SELECT_06_820006,current_pipeline,after_mj_step,5,2,0.6700000000000004,True,"[-0.30717119822534056,-0.03436482163465197,0.7629952796134585]","[-0.3064956924288792,-0.05257519485969215,0.8985050811855222]","[-0.000675505796461362,0.018210373225040183,-0.13550980157206372]",0.02032570561544259
L2RAR2_SELECT_06_820006,current_pipeline,after_forced_write_before_step,5,3,0.6700000000000004,True,"[-0.3064956924288792,-0.05257519485969215,0.7685050811855222]","[-0.3064956924288792,-0.05257519485969215,0.8985050811855222]","[0.0,0.0,-0.13]",0.0035633627059585456
L2RAR2_SELECT_06_820006,current_pipeline,after_mj_step,5,3,0.6800000000000004,True,"[-0.30717119822534056,-0.03436482163465196,0.7629952796134585]","[-0.3064956924288792,-0.05257519485969215,0.8985050811855222]","[-0.000675505796461362,0.01821037322504019,-0.13550980157206372]",0.020325705615442596
L2RAR2_SELECT_06_820006,current_pipeline,after_forced_write_before_step,5,4,0.6800000000000004,True,"[-0.3064956924288792,-0.05257519485969215,0.7685050811855222]","[-0.3064956924288792,-0.05257519485969215,0.8985050811855222]","[0.0,0.0,-0.13]",0.0035633627059585456
L2RAR2_SELECT_06_820006,current_pipeline,after_mj_step,5,4,0.6900000000000004,True,"[-0.30717119822534056,-0.03436482163465197,0.7629952796134585]","[-0.3064956924288792,-0.05257519485969215,0.8985050811855222]","[-0.000675505796461362,0.018210373225040183,-0.13550980157206372]",0.02032570561544259
L2RAR2_SELECT_06_820006,current_pipeline,after_forced_write_before_step,5,5,0.6900000000000004,True,"[-0.3064956924288792,-0.05257519485969215,0.7685050811855222]","[-0.3064956924288792,-0.05257519485969215,0.8985050811855222]","[0.0,0.0,-0.13]",0.0035633627059585456
L2RAR2_SELECT_06_820006,current_pipeline,after_mj_step,5,5,0.7000000000000004,True,"[-0.30717119822534056,-0.03436482163465197,0.7629952796134585]","[-0.3064956924288792,-0.05257519485969215,0.8985050811855222]","[-0.000675505796461362,0.018210373225040183,-0.13550980157206372]",0.02032570561544259
L2RAR2_SELECT_06_820006,relpose_at_attach_counterfactual,before_attach,,,0.45000000000000023,False,"[-0.3064829189982011,-0.052540129520789666,0.5520682484613728]","[-0.3064956924288792,-0.05257519485969215,0.6785050811855222]","[1.2773430678070241e-05,3.5065338902483256e-05,-0.1264368327241494]",
L2RAR2_SELECT_06_820006,relpose_at_attach_counterfactual,after_attach_before_step,,,0.45000000000000023,True,"[-0.3064829189982011,-0.052540129520789666,0.5520682484613728]","[-0.3064956924288792,-0.05257519485969215,0.6785050811855222]","[1.2773430678070241e-05,3.5065338902483256e-05,-0.1264368327241494]",0.0
L2RAR2_SELECT_06_820006,relpose_at_attach_counterfactual,before_forced_write,1,0,0.45000000000000023,True,"[-0.3064829189982011,-0.052540129520789666,0.5520682484613728]","[-0.3064956924288792,-0.05257519485969215,0.7225050811855223]","[1.2773430678070241e-05,3.5065338902483256e-05,-0.17043683272414945]",0.04400000000000004
L2RAR2_SELECT_06_820006,relpose_at_attach_counterfactual,after_forced_write_before_step,1,1,0.45000000000000023,True,"[-0.3064956924288792,-0.05257519485969215,0.5925050811855223]","[-0.3064956924288792,-0.05257519485969215,0.7225050811855223]","[0.0,0.0,-0.13]",0.0035633627059585456
L2RAR2_SELECT_06_820006,relpose_at_attach_counterfactual,after_mj_step,1,1,0.46000000000000024,True,"[-0.30648073884752913,-0.052573079780902476,0.5926852061342133]","[-0.3064956924288792,-0.05257519485969215,0.7225050811855223]","[1.4953581350063416e-05,2.1150787896731527e-06,-0.12981987505130899]",0.0033832034907838103
L2RAR2_SELECT_06_820006,relpose_at_attach_counterfactual,after_forced_write_before_step,1,2,0.46000000000000024,True,"[-0.3064956924288792,-0.05257519485969215,0.5925050811855223]","[-0.3064956924288792,-0.05257519485969215,0.7225050811855223]","[0.0,0.0,-0.13]",0.0035633627059585456
L2RAR2_SELECT_06_820006,relpose_at_attach_counterfactual,after_mj_step,1,2,0.47000000000000025,True,"[-0.30648073884752913,-0.052573079780902476,0.5926852061342133]","[-0.3064956924288792,-0.05257519485969215,0.7225050811855223]","[1.4953581350063416e-05,2.1150787896731527e-06,-0.12981987505130899]",0.0033832034907838103
L2RAR2_SELECT_06_820006,relpose_at_attach_counterfactual,after_forced_write_before_step,1,3,0.47000000000000025,True,"[-0.3064956924288792,-0.05257519485969215,0.5925050811855223]","[-0.3064956924288792,-0.05257519485969215,0.7225050811855223]","[0.0,0.0,-0.13]",0.0035633627059585456
L2RAR2_SELECT_06_820006,relpose_at_attach_counterfactual,after_mj_step,1,3,0.48000000000000026,True,"[-0.30648073884752913,-0.052573079780902476,0.5926852061342133]","[-0.3064956924288792,-0.05257519485969215,0.7225050811855223]","[1.4953581350063416e-05,2.1150787896731527e-06,-0.12981987505130899]",0.0033832034907838103
L2RAR2_SELECT_06_820006,relpose_at_attach_counterfactual,after_forced_write_before_step,1,4,0.48000000000000026,True,"[-0.3064956924288792,-0.05257519485969215,0.5925050811855223]","[-0.3064956924288792,-0.05257519485969215,0.7225050811855223]","[0.0,0.0,-0.13]",0.0035633627059585456
L2RAR2_SELECT_06_820006,relpose_at_attach_counterfactual,after_mj_step,1,4,0.49000000000000027,True,"[-0.30648073884752913,-0.052573079780902476,0.5926852061342133]","[-0.3064956924288792,-0.05257519485969215,0.7225050811855223]","[1.4953581350063416e-05,2.1150787896731527e-06,-0.12981987505130899]",0.0033832034907838103
L2RAR2_SELECT_06_820006,relpose_at_attach_counterfactual,after_forced_write_before_step,1,5,0.49000000000000027,True,"[-0.3064956924288792,-0.05257519485969215,0.5925050811855223]","[-0.3064956924288792,-0.05257519485969215,0.7225050811855223]","[0.0,0.0,-0.13]",0.0035633627059585456
L2RAR2_SELECT_06_820006,relpose_at_attach_counterfactual,after_mj_step,1,5,0.5000000000000002,True,"[-0.30648073884752913,-0.052573079780902476,0.5926852061342133]","[-0.3064956924288792,-0.05257519485969215,0.7225050811855223]","[1.4953581350063416e-05,2.1150787896731527e-06,-0.12981987505130899]",0.0033832034907838103
L2RAR2_SELECT_06_820006,relpose_at_attach_counterfactual,before_forced_write,2,0,0.5000000000000002,True,"[-0.30648073884752913,-0.052573079780902476,0.5926852061342133]","[-0.3064956924288792,-0.05257519485969215,0.7665050811855222]","[1.4953581350063416e-05,2.1150787896731527e-06,-0.17381987505130891]",0.04738305383415138
L2RAR2_SELECT_06_820006,relpose_at_attach_counterfactual,after_forced_write_before_step,2,1,0.5000000000000002,True,"[-0.3064956924288792,-0.05257519485969215,0.6365050811855222]","[-0.3064956924288792,-0.05257519485969215,0.7665050811855222]","[0.0,0.0,-0.13]",0.0035633627059585456
L2RAR2_SELECT_06_820006,relpose_at_attach_counterfactual,after_mj_step,2,1,0.5100000000000002,True,"[-0.30648073884752913,-0.052573079780902476,0.6366852061342132]","[-0.3064956924288792,-0.05257519485969215,0.7665050811855222]","[1.4953581350063416e-05,2.1150787896731527e-06,-0.12981987505130899]",0.0033832034907838103
L2RAR2_SELECT_06_820006,relpose_at_attach_counterfactual,after_forced_write_before_step,2,2,0.5100000000000002,True,"[-0.3064956924288792,-0.05257519485969215,0.6365050811855222]","[-0.3064956924288792,-0.05257519485969215,0.7665050811855222]","[0.0,0.0,-0.13]",0.0035633627059585456
L2RAR2_SELECT_06_820006,relpose_at_attach_counterfactual,after_mj_step,2,2,0.5200000000000002,True,"[-0.30648073884752913,-0.052573079780902476,0.6366852061342132]","[-0.3064956924288792,-0.05257519485969215,0.7665050811855222]","[1.4953581350063416e-05,2.1150787896731527e-06,-0.12981987505130899]",0.0033832034907838103
L2RAR2_SELECT_06_820006,relpose_at_attach_counterfactual,after_forced_write_before_step,2,3,0.5200000000000002,True,"[-0.3064956924288792,-0.05257519485969215,0.6365050811855222]","[-0.3064956924288792,-0.05257519485969215,0.7665050811855222]","[0.0,0.0,-0.13]",0.0035633627059585456
L2RAR2_SELECT_06_820006,relpose_at_attach_counterfactual,after_mj_step,2,3,0.5300000000000002,True,"[-0.30648073884752913,-0.052573079780902476,0.6366852061342132]","[-0.3064956924288792,-0.05257519485969215,0.7665050811855222]","[1.4953581350063416e-05,2.1150787896731527e-06,-0.12981987505130899]",0.0033832034907838103
L2RAR2_SELECT_06_820006,relpose_at_attach_counterfactual,after_forced_write_before_step,2,4,0.5300000000000002,True,"[-0.3064956924288792,-0.05257519485969215,0.6365050811855222]","[-0.3064956924288792,-0.05257519485969215,0.7665050811855222]","[0.0,0.0,-0.13]",0.0035633627059585456
L2RAR2_SELECT_06_820006,relpose_at_attach_counterfactual,after_mj_step,2,4,0.5400000000000003,True,"[-0.30648073884752913,-0.052573079780902476,0.6366852061342132]","[-0.3064956924288792,-0.05257519485969215,0.7665050811855222]","[1.4953581350063416e-05,2.1150787896731527e-06,-0.12981987505130899]",0.0033832034907838103
L2RAR2_SELECT_06_820006,relpose_at_attach_counterfactual,after_forced_write_before_step,2,5,0.5400000000000003,True,"[-0.3064956924288792,-0.05257519485969215,0.6365050811855222]","[-0.3064956924288792,-0.05257519485969215,0.7665050811855222]","[0.0,0.0,-0.13]",0.0035633627059585456
L2RAR2_SELECT_06_820006,relpose_at_attach_counterfactual,after_mj_step,2,5,0.5500000000000003,True,"[-0.30648073884752913,-0.052573079780902476,0.6366852061342132]","[-0.3064956924288792,-0.05257519485969215,0.7665050811855222]","[1.4953581350063416e-05,2.1150787896731527e-06,-0.12981987505130899]",0.0033832034907838103
L2RAR2_SELECT_06_820006,relpose_at_attach_counterfactual,before_forced_write,3,0,0.5500000000000003,True,"[-0.30648073884752913,-0.052573079780902476,0.6366852061342132]","[-0.3064956924288792,-0.05257519485969215,0.8105050811855222]","[1.4953581350063416e-05,2.1150787896731527e-06,-0.17381987505130903]",0.04738305383415149
L2RAR2_SELECT_06_820006,relpose_at_attach_counterfactual,after_forced_write_before_step,3,1,0.5500000000000003,True,"[-0.3064956924288792,-0.05257519485969215,0.6805050811855222]","[-0.3064956924288792,-0.05257519485969215,0.8105050811855222]","[0.0,0.0,-0.13]",0.0035633627059585456
L2RAR2_SELECT_06_820006,relpose_at_attach_counterfactual,after_mj_step,3,1,0.5600000000000003,True,"[-0.30648073884752913,-0.052573079780902476,0.6806852061342132]","[-0.3064956924288792,-0.05257519485969215,0.8105050811855222]","[1.4953581350063416e-05,2.1150787896731527e-06,-0.12981987505130899]",0.0033832034907838103
L2RAR2_SELECT_06_820006,relpose_at_attach_counterfactual,after_forced_write_before_step,3,2,0.5600000000000003,True,"[-0.3064956924288792,-0.05257519485969215,0.6805050811855222]","[-0.3064956924288792,-0.05257519485969215,0.8105050811855222]","[0.0,0.0,-0.13]",0.0035633627059585456
L2RAR2_SELECT_06_820006,relpose_at_attach_counterfactual,after_mj_step,3,2,0.5700000000000003,True,"[-0.30648073884752913,-0.052573079780902476,0.6806852061342132]","[-0.3064956924288792,-0.05257519485969215,0.8105050811855222]","[1.4953581350063416e-05,2.1150787896731527e-06,-0.12981987505130899]",0.0033832034907838103
L2RAR2_SELECT_06_820006,relpose_at_attach_counterfactual,after_forced_write_before_step,3,3,0.5700000000000003,True,"[-0.3064956924288792,-0.05257519485969215,0.6805050811855222]","[-0.3064956924288792,-0.05257519485969215,0.8105050811855222]","[0.0,0.0,-0.13]",0.0035633627059585456
L2RAR2_SELECT_06_820006,relpose_at_attach_counterfactual,after_mj_step,3,3,0.5800000000000003,True,"[-0.30648073884752913,-0.052573079780902476,0.6806852061342132]","[-0.3064956924288792,-0.05257519485969215,0.8105050811855222]","[1.4953581350063416e-05,2.1150787896731527e-06,-0.12981987505130899]",0.0033832034907838103
L2RAR2_SELECT_06_820006,relpose_at_attach_counterfactual,after_forced_write_before_step,3,4,0.5800000000000003,True,"[-0.3064956924288792,-0.05257519485969215,0.6805050811855222]","[-0.3064956924288792,-0.05257519485969215,0.8105050811855222]","[0.0,0.0,-0.13]",0.0035633627059585456
L2RAR2_SELECT_06_820006,relpose_at_attach_counterfactual,after_mj_step,3,4,0.5900000000000003,True,"[-0.30648073884752913,-0.052573079780902476,0.6806852061342132]","[-0.3064956924288792,-0.05257519485969215,0.8105050811855222]","[1.4953581350063416e-05,2.1150787896731527e-06,-0.12981987505130899]",0.0033832034907838103
L2RAR2_SELECT_06_820006,relpose_at_attach_counterfactual,after_forced_write_before_step,3,5,0.5900000000000003,True,"[-0.3064956924288792,-0.05257519485969215,0.6805050811855222]","[-0.3064956924288792,-0.05257519485969215,0.8105050811855222]","[0.0,0.0,-0.13]",0.0035633627059585456
L2RAR2_SELECT_06_820006,relpose_at_attach_counterfactual,after_mj_step,3,5,0.6000000000000003,True,"[-0.30648073884752913,-0.052573079780902476,0.6806852061342132]","[-0.3064956924288792,-0.05257519485969215,0.8105050811855222]","[1.4953581350063416e-05,2.1150787896731527e-06,-0.12981987505130899]",0.0033832034907838103
L2RAR2_SELECT_06_820006,relpose_at_attach_counterfactual,before_forced_write,4,0,0.6000000000000003,True,"[-0.30648073884752913,-0.052573079780902476,0.6806852061342132]","[-0.3064956924288792,-0.05257519485969215,0.8545050811855222]","[1.4953581350063416e-05,2.1150787896731527e-06,-0.17381987505130891]",0.04738305383415138
L2RAR2_SELECT_06_820006,relpose_at_attach_counterfactual,after_forced_write_before_step,4,1,0.6000000000000003,True,"[-0.3064956924288792,-0.05257519485969215,0.7245050811855221]","[-0.3064956924288792,-0.05257519485969215,0.8545050811855222]","[0.0,0.0,-0.13]",0.0035633627059585456
L2RAR2_SELECT_06_820006,relpose_at_attach_counterfactual,after_mj_step,4,1,0.6100000000000003,True,"[-0.30648073884752913,-0.052573079780902476,0.7246852061342132]","[-0.3064956924288792,-0.05257519485969215,0.8545050811855222]","[1.4953581350063416e-05,2.1150787896731527e-06,-0.12981987505130899]",0.0033832034907838103
L2RAR2_SELECT_06_820006,relpose_at_attach_counterfactual,after_forced_write_before_step,4,2,0.6100000000000003,True,"[-0.3064956924288792,-0.05257519485969215,0.7245050811855221]","[-0.3064956924288792,-0.05257519485969215,0.8545050811855222]","[0.0,0.0,-0.13]",0.0035633627059585456
L2RAR2_SELECT_06_820006,relpose_at_attach_counterfactual,after_mj_step,4,2,0.6200000000000003,True,"[-0.30648073884752913,-0.052573079780902476,0.7246852061342132]","[-0.3064956924288792,-0.05257519485969215,0.8545050811855222]","[1.4953581350063416e-05,2.1150787896731527e-06,-0.12981987505130899]",0.0033832034907838103
L2RAR2_SELECT_06_820006,relpose_at_attach_counterfactual,after_forced_write_before_step,4,3,0.6200000000000003,True,"[-0.3064956924288792,-0.05257519485969215,0.7245050811855221]","[-0.3064956924288792,-0.05257519485969215,0.8545050811855222]","[0.0,0.0,-0.13]",0.0035633627059585456
L2RAR2_SELECT_06_820006,relpose_at_attach_counterfactual,after_mj_step,4,3,0.6300000000000003,True,"[-0.30648073884752913,-0.052573079780902476,0.7246852061342132]","[-0.3064956924288792,-0.05257519485969215,0.8545050811855222]","[1.4953581350063416e-05,2.1150787896731527e-06,-0.12981987505130899]",0.0033832034907838103
L2RAR2_SELECT_06_820006,relpose_at_attach_counterfactual,after_forced_write_before_step,4,4,0.6300000000000003,True,"[-0.3064956924288792,-0.05257519485969215,0.7245050811855221]","[-0.3064956924288792,-0.05257519485969215,0.8545050811855222]","[0.0,0.0,-0.13]",0.0035633627059585456
L2RAR2_SELECT_06_820006,relpose_at_attach_counterfactual,after_mj_step,4,4,0.6400000000000003,True,"[-0.30648073884752913,-0.052573079780902476,0.7246852061342132]","[-0.3064956924288792,-0.05257519485969215,0.8545050811855222]","[1.4953581350063416e-05,2.1150787896731527e-06,-0.12981987505130899]",0.0033832034907838103
L2RAR2_SELECT_06_820006,relpose_at_attach_counterfactual,after_forced_write_before_step,4,5,0.6400000000000003,True,"[-0.3064956924288792,-0.05257519485969215,0.7245050811855221]","[-0.3064956924288792,-0.05257519485969215,0.8545050811855222]","[0.0,0.0,-0.13]",0.0035633627059585456
L2RAR2_SELECT_06_820006,relpose_at_attach_counterfactual,after_mj_step,4,5,0.6500000000000004,True,"[-0.30648073884752913,-0.052573079780902476,0.7246852061342132]","[-0.3064956924288792,-0.05257519485969215,0.8545050811855222]","[1.4953581350063416e-05,2.1150787896731527e-06,-0.12981987505130899]",0.0033832034907838103
L2RAR2_SELECT_06_820006,relpose_at_attach_counterfactual,before_forced_write,5,0,0.6500000000000004,True,"[-0.30648073884752913,-0.052573079780902476,0.7246852061342132]","[-0.3064956924288792,-0.05257519485969215,0.8985050811855222]","[1.4953581350063416e-05,2.1150787896731527e-06,-0.17381987505130903]",0.04738305383415149
L2RAR2_SELECT_06_820006,relpose_at_attach_counterfactual,after_forced_write_before_step,5,1,0.6500000000000004,True,"[-0.3064956924288792,-0.05257519485969215,0.7685050811855222]","[-0.3064956924288792,-0.05257519485969215,0.8985050811855222]","[0.0,0.0,-0.13]",0.0035633627059585456
L2RAR2_SELECT_06_820006,relpose_at_attach_counterfactual,after_mj_step,5,1,0.6600000000000004,True,"[-0.30648073884752913,-0.052573079780902476,0.7686852061342132]","[-0.3064956924288792,-0.05257519485969215,0.8985050811855222]","[1.4953581350063416e-05,2.1150787896731527e-06,-0.12981987505130899]",0.0033832034907838103
L2RAR2_SELECT_06_820006,relpose_at_attach_counterfactual,after_forced_write_before_step,5,2,0.6600000000000004,True,"[-0.3064956924288792,-0.05257519485969215,0.7685050811855222]","[-0.3064956924288792,-0.05257519485969215,0.8985050811855222]","[0.0,0.0,-0.13]",0.0035633627059585456
L2RAR2_SELECT_06_820006,relpose_at_attach_counterfactual,after_mj_step,5,2,0.6700000000000004,True,"[-0.30648073884752913,-0.052573079780902476,0.7686852061342132]","[-0.3064956924288792,-0.05257519485969215,0.8985050811855222]","[1.4953581350063416e-05,2.1150787896731527e-06,-0.12981987505130899]",0.0033832034907838103
L2RAR2_SELECT_06_820006,relpose_at_attach_counterfactual,after_forced_write_before_step,5,3,0.6700000000000004,True,"[-0.3064956924288792,-0.05257519485969215,0.7685050811855222]","[-0.3064956924288792,-0.05257519485969215,0.8985050811855222]","[0.0,0.0,-0.13]",0.0035633627059585456
L2RAR2_SELECT_06_820006,relpose_at_attach_counterfactual,after_mj_step,5,3,0.6800000000000004,True,"[-0.30648073884752913,-0.052573079780902476,0.7686852061342132]","[-0.3064956924288792,-0.05257519485969215,0.8985050811855222]","[1.4953581350063416e-05,2.1150787896731527e-06,-0.12981987505130899]",0.0033832034907838103
L2RAR2_SELECT_06_820006,relpose_at_attach_counterfactual,after_forced_write_before_step,5,4,0.6800000000000004,True,"[-0.3064956924288792,-0.05257519485969215,0.7685050811855222]","[-0.3064956924288792,-0.05257519485969215,0.8985050811855222]","[0.0,0.0,-0.13]",0.0035633627059585456
L2RAR2_SELECT_06_820006,relpose_at_attach_counterfactual,after_mj_step,5,4,0.6900000000000004,True,"[-0.30648073884752913,-0.052573079780902476,0.7686852061342132]","[-0.3064956924288792,-0.05257519485969215,0.8985050811855222]","[1.4953581350063416e-05,2.1150787896731527e-06,-0.12981987505130899]",0.0033832034907838103
L2RAR2_SELECT_06_820006,relpose_at_attach_counterfactual,after_forced_write_before_step,5,5,0.6900000000000004,True,"[-0.3064956924288792,-0.05257519485969215,0.7685050811855222]","[-0.3064956924288792,-0.05257519485969215,0.8985050811855222]","[0.0,0.0,-0.13]",0.0035633627059585456
L2RAR2_SELECT_06_820006,relpose_at_attach_counterfactual,after_mj_step,5,5,0.7000000000000004,True,"[-0.30648073884752913,-0.052573079780902476,0.7686852061342132]","[-0.3064956924288792,-0.05257519485969215,0.8985050811855222]","[1.4953581350063416e-05,2.1150787896731527e-06,-0.12981987505130899]",0.0033832034907838103
L2RAR2_SELECT_07_820007,current_pipeline,before_attach,,,0.45000000000000023,False,"[-0.33898637648155505,-0.04868161652390646,0.5496151079542854]","[-0.3389841611042234,-0.048752868093745814,0.6757918240399386]","[-2.215377331638013e-06,7.12515698393576e-05,-0.12617671608565328]",
L2RAR2_SELECT_07_820007,current_pipeline,after_attach_before_step,,,0.45000000000000023,True,"[-0.33898637648155505,-0.04868161652390646,0.5496151079542854]","[-0.3389841611042234,-0.048752868093745814,0.6757918240399386]","[-2.215377331638013e-06,7.12515698393576e-05,-0.12617671608565328]",0.0
L2RAR2_SELECT_07_820007,current_pipeline,before_forced_write,1,0,0.45000000000000023,True,"[-0.33898637648155505,-0.04868161652390646,0.5496151079542854]","[-0.3389841611042234,-0.048752868093745814,0.7357918240399386]","[-2.215377331638013e-06,7.12515698393576e-05,-0.18617671608565323]",0.05999999999999994
L2RAR2_SELECT_07_820007,current_pipeline,after_forced_write_before_step,1,1,0.45000000000000023,True,"[-0.3389841611042234,-0.048752868093745814,0.6057918240399386]","[-0.3389841611042234,-0.048752868093745814,0.7357918240399386]","[0.0,0.0,-0.13]",0.003823948428496869
L2RAR2_SELECT_07_820007,current_pipeline,after_mj_step,1,1,0.46000000000000024,True,"[-0.3398391543499248,-0.029741054037838523,0.5994186529453969]","[-0.3389841611042234,-0.048752868093745814,0.7357918240399386]","[-0.0008549932457013742,0.01901181405590729,-0.13637317109454172]",0.021527652731538366
L2RAR2_SELECT_07_820007,current_pipeline,after_forced_write_before_step,1,2,0.46000000000000024,True,"[-0.3389841611042234,-0.048752868093745814,0.6057918240399386]","[-0.3389841611042234,-0.048752868093745814,0.7357918240399386]","[0.0,0.0,-0.13]",0.003823948428496869
L2RAR2_SELECT_07_820007,current_pipeline,after_mj_step,1,2,0.47000000000000025,True,"[-0.3398391543499248,-0.0297410540378385,0.5994186529453969]","[-0.3389841611042234,-0.048752868093745814,0.7357918240399386]","[-0.0008549932457013742,0.019011814055907315,-0.13637317109454172]",0.021527652731538387
L2RAR2_SELECT_07_820007,current_pipeline,after_forced_write_before_step,1,3,0.47000000000000025,True,"[-0.3389841611042234,-0.048752868093745814,0.6057918240399386]","[-0.3389841611042234,-0.048752868093745814,0.7357918240399386]","[0.0,0.0,-0.13]",0.003823948428496869
L2RAR2_SELECT_07_820007,current_pipeline,after_mj_step,1,3,0.48000000000000026,True,"[-0.3398391543499248,-0.02974105403783854,0.5994186529453969]","[-0.3389841611042234,-0.048752868093745814,0.7357918240399386]","[-0.0008549932457013742,0.019011814055907274,-0.13637317109454172]",0.021527652731538352
L2RAR2_SELECT_07_820007,current_pipeline,after_forced_write_before_step,1,4,0.48000000000000026,True,"[-0.3389841611042234,-0.048752868093745814,0.6057918240399386]","[-0.3389841611042234,-0.048752868093745814,0.7357918240399386]","[0.0,0.0,-0.13]",0.003823948428496869
L2RAR2_SELECT_07_820007,current_pipeline,after_mj_step,1,4,0.49000000000000027,True,"[-0.3398391543499248,-0.029741054037838503,0.5994186529453969]","[-0.3389841611042234,-0.048752868093745814,0.7357918240399386]","[-0.0008549932457013742,0.019011814055907312,-0.13637317109454172]",0.021527652731538383
L2RAR2_SELECT_07_820007,current_pipeline,after_forced_write_before_step,1,5,0.49000000000000027,True,"[-0.3389841611042234,-0.048752868093745814,0.6057918240399386]","[-0.3389841611042234,-0.048752868093745814,0.7357918240399386]","[0.0,0.0,-0.13]",0.003823948428496869
L2RAR2_SELECT_07_820007,current_pipeline,after_mj_step,1,5,0.5000000000000002,True,"[-0.3398391543499248,-0.029741054037838523,0.5994186529453969]","[-0.3389841611042234,-0.048752868093745814,0.7357918240399386]","[-0.0008549932457013742,0.01901181405590729,-0.13637317109454172]",0.021527652731538366
L2RAR2_SELECT_07_820007,current_pipeline,before_forced_write,2,0,0.5000000000000002,True,"[-0.3398391543499248,-0.029741054037838523,0.5994186529453969]","[-0.3389841611042234,-0.048752868093745814,0.7957918240399386]","[-0.0008549932457013742,0.01901181405590729,-0.19637317109454178]",0.0727118589584693
L2RAR2_SELECT_07_820007,current_pipeline,after_forced_write_before_step,2,1,0.5000000000000002,True,"[-0.3389841611042234,-0.048752868093745814,0.6657918240399386]","[-0.3389841611042234,-0.048752868093745814,0.7957918240399386]","[0.0,0.0,-0.13]",0.003823948428496869
L2RAR2_SELECT_07_820007,current_pipeline,after_mj_step,2,1,0.5100000000000002,True,"[-0.3398391543499248,-0.0297410540378385,0.6594186529453969]","[-0.3389841611042234,-0.048752868093745814,0.7957918240399386]","[-0.0008549932457013742,0.019011814055907315,-0.13637317109454172]",0.021527652731538387
L2RAR2_SELECT_07_820007,current_pipeline,after_forced_write_before_step,2,2,0.5100000000000002,True,"[-0.3389841611042234,-0.048752868093745814,0.6657918240399386]","[-0.3389841611042234,-0.048752868093745814,0.7957918240399386]","[0.0,0.0,-0.13]",0.003823948428496869
L2RAR2_SELECT_07_820007,current_pipeline,after_mj_step,2,2,0.5200000000000002,True,"[-0.33983915434992473,-0.029741054037838756,0.6594186529453971]","[-0.3389841611042234,-0.048752868093745814,0.7957918240399386]","[-0.0008549932457013187,0.01901181405590706,-0.1363731710945415]",0.021527652731538054
L2RAR2_SELECT_07_820007,current_pipeline,after_forced_write_before_step,2,3,0.5200000000000002,True,"[-0.3389841611042234,-0.048752868093745814,0.6657918240399386]","[-0.3389841611042234,-0.048752868093745814,0.7957918240399386]","[0.0,0.0,-0.13]",0.003823948428496869
L2RAR2_SELECT_07_820007,current_pipeline,after_mj_step,2,3,0.5300000000000002,True,"[-0.33983915434992473,-0.029741054037838756,0.6594186529453971]","[-0.3389841611042234,-0.048752868093745814,0.7957918240399386]","[-0.0008549932457013187,0.01901181405590706,-0.1363731710945415]",0.021527652731538054
L2RAR2_SELECT_07_820007,current_pipeline,after_forced_write_before_step,2,4,0.5300000000000002,True,"[-0.3389841611042234,-0.048752868093745814,0.6657918240399386]","[-0.3389841611042234,-0.048752868093745814,0.7957918240399386]","[0.0,0.0,-0.13]",0.003823948428496869
L2RAR2_SELECT_07_820007,current_pipeline,after_mj_step,2,4,0.5400000000000003,True,"[-0.3398391543499248,-0.029741054037838503,0.6594186529453969]","[-0.3389841611042234,-0.048752868093745814,0.7957918240399386]","[-0.0008549932457013742,0.019011814055907312,-0.13637317109454172]",0.021527652731538383
L2RAR2_SELECT_07_820007,current_pipeline,after_forced_write_before_step,2,5,0.5400000000000003,True,"[-0.3389841611042234,-0.048752868093745814,0.6657918240399386]","[-0.3389841611042234,-0.048752868093745814,0.7957918240399386]","[0.0,0.0,-0.13]",0.003823948428496869
L2RAR2_SELECT_07_820007,current_pipeline,after_mj_step,2,5,0.5500000000000003,True,"[-0.33983915434992473,-0.02974105403783852,0.6594186529453969]","[-0.3389841611042234,-0.048752868093745814,0.7957918240399386]","[-0.0008549932457013187,0.019011814055907295,-0.13637317109454172]",0.021527652731538366
L2RAR2_SELECT_07_820007,current_pipeline,before_forced_write,3,0,0.5500000000000003,True,"[-0.33983915434992473,-0.02974105403783852,0.6594186529453969]","[-0.3389841611042234,-0.048752868093745814,0.8557918240399387]","[-0.0008549932457013187,0.019011814055907295,-0.19637317109454178]",0.0727118589584693
L2RAR2_SELECT_07_820007,current_pipeline,after_forced_write_before_step,3,1,0.5500000000000003,True,"[-0.3389841611042234,-0.048752868093745814,0.7257918240399387]","[-0.3389841611042234,-0.048752868093745814,0.8557918240399387]","[0.0,0.0,-0.13]",0.003823948428496869
L2RAR2_SELECT_07_820007,current_pipeline,after_mj_step,3,1,0.5600000000000003,True,"[-0.33983915434992495,-0.02974105403783831,0.7194186529453982]","[-0.3389841611042234,-0.048752868093745814,0.8557918240399387]","[-0.0008549932457015408,0.019011814055907506,-0.1363731710945405]",0.02152765273153798
L2RAR2_SELECT_07_820007,current_pipeline,after_forced_write_before_step,3,2,0.5600000000000003,True,"[-0.3389841611042234,-0.048752868093745814,0.7257918240399387]","[-0.3389841611042234,-0.048752868093745814,0.8557918240399387]","[0.0,0.0,-0.13]",0.003823948428496869
L2RAR2_SELECT_07_820007,current_pipeline,after_mj_step,3,2,0.5700000000000003,True,"[-0.33983915434992495,-0.02974105403783831,0.7194186529453982]","[-0.3389841611042234,-0.048752868093745814,0.8557918240399387]","[-0.0008549932457015408,0.019011814055907506,-0.1363731710945405]",0.02152765273153798
L2RAR2_SELECT_07_820007,current_pipeline,after_forced_write_before_step,3,3,0.5700000000000003,True,"[-0.3389841611042234,-0.048752868093745814,0.7257918240399387]","[-0.3389841611042234,-0.048752868093745814,0.8557918240399387]","[0.0,0.0,-0.13]",0.003823948428496869
L2RAR2_SELECT_07_820007,current_pipeline,after_mj_step,3,3,0.5800000000000003,True,"[-0.33983915434992495,-0.029741054037837993,0.7194186529453972]","[-0.3389841611042234,-0.048752868093745814,0.8557918240399387]","[-0.0008549932457015408,0.019011814055907822,-0.1363731710945415]",0.021527652731538734
L2RAR2_SELECT_07_820007,current_pipeline,after_forced_write_before_step,3,4,0.5800000000000003,True,"[-0.3389841611042234,-0.048752868093745814,0.7257918240399387]","[-0.3389841611042234,-0.048752868093745814,0.8557918240399387]","[0.0,0.0,-0.13]",0.003823948428496869
L2RAR2_SELECT_07_820007,current_pipeline,after_mj_step,3,4,0.5900000000000003,True,"[-0.33983915434992495,-0.02974105403783799,0.7194186529453972]","[-0.3389841611042234,-0.048752868093745814,0.8557918240399387]","[-0.0008549932457015408,0.019011814055907825,-0.1363731710945415]",0.021527652731538737
L2RAR2_SELECT_07_820007,current_pipeline,after_forced_write_before_step,3,5,0.5900000000000003,True,"[-0.3389841611042234,-0.048752868093745814,0.7257918240399387]","[-0.3389841611042234,-0.048752868093745814,0.8557918240399387]","[0.0,0.0,-0.13]",0.003823948428496869
L2RAR2_SELECT_07_820007,current_pipeline,after_mj_step,3,5,0.6000000000000003,True,"[-0.33983915434992495,-0.029741054037837993,0.7194186529453972]","[-0.3389841611042234,-0.048752868093745814,0.8557918240399387]","[-0.0008549932457015408,0.019011814055907822,-0.1363731710945415]",0.021527652731538734
L2RAR2_SELECT_07_820007,current_pipeline,before_forced_write,4,0,0.6000000000000003,True,"[-0.33983915434992495,-0.029741054037837993,0.7194186529453972]","[-0.3389841611042234,-0.048752868093745814,0.9157918240399386]","[-0.0008549932457015408,0.019011814055907822,-0.19637317109454144]",0.07271185895846911
L2RAR2_SELECT_07_820007,current_pipeline,after_forced_write_before_step,4,1,0.6000000000000003,True,"[-0.3389841611042234,-0.048752868093745814,0.7857918240399386]","[-0.3389841611042234,-0.048752868093745814,0.9157918240399386]","[0.0,0.0,-0.13]",0.003823948428496869
L2RAR2_SELECT_07_820007,current_pipeline,after_mj_step,4,1,0.6100000000000003,True,"[-0.33983915434992495,-0.02974105403783802,0.7794186529453971]","[-0.3389841611042234,-0.048752868093745814,0.9157918240399386]","[-0.0008549932457015408,0.019011814055907794,-0.1363731710945415]",0.02152765273153871
L2RAR2_SELECT_07_820007,current_pipeline,after_forced_write_before_step,4,2,0.6100000000000003,True,"[-0.3389841611042234,-0.048752868093745814,0.7857918240399386]","[-0.3389841611042234,-0.048752868093745814,0.9157918240399386]","[0.0,0.0,-0.13]",0.003823948428496869
L2RAR2_SELECT_07_820007,current_pipeline,after_mj_step,4,2,0.6200000000000003,True,"[-0.339839154349925,-0.029741054037837927,0.7794186529453974]","[-0.3389841611042234,-0.048752868093745814,0.9157918240399386]","[-0.0008549932457015963,0.019011814055907888,-0.13637317109454128]",0.02152765273153869
L2RAR2_SELECT_07_820007,current_pipeline,after_forced_write_before_step,4,3,0.6200000000000003,True,"[-0.3389841611042234,-0.048752868093745814,0.7857918240399386]","[-0.3389841611042234,-0.048752868093745814,0.9157918240399386]","[0.0,0.0,-0.13]",0.003823948428496869
L2RAR2_SELECT_07_820007,current_pipeline,after_mj_step,4,3,0.6300000000000003,True,"[-0.33983915434992495,-0.02974105403783802,0.7794186529453971]","[-0.3389841611042234,-0.048752868093745814,0.9157918240399386]","[-0.0008549932457015408,0.019011814055907794,-0.1363731710945415]",0.02152765273153871
L2RAR2_SELECT_07_820007,current_pipeline,after_forced_write_before_step,4,4,0.6300000000000003,True,"[-0.3389841611042234,-0.048752868093745814,0.7857918240399386]","[-0.3389841611042234,-0.048752868093745814,0.9157918240399386]","[0.0,0.0,-0.13]",0.003823948428496869
L2RAR2_SELECT_07_820007,current_pipeline,after_mj_step,4,4,0.6400000000000003,True,"[-0.33983915434992495,-0.02974105403783802,0.7794186529453971]","[-0.3389841611042234,-0.048752868093745814,0.9157918240399386]","[-0.0008549932457015408,0.019011814055907794,-0.1363731710945415]",0.02152765273153871
L2RAR2_SELECT_07_820007,current_pipeline,after_forced_write_before_step,4,5,0.6400000000000003,True,"[-0.3389841611042234,-0.048752868093745814,0.7857918240399386]","[-0.3389841611042234,-0.048752868093745814,0.9157918240399386]","[0.0,0.0,-0.13]",0.003823948428496869
L2RAR2_SELECT_07_820007,current_pipeline,after_mj_step,4,5,0.6500000000000004,True,"[-0.339839154349925,-0.029741054037837927,0.7794186529453974]","[-0.3389841611042234,-0.048752868093745814,0.9157918240399386]","[-0.0008549932457015963,0.019011814055907888,-0.13637317109454128]",0.02152765273153869
L2RAR2_SELECT_07_820007,relpose_at_attach_counterfactual,before_attach,,,0.45000000000000023,False,"[-0.33898637648155505,-0.04868161652390646,0.5496151079542854]","[-0.3389841611042234,-0.048752868093745814,0.6757918240399386]","[-2.215377331638013e-06,7.12515698393576e-05,-0.12617671608565328]",
L2RAR2_SELECT_07_820007,relpose_at_attach_counterfactual,after_attach_before_step,,,0.45000000000000023,True,"[-0.33898637648155505,-0.04868161652390646,0.5496151079542854]","[-0.3389841611042234,-0.048752868093745814,0.6757918240399386]","[-2.215377331638013e-06,7.12515698393576e-05,-0.12617671608565328]",0.0
L2RAR2_SELECT_07_820007,relpose_at_attach_counterfactual,before_forced_write,1,0,0.45000000000000023,True,"[-0.33898637648155505,-0.04868161652390646,0.5496151079542854]","[-0.3389841611042234,-0.048752868093745814,0.7357918240399386]","[-2.215377331638013e-06,7.12515698393576e-05,-0.18617671608565323]",0.05999999999999994
L2RAR2_SELECT_07_820007,relpose_at_attach_counterfactual,after_forced_write_before_step,1,1,0.45000000000000023,True,"[-0.3389841611042234,-0.048752868093745814,0.6057918240399386]","[-0.3389841611042234,-0.048752868093745814,0.7357918240399386]","[0.0,0.0,-0.13]",0.003823948428496869
L2RAR2_SELECT_07_820007,relpose_at_attach_counterfactual,after_mj_step,1,1,0.46000000000000024,True,"[-0.3389743693410557,-0.04874687862415489,0.6060619263784194]","[-0.3389841611042234,-0.048752868093745814,0.7357918240399386]","[9.791763167732448e-06,5.989469590926555e-06,-0.1297298976615192]",0.003553801151474978
L2RAR2_SELECT_07_820007,relpose_at_attach_counterfactual,after_forced_write_before_step,1,2,0.46000000000000024,True,"[-0.3389841611042234,-0.048752868093745814,0.6057918240399386]","[-0.3389841611042234,-0.048752868093745814,0.7357918240399386]","[0.0,0.0,-0.13]",0.003823948428496869
L2RAR2_SELECT_07_820007,relpose_at_attach_counterfactual,after_mj_step,1,2,0.47000000000000025,True,"[-0.3389743693410557,-0.04874687862415489,0.6060619263784194]","[-0.3389841611042234,-0.048752868093745814,0.7357918240399386]","[9.791763167732448e-06,5.989469590926555e-06,-0.1297298976615192]",0.003553801151474978
L2RAR2_SELECT_07_820007,relpose_at_attach_counterfactual,after_forced_write_before_step,1,3,0.47000000000000025,True,"[-0.3389841611042234,-0.048752868093745814,0.6057918240399386]","[-0.3389841611042234,-0.048752868093745814,0.7357918240399386]","[0.0,0.0,-0.13]",0.003823948428496869
L2RAR2_SELECT_07_820007,relpose_at_attach_counterfactual,after_mj_step,1,3,0.48000000000000026,True,"[-0.3389743693410557,-0.04874687862415489,0.6060619263784194]","[-0.3389841611042234,-0.048752868093745814,0.7357918240399386]","[9.791763167732448e-06,5.989469590926555e-06,-0.1297298976615192]",0.003553801151474978
L2RAR2_SELECT_07_820007,relpose_at_attach_counterfactual,after_forced_write_before_step,1,4,0.48000000000000026,True,"[-0.3389841611042234,-0.048752868093745814,0.6057918240399386]","[-0.3389841611042234,-0.048752868093745814,0.7357918240399386]","[0.0,0.0,-0.13]",0.003823948428496869
L2RAR2_SELECT_07_820007,relpose_at_attach_counterfactual,after_mj_step,1,4,0.49000000000000027,True,"[-0.3389743693410557,-0.04874687862415489,0.6060619263784194]","[-0.3389841611042234,-0.048752868093745814,0.7357918240399386]","[9.791763167732448e-06,5.989469590926555e-06,-0.1297298976615192]",0.003553801151474978
L2RAR2_SELECT_07_820007,relpose_at_attach_counterfactual,after_forced_write_before_step,1,5,0.49000000000000027,True,"[-0.3389841611042234,-0.048752868093745814,0.6057918240399386]","[-0.3389841611042234,-0.048752868093745814,0.7357918240399386]","[0.0,0.0,-0.13]",0.003823948428496869
L2RAR2_SELECT_07_820007,relpose_at_attach_counterfactual,after_mj_step,1,5,0.5000000000000002,True,"[-0.3389743693410557,-0.04874687862415489,0.6060619263784194]","[-0.3389841611042234,-0.048752868093745814,0.7357918240399386]","[9.791763167732448e-06,5.989469590926555e-06,-0.1297298976615192]",0.003553801151474978
L2RAR2_SELECT_07_820007,relpose_at_attach_counterfactual,before_forced_write,2,0,0.5000000000000002,True,"[-0.3389743693410557,-0.04874687862415489,0.6060619263784194]","[-0.3389841611042234,-0.048752868093745814,0.7957918240399386]","[9.791763167732448e-06,5.989469590926555e-06,-0.18972989766151926]",0.06355321621860016
L2RAR2_SELECT_07_820007,relpose_at_attach_counterfactual,after_forced_write_before_step,2,1,0.5000000000000002,True,"[-0.3389841611042234,-0.048752868093745814,0.6657918240399386]","[-0.3389841611042234,-0.048752868093745814,0.7957918240399386]","[0.0,0.0,-0.13]",0.003823948428496869
L2RAR2_SELECT_07_820007,relpose_at_attach_counterfactual,after_mj_step,2,1,0.5100000000000002,True,"[-0.3389743693410557,-0.04874687862415489,0.6660619263784194]","[-0.3389841611042234,-0.048752868093745814,0.7957918240399386]","[9.791763167732448e-06,5.989469590926555e-06,-0.1297298976615192]",0.003553801151474978
L2RAR2_SELECT_07_820007,relpose_at_attach_counterfactual,after_forced_write_before_step,2,2,0.5100000000000002,True,"[-0.3389841611042234,-0.048752868093745814,0.6657918240399386]","[-0.3389841611042234,-0.048752868093745814,0.7957918240399386]","[0.0,0.0,-0.13]",0.003823948428496869
L2RAR2_SELECT_07_820007,relpose_at_attach_counterfactual,after_mj_step,2,2,0.5200000000000002,True,"[-0.3389743693410557,-0.04874687862415489,0.6660619263784194]","[-0.3389841611042234,-0.048752868093745814,0.7957918240399386]","[9.791763167732448e-06,5.989469590926555e-06,-0.1297298976615192]",0.003553801151474978
L2RAR2_SELECT_07_820007,relpose_at_attach_counterfactual,after_forced_write_before_step,2,3,0.5200000000000002,True,"[-0.3389841611042234,-0.048752868093745814,0.6657918240399386]","[-0.3389841611042234,-0.048752868093745814,0.7957918240399386]","[0.0,0.0,-0.13]",0.003823948428496869
L2RAR2_SELECT_07_820007,relpose_at_attach_counterfactual,after_mj_step,2,3,0.5300000000000002,True,"[-0.3389743693410557,-0.04874687862415489,0.6660619263784194]","[-0.3389841611042234,-0.048752868093745814,0.7957918240399386]","[9.791763167732448e-06,5.989469590926555e-06,-0.1297298976615192]",0.003553801151474978
L2RAR2_SELECT_07_820007,relpose_at_attach_counterfactual,after_forced_write_before_step,2,4,0.5300000000000002,True,"[-0.3389841611042234,-0.048752868093745814,0.6657918240399386]","[-0.3389841611042234,-0.048752868093745814,0.7957918240399386]","[0.0,0.0,-0.13]",0.003823948428496869
L2RAR2_SELECT_07_820007,relpose_at_attach_counterfactual,after_mj_step,2,4,0.5400000000000003,True,"[-0.3389743693410557,-0.04874687862415489,0.6660619263784194]","[-0.3389841611042234,-0.048752868093745814,0.7957918240399386]","[9.791763167732448e-06,5.989469590926555e-06,-0.1297298976615192]",0.003553801151474978
L2RAR2_SELECT_07_820007,relpose_at_attach_counterfactual,after_forced_write_before_step,2,5,0.5400000000000003,True,"[-0.3389841611042234,-0.048752868093745814,0.6657918240399386]","[-0.3389841611042234,-0.048752868093745814,0.7957918240399386]","[0.0,0.0,-0.13]",0.003823948428496869
L2RAR2_SELECT_07_820007,relpose_at_attach_counterfactual,after_mj_step,2,5,0.5500000000000003,True,"[-0.3389743693410557,-0.04874687862415489,0.6660619263784194]","[-0.3389841611042234,-0.048752868093745814,0.7957918240399386]","[9.791763167732448e-06,5.989469590926555e-06,-0.1297298976615192]",0.003553801151474978
L2RAR2_SELECT_07_820007,relpose_at_attach_counterfactual,before_forced_write,3,0,0.5500000000000003,True,"[-0.3389743693410557,-0.04874687862415489,0.6660619263784194]","[-0.3389841611042234,-0.048752868093745814,0.8557918240399387]","[9.791763167732448e-06,5.989469590926555e-06,-0.18972989766151926]",0.06355321621860016
L2RAR2_SELECT_07_820007,relpose_at_attach_counterfactual,after_forced_write_before_step,3,1,0.5500000000000003,True,"[-0.3389841611042234,-0.048752868093745814,0.7257918240399387]","[-0.3389841611042234,-0.048752868093745814,0.8557918240399387]","[0.0,0.0,-0.13]",0.003823948428496869
L2RAR2_SELECT_07_820007,relpose_at_attach_counterfactual,after_mj_step,3,1,0.5600000000000003,True,"[-0.3389743693410557,-0.04874687862415489,0.7260619263784195]","[-0.3389841611042234,-0.048752868093745814,0.8557918240399387]","[9.791763167732448e-06,5.989469590926555e-06,-0.1297298976615192]",0.003553801151474978
L2RAR2_SELECT_07_820007,relpose_at_attach_counterfactual,after_forced_write_before_step,3,2,0.5600000000000003,True,"[-0.3389841611042234,-0.048752868093745814,0.7257918240399387]","[-0.3389841611042234,-0.048752868093745814,0.8557918240399387]","[0.0,0.0,-0.13]",0.003823948428496869
L2RAR2_SELECT_07_820007,relpose_at_attach_counterfactual,after_mj_step,3,2,0.5700000000000003,True,"[-0.3389743693410557,-0.04874687862415489,0.7260619263784195]","[-0.3389841611042234,-0.048752868093745814,0.8557918240399387]","[9.791763167732448e-06,5.989469590926555e-06,-0.1297298976615192]",0.003553801151474978
L2RAR2_SELECT_07_820007,relpose_at_attach_counterfactual,after_forced_write_before_step,3,3,0.5700000000000003,True,"[-0.3389841611042234,-0.048752868093745814,0.7257918240399387]","[-0.3389841611042234,-0.048752868093745814,0.8557918240399387]","[0.0,0.0,-0.13]",0.003823948428496869
L2RAR2_SELECT_07_820007,relpose_at_attach_counterfactual,after_mj_step,3,3,0.5800000000000003,True,"[-0.3389743693410557,-0.04874687862415489,0.7260619263784195]","[-0.3389841611042234,-0.048752868093745814,0.8557918240399387]","[9.791763167732448e-06,5.989469590926555e-06,-0.1297298976615192]",0.003553801151474978
L2RAR2_SELECT_07_820007,relpose_at_attach_counterfactual,after_forced_write_before_step,3,4,0.5800000000000003,True,"[-0.3389841611042234,-0.048752868093745814,0.7257918240399387]","[-0.3389841611042234,-0.048752868093745814,0.8557918240399387]","[0.0,0.0,-0.13]",0.003823948428496869
L2RAR2_SELECT_07_820007,relpose_at_attach_counterfactual,after_mj_step,3,4,0.5900000000000003,True,"[-0.3389743693410557,-0.04874687862415489,0.7260619263784195]","[-0.3389841611042234,-0.048752868093745814,0.8557918240399387]","[9.791763167732448e-06,5.989469590926555e-06,-0.1297298976615192]",0.003553801151474978
L2RAR2_SELECT_07_820007,relpose_at_attach_counterfactual,after_forced_write_before_step,3,5,0.5900000000000003,True,"[-0.3389841611042234,-0.048752868093745814,0.7257918240399387]","[-0.3389841611042234,-0.048752868093745814,0.8557918240399387]","[0.0,0.0,-0.13]",0.003823948428496869
L2RAR2_SELECT_07_820007,relpose_at_attach_counterfactual,after_mj_step,3,5,0.6000000000000003,True,"[-0.3389743693410557,-0.04874687862415489,0.7260619263784195]","[-0.3389841611042234,-0.048752868093745814,0.8557918240399387]","[9.791763167732448e-06,5.989469590926555e-06,-0.1297298976615192]",0.003553801151474978
L2RAR2_SELECT_07_820007,relpose_at_attach_counterfactual,before_forced_write,4,0,0.6000000000000003,True,"[-0.3389743693410557,-0.04874687862415489,0.7260619263784195]","[-0.3389841611042234,-0.048752868093745814,0.9157918240399386]","[9.791763167732448e-06,5.989469590926555e-06,-0.18972989766151915]",0.06355321621860005
L2RAR2_SELECT_07_820007,relpose_at_attach_counterfactual,after_forced_write_before_step,4,1,0.6000000000000003,True,"[-0.3389841611042234,-0.048752868093745814,0.7857918240399386]","[-0.3389841611042234,-0.048752868093745814,0.9157918240399386]","[0.0,0.0,-0.13]",0.003823948428496869
L2RAR2_SELECT_07_820007,relpose_at_attach_counterfactual,after_mj_step,4,1,0.6100000000000003,True,"[-0.3389743693410557,-0.04874687862415489,0.7860619263784194]","[-0.3389841611042234,-0.048752868093745814,0.9157918240399386]","[9.791763167732448e-06,5.989469590926555e-06,-0.1297298976615192]",0.003553801151474978
L2RAR2_SELECT_07_820007,relpose_at_attach_counterfactual,after_forced_write_before_step,4,2,0.6100000000000003,True,"[-0.3389841611042234,-0.048752868093745814,0.7857918240399386]","[-0.3389841611042234,-0.048752868093745814,0.9157918240399386]","[0.0,0.0,-0.13]",0.003823948428496869
L2RAR2_SELECT_07_820007,relpose_at_attach_counterfactual,after_mj_step,4,2,0.6200000000000003,True,"[-0.3389743693410557,-0.04874687862415489,0.7860619263784194]","[-0.3389841611042234,-0.048752868093745814,0.9157918240399386]","[9.791763167732448e-06,5.989469590926555e-06,-0.1297298976615192]",0.003553801151474978
L2RAR2_SELECT_07_820007,relpose_at_attach_counterfactual,after_forced_write_before_step,4,3,0.6200000000000003,True,"[-0.3389841611042234,-0.048752868093745814,0.7857918240399386]","[-0.3389841611042234,-0.048752868093745814,0.9157918240399386]","[0.0,0.0,-0.13]",0.003823948428496869
L2RAR2_SELECT_07_820007,relpose_at_attach_counterfactual,after_mj_step,4,3,0.6300000000000003,True,"[-0.3389743693410557,-0.04874687862415489,0.7860619263784194]","[-0.3389841611042234,-0.048752868093745814,0.9157918240399386]","[9.791763167732448e-06,5.989469590926555e-06,-0.1297298976615192]",0.003553801151474978
L2RAR2_SELECT_07_820007,relpose_at_attach_counterfactual,after_forced_write_before_step,4,4,0.6300000000000003,True,"[-0.3389841611042234,-0.048752868093745814,0.7857918240399386]","[-0.3389841611042234,-0.048752868093745814,0.9157918240399386]","[0.0,0.0,-0.13]",0.003823948428496869
L2RAR2_SELECT_07_820007,relpose_at_attach_counterfactual,after_mj_step,4,4,0.6400000000000003,True,"[-0.3389743693410557,-0.04874687862415489,0.7860619263784194]","[-0.3389841611042234,-0.048752868093745814,0.9157918240399386]","[9.791763167732448e-06,5.989469590926555e-06,-0.1297298976615192]",0.003553801151474978
L2RAR2_SELECT_07_820007,relpose_at_attach_counterfactual,after_forced_write_before_step,4,5,0.6400000000000003,True,"[-0.3389841611042234,-0.048752868093745814,0.7857918240399386]","[-0.3389841611042234,-0.048752868093745814,0.9157918240399386]","[0.0,0.0,-0.13]",0.003823948428496869
L2RAR2_SELECT_07_820007,relpose_at_attach_counterfactual,after_mj_step,4,5,0.6500000000000004,True,"[-0.3389743693410557,-0.04874687862415489,0.7860619263784194]","[-0.3389841611042234,-0.048752868093745814,0.9157918240399386]","[9.791763167732448e-06,5.989469590926555e-06,-0.1297298976615192]",0.003553801151474978
