model,problem,family,package,kind,n_successors,status,correct,regret,optimal_set_size,tie_size
MG,joint_n6k1h2_004,joint,0,ref,6,UNKNOWN,,,,
DENSE,joint_n6k1h2_004,joint,0,ref,6,UNKNOWN,,,,
REL,joint_n6k1h2_004,joint,0,ref,6,UNKNOWN,,,,
WL,joint_n6k1h2_004,joint,0,ref,6,UNKNOWN,,,,
W1,joint_n6k1h2_004,joint,0,ref,6,UNKNOWN,,,,
D0,joint_n6k1h2_004,joint,0,ref,6,UNKNOWN,,,,
C0,joint_n6k1h2_004,joint,0,ref,6,UNKNOWN,,,,
T1,joint_n6k1h2_004,joint,0,ref,6,UNKNOWN,,,,
MG,joint_n6k1h2_004,joint,1,ref,6,UNKNOWN,,,,
DENSE,joint_n6k1h2_004,joint,1,ref,6,UNKNOWN,,,,
REL,joint_n6k1h2_004,joint,1,ref,6,UNKNOWN,,,,
WL,joint_n6k1h2_004,joint,1,ref,6,UNKNOWN,,,,
W1,joint_n6k1h2_004,joint,1,ref,6,UNKNOWN,,,,
D0,joint_n6k1h2_004,joint,1,ref,6,UNKNOWN,,,,
C0,joint_n6k1h2_004,joint,1,ref,6,UNKNOWN,,,,
T1,joint_n6k1h2_004,joint,1,ref,6,UNKNOWN,,,,
MG,joint_n6k1h2_004,joint,2,ref,7,UNKNOWN,,,,
DENSE,joint_n6k1h2_004,joint,2,ref,7,UNKNOWN,,,,
REL,joint_n6k1h2_004,joint,2,ref,7,UNKNOWN,,,,
WL,joint_n6k1h2_004,joint,2,ref,7,UNKNOWN,,,,
W1,joint_n6k1h2_004,joint,2,ref,7,UNKNOWN,,,,
D0,joint_n6k1h2_004,joint,2,ref,7,UNKNOWN,,,,
C0,joint_n6k1h2_004,joint,2,ref,7,UNKNOWN,,,,
T1,joint_n6k1h2_004,joint,2,ref,7,UNKNOWN,,,,
MG,joint_n6k1h2_004,joint,3,ref,7,UNKNOWN,,,,
DENSE,joint_n6k1h2_004,joint,3,ref,7,UNKNOWN,,,,
REL,joint_n6k1h2_004,joint,3,ref,7,UNKNOWN,,,,
WL,joint_n6k1h2_004,joint,3,ref,7,UNKNOWN,,,,
W1,joint_n6k1h2_004,joint,3,ref,7,UNKNOWN,,,,
D0,joint_n6k1h2_004,joint,3,ref,7,UNKNOWN,,,,
C0,joint_n6k1h2_004,joint,3,ref,7,UNKNOWN,,,,
T1,joint_n6k1h2_004,joint,3,ref,7,UNKNOWN,,,,
MG,joint_n6k1h2_004,joint,4,ref,8,UNKNOWN,,,,
DENSE,joint_n6k1h2_004,joint,4,ref,8,UNKNOWN,,,,
REL,joint_n6k1h2_004,joint,4,ref,8,UNKNOWN,,,,
WL,joint_n6k1h2_004,joint,4,ref,8,UNKNOWN,,,,
W1,joint_n6k1h2_004,joint,4,ref,8,UNKNOWN,,,,
D0,joint_n6k1h2_004,joint,4,ref,8,UNKNOWN,,,,
C0,joint_n6k1h2_004,joint,4,ref,8,UNKNOWN,,,,
T1,joint_n6k1h2_004,joint,4,ref,8,UNKNOWN,,,,
MG,joint_n6k1h2_004,joint,5,ref,6,UNKNOWN,,,,
DENSE,joint_n6k1h2_004,joint,5,ref,6,UNKNOWN,,,,
REL,joint_n6k1h2_004,joint,5,ref,6,UNKNOWN,,,,
WL,joint_n6k1h2_004,joint,5,ref,6,UNKNOWN,,,,
W1,joint_n6k1h2_004,joint,5,ref,6,UNKNOWN,,,,
D0,joint_n6k1h2_004,joint,5,ref,6,UNKNOWN,,,,
C0,joint_n6k1h2_004,joint,5,ref,6,UNKNOWN,,,,
T1,joint_n6k1h2_004,joint,5,ref,6,UNKNOWN,,,,
MG,joint_n6k1h2_004,joint,6,ref,8,UNKNOWN,,,,
DENSE,joint_n6k1h2_004,joint,6,ref,8,UNKNOWN,,,,
REL,joint_n6k1h2_004,joint,6,ref,8,UNKNOWN,,,,
WL,joint_n6k1h2_004,joint,6,ref,8,UNKNOWN,,,,
W1,joint_n6k1h2_004,joint,6,ref,8,UNKNOWN,,,,
D0,joint_n6k1h2_004,joint,6,ref,8,UNKNOWN,,,,
C0,joint_n6k1h2_004,joint,6,ref,8,UNKNOWN,,,,
T1,joint_n6k1h2_004,joint,6,ref,8,UNKNOWN,,,,
MG,joint_n6k1h2_004,joint,7,off,6,UNKNOWN,,,,
DENSE,joint_n6k1h2_004,joint,7,off,6,UNKNOWN,,,,
REL,joint_n6k1h2_004,joint,7,off,6,UNKNOWN,,,,
WL,joint_n6k1h2_004,joint,7,off,6,UNKNOWN,,,,
W1,joint_n6k1h2_004,joint,7,off,6,UNKNOWN,,,,
D0,joint_n6k1h2_004,joint,7,off,6,UNKNOWN,,,,
C0,joint_n6k1h2_004,joint,7,off,6,UNKNOWN,,,,
T1,joint_n6k1h2_004,joint,7,off,6,UNKNOWN,,,,
MG,joint_n6k1h2_014,joint,0,ref,6,UNKNOWN,,,,
DENSE,joint_n6k1h2_014,joint,0,ref,6,UNKNOWN,,,,
REL,joint_n6k1h2_014,joint,0,ref,6,UNKNOWN,,,,
WL,joint_n6k1h2_014,joint,0,ref,6,UNKNOWN,,,,
W1,joint_n6k1h2_014,joint,0,ref,6,UNKNOWN,,,,
D0,joint_n6k1h2_014,joint,0,ref,6,UNKNOWN,,,,
C0,joint_n6k1h2_014,joint,0,ref,6,UNKNOWN,,,,
T1,joint_n6k1h2_014,joint,0,ref,6,UNKNOWN,,,,
MG,joint_n6k1h2_014,joint,1,ref,7,UNKNOWN,,,,
DENSE,joint_n6k1h2_014,joint,1,ref,7,UNKNOWN,,,,
REL,joint_n6k1h2_014,joint,1,ref,7,UNKNOWN,,,,
WL,joint_n6k1h2_014,joint,1,ref,7,UNKNOWN,,,,
W1,joint_n6k1h2_014,joint,1,ref,7,UNKNOWN,,,,
D0,joint_n6k1h2_014,joint,1,ref,7,UNKNOWN,,,,
C0,joint_n6k1h2_014,joint,1,ref,7,UNKNOWN,,,,
T1,joint_n6k1h2_014,joint,1,ref,7,UNKNOWN,,,,
MG,joint_n6k1h2_014,joint,2,ref,6,UNKNOWN,,,,
DENSE,joint_n6k1h2_014,joint,2,ref,6,UNKNOWN,,,,
REL,joint_n6k1h2_014,joint,2,ref,6,UNKNOWN,,,,
WL,joint_n6k1h2_014,joint,2,ref,6,UNKNOWN,,,,
W1,joint_n6k1h2_014,joint,2,ref,6,UNKNOWN,,,,
D0,joint_n6k1h2_014,joint,2,ref,6,UNKNOWN,,,,
C0,joint_n6k1h2_014,joint,2,ref,6,UNKNOWN,,,,
T1,joint_n6k1h2_014,joint,2,ref,6,UNKNOWN,,,,
MG,joint_n6k1h2_014,joint,3,ref,7,UNKNOWN,,,,
DENSE,joint_n6k1h2_014,joint,3,ref,7,UNKNOWN,,,,
REL,joint_n6k1h2_014,joint,3,ref,7,UNKNOWN,,,,
WL,joint_n6k1h2_014,joint,3,ref,7,UNKNOWN,,,,
W1,joint_n6k1h2_014,joint,3,ref,7,UNKNOWN,,,,
D0,joint_n6k1h2_014,joint,3,ref,7,UNKNOWN,,,,
C0,joint_n6k1h2_014,joint,3,ref,7,UNKNOWN,,,,
T1,joint_n6k1h2_014,joint,3,ref,7,UNKNOWN,,,,
MG,joint_n6k1h2_014,joint,4,ref,7,UNKNOWN,,,,
DENSE,joint_n6k1h2_014,joint,4,ref,7,UNKNOWN,,,,
REL,joint_n6k1h2_014,joint,4,ref,7,UNKNOWN,,,,
WL,joint_n6k1h2_014,joint,4,ref,7,UNKNOWN,,,,
W1,joint_n6k1h2_014,joint,4,ref,7,UNKNOWN,,,,
D0,joint_n6k1h2_014,joint,4,ref,7,UNKNOWN,,,,
C0,joint_n6k1h2_014,joint,4,ref,7,UNKNOWN,,,,
T1,joint_n6k1h2_014,joint,4,ref,7,UNKNOWN,,,,
MG,joint_n6k1h2_014,joint,5,ref,7,UNKNOWN,,,,
DENSE,joint_n6k1h2_014,joint,5,ref,7,UNKNOWN,,,,
REL,joint_n6k1h2_014,joint,5,ref,7,UNKNOWN,,,,
WL,joint_n6k1h2_014,joint,5,ref,7,UNKNOWN,,,,
W1,joint_n6k1h2_014,joint,5,ref,7,UNKNOWN,,,,
D0,joint_n6k1h2_014,joint,5,ref,7,UNKNOWN,,,,
C0,joint_n6k1h2_014,joint,5,ref,7,UNKNOWN,,,,
T1,joint_n6k1h2_014,joint,5,ref,7,UNKNOWN,,,,
MG,joint_n6k1h2_014,joint,6,off,6,UNKNOWN,,,,
DENSE,joint_n6k1h2_014,joint,6,off,6,UNKNOWN,,,,
REL,joint_n6k1h2_014,joint,6,off,6,UNKNOWN,,,,
WL,joint_n6k1h2_014,joint,6,off,6,UNKNOWN,,,,
W1,joint_n6k1h2_014,joint,6,off,6,UNKNOWN,,,,
D0,joint_n6k1h2_014,joint,6,off,6,UNKNOWN,,,,
C0,joint_n6k1h2_014,joint,6,off,6,UNKNOWN,,,,
T1,joint_n6k1h2_014,joint,6,off,6,UNKNOWN,,,,
MG,joint_n6k1h2_014,joint,7,off,7,UNKNOWN,,,,
DENSE,joint_n6k1h2_014,joint,7,off,7,UNKNOWN,,,,
REL,joint_n6k1h2_014,joint,7,off,7,UNKNOWN,,,,
WL,joint_n6k1h2_014,joint,7,off,7,UNKNOWN,,,,
W1,joint_n6k1h2_014,joint,7,off,7,UNKNOWN,,,,
D0,joint_n6k1h2_014,joint,7,off,7,UNKNOWN,,,,
C0,joint_n6k1h2_014,joint,7,off,7,UNKNOWN,,,,
T1,joint_n6k1h2_014,joint,7,off,7,UNKNOWN,,,,
MG,joint_n6k1h4_008,joint,0,ref,5,UNKNOWN,,,,
DENSE,joint_n6k1h4_008,joint,0,ref,5,UNKNOWN,,,,
REL,joint_n6k1h4_008,joint,0,ref,5,UNKNOWN,,,,
WL,joint_n6k1h4_008,joint,0,ref,5,UNKNOWN,,,,
W1,joint_n6k1h4_008,joint,0,ref,5,UNKNOWN,,,,
D0,joint_n6k1h4_008,joint,0,ref,5,UNKNOWN,,,,
C0,joint_n6k1h4_008,joint,0,ref,5,UNKNOWN,,,,
T1,joint_n6k1h4_008,joint,0,ref,5,UNKNOWN,,,,
MG,joint_n6k1h4_008,joint,1,ref,4,UNKNOWN,,,,
DENSE,joint_n6k1h4_008,joint,1,ref,4,UNKNOWN,,,,
REL,joint_n6k1h4_008,joint,1,ref,4,UNKNOWN,,,,
WL,joint_n6k1h4_008,joint,1,ref,4,UNKNOWN,,,,
W1,joint_n6k1h4_008,joint,1,ref,4,UNKNOWN,,,,
D0,joint_n6k1h4_008,joint,1,ref,4,UNKNOWN,,,,
C0,joint_n6k1h4_008,joint,1,ref,4,UNKNOWN,,,,
T1,joint_n6k1h4_008,joint,1,ref,4,UNKNOWN,,,,
MG,joint_n6k1h4_008,joint,2,ref,4,UNKNOWN,,,,
DENSE,joint_n6k1h4_008,joint,2,ref,4,UNKNOWN,,,,
REL,joint_n6k1h4_008,joint,2,ref,4,UNKNOWN,,,,
WL,joint_n6k1h4_008,joint,2,ref,4,UNKNOWN,,,,
W1,joint_n6k1h4_008,joint,2,ref,4,UNKNOWN,,,,
D0,joint_n6k1h4_008,joint,2,ref,4,UNKNOWN,,,,
C0,joint_n6k1h4_008,joint,2,ref,4,UNKNOWN,,,,
T1,joint_n6k1h4_008,joint,2,ref,4,UNKNOWN,,,,
MG,joint_n6k1h4_008,joint,3,ref,4,UNKNOWN,,,,
DENSE,joint_n6k1h4_008,joint,3,ref,4,UNKNOWN,,,,
REL,joint_n6k1h4_008,joint,3,ref,4,UNKNOWN,,,,
WL,joint_n6k1h4_008,joint,3,ref,4,UNKNOWN,,,,
W1,joint_n6k1h4_008,joint,3,ref,4,UNKNOWN,,,,
D0,joint_n6k1h4_008,joint,3,ref,4,UNKNOWN,,,,
C0,joint_n6k1h4_008,joint,3,ref,4,UNKNOWN,,,,
T1,joint_n6k1h4_008,joint,3,ref,4,UNKNOWN,,,,
MG,joint_n6k1h4_008,joint,4,ref,6,UNKNOWN,,,,
DENSE,joint_n6k1h4_008,joint,4,ref,6,UNKNOWN,,,,
REL,joint_n6k1h4_008,joint,4,ref,6,UNKNOWN,,,,
WL,joint_n6k1h4_008,joint,4,ref,6,UNKNOWN,,,,
W1,joint_n6k1h4_008,joint,4,ref,6,UNKNOWN,,,,
D0,joint_n6k1h4_008,joint,4,ref,6,UNKNOWN,,,,
C0,joint_n6k1h4_008,joint,4,ref,6,UNKNOWN,,,,
T1,joint_n6k1h4_008,joint,4,ref,6,UNKNOWN,,,,
MG,joint_n6k1h4_008,joint,5,ref,5,UNKNOWN,,,,
DENSE,joint_n6k1h4_008,joint,5,ref,5,UNKNOWN,,,,
REL,joint_n6k1h4_008,joint,5,ref,5,UNKNOWN,,,,
WL,joint_n6k1h4_008,joint,5,ref,5,UNKNOWN,,,,
W1,joint_n6k1h4_008,joint,5,ref,5,UNKNOWN,,,,
D0,joint_n6k1h4_008,joint,5,ref,5,UNKNOWN,,,,
C0,joint_n6k1h4_008,joint,5,ref,5,UNKNOWN,,,,
T1,joint_n6k1h4_008,joint,5,ref,5,UNKNOWN,,,,
MG,joint_n6k1h4_008,joint,6,ref,6,UNKNOWN,,,,
DENSE,joint_n6k1h4_008,joint,6,ref,6,UNKNOWN,,,,
REL,joint_n6k1h4_008,joint,6,ref,6,UNKNOWN,,,,
WL,joint_n6k1h4_008,joint,6,ref,6,UNKNOWN,,,,
W1,joint_n6k1h4_008,joint,6,ref,6,UNKNOWN,,,,
D0,joint_n6k1h4_008,joint,6,ref,6,UNKNOWN,,,,
C0,joint_n6k1h4_008,joint,6,ref,6,UNKNOWN,,,,
T1,joint_n6k1h4_008,joint,6,ref,6,UNKNOWN,,,,
MG,joint_n6k1h4_008,joint,7,off,4,UNKNOWN,,,,
DENSE,joint_n6k1h4_008,joint,7,off,4,UNKNOWN,,,,
REL,joint_n6k1h4_008,joint,7,off,4,UNKNOWN,,,,
WL,joint_n6k1h4_008,joint,7,off,4,UNKNOWN,,,,
W1,joint_n6k1h4_008,joint,7,off,4,UNKNOWN,,,,
D0,joint_n6k1h4_008,joint,7,off,4,UNKNOWN,,,,
C0,joint_n6k1h4_008,joint,7,off,4,UNKNOWN,,,,
T1,joint_n6k1h4_008,joint,7,off,4,UNKNOWN,,,,
MG,joint_n6k1h4_011,joint,0,ref,6,UNKNOWN,,,,
DENSE,joint_n6k1h4_011,joint,0,ref,6,UNKNOWN,,,,
REL,joint_n6k1h4_011,joint,0,ref,6,UNKNOWN,,,,
WL,joint_n6k1h4_011,joint,0,ref,6,UNKNOWN,,,,
W1,joint_n6k1h4_011,joint,0,ref,6,UNKNOWN,,,,
D0,joint_n6k1h4_011,joint,0,ref,6,UNKNOWN,,,,
C0,joint_n6k1h4_011,joint,0,ref,6,UNKNOWN,,,,
T1,joint_n6k1h4_011,joint,0,ref,6,UNKNOWN,,,,
MG,joint_n6k1h4_011,joint,1,ref,5,UNKNOWN,,,,
DENSE,joint_n6k1h4_011,joint,1,ref,5,UNKNOWN,,,,
REL,joint_n6k1h4_011,joint,1,ref,5,UNKNOWN,,,,
WL,joint_n6k1h4_011,joint,1,ref,5,UNKNOWN,,,,
W1,joint_n6k1h4_011,joint,1,ref,5,UNKNOWN,,,,
D0,joint_n6k1h4_011,joint,1,ref,5,UNKNOWN,,,,
C0,joint_n6k1h4_011,joint,1,ref,5,UNKNOWN,,,,
T1,joint_n6k1h4_011,joint,1,ref,5,UNKNOWN,,,,
MG,joint_n6k1h4_011,joint,2,ref,7,UNKNOWN,,,,
DENSE,joint_n6k1h4_011,joint,2,ref,7,UNKNOWN,,,,
REL,joint_n6k1h4_011,joint,2,ref,7,UNKNOWN,,,,
WL,joint_n6k1h4_011,joint,2,ref,7,UNKNOWN,,,,
W1,joint_n6k1h4_011,joint,2,ref,7,UNKNOWN,,,,
D0,joint_n6k1h4_011,joint,2,ref,7,UNKNOWN,,,,
C0,joint_n6k1h4_011,joint,2,ref,7,UNKNOWN,,,,
T1,joint_n6k1h4_011,joint,2,ref,7,UNKNOWN,,,,
MG,joint_n6k1h4_011,joint,3,ref,4,UNKNOWN,,,,
DENSE,joint_n6k1h4_011,joint,3,ref,4,UNKNOWN,,,,
REL,joint_n6k1h4_011,joint,3,ref,4,UNKNOWN,,,,
WL,joint_n6k1h4_011,joint,3,ref,4,UNKNOWN,,,,
W1,joint_n6k1h4_011,joint,3,ref,4,UNKNOWN,,,,
D0,joint_n6k1h4_011,joint,3,ref,4,UNKNOWN,,,,
C0,joint_n6k1h4_011,joint,3,ref,4,UNKNOWN,,,,
T1,joint_n6k1h4_011,joint,3,ref,4,UNKNOWN,,,,
MG,joint_n6k1h4_011,joint,4,ref,7,UNKNOWN,,,,
DENSE,joint_n6k1h4_011,joint,4,ref,7,UNKNOWN,,,,
REL,joint_n6k1h4_011,joint,4,ref,7,UNKNOWN,,,,
WL,joint_n6k1h4_011,joint,4,ref,7,UNKNOWN,,,,
W1,joint_n6k1h4_011,joint,4,ref,7,UNKNOWN,,,,
D0,joint_n6k1h4_011,joint,4,ref,7,UNKNOWN,,,,
C0,joint_n6k1h4_011,joint,4,ref,7,UNKNOWN,,,,
T1,joint_n6k1h4_011,joint,4,ref,7,UNKNOWN,,,,
MG,joint_n6k1h4_011,joint,5,ref,4,UNKNOWN,,,,
DENSE,joint_n6k1h4_011,joint,5,ref,4,UNKNOWN,,,,
REL,joint_n6k1h4_011,joint,5,ref,4,UNKNOWN,,,,
WL,joint_n6k1h4_011,joint,5,ref,4,UNKNOWN,,,,
W1,joint_n6k1h4_011,joint,5,ref,4,UNKNOWN,,,,
D0,joint_n6k1h4_011,joint,5,ref,4,UNKNOWN,,,,
C0,joint_n6k1h4_011,joint,5,ref,4,UNKNOWN,,,,
T1,joint_n6k1h4_011,joint,5,ref,4,UNKNOWN,,,,
MG,joint_n6k1h4_011,joint,6,ref,5,UNKNOWN,,,,
DENSE,joint_n6k1h4_011,joint,6,ref,5,UNKNOWN,,,,
REL,joint_n6k1h4_011,joint,6,ref,5,UNKNOWN,,,,
WL,joint_n6k1h4_011,joint,6,ref,5,UNKNOWN,,,,
W1,joint_n6k1h4_011,joint,6,ref,5,UNKNOWN,,,,
D0,joint_n6k1h4_011,joint,6,ref,5,UNKNOWN,,,,
C0,joint_n6k1h4_011,joint,6,ref,5,UNKNOWN,,,,
T1,joint_n6k1h4_011,joint,6,ref,5,UNKNOWN,,,,
MG,joint_n6k1h4_011,joint,7,off,8,UNKNOWN,,,,
DENSE,joint_n6k1h4_011,joint,7,off,8,UNKNOWN,,,,
REL,joint_n6k1h4_011,joint,7,off,8,UNKNOWN,,,,
WL,joint_n6k1h4_011,joint,7,off,8,UNKNOWN,,,,
W1,joint_n6k1h4_011,joint,7,off,8,UNKNOWN,,,,
D0,joint_n6k1h4_011,joint,7,off,8,UNKNOWN,,,,
C0,joint_n6k1h4_011,joint,7,off,8,UNKNOWN,,,,
T1,joint_n6k1h4_011,joint,7,off,8,UNKNOWN,,,,
MG,joint_n6k2h2_001,joint,0,ref,5,UNKNOWN,,,,
DENSE,joint_n6k2h2_001,joint,0,ref,5,UNKNOWN,,,,
REL,joint_n6k2h2_001,joint,0,ref,5,UNKNOWN,,,,
WL,joint_n6k2h2_001,joint,0,ref,5,UNKNOWN,,,,
W1,joint_n6k2h2_001,joint,0,ref,5,UNKNOWN,,,,
D0,joint_n6k2h2_001,joint,0,ref,5,UNKNOWN,,,,
C0,joint_n6k2h2_001,joint,0,ref,5,UNKNOWN,,,,
T1,joint_n6k2h2_001,joint,0,ref,5,UNKNOWN,,,,
MG,joint_n6k2h2_001,joint,1,ref,6,UNKNOWN,,,,
DENSE,joint_n6k2h2_001,joint,1,ref,6,UNKNOWN,,,,
REL,joint_n6k2h2_001,joint,1,ref,6,UNKNOWN,,,,
WL,joint_n6k2h2_001,joint,1,ref,6,UNKNOWN,,,,
W1,joint_n6k2h2_001,joint,1,ref,6,UNKNOWN,,,,
D0,joint_n6k2h2_001,joint,1,ref,6,UNKNOWN,,,,
C0,joint_n6k2h2_001,joint,1,ref,6,UNKNOWN,,,,
T1,joint_n6k2h2_001,joint,1,ref,6,UNKNOWN,,,,
MG,joint_n6k2h2_001,joint,2,ref,6,UNKNOWN,,,,
DENSE,joint_n6k2h2_001,joint,2,ref,6,UNKNOWN,,,,
REL,joint_n6k2h2_001,joint,2,ref,6,UNKNOWN,,,,
WL,joint_n6k2h2_001,joint,2,ref,6,UNKNOWN,,,,
W1,joint_n6k2h2_001,joint,2,ref,6,UNKNOWN,,,,
D0,joint_n6k2h2_001,joint,2,ref,6,UNKNOWN,,,,
C0,joint_n6k2h2_001,joint,2,ref,6,UNKNOWN,,,,
T1,joint_n6k2h2_001,joint,2,ref,6,UNKNOWN,,,,
MG,joint_n6k2h2_001,joint,3,ref,6,UNKNOWN,,,,
DENSE,joint_n6k2h2_001,joint,3,ref,6,UNKNOWN,,,,
REL,joint_n6k2h2_001,joint,3,ref,6,UNKNOWN,,,,
WL,joint_n6k2h2_001,joint,3,ref,6,UNKNOWN,,,,
W1,joint_n6k2h2_001,joint,3,ref,6,UNKNOWN,,,,
D0,joint_n6k2h2_001,joint,3,ref,6,UNKNOWN,,,,
C0,joint_n6k2h2_001,joint,3,ref,6,UNKNOWN,,,,
T1,joint_n6k2h2_001,joint,3,ref,6,UNKNOWN,,,,
MG,joint_n6k2h2_001,joint,4,ref,6,UNKNOWN,,,,
DENSE,joint_n6k2h2_001,joint,4,ref,6,UNKNOWN,,,,
REL,joint_n6k2h2_001,joint,4,ref,6,UNKNOWN,,,,
WL,joint_n6k2h2_001,joint,4,ref,6,UNKNOWN,,,,
W1,joint_n6k2h2_001,joint,4,ref,6,UNKNOWN,,,,
D0,joint_n6k2h2_001,joint,4,ref,6,UNKNOWN,,,,
C0,joint_n6k2h2_001,joint,4,ref,6,UNKNOWN,,,,
T1,joint_n6k2h2_001,joint,4,ref,6,UNKNOWN,,,,
MG,joint_n6k2h2_001,joint,5,ref,6,UNKNOWN,,,,
DENSE,joint_n6k2h2_001,joint,5,ref,6,UNKNOWN,,,,
REL,joint_n6k2h2_001,joint,5,ref,6,UNKNOWN,,,,
WL,joint_n6k2h2_001,joint,5,ref,6,UNKNOWN,,,,
W1,joint_n6k2h2_001,joint,5,ref,6,UNKNOWN,,,,
D0,joint_n6k2h2_001,joint,5,ref,6,UNKNOWN,,,,
C0,joint_n6k2h2_001,joint,5,ref,6,UNKNOWN,,,,
T1,joint_n6k2h2_001,joint,5,ref,6,UNKNOWN,,,,
MG,joint_n6k2h2_001,joint,6,ref,6,UNKNOWN,,,,
DENSE,joint_n6k2h2_001,joint,6,ref,6,UNKNOWN,,,,
REL,joint_n6k2h2_001,joint,6,ref,6,UNKNOWN,,,,
WL,joint_n6k2h2_001,joint,6,ref,6,UNKNOWN,,,,
W1,joint_n6k2h2_001,joint,6,ref,6,UNKNOWN,,,,
D0,joint_n6k2h2_001,joint,6,ref,6,UNKNOWN,,,,
C0,joint_n6k2h2_001,joint,6,ref,6,UNKNOWN,,,,
T1,joint_n6k2h2_001,joint,6,ref,6,UNKNOWN,,,,
MG,joint_n6k2h2_001,joint,7,off,6,UNKNOWN,,,,
DENSE,joint_n6k2h2_001,joint,7,off,6,UNKNOWN,,,,
REL,joint_n6k2h2_001,joint,7,off,6,UNKNOWN,,,,
WL,joint_n6k2h2_001,joint,7,off,6,UNKNOWN,,,,
W1,joint_n6k2h2_001,joint,7,off,6,UNKNOWN,,,,
D0,joint_n6k2h2_001,joint,7,off,6,UNKNOWN,,,,
C0,joint_n6k2h2_001,joint,7,off,6,UNKNOWN,,,,
T1,joint_n6k2h2_001,joint,7,off,6,UNKNOWN,,,,
MG,joint_n6k2h2_006,joint,0,ref,5,UNKNOWN,,,,
DENSE,joint_n6k2h2_006,joint,0,ref,5,UNKNOWN,,,,
REL,joint_n6k2h2_006,joint,0,ref,5,UNKNOWN,,,,
WL,joint_n6k2h2_006,joint,0,ref,5,UNKNOWN,,,,
W1,joint_n6k2h2_006,joint,0,ref,5,UNKNOWN,,,,
D0,joint_n6k2h2_006,joint,0,ref,5,UNKNOWN,,,,
C0,joint_n6k2h2_006,joint,0,ref,5,UNKNOWN,,,,
T1,joint_n6k2h2_006,joint,0,ref,5,UNKNOWN,,,,
MG,joint_n6k2h2_006,joint,1,ref,6,UNKNOWN,,,,
DENSE,joint_n6k2h2_006,joint,1,ref,6,UNKNOWN,,,,
REL,joint_n6k2h2_006,joint,1,ref,6,UNKNOWN,,,,
WL,joint_n6k2h2_006,joint,1,ref,6,UNKNOWN,,,,
W1,joint_n6k2h2_006,joint,1,ref,6,UNKNOWN,,,,
D0,joint_n6k2h2_006,joint,1,ref,6,UNKNOWN,,,,
C0,joint_n6k2h2_006,joint,1,ref,6,UNKNOWN,,,,
T1,joint_n6k2h2_006,joint,1,ref,6,UNKNOWN,,,,
MG,joint_n6k2h2_006,joint,2,ref,6,UNKNOWN,,,,
DENSE,joint_n6k2h2_006,joint,2,ref,6,UNKNOWN,,,,
REL,joint_n6k2h2_006,joint,2,ref,6,UNKNOWN,,,,
WL,joint_n6k2h2_006,joint,2,ref,6,UNKNOWN,,,,
W1,joint_n6k2h2_006,joint,2,ref,6,UNKNOWN,,,,
D0,joint_n6k2h2_006,joint,2,ref,6,UNKNOWN,,,,
C0,joint_n6k2h2_006,joint,2,ref,6,UNKNOWN,,,,
T1,joint_n6k2h2_006,joint,2,ref,6,UNKNOWN,,,,
MG,joint_n6k2h2_006,joint,3,ref,6,UNKNOWN,,,,
DENSE,joint_n6k2h2_006,joint,3,ref,6,UNKNOWN,,,,
REL,joint_n6k2h2_006,joint,3,ref,6,UNKNOWN,,,,
WL,joint_n6k2h2_006,joint,3,ref,6,UNKNOWN,,,,
W1,joint_n6k2h2_006,joint,3,ref,6,UNKNOWN,,,,
D0,joint_n6k2h2_006,joint,3,ref,6,UNKNOWN,,,,
C0,joint_n6k2h2_006,joint,3,ref,6,UNKNOWN,,,,
T1,joint_n6k2h2_006,joint,3,ref,6,UNKNOWN,,,,
MG,joint_n6k2h2_006,joint,4,ref,7,UNKNOWN,,,,
DENSE,joint_n6k2h2_006,joint,4,ref,7,UNKNOWN,,,,
REL,joint_n6k2h2_006,joint,4,ref,7,UNKNOWN,,,,
WL,joint_n6k2h2_006,joint,4,ref,7,UNKNOWN,,,,
W1,joint_n6k2h2_006,joint,4,ref,7,UNKNOWN,,,,
D0,joint_n6k2h2_006,joint,4,ref,7,UNKNOWN,,,,
C0,joint_n6k2h2_006,joint,4,ref,7,UNKNOWN,,,,
T1,joint_n6k2h2_006,joint,4,ref,7,UNKNOWN,,,,
MG,joint_n6k2h2_006,joint,5,ref,6,UNKNOWN,,,,
DENSE,joint_n6k2h2_006,joint,5,ref,6,UNKNOWN,,,,
REL,joint_n6k2h2_006,joint,5,ref,6,UNKNOWN,,,,
WL,joint_n6k2h2_006,joint,5,ref,6,UNKNOWN,,,,
W1,joint_n6k2h2_006,joint,5,ref,6,UNKNOWN,,,,
D0,joint_n6k2h2_006,joint,5,ref,6,UNKNOWN,,,,
C0,joint_n6k2h2_006,joint,5,ref,6,UNKNOWN,,,,
T1,joint_n6k2h2_006,joint,5,ref,6,UNKNOWN,,,,
MG,joint_n6k2h2_006,joint,6,ref,7,UNKNOWN,,,,
DENSE,joint_n6k2h2_006,joint,6,ref,7,UNKNOWN,,,,
REL,joint_n6k2h2_006,joint,6,ref,7,UNKNOWN,,,,
WL,joint_n6k2h2_006,joint,6,ref,7,UNKNOWN,,,,
W1,joint_n6k2h2_006,joint,6,ref,7,UNKNOWN,,,,
D0,joint_n6k2h2_006,joint,6,ref,7,UNKNOWN,,,,
C0,joint_n6k2h2_006,joint,6,ref,7,UNKNOWN,,,,
T1,joint_n6k2h2_006,joint,6,ref,7,UNKNOWN,,,,
MG,joint_n6k2h2_006,joint,7,off,7,UNKNOWN,,,,
DENSE,joint_n6k2h2_006,joint,7,off,7,UNKNOWN,,,,
REL,joint_n6k2h2_006,joint,7,off,7,UNKNOWN,,,,
WL,joint_n6k2h2_006,joint,7,off,7,UNKNOWN,,,,
W1,joint_n6k2h2_006,joint,7,off,7,UNKNOWN,,,,
D0,joint_n6k2h2_006,joint,7,off,7,UNKNOWN,,,,
C0,joint_n6k2h2_006,joint,7,off,7,UNKNOWN,,,,
T1,joint_n6k2h2_006,joint,7,off,7,UNKNOWN,,,,
MG,joint_n6k2h4_011,joint,0,ref,5,UNKNOWN,,,,
DENSE,joint_n6k2h4_011,joint,0,ref,5,UNKNOWN,,,,
REL,joint_n6k2h4_011,joint,0,ref,5,UNKNOWN,,,,
WL,joint_n6k2h4_011,joint,0,ref,5,UNKNOWN,,,,
W1,joint_n6k2h4_011,joint,0,ref,5,UNKNOWN,,,,
D0,joint_n6k2h4_011,joint,0,ref,5,UNKNOWN,,,,
C0,joint_n6k2h4_011,joint,0,ref,5,UNKNOWN,,,,
T1,joint_n6k2h4_011,joint,0,ref,5,UNKNOWN,,,,
MG,joint_n6k2h4_011,joint,1,ref,5,UNKNOWN,,,,
DENSE,joint_n6k2h4_011,joint,1,ref,5,UNKNOWN,,,,
REL,joint_n6k2h4_011,joint,1,ref,5,UNKNOWN,,,,
WL,joint_n6k2h4_011,joint,1,ref,5,UNKNOWN,,,,
W1,joint_n6k2h4_011,joint,1,ref,5,UNKNOWN,,,,
D0,joint_n6k2h4_011,joint,1,ref,5,UNKNOWN,,,,
C0,joint_n6k2h4_011,joint,1,ref,5,UNKNOWN,,,,
T1,joint_n6k2h4_011,joint,1,ref,5,UNKNOWN,,,,
MG,joint_n6k2h4_011,joint,2,ref,7,UNKNOWN,,,,
DENSE,joint_n6k2h4_011,joint,2,ref,7,UNKNOWN,,,,
REL,joint_n6k2h4_011,joint,2,ref,7,UNKNOWN,,,,
WL,joint_n6k2h4_011,joint,2,ref,7,UNKNOWN,,,,
W1,joint_n6k2h4_011,joint,2,ref,7,UNKNOWN,,,,
D0,joint_n6k2h4_011,joint,2,ref,7,UNKNOWN,,,,
C0,joint_n6k2h4_011,joint,2,ref,7,UNKNOWN,,,,
T1,joint_n6k2h4_011,joint,2,ref,7,UNKNOWN,,,,
MG,joint_n6k2h4_011,joint,3,ref,4,UNKNOWN,,,,
DENSE,joint_n6k2h4_011,joint,3,ref,4,UNKNOWN,,,,
REL,joint_n6k2h4_011,joint,3,ref,4,UNKNOWN,,,,
WL,joint_n6k2h4_011,joint,3,ref,4,UNKNOWN,,,,
W1,joint_n6k2h4_011,joint,3,ref,4,UNKNOWN,,,,
D0,joint_n6k2h4_011,joint,3,ref,4,UNKNOWN,,,,
C0,joint_n6k2h4_011,joint,3,ref,4,UNKNOWN,,,,
T1,joint_n6k2h4_011,joint,3,ref,4,UNKNOWN,,,,
MG,joint_n6k2h4_011,joint,4,ref,7,UNKNOWN,,,,
DENSE,joint_n6k2h4_011,joint,4,ref,7,UNKNOWN,,,,
REL,joint_n6k2h4_011,joint,4,ref,7,UNKNOWN,,,,
WL,joint_n6k2h4_011,joint,4,ref,7,UNKNOWN,,,,
W1,joint_n6k2h4_011,joint,4,ref,7,UNKNOWN,,,,
D0,joint_n6k2h4_011,joint,4,ref,7,UNKNOWN,,,,
C0,joint_n6k2h4_011,joint,4,ref,7,UNKNOWN,,,,
T1,joint_n6k2h4_011,joint,4,ref,7,UNKNOWN,,,,
MG,joint_n6k2h4_011,joint,5,ref,4,UNKNOWN,,,,
DENSE,joint_n6k2h4_011,joint,5,ref,4,UNKNOWN,,,,
REL,joint_n6k2h4_011,joint,5,ref,4,UNKNOWN,,,,
WL,joint_n6k2h4_011,joint,5,ref,4,UNKNOWN,,,,
W1,joint_n6k2h4_011,joint,5,ref,4,UNKNOWN,,,,
D0,joint_n6k2h4_011,joint,5,ref,4,UNKNOWN,,,,
C0,joint_n6k2h4_011,joint,5,ref,4,UNKNOWN,,,,
T1,joint_n6k2h4_011,joint,5,ref,4,UNKNOWN,,,,
MG,joint_n6k2h4_011,joint,6,ref,7,UNKNOWN,,,,
DENSE,joint_n6k2h4_011,joint,6,ref,7,UNKNOWN,,,,
REL,joint_n6k2h4_011,joint,6,ref,7,UNKNOWN,,,,
WL,joint_n6k2h4_011,joint,6,ref,7,UNKNOWN,,,,
W1,joint_n6k2h4_011,joint,6,ref,7,UNKNOWN,,,,
D0,joint_n6k2h4_011,joint,6,ref,7,UNKNOWN,,,,
C0,joint_n6k2h4_011,joint,6,ref,7,UNKNOWN,,,,
T1,joint_n6k2h4_011,joint,6,ref,7,UNKNOWN,,,,
MG,joint_n6k2h4_011,joint,7,off,4,UNKNOWN,,,,
DENSE,joint_n6k2h4_011,joint,7,off,4,UNKNOWN,,,,
REL,joint_n6k2h4_011,joint,7,off,4,UNKNOWN,,,,
WL,joint_n6k2h4_011,joint,7,off,4,UNKNOWN,,,,
W1,joint_n6k2h4_011,joint,7,off,4,UNKNOWN,,,,
D0,joint_n6k2h4_011,joint,7,off,4,UNKNOWN,,,,
C0,joint_n6k2h4_011,joint,7,off,4,UNKNOWN,,,,
T1,joint_n6k2h4_011,joint,7,off,4,UNKNOWN,,,,
MG,joint_n6k2h4_015,joint,0,ref,5,UNKNOWN,,,,
DENSE,joint_n6k2h4_015,joint,0,ref,5,UNKNOWN,,,,
REL,joint_n6k2h4_015,joint,0,ref,5,UNKNOWN,,,,
WL,joint_n6k2h4_015,joint,0,ref,5,UNKNOWN,,,,
W1,joint_n6k2h4_015,joint,0,ref,5,UNKNOWN,,,,
D0,joint_n6k2h4_015,joint,0,ref,5,UNKNOWN,,,,
C0,joint_n6k2h4_015,joint,0,ref,5,UNKNOWN,,,,
T1,joint_n6k2h4_015,joint,0,ref,5,UNKNOWN,,,,
MG,joint_n6k2h4_015,joint,1,ref,5,UNKNOWN,,,,
DENSE,joint_n6k2h4_015,joint,1,ref,5,UNKNOWN,,,,
REL,joint_n6k2h4_015,joint,1,ref,5,UNKNOWN,,,,
WL,joint_n6k2h4_015,joint,1,ref,5,UNKNOWN,,,,
W1,joint_n6k2h4_015,joint,1,ref,5,UNKNOWN,,,,
D0,joint_n6k2h4_015,joint,1,ref,5,UNKNOWN,,,,
C0,joint_n6k2h4_015,joint,1,ref,5,UNKNOWN,,,,
T1,joint_n6k2h4_015,joint,1,ref,5,UNKNOWN,,,,
MG,joint_n6k2h4_015,joint,2,ref,6,UNKNOWN,,,,
DENSE,joint_n6k2h4_015,joint,2,ref,6,UNKNOWN,,,,
REL,joint_n6k2h4_015,joint,2,ref,6,UNKNOWN,,,,
WL,joint_n6k2h4_015,joint,2,ref,6,UNKNOWN,,,,
W1,joint_n6k2h4_015,joint,2,ref,6,UNKNOWN,,,,
D0,joint_n6k2h4_015,joint,2,ref,6,UNKNOWN,,,,
C0,joint_n6k2h4_015,joint,2,ref,6,UNKNOWN,,,,
T1,joint_n6k2h4_015,joint,2,ref,6,UNKNOWN,,,,
MG,joint_n6k2h4_015,joint,3,ref,4,UNKNOWN,,,,
DENSE,joint_n6k2h4_015,joint,3,ref,4,UNKNOWN,,,,
REL,joint_n6k2h4_015,joint,3,ref,4,UNKNOWN,,,,
WL,joint_n6k2h4_015,joint,3,ref,4,UNKNOWN,,,,
W1,joint_n6k2h4_015,joint,3,ref,4,UNKNOWN,,,,
D0,joint_n6k2h4_015,joint,3,ref,4,UNKNOWN,,,,
C0,joint_n6k2h4_015,joint,3,ref,4,UNKNOWN,,,,
T1,joint_n6k2h4_015,joint,3,ref,4,UNKNOWN,,,,
MG,joint_n6k2h4_015,joint,4,ref,6,UNKNOWN,,,,
DENSE,joint_n6k2h4_015,joint,4,ref,6,UNKNOWN,,,,
REL,joint_n6k2h4_015,joint,4,ref,6,UNKNOWN,,,,
WL,joint_n6k2h4_015,joint,4,ref,6,UNKNOWN,,,,
W1,joint_n6k2h4_015,joint,4,ref,6,UNKNOWN,,,,
D0,joint_n6k2h4_015,joint,4,ref,6,UNKNOWN,,,,
C0,joint_n6k2h4_015,joint,4,ref,6,UNKNOWN,,,,
T1,joint_n6k2h4_015,joint,4,ref,6,UNKNOWN,,,,
MG,joint_n6k2h4_015,joint,5,ref,4,UNKNOWN,,,,
DENSE,joint_n6k2h4_015,joint,5,ref,4,UNKNOWN,,,,
REL,joint_n6k2h4_015,joint,5,ref,4,UNKNOWN,,,,
WL,joint_n6k2h4_015,joint,5,ref,4,UNKNOWN,,,,
W1,joint_n6k2h4_015,joint,5,ref,4,UNKNOWN,,,,
D0,joint_n6k2h4_015,joint,5,ref,4,UNKNOWN,,,,
C0,joint_n6k2h4_015,joint,5,ref,4,UNKNOWN,,,,
T1,joint_n6k2h4_015,joint,5,ref,4,UNKNOWN,,,,
MG,joint_n6k2h4_015,joint,6,ref,6,UNKNOWN,,,,
DENSE,joint_n6k2h4_015,joint,6,ref,6,UNKNOWN,,,,
REL,joint_n6k2h4_015,joint,6,ref,6,UNKNOWN,,,,
WL,joint_n6k2h4_015,joint,6,ref,6,UNKNOWN,,,,
W1,joint_n6k2h4_015,joint,6,ref,6,UNKNOWN,,,,
D0,joint_n6k2h4_015,joint,6,ref,6,UNKNOWN,,,,
C0,joint_n6k2h4_015,joint,6,ref,6,UNKNOWN,,,,
T1,joint_n6k2h4_015,joint,6,ref,6,UNKNOWN,,,,
MG,joint_n6k2h4_015,joint,7,off,6,UNKNOWN,,,,
DENSE,joint_n6k2h4_015,joint,7,off,6,UNKNOWN,,,,
REL,joint_n6k2h4_015,joint,7,off,6,UNKNOWN,,,,
WL,joint_n6k2h4_015,joint,7,off,6,UNKNOWN,,,,
W1,joint_n6k2h4_015,joint,7,off,6,UNKNOWN,,,,
D0,joint_n6k2h4_015,joint,7,off,6,UNKNOWN,,,,
C0,joint_n6k2h4_015,joint,7,off,6,UNKNOWN,,,,
T1,joint_n6k2h4_015,joint,7,off,6,UNKNOWN,,,,
MG,joint_n8k1h2_000,joint,0,ref,6,UNKNOWN,,,,
DENSE,joint_n8k1h2_000,joint,0,ref,6,UNKNOWN,,,,
REL,joint_n8k1h2_000,joint,0,ref,6,UNKNOWN,,,,
WL,joint_n8k1h2_000,joint,0,ref,6,UNKNOWN,,,,
W1,joint_n8k1h2_000,joint,0,ref,6,UNKNOWN,,,,
D0,joint_n8k1h2_000,joint,0,ref,6,UNKNOWN,,,,
C0,joint_n8k1h2_000,joint,0,ref,6,UNKNOWN,,,,
T1,joint_n8k1h2_000,joint,0,ref,6,UNKNOWN,,,,
MG,joint_n8k1h2_000,joint,1,ref,8,UNKNOWN,,,,
DENSE,joint_n8k1h2_000,joint,1,ref,8,UNKNOWN,,,,
REL,joint_n8k1h2_000,joint,1,ref,8,UNKNOWN,,,,
WL,joint_n8k1h2_000,joint,1,ref,8,UNKNOWN,,,,
W1,joint_n8k1h2_000,joint,1,ref,8,UNKNOWN,,,,
D0,joint_n8k1h2_000,joint,1,ref,8,UNKNOWN,,,,
C0,joint_n8k1h2_000,joint,1,ref,8,UNKNOWN,,,,
T1,joint_n8k1h2_000,joint,1,ref,8,UNKNOWN,,,,
MG,joint_n8k1h2_000,joint,2,ref,8,UNKNOWN,,,,
DENSE,joint_n8k1h2_000,joint,2,ref,8,UNKNOWN,,,,
REL,joint_n8k1h2_000,joint,2,ref,8,UNKNOWN,,,,
WL,joint_n8k1h2_000,joint,2,ref,8,UNKNOWN,,,,
W1,joint_n8k1h2_000,joint,2,ref,8,UNKNOWN,,,,
D0,joint_n8k1h2_000,joint,2,ref,8,UNKNOWN,,,,
C0,joint_n8k1h2_000,joint,2,ref,8,UNKNOWN,,,,
T1,joint_n8k1h2_000,joint,2,ref,8,UNKNOWN,,,,
MG,joint_n8k1h2_000,joint,3,ref,10,UNKNOWN,,,,
DENSE,joint_n8k1h2_000,joint,3,ref,10,UNKNOWN,,,,
REL,joint_n8k1h2_000,joint,3,ref,10,UNKNOWN,,,,
WL,joint_n8k1h2_000,joint,3,ref,10,UNKNOWN,,,,
W1,joint_n8k1h2_000,joint,3,ref,10,UNKNOWN,,,,
D0,joint_n8k1h2_000,joint,3,ref,10,UNKNOWN,,,,
C0,joint_n8k1h2_000,joint,3,ref,10,UNKNOWN,,,,
T1,joint_n8k1h2_000,joint,3,ref,10,UNKNOWN,,,,
MG,joint_n8k1h2_000,joint,4,ref,8,UNKNOWN,,,,
DENSE,joint_n8k1h2_000,joint,4,ref,8,UNKNOWN,,,,
REL,joint_n8k1h2_000,joint,4,ref,8,UNKNOWN,,,,
WL,joint_n8k1h2_000,joint,4,ref,8,UNKNOWN,,,,
W1,joint_n8k1h2_000,joint,4,ref,8,UNKNOWN,,,,
D0,joint_n8k1h2_000,joint,4,ref,8,UNKNOWN,,,,
C0,joint_n8k1h2_000,joint,4,ref,8,UNKNOWN,,,,
T1,joint_n8k1h2_000,joint,4,ref,8,UNKNOWN,,,,
MG,joint_n8k1h2_000,joint,5,ref,7,UNKNOWN,,,,
DENSE,joint_n8k1h2_000,joint,5,ref,7,UNKNOWN,,,,
REL,joint_n8k1h2_000,joint,5,ref,7,UNKNOWN,,,,
WL,joint_n8k1h2_000,joint,5,ref,7,UNKNOWN,,,,
W1,joint_n8k1h2_000,joint,5,ref,7,UNKNOWN,,,,
D0,joint_n8k1h2_000,joint,5,ref,7,UNKNOWN,,,,
C0,joint_n8k1h2_000,joint,5,ref,7,UNKNOWN,,,,
T1,joint_n8k1h2_000,joint,5,ref,7,UNKNOWN,,,,
MG,joint_n8k1h2_000,joint,6,ref,8,UNKNOWN,,,,
DENSE,joint_n8k1h2_000,joint,6,ref,8,UNKNOWN,,,,
REL,joint_n8k1h2_000,joint,6,ref,8,UNKNOWN,,,,
WL,joint_n8k1h2_000,joint,6,ref,8,UNKNOWN,,,,
W1,joint_n8k1h2_000,joint,6,ref,8,UNKNOWN,,,,
D0,joint_n8k1h2_000,joint,6,ref,8,UNKNOWN,,,,
C0,joint_n8k1h2_000,joint,6,ref,8,UNKNOWN,,,,
T1,joint_n8k1h2_000,joint,6,ref,8,UNKNOWN,,,,
MG,joint_n8k1h2_000,joint,7,off,6,UNKNOWN,,,,
DENSE,joint_n8k1h2_000,joint,7,off,6,UNKNOWN,,,,
REL,joint_n8k1h2_000,joint,7,off,6,UNKNOWN,,,,
WL,joint_n8k1h2_000,joint,7,off,6,UNKNOWN,,,,
W1,joint_n8k1h2_000,joint,7,off,6,UNKNOWN,,,,
D0,joint_n8k1h2_000,joint,7,off,6,UNKNOWN,,,,
C0,joint_n8k1h2_000,joint,7,off,6,UNKNOWN,,,,
T1,joint_n8k1h2_000,joint,7,off,6,UNKNOWN,,,,
MG,joint_n8k1h2_005,joint,0,ref,7,UNKNOWN,,,,
DENSE,joint_n8k1h2_005,joint,0,ref,7,UNKNOWN,,,,
REL,joint_n8k1h2_005,joint,0,ref,7,UNKNOWN,,,,
WL,joint_n8k1h2_005,joint,0,ref,7,UNKNOWN,,,,
W1,joint_n8k1h2_005,joint,0,ref,7,UNKNOWN,,,,
D0,joint_n8k1h2_005,joint,0,ref,7,UNKNOWN,,,,
C0,joint_n8k1h2_005,joint,0,ref,7,UNKNOWN,,,,
T1,joint_n8k1h2_005,joint,0,ref,7,UNKNOWN,,,,
MG,joint_n8k1h2_005,joint,1,ref,8,UNKNOWN,,,,
DENSE,joint_n8k1h2_005,joint,1,ref,8,UNKNOWN,,,,
REL,joint_n8k1h2_005,joint,1,ref,8,UNKNOWN,,,,
WL,joint_n8k1h2_005,joint,1,ref,8,UNKNOWN,,,,
W1,joint_n8k1h2_005,joint,1,ref,8,UNKNOWN,,,,
D0,joint_n8k1h2_005,joint,1,ref,8,UNKNOWN,,,,
C0,joint_n8k1h2_005,joint,1,ref,8,UNKNOWN,,,,
T1,joint_n8k1h2_005,joint,1,ref,8,UNKNOWN,,,,
MG,joint_n8k1h2_005,joint,2,ref,9,UNKNOWN,,,,
DENSE,joint_n8k1h2_005,joint,2,ref,9,UNKNOWN,,,,
REL,joint_n8k1h2_005,joint,2,ref,9,UNKNOWN,,,,
WL,joint_n8k1h2_005,joint,2,ref,9,UNKNOWN,,,,
W1,joint_n8k1h2_005,joint,2,ref,9,UNKNOWN,,,,
D0,joint_n8k1h2_005,joint,2,ref,9,UNKNOWN,,,,
C0,joint_n8k1h2_005,joint,2,ref,9,UNKNOWN,,,,
T1,joint_n8k1h2_005,joint,2,ref,9,UNKNOWN,,,,
MG,joint_n8k1h2_005,joint,3,ref,9,UNKNOWN,,,,
DENSE,joint_n8k1h2_005,joint,3,ref,9,UNKNOWN,,,,
REL,joint_n8k1h2_005,joint,3,ref,9,UNKNOWN,,,,
WL,joint_n8k1h2_005,joint,3,ref,9,UNKNOWN,,,,
W1,joint_n8k1h2_005,joint,3,ref,9,UNKNOWN,,,,
D0,joint_n8k1h2_005,joint,3,ref,9,UNKNOWN,,,,
C0,joint_n8k1h2_005,joint,3,ref,9,UNKNOWN,,,,
T1,joint_n8k1h2_005,joint,3,ref,9,UNKNOWN,,,,
MG,joint_n8k1h2_005,joint,4,ref,9,UNKNOWN,,,,
DENSE,joint_n8k1h2_005,joint,4,ref,9,UNKNOWN,,,,
REL,joint_n8k1h2_005,joint,4,ref,9,UNKNOWN,,,,
WL,joint_n8k1h2_005,joint,4,ref,9,UNKNOWN,,,,
W1,joint_n8k1h2_005,joint,4,ref,9,UNKNOWN,,,,
D0,joint_n8k1h2_005,joint,4,ref,9,UNKNOWN,,,,
C0,joint_n8k1h2_005,joint,4,ref,9,UNKNOWN,,,,
T1,joint_n8k1h2_005,joint,4,ref,9,UNKNOWN,,,,
MG,joint_n8k1h2_005,joint,5,ref,9,UNKNOWN,,,,
DENSE,joint_n8k1h2_005,joint,5,ref,9,UNKNOWN,,,,
REL,joint_n8k1h2_005,joint,5,ref,9,UNKNOWN,,,,
WL,joint_n8k1h2_005,joint,5,ref,9,UNKNOWN,,,,
W1,joint_n8k1h2_005,joint,5,ref,9,UNKNOWN,,,,
D0,joint_n8k1h2_005,joint,5,ref,9,UNKNOWN,,,,
C0,joint_n8k1h2_005,joint,5,ref,9,UNKNOWN,,,,
T1,joint_n8k1h2_005,joint,5,ref,9,UNKNOWN,,,,
MG,joint_n8k1h2_005,joint,6,ref,9,UNKNOWN,,,,
DENSE,joint_n8k1h2_005,joint,6,ref,9,UNKNOWN,,,,
REL,joint_n8k1h2_005,joint,6,ref,9,UNKNOWN,,,,
WL,joint_n8k1h2_005,joint,6,ref,9,UNKNOWN,,,,
W1,joint_n8k1h2_005,joint,6,ref,9,UNKNOWN,,,,
D0,joint_n8k1h2_005,joint,6,ref,9,UNKNOWN,,,,
C0,joint_n8k1h2_005,joint,6,ref,9,UNKNOWN,,,,
T1,joint_n8k1h2_005,joint,6,ref,9,UNKNOWN,,,,
MG,joint_n8k1h2_005,joint,7,off,7,UNKNOWN,,,,
DENSE,joint_n8k1h2_005,joint,7,off,7,UNKNOWN,,,,
REL,joint_n8k1h2_005,joint,7,off,7,UNKNOWN,,,,
WL,joint_n8k1h2_005,joint,7,off,7,UNKNOWN,,,,
W1,joint_n8k1h2_005,joint,7,off,7,UNKNOWN,,,,
D0,joint_n8k1h2_005,joint,7,off,7,UNKNOWN,,,,
C0,joint_n8k1h2_005,joint,7,off,7,UNKNOWN,,,,
T1,joint_n8k1h2_005,joint,7,off,7,UNKNOWN,,,,
MG,joint_n8k1h4_004,joint,0,ref,5,UNKNOWN,,,,
DENSE,joint_n8k1h4_004,joint,0,ref,5,UNKNOWN,,,,
REL,joint_n8k1h4_004,joint,0,ref,5,UNKNOWN,,,,
WL,joint_n8k1h4_004,joint,0,ref,5,UNKNOWN,,,,
W1,joint_n8k1h4_004,joint,0,ref,5,UNKNOWN,,,,
D0,joint_n8k1h4_004,joint,0,ref,5,UNKNOWN,,,,
C0,joint_n8k1h4_004,joint,0,ref,5,UNKNOWN,,,,
T1,joint_n8k1h4_004,joint,0,ref,5,UNKNOWN,,,,
MG,joint_n8k1h4_004,joint,1,ref,6,UNKNOWN,,,,
DENSE,joint_n8k1h4_004,joint,1,ref,6,UNKNOWN,,,,
REL,joint_n8k1h4_004,joint,1,ref,6,UNKNOWN,,,,
WL,joint_n8k1h4_004,joint,1,ref,6,UNKNOWN,,,,
W1,joint_n8k1h4_004,joint,1,ref,6,UNKNOWN,,,,
D0,joint_n8k1h4_004,joint,1,ref,6,UNKNOWN,,,,
C0,joint_n8k1h4_004,joint,1,ref,6,UNKNOWN,,,,
T1,joint_n8k1h4_004,joint,1,ref,6,UNKNOWN,,,,
MG,joint_n8k1h4_004,joint,2,ref,9,UNKNOWN,,,,
DENSE,joint_n8k1h4_004,joint,2,ref,9,UNKNOWN,,,,
REL,joint_n8k1h4_004,joint,2,ref,9,UNKNOWN,,,,
WL,joint_n8k1h4_004,joint,2,ref,9,UNKNOWN,,,,
W1,joint_n8k1h4_004,joint,2,ref,9,UNKNOWN,,,,
D0,joint_n8k1h4_004,joint,2,ref,9,UNKNOWN,,,,
C0,joint_n8k1h4_004,joint,2,ref,9,UNKNOWN,,,,
T1,joint_n8k1h4_004,joint,2,ref,9,UNKNOWN,,,,
MG,joint_n8k1h4_004,joint,3,ref,6,UNKNOWN,,,,
DENSE,joint_n8k1h4_004,joint,3,ref,6,UNKNOWN,,,,
REL,joint_n8k1h4_004,joint,3,ref,6,UNKNOWN,,,,
WL,joint_n8k1h4_004,joint,3,ref,6,UNKNOWN,,,,
W1,joint_n8k1h4_004,joint,3,ref,6,UNKNOWN,,,,
D0,joint_n8k1h4_004,joint,3,ref,6,UNKNOWN,,,,
C0,joint_n8k1h4_004,joint,3,ref,6,UNKNOWN,,,,
T1,joint_n8k1h4_004,joint,3,ref,6,UNKNOWN,,,,
MG,joint_n8k1h4_004,joint,4,ref,9,UNKNOWN,,,,
DENSE,joint_n8k1h4_004,joint,4,ref,9,UNKNOWN,,,,
REL,joint_n8k1h4_004,joint,4,ref,9,UNKNOWN,,,,
WL,joint_n8k1h4_004,joint,4,ref,9,UNKNOWN,,,,
W1,joint_n8k1h4_004,joint,4,ref,9,UNKNOWN,,,,
D0,joint_n8k1h4_004,joint,4,ref,9,UNKNOWN,,,,
C0,joint_n8k1h4_004,joint,4,ref,9,UNKNOWN,,,,
T1,joint_n8k1h4_004,joint,4,ref,9,UNKNOWN,,,,
MG,joint_n8k1h4_004,joint,5,ref,6,UNKNOWN,,,,
DENSE,joint_n8k1h4_004,joint,5,ref,6,UNKNOWN,,,,
REL,joint_n8k1h4_004,joint,5,ref,6,UNKNOWN,,,,
WL,joint_n8k1h4_004,joint,5,ref,6,UNKNOWN,,,,
W1,joint_n8k1h4_004,joint,5,ref,6,UNKNOWN,,,,
D0,joint_n8k1h4_004,joint,5,ref,6,UNKNOWN,,,,
C0,joint_n8k1h4_004,joint,5,ref,6,UNKNOWN,,,,
T1,joint_n8k1h4_004,joint,5,ref,6,UNKNOWN,,,,
MG,joint_n8k1h4_004,joint,6,ref,9,UNKNOWN,,,,
DENSE,joint_n8k1h4_004,joint,6,ref,9,UNKNOWN,,,,
REL,joint_n8k1h4_004,joint,6,ref,9,UNKNOWN,,,,
WL,joint_n8k1h4_004,joint,6,ref,9,UNKNOWN,,,,
W1,joint_n8k1h4_004,joint,6,ref,9,UNKNOWN,,,,
D0,joint_n8k1h4_004,joint,6,ref,9,UNKNOWN,,,,
C0,joint_n8k1h4_004,joint,6,ref,9,UNKNOWN,,,,
T1,joint_n8k1h4_004,joint,6,ref,9,UNKNOWN,,,,
MG,joint_n8k1h4_004,joint,7,off,9,UNKNOWN,,,,
DENSE,joint_n8k1h4_004,joint,7,off,9,UNKNOWN,,,,
REL,joint_n8k1h4_004,joint,7,off,9,UNKNOWN,,,,
WL,joint_n8k1h4_004,joint,7,off,9,UNKNOWN,,,,
W1,joint_n8k1h4_004,joint,7,off,9,UNKNOWN,,,,
D0,joint_n8k1h4_004,joint,7,off,9,UNKNOWN,,,,
C0,joint_n8k1h4_004,joint,7,off,9,UNKNOWN,,,,
T1,joint_n8k1h4_004,joint,7,off,9,UNKNOWN,,,,
MG,joint_n8k1h4_013,joint,0,ref,4,UNKNOWN,,,,
DENSE,joint_n8k1h4_013,joint,0,ref,4,UNKNOWN,,,,
REL,joint_n8k1h4_013,joint,0,ref,4,UNKNOWN,,,,
WL,joint_n8k1h4_013,joint,0,ref,4,UNKNOWN,,,,
W1,joint_n8k1h4_013,joint,0,ref,4,UNKNOWN,,,,
D0,joint_n8k1h4_013,joint,0,ref,4,UNKNOWN,,,,
C0,joint_n8k1h4_013,joint,0,ref,4,UNKNOWN,,,,
T1,joint_n8k1h4_013,joint,0,ref,4,UNKNOWN,,,,
MG,joint_n8k1h4_013,joint,1,ref,6,UNKNOWN,,,,
DENSE,joint_n8k1h4_013,joint,1,ref,6,UNKNOWN,,,,
REL,joint_n8k1h4_013,joint,1,ref,6,UNKNOWN,,,,
WL,joint_n8k1h4_013,joint,1,ref,6,UNKNOWN,,,,
W1,joint_n8k1h4_013,joint,1,ref,6,UNKNOWN,,,,
D0,joint_n8k1h4_013,joint,1,ref,6,UNKNOWN,,,,
C0,joint_n8k1h4_013,joint,1,ref,6,UNKNOWN,,,,
T1,joint_n8k1h4_013,joint,1,ref,6,UNKNOWN,,,,
MG,joint_n8k1h4_013,joint,2,ref,8,UNKNOWN,,,,
DENSE,joint_n8k1h4_013,joint,2,ref,8,UNKNOWN,,,,
REL,joint_n8k1h4_013,joint,2,ref,8,UNKNOWN,,,,
WL,joint_n8k1h4_013,joint,2,ref,8,UNKNOWN,,,,
W1,joint_n8k1h4_013,joint,2,ref,8,UNKNOWN,,,,
D0,joint_n8k1h4_013,joint,2,ref,8,UNKNOWN,,,,
C0,joint_n8k1h4_013,joint,2,ref,8,UNKNOWN,,,,
T1,joint_n8k1h4_013,joint,2,ref,8,UNKNOWN,,,,
MG,joint_n8k1h4_013,joint,3,ref,6,UNKNOWN,,,,
DENSE,joint_n8k1h4_013,joint,3,ref,6,UNKNOWN,,,,
REL,joint_n8k1h4_013,joint,3,ref,6,UNKNOWN,,,,
WL,joint_n8k1h4_013,joint,3,ref,6,UNKNOWN,,,,
W1,joint_n8k1h4_013,joint,3,ref,6,UNKNOWN,,,,
D0,joint_n8k1h4_013,joint,3,ref,6,UNKNOWN,,,,
C0,joint_n8k1h4_013,joint,3,ref,6,UNKNOWN,,,,
T1,joint_n8k1h4_013,joint,3,ref,6,UNKNOWN,,,,
MG,joint_n8k1h4_013,joint,4,ref,8,UNKNOWN,,,,
DENSE,joint_n8k1h4_013,joint,4,ref,8,UNKNOWN,,,,
REL,joint_n8k1h4_013,joint,4,ref,8,UNKNOWN,,,,
WL,joint_n8k1h4_013,joint,4,ref,8,UNKNOWN,,,,
W1,joint_n8k1h4_013,joint,4,ref,8,UNKNOWN,,,,
D0,joint_n8k1h4_013,joint,4,ref,8,UNKNOWN,,,,
C0,joint_n8k1h4_013,joint,4,ref,8,UNKNOWN,,,,
T1,joint_n8k1h4_013,joint,4,ref,8,UNKNOWN,,,,
MG,joint_n8k1h4_013,joint,5,ref,6,UNKNOWN,,,,
DENSE,joint_n8k1h4_013,joint,5,ref,6,UNKNOWN,,,,
REL,joint_n8k1h4_013,joint,5,ref,6,UNKNOWN,,,,
WL,joint_n8k1h4_013,joint,5,ref,6,UNKNOWN,,,,
W1,joint_n8k1h4_013,joint,5,ref,6,UNKNOWN,,,,
D0,joint_n8k1h4_013,joint,5,ref,6,UNKNOWN,,,,
C0,joint_n8k1h4_013,joint,5,ref,6,UNKNOWN,,,,
T1,joint_n8k1h4_013,joint,5,ref,6,UNKNOWN,,,,
MG,joint_n8k1h4_013,joint,6,ref,8,UNKNOWN,,,,
DENSE,joint_n8k1h4_013,joint,6,ref,8,UNKNOWN,,,,
REL,joint_n8k1h4_013,joint,6,ref,8,UNKNOWN,,,,
WL,joint_n8k1h4_013,joint,6,ref,8,UNKNOWN,,,,
W1,joint_n8k1h4_013,joint,6,ref,8,UNKNOWN,,,,
D0,joint_n8k1h4_013,joint,6,ref,8,UNKNOWN,,,,
C0,joint_n8k1h4_013,joint,6,ref,8,UNKNOWN,,,,
T1,joint_n8k1h4_013,joint,6,ref,8,UNKNOWN,,,,
MG,joint_n8k1h4_013,joint,7,off,6,UNKNOWN,,,,
DENSE,joint_n8k1h4_013,joint,7,off,6,UNKNOWN,,,,
REL,joint_n8k1h4_013,joint,7,off,6,UNKNOWN,,,,
WL,joint_n8k1h4_013,joint,7,off,6,UNKNOWN,,,,
W1,joint_n8k1h4_013,joint,7,off,6,UNKNOWN,,,,
D0,joint_n8k1h4_013,joint,7,off,6,UNKNOWN,,,,
C0,joint_n8k1h4_013,joint,7,off,6,UNKNOWN,,,,
T1,joint_n8k1h4_013,joint,7,off,6,UNKNOWN,,,,
MG,joint_n8k2h2_013,joint,0,ref,7,UNKNOWN,,,,
DENSE,joint_n8k2h2_013,joint,0,ref,7,UNKNOWN,,,,
REL,joint_n8k2h2_013,joint,0,ref,7,UNKNOWN,,,,
WL,joint_n8k2h2_013,joint,0,ref,7,UNKNOWN,,,,
W1,joint_n8k2h2_013,joint,0,ref,7,UNKNOWN,,,,
D0,joint_n8k2h2_013,joint,0,ref,7,UNKNOWN,,,,
C0,joint_n8k2h2_013,joint,0,ref,7,UNKNOWN,,,,
T1,joint_n8k2h2_013,joint,0,ref,7,UNKNOWN,,,,
MG,joint_n8k2h2_013,joint,1,ref,8,UNKNOWN,,,,
DENSE,joint_n8k2h2_013,joint,1,ref,8,UNKNOWN,,,,
REL,joint_n8k2h2_013,joint,1,ref,8,UNKNOWN,,,,
WL,joint_n8k2h2_013,joint,1,ref,8,UNKNOWN,,,,
W1,joint_n8k2h2_013,joint,1,ref,8,UNKNOWN,,,,
D0,joint_n8k2h2_013,joint,1,ref,8,UNKNOWN,,,,
C0,joint_n8k2h2_013,joint,1,ref,8,UNKNOWN,,,,
T1,joint_n8k2h2_013,joint,1,ref,8,UNKNOWN,,,,
MG,joint_n8k2h2_013,joint,2,ref,9,UNKNOWN,,,,
DENSE,joint_n8k2h2_013,joint,2,ref,9,UNKNOWN,,,,
REL,joint_n8k2h2_013,joint,2,ref,9,UNKNOWN,,,,
WL,joint_n8k2h2_013,joint,2,ref,9,UNKNOWN,,,,
W1,joint_n8k2h2_013,joint,2,ref,9,UNKNOWN,,,,
D0,joint_n8k2h2_013,joint,2,ref,9,UNKNOWN,,,,
C0,joint_n8k2h2_013,joint,2,ref,9,UNKNOWN,,,,
T1,joint_n8k2h2_013,joint,2,ref,9,UNKNOWN,,,,
MG,joint_n8k2h2_013,joint,3,ref,6,UNKNOWN,,,,
DENSE,joint_n8k2h2_013,joint,3,ref,6,UNKNOWN,,,,
REL,joint_n8k2h2_013,joint,3,ref,6,UNKNOWN,,,,
WL,joint_n8k2h2_013,joint,3,ref,6,UNKNOWN,,,,
W1,joint_n8k2h2_013,joint,3,ref,6,UNKNOWN,,,,
D0,joint_n8k2h2_013,joint,3,ref,6,UNKNOWN,,,,
C0,joint_n8k2h2_013,joint,3,ref,6,UNKNOWN,,,,
T1,joint_n8k2h2_013,joint,3,ref,6,UNKNOWN,,,,
MG,joint_n8k2h2_013,joint,4,ref,9,UNKNOWN,,,,
DENSE,joint_n8k2h2_013,joint,4,ref,9,UNKNOWN,,,,
REL,joint_n8k2h2_013,joint,4,ref,9,UNKNOWN,,,,
WL,joint_n8k2h2_013,joint,4,ref,9,UNKNOWN,,,,
W1,joint_n8k2h2_013,joint,4,ref,9,UNKNOWN,,,,
D0,joint_n8k2h2_013,joint,4,ref,9,UNKNOWN,,,,
C0,joint_n8k2h2_013,joint,4,ref,9,UNKNOWN,,,,
T1,joint_n8k2h2_013,joint,4,ref,9,UNKNOWN,,,,
MG,joint_n8k2h2_013,joint,5,ref,7,UNKNOWN,,,,
DENSE,joint_n8k2h2_013,joint,5,ref,7,UNKNOWN,,,,
REL,joint_n8k2h2_013,joint,5,ref,7,UNKNOWN,,,,
WL,joint_n8k2h2_013,joint,5,ref,7,UNKNOWN,,,,
W1,joint_n8k2h2_013,joint,5,ref,7,UNKNOWN,,,,
D0,joint_n8k2h2_013,joint,5,ref,7,UNKNOWN,,,,
C0,joint_n8k2h2_013,joint,5,ref,7,UNKNOWN,,,,
T1,joint_n8k2h2_013,joint,5,ref,7,UNKNOWN,,,,
MG,joint_n8k2h2_013,joint,6,ref,9,UNKNOWN,,,,
DENSE,joint_n8k2h2_013,joint,6,ref,9,UNKNOWN,,,,
REL,joint_n8k2h2_013,joint,6,ref,9,UNKNOWN,,,,
WL,joint_n8k2h2_013,joint,6,ref,9,UNKNOWN,,,,
W1,joint_n8k2h2_013,joint,6,ref,9,UNKNOWN,,,,
D0,joint_n8k2h2_013,joint,6,ref,9,UNKNOWN,,,,
C0,joint_n8k2h2_013,joint,6,ref,9,UNKNOWN,,,,
T1,joint_n8k2h2_013,joint,6,ref,9,UNKNOWN,,,,
MG,joint_n8k2h2_013,joint,7,off,7,UNKNOWN,,,,
DENSE,joint_n8k2h2_013,joint,7,off,7,UNKNOWN,,,,
REL,joint_n8k2h2_013,joint,7,off,7,UNKNOWN,,,,
WL,joint_n8k2h2_013,joint,7,off,7,UNKNOWN,,,,
W1,joint_n8k2h2_013,joint,7,off,7,UNKNOWN,,,,
D0,joint_n8k2h2_013,joint,7,off,7,UNKNOWN,,,,
C0,joint_n8k2h2_013,joint,7,off,7,UNKNOWN,,,,
T1,joint_n8k2h2_013,joint,7,off,7,UNKNOWN,,,,
MG,joint_n8k2h2_014,joint,0,ref,6,UNKNOWN,,,,
DENSE,joint_n8k2h2_014,joint,0,ref,6,UNKNOWN,,,,
REL,joint_n8k2h2_014,joint,0,ref,6,UNKNOWN,,,,
WL,joint_n8k2h2_014,joint,0,ref,6,UNKNOWN,,,,
W1,joint_n8k2h2_014,joint,0,ref,6,UNKNOWN,,,,
D0,joint_n8k2h2_014,joint,0,ref,6,UNKNOWN,,,,
C0,joint_n8k2h2_014,joint,0,ref,6,UNKNOWN,,,,
T1,joint_n8k2h2_014,joint,0,ref,6,UNKNOWN,,,,
MG,joint_n8k2h2_014,joint,1,ref,6,UNKNOWN,,,,
DENSE,joint_n8k2h2_014,joint,1,ref,6,UNKNOWN,,,,
REL,joint_n8k2h2_014,joint,1,ref,6,UNKNOWN,,,,
WL,joint_n8k2h2_014,joint,1,ref,6,UNKNOWN,,,,
W1,joint_n8k2h2_014,joint,1,ref,6,UNKNOWN,,,,
D0,joint_n8k2h2_014,joint,1,ref,6,UNKNOWN,,,,
C0,joint_n8k2h2_014,joint,1,ref,6,UNKNOWN,,,,
T1,joint_n8k2h2_014,joint,1,ref,6,UNKNOWN,,,,
MG,joint_n8k2h2_014,joint,2,ref,9,UNKNOWN,,,,
DENSE,joint_n8k2h2_014,joint,2,ref,9,UNKNOWN,,,,
REL,joint_n8k2h2_014,joint,2,ref,9,UNKNOWN,,,,
WL,joint_n8k2h2_014,joint,2,ref,9,UNKNOWN,,,,
W1,joint_n8k2h2_014,joint,2,ref,9,UNKNOWN,,,,
D0,joint_n8k2h2_014,joint,2,ref,9,UNKNOWN,,,,
C0,joint_n8k2h2_014,joint,2,ref,9,UNKNOWN,,,,
T1,joint_n8k2h2_014,joint,2,ref,9,UNKNOWN,,,,
MG,joint_n8k2h2_014,joint,3,ref,7,UNKNOWN,,,,
DENSE,joint_n8k2h2_014,joint,3,ref,7,UNKNOWN,,,,
REL,joint_n8k2h2_014,joint,3,ref,7,UNKNOWN,,,,
WL,joint_n8k2h2_014,joint,3,ref,7,UNKNOWN,,,,
W1,joint_n8k2h2_014,joint,3,ref,7,UNKNOWN,,,,
D0,joint_n8k2h2_014,joint,3,ref,7,UNKNOWN,,,,
C0,joint_n8k2h2_014,joint,3,ref,7,UNKNOWN,,,,
T1,joint_n8k2h2_014,joint,3,ref,7,UNKNOWN,,,,
MG,joint_n8k2h2_014,joint,4,ref,9,UNKNOWN,,,,
DENSE,joint_n8k2h2_014,joint,4,ref,9,UNKNOWN,,,,
REL,joint_n8k2h2_014,joint,4,ref,9,UNKNOWN,,,,
WL,joint_n8k2h2_014,joint,4,ref,9,UNKNOWN,,,,
W1,joint_n8k2h2_014,joint,4,ref,9,UNKNOWN,,,,
D0,joint_n8k2h2_014,joint,4,ref,9,UNKNOWN,,,,
C0,joint_n8k2h2_014,joint,4,ref,9,UNKNOWN,,,,
T1,joint_n8k2h2_014,joint,4,ref,9,UNKNOWN,,,,
MG,joint_n8k2h2_014,joint,5,ref,7,UNKNOWN,,,,
DENSE,joint_n8k2h2_014,joint,5,ref,7,UNKNOWN,,,,
REL,joint_n8k2h2_014,joint,5,ref,7,UNKNOWN,,,,
WL,joint_n8k2h2_014,joint,5,ref,7,UNKNOWN,,,,
W1,joint_n8k2h2_014,joint,5,ref,7,UNKNOWN,,,,
D0,joint_n8k2h2_014,joint,5,ref,7,UNKNOWN,,,,
C0,joint_n8k2h2_014,joint,5,ref,7,UNKNOWN,,,,
T1,joint_n8k2h2_014,joint,5,ref,7,UNKNOWN,,,,
MG,joint_n8k2h2_014,joint,6,ref,9,UNKNOWN,,,,
DENSE,joint_n8k2h2_014,joint,6,ref,9,UNKNOWN,,,,
REL,joint_n8k2h2_014,joint,6,ref,9,UNKNOWN,,,,
WL,joint_n8k2h2_014,joint,6,ref,9,UNKNOWN,,,,
W1,joint_n8k2h2_014,joint,6,ref,9,UNKNOWN,,,,
D0,joint_n8k2h2_014,joint,6,ref,9,UNKNOWN,,,,
C0,joint_n8k2h2_014,joint,6,ref,9,UNKNOWN,,,,
T1,joint_n8k2h2_014,joint,6,ref,9,UNKNOWN,,,,
MG,joint_n8k2h2_014,joint,7,off,8,UNKNOWN,,,,
DENSE,joint_n8k2h2_014,joint,7,off,8,UNKNOWN,,,,
REL,joint_n8k2h2_014,joint,7,off,8,UNKNOWN,,,,
WL,joint_n8k2h2_014,joint,7,off,8,UNKNOWN,,,,
W1,joint_n8k2h2_014,joint,7,off,8,UNKNOWN,,,,
D0,joint_n8k2h2_014,joint,7,off,8,UNKNOWN,,,,
C0,joint_n8k2h2_014,joint,7,off,8,UNKNOWN,,,,
T1,joint_n8k2h2_014,joint,7,off,8,UNKNOWN,,,,
MG,joint_n8k2h4_005,joint,0,ref,6,UNKNOWN,,,,
DENSE,joint_n8k2h4_005,joint,0,ref,6,UNKNOWN,,,,
REL,joint_n8k2h4_005,joint,0,ref,6,UNKNOWN,,,,
WL,joint_n8k2h4_005,joint,0,ref,6,UNKNOWN,,,,
W1,joint_n8k2h4_005,joint,0,ref,6,UNKNOWN,,,,
D0,joint_n8k2h4_005,joint,0,ref,6,UNKNOWN,,,,
C0,joint_n8k2h4_005,joint,0,ref,6,UNKNOWN,,,,
T1,joint_n8k2h4_005,joint,0,ref,6,UNKNOWN,,,,
MG,joint_n8k2h4_005,joint,1,ref,9,UNKNOWN,,,,
DENSE,joint_n8k2h4_005,joint,1,ref,9,UNKNOWN,,,,
REL,joint_n8k2h4_005,joint,1,ref,9,UNKNOWN,,,,
WL,joint_n8k2h4_005,joint,1,ref,9,UNKNOWN,,,,
W1,joint_n8k2h4_005,joint,1,ref,9,UNKNOWN,,,,
D0,joint_n8k2h4_005,joint,1,ref,9,UNKNOWN,,,,
C0,joint_n8k2h4_005,joint,1,ref,9,UNKNOWN,,,,
T1,joint_n8k2h4_005,joint,1,ref,9,UNKNOWN,,,,
MG,joint_n8k2h4_005,joint,2,ref,7,UNKNOWN,,,,
DENSE,joint_n8k2h4_005,joint,2,ref,7,UNKNOWN,,,,
REL,joint_n8k2h4_005,joint,2,ref,7,UNKNOWN,,,,
WL,joint_n8k2h4_005,joint,2,ref,7,UNKNOWN,,,,
W1,joint_n8k2h4_005,joint,2,ref,7,UNKNOWN,,,,
D0,joint_n8k2h4_005,joint,2,ref,7,UNKNOWN,,,,
C0,joint_n8k2h4_005,joint,2,ref,7,UNKNOWN,,,,
T1,joint_n8k2h4_005,joint,2,ref,7,UNKNOWN,,,,
MG,joint_n8k2h4_005,joint,3,ref,6,UNKNOWN,,,,
DENSE,joint_n8k2h4_005,joint,3,ref,6,UNKNOWN,,,,
REL,joint_n8k2h4_005,joint,3,ref,6,UNKNOWN,,,,
WL,joint_n8k2h4_005,joint,3,ref,6,UNKNOWN,,,,
W1,joint_n8k2h4_005,joint,3,ref,6,UNKNOWN,,,,
D0,joint_n8k2h4_005,joint,3,ref,6,UNKNOWN,,,,
C0,joint_n8k2h4_005,joint,3,ref,6,UNKNOWN,,,,
T1,joint_n8k2h4_005,joint,3,ref,6,UNKNOWN,,,,
MG,joint_n8k2h4_005,joint,4,ref,9,UNKNOWN,,,,
DENSE,joint_n8k2h4_005,joint,4,ref,9,UNKNOWN,,,,
REL,joint_n8k2h4_005,joint,4,ref,9,UNKNOWN,,,,
WL,joint_n8k2h4_005,joint,4,ref,9,UNKNOWN,,,,
W1,joint_n8k2h4_005,joint,4,ref,9,UNKNOWN,,,,
D0,joint_n8k2h4_005,joint,4,ref,9,UNKNOWN,,,,
C0,joint_n8k2h4_005,joint,4,ref,9,UNKNOWN,,,,
T1,joint_n8k2h4_005,joint,4,ref,9,UNKNOWN,,,,
MG,joint_n8k2h4_005,joint,5,ref,6,UNKNOWN,,,,
DENSE,joint_n8k2h4_005,joint,5,ref,6,UNKNOWN,,,,
REL,joint_n8k2h4_005,joint,5,ref,6,UNKNOWN,,,,
WL,joint_n8k2h4_005,joint,5,ref,6,UNKNOWN,,,,
W1,joint_n8k2h4_005,joint,5,ref,6,UNKNOWN,,,,
D0,joint_n8k2h4_005,joint,5,ref,6,UNKNOWN,,,,
C0,joint_n8k2h4_005,joint,5,ref,6,UNKNOWN,,,,
T1,joint_n8k2h4_005,joint,5,ref,6,UNKNOWN,,,,
MG,joint_n8k2h4_005,joint,6,ref,9,UNKNOWN,,,,
DENSE,joint_n8k2h4_005,joint,6,ref,9,UNKNOWN,,,,
REL,joint_n8k2h4_005,joint,6,ref,9,UNKNOWN,,,,
WL,joint_n8k2h4_005,joint,6,ref,9,UNKNOWN,,,,
W1,joint_n8k2h4_005,joint,6,ref,9,UNKNOWN,,,,
D0,joint_n8k2h4_005,joint,6,ref,9,UNKNOWN,,,,
C0,joint_n8k2h4_005,joint,6,ref,9,UNKNOWN,,,,
T1,joint_n8k2h4_005,joint,6,ref,9,UNKNOWN,,,,
MG,joint_n8k2h4_005,joint,7,off,5,UNKNOWN,,,,
DENSE,joint_n8k2h4_005,joint,7,off,5,UNKNOWN,,,,
REL,joint_n8k2h4_005,joint,7,off,5,UNKNOWN,,,,
WL,joint_n8k2h4_005,joint,7,off,5,UNKNOWN,,,,
W1,joint_n8k2h4_005,joint,7,off,5,UNKNOWN,,,,
D0,joint_n8k2h4_005,joint,7,off,5,UNKNOWN,,,,
C0,joint_n8k2h4_005,joint,7,off,5,UNKNOWN,,,,
T1,joint_n8k2h4_005,joint,7,off,5,UNKNOWN,,,,
MG,joint_n8k2h4_015,joint,0,ref,7,UNKNOWN,,,,
DENSE,joint_n8k2h4_015,joint,0,ref,7,UNKNOWN,,,,
REL,joint_n8k2h4_015,joint,0,ref,7,UNKNOWN,,,,
WL,joint_n8k2h4_015,joint,0,ref,7,UNKNOWN,,,,
W1,joint_n8k2h4_015,joint,0,ref,7,UNKNOWN,,,,
D0,joint_n8k2h4_015,joint,0,ref,7,UNKNOWN,,,,
C0,joint_n8k2h4_015,joint,0,ref,7,UNKNOWN,,,,
T1,joint_n8k2h4_015,joint,0,ref,7,UNKNOWN,,,,
MG,joint_n8k2h4_015,joint,1,ref,8,UNKNOWN,,,,
DENSE,joint_n8k2h4_015,joint,1,ref,8,UNKNOWN,,,,
REL,joint_n8k2h4_015,joint,1,ref,8,UNKNOWN,,,,
WL,joint_n8k2h4_015,joint,1,ref,8,UNKNOWN,,,,
W1,joint_n8k2h4_015,joint,1,ref,8,UNKNOWN,,,,
D0,joint_n8k2h4_015,joint,1,ref,8,UNKNOWN,,,,
C0,joint_n8k2h4_015,joint,1,ref,8,UNKNOWN,,,,
T1,joint_n8k2h4_015,joint,1,ref,8,UNKNOWN,,,,
MG,joint_n8k2h4_015,joint,2,ref,7,UNKNOWN,,,,
DENSE,joint_n8k2h4_015,joint,2,ref,7,UNKNOWN,,,,
REL,joint_n8k2h4_015,joint,2,ref,7,UNKNOWN,,,,
WL,joint_n8k2h4_015,joint,2,ref,7,UNKNOWN,,,,
W1,joint_n8k2h4_015,joint,2,ref,7,UNKNOWN,,,,
D0,joint_n8k2h4_015,joint,2,ref,7,UNKNOWN,,,,
C0,joint_n8k2h4_015,joint,2,ref,7,UNKNOWN,,,,
T1,joint_n8k2h4_015,joint,2,ref,7,UNKNOWN,,,,
MG,joint_n8k2h4_015,joint,3,ref,6,UNKNOWN,,,,
DENSE,joint_n8k2h4_015,joint,3,ref,6,UNKNOWN,,,,
REL,joint_n8k2h4_015,joint,3,ref,6,UNKNOWN,,,,
WL,joint_n8k2h4_015,joint,3,ref,6,UNKNOWN,,,,
W1,joint_n8k2h4_015,joint,3,ref,6,UNKNOWN,,,,
D0,joint_n8k2h4_015,joint,3,ref,6,UNKNOWN,,,,
C0,joint_n8k2h4_015,joint,3,ref,6,UNKNOWN,,,,
T1,joint_n8k2h4_015,joint,3,ref,6,UNKNOWN,,,,
MG,joint_n8k2h4_015,joint,4,ref,8,UNKNOWN,,,,
DENSE,joint_n8k2h4_015,joint,4,ref,8,UNKNOWN,,,,
REL,joint_n8k2h4_015,joint,4,ref,8,UNKNOWN,,,,
WL,joint_n8k2h4_015,joint,4,ref,8,UNKNOWN,,,,
W1,joint_n8k2h4_015,joint,4,ref,8,UNKNOWN,,,,
D0,joint_n8k2h4_015,joint,4,ref,8,UNKNOWN,,,,
C0,joint_n8k2h4_015,joint,4,ref,8,UNKNOWN,,,,
T1,joint_n8k2h4_015,joint,4,ref,8,UNKNOWN,,,,
MG,joint_n8k2h4_015,joint,5,ref,6,UNKNOWN,,,,
DENSE,joint_n8k2h4_015,joint,5,ref,6,UNKNOWN,,,,
REL,joint_n8k2h4_015,joint,5,ref,6,UNKNOWN,,,,
WL,joint_n8k2h4_015,joint,5,ref,6,UNKNOWN,,,,
W1,joint_n8k2h4_015,joint,5,ref,6,UNKNOWN,,,,
D0,joint_n8k2h4_015,joint,5,ref,6,UNKNOWN,,,,
C0,joint_n8k2h4_015,joint,5,ref,6,UNKNOWN,,,,
T1,joint_n8k2h4_015,joint,5,ref,6,UNKNOWN,,,,
MG,joint_n8k2h4_015,joint,6,ref,8,UNKNOWN,,,,
DENSE,joint_n8k2h4_015,joint,6,ref,8,UNKNOWN,,,,
REL,joint_n8k2h4_015,joint,6,ref,8,UNKNOWN,,,,
WL,joint_n8k2h4_015,joint,6,ref,8,UNKNOWN,,,,
W1,joint_n8k2h4_015,joint,6,ref,8,UNKNOWN,,,,
D0,joint_n8k2h4_015,joint,6,ref,8,UNKNOWN,,,,
C0,joint_n8k2h4_015,joint,6,ref,8,UNKNOWN,,,,
T1,joint_n8k2h4_015,joint,6,ref,8,UNKNOWN,,,,
MG,joint_n8k2h4_015,joint,7,off,8,UNKNOWN,,,,
DENSE,joint_n8k2h4_015,joint,7,off,8,UNKNOWN,,,,
REL,joint_n8k2h4_015,joint,7,off,8,UNKNOWN,,,,
WL,joint_n8k2h4_015,joint,7,off,8,UNKNOWN,,,,
W1,joint_n8k2h4_015,joint,7,off,8,UNKNOWN,,,,
D0,joint_n8k2h4_015,joint,7,off,8,UNKNOWN,,,,
C0,joint_n8k2h4_015,joint,7,off,8,UNKNOWN,,,,
T1,joint_n8k2h4_015,joint,7,off,8,UNKNOWN,,,,
MG,struct_n4_001,struct,0,ref,3,OK,True,0,3,1
DENSE,struct_n4_001,struct,0,ref,3,OK,True,0,3,1
REL,struct_n4_001,struct,0,ref,3,OK,True,0,3,1
WL,struct_n4_001,struct,0,ref,3,OK,True,0,3,1
W1,struct_n4_001,struct,0,ref,3,OK,True,0,3,1
D0,struct_n4_001,struct,0,ref,3,OK,True,0,3,1
C0,struct_n4_001,struct,0,ref,3,OK,True,0,3,1
T1,struct_n4_001,struct,0,ref,3,OK,True,0,3,1
MG,struct_n4_001,struct,1,ref,5,OK,True,0,2,1
DENSE,struct_n4_001,struct,1,ref,5,OK,True,0,2,1
REL,struct_n4_001,struct,1,ref,5,OK,True,0,2,1
WL,struct_n4_001,struct,1,ref,5,OK,True,0,2,1
W1,struct_n4_001,struct,1,ref,5,OK,True,0,2,1
D0,struct_n4_001,struct,1,ref,5,OK,True,0,2,1
C0,struct_n4_001,struct,1,ref,5,OK,True,0,2,1
T1,struct_n4_001,struct,1,ref,5,OK,True,0,2,1
MG,struct_n4_001,struct,2,ref,4,OK,True,0,1,1
DENSE,struct_n4_001,struct,2,ref,4,OK,True,0,1,1
REL,struct_n4_001,struct,2,ref,4,OK,True,0,1,1
WL,struct_n4_001,struct,2,ref,4,OK,True,0,1,3
W1,struct_n4_001,struct,2,ref,4,OK,True,0,1,3
D0,struct_n4_001,struct,2,ref,4,OK,True,0,1,1
C0,struct_n4_001,struct,2,ref,4,OK,True,0,1,1
T1,struct_n4_001,struct,2,ref,4,OK,True,0,1,1
MG,struct_n4_001,struct,3,ref,4,OK,True,0,1,1
DENSE,struct_n4_001,struct,3,ref,4,OK,True,0,1,1
REL,struct_n4_001,struct,3,ref,4,OK,True,0,1,1
WL,struct_n4_001,struct,3,ref,4,OK,False,2,1,3
W1,struct_n4_001,struct,3,ref,4,OK,False,2,1,3
D0,struct_n4_001,struct,3,ref,4,OK,True,0,1,1
C0,struct_n4_001,struct,3,ref,4,OK,True,0,1,1
T1,struct_n4_001,struct,3,ref,4,OK,True,0,1,1
MG,struct_n4_001,struct,4,ref,5,OK,True,0,1,1
DENSE,struct_n4_001,struct,4,ref,5,OK,True,0,1,1
REL,struct_n4_001,struct,4,ref,5,OK,True,0,1,1
WL,struct_n4_001,struct,4,ref,5,OK,True,0,1,1
W1,struct_n4_001,struct,4,ref,5,OK,True,0,1,1
D0,struct_n4_001,struct,4,ref,5,OK,True,0,1,1
C0,struct_n4_001,struct,4,ref,5,OK,True,0,1,1
T1,struct_n4_001,struct,4,ref,5,OK,True,0,1,1
MG,struct_n4_001,struct,5,ref,4,OK,True,0,1,1
DENSE,struct_n4_001,struct,5,ref,4,OK,True,0,1,1
REL,struct_n4_001,struct,5,ref,4,OK,True,0,1,1
WL,struct_n4_001,struct,5,ref,4,OK,False,2,1,2
W1,struct_n4_001,struct,5,ref,4,OK,False,2,1,2
D0,struct_n4_001,struct,5,ref,4,OK,True,0,1,1
C0,struct_n4_001,struct,5,ref,4,OK,True,0,1,1
T1,struct_n4_001,struct,5,ref,4,OK,True,0,1,1
MG,struct_n4_001,struct,6,ref,5,OK,True,0,1,1
DENSE,struct_n4_001,struct,6,ref,5,OK,True,0,1,1
REL,struct_n4_001,struct,6,ref,5,OK,True,0,1,1
WL,struct_n4_001,struct,6,ref,5,OK,True,0,1,1
W1,struct_n4_001,struct,6,ref,5,OK,True,0,1,1
D0,struct_n4_001,struct,6,ref,5,OK,True,0,1,1
C0,struct_n4_001,struct,6,ref,5,OK,True,0,1,1
T1,struct_n4_001,struct,6,ref,5,OK,True,0,1,1
MG,struct_n4_001,struct,7,off,5,OK,True,0,1,1
DENSE,struct_n4_001,struct,7,off,5,OK,True,0,1,1
REL,struct_n4_001,struct,7,off,5,OK,True,0,1,1
WL,struct_n4_001,struct,7,off,5,OK,True,0,1,1
W1,struct_n4_001,struct,7,off,5,OK,True,0,1,1
D0,struct_n4_001,struct,7,off,5,OK,True,0,1,1
C0,struct_n4_001,struct,7,off,5,OK,True,0,1,1
T1,struct_n4_001,struct,7,off,5,OK,True,0,1,1
MG,struct_n4_002,struct,0,ref,4,OK,True,0,4,1
DENSE,struct_n4_002,struct,0,ref,4,OK,True,0,4,1
REL,struct_n4_002,struct,0,ref,4,OK,True,0,4,1
WL,struct_n4_002,struct,0,ref,4,OK,True,0,4,3
W1,struct_n4_002,struct,0,ref,4,OK,True,0,4,3
D0,struct_n4_002,struct,0,ref,4,OK,True,0,4,1
C0,struct_n4_002,struct,0,ref,4,OK,True,0,4,1
T1,struct_n4_002,struct,0,ref,4,OK,True,0,4,1
MG,struct_n4_002,struct,1,ref,4,OK,True,0,2,1
DENSE,struct_n4_002,struct,1,ref,4,OK,True,0,2,1
REL,struct_n4_002,struct,1,ref,4,OK,True,0,2,1
WL,struct_n4_002,struct,1,ref,4,OK,True,0,2,2
W1,struct_n4_002,struct,1,ref,4,OK,True,0,2,1
D0,struct_n4_002,struct,1,ref,4,OK,True,0,2,1
C0,struct_n4_002,struct,1,ref,4,OK,True,0,2,1
T1,struct_n4_002,struct,1,ref,4,OK,True,0,2,1
MG,struct_n4_002,struct,2,ref,4,OK,True,0,1,1
DENSE,struct_n4_002,struct,2,ref,4,OK,True,0,1,1
REL,struct_n4_002,struct,2,ref,4,OK,True,0,1,1
WL,struct_n4_002,struct,2,ref,4,OK,False,2,1,2
W1,struct_n4_002,struct,2,ref,4,OK,False,2,1,2
D0,struct_n4_002,struct,2,ref,4,OK,True,0,1,1
C0,struct_n4_002,struct,2,ref,4,OK,True,0,1,1
T1,struct_n4_002,struct,2,ref,4,OK,True,0,1,1
MG,struct_n4_002,struct,3,ref,4,OK,True,0,1,1
DENSE,struct_n4_002,struct,3,ref,4,OK,True,0,1,1
REL,struct_n4_002,struct,3,ref,4,OK,True,0,1,1
WL,struct_n4_002,struct,3,ref,4,OK,False,2,1,3
W1,struct_n4_002,struct,3,ref,4,OK,False,2,1,3
D0,struct_n4_002,struct,3,ref,4,OK,True,0,1,1
C0,struct_n4_002,struct,3,ref,4,OK,True,0,1,1
T1,struct_n4_002,struct,3,ref,4,OK,True,0,1,1
MG,struct_n4_002,struct,4,ref,4,OK,True,0,1,1
DENSE,struct_n4_002,struct,4,ref,4,OK,True,0,1,1
REL,struct_n4_002,struct,4,ref,4,OK,True,0,1,1
WL,struct_n4_002,struct,4,ref,4,OK,True,0,1,1
W1,struct_n4_002,struct,4,ref,4,OK,True,0,1,1
D0,struct_n4_002,struct,4,ref,4,OK,True,0,1,1
C0,struct_n4_002,struct,4,ref,4,OK,True,0,1,1
T1,struct_n4_002,struct,4,ref,4,OK,True,0,1,1
MG,struct_n4_002,struct,5,ref,4,OK,True,0,1,1
DENSE,struct_n4_002,struct,5,ref,4,OK,True,0,1,1
REL,struct_n4_002,struct,5,ref,4,OK,True,0,1,1
WL,struct_n4_002,struct,5,ref,4,OK,False,2,1,2
W1,struct_n4_002,struct,5,ref,4,OK,False,2,1,2
D0,struct_n4_002,struct,5,ref,4,OK,True,0,1,1
C0,struct_n4_002,struct,5,ref,4,OK,True,0,1,1
T1,struct_n4_002,struct,5,ref,4,OK,True,0,1,1
MG,struct_n4_002,struct,6,ref,4,OK,True,0,1,1
DENSE,struct_n4_002,struct,6,ref,4,OK,True,0,1,1
REL,struct_n4_002,struct,6,ref,4,OK,True,0,1,1
WL,struct_n4_002,struct,6,ref,4,OK,True,0,1,1
W1,struct_n4_002,struct,6,ref,4,OK,True,0,1,1
D0,struct_n4_002,struct,6,ref,4,OK,True,0,1,1
C0,struct_n4_002,struct,6,ref,4,OK,True,0,1,1
T1,struct_n4_002,struct,6,ref,4,OK,True,0,1,1
MG,struct_n4_002,struct,7,off,6,OK,True,0,2,1
DENSE,struct_n4_002,struct,7,off,6,OK,True,0,2,1
REL,struct_n4_002,struct,7,off,6,OK,True,0,2,1
WL,struct_n4_002,struct,7,off,6,OK,True,0,2,1
W1,struct_n4_002,struct,7,off,6,OK,True,0,2,1
D0,struct_n4_002,struct,7,off,6,OK,True,0,2,1
C0,struct_n4_002,struct,7,off,6,OK,True,0,2,1
T1,struct_n4_002,struct,7,off,6,OK,True,0,2,1
MG,struct_n4_003,struct,0,ref,5,OK,True,0,1,1
DENSE,struct_n4_003,struct,0,ref,5,OK,True,0,1,1
REL,struct_n4_003,struct,0,ref,5,OK,True,0,1,1
WL,struct_n4_003,struct,0,ref,5,OK,False,2,1,3
W1,struct_n4_003,struct,0,ref,5,OK,False,2,1,3
D0,struct_n4_003,struct,0,ref,5,OK,True,0,1,1
C0,struct_n4_003,struct,0,ref,5,OK,True,0,1,1
T1,struct_n4_003,struct,0,ref,5,OK,True,0,1,1
MG,struct_n4_003,struct,1,ref,5,OK,True,0,2,1
DENSE,struct_n4_003,struct,1,ref,5,OK,True,0,2,1
REL,struct_n4_003,struct,1,ref,5,OK,True,0,2,1
WL,struct_n4_003,struct,1,ref,5,OK,False,2,2,2
W1,struct_n4_003,struct,1,ref,5,OK,False,2,2,2
D0,struct_n4_003,struct,1,ref,5,OK,True,0,2,1
C0,struct_n4_003,struct,1,ref,5,OK,True,0,2,1
T1,struct_n4_003,struct,1,ref,5,OK,True,0,2,1
MG,struct_n4_003,struct,2,ref,5,OK,True,0,2,1
DENSE,struct_n4_003,struct,2,ref,5,OK,True,0,2,1
REL,struct_n4_003,struct,2,ref,5,OK,True,0,2,1
WL,struct_n4_003,struct,2,ref,5,OK,True,0,2,1
W1,struct_n4_003,struct,2,ref,5,OK,True,0,2,1
D0,struct_n4_003,struct,2,ref,5,OK,True,0,2,1
C0,struct_n4_003,struct,2,ref,5,OK,True,0,2,1
T1,struct_n4_003,struct,2,ref,5,OK,True,0,2,1
MG,struct_n4_003,struct,3,ref,6,OK,True,0,2,1
DENSE,struct_n4_003,struct,3,ref,6,OK,True,0,2,1
REL,struct_n4_003,struct,3,ref,6,OK,True,0,2,1
WL,struct_n4_003,struct,3,ref,6,OK,True,0,2,1
W1,struct_n4_003,struct,3,ref,6,OK,True,0,2,1
D0,struct_n4_003,struct,3,ref,6,OK,True,0,2,1
C0,struct_n4_003,struct,3,ref,6,OK,True,0,2,1
T1,struct_n4_003,struct,3,ref,6,OK,True,0,2,1
MG,struct_n4_003,struct,4,ref,4,OK,True,0,1,1
DENSE,struct_n4_003,struct,4,ref,4,OK,True,0,1,1
REL,struct_n4_003,struct,4,ref,4,OK,True,0,1,1
WL,struct_n4_003,struct,4,ref,4,OK,False,2,1,2
W1,struct_n4_003,struct,4,ref,4,OK,False,2,1,2
D0,struct_n4_003,struct,4,ref,4,OK,True,0,1,1
C0,struct_n4_003,struct,4,ref,4,OK,True,0,1,1
T1,struct_n4_003,struct,4,ref,4,OK,True,0,1,1
MG,struct_n4_003,struct,5,ref,4,OK,True,0,1,1
DENSE,struct_n4_003,struct,5,ref,4,OK,True,0,1,1
REL,struct_n4_003,struct,5,ref,4,OK,True,0,1,1
WL,struct_n4_003,struct,5,ref,4,OK,True,0,1,1
W1,struct_n4_003,struct,5,ref,4,OK,True,0,1,1
D0,struct_n4_003,struct,5,ref,4,OK,True,0,1,1
C0,struct_n4_003,struct,5,ref,4,OK,True,0,1,1
T1,struct_n4_003,struct,5,ref,4,OK,True,0,1,1
MG,struct_n4_003,struct,6,off,4,OK,True,0,1,1
DENSE,struct_n4_003,struct,6,off,4,OK,True,0,1,1
REL,struct_n4_003,struct,6,off,4,OK,True,0,1,1
WL,struct_n4_003,struct,6,off,4,OK,True,0,1,1
W1,struct_n4_003,struct,6,off,4,OK,True,0,1,1
D0,struct_n4_003,struct,6,off,4,OK,True,0,1,1
C0,struct_n4_003,struct,6,off,4,OK,True,0,1,1
T1,struct_n4_003,struct,6,off,4,OK,True,0,1,1
MG,struct_n4_003,struct,7,off,5,OK,True,0,2,1
DENSE,struct_n4_003,struct,7,off,5,OK,True,0,2,1
REL,struct_n4_003,struct,7,off,5,OK,True,0,2,1
WL,struct_n4_003,struct,7,off,5,OK,True,0,2,1
W1,struct_n4_003,struct,7,off,5,OK,True,0,2,2
D0,struct_n4_003,struct,7,off,5,OK,True,0,2,1
C0,struct_n4_003,struct,7,off,5,OK,True,0,2,1
T1,struct_n4_003,struct,7,off,5,OK,True,0,2,1
MG,struct_n4_004,struct,0,ref,3,OK,True,0,3,1
DENSE,struct_n4_004,struct,0,ref,3,OK,True,0,3,1
REL,struct_n4_004,struct,0,ref,3,OK,True,0,3,1
WL,struct_n4_004,struct,0,ref,3,OK,True,0,3,2
W1,struct_n4_004,struct,0,ref,3,OK,True,0,3,2
D0,struct_n4_004,struct,0,ref,3,OK,True,0,3,1
C0,struct_n4_004,struct,0,ref,3,OK,True,0,3,1
T1,struct_n4_004,struct,0,ref,3,OK,True,0,3,1
MG,struct_n4_004,struct,1,ref,4,OK,False,2,1,1
DENSE,struct_n4_004,struct,1,ref,4,OK,True,0,1,1
REL,struct_n4_004,struct,1,ref,4,OK,True,0,1,1
WL,struct_n4_004,struct,1,ref,4,OK,False,2,1,2
W1,struct_n4_004,struct,1,ref,4,OK,True,0,1,1
D0,struct_n4_004,struct,1,ref,4,OK,True,0,1,1
C0,struct_n4_004,struct,1,ref,4,OK,True,0,1,1
T1,struct_n4_004,struct,1,ref,4,OK,False,2,1,1
MG,struct_n4_004,struct,2,ref,4,OK,True,0,1,1
DENSE,struct_n4_004,struct,2,ref,4,OK,True,0,1,1
REL,struct_n4_004,struct,2,ref,4,OK,True,0,1,1
WL,struct_n4_004,struct,2,ref,4,OK,True,0,1,1
W1,struct_n4_004,struct,2,ref,4,OK,True,0,1,1
D0,struct_n4_004,struct,2,ref,4,OK,True,0,1,1
C0,struct_n4_004,struct,2,ref,4,OK,True,0,1,1
T1,struct_n4_004,struct,2,ref,4,OK,True,0,1,1
MG,struct_n4_004,struct,3,ref,4,OK,True,0,1,1
DENSE,struct_n4_004,struct,3,ref,4,OK,True,0,1,1
REL,struct_n4_004,struct,3,ref,4,OK,True,0,1,1
WL,struct_n4_004,struct,3,ref,4,OK,False,2,1,3
W1,struct_n4_004,struct,3,ref,4,OK,False,2,1,3
D0,struct_n4_004,struct,3,ref,4,OK,True,0,1,1
C0,struct_n4_004,struct,3,ref,4,OK,True,0,1,1
T1,struct_n4_004,struct,3,ref,4,OK,True,0,1,1
MG,struct_n4_004,struct,4,ref,4,OK,True,0,1,1
DENSE,struct_n4_004,struct,4,ref,4,OK,True,0,1,1
REL,struct_n4_004,struct,4,ref,4,OK,True,0,1,1
WL,struct_n4_004,struct,4,ref,4,OK,True,0,1,1
W1,struct_n4_004,struct,4,ref,4,OK,True,0,1,1
D0,struct_n4_004,struct,4,ref,4,OK,True,0,1,1
C0,struct_n4_004,struct,4,ref,4,OK,True,0,1,1
T1,struct_n4_004,struct,4,ref,4,OK,True,0,1,1
MG,struct_n4_004,struct,5,ref,4,OK,True,0,1,1
DENSE,struct_n4_004,struct,5,ref,4,OK,True,0,1,1
REL,struct_n4_004,struct,5,ref,4,OK,True,0,1,1
WL,struct_n4_004,struct,5,ref,4,OK,False,2,1,2
W1,struct_n4_004,struct,5,ref,4,OK,False,2,1,2
D0,struct_n4_004,struct,5,ref,4,OK,True,0,1,1
C0,struct_n4_004,struct,5,ref,4,OK,True,0,1,1
T1,struct_n4_004,struct,5,ref,4,OK,True,0,1,1
MG,struct_n4_004,struct,6,ref,4,OK,True,0,1,1
DENSE,struct_n4_004,struct,6,ref,4,OK,True,0,1,1
REL,struct_n4_004,struct,6,ref,4,OK,True,0,1,1
WL,struct_n4_004,struct,6,ref,4,OK,True,0,1,1
W1,struct_n4_004,struct,6,ref,4,OK,True,0,1,1
D0,struct_n4_004,struct,6,ref,4,OK,True,0,1,1
C0,struct_n4_004,struct,6,ref,4,OK,True,0,1,1
T1,struct_n4_004,struct,6,ref,4,OK,True,0,1,1
MG,struct_n4_004,struct,7,off,5,OK,True,0,1,1
DENSE,struct_n4_004,struct,7,off,5,OK,True,0,1,1
REL,struct_n4_004,struct,7,off,5,OK,True,0,1,1
WL,struct_n4_004,struct,7,off,5,OK,True,0,1,1
W1,struct_n4_004,struct,7,off,5,OK,True,0,1,1
D0,struct_n4_004,struct,7,off,5,OK,True,0,1,1
C0,struct_n4_004,struct,7,off,5,OK,True,0,1,1
T1,struct_n4_004,struct,7,off,5,OK,True,0,1,1
MG,struct_n4_008,struct,0,ref,3,OK,True,0,1,1
DENSE,struct_n4_008,struct,0,ref,3,OK,True,0,1,1
REL,struct_n4_008,struct,0,ref,3,OK,True,0,1,1
WL,struct_n4_008,struct,0,ref,3,OK,True,0,1,2
W1,struct_n4_008,struct,0,ref,3,OK,True,0,1,2
D0,struct_n4_008,struct,0,ref,3,OK,True,0,1,1
C0,struct_n4_008,struct,0,ref,3,OK,True,0,1,1
T1,struct_n4_008,struct,0,ref,3,OK,True,0,1,1
MG,struct_n4_008,struct,1,ref,4,OK,True,0,1,1
DENSE,struct_n4_008,struct,1,ref,4,OK,True,0,1,1
REL,struct_n4_008,struct,1,ref,4,OK,True,0,1,1
WL,struct_n4_008,struct,1,ref,4,OK,False,2,1,1
W1,struct_n4_008,struct,1,ref,4,OK,False,2,1,1
D0,struct_n4_008,struct,1,ref,4,OK,False,1,1,1
C0,struct_n4_008,struct,1,ref,4,OK,False,1,1,1
T1,struct_n4_008,struct,1,ref,4,OK,True,0,1,1
MG,struct_n4_008,struct,2,ref,4,OK,True,0,1,1
DENSE,struct_n4_008,struct,2,ref,4,OK,True,0,1,1
REL,struct_n4_008,struct,2,ref,4,OK,True,0,1,1
WL,struct_n4_008,struct,2,ref,4,OK,True,0,1,2
W1,struct_n4_008,struct,2,ref,4,OK,True,0,1,2
D0,struct_n4_008,struct,2,ref,4,OK,True,0,1,1
C0,struct_n4_008,struct,2,ref,4,OK,True,0,1,1
T1,struct_n4_008,struct,2,ref,4,OK,True,0,1,1
MG,struct_n4_008,struct,3,ref,4,OK,True,0,1,1
DENSE,struct_n4_008,struct,3,ref,4,OK,True,0,1,1
REL,struct_n4_008,struct,3,ref,4,OK,True,0,1,1
WL,struct_n4_008,struct,3,ref,4,OK,True,0,1,1
W1,struct_n4_008,struct,3,ref,4,OK,True,0,1,1
D0,struct_n4_008,struct,3,ref,4,OK,True,0,1,1
C0,struct_n4_008,struct,3,ref,4,OK,True,0,1,1
T1,struct_n4_008,struct,3,ref,4,OK,True,0,1,1
MG,struct_n4_008,struct,4,ref,4,OK,True,0,1,1
DENSE,struct_n4_008,struct,4,ref,4,OK,True,0,1,1
REL,struct_n4_008,struct,4,ref,4,OK,True,0,1,1
WL,struct_n4_008,struct,4,ref,4,OK,True,0,1,1
W1,struct_n4_008,struct,4,ref,4,OK,True,0,1,1
D0,struct_n4_008,struct,4,ref,4,OK,True,0,1,1
C0,struct_n4_008,struct,4,ref,4,OK,True,0,1,1
T1,struct_n4_008,struct,4,ref,4,OK,True,0,1,1
MG,struct_n4_008,struct,5,ref,4,OK,True,0,1,1
DENSE,struct_n4_008,struct,5,ref,4,OK,True,0,1,1
REL,struct_n4_008,struct,5,ref,4,OK,True,0,1,1
WL,struct_n4_008,struct,5,ref,4,OK,True,0,1,1
W1,struct_n4_008,struct,5,ref,4,OK,True,0,1,1
D0,struct_n4_008,struct,5,ref,4,OK,True,0,1,1
C0,struct_n4_008,struct,5,ref,4,OK,True,0,1,1
T1,struct_n4_008,struct,5,ref,4,OK,True,0,1,1
MG,struct_n4_008,struct,6,off,4,OK,True,0,1,1
DENSE,struct_n4_008,struct,6,off,4,OK,True,0,1,1
REL,struct_n4_008,struct,6,off,4,OK,False,2,1,1
WL,struct_n4_008,struct,6,off,4,OK,True,0,1,2
W1,struct_n4_008,struct,6,off,4,OK,True,0,1,2
D0,struct_n4_008,struct,6,off,4,OK,True,0,1,1
C0,struct_n4_008,struct,6,off,4,OK,True,0,1,1
T1,struct_n4_008,struct,6,off,4,OK,True,0,1,1
MG,struct_n4_008,struct,7,off,4,OK,True,0,1,1
DENSE,struct_n4_008,struct,7,off,4,OK,True,0,1,1
REL,struct_n4_008,struct,7,off,4,OK,True,0,1,1
WL,struct_n4_008,struct,7,off,4,OK,True,0,1,1
W1,struct_n4_008,struct,7,off,4,OK,True,0,1,1
D0,struct_n4_008,struct,7,off,4,OK,True,0,1,1
C0,struct_n4_008,struct,7,off,4,OK,True,0,1,1
T1,struct_n4_008,struct,7,off,4,OK,True,0,1,1
MG,struct_n4_010,struct,0,ref,3,OK,True,0,3,1
DENSE,struct_n4_010,struct,0,ref,3,OK,True,0,3,1
REL,struct_n4_010,struct,0,ref,3,OK,True,0,3,1
WL,struct_n4_010,struct,0,ref,3,OK,True,0,3,2
W1,struct_n4_010,struct,0,ref,3,OK,True,0,3,2
D0,struct_n4_010,struct,0,ref,3,OK,True,0,3,1
C0,struct_n4_010,struct,0,ref,3,OK,True,0,3,1
T1,struct_n4_010,struct,0,ref,3,OK,True,0,3,1
MG,struct_n4_010,struct,1,ref,5,OK,True,0,1,1
DENSE,struct_n4_010,struct,1,ref,5,OK,True,0,1,1
REL,struct_n4_010,struct,1,ref,5,OK,True,0,1,1
WL,struct_n4_010,struct,1,ref,5,OK,False,2,1,3
W1,struct_n4_010,struct,1,ref,5,OK,False,2,1,3
D0,struct_n4_010,struct,1,ref,5,OK,True,0,1,1
C0,struct_n4_010,struct,1,ref,5,OK,True,0,1,1
T1,struct_n4_010,struct,1,ref,5,OK,True,0,1,1
MG,struct_n4_010,struct,2,ref,5,OK,True,0,1,1
DENSE,struct_n4_010,struct,2,ref,5,OK,True,0,1,1
REL,struct_n4_010,struct,2,ref,5,OK,True,0,1,1
WL,struct_n4_010,struct,2,ref,5,OK,True,0,1,1
W1,struct_n4_010,struct,2,ref,5,OK,True,0,1,1
D0,struct_n4_010,struct,2,ref,5,OK,True,0,1,1
C0,struct_n4_010,struct,2,ref,5,OK,True,0,1,1
T1,struct_n4_010,struct,2,ref,5,OK,True,0,1,1
MG,struct_n4_010,struct,3,ref,4,OK,True,0,1,1
DENSE,struct_n4_010,struct,3,ref,4,OK,True,0,1,1
REL,struct_n4_010,struct,3,ref,4,OK,True,0,1,1
WL,struct_n4_010,struct,3,ref,4,OK,True,0,1,1
W1,struct_n4_010,struct,3,ref,4,OK,True,0,1,1
D0,struct_n4_010,struct,3,ref,4,OK,True,0,1,1
C0,struct_n4_010,struct,3,ref,4,OK,True,0,1,1
T1,struct_n4_010,struct,3,ref,4,OK,True,0,1,1
MG,struct_n4_010,struct,4,ref,5,OK,True,0,1,1
DENSE,struct_n4_010,struct,4,ref,5,OK,True,0,1,1
REL,struct_n4_010,struct,4,ref,5,OK,True,0,1,1
WL,struct_n4_010,struct,4,ref,5,OK,True,0,1,1
W1,struct_n4_010,struct,4,ref,5,OK,True,0,1,1
D0,struct_n4_010,struct,4,ref,5,OK,True,0,1,1
C0,struct_n4_010,struct,4,ref,5,OK,True,0,1,1
T1,struct_n4_010,struct,4,ref,5,OK,True,0,1,1
MG,struct_n4_010,struct,5,ref,4,OK,True,0,1,1
DENSE,struct_n4_010,struct,5,ref,4,OK,True,0,1,1
REL,struct_n4_010,struct,5,ref,4,OK,True,0,1,1
WL,struct_n4_010,struct,5,ref,4,OK,False,2,1,2
W1,struct_n4_010,struct,5,ref,4,OK,False,2,1,2
D0,struct_n4_010,struct,5,ref,4,OK,True,0,1,1
C0,struct_n4_010,struct,5,ref,4,OK,True,0,1,1
T1,struct_n4_010,struct,5,ref,4,OK,True,0,1,1
MG,struct_n4_010,struct,6,ref,5,OK,True,0,1,1
DENSE,struct_n4_010,struct,6,ref,5,OK,True,0,1,1
REL,struct_n4_010,struct,6,ref,5,OK,True,0,1,1
WL,struct_n4_010,struct,6,ref,5,OK,True,0,1,1
W1,struct_n4_010,struct,6,ref,5,OK,True,0,1,1
D0,struct_n4_010,struct,6,ref,5,OK,True,0,1,1
C0,struct_n4_010,struct,6,ref,5,OK,True,0,1,1
T1,struct_n4_010,struct,6,ref,5,OK,True,0,1,1
MG,struct_n4_010,struct,7,off,5,OK,True,0,2,1
DENSE,struct_n4_010,struct,7,off,5,OK,True,0,2,1
REL,struct_n4_010,struct,7,off,5,OK,True,0,2,1
WL,struct_n4_010,struct,7,off,5,OK,True,0,2,1
W1,struct_n4_010,struct,7,off,5,OK,True,0,2,1
D0,struct_n4_010,struct,7,off,5,OK,True,0,2,1
C0,struct_n4_010,struct,7,off,5,OK,True,0,2,1
T1,struct_n4_010,struct,7,off,5,OK,True,0,2,1
MG,struct_n4_011,struct,0,ref,4,OK,True,0,1,1
DENSE,struct_n4_011,struct,0,ref,4,OK,True,0,1,1
REL,struct_n4_011,struct,0,ref,4,OK,True,0,1,1
WL,struct_n4_011,struct,0,ref,4,OK,True,0,1,3
W1,struct_n4_011,struct,0,ref,4,OK,True,0,1,3
D0,struct_n4_011,struct,0,ref,4,OK,True,0,1,1
C0,struct_n4_011,struct,0,ref,4,OK,False,2,1,1
T1,struct_n4_011,struct,0,ref,4,OK,False,2,1,1
MG,struct_n4_011,struct,1,ref,4,OK,True,0,1,1
DENSE,struct_n4_011,struct,1,ref,4,OK,True,0,1,1
REL,struct_n4_011,struct,1,ref,4,OK,True,0,1,1
WL,struct_n4_011,struct,1,ref,4,OK,True,0,1,1
W1,struct_n4_011,struct,1,ref,4,OK,True,0,1,1
D0,struct_n4_011,struct,1,ref,4,OK,True,0,1,1
C0,struct_n4_011,struct,1,ref,4,OK,True,0,1,1
T1,struct_n4_011,struct,1,ref,4,OK,True,0,1,1
MG,struct_n4_011,struct,2,ref,3,OK,True,0,1,1
DENSE,struct_n4_011,struct,2,ref,3,OK,True,0,1,1
REL,struct_n4_011,struct,2,ref,3,OK,True,0,1,1
WL,struct_n4_011,struct,2,ref,3,OK,True,0,1,1
W1,struct_n4_011,struct,2,ref,3,OK,True,0,1,1
D0,struct_n4_011,struct,2,ref,3,OK,True,0,1,1
C0,struct_n4_011,struct,2,ref,3,OK,True,0,1,1
T1,struct_n4_011,struct,2,ref,3,OK,True,0,1,1
MG,struct_n4_011,struct,3,ref,4,OK,True,0,1,1
DENSE,struct_n4_011,struct,3,ref,4,OK,True,0,1,1
REL,struct_n4_011,struct,3,ref,4,OK,True,0,1,1
WL,struct_n4_011,struct,3,ref,4,OK,True,0,1,1
W1,struct_n4_011,struct,3,ref,4,OK,True,0,1,1
D0,struct_n4_011,struct,3,ref,4,OK,True,0,1,1
C0,struct_n4_011,struct,3,ref,4,OK,True,0,1,1
T1,struct_n4_011,struct,3,ref,4,OK,True,0,1,1
MG,struct_n4_011,struct,4,ref,4,OK,True,0,1,1
DENSE,struct_n4_011,struct,4,ref,4,OK,True,0,1,1
REL,struct_n4_011,struct,4,ref,4,OK,True,0,1,1
WL,struct_n4_011,struct,4,ref,4,OK,True,0,1,1
W1,struct_n4_011,struct,4,ref,4,OK,True,0,1,1
D0,struct_n4_011,struct,4,ref,4,OK,True,0,1,1
C0,struct_n4_011,struct,4,ref,4,OK,True,0,1,1
T1,struct_n4_011,struct,4,ref,4,OK,True,0,1,1
MG,struct_n4_011,struct,5,ref,4,OK,True,0,1,1
DENSE,struct_n4_011,struct,5,ref,4,OK,True,0,1,1
REL,struct_n4_011,struct,5,ref,4,OK,True,0,1,1
WL,struct_n4_011,struct,5,ref,4,OK,True,0,1,1
W1,struct_n4_011,struct,5,ref,4,OK,True,0,1,1
D0,struct_n4_011,struct,5,ref,4,OK,True,0,1,1
C0,struct_n4_011,struct,5,ref,4,OK,True,0,1,1
T1,struct_n4_011,struct,5,ref,4,OK,True,0,1,1
MG,struct_n4_011,struct,6,off,4,OK,True,0,1,1
DENSE,struct_n4_011,struct,6,off,4,OK,True,0,1,1
REL,struct_n4_011,struct,6,off,4,OK,True,0,1,1
WL,struct_n4_011,struct,6,off,4,OK,True,0,1,1
W1,struct_n4_011,struct,6,off,4,OK,True,0,1,1
D0,struct_n4_011,struct,6,off,4,OK,True,0,1,1
C0,struct_n4_011,struct,6,off,4,OK,True,0,1,1
T1,struct_n4_011,struct,6,off,4,OK,True,0,1,1
MG,struct_n4_011,struct,7,off,3,OK,True,0,1,1
DENSE,struct_n4_011,struct,7,off,3,OK,True,0,1,1
REL,struct_n4_011,struct,7,off,3,OK,True,0,1,1
WL,struct_n4_011,struct,7,off,3,OK,False,2,1,2
W1,struct_n4_011,struct,7,off,3,OK,False,2,1,2
D0,struct_n4_011,struct,7,off,3,OK,True,0,1,1
C0,struct_n4_011,struct,7,off,3,OK,True,0,1,1
T1,struct_n4_011,struct,7,off,3,OK,True,0,1,1
MG,struct_n4_012,struct,0,ref,3,OK,True,0,1,1
DENSE,struct_n4_012,struct,0,ref,3,OK,True,0,1,1
REL,struct_n4_012,struct,0,ref,3,OK,True,0,1,1
WL,struct_n4_012,struct,0,ref,3,OK,True,0,1,2
W1,struct_n4_012,struct,0,ref,3,OK,True,0,1,2
D0,struct_n4_012,struct,0,ref,3,OK,True,0,1,1
C0,struct_n4_012,struct,0,ref,3,OK,True,0,1,1
T1,struct_n4_012,struct,0,ref,3,OK,True,0,1,1
MG,struct_n4_012,struct,1,ref,4,OK,True,0,1,1
DENSE,struct_n4_012,struct,1,ref,4,OK,True,0,1,1
REL,struct_n4_012,struct,1,ref,4,OK,True,0,1,1
WL,struct_n4_012,struct,1,ref,4,OK,False,2,1,2
W1,struct_n4_012,struct,1,ref,4,OK,False,2,1,2
D0,struct_n4_012,struct,1,ref,4,OK,True,0,1,1
C0,struct_n4_012,struct,1,ref,4,OK,True,0,1,1
T1,struct_n4_012,struct,1,ref,4,OK,True,0,1,1
MG,struct_n4_012,struct,2,ref,4,OK,True,0,1,1
DENSE,struct_n4_012,struct,2,ref,4,OK,True,0,1,1
REL,struct_n4_012,struct,2,ref,4,OK,True,0,1,1
WL,struct_n4_012,struct,2,ref,4,OK,True,0,1,1
W1,struct_n4_012,struct,2,ref,4,OK,True,0,1,1
D0,struct_n4_012,struct,2,ref,4,OK,True,0,1,1
C0,struct_n4_012,struct,2,ref,4,OK,True,0,1,1
T1,struct_n4_012,struct,2,ref,4,OK,True,0,1,1
MG,struct_n4_012,struct,3,ref,5,OK,True,0,1,1
DENSE,struct_n4_012,struct,3,ref,5,OK,True,0,1,1
REL,struct_n4_012,struct,3,ref,5,OK,True,0,1,1
WL,struct_n4_012,struct,3,ref,5,OK,True,0,1,1
W1,struct_n4_012,struct,3,ref,5,OK,True,0,1,1
D0,struct_n4_012,struct,3,ref,5,OK,True,0,1,1
C0,struct_n4_012,struct,3,ref,5,OK,True,0,1,1
T1,struct_n4_012,struct,3,ref,5,OK,True,0,1,1
MG,struct_n4_012,struct,4,ref,4,OK,True,0,1,1
DENSE,struct_n4_012,struct,4,ref,4,OK,True,0,1,1
REL,struct_n4_012,struct,4,ref,4,OK,True,0,1,1
WL,struct_n4_012,struct,4,ref,4,OK,False,2,1,2
W1,struct_n4_012,struct,4,ref,4,OK,False,2,1,2
D0,struct_n4_012,struct,4,ref,4,OK,True,0,1,1
C0,struct_n4_012,struct,4,ref,4,OK,True,0,1,1
T1,struct_n4_012,struct,4,ref,4,OK,True,0,1,1
MG,struct_n4_012,struct,5,ref,5,OK,True,0,1,1
DENSE,struct_n4_012,struct,5,ref,5,OK,True,0,1,1
REL,struct_n4_012,struct,5,ref,5,OK,True,0,1,1
WL,struct_n4_012,struct,5,ref,5,OK,True,0,1,1
W1,struct_n4_012,struct,5,ref,5,OK,True,0,1,1
D0,struct_n4_012,struct,5,ref,5,OK,True,0,1,1
C0,struct_n4_012,struct,5,ref,5,OK,True,0,1,1
T1,struct_n4_012,struct,5,ref,5,OK,True,0,1,1
MG,struct_n4_012,struct,6,off,5,OK,True,0,1,1
DENSE,struct_n4_012,struct,6,off,5,OK,True,0,1,1
REL,struct_n4_012,struct,6,off,5,OK,True,0,1,1
WL,struct_n4_012,struct,6,off,5,OK,True,0,1,1
W1,struct_n4_012,struct,6,off,5,OK,True,0,1,1
D0,struct_n4_012,struct,6,off,5,OK,True,0,1,1
C0,struct_n4_012,struct,6,off,5,OK,True,0,1,1
T1,struct_n4_012,struct,6,off,5,OK,True,0,1,1
MG,struct_n4_012,struct,7,off,5,OK,True,0,2,1
DENSE,struct_n4_012,struct,7,off,5,OK,True,0,2,1
REL,struct_n4_012,struct,7,off,5,OK,True,0,2,1
WL,struct_n4_012,struct,7,off,5,OK,False,2,2,1
W1,struct_n4_012,struct,7,off,5,OK,False,2,2,1
D0,struct_n4_012,struct,7,off,5,OK,True,0,2,1
C0,struct_n4_012,struct,7,off,5,OK,True,0,2,1
T1,struct_n4_012,struct,7,off,5,OK,True,0,2,1
MG,struct_n5_000,struct,0,ref,5,OK,True,0,4,1
DENSE,struct_n5_000,struct,0,ref,5,OK,True,0,4,1
REL,struct_n5_000,struct,0,ref,5,OK,True,0,4,1
WL,struct_n5_000,struct,0,ref,5,OK,True,0,4,4
W1,struct_n5_000,struct,0,ref,5,OK,True,0,4,3
D0,struct_n5_000,struct,0,ref,5,OK,True,0,4,1
C0,struct_n5_000,struct,0,ref,5,OK,True,0,4,1
T1,struct_n5_000,struct,0,ref,5,OK,True,0,4,1
MG,struct_n5_000,struct,1,ref,7,OK,True,0,3,1
DENSE,struct_n5_000,struct,1,ref,7,OK,True,0,3,1
REL,struct_n5_000,struct,1,ref,7,OK,True,0,3,1
WL,struct_n5_000,struct,1,ref,7,OK,False,2,3,2
W1,struct_n5_000,struct,1,ref,7,OK,False,2,3,2
D0,struct_n5_000,struct,1,ref,7,OK,True,0,3,1
C0,struct_n5_000,struct,1,ref,7,OK,True,0,3,1
T1,struct_n5_000,struct,1,ref,7,OK,True,0,3,1
MG,struct_n5_000,struct,2,ref,7,OK,True,0,2,1
DENSE,struct_n5_000,struct,2,ref,7,OK,True,0,2,1
REL,struct_n5_000,struct,2,ref,7,OK,True,0,2,1
WL,struct_n5_000,struct,2,ref,7,OK,True,0,2,2
W1,struct_n5_000,struct,2,ref,7,OK,True,0,2,1
D0,struct_n5_000,struct,2,ref,7,OK,True,0,2,1
C0,struct_n5_000,struct,2,ref,7,OK,True,0,2,1
T1,struct_n5_000,struct,2,ref,7,OK,True,0,2,1
MG,struct_n5_000,struct,3,ref,6,OK,True,0,1,1
DENSE,struct_n5_000,struct,3,ref,6,OK,True,0,1,1
REL,struct_n5_000,struct,3,ref,6,OK,True,0,1,1
WL,struct_n5_000,struct,3,ref,6,OK,True,0,1,1
W1,struct_n5_000,struct,3,ref,6,OK,False,2,1,2
D0,struct_n5_000,struct,3,ref,6,OK,True,0,1,1
C0,struct_n5_000,struct,3,ref,6,OK,True,0,1,1
T1,struct_n5_000,struct,3,ref,6,OK,True,0,1,1
MG,struct_n5_000,struct,4,ref,4,OK,True,0,1,1
DENSE,struct_n5_000,struct,4,ref,4,OK,True,0,1,1
REL,struct_n5_000,struct,4,ref,4,OK,True,0,1,1
WL,struct_n5_000,struct,4,ref,4,OK,True,0,1,1
W1,struct_n5_000,struct,4,ref,4,OK,True,0,1,2
D0,struct_n5_000,struct,4,ref,4,OK,True,0,1,1
C0,struct_n5_000,struct,4,ref,4,OK,True,0,1,1
T1,struct_n5_000,struct,4,ref,4,OK,True,0,1,1
MG,struct_n5_000,struct,5,ref,4,OK,True,0,1,1
DENSE,struct_n5_000,struct,5,ref,4,OK,True,0,1,1
REL,struct_n5_000,struct,5,ref,4,OK,True,0,1,1
WL,struct_n5_000,struct,5,ref,4,OK,False,2,1,1
W1,struct_n5_000,struct,5,ref,4,OK,False,2,1,2
D0,struct_n5_000,struct,5,ref,4,OK,True,0,1,1
C0,struct_n5_000,struct,5,ref,4,OK,True,0,1,1
T1,struct_n5_000,struct,5,ref,4,OK,True,0,1,1
MG,struct_n5_000,struct,6,ref,5,OK,True,0,1,1
DENSE,struct_n5_000,struct,6,ref,5,OK,True,0,1,1
REL,struct_n5_000,struct,6,ref,5,OK,True,0,1,1
WL,struct_n5_000,struct,6,ref,5,OK,True,0,1,1
W1,struct_n5_000,struct,6,ref,5,OK,True,0,1,1
D0,struct_n5_000,struct,6,ref,5,OK,True,0,1,1
C0,struct_n5_000,struct,6,ref,5,OK,True,0,1,1
T1,struct_n5_000,struct,6,ref,5,OK,True,0,1,1
MG,struct_n5_000,struct,7,off,3,OK,True,0,1,1
DENSE,struct_n5_000,struct,7,off,3,OK,True,0,1,1
REL,struct_n5_000,struct,7,off,3,OK,True,0,1,1
WL,struct_n5_000,struct,7,off,3,OK,False,1,1,2
W1,struct_n5_000,struct,7,off,3,OK,True,0,1,1
D0,struct_n5_000,struct,7,off,3,OK,True,0,1,1
C0,struct_n5_000,struct,7,off,3,OK,True,0,1,1
T1,struct_n5_000,struct,7,off,3,OK,True,0,1,1
MG,struct_n5_001,struct,0,ref,4,OK,True,0,2,1
DENSE,struct_n5_001,struct,0,ref,4,OK,True,0,2,1
REL,struct_n5_001,struct,0,ref,4,OK,True,0,2,1
WL,struct_n5_001,struct,0,ref,4,OK,False,1,2,4
W1,struct_n5_001,struct,0,ref,4,OK,True,0,2,3
D0,struct_n5_001,struct,0,ref,4,OK,True,0,2,1
C0,struct_n5_001,struct,0,ref,4,OK,True,0,2,1
T1,struct_n5_001,struct,0,ref,4,OK,True,0,2,1
MG,struct_n5_001,struct,1,ref,7,OK,True,0,1,1
DENSE,struct_n5_001,struct,1,ref,7,OK,True,0,1,1
REL,struct_n5_001,struct,1,ref,7,OK,True,0,1,1
WL,struct_n5_001,struct,1,ref,7,OK,False,1,1,2
W1,struct_n5_001,struct,1,ref,7,OK,False,1,1,2
D0,struct_n5_001,struct,1,ref,7,OK,True,0,1,1
C0,struct_n5_001,struct,1,ref,7,OK,True,0,1,1
T1,struct_n5_001,struct,1,ref,7,OK,True,0,1,1
MG,struct_n5_001,struct,2,ref,6,OK,True,0,1,1
DENSE,struct_n5_001,struct,2,ref,6,OK,True,0,1,1
REL,struct_n5_001,struct,2,ref,6,OK,True,0,1,1
WL,struct_n5_001,struct,2,ref,6,OK,False,1,1,2
W1,struct_n5_001,struct,2,ref,6,OK,True,0,1,1
D0,struct_n5_001,struct,2,ref,6,OK,True,0,1,1
C0,struct_n5_001,struct,2,ref,6,OK,True,0,1,1
T1,struct_n5_001,struct,2,ref,6,OK,True,0,1,1
MG,struct_n5_001,struct,3,ref,6,OK,True,0,2,1
DENSE,struct_n5_001,struct,3,ref,6,OK,True,0,2,1
REL,struct_n5_001,struct,3,ref,6,OK,True,0,2,1
WL,struct_n5_001,struct,3,ref,6,OK,True,0,2,1
W1,struct_n5_001,struct,3,ref,6,OK,True,0,2,1
D0,struct_n5_001,struct,3,ref,6,OK,True,0,2,1
C0,struct_n5_001,struct,3,ref,6,OK,True,0,2,1
T1,struct_n5_001,struct,3,ref,6,OK,True,0,2,1
MG,struct_n5_001,struct,4,ref,6,OK,True,0,2,1
DENSE,struct_n5_001,struct,4,ref,6,OK,True,0,2,1
REL,struct_n5_001,struct,4,ref,6,OK,True,0,2,1
WL,struct_n5_001,struct,4,ref,6,OK,True,0,2,1
W1,struct_n5_001,struct,4,ref,6,OK,True,0,2,1
D0,struct_n5_001,struct,4,ref,6,OK,True,0,2,1
C0,struct_n5_001,struct,4,ref,6,OK,True,0,2,1
T1,struct_n5_001,struct,4,ref,6,OK,True,0,2,1
MG,struct_n5_001,struct,5,ref,4,OK,True,0,1,1
DENSE,struct_n5_001,struct,5,ref,4,OK,True,0,1,1
REL,struct_n5_001,struct,5,ref,4,OK,True,0,1,1
WL,struct_n5_001,struct,5,ref,4,OK,False,2,1,1
W1,struct_n5_001,struct,5,ref,4,OK,False,2,1,2
D0,struct_n5_001,struct,5,ref,4,OK,True,0,1,1
C0,struct_n5_001,struct,5,ref,4,OK,True,0,1,1
T1,struct_n5_001,struct,5,ref,4,OK,True,0,1,1
MG,struct_n5_001,struct,6,ref,5,OK,True,0,1,1
DENSE,struct_n5_001,struct,6,ref,5,OK,True,0,1,1
REL,struct_n5_001,struct,6,ref,5,OK,True,0,1,1
WL,struct_n5_001,struct,6,ref,5,OK,True,0,1,1
W1,struct_n5_001,struct,6,ref,5,OK,True,0,1,1
D0,struct_n5_001,struct,6,ref,5,OK,True,0,1,1
C0,struct_n5_001,struct,6,ref,5,OK,True,0,1,1
T1,struct_n5_001,struct,6,ref,5,OK,True,0,1,1
MG,struct_n5_001,struct,7,off,6,OK,True,0,2,1
DENSE,struct_n5_001,struct,7,off,6,OK,True,0,2,1
REL,struct_n5_001,struct,7,off,6,OK,True,0,2,1
WL,struct_n5_001,struct,7,off,6,OK,False,1,2,2
W1,struct_n5_001,struct,7,off,6,OK,True,0,2,1
D0,struct_n5_001,struct,7,off,6,OK,True,0,2,1
C0,struct_n5_001,struct,7,off,6,OK,True,0,2,1
T1,struct_n5_001,struct,7,off,6,OK,True,0,2,1
MG,struct_n5_004,struct,0,ref,5,OK,True,0,5,1
DENSE,struct_n5_004,struct,0,ref,5,OK,True,0,5,1
REL,struct_n5_004,struct,0,ref,5,OK,True,0,5,1
WL,struct_n5_004,struct,0,ref,5,OK,True,0,5,5
W1,struct_n5_004,struct,0,ref,5,OK,True,0,5,4
D0,struct_n5_004,struct,0,ref,5,OK,True,0,5,1
C0,struct_n5_004,struct,0,ref,5,OK,True,0,5,1
T1,struct_n5_004,struct,0,ref,5,OK,True,0,5,1
MG,struct_n5_004,struct,1,ref,7,OK,True,0,1,1
DENSE,struct_n5_004,struct,1,ref,7,OK,True,0,1,1
REL,struct_n5_004,struct,1,ref,7,OK,True,0,1,1
WL,struct_n5_004,struct,1,ref,7,OK,False,2,1,2
W1,struct_n5_004,struct,1,ref,7,OK,False,2,1,1
D0,struct_n5_004,struct,1,ref,7,OK,True,0,1,1
C0,struct_n5_004,struct,1,ref,7,OK,True,0,1,1
T1,struct_n5_004,struct,1,ref,7,OK,True,0,1,1
MG,struct_n5_004,struct,2,ref,5,OK,True,0,1,1
DENSE,struct_n5_004,struct,2,ref,5,OK,True,0,1,1
REL,struct_n5_004,struct,2,ref,5,OK,True,0,1,1
WL,struct_n5_004,struct,2,ref,5,OK,False,2,1,2
W1,struct_n5_004,struct,2,ref,5,OK,True,0,1,1
D0,struct_n5_004,struct,2,ref,5,OK,True,0,1,1
C0,struct_n5_004,struct,2,ref,5,OK,True,0,1,1
T1,struct_n5_004,struct,2,ref,5,OK,True,0,1,1
MG,struct_n5_004,struct,3,ref,4,OK,True,0,1,1
DENSE,struct_n5_004,struct,3,ref,4,OK,True,0,1,1
REL,struct_n5_004,struct,3,ref,4,OK,True,0,1,1
WL,struct_n5_004,struct,3,ref,4,OK,False,2,1,1
W1,struct_n5_004,struct,3,ref,4,OK,False,2,1,3
D0,struct_n5_004,struct,3,ref,4,OK,True,0,1,1
C0,struct_n5_004,struct,3,ref,4,OK,True,0,1,1
T1,struct_n5_004,struct,3,ref,4,OK,True,0,1,1
MG,struct_n5_004,struct,4,ref,4,OK,True,0,1,1
DENSE,struct_n5_004,struct,4,ref,4,OK,True,0,1,1
REL,struct_n5_004,struct,4,ref,4,OK,True,0,1,1
WL,struct_n5_004,struct,4,ref,4,OK,True,0,1,1
W1,struct_n5_004,struct,4,ref,4,OK,True,0,1,1
D0,struct_n5_004,struct,4,ref,4,OK,True,0,1,1
C0,struct_n5_004,struct,4,ref,4,OK,True,0,1,1
T1,struct_n5_004,struct,4,ref,4,OK,True,0,1,1
MG,struct_n5_004,struct,5,ref,4,OK,True,0,1,1
DENSE,struct_n5_004,struct,5,ref,4,OK,True,0,1,1
REL,struct_n5_004,struct,5,ref,4,OK,True,0,1,1
WL,struct_n5_004,struct,5,ref,4,OK,False,2,1,1
W1,struct_n5_004,struct,5,ref,4,OK,False,2,1,2
D0,struct_n5_004,struct,5,ref,4,OK,True,0,1,1
C0,struct_n5_004,struct,5,ref,4,OK,True,0,1,1
T1,struct_n5_004,struct,5,ref,4,OK,True,0,1,1
MG,struct_n5_004,struct,6,ref,4,OK,True,0,1,1
DENSE,struct_n5_004,struct,6,ref,4,OK,True,0,1,1
REL,struct_n5_004,struct,6,ref,4,OK,True,0,1,1
WL,struct_n5_004,struct,6,ref,4,OK,True,0,1,1
W1,struct_n5_004,struct,6,ref,4,OK,True,0,1,1
D0,struct_n5_004,struct,6,ref,4,OK,True,0,1,1
C0,struct_n5_004,struct,6,ref,4,OK,True,0,1,1
T1,struct_n5_004,struct,6,ref,4,OK,True,0,1,1
MG,struct_n5_004,struct,7,off,7,OK,True,0,1,1
DENSE,struct_n5_004,struct,7,off,7,OK,False,2,1,1
REL,struct_n5_004,struct,7,off,7,OK,False,2,1,1
WL,struct_n5_004,struct,7,off,7,OK,False,2,1,1
W1,struct_n5_004,struct,7,off,7,OK,False,2,1,1
D0,struct_n5_004,struct,7,off,7,OK,False,2,1,1
C0,struct_n5_004,struct,7,off,7,OK,False,2,1,1
T1,struct_n5_004,struct,7,off,7,OK,False,2,1,1
MG,struct_n5_005,struct,0,ref,5,OK,True,0,4,1
DENSE,struct_n5_005,struct,0,ref,5,OK,True,0,4,1
REL,struct_n5_005,struct,0,ref,5,OK,True,0,4,1
WL,struct_n5_005,struct,0,ref,5,OK,False,1,4,4
W1,struct_n5_005,struct,0,ref,5,OK,True,0,4,3
D0,struct_n5_005,struct,0,ref,5,OK,True,0,4,1
C0,struct_n5_005,struct,0,ref,5,OK,True,0,4,1
T1,struct_n5_005,struct,0,ref,5,OK,True,0,4,1
MG,struct_n5_005,struct,1,ref,7,OK,False,1,1,1
DENSE,struct_n5_005,struct,1,ref,7,OK,False,1,1,1
REL,struct_n5_005,struct,1,ref,7,OK,False,1,1,1
WL,struct_n5_005,struct,1,ref,7,OK,True,0,1,1
W1,struct_n5_005,struct,1,ref,7,OK,True,0,1,1
D0,struct_n5_005,struct,1,ref,7,OK,False,1,1,1
C0,struct_n5_005,struct,1,ref,7,OK,False,1,1,1
T1,struct_n5_005,struct,1,ref,7,OK,False,1,1,1
MG,struct_n5_005,struct,2,ref,4,OK,True,0,1,1
DENSE,struct_n5_005,struct,2,ref,4,OK,True,0,1,1
REL,struct_n5_005,struct,2,ref,4,OK,True,0,1,1
WL,struct_n5_005,struct,2,ref,4,OK,True,0,1,1
W1,struct_n5_005,struct,2,ref,4,OK,True,0,1,1
D0,struct_n5_005,struct,2,ref,4,OK,True,0,1,1
C0,struct_n5_005,struct,2,ref,4,OK,True,0,1,1
T1,struct_n5_005,struct,2,ref,4,OK,True,0,1,1
MG,struct_n5_005,struct,3,ref,4,OK,True,0,1,1
DENSE,struct_n5_005,struct,3,ref,4,OK,True,0,1,1
REL,struct_n5_005,struct,3,ref,4,OK,True,0,1,1
WL,struct_n5_005,struct,3,ref,4,OK,False,2,1,1
W1,struct_n5_005,struct,3,ref,4,OK,False,2,1,3
D0,struct_n5_005,struct,3,ref,4,OK,True,0,1,1
C0,struct_n5_005,struct,3,ref,4,OK,True,0,1,1
T1,struct_n5_005,struct,3,ref,4,OK,True,0,1,1
MG,struct_n5_005,struct,4,ref,6,OK,True,0,1,1
DENSE,struct_n5_005,struct,4,ref,6,OK,True,0,1,1
REL,struct_n5_005,struct,4,ref,6,OK,True,0,1,1
WL,struct_n5_005,struct,4,ref,6,OK,True,0,1,1
W1,struct_n5_005,struct,4,ref,6,OK,True,0,1,1
D0,struct_n5_005,struct,4,ref,6,OK,True,0,1,1
C0,struct_n5_005,struct,4,ref,6,OK,True,0,1,1
T1,struct_n5_005,struct,4,ref,6,OK,True,0,1,1
MG,struct_n5_005,struct,5,ref,4,OK,True,0,1,1
DENSE,struct_n5_005,struct,5,ref,4,OK,True,0,1,1
REL,struct_n5_005,struct,5,ref,4,OK,True,0,1,1
WL,struct_n5_005,struct,5,ref,4,OK,False,2,1,1
W1,struct_n5_005,struct,5,ref,4,OK,False,2,1,2
D0,struct_n5_005,struct,5,ref,4,OK,True,0,1,1
C0,struct_n5_005,struct,5,ref,4,OK,True,0,1,1
T1,struct_n5_005,struct,5,ref,4,OK,True,0,1,1
MG,struct_n5_005,struct,6,ref,6,OK,True,0,1,1
DENSE,struct_n5_005,struct,6,ref,6,OK,True,0,1,1
REL,struct_n5_005,struct,6,ref,6,OK,True,0,1,1
WL,struct_n5_005,struct,6,ref,6,OK,True,0,1,1
W1,struct_n5_005,struct,6,ref,6,OK,True,0,1,1
D0,struct_n5_005,struct,6,ref,6,OK,True,0,1,1
C0,struct_n5_005,struct,6,ref,6,OK,True,0,1,1
T1,struct_n5_005,struct,6,ref,6,OK,True,0,1,1
MG,struct_n5_005,struct,7,off,6,OK,True,0,2,1
DENSE,struct_n5_005,struct,7,off,6,OK,True,0,2,1
REL,struct_n5_005,struct,7,off,6,OK,True,0,2,1
WL,struct_n5_005,struct,7,off,6,OK,True,0,2,2
W1,struct_n5_005,struct,7,off,6,OK,True,0,2,1
D0,struct_n5_005,struct,7,off,6,OK,True,0,2,1
C0,struct_n5_005,struct,7,off,6,OK,True,0,2,1
T1,struct_n5_005,struct,7,off,6,OK,True,0,2,1
MG,struct_n5_010,struct,0,ref,5,OK,False,1,1,1
DENSE,struct_n5_010,struct,0,ref,5,OK,True,0,1,1
REL,struct_n5_010,struct,0,ref,5,OK,True,0,1,1
WL,struct_n5_010,struct,0,ref,5,OK,False,1,1,5
W1,struct_n5_010,struct,0,ref,5,OK,False,2,1,4
D0,struct_n5_010,struct,0,ref,5,OK,True,0,1,1
C0,struct_n5_010,struct,0,ref,5,OK,True,0,1,1
T1,struct_n5_010,struct,0,ref,5,OK,True,0,1,1
MG,struct_n5_010,struct,1,ref,5,OK,True,0,2,1
DENSE,struct_n5_010,struct,1,ref,5,OK,True,0,2,1
REL,struct_n5_010,struct,1,ref,5,OK,True,0,2,1
WL,struct_n5_010,struct,1,ref,5,OK,False,1,2,4
W1,struct_n5_010,struct,1,ref,5,OK,True,0,2,3
D0,struct_n5_010,struct,1,ref,5,OK,True,0,2,1
C0,struct_n5_010,struct,1,ref,5,OK,True,0,2,1
T1,struct_n5_010,struct,1,ref,5,OK,True,0,2,1
MG,struct_n5_010,struct,2,ref,5,OK,True,0,1,1
DENSE,struct_n5_010,struct,2,ref,5,OK,True,0,1,1
REL,struct_n5_010,struct,2,ref,5,OK,True,0,1,1
WL,struct_n5_010,struct,2,ref,5,OK,True,0,1,1
W1,struct_n5_010,struct,2,ref,5,OK,True,0,1,1
D0,struct_n5_010,struct,2,ref,5,OK,True,0,1,1
C0,struct_n5_010,struct,2,ref,5,OK,True,0,1,1
T1,struct_n5_010,struct,2,ref,5,OK,True,0,1,1
MG,struct_n5_010,struct,3,ref,4,OK,True,0,1,1
DENSE,struct_n5_010,struct,3,ref,4,OK,True,0,1,1
REL,struct_n5_010,struct,3,ref,4,OK,True,0,1,1
WL,struct_n5_010,struct,3,ref,4,OK,False,1,1,2
W1,struct_n5_010,struct,3,ref,4,OK,True,0,1,1
D0,struct_n5_010,struct,3,ref,4,OK,True,0,1,1
C0,struct_n5_010,struct,3,ref,4,OK,True,0,1,1
T1,struct_n5_010,struct,3,ref,4,OK,True,0,1,1
MG,struct_n5_010,struct,4,ref,5,OK,True,0,1,1
DENSE,struct_n5_010,struct,4,ref,5,OK,True,0,1,1
REL,struct_n5_010,struct,4,ref,5,OK,True,0,1,1
WL,struct_n5_010,struct,4,ref,5,OK,True,0,1,1
W1,struct_n5_010,struct,4,ref,5,OK,True,0,1,1
D0,struct_n5_010,struct,4,ref,5,OK,True,0,1,1
C0,struct_n5_010,struct,4,ref,5,OK,True,0,1,1
T1,struct_n5_010,struct,4,ref,5,OK,True,0,1,1
MG,struct_n5_010,struct,5,ref,4,OK,True,0,1,1
DENSE,struct_n5_010,struct,5,ref,4,OK,True,0,1,1
REL,struct_n5_010,struct,5,ref,4,OK,True,0,1,1
WL,struct_n5_010,struct,5,ref,4,OK,False,1,1,2
W1,struct_n5_010,struct,5,ref,4,OK,True,0,1,1
D0,struct_n5_010,struct,5,ref,4,OK,True,0,1,1
C0,struct_n5_010,struct,5,ref,4,OK,True,0,1,1
T1,struct_n5_010,struct,5,ref,4,OK,True,0,1,1
MG,struct_n5_010,struct,6,ref,5,OK,True,0,1,1
DENSE,struct_n5_010,struct,6,ref,5,OK,True,0,1,1
REL,struct_n5_010,struct,6,ref,5,OK,True,0,1,1
WL,struct_n5_010,struct,6,ref,5,OK,True,0,1,1
W1,struct_n5_010,struct,6,ref,5,OK,True,0,1,1
D0,struct_n5_010,struct,6,ref,5,OK,True,0,1,1
C0,struct_n5_010,struct,6,ref,5,OK,True,0,1,1
T1,struct_n5_010,struct,6,ref,5,OK,True,0,1,1
MG,struct_n5_010,struct,7,off,5,OK,True,0,1,1
DENSE,struct_n5_010,struct,7,off,5,OK,True,0,1,1
REL,struct_n5_010,struct,7,off,5,OK,True,0,1,1
WL,struct_n5_010,struct,7,off,5,OK,True,0,1,1
W1,struct_n5_010,struct,7,off,5,OK,True,0,1,1
D0,struct_n5_010,struct,7,off,5,OK,True,0,1,1
C0,struct_n5_010,struct,7,off,5,OK,True,0,1,1
T1,struct_n5_010,struct,7,off,5,OK,True,0,1,1
MG,struct_n5_012,struct,0,ref,4,OK,True,0,3,1
DENSE,struct_n5_012,struct,0,ref,4,OK,True,0,3,1
REL,struct_n5_012,struct,0,ref,4,OK,True,0,3,1
WL,struct_n5_012,struct,0,ref,4,OK,True,0,3,2
W1,struct_n5_012,struct,0,ref,4,OK,False,2,3,1
D0,struct_n5_012,struct,0,ref,4,OK,True,0,3,1
C0,struct_n5_012,struct,0,ref,4,OK,True,0,3,1
T1,struct_n5_012,struct,0,ref,4,OK,True,0,3,1
MG,struct_n5_012,struct,1,ref,4,OK,True,0,2,1
DENSE,struct_n5_012,struct,1,ref,4,OK,True,0,2,1
REL,struct_n5_012,struct,1,ref,4,OK,True,0,2,1
WL,struct_n5_012,struct,1,ref,4,OK,False,2,2,2
W1,struct_n5_012,struct,1,ref,4,OK,True,0,2,1
D0,struct_n5_012,struct,1,ref,4,OK,True,0,2,1
C0,struct_n5_012,struct,1,ref,4,OK,True,0,2,1
T1,struct_n5_012,struct,1,ref,4,OK,True,0,2,1
MG,struct_n5_012,struct,2,ref,5,OK,True,0,1,1
DENSE,struct_n5_012,struct,2,ref,5,OK,True,0,1,1
REL,struct_n5_012,struct,2,ref,5,OK,True,0,1,1
WL,struct_n5_012,struct,2,ref,5,OK,False,2,1,1
W1,struct_n5_012,struct,2,ref,5,OK,False,2,1,1
D0,struct_n5_012,struct,2,ref,5,OK,True,0,1,1
C0,struct_n5_012,struct,2,ref,5,OK,True,0,1,1
T1,struct_n5_012,struct,2,ref,5,OK,True,0,1,1
MG,struct_n5_012,struct,3,ref,4,OK,True,0,1,1
DENSE,struct_n5_012,struct,3,ref,4,OK,True,0,1,1
REL,struct_n5_012,struct,3,ref,4,OK,True,0,1,1
WL,struct_n5_012,struct,3,ref,4,OK,False,2,1,2
W1,struct_n5_012,struct,3,ref,4,OK,True,0,1,1
D0,struct_n5_012,struct,3,ref,4,OK,True,0,1,1
C0,struct_n5_012,struct,3,ref,4,OK,True,0,1,1
T1,struct_n5_012,struct,3,ref,4,OK,True,0,1,1
MG,struct_n5_012,struct,4,ref,5,OK,True,0,1,1
DENSE,struct_n5_012,struct,4,ref,5,OK,True,0,1,1
REL,struct_n5_012,struct,4,ref,5,OK,True,0,1,1
WL,struct_n5_012,struct,4,ref,5,OK,True,0,1,1
W1,struct_n5_012,struct,4,ref,5,OK,True,0,1,1
D0,struct_n5_012,struct,4,ref,5,OK,True,0,1,1
C0,struct_n5_012,struct,4,ref,5,OK,True,0,1,1
T1,struct_n5_012,struct,4,ref,5,OK,True,0,1,1
MG,struct_n5_012,struct,5,ref,4,OK,True,0,1,1
DENSE,struct_n5_012,struct,5,ref,4,OK,True,0,1,1
REL,struct_n5_012,struct,5,ref,4,OK,True,0,1,1
WL,struct_n5_012,struct,5,ref,4,OK,False,2,1,1
W1,struct_n5_012,struct,5,ref,4,OK,False,2,1,2
D0,struct_n5_012,struct,5,ref,4,OK,True,0,1,1
C0,struct_n5_012,struct,5,ref,4,OK,True,0,1,1
T1,struct_n5_012,struct,5,ref,4,OK,True,0,1,1
MG,struct_n5_012,struct,6,ref,5,OK,True,0,1,1
DENSE,struct_n5_012,struct,6,ref,5,OK,True,0,1,1
REL,struct_n5_012,struct,6,ref,5,OK,True,0,1,1
WL,struct_n5_012,struct,6,ref,5,OK,True,0,1,1
W1,struct_n5_012,struct,6,ref,5,OK,True,0,1,1
D0,struct_n5_012,struct,6,ref,5,OK,True,0,1,1
C0,struct_n5_012,struct,6,ref,5,OK,True,0,1,1
T1,struct_n5_012,struct,6,ref,5,OK,True,0,1,1
MG,struct_n5_012,struct,7,off,3,OK,True,0,1,1
DENSE,struct_n5_012,struct,7,off,3,OK,True,0,1,1
REL,struct_n5_012,struct,7,off,3,OK,True,0,1,1
WL,struct_n5_012,struct,7,off,3,OK,False,2,1,1
W1,struct_n5_012,struct,7,off,3,OK,False,2,1,1
D0,struct_n5_012,struct,7,off,3,OK,True,0,1,1
C0,struct_n5_012,struct,7,off,3,OK,True,0,1,1
T1,struct_n5_012,struct,7,off,3,OK,True,0,1,1
MG,struct_n5_013,struct,0,ref,4,OK,True,0,2,1
DENSE,struct_n5_013,struct,0,ref,4,OK,True,0,2,1
REL,struct_n5_013,struct,0,ref,4,OK,True,0,2,1
WL,struct_n5_013,struct,0,ref,4,OK,False,1,2,2
W1,struct_n5_013,struct,0,ref,4,OK,True,0,2,1
D0,struct_n5_013,struct,0,ref,4,OK,True,0,2,1
C0,struct_n5_013,struct,0,ref,4,OK,True,0,2,1
T1,struct_n5_013,struct,0,ref,4,OK,True,0,2,1
MG,struct_n5_013,struct,1,ref,5,OK,True,0,1,1
DENSE,struct_n5_013,struct,1,ref,5,OK,True,0,1,1
REL,struct_n5_013,struct,1,ref,5,OK,True,0,1,1
WL,struct_n5_013,struct,1,ref,5,OK,True,0,1,1
W1,struct_n5_013,struct,1,ref,5,OK,True,0,1,1
D0,struct_n5_013,struct,1,ref,5,OK,True,0,1,1
C0,struct_n5_013,struct,1,ref,5,OK,True,0,1,1
T1,struct_n5_013,struct,1,ref,5,OK,True,0,1,1
MG,struct_n5_013,struct,2,ref,5,OK,True,0,1,1
DENSE,struct_n5_013,struct,2,ref,5,OK,True,0,1,1
REL,struct_n5_013,struct,2,ref,5,OK,True,0,1,1
WL,struct_n5_013,struct,2,ref,5,OK,False,1,1,3
W1,struct_n5_013,struct,2,ref,5,OK,False,2,1,2
D0,struct_n5_013,struct,2,ref,5,OK,True,0,1,1
C0,struct_n5_013,struct,2,ref,5,OK,True,0,1,1
T1,struct_n5_013,struct,2,ref,5,OK,True,0,1,1
MG,struct_n5_013,struct,3,ref,5,OK,True,0,1,1
DENSE,struct_n5_013,struct,3,ref,5,OK,True,0,1,1
REL,struct_n5_013,struct,3,ref,5,OK,True,0,1,1
WL,struct_n5_013,struct,3,ref,5,OK,True,0,1,1
W1,struct_n5_013,struct,3,ref,5,OK,True,0,1,1
D0,struct_n5_013,struct,3,ref,5,OK,True,0,1,1
C0,struct_n5_013,struct,3,ref,5,OK,True,0,1,1
T1,struct_n5_013,struct,3,ref,5,OK,True,0,1,1
MG,struct_n5_013,struct,4,ref,4,OK,True,0,1,1
DENSE,struct_n5_013,struct,4,ref,4,OK,True,0,1,1
REL,struct_n5_013,struct,4,ref,4,OK,True,0,1,1
WL,struct_n5_013,struct,4,ref,4,OK,False,1,1,2
W1,struct_n5_013,struct,4,ref,4,OK,True,0,1,1
D0,struct_n5_013,struct,4,ref,4,OK,True,0,1,1
C0,struct_n5_013,struct,4,ref,4,OK,True,0,1,1
T1,struct_n5_013,struct,4,ref,4,OK,True,0,1,1
MG,struct_n5_013,struct,5,ref,5,OK,True,0,1,1
DENSE,struct_n5_013,struct,5,ref,5,OK,True,0,1,1
REL,struct_n5_013,struct,5,ref,5,OK,True,0,1,1
WL,struct_n5_013,struct,5,ref,5,OK,True,0,1,1
W1,struct_n5_013,struct,5,ref,5,OK,True,0,1,1
D0,struct_n5_013,struct,5,ref,5,OK,True,0,1,1
C0,struct_n5_013,struct,5,ref,5,OK,True,0,1,1
T1,struct_n5_013,struct,5,ref,5,OK,True,0,1,1
MG,struct_n5_013,struct,6,off,4,OK,True,0,1,1
DENSE,struct_n5_013,struct,6,off,4,OK,True,0,1,1
REL,struct_n5_013,struct,6,off,4,OK,True,0,1,1
WL,struct_n5_013,struct,6,off,4,OK,False,1,1,3
W1,struct_n5_013,struct,6,off,4,OK,False,2,1,2
D0,struct_n5_013,struct,6,off,4,OK,True,0,1,1
C0,struct_n5_013,struct,6,off,4,OK,True,0,1,1
T1,struct_n5_013,struct,6,off,4,OK,True,0,1,1
MG,struct_n5_013,struct,7,off,5,OK,True,0,1,1
DENSE,struct_n5_013,struct,7,off,5,OK,True,0,1,1
REL,struct_n5_013,struct,7,off,5,OK,True,0,1,1
WL,struct_n5_013,struct,7,off,5,OK,True,0,1,1
W1,struct_n5_013,struct,7,off,5,OK,True,0,1,1
D0,struct_n5_013,struct,7,off,5,OK,True,0,1,1
C0,struct_n5_013,struct,7,off,5,OK,True,0,1,1
T1,struct_n5_013,struct,7,off,5,OK,True,0,1,1
MG,struct_n5_014,struct,0,ref,4,OK,True,0,3,1
DENSE,struct_n5_014,struct,0,ref,4,OK,True,0,3,1
REL,struct_n5_014,struct,0,ref,4,OK,True,0,3,1
WL,struct_n5_014,struct,0,ref,4,OK,False,1,3,3
W1,struct_n5_014,struct,0,ref,4,OK,True,0,3,2
D0,struct_n5_014,struct,0,ref,4,OK,True,0,3,1
C0,struct_n5_014,struct,0,ref,4,OK,True,0,3,1
T1,struct_n5_014,struct,0,ref,4,OK,True,0,3,1
MG,struct_n5_014,struct,1,ref,4,OK,False,2,1,1
DENSE,struct_n5_014,struct,1,ref,4,OK,True,0,1,1
REL,struct_n5_014,struct,1,ref,4,OK,True,0,1,1
WL,struct_n5_014,struct,1,ref,4,OK,False,2,1,1
W1,struct_n5_014,struct,1,ref,4,OK,False,2,1,2
D0,struct_n5_014,struct,1,ref,4,OK,True,0,1,1
C0,struct_n5_014,struct,1,ref,4,OK,True,0,1,1
T1,struct_n5_014,struct,1,ref,4,OK,True,0,1,1
MG,struct_n5_014,struct,2,ref,6,OK,True,0,1,1
DENSE,struct_n5_014,struct,2,ref,6,OK,True,0,1,1
REL,struct_n5_014,struct,2,ref,6,OK,True,0,1,1
WL,struct_n5_014,struct,2,ref,6,OK,True,0,1,1
W1,struct_n5_014,struct,2,ref,6,OK,True,0,1,1
D0,struct_n5_014,struct,2,ref,6,OK,True,0,1,1
C0,struct_n5_014,struct,2,ref,6,OK,True,0,1,1
T1,struct_n5_014,struct,2,ref,6,OK,True,0,1,1
MG,struct_n5_014,struct,3,ref,4,OK,True,0,1,1
DENSE,struct_n5_014,struct,3,ref,4,OK,True,0,1,1
REL,struct_n5_014,struct,3,ref,4,OK,True,0,1,1
WL,struct_n5_014,struct,3,ref,4,OK,False,2,1,2
W1,struct_n5_014,struct,3,ref,4,OK,True,0,1,1
D0,struct_n5_014,struct,3,ref,4,OK,True,0,1,1
C0,struct_n5_014,struct,3,ref,4,OK,True,0,1,1
T1,struct_n5_014,struct,3,ref,4,OK,True,0,1,1
MG,struct_n5_014,struct,4,ref,6,OK,True,0,1,1
DENSE,struct_n5_014,struct,4,ref,6,OK,True,0,1,1
REL,struct_n5_014,struct,4,ref,6,OK,True,0,1,1
WL,struct_n5_014,struct,4,ref,6,OK,True,0,1,1
W1,struct_n5_014,struct,4,ref,6,OK,True,0,1,1
D0,struct_n5_014,struct,4,ref,6,OK,True,0,1,1
C0,struct_n5_014,struct,4,ref,6,OK,True,0,1,1
T1,struct_n5_014,struct,4,ref,6,OK,True,0,1,1
MG,struct_n5_014,struct,5,ref,4,OK,True,0,1,1
DENSE,struct_n5_014,struct,5,ref,4,OK,True,0,1,1
REL,struct_n5_014,struct,5,ref,4,OK,True,0,1,1
WL,struct_n5_014,struct,5,ref,4,OK,False,2,1,1
W1,struct_n5_014,struct,5,ref,4,OK,False,2,1,2
D0,struct_n5_014,struct,5,ref,4,OK,True,0,1,1
C0,struct_n5_014,struct,5,ref,4,OK,True,0,1,1
T1,struct_n5_014,struct,5,ref,4,OK,True,0,1,1
MG,struct_n5_014,struct,6,ref,6,OK,True,0,1,1
DENSE,struct_n5_014,struct,6,ref,6,OK,True,0,1,1
REL,struct_n5_014,struct,6,ref,6,OK,True,0,1,1
WL,struct_n5_014,struct,6,ref,6,OK,True,0,1,1
W1,struct_n5_014,struct,6,ref,6,OK,True,0,1,1
D0,struct_n5_014,struct,6,ref,6,OK,True,0,1,1
C0,struct_n5_014,struct,6,ref,6,OK,True,0,1,1
T1,struct_n5_014,struct,6,ref,6,OK,True,0,1,1
MG,struct_n5_014,struct,7,off,5,OK,True,0,1,1
DENSE,struct_n5_014,struct,7,off,5,OK,True,0,1,1
REL,struct_n5_014,struct,7,off,5,OK,True,0,1,1
WL,struct_n5_014,struct,7,off,5,OK,False,2,1,3
W1,struct_n5_014,struct,7,off,5,OK,False,2,1,2
D0,struct_n5_014,struct,7,off,5,OK,True,0,1,1
C0,struct_n5_014,struct,7,off,5,OK,True,0,1,1
T1,struct_n5_014,struct,7,off,5,OK,True,0,1,1
MG,train_n3_000,train,0,ref,4,OK,True,0,2,1
DENSE,train_n3_000,train,0,ref,4,OK,True,0,2,1
REL,train_n3_000,train,0,ref,4,OK,True,0,2,1
WL,train_n3_000,train,0,ref,4,OK,True,0,2,2
W1,train_n3_000,train,0,ref,4,OK,True,0,2,2
D0,train_n3_000,train,0,ref,4,OK,True,0,2,1
C0,train_n3_000,train,0,ref,4,OK,True,0,2,1
T1,train_n3_000,train,0,ref,4,OK,True,0,2,1
MG,train_n3_000,train,1,ref,4,OK,True,0,1,1
DENSE,train_n3_000,train,1,ref,4,OK,True,0,1,1
REL,train_n3_000,train,1,ref,4,OK,True,0,1,1
WL,train_n3_000,train,1,ref,4,OK,True,0,1,1
W1,train_n3_000,train,1,ref,4,OK,True,0,1,2
D0,train_n3_000,train,1,ref,4,OK,True,0,1,1
C0,train_n3_000,train,1,ref,4,OK,True,0,1,1
T1,train_n3_000,train,1,ref,4,OK,True,0,1,1
MG,train_n3_000,train,2,ref,4,OK,True,0,2,1
DENSE,train_n3_000,train,2,ref,4,OK,True,0,2,1
REL,train_n3_000,train,2,ref,4,OK,True,0,2,1
WL,train_n3_000,train,2,ref,4,OK,True,0,2,1
W1,train_n3_000,train,2,ref,4,OK,True,0,2,1
D0,train_n3_000,train,2,ref,4,OK,True,0,2,1
C0,train_n3_000,train,2,ref,4,OK,True,0,2,1
T1,train_n3_000,train,2,ref,4,OK,True,0,2,1
MG,train_n3_000,train,3,ref,4,OK,True,0,2,1
DENSE,train_n3_000,train,3,ref,4,OK,True,0,2,1
REL,train_n3_000,train,3,ref,4,OK,True,0,2,1
WL,train_n3_000,train,3,ref,4,OK,True,0,2,1
W1,train_n3_000,train,3,ref,4,OK,True,0,2,1
D0,train_n3_000,train,3,ref,4,OK,True,0,2,1
C0,train_n3_000,train,3,ref,4,OK,True,0,2,1
T1,train_n3_000,train,3,ref,4,OK,True,0,2,1
MG,train_n3_000,train,4,ref,4,OK,True,0,1,1
DENSE,train_n3_000,train,4,ref,4,OK,True,0,1,1
REL,train_n3_000,train,4,ref,4,OK,True,0,1,1
WL,train_n3_000,train,4,ref,4,OK,False,2,1,2
W1,train_n3_000,train,4,ref,4,OK,False,2,1,2
D0,train_n3_000,train,4,ref,4,OK,True,0,1,1
C0,train_n3_000,train,4,ref,4,OK,True,0,1,1
T1,train_n3_000,train,4,ref,4,OK,True,0,1,1
MG,train_n3_000,train,5,ref,5,OK,True,0,1,1
DENSE,train_n3_000,train,5,ref,5,OK,True,0,1,1
REL,train_n3_000,train,5,ref,5,OK,True,0,1,1
WL,train_n3_000,train,5,ref,5,OK,True,0,1,1
W1,train_n3_000,train,5,ref,5,OK,True,0,1,1
D0,train_n3_000,train,5,ref,5,OK,True,0,1,1
C0,train_n3_000,train,5,ref,5,OK,True,0,1,1
T1,train_n3_000,train,5,ref,5,OK,True,0,1,1
MG,train_n3_000,train,6,off,5,OK,True,0,2,1
DENSE,train_n3_000,train,6,off,5,OK,True,0,2,1
REL,train_n3_000,train,6,off,5,OK,True,0,2,1
WL,train_n3_000,train,6,off,5,OK,True,0,2,2
W1,train_n3_000,train,6,off,5,OK,True,0,2,2
D0,train_n3_000,train,6,off,5,OK,True,0,2,1
C0,train_n3_000,train,6,off,5,OK,True,0,2,1
T1,train_n3_000,train,6,off,5,OK,True,0,2,1
MG,train_n3_000,train,7,off,4,OK,True,0,1,1
DENSE,train_n3_000,train,7,off,4,OK,True,0,1,1
REL,train_n3_000,train,7,off,4,OK,True,0,1,1
WL,train_n3_000,train,7,off,4,OK,False,1,1,2
W1,train_n3_000,train,7,off,4,OK,True,0,1,1
D0,train_n3_000,train,7,off,4,OK,True,0,1,1
C0,train_n3_000,train,7,off,4,OK,True,0,1,1
T1,train_n3_000,train,7,off,4,OK,True,0,1,1
MG,train_n3_001,train,0,ref,3,OK,True,0,2,1
DENSE,train_n3_001,train,0,ref,3,OK,True,0,2,1
REL,train_n3_001,train,0,ref,3,OK,True,0,2,1
WL,train_n3_001,train,0,ref,3,OK,True,0,2,1
W1,train_n3_001,train,0,ref,3,OK,True,0,2,1
D0,train_n3_001,train,0,ref,3,OK,True,0,2,1
C0,train_n3_001,train,0,ref,3,OK,True,0,2,1
T1,train_n3_001,train,0,ref,3,OK,True,0,2,1
MG,train_n3_001,train,1,ref,4,OK,True,0,1,1
DENSE,train_n3_001,train,1,ref,4,OK,True,0,1,1
REL,train_n3_001,train,1,ref,4,OK,True,0,1,1
WL,train_n3_001,train,1,ref,4,OK,False,2,1,2
W1,train_n3_001,train,1,ref,4,OK,False,2,1,2
D0,train_n3_001,train,1,ref,4,OK,True,0,1,1
C0,train_n3_001,train,1,ref,4,OK,True,0,1,1
T1,train_n3_001,train,1,ref,4,OK,True,0,1,1
MG,train_n3_001,train,2,ref,3,OK,True,0,1,1
DENSE,train_n3_001,train,2,ref,3,OK,True,0,1,1
REL,train_n3_001,train,2,ref,3,OK,True,0,1,1
WL,train_n3_001,train,2,ref,3,OK,True,0,1,2
W1,train_n3_001,train,2,ref,3,OK,True,0,1,2
D0,train_n3_001,train,2,ref,3,OK,True,0,1,1
C0,train_n3_001,train,2,ref,3,OK,True,0,1,1
T1,train_n3_001,train,2,ref,3,OK,True,0,1,1
MG,train_n3_001,train,3,ref,3,OK,True,0,1,1
DENSE,train_n3_001,train,3,ref,3,OK,True,0,1,1
REL,train_n3_001,train,3,ref,3,OK,True,0,1,1
WL,train_n3_001,train,3,ref,3,OK,False,2,1,2
W1,train_n3_001,train,3,ref,3,OK,False,2,1,2
D0,train_n3_001,train,3,ref,3,OK,True,0,1,1
C0,train_n3_001,train,3,ref,3,OK,True,0,1,1
T1,train_n3_001,train,3,ref,3,OK,True,0,1,1
MG,train_n3_001,train,4,ref,4,OK,True,0,1,1
DENSE,train_n3_001,train,4,ref,4,OK,True,0,1,1
REL,train_n3_001,train,4,ref,4,OK,True,0,1,1
WL,train_n3_001,train,4,ref,4,OK,True,0,1,1
W1,train_n3_001,train,4,ref,4,OK,True,0,1,1
D0,train_n3_001,train,4,ref,4,OK,True,0,1,1
C0,train_n3_001,train,4,ref,4,OK,True,0,1,1
T1,train_n3_001,train,4,ref,4,OK,True,0,1,1
MG,train_n3_001,train,5,off,3,OK,True,0,1,1
DENSE,train_n3_001,train,5,off,3,OK,True,0,1,1
REL,train_n3_001,train,5,off,3,OK,True,0,1,1
WL,train_n3_001,train,5,off,3,OK,True,0,1,1
W1,train_n3_001,train,5,off,3,OK,True,0,1,1
D0,train_n3_001,train,5,off,3,OK,True,0,1,1
C0,train_n3_001,train,5,off,3,OK,True,0,1,1
T1,train_n3_001,train,5,off,3,OK,True,0,1,1
MG,train_n3_001,train,6,off,4,OK,True,0,2,1
DENSE,train_n3_001,train,6,off,4,OK,True,0,2,1
REL,train_n3_001,train,6,off,4,OK,True,0,2,1
WL,train_n3_001,train,6,off,4,OK,True,0,2,1
W1,train_n3_001,train,6,off,4,OK,True,0,2,1
D0,train_n3_001,train,6,off,4,OK,True,0,2,1
C0,train_n3_001,train,6,off,4,OK,True,0,2,1
T1,train_n3_001,train,6,off,4,OK,True,0,2,1
MG,train_n3_001,train,7,off,3,OK,True,0,1,1
DENSE,train_n3_001,train,7,off,3,OK,True,0,1,1
REL,train_n3_001,train,7,off,3,OK,True,0,1,1
WL,train_n3_001,train,7,off,3,OK,True,0,1,1
W1,train_n3_001,train,7,off,3,OK,True,0,1,1
D0,train_n3_001,train,7,off,3,OK,True,0,1,1
C0,train_n3_001,train,7,off,3,OK,True,0,1,1
T1,train_n3_001,train,7,off,3,OK,True,0,1,1
MG,train_n3_002,train,0,ref,4,OK,True,0,3,1
DENSE,train_n3_002,train,0,ref,4,OK,True,0,3,1
REL,train_n3_002,train,0,ref,4,OK,True,0,3,1
WL,train_n3_002,train,0,ref,4,OK,True,0,3,3
W1,train_n3_002,train,0,ref,4,OK,True,0,3,3
D0,train_n3_002,train,0,ref,4,OK,True,0,3,1
C0,train_n3_002,train,0,ref,4,OK,True,0,3,1
T1,train_n3_002,train,0,ref,4,OK,True,0,3,1
MG,train_n3_002,train,1,ref,5,OK,True,0,1,1
DENSE,train_n3_002,train,1,ref,5,OK,True,0,1,1
REL,train_n3_002,train,1,ref,5,OK,True,0,1,1
WL,train_n3_002,train,1,ref,5,OK,True,0,1,1
W1,train_n3_002,train,1,ref,5,OK,False,1,1,2
D0,train_n3_002,train,1,ref,5,OK,True,0,1,1
C0,train_n3_002,train,1,ref,5,OK,True,0,1,1
T1,train_n3_002,train,1,ref,5,OK,True,0,1,1
MG,train_n3_002,train,2,ref,4,OK,True,0,1,1
DENSE,train_n3_002,train,2,ref,4,OK,True,0,1,1
REL,train_n3_002,train,2,ref,4,OK,True,0,1,1
WL,train_n3_002,train,2,ref,4,OK,False,1,1,3
W1,train_n3_002,train,2,ref,4,OK,False,1,1,3
D0,train_n3_002,train,2,ref,4,OK,True,0,1,1
C0,train_n3_002,train,2,ref,4,OK,True,0,1,1
T1,train_n3_002,train,2,ref,4,OK,True,0,1,1
MG,train_n3_002,train,3,ref,3,OK,True,0,2,1
DENSE,train_n3_002,train,3,ref,3,OK,True,0,2,1
REL,train_n3_002,train,3,ref,3,OK,True,0,2,1
WL,train_n3_002,train,3,ref,3,OK,True,0,2,1
W1,train_n3_002,train,3,ref,3,OK,True,0,2,1
D0,train_n3_002,train,3,ref,3,OK,True,0,2,1
C0,train_n3_002,train,3,ref,3,OK,True,0,2,1
T1,train_n3_002,train,3,ref,3,OK,True,0,2,1
MG,train_n3_002,train,4,ref,3,OK,True,0,2,1
DENSE,train_n3_002,train,4,ref,3,OK,True,0,2,1
REL,train_n3_002,train,4,ref,3,OK,True,0,2,1
WL,train_n3_002,train,4,ref,3,OK,True,0,2,1
W1,train_n3_002,train,4,ref,3,OK,True,0,2,1
D0,train_n3_002,train,4,ref,3,OK,True,0,2,1
C0,train_n3_002,train,4,ref,3,OK,True,0,2,1
T1,train_n3_002,train,4,ref,3,OK,True,0,2,1
MG,train_n3_002,train,5,ref,3,OK,True,0,1,1
DENSE,train_n3_002,train,5,ref,3,OK,True,0,1,1
REL,train_n3_002,train,5,ref,3,OK,True,0,1,1
WL,train_n3_002,train,5,ref,3,OK,False,2,1,2
W1,train_n3_002,train,5,ref,3,OK,False,2,1,2
D0,train_n3_002,train,5,ref,3,OK,True,0,1,1
C0,train_n3_002,train,5,ref,3,OK,True,0,1,1
T1,train_n3_002,train,5,ref,3,OK,True,0,1,1
MG,train_n3_002,train,6,ref,5,OK,True,0,1,1
DENSE,train_n3_002,train,6,ref,5,OK,True,0,1,1
REL,train_n3_002,train,6,ref,5,OK,True,0,1,1
WL,train_n3_002,train,6,ref,5,OK,True,0,1,1
W1,train_n3_002,train,6,ref,5,OK,True,0,1,1
D0,train_n3_002,train,6,ref,5,OK,True,0,1,1
C0,train_n3_002,train,6,ref,5,OK,True,0,1,1
T1,train_n3_002,train,6,ref,5,OK,True,0,1,1
MG,train_n3_002,train,7,off,3,OK,True,0,1,1
DENSE,train_n3_002,train,7,off,3,OK,True,0,1,1
REL,train_n3_002,train,7,off,3,OK,True,0,1,1
WL,train_n3_002,train,7,off,3,OK,True,0,1,1
W1,train_n3_002,train,7,off,3,OK,True,0,1,1
D0,train_n3_002,train,7,off,3,OK,True,0,1,1
C0,train_n3_002,train,7,off,3,OK,True,0,1,1
T1,train_n3_002,train,7,off,3,OK,True,0,1,1
MG,train_n3_006,train,0,ref,4,OK,True,0,1,1
DENSE,train_n3_006,train,0,ref,4,OK,True,0,1,1
REL,train_n3_006,train,0,ref,4,OK,True,0,1,1
WL,train_n3_006,train,0,ref,4,OK,True,0,1,1
W1,train_n3_006,train,0,ref,4,OK,True,0,1,1
D0,train_n3_006,train,0,ref,4,OK,True,0,1,1
C0,train_n3_006,train,0,ref,4,OK,True,0,1,1
T1,train_n3_006,train,0,ref,4,OK,True,0,1,1
MG,train_n3_006,train,1,ref,5,OK,True,0,1,1
DENSE,train_n3_006,train,1,ref,5,OK,True,0,1,1
REL,train_n3_006,train,1,ref,5,OK,True,0,1,1
WL,train_n3_006,train,1,ref,5,OK,False,2,1,2
W1,train_n3_006,train,1,ref,5,OK,False,2,1,2
D0,train_n3_006,train,1,ref,5,OK,True,0,1,1
C0,train_n3_006,train,1,ref,5,OK,True,0,1,1
T1,train_n3_006,train,1,ref,5,OK,True,0,1,1
MG,train_n3_006,train,2,ref,4,OK,True,0,1,1
DENSE,train_n3_006,train,2,ref,4,OK,True,0,1,1
REL,train_n3_006,train,2,ref,4,OK,True,0,1,1
WL,train_n3_006,train,2,ref,4,OK,True,0,1,2
W1,train_n3_006,train,2,ref,4,OK,True,0,1,2
D0,train_n3_006,train,2,ref,4,OK,True,0,1,1
C0,train_n3_006,train,2,ref,4,OK,True,0,1,1
T1,train_n3_006,train,2,ref,4,OK,True,0,1,1
MG,train_n3_006,train,3,ref,4,OK,True,0,1,1
DENSE,train_n3_006,train,3,ref,4,OK,True,0,1,1
REL,train_n3_006,train,3,ref,4,OK,True,0,1,1
WL,train_n3_006,train,3,ref,4,OK,False,2,1,2
W1,train_n3_006,train,3,ref,4,OK,False,2,1,2
D0,train_n3_006,train,3,ref,4,OK,True,0,1,1
C0,train_n3_006,train,3,ref,4,OK,True,0,1,1
T1,train_n3_006,train,3,ref,4,OK,True,0,1,1
MG,train_n3_006,train,4,ref,4,OK,True,0,1,1
DENSE,train_n3_006,train,4,ref,4,OK,True,0,1,1
REL,train_n3_006,train,4,ref,4,OK,True,0,1,1
WL,train_n3_006,train,4,ref,4,OK,True,0,1,1
W1,train_n3_006,train,4,ref,4,OK,True,0,1,1
D0,train_n3_006,train,4,ref,4,OK,True,0,1,1
C0,train_n3_006,train,4,ref,4,OK,True,0,1,1
T1,train_n3_006,train,4,ref,4,OK,True,0,1,1
MG,train_n3_006,train,5,off,3,OK,True,0,1,1
DENSE,train_n3_006,train,5,off,3,OK,True,0,1,1
REL,train_n3_006,train,5,off,3,OK,True,0,1,1
WL,train_n3_006,train,5,off,3,OK,True,0,1,1
W1,train_n3_006,train,5,off,3,OK,True,0,1,1
D0,train_n3_006,train,5,off,3,OK,True,0,1,1
C0,train_n3_006,train,5,off,3,OK,True,0,1,1
T1,train_n3_006,train,5,off,3,OK,True,0,1,1
MG,train_n3_006,train,6,off,5,OK,True,0,1,1
DENSE,train_n3_006,train,6,off,5,OK,True,0,1,1
REL,train_n3_006,train,6,off,5,OK,True,0,1,1
WL,train_n3_006,train,6,off,5,OK,True,0,1,1
W1,train_n3_006,train,6,off,5,OK,True,0,1,1
D0,train_n3_006,train,6,off,5,OK,True,0,1,1
C0,train_n3_006,train,6,off,5,OK,True,0,1,1
T1,train_n3_006,train,6,off,5,OK,True,0,1,1
MG,train_n3_006,train,7,off,4,OK,False,2,1,1
DENSE,train_n3_006,train,7,off,4,OK,True,0,1,1
REL,train_n3_006,train,7,off,4,OK,True,0,1,1
WL,train_n3_006,train,7,off,4,OK,True,0,1,1
W1,train_n3_006,train,7,off,4,OK,True,0,1,1
D0,train_n3_006,train,7,off,4,OK,True,0,1,1
C0,train_n3_006,train,7,off,4,OK,True,0,1,1
T1,train_n3_006,train,7,off,4,OK,True,0,1,1
MG,train_n3_009,train,0,ref,3,OK,True,0,2,1
DENSE,train_n3_009,train,0,ref,3,OK,True,0,2,1
REL,train_n3_009,train,0,ref,3,OK,True,0,2,1
WL,train_n3_009,train,0,ref,3,OK,True,0,2,2
W1,train_n3_009,train,0,ref,3,OK,True,0,2,2
D0,train_n3_009,train,0,ref,3,OK,True,0,2,1
C0,train_n3_009,train,0,ref,3,OK,True,0,2,1
T1,train_n3_009,train,0,ref,3,OK,True,0,2,1
MG,train_n3_009,train,1,ref,4,OK,True,0,1,1
DENSE,train_n3_009,train,1,ref,4,OK,True,0,1,1
REL,train_n3_009,train,1,ref,4,OK,True,0,1,1
WL,train_n3_009,train,1,ref,4,OK,False,2,1,2
W1,train_n3_009,train,1,ref,4,OK,False,2,1,2
D0,train_n3_009,train,1,ref,4,OK,True,0,1,1
C0,train_n3_009,train,1,ref,4,OK,True,0,1,1
T1,train_n3_009,train,1,ref,4,OK,True,0,1,1
MG,train_n3_009,train,2,ref,5,OK,True,0,2,1
DENSE,train_n3_009,train,2,ref,5,OK,True,0,2,1
REL,train_n3_009,train,2,ref,5,OK,True,0,2,1
WL,train_n3_009,train,2,ref,5,OK,True,0,2,1
W1,train_n3_009,train,2,ref,5,OK,True,0,2,1
D0,train_n3_009,train,2,ref,5,OK,True,0,2,1
C0,train_n3_009,train,2,ref,5,OK,True,0,2,1
T1,train_n3_009,train,2,ref,5,OK,True,0,2,1
MG,train_n3_009,train,3,ref,4,OK,True,0,1,1
DENSE,train_n3_009,train,3,ref,4,OK,True,0,1,1
REL,train_n3_009,train,3,ref,4,OK,True,0,1,1
WL,train_n3_009,train,3,ref,4,OK,False,2,1,3
W1,train_n3_009,train,3,ref,4,OK,False,2,1,3
D0,train_n3_009,train,3,ref,4,OK,True,0,1,1
C0,train_n3_009,train,3,ref,4,OK,True,0,1,1
T1,train_n3_009,train,3,ref,4,OK,True,0,1,1
MG,train_n3_009,train,4,ref,4,OK,True,0,1,1
DENSE,train_n3_009,train,4,ref,4,OK,True,0,1,1
REL,train_n3_009,train,4,ref,4,OK,True,0,1,1
WL,train_n3_009,train,4,ref,4,OK,True,0,1,1
W1,train_n3_009,train,4,ref,4,OK,True,0,1,1
D0,train_n3_009,train,4,ref,4,OK,True,0,1,1
C0,train_n3_009,train,4,ref,4,OK,True,0,1,1
T1,train_n3_009,train,4,ref,4,OK,True,0,1,1
MG,train_n3_009,train,5,ref,4,OK,True,0,1,1
DENSE,train_n3_009,train,5,ref,4,OK,True,0,1,1
REL,train_n3_009,train,5,ref,4,OK,True,0,1,1
WL,train_n3_009,train,5,ref,4,OK,False,2,1,2
W1,train_n3_009,train,5,ref,4,OK,False,2,1,2
D0,train_n3_009,train,5,ref,4,OK,True,0,1,1
C0,train_n3_009,train,5,ref,4,OK,True,0,1,1
T1,train_n3_009,train,5,ref,4,OK,True,0,1,1
MG,train_n3_009,train,6,ref,4,OK,True,0,1,1
DENSE,train_n3_009,train,6,ref,4,OK,True,0,1,1
REL,train_n3_009,train,6,ref,4,OK,True,0,1,1
WL,train_n3_009,train,6,ref,4,OK,True,0,1,1
W1,train_n3_009,train,6,ref,4,OK,True,0,1,1
D0,train_n3_009,train,6,ref,4,OK,True,0,1,1
C0,train_n3_009,train,6,ref,4,OK,True,0,1,1
T1,train_n3_009,train,6,ref,4,OK,True,0,1,1
MG,train_n3_009,train,7,off,4,OK,True,0,1,1
DENSE,train_n3_009,train,7,off,4,OK,True,0,1,1
REL,train_n3_009,train,7,off,4,OK,True,0,1,1
WL,train_n3_009,train,7,off,4,OK,True,0,1,2
W1,train_n3_009,train,7,off,4,OK,True,0,1,2
D0,train_n3_009,train,7,off,4,OK,True,0,1,1
C0,train_n3_009,train,7,off,4,OK,True,0,1,1
T1,train_n3_009,train,7,off,4,OK,True,0,1,1
MG,train_n3_012,train,0,ref,3,OK,True,0,2,1
DENSE,train_n3_012,train,0,ref,3,OK,True,0,2,1
REL,train_n3_012,train,0,ref,3,OK,True,0,2,1
WL,train_n3_012,train,0,ref,3,OK,True,0,2,2
W1,train_n3_012,train,0,ref,3,OK,True,0,2,2
D0,train_n3_012,train,0,ref,3,OK,True,0,2,1
C0,train_n3_012,train,0,ref,3,OK,True,0,2,1
T1,train_n3_012,train,0,ref,3,OK,True,0,2,1
MG,train_n3_012,train,1,ref,5,OK,True,0,1,1
DENSE,train_n3_012,train,1,ref,5,OK,True,0,1,1
REL,train_n3_012,train,1,ref,5,OK,True,0,1,1
WL,train_n3_012,train,1,ref,5,OK,False,2,1,1
W1,train_n3_012,train,1,ref,5,OK,False,2,1,1
D0,train_n3_012,train,1,ref,5,OK,True,0,1,1
C0,train_n3_012,train,1,ref,5,OK,True,0,1,1
T1,train_n3_012,train,1,ref,5,OK,True,0,1,1
MG,train_n3_012,train,2,ref,4,OK,True,0,1,1
DENSE,train_n3_012,train,2,ref,4,OK,True,0,1,1
REL,train_n3_012,train,2,ref,4,OK,True,0,1,1
WL,train_n3_012,train,2,ref,4,OK,True,0,1,1
W1,train_n3_012,train,2,ref,4,OK,True,0,1,1
D0,train_n3_012,train,2,ref,4,OK,True,0,1,1
C0,train_n3_012,train,2,ref,4,OK,True,0,1,1
T1,train_n3_012,train,2,ref,4,OK,True,0,1,1
MG,train_n3_012,train,3,ref,4,OK,True,0,2,1
DENSE,train_n3_012,train,3,ref,4,OK,True,0,2,1
REL,train_n3_012,train,3,ref,4,OK,True,0,2,1
WL,train_n3_012,train,3,ref,4,OK,False,2,2,3
W1,train_n3_012,train,3,ref,4,OK,False,2,2,3
D0,train_n3_012,train,3,ref,4,OK,True,0,2,1
C0,train_n3_012,train,3,ref,4,OK,True,0,2,1
T1,train_n3_012,train,3,ref,4,OK,True,0,2,1
MG,train_n3_012,train,4,ref,4,OK,True,0,1,1
DENSE,train_n3_012,train,4,ref,4,OK,True,0,1,1
REL,train_n3_012,train,4,ref,4,OK,True,0,1,1
WL,train_n3_012,train,4,ref,4,OK,True,0,1,1
W1,train_n3_012,train,4,ref,4,OK,True,0,1,1
D0,train_n3_012,train,4,ref,4,OK,True,0,1,1
C0,train_n3_012,train,4,ref,4,OK,True,0,1,1
T1,train_n3_012,train,4,ref,4,OK,True,0,1,1
MG,train_n3_012,train,5,ref,3,OK,True,0,1,1
DENSE,train_n3_012,train,5,ref,3,OK,True,0,1,1
REL,train_n3_012,train,5,ref,3,OK,True,0,1,1
WL,train_n3_012,train,5,ref,3,OK,False,2,1,2
W1,train_n3_012,train,5,ref,3,OK,False,2,1,2
D0,train_n3_012,train,5,ref,3,OK,True,0,1,1
C0,train_n3_012,train,5,ref,3,OK,True,0,1,1
T1,train_n3_012,train,5,ref,3,OK,True,0,1,1
MG,train_n3_012,train,6,ref,4,OK,True,0,1,1
DENSE,train_n3_012,train,6,ref,4,OK,True,0,1,1
REL,train_n3_012,train,6,ref,4,OK,True,0,1,1
WL,train_n3_012,train,6,ref,4,OK,True,0,1,1
W1,train_n3_012,train,6,ref,4,OK,True,0,1,1
D0,train_n3_012,train,6,ref,4,OK,True,0,1,1
C0,train_n3_012,train,6,ref,4,OK,True,0,1,1
T1,train_n3_012,train,6,ref,4,OK,True,0,1,1
MG,train_n3_012,train,7,off,5,OK,True,0,2,1
DENSE,train_n3_012,train,7,off,5,OK,True,0,2,1
REL,train_n3_012,train,7,off,5,OK,True,0,2,1
WL,train_n3_012,train,7,off,5,OK,False,2,2,1
W1,train_n3_012,train,7,off,5,OK,False,2,2,1
D0,train_n3_012,train,7,off,5,OK,True,0,2,1
C0,train_n3_012,train,7,off,5,OK,True,0,2,1
T1,train_n3_012,train,7,off,5,OK,True,0,2,1
MG,train_n3_015,train,0,ref,3,OK,True,0,2,1
DENSE,train_n3_015,train,0,ref,3,OK,True,0,2,1
REL,train_n3_015,train,0,ref,3,OK,True,0,2,1
WL,train_n3_015,train,0,ref,3,OK,True,0,2,2
W1,train_n3_015,train,0,ref,3,OK,True,0,2,2
D0,train_n3_015,train,0,ref,3,OK,True,0,2,1
C0,train_n3_015,train,0,ref,3,OK,True,0,2,1
T1,train_n3_015,train,0,ref,3,OK,True,0,2,1
MG,train_n3_015,train,1,ref,4,OK,True,0,2,1
DENSE,train_n3_015,train,1,ref,4,OK,True,0,2,1
REL,train_n3_015,train,1,ref,4,OK,True,0,2,1
WL,train_n3_015,train,1,ref,4,OK,False,2,2,3
W1,train_n3_015,train,1,ref,4,OK,True,0,2,1
D0,train_n3_015,train,1,ref,4,OK,True,0,2,1
C0,train_n3_015,train,1,ref,4,OK,True,0,2,1
T1,train_n3_015,train,1,ref,4,OK,True,0,2,1
MG,train_n3_015,train,2,ref,4,OK,True,0,2,1
DENSE,train_n3_015,train,2,ref,4,OK,True,0,2,1
REL,train_n3_015,train,2,ref,4,OK,True,0,2,1
WL,train_n3_015,train,2,ref,4,OK,True,0,2,1
W1,train_n3_015,train,2,ref,4,OK,True,0,2,2
D0,train_n3_015,train,2,ref,4,OK,True,0,2,1
C0,train_n3_015,train,2,ref,4,OK,True,0,2,1
T1,train_n3_015,train,2,ref,4,OK,True,0,2,1
MG,train_n3_015,train,3,ref,4,OK,True,0,1,1
DENSE,train_n3_015,train,3,ref,4,OK,True,0,1,1
REL,train_n3_015,train,3,ref,4,OK,True,0,1,1
WL,train_n3_015,train,3,ref,4,OK,False,2,1,1
W1,train_n3_015,train,3,ref,4,OK,False,2,1,1
D0,train_n3_015,train,3,ref,4,OK,True,0,1,1
C0,train_n3_015,train,3,ref,4,OK,True,0,1,1
T1,train_n3_015,train,3,ref,4,OK,True,0,1,1
MG,train_n3_015,train,4,ref,5,OK,True,0,1,1
DENSE,train_n3_015,train,4,ref,5,OK,True,0,1,1
REL,train_n3_015,train,4,ref,5,OK,True,0,1,1
WL,train_n3_015,train,4,ref,5,OK,True,0,1,1
W1,train_n3_015,train,4,ref,5,OK,True,0,1,1
D0,train_n3_015,train,4,ref,5,OK,True,0,1,1
C0,train_n3_015,train,4,ref,5,OK,True,0,1,1
T1,train_n3_015,train,4,ref,5,OK,True,0,1,1
MG,train_n3_015,train,5,ref,4,OK,True,0,1,1
DENSE,train_n3_015,train,5,ref,4,OK,True,0,1,1
REL,train_n3_015,train,5,ref,4,OK,True,0,1,1
WL,train_n3_015,train,5,ref,4,OK,True,0,1,1
W1,train_n3_015,train,5,ref,4,OK,True,0,1,1
D0,train_n3_015,train,5,ref,4,OK,True,0,1,1
C0,train_n3_015,train,5,ref,4,OK,True,0,1,1
T1,train_n3_015,train,5,ref,4,OK,True,0,1,1
MG,train_n3_015,train,6,ref,5,OK,True,0,1,1
DENSE,train_n3_015,train,6,ref,5,OK,True,0,1,1
REL,train_n3_015,train,6,ref,5,OK,True,0,1,1
WL,train_n3_015,train,6,ref,5,OK,True,0,1,1
W1,train_n3_015,train,6,ref,5,OK,True,0,1,1
D0,train_n3_015,train,6,ref,5,OK,True,0,1,1
C0,train_n3_015,train,6,ref,5,OK,True,0,1,1
T1,train_n3_015,train,6,ref,5,OK,True,0,1,1
MG,train_n3_015,train,7,off,4,OK,True,0,1,1
DENSE,train_n3_015,train,7,off,4,OK,True,0,1,1
REL,train_n3_015,train,7,off,4,OK,True,0,1,1
WL,train_n3_015,train,7,off,4,OK,False,2,1,2
W1,train_n3_015,train,7,off,4,OK,False,2,1,2
D0,train_n3_015,train,7,off,4,OK,True,0,1,1
C0,train_n3_015,train,7,off,4,OK,True,0,1,1
T1,train_n3_015,train,7,off,4,OK,True,0,1,1
MG,train_n3_018,train,0,ref,2,OK,True,0,1,1
DENSE,train_n3_018,train,0,ref,2,OK,True,0,1,1
REL,train_n3_018,train,0,ref,2,OK,True,0,1,1
WL,train_n3_018,train,0,ref,2,OK,True,0,1,1
W1,train_n3_018,train,0,ref,2,OK,True,0,1,1
D0,train_n3_018,train,0,ref,2,OK,True,0,1,1
C0,train_n3_018,train,0,ref,2,OK,True,0,1,1
T1,train_n3_018,train,0,ref,2,OK,True,0,1,1
MG,train_n3_018,train,1,ref,3,OK,True,0,1,1
DENSE,train_n3_018,train,1,ref,3,OK,True,0,1,1
REL,train_n3_018,train,1,ref,3,OK,True,0,1,1
WL,train_n3_018,train,1,ref,3,OK,True,0,1,1
W1,train_n3_018,train,1,ref,3,OK,True,0,1,1
D0,train_n3_018,train,1,ref,3,OK,True,0,1,1
C0,train_n3_018,train,1,ref,3,OK,True,0,1,1
T1,train_n3_018,train,1,ref,3,OK,True,0,1,1
MG,train_n3_018,train,2,ref,4,OK,True,0,1,1
DENSE,train_n3_018,train,2,ref,4,OK,True,0,1,1
REL,train_n3_018,train,2,ref,4,OK,True,0,1,1
WL,train_n3_018,train,2,ref,4,OK,True,0,1,1
W1,train_n3_018,train,2,ref,4,OK,True,0,1,1
D0,train_n3_018,train,2,ref,4,OK,True,0,1,1
C0,train_n3_018,train,2,ref,4,OK,True,0,1,1
T1,train_n3_018,train,2,ref,4,OK,True,0,1,1
MG,train_n3_018,train,3,ref,3,OK,True,0,1,1
DENSE,train_n3_018,train,3,ref,3,OK,True,0,1,1
REL,train_n3_018,train,3,ref,3,OK,True,0,1,1
WL,train_n3_018,train,3,ref,3,OK,True,0,1,1
W1,train_n3_018,train,3,ref,3,OK,True,0,1,1
D0,train_n3_018,train,3,ref,3,OK,True,0,1,1
C0,train_n3_018,train,3,ref,3,OK,True,0,1,1
T1,train_n3_018,train,3,ref,3,OK,True,0,1,1
MG,train_n3_018,train,4,ref,4,OK,True,0,1,1
DENSE,train_n3_018,train,4,ref,4,OK,True,0,1,1
REL,train_n3_018,train,4,ref,4,OK,True,0,1,1
WL,train_n3_018,train,4,ref,4,OK,True,0,1,1
W1,train_n3_018,train,4,ref,4,OK,True,0,1,1
D0,train_n3_018,train,4,ref,4,OK,True,0,1,1
C0,train_n3_018,train,4,ref,4,OK,True,0,1,1
T1,train_n3_018,train,4,ref,4,OK,True,0,1,1
MG,train_n3_018,train,5,off,3,OK,True,0,1,1
DENSE,train_n3_018,train,5,off,3,OK,True,0,1,1
REL,train_n3_018,train,5,off,3,OK,True,0,1,1
WL,train_n3_018,train,5,off,3,OK,False,2,1,2
W1,train_n3_018,train,5,off,3,OK,False,2,1,2
D0,train_n3_018,train,5,off,3,OK,True,0,1,1
C0,train_n3_018,train,5,off,3,OK,True,0,1,1
T1,train_n3_018,train,5,off,3,OK,True,0,1,1
MG,train_n3_018,train,6,off,3,OK,True,0,1,1
DENSE,train_n3_018,train,6,off,3,OK,True,0,1,1
REL,train_n3_018,train,6,off,3,OK,True,0,1,1
WL,train_n3_018,train,6,off,3,OK,True,0,1,1
W1,train_n3_018,train,6,off,3,OK,True,0,1,1
D0,train_n3_018,train,6,off,3,OK,True,0,1,1
C0,train_n3_018,train,6,off,3,OK,True,0,1,1
T1,train_n3_018,train,6,off,3,OK,True,0,1,1
MG,train_n3_018,train,7,off,3,OK,True,0,1,1
DENSE,train_n3_018,train,7,off,3,OK,True,0,1,1
REL,train_n3_018,train,7,off,3,OK,True,0,1,1
WL,train_n3_018,train,7,off,3,OK,True,0,1,1
W1,train_n3_018,train,7,off,3,OK,True,0,1,1
D0,train_n3_018,train,7,off,3,OK,True,0,1,1
C0,train_n3_018,train,7,off,3,OK,True,0,1,1
T1,train_n3_018,train,7,off,3,OK,True,0,1,1
MG,train_n3_020,train,0,ref,3,OK,True,0,2,1
DENSE,train_n3_020,train,0,ref,3,OK,True,0,2,1
REL,train_n3_020,train,0,ref,3,OK,True,0,2,1
WL,train_n3_020,train,0,ref,3,OK,True,0,2,1
W1,train_n3_020,train,0,ref,3,OK,True,0,2,1
D0,train_n3_020,train,0,ref,3,OK,True,0,2,1
C0,train_n3_020,train,0,ref,3,OK,True,0,2,1
T1,train_n3_020,train,0,ref,3,OK,True,0,2,1
MG,train_n3_020,train,1,ref,5,OK,True,0,1,1
DENSE,train_n3_020,train,1,ref,5,OK,True,0,1,1
REL,train_n3_020,train,1,ref,5,OK,True,0,1,1
WL,train_n3_020,train,1,ref,5,OK,False,2,1,1
W1,train_n3_020,train,1,ref,5,OK,False,2,1,1
D0,train_n3_020,train,1,ref,5,OK,True,0,1,1
C0,train_n3_020,train,1,ref,5,OK,True,0,1,1
T1,train_n3_020,train,1,ref,5,OK,True,0,1,1
MG,train_n3_020,train,2,ref,4,OK,True,0,1,1
DENSE,train_n3_020,train,2,ref,4,OK,True,0,1,1
REL,train_n3_020,train,2,ref,4,OK,True,0,1,1
WL,train_n3_020,train,2,ref,4,OK,True,0,1,1
W1,train_n3_020,train,2,ref,4,OK,True,0,1,1
D0,train_n3_020,train,2,ref,4,OK,True,0,1,1
C0,train_n3_020,train,2,ref,4,OK,True,0,1,1
T1,train_n3_020,train,2,ref,4,OK,True,0,1,1
MG,train_n3_020,train,3,ref,5,OK,True,0,1,1
DENSE,train_n3_020,train,3,ref,5,OK,True,0,1,1
REL,train_n3_020,train,3,ref,5,OK,True,0,1,1
WL,train_n3_020,train,3,ref,5,OK,True,0,1,1
W1,train_n3_020,train,3,ref,5,OK,True,0,1,1
D0,train_n3_020,train,3,ref,5,OK,True,0,1,1
C0,train_n3_020,train,3,ref,5,OK,True,0,1,1
T1,train_n3_020,train,3,ref,5,OK,True,0,1,1
MG,train_n3_020,train,4,ref,4,OK,True,0,1,1
DENSE,train_n3_020,train,4,ref,4,OK,True,0,1,1
REL,train_n3_020,train,4,ref,4,OK,True,0,1,1
WL,train_n3_020,train,4,ref,4,OK,False,2,1,2
W1,train_n3_020,train,4,ref,4,OK,False,2,1,2
D0,train_n3_020,train,4,ref,4,OK,True,0,1,1
C0,train_n3_020,train,4,ref,4,OK,True,0,1,1
T1,train_n3_020,train,4,ref,4,OK,True,0,1,1
MG,train_n3_020,train,5,ref,5,OK,True,0,1,1
DENSE,train_n3_020,train,5,ref,5,OK,True,0,1,1
REL,train_n3_020,train,5,ref,5,OK,True,0,1,1
WL,train_n3_020,train,5,ref,5,OK,True,0,1,1
W1,train_n3_020,train,5,ref,5,OK,True,0,1,1
D0,train_n3_020,train,5,ref,5,OK,True,0,1,1
C0,train_n3_020,train,5,ref,5,OK,True,0,1,1
T1,train_n3_020,train,5,ref,5,OK,True,0,1,1
MG,train_n3_020,train,6,off,4,OK,True,0,2,1
DENSE,train_n3_020,train,6,off,4,OK,True,0,2,1
REL,train_n3_020,train,6,off,4,OK,True,0,2,1
WL,train_n3_020,train,6,off,4,OK,True,0,2,1
W1,train_n3_020,train,6,off,4,OK,True,0,2,2
D0,train_n3_020,train,6,off,4,OK,True,0,2,1
C0,train_n3_020,train,6,off,4,OK,True,0,2,1
T1,train_n3_020,train,6,off,4,OK,True,0,2,1
MG,train_n3_020,train,7,off,4,OK,True,0,1,1
DENSE,train_n3_020,train,7,off,4,OK,True,0,1,1
REL,train_n3_020,train,7,off,4,OK,True,0,1,1
WL,train_n3_020,train,7,off,4,OK,False,2,1,2
W1,train_n3_020,train,7,off,4,OK,False,2,1,2
D0,train_n3_020,train,7,off,4,OK,True,0,1,1
C0,train_n3_020,train,7,off,4,OK,True,0,1,1
T1,train_n3_020,train,7,off,4,OK,True,0,1,1
MG,train_n3_022,train,0,ref,3,OK,True,0,1,1
DENSE,train_n3_022,train,0,ref,3,OK,True,0,1,1
REL,train_n3_022,train,0,ref,3,OK,True,0,1,1
WL,train_n3_022,train,0,ref,3,OK,True,0,1,1
W1,train_n3_022,train,0,ref,3,OK,True,0,1,1
D0,train_n3_022,train,0,ref,3,OK,True,0,1,1
C0,train_n3_022,train,0,ref,3,OK,True,0,1,1
T1,train_n3_022,train,0,ref,3,OK,True,0,1,1
MG,train_n3_022,train,1,ref,3,OK,True,0,1,1
DENSE,train_n3_022,train,1,ref,3,OK,True,0,1,1
REL,train_n3_022,train,1,ref,3,OK,True,0,1,1
WL,train_n3_022,train,1,ref,3,OK,True,0,1,2
W1,train_n3_022,train,1,ref,3,OK,True,0,1,2
D0,train_n3_022,train,1,ref,3,OK,True,0,1,1
C0,train_n3_022,train,1,ref,3,OK,True,0,1,1
T1,train_n3_022,train,1,ref,3,OK,True,0,1,1
MG,train_n3_022,train,2,ref,3,OK,True,0,1,1
DENSE,train_n3_022,train,2,ref,3,OK,True,0,1,1
REL,train_n3_022,train,2,ref,3,OK,True,0,1,1
WL,train_n3_022,train,2,ref,3,OK,True,0,1,1
W1,train_n3_022,train,2,ref,3,OK,True,0,1,1
D0,train_n3_022,train,2,ref,3,OK,True,0,1,1
C0,train_n3_022,train,2,ref,3,OK,True,0,1,1
T1,train_n3_022,train,2,ref,3,OK,True,0,1,1
MG,train_n3_022,train,3,ref,4,OK,True,0,1,1
DENSE,train_n3_022,train,3,ref,4,OK,True,0,1,1
REL,train_n3_022,train,3,ref,4,OK,True,0,1,1
WL,train_n3_022,train,3,ref,4,OK,True,0,1,1
W1,train_n3_022,train,3,ref,4,OK,True,0,1,1
D0,train_n3_022,train,3,ref,4,OK,True,0,1,1
C0,train_n3_022,train,3,ref,4,OK,True,0,1,1
T1,train_n3_022,train,3,ref,4,OK,True,0,1,1
MG,train_n3_022,train,4,ref,4,OK,True,0,1,1
DENSE,train_n3_022,train,4,ref,4,OK,True,0,1,1
REL,train_n3_022,train,4,ref,4,OK,True,0,1,1
WL,train_n3_022,train,4,ref,4,OK,False,2,1,2
W1,train_n3_022,train,4,ref,4,OK,False,2,1,2
D0,train_n3_022,train,4,ref,4,OK,True,0,1,1
C0,train_n3_022,train,4,ref,4,OK,True,0,1,1
T1,train_n3_022,train,4,ref,4,OK,True,0,1,1
MG,train_n3_022,train,5,ref,4,OK,True,0,1,1
DENSE,train_n3_022,train,5,ref,4,OK,True,0,1,1
REL,train_n3_022,train,5,ref,4,OK,True,0,1,1
WL,train_n3_022,train,5,ref,4,OK,True,0,1,1
W1,train_n3_022,train,5,ref,4,OK,True,0,1,1
D0,train_n3_022,train,5,ref,4,OK,True,0,1,1
C0,train_n3_022,train,5,ref,4,OK,True,0,1,1
T1,train_n3_022,train,5,ref,4,OK,True,0,1,1
MG,train_n3_022,train,6,off,4,OK,True,0,1,1
DENSE,train_n3_022,train,6,off,4,OK,True,0,1,1
REL,train_n3_022,train,6,off,4,OK,True,0,1,1
WL,train_n3_022,train,6,off,4,OK,False,2,1,3
W1,train_n3_022,train,6,off,4,OK,False,2,1,3
D0,train_n3_022,train,6,off,4,OK,True,0,1,1
C0,train_n3_022,train,6,off,4,OK,True,0,1,1
T1,train_n3_022,train,6,off,4,OK,True,0,1,1
MG,train_n3_022,train,7,off,3,OK,True,0,1,1
DENSE,train_n3_022,train,7,off,3,OK,True,0,1,1
REL,train_n3_022,train,7,off,3,OK,True,0,1,1
WL,train_n3_022,train,7,off,3,OK,True,0,1,1
W1,train_n3_022,train,7,off,3,OK,True,0,1,1
D0,train_n3_022,train,7,off,3,OK,True,0,1,1
C0,train_n3_022,train,7,off,3,OK,True,0,1,1
T1,train_n3_022,train,7,off,3,OK,True,0,1,1
MG,train_n3_026,train,0,ref,2,OK,True,0,1,1
DENSE,train_n3_026,train,0,ref,2,OK,True,0,1,1
REL,train_n3_026,train,0,ref,2,OK,True,0,1,1
WL,train_n3_026,train,0,ref,2,OK,True,0,1,1
W1,train_n3_026,train,0,ref,2,OK,True,0,1,1
D0,train_n3_026,train,0,ref,2,OK,True,0,1,1
C0,train_n3_026,train,0,ref,2,OK,True,0,1,1
T1,train_n3_026,train,0,ref,2,OK,True,0,1,1
MG,train_n3_026,train,1,ref,4,OK,True,0,1,1
DENSE,train_n3_026,train,1,ref,4,OK,True,0,1,1
REL,train_n3_026,train,1,ref,4,OK,True,0,1,1
WL,train_n3_026,train,1,ref,4,OK,True,0,1,1
W1,train_n3_026,train,1,ref,4,OK,True,0,1,1
D0,train_n3_026,train,1,ref,4,OK,True,0,1,1
C0,train_n3_026,train,1,ref,4,OK,True,0,1,1
T1,train_n3_026,train,1,ref,4,OK,True,0,1,1
MG,train_n3_026,train,2,ref,3,OK,True,0,1,1
DENSE,train_n3_026,train,2,ref,3,OK,True,0,1,1
REL,train_n3_026,train,2,ref,3,OK,True,0,1,1
WL,train_n3_026,train,2,ref,3,OK,True,0,1,1
W1,train_n3_026,train,2,ref,3,OK,True,0,1,1
D0,train_n3_026,train,2,ref,3,OK,True,0,1,1
C0,train_n3_026,train,2,ref,3,OK,True,0,1,1
T1,train_n3_026,train,2,ref,3,OK,True,0,1,1
MG,train_n3_026,train,3,ref,4,OK,True,0,1,1
DENSE,train_n3_026,train,3,ref,4,OK,True,0,1,1
REL,train_n3_026,train,3,ref,4,OK,True,0,1,1
WL,train_n3_026,train,3,ref,4,OK,True,0,1,1
W1,train_n3_026,train,3,ref,4,OK,True,0,1,1
D0,train_n3_026,train,3,ref,4,OK,True,0,1,1
C0,train_n3_026,train,3,ref,4,OK,True,0,1,1
T1,train_n3_026,train,3,ref,4,OK,True,0,1,1
MG,train_n3_026,train,4,off,2,OK,True,0,1,1
DENSE,train_n3_026,train,4,off,2,OK,True,0,1,1
REL,train_n3_026,train,4,off,2,OK,True,0,1,1
WL,train_n3_026,train,4,off,2,OK,True,0,1,1
W1,train_n3_026,train,4,off,2,OK,True,0,1,1
D0,train_n3_026,train,4,off,2,OK,True,0,1,1
C0,train_n3_026,train,4,off,2,OK,True,0,1,1
T1,train_n3_026,train,4,off,2,OK,True,0,1,1
MG,train_n3_026,train,5,off,4,OK,True,0,1,1
DENSE,train_n3_026,train,5,off,4,OK,True,0,1,1
REL,train_n3_026,train,5,off,4,OK,True,0,1,1
WL,train_n3_026,train,5,off,4,OK,False,2,1,2
W1,train_n3_026,train,5,off,4,OK,False,2,1,2
D0,train_n3_026,train,5,off,4,OK,True,0,1,1
C0,train_n3_026,train,5,off,4,OK,True,0,1,1
T1,train_n3_026,train,5,off,4,OK,True,0,1,1
MG,train_n3_026,train,6,off,3,OK,True,0,1,1
DENSE,train_n3_026,train,6,off,3,OK,True,0,1,1
REL,train_n3_026,train,6,off,3,OK,True,0,1,1
WL,train_n3_026,train,6,off,3,OK,True,0,1,1
W1,train_n3_026,train,6,off,3,OK,True,0,1,1
D0,train_n3_026,train,6,off,3,OK,True,0,1,1
C0,train_n3_026,train,6,off,3,OK,True,0,1,1
T1,train_n3_026,train,6,off,3,OK,True,0,1,1
MG,train_n3_026,train,7,off,3,OK,True,0,1,1
DENSE,train_n3_026,train,7,off,3,OK,True,0,1,1
REL,train_n3_026,train,7,off,3,OK,True,0,1,1
WL,train_n3_026,train,7,off,3,OK,True,0,1,1
W1,train_n3_026,train,7,off,3,OK,True,0,1,1
D0,train_n3_026,train,7,off,3,OK,True,0,1,1
C0,train_n3_026,train,7,off,3,OK,True,0,1,1
T1,train_n3_026,train,7,off,3,OK,True,0,1,1
MG,train_n4_000,train,0,ref,3,OK,True,0,2,1
DENSE,train_n4_000,train,0,ref,3,OK,True,0,2,1
REL,train_n4_000,train,0,ref,3,OK,True,0,2,1
WL,train_n4_000,train,0,ref,3,OK,False,2,2,1
W1,train_n4_000,train,0,ref,3,OK,False,2,2,1
D0,train_n4_000,train,0,ref,3,OK,True,0,2,1
C0,train_n4_000,train,0,ref,3,OK,True,0,2,1
T1,train_n4_000,train,0,ref,3,OK,True,0,2,1
MG,train_n4_000,train,1,ref,4,OK,True,0,1,1
DENSE,train_n4_000,train,1,ref,4,OK,True,0,1,1
REL,train_n4_000,train,1,ref,4,OK,True,0,1,1
WL,train_n4_000,train,1,ref,4,OK,True,0,1,1
W1,train_n4_000,train,1,ref,4,OK,True,0,1,1
D0,train_n4_000,train,1,ref,4,OK,True,0,1,1
C0,train_n4_000,train,1,ref,4,OK,True,0,1,1
T1,train_n4_000,train,1,ref,4,OK,True,0,1,1
MG,train_n4_000,train,2,ref,5,OK,True,0,2,1
DENSE,train_n4_000,train,2,ref,5,OK,True,0,2,1
REL,train_n4_000,train,2,ref,5,OK,True,0,2,1
WL,train_n4_000,train,2,ref,5,OK,False,2,2,4
W1,train_n4_000,train,2,ref,5,OK,False,2,2,4
D0,train_n4_000,train,2,ref,5,OK,True,0,2,1
C0,train_n4_000,train,2,ref,5,OK,True,0,2,1
T1,train_n4_000,train,2,ref,5,OK,True,0,2,1
MG,train_n4_000,train,3,ref,5,OK,True,0,1,1
DENSE,train_n4_000,train,3,ref,5,OK,True,0,1,1
REL,train_n4_000,train,3,ref,5,OK,True,0,1,1
WL,train_n4_000,train,3,ref,5,OK,False,2,1,3
W1,train_n4_000,train,3,ref,5,OK,False,2,1,3
D0,train_n4_000,train,3,ref,5,OK,True,0,1,1
C0,train_n4_000,train,3,ref,5,OK,True,0,1,1
T1,train_n4_000,train,3,ref,5,OK,True,0,1,1
MG,train_n4_000,train,4,ref,5,OK,True,0,1,1
DENSE,train_n4_000,train,4,ref,5,OK,True,0,1,1
REL,train_n4_000,train,4,ref,5,OK,True,0,1,1
WL,train_n4_000,train,4,ref,5,OK,True,0,1,1
W1,train_n4_000,train,4,ref,5,OK,True,0,1,1
D0,train_n4_000,train,4,ref,5,OK,True,0,1,1
C0,train_n4_000,train,4,ref,5,OK,True,0,1,1
T1,train_n4_000,train,4,ref,5,OK,True,0,1,1
MG,train_n4_000,train,5,ref,5,OK,True,0,1,1
DENSE,train_n4_000,train,5,ref,5,OK,True,0,1,1
REL,train_n4_000,train,5,ref,5,OK,True,0,1,1
WL,train_n4_000,train,5,ref,5,OK,False,2,1,2
W1,train_n4_000,train,5,ref,5,OK,False,2,1,2
D0,train_n4_000,train,5,ref,5,OK,True,0,1,1
C0,train_n4_000,train,5,ref,5,OK,True,0,1,1
T1,train_n4_000,train,5,ref,5,OK,True,0,1,1
MG,train_n4_000,train,6,ref,5,OK,True,0,1,1
DENSE,train_n4_000,train,6,ref,5,OK,True,0,1,1
REL,train_n4_000,train,6,ref,5,OK,True,0,1,1
WL,train_n4_000,train,6,ref,5,OK,True,0,1,1
W1,train_n4_000,train,6,ref,5,OK,True,0,1,1
D0,train_n4_000,train,6,ref,5,OK,True,0,1,1
C0,train_n4_000,train,6,ref,5,OK,True,0,1,1
T1,train_n4_000,train,6,ref,5,OK,True,0,1,1
MG,train_n4_000,train,7,off,6,OK,True,0,3,1
DENSE,train_n4_000,train,7,off,6,OK,True,0,3,1
REL,train_n4_000,train,7,off,6,OK,True,0,3,1
WL,train_n4_000,train,7,off,6,OK,True,0,3,1
W1,train_n4_000,train,7,off,6,OK,True,0,3,1
D0,train_n4_000,train,7,off,6,OK,True,0,3,1
C0,train_n4_000,train,7,off,6,OK,True,0,3,1
T1,train_n4_000,train,7,off,6,OK,True,0,3,1
MG,train_n4_006,train,0,ref,4,OK,True,0,2,1
DENSE,train_n4_006,train,0,ref,4,OK,True,0,2,1
REL,train_n4_006,train,0,ref,4,OK,True,0,2,1
WL,train_n4_006,train,0,ref,4,OK,True,0,2,2
W1,train_n4_006,train,0,ref,4,OK,True,0,2,2
D0,train_n4_006,train,0,ref,4,OK,True,0,2,1
C0,train_n4_006,train,0,ref,4,OK,True,0,2,1
T1,train_n4_006,train,0,ref,4,OK,True,0,2,1
MG,train_n4_006,train,1,ref,6,OK,True,0,1,1
DENSE,train_n4_006,train,1,ref,6,OK,True,0,1,1
REL,train_n4_006,train,1,ref,6,OK,True,0,1,1
WL,train_n4_006,train,1,ref,6,OK,False,2,1,2
W1,train_n4_006,train,1,ref,6,OK,False,2,1,2
D0,train_n4_006,train,1,ref,6,OK,True,0,1,1
C0,train_n4_006,train,1,ref,6,OK,True,0,1,1
T1,train_n4_006,train,1,ref,6,OK,True,0,1,1
MG,train_n4_006,train,2,ref,5,OK,True,0,2,1
DENSE,train_n4_006,train,2,ref,5,OK,True,0,2,1
REL,train_n4_006,train,2,ref,5,OK,True,0,2,1
WL,train_n4_006,train,2,ref,5,OK,True,0,2,1
W1,train_n4_006,train,2,ref,5,OK,True,0,2,1
D0,train_n4_006,train,2,ref,5,OK,True,0,2,1
C0,train_n4_006,train,2,ref,5,OK,True,0,2,1
T1,train_n4_006,train,2,ref,5,OK,True,0,2,1
MG,train_n4_006,train,3,ref,6,OK,True,0,2,1
DENSE,train_n4_006,train,3,ref,6,OK,True,0,2,1
REL,train_n4_006,train,3,ref,6,OK,True,0,2,1
WL,train_n4_006,train,3,ref,6,OK,True,0,2,1
W1,train_n4_006,train,3,ref,6,OK,True,0,2,1
D0,train_n4_006,train,3,ref,6,OK,True,0,2,1
C0,train_n4_006,train,3,ref,6,OK,True,0,2,1
T1,train_n4_006,train,3,ref,6,OK,True,0,2,1
MG,train_n4_006,train,4,ref,5,OK,True,0,1,1
DENSE,train_n4_006,train,4,ref,5,OK,True,0,1,1
REL,train_n4_006,train,4,ref,5,OK,True,0,1,1
WL,train_n4_006,train,4,ref,5,OK,False,2,1,2
W1,train_n4_006,train,4,ref,5,OK,False,2,1,2
D0,train_n4_006,train,4,ref,5,OK,True,0,1,1
C0,train_n4_006,train,4,ref,5,OK,True,0,1,1
T1,train_n4_006,train,4,ref,5,OK,True,0,1,1
MG,train_n4_006,train,5,ref,5,OK,True,0,1,1
DENSE,train_n4_006,train,5,ref,5,OK,True,0,1,1
REL,train_n4_006,train,5,ref,5,OK,True,0,1,1
WL,train_n4_006,train,5,ref,5,OK,True,0,1,1
W1,train_n4_006,train,5,ref,5,OK,True,0,1,1
D0,train_n4_006,train,5,ref,5,OK,True,0,1,1
C0,train_n4_006,train,5,ref,5,OK,True,0,1,1
T1,train_n4_006,train,5,ref,5,OK,True,0,1,1
MG,train_n4_006,train,6,off,5,OK,True,0,2,1
DENSE,train_n4_006,train,6,off,5,OK,True,0,2,1
REL,train_n4_006,train,6,off,5,OK,True,0,2,1
WL,train_n4_006,train,6,off,5,OK,True,0,2,1
W1,train_n4_006,train,6,off,5,OK,True,0,2,2
D0,train_n4_006,train,6,off,5,OK,True,0,2,1
C0,train_n4_006,train,6,off,5,OK,True,0,2,1
T1,train_n4_006,train,6,off,5,OK,True,0,2,1
MG,train_n4_006,train,7,off,5,OK,True,0,2,1
DENSE,train_n4_006,train,7,off,5,OK,True,0,2,1
REL,train_n4_006,train,7,off,5,OK,True,0,2,1
WL,train_n4_006,train,7,off,5,OK,False,2,2,2
W1,train_n4_006,train,7,off,5,OK,False,2,2,2
D0,train_n4_006,train,7,off,5,OK,True,0,2,1
C0,train_n4_006,train,7,off,5,OK,True,0,2,1
T1,train_n4_006,train,7,off,5,OK,True,0,2,1
MG,train_n4_007,train,0,ref,3,OK,True,0,3,1
DENSE,train_n4_007,train,0,ref,3,OK,True,0,3,1
REL,train_n4_007,train,0,ref,3,OK,True,0,3,1
WL,train_n4_007,train,0,ref,3,OK,True,0,3,2
W1,train_n4_007,train,0,ref,3,OK,True,0,3,2
D0,train_n4_007,train,0,ref,3,OK,True,0,3,1
C0,train_n4_007,train,0,ref,3,OK,True,0,3,1
T1,train_n4_007,train,0,ref,3,OK,True,0,3,1
MG,train_n4_007,train,1,ref,4,OK,True,0,1,1
DENSE,train_n4_007,train,1,ref,4,OK,True,0,1,1
REL,train_n4_007,train,1,ref,4,OK,True,0,1,1
WL,train_n4_007,train,1,ref,4,OK,False,2,1,2
W1,train_n4_007,train,1,ref,4,OK,False,2,1,2
D0,train_n4_007,train,1,ref,4,OK,True,0,1,1
C0,train_n4_007,train,1,ref,4,OK,True,0,1,1
T1,train_n4_007,train,1,ref,4,OK,True,0,1,1
MG,train_n4_007,train,2,ref,5,OK,True,0,1,1
DENSE,train_n4_007,train,2,ref,5,OK,True,0,1,1
REL,train_n4_007,train,2,ref,5,OK,True,0,1,1
WL,train_n4_007,train,2,ref,5,OK,False,2,1,4
W1,train_n4_007,train,2,ref,5,OK,False,2,1,4
D0,train_n4_007,train,2,ref,5,OK,True,0,1,1
C0,train_n4_007,train,2,ref,5,OK,True,0,1,1
T1,train_n4_007,train,2,ref,5,OK,True,0,1,1
MG,train_n4_007,train,3,ref,5,OK,True,0,1,1
DENSE,train_n4_007,train,3,ref,5,OK,True,0,1,1
REL,train_n4_007,train,3,ref,5,OK,True,0,1,1
WL,train_n4_007,train,3,ref,5,OK,False,2,1,3
W1,train_n4_007,train,3,ref,5,OK,False,2,1,3
D0,train_n4_007,train,3,ref,5,OK,True,0,1,1
C0,train_n4_007,train,3,ref,5,OK,True,0,1,1
T1,train_n4_007,train,3,ref,5,OK,True,0,1,1
MG,train_n4_007,train,4,ref,4,OK,True,0,1,1
DENSE,train_n4_007,train,4,ref,4,OK,True,0,1,1
REL,train_n4_007,train,4,ref,4,OK,True,0,1,1
WL,train_n4_007,train,4,ref,4,OK,True,0,1,1
W1,train_n4_007,train,4,ref,4,OK,True,0,1,1
D0,train_n4_007,train,4,ref,4,OK,True,0,1,1
C0,train_n4_007,train,4,ref,4,OK,True,0,1,1
T1,train_n4_007,train,4,ref,4,OK,True,0,1,1
MG,train_n4_007,train,5,ref,4,OK,True,0,1,1
DENSE,train_n4_007,train,5,ref,4,OK,True,0,1,1
REL,train_n4_007,train,5,ref,4,OK,True,0,1,1
WL,train_n4_007,train,5,ref,4,OK,False,2,1,2
W1,train_n4_007,train,5,ref,4,OK,False,2,1,2
D0,train_n4_007,train,5,ref,4,OK,True,0,1,1
C0,train_n4_007,train,5,ref,4,OK,True,0,1,1
T1,train_n4_007,train,5,ref,4,OK,True,0,1,1
MG,train_n4_007,train,6,ref,4,OK,True,0,1,1
DENSE,train_n4_007,train,6,ref,4,OK,True,0,1,1
REL,train_n4_007,train,6,ref,4,OK,True,0,1,1
WL,train_n4_007,train,6,ref,4,OK,True,0,1,1
W1,train_n4_007,train,6,ref,4,OK,True,0,1,1
D0,train_n4_007,train,6,ref,4,OK,True,0,1,1
C0,train_n4_007,train,6,ref,4,OK,True,0,1,1
T1,train_n4_007,train,6,ref,4,OK,True,0,1,1
MG,train_n4_007,train,7,off,5,OK,True,0,1,1
DENSE,train_n4_007,train,7,off,5,OK,True,0,1,1
REL,train_n4_007,train,7,off,5,OK,True,0,1,1
WL,train_n4_007,train,7,off,5,OK,True,0,1,4
W1,train_n4_007,train,7,off,5,OK,True,0,1,4
D0,train_n4_007,train,7,off,5,OK,True,0,1,1
C0,train_n4_007,train,7,off,5,OK,True,0,1,1
T1,train_n4_007,train,7,off,5,OK,True,0,1,1
MG,train_n4_008,train,0,ref,3,OK,True,0,1,1
DENSE,train_n4_008,train,0,ref,3,OK,True,0,1,1
REL,train_n4_008,train,0,ref,3,OK,True,0,1,1
WL,train_n4_008,train,0,ref,3,OK,True,0,1,2
W1,train_n4_008,train,0,ref,3,OK,True,0,1,2
D0,train_n4_008,train,0,ref,3,OK,True,0,1,1
C0,train_n4_008,train,0,ref,3,OK,True,0,1,1
T1,train_n4_008,train,0,ref,3,OK,True,0,1,1
MG,train_n4_008,train,1,ref,3,OK,True,0,1,1
DENSE,train_n4_008,train,1,ref,3,OK,True,0,1,1
REL,train_n4_008,train,1,ref,3,OK,True,0,1,1
WL,train_n4_008,train,1,ref,3,OK,True,0,1,1
W1,train_n4_008,train,1,ref,3,OK,True,0,1,1
D0,train_n4_008,train,1,ref,3,OK,True,0,1,1
C0,train_n4_008,train,1,ref,3,OK,True,0,1,1
T1,train_n4_008,train,1,ref,3,OK,True,0,1,1
MG,train_n4_008,train,2,ref,5,OK,True,0,1,1
DENSE,train_n4_008,train,2,ref,5,OK,True,0,1,1
REL,train_n4_008,train,2,ref,5,OK,True,0,1,1
WL,train_n4_008,train,2,ref,5,OK,True,0,1,1
W1,train_n4_008,train,2,ref,5,OK,True,0,1,1
D0,train_n4_008,train,2,ref,5,OK,True,0,1,1
C0,train_n4_008,train,2,ref,5,OK,True,0,1,1
T1,train_n4_008,train,2,ref,5,OK,True,0,1,1
MG,train_n4_008,train,3,ref,4,OK,True,0,1,1
DENSE,train_n4_008,train,3,ref,4,OK,True,0,1,1
REL,train_n4_008,train,3,ref,4,OK,True,0,1,1
WL,train_n4_008,train,3,ref,4,OK,True,0,1,1
W1,train_n4_008,train,3,ref,4,OK,True,0,1,1
D0,train_n4_008,train,3,ref,4,OK,True,0,1,1
C0,train_n4_008,train,3,ref,4,OK,True,0,1,1
T1,train_n4_008,train,3,ref,4,OK,True,0,1,1
MG,train_n4_008,train,4,ref,5,OK,True,0,1,1
DENSE,train_n4_008,train,4,ref,5,OK,True,0,1,1
REL,train_n4_008,train,4,ref,5,OK,True,0,1,1
WL,train_n4_008,train,4,ref,5,OK,True,0,1,1
W1,train_n4_008,train,4,ref,5,OK,True,0,1,1
D0,train_n4_008,train,4,ref,5,OK,True,0,1,1
C0,train_n4_008,train,4,ref,5,OK,True,0,1,1
T1,train_n4_008,train,4,ref,5,OK,True,0,1,1
MG,train_n4_008,train,5,off,4,OK,True,0,1,1
DENSE,train_n4_008,train,5,off,4,OK,True,0,1,1
REL,train_n4_008,train,5,off,4,OK,True,0,1,1
WL,train_n4_008,train,5,off,4,OK,True,0,1,1
W1,train_n4_008,train,5,off,4,OK,True,0,1,1
D0,train_n4_008,train,5,off,4,OK,True,0,1,1
C0,train_n4_008,train,5,off,4,OK,True,0,1,1
T1,train_n4_008,train,5,off,4,OK,True,0,1,1
MG,train_n4_008,train,6,off,5,OK,True,0,1,1
DENSE,train_n4_008,train,6,off,5,OK,True,0,1,1
REL,train_n4_008,train,6,off,5,OK,True,0,1,1
WL,train_n4_008,train,6,off,5,OK,True,0,1,1
W1,train_n4_008,train,6,off,5,OK,True,0,1,1
D0,train_n4_008,train,6,off,5,OK,True,0,1,1
C0,train_n4_008,train,6,off,5,OK,True,0,1,1
T1,train_n4_008,train,6,off,5,OK,True,0,1,1
MG,train_n4_008,train,7,off,3,OK,True,0,1,1
DENSE,train_n4_008,train,7,off,3,OK,True,0,1,1
REL,train_n4_008,train,7,off,3,OK,True,0,1,1
WL,train_n4_008,train,7,off,3,OK,True,0,1,2
W1,train_n4_008,train,7,off,3,OK,True,0,1,2
D0,train_n4_008,train,7,off,3,OK,True,0,1,1
C0,train_n4_008,train,7,off,3,OK,True,0,1,1
T1,train_n4_008,train,7,off,3,OK,True,0,1,1
MG,train_n4_012,train,0,ref,3,OK,True,0,3,1
DENSE,train_n4_012,train,0,ref,3,OK,True,0,3,1
REL,train_n4_012,train,0,ref,3,OK,True,0,3,1
WL,train_n4_012,train,0,ref,3,OK,True,0,3,2
W1,train_n4_012,train,0,ref,3,OK,True,0,3,2
D0,train_n4_012,train,0,ref,3,OK,True,0,3,1
C0,train_n4_012,train,0,ref,3,OK,True,0,3,1
T1,train_n4_012,train,0,ref,3,OK,True,0,3,1
MG,train_n4_012,train,1,ref,4,OK,True,0,1,1
DENSE,train_n4_012,train,1,ref,4,OK,True,0,1,1
REL,train_n4_012,train,1,ref,4,OK,True,0,1,1
WL,train_n4_012,train,1,ref,4,OK,True,0,1,1
W1,train_n4_012,train,1,ref,4,OK,True,0,1,1
D0,train_n4_012,train,1,ref,4,OK,True,0,1,1
C0,train_n4_012,train,1,ref,4,OK,True,0,1,1
T1,train_n4_012,train,1,ref,4,OK,True,0,1,1
MG,train_n4_012,train,2,ref,6,OK,True,0,1,1
DENSE,train_n4_012,train,2,ref,6,OK,True,0,1,1
REL,train_n4_012,train,2,ref,6,OK,True,0,1,1
WL,train_n4_012,train,2,ref,6,OK,False,2,1,2
W1,train_n4_012,train,2,ref,6,OK,False,2,1,2
D0,train_n4_012,train,2,ref,6,OK,True,0,1,1
C0,train_n4_012,train,2,ref,6,OK,True,0,1,1
T1,train_n4_012,train,2,ref,6,OK,True,0,1,1
MG,train_n4_012,train,3,ref,5,OK,True,0,1,1
DENSE,train_n4_012,train,3,ref,5,OK,True,0,1,1
REL,train_n4_012,train,3,ref,5,OK,True,0,1,1
WL,train_n4_012,train,3,ref,5,OK,True,0,1,2
W1,train_n4_012,train,3,ref,5,OK,True,0,1,2
D0,train_n4_012,train,3,ref,5,OK,True,0,1,1
C0,train_n4_012,train,3,ref,5,OK,True,0,1,1
T1,train_n4_012,train,3,ref,5,OK,True,0,1,1
MG,train_n4_012,train,4,ref,5,OK,True,0,1,1
DENSE,train_n4_012,train,4,ref,5,OK,True,0,1,1
REL,train_n4_012,train,4,ref,5,OK,True,0,1,1
WL,train_n4_012,train,4,ref,5,OK,False,2,1,2
W1,train_n4_012,train,4,ref,5,OK,False,2,1,2
D0,train_n4_012,train,4,ref,5,OK,True,0,1,1
C0,train_n4_012,train,4,ref,5,OK,True,0,1,1
T1,train_n4_012,train,4,ref,5,OK,True,0,1,1
MG,train_n4_012,train,5,ref,5,OK,True,0,1,1
DENSE,train_n4_012,train,5,ref,5,OK,True,0,1,1
REL,train_n4_012,train,5,ref,5,OK,True,0,1,1
WL,train_n4_012,train,5,ref,5,OK,True,0,1,1
W1,train_n4_012,train,5,ref,5,OK,True,0,1,1
D0,train_n4_012,train,5,ref,5,OK,True,0,1,1
C0,train_n4_012,train,5,ref,5,OK,True,0,1,1
T1,train_n4_012,train,5,ref,5,OK,True,0,1,1
MG,train_n4_012,train,6,off,6,OK,True,0,2,1
DENSE,train_n4_012,train,6,off,6,OK,True,0,2,1
REL,train_n4_012,train,6,off,6,OK,True,0,2,1
WL,train_n4_012,train,6,off,6,OK,True,0,2,2
W1,train_n4_012,train,6,off,6,OK,True,0,2,2
D0,train_n4_012,train,6,off,6,OK,True,0,2,1
C0,train_n4_012,train,6,off,6,OK,True,0,2,1
T1,train_n4_012,train,6,off,6,OK,True,0,2,1
MG,train_n4_012,train,7,off,4,OK,False,2,1,1
DENSE,train_n4_012,train,7,off,4,OK,True,0,1,1
REL,train_n4_012,train,7,off,4,OK,True,0,1,1
WL,train_n4_012,train,7,off,4,OK,True,0,1,1
W1,train_n4_012,train,7,off,4,OK,True,0,1,1
D0,train_n4_012,train,7,off,4,OK,True,0,1,1
C0,train_n4_012,train,7,off,4,OK,True,0,1,1
T1,train_n4_012,train,7,off,4,OK,True,0,1,1
MG,train_n4_014,train,0,ref,4,OK,True,0,3,1
DENSE,train_n4_014,train,0,ref,4,OK,True,0,3,1
REL,train_n4_014,train,0,ref,4,OK,True,0,3,1
WL,train_n4_014,train,0,ref,4,OK,True,0,3,3
W1,train_n4_014,train,0,ref,4,OK,True,0,3,3
D0,train_n4_014,train,0,ref,4,OK,True,0,3,1
C0,train_n4_014,train,0,ref,4,OK,True,0,3,1
T1,train_n4_014,train,0,ref,4,OK,True,0,3,1
MG,train_n4_014,train,1,ref,6,OK,True,0,1,1
DENSE,train_n4_014,train,1,ref,6,OK,True,0,1,1
REL,train_n4_014,train,1,ref,6,OK,True,0,1,1
WL,train_n4_014,train,1,ref,6,OK,True,0,1,1
W1,train_n4_014,train,1,ref,6,OK,False,2,1,2
D0,train_n4_014,train,1,ref,6,OK,True,0,1,1
C0,train_n4_014,train,1,ref,6,OK,True,0,1,1
T1,train_n4_014,train,1,ref,6,OK,True,0,1,1
MG,train_n4_014,train,2,ref,5,OK,True,0,1,1
DENSE,train_n4_014,train,2,ref,5,OK,True,0,1,1
REL,train_n4_014,train,2,ref,5,OK,True,0,1,1
WL,train_n4_014,train,2,ref,5,OK,True,0,1,1
W1,train_n4_014,train,2,ref,5,OK,True,0,1,1
D0,train_n4_014,train,2,ref,5,OK,True,0,1,1
C0,train_n4_014,train,2,ref,5,OK,True,0,1,1
T1,train_n4_014,train,2,ref,5,OK,True,0,1,1
MG,train_n4_014,train,3,ref,5,OK,True,0,2,1
DENSE,train_n4_014,train,3,ref,5,OK,True,0,2,1
REL,train_n4_014,train,3,ref,5,OK,True,0,2,1
WL,train_n4_014,train,3,ref,5,OK,False,2,2,3
W1,train_n4_014,train,3,ref,5,OK,False,2,2,3
D0,train_n4_014,train,3,ref,5,OK,True,0,2,1
C0,train_n4_014,train,3,ref,5,OK,True,0,2,1
T1,train_n4_014,train,3,ref,5,OK,True,0,2,1
MG,train_n4_014,train,4,ref,5,OK,True,0,1,1
DENSE,train_n4_014,train,4,ref,5,OK,True,0,1,1
REL,train_n4_014,train,4,ref,5,OK,True,0,1,1
WL,train_n4_014,train,4,ref,5,OK,True,0,1,1
W1,train_n4_014,train,4,ref,5,OK,True,0,1,1
D0,train_n4_014,train,4,ref,5,OK,True,0,1,1
C0,train_n4_014,train,4,ref,5,OK,True,0,1,1
T1,train_n4_014,train,4,ref,5,OK,True,0,1,1
MG,train_n4_014,train,5,ref,4,OK,True,0,1,1
DENSE,train_n4_014,train,5,ref,4,OK,True,0,1,1
REL,train_n4_014,train,5,ref,4,OK,True,0,1,1
WL,train_n4_014,train,5,ref,4,OK,False,2,1,2
W1,train_n4_014,train,5,ref,4,OK,False,2,1,2
D0,train_n4_014,train,5,ref,4,OK,True,0,1,1
C0,train_n4_014,train,5,ref,4,OK,True,0,1,1
T1,train_n4_014,train,5,ref,4,OK,True,0,1,1
MG,train_n4_014,train,6,ref,5,OK,True,0,1,1
DENSE,train_n4_014,train,6,ref,5,OK,True,0,1,1
REL,train_n4_014,train,6,ref,5,OK,True,0,1,1
WL,train_n4_014,train,6,ref,5,OK,True,0,1,1
W1,train_n4_014,train,6,ref,5,OK,True,0,1,1
D0,train_n4_014,train,6,ref,5,OK,True,0,1,1
C0,train_n4_014,train,6,ref,5,OK,True,0,1,1
T1,train_n4_014,train,6,ref,5,OK,True,0,1,1
MG,train_n4_014,train,7,off,4,OK,True,0,1,1
DENSE,train_n4_014,train,7,off,4,OK,True,0,1,1
REL,train_n4_014,train,7,off,4,OK,True,0,1,1
WL,train_n4_014,train,7,off,4,OK,False,2,1,2
W1,train_n4_014,train,7,off,4,OK,True,0,1,1
D0,train_n4_014,train,7,off,4,OK,True,0,1,1
C0,train_n4_014,train,7,off,4,OK,True,0,1,1
T1,train_n4_014,train,7,off,4,OK,True,0,1,1
MG,train_n4_018,train,0,ref,3,OK,True,0,1,1
DENSE,train_n4_018,train,0,ref,3,OK,True,0,1,1
REL,train_n4_018,train,0,ref,3,OK,True,0,1,1
WL,train_n4_018,train,0,ref,3,OK,False,1,1,2
W1,train_n4_018,train,0,ref,3,OK,False,1,1,2
D0,train_n4_018,train,0,ref,3,OK,True,0,1,1
C0,train_n4_018,train,0,ref,3,OK,True,0,1,1
T1,train_n4_018,train,0,ref,3,OK,True,0,1,1
MG,train_n4_018,train,1,ref,4,OK,True,0,1,1
DENSE,train_n4_018,train,1,ref,4,OK,True,0,1,1
REL,train_n4_018,train,1,ref,4,OK,True,0,1,1
WL,train_n4_018,train,1,ref,4,OK,True,0,1,2
W1,train_n4_018,train,1,ref,4,OK,True,0,1,2
D0,train_n4_018,train,1,ref,4,OK,True,0,1,1
C0,train_n4_018,train,1,ref,4,OK,True,0,1,1
T1,train_n4_018,train,1,ref,4,OK,True,0,1,1
MG,train_n4_018,train,2,ref,3,OK,True,0,1,1
DENSE,train_n4_018,train,2,ref,3,OK,True,0,1,1
REL,train_n4_018,train,2,ref,3,OK,True,0,1,1
WL,train_n4_018,train,2,ref,3,OK,True,0,1,1
W1,train_n4_018,train,2,ref,3,OK,True,0,1,1
D0,train_n4_018,train,2,ref,3,OK,True,0,1,1
C0,train_n4_018,train,2,ref,3,OK,True,0,1,1
T1,train_n4_018,train,2,ref,3,OK,True,0,1,1
MG,train_n4_018,train,3,ref,4,OK,True,0,1,1
DENSE,train_n4_018,train,3,ref,4,OK,True,0,1,1
REL,train_n4_018,train,3,ref,4,OK,True,0,1,1
WL,train_n4_018,train,3,ref,4,OK,True,0,1,1
W1,train_n4_018,train,3,ref,4,OK,True,0,1,1
D0,train_n4_018,train,3,ref,4,OK,True,0,1,1
C0,train_n4_018,train,3,ref,4,OK,True,0,1,1
T1,train_n4_018,train,3,ref,4,OK,True,0,1,1
MG,train_n4_018,train,4,ref,4,OK,True,0,1,1
DENSE,train_n4_018,train,4,ref,4,OK,True,0,1,1
REL,train_n4_018,train,4,ref,4,OK,True,0,1,1
WL,train_n4_018,train,4,ref,4,OK,True,0,1,1
W1,train_n4_018,train,4,ref,4,OK,True,0,1,1
D0,train_n4_018,train,4,ref,4,OK,True,0,1,1
C0,train_n4_018,train,4,ref,4,OK,True,0,1,1
T1,train_n4_018,train,4,ref,4,OK,True,0,1,1
MG,train_n4_018,train,5,ref,4,OK,True,0,1,1
DENSE,train_n4_018,train,5,ref,4,OK,True,0,1,1
REL,train_n4_018,train,5,ref,4,OK,True,0,1,1
WL,train_n4_018,train,5,ref,4,OK,True,0,1,1
W1,train_n4_018,train,5,ref,4,OK,True,0,1,1
D0,train_n4_018,train,5,ref,4,OK,True,0,1,1
C0,train_n4_018,train,5,ref,4,OK,True,0,1,1
T1,train_n4_018,train,5,ref,4,OK,True,0,1,1
MG,train_n4_018,train,6,off,5,OK,True,0,1,1
DENSE,train_n4_018,train,6,off,5,OK,True,0,1,1
REL,train_n4_018,train,6,off,5,OK,True,0,1,1
WL,train_n4_018,train,6,off,5,OK,True,0,1,1
W1,train_n4_018,train,6,off,5,OK,True,0,1,1
D0,train_n4_018,train,6,off,5,OK,True,0,1,1
C0,train_n4_018,train,6,off,5,OK,True,0,1,1
T1,train_n4_018,train,6,off,5,OK,True,0,1,1
MG,train_n4_018,train,7,off,4,OK,True,0,1,1
DENSE,train_n4_018,train,7,off,4,OK,True,0,1,1
REL,train_n4_018,train,7,off,4,OK,True,0,1,1
WL,train_n4_018,train,7,off,4,OK,True,0,1,1
W1,train_n4_018,train,7,off,4,OK,True,0,1,1
D0,train_n4_018,train,7,off,4,OK,True,0,1,1
C0,train_n4_018,train,7,off,4,OK,True,0,1,1
T1,train_n4_018,train,7,off,4,OK,True,0,1,1
MG,train_n4_023,train,0,ref,4,OK,True,0,3,1
DENSE,train_n4_023,train,0,ref,4,OK,True,0,3,1
REL,train_n4_023,train,0,ref,4,OK,True,0,3,1
WL,train_n4_023,train,0,ref,4,OK,True,0,3,3
W1,train_n4_023,train,0,ref,4,OK,True,0,3,3
D0,train_n4_023,train,0,ref,4,OK,True,0,3,1
C0,train_n4_023,train,0,ref,4,OK,True,0,3,1
T1,train_n4_023,train,0,ref,4,OK,True,0,3,1
MG,train_n4_023,train,1,ref,4,OK,True,0,1,1
DENSE,train_n4_023,train,1,ref,4,OK,True,0,1,1
REL,train_n4_023,train,1,ref,4,OK,True,0,1,1
WL,train_n4_023,train,1,ref,4,OK,True,0,1,2
W1,train_n4_023,train,1,ref,4,OK,True,0,1,2
D0,train_n4_023,train,1,ref,4,OK,True,0,1,1
C0,train_n4_023,train,1,ref,4,OK,True,0,1,1
T1,train_n4_023,train,1,ref,4,OK,True,0,1,1
MG,train_n4_023,train,2,ref,5,OK,True,0,1,1
DENSE,train_n4_023,train,2,ref,5,OK,True,0,1,1
REL,train_n4_023,train,2,ref,5,OK,True,0,1,1
WL,train_n4_023,train,2,ref,5,OK,False,2,1,1
W1,train_n4_023,train,2,ref,5,OK,False,2,1,1
D0,train_n4_023,train,2,ref,5,OK,True,0,1,1
C0,train_n4_023,train,2,ref,5,OK,True,0,1,1
T1,train_n4_023,train,2,ref,5,OK,True,0,1,1
MG,train_n4_023,train,3,ref,5,OK,True,0,1,1
DENSE,train_n4_023,train,3,ref,5,OK,True,0,1,1
REL,train_n4_023,train,3,ref,5,OK,True,0,1,1
WL,train_n4_023,train,3,ref,5,OK,True,0,1,1
W1,train_n4_023,train,3,ref,5,OK,True,0,1,1
D0,train_n4_023,train,3,ref,5,OK,True,0,1,1
C0,train_n4_023,train,3,ref,5,OK,True,0,1,1
T1,train_n4_023,train,3,ref,5,OK,True,0,1,1
MG,train_n4_023,train,4,ref,4,OK,True,0,1,1
DENSE,train_n4_023,train,4,ref,4,OK,True,0,1,1
REL,train_n4_023,train,4,ref,4,OK,True,0,1,1
WL,train_n4_023,train,4,ref,4,OK,True,0,1,1
W1,train_n4_023,train,4,ref,4,OK,True,0,1,1
D0,train_n4_023,train,4,ref,4,OK,True,0,1,1
C0,train_n4_023,train,4,ref,4,OK,True,0,1,1
T1,train_n4_023,train,4,ref,4,OK,True,0,1,1
MG,train_n4_023,train,5,ref,5,OK,True,0,1,1
DENSE,train_n4_023,train,5,ref,5,OK,True,0,1,1
REL,train_n4_023,train,5,ref,5,OK,True,0,1,1
WL,train_n4_023,train,5,ref,5,OK,True,0,1,1
W1,train_n4_023,train,5,ref,5,OK,True,0,1,1
D0,train_n4_023,train,5,ref,5,OK,True,0,1,1
C0,train_n4_023,train,5,ref,5,OK,True,0,1,1
T1,train_n4_023,train,5,ref,5,OK,True,0,1,1
MG,train_n4_023,train,6,off,4,OK,True,0,2,1
DENSE,train_n4_023,train,6,off,4,OK,True,0,2,1
REL,train_n4_023,train,6,off,4,OK,True,0,2,1
WL,train_n4_023,train,6,off,4,OK,True,0,2,3
W1,train_n4_023,train,6,off,4,OK,True,0,2,3
D0,train_n4_023,train,6,off,4,OK,True,0,2,1
C0,train_n4_023,train,6,off,4,OK,True,0,2,1
T1,train_n4_023,train,6,off,4,OK,True,0,2,1
MG,train_n4_023,train,7,off,4,OK,True,0,1,1
DENSE,train_n4_023,train,7,off,4,OK,True,0,1,1
REL,train_n4_023,train,7,off,4,OK,True,0,1,1
WL,train_n4_023,train,7,off,4,OK,False,2,1,2
W1,train_n4_023,train,7,off,4,OK,False,2,1,2
D0,train_n4_023,train,7,off,4,OK,True,0,1,1
C0,train_n4_023,train,7,off,4,OK,True,0,1,1
T1,train_n4_023,train,7,off,4,OK,True,0,1,1
MG,train_n4_024,train,0,ref,4,OK,False,2,1,1
DENSE,train_n4_024,train,0,ref,4,OK,True,0,1,1
REL,train_n4_024,train,0,ref,4,OK,True,0,1,1
WL,train_n4_024,train,0,ref,4,OK,False,2,1,3
W1,train_n4_024,train,0,ref,4,OK,False,2,1,3
D0,train_n4_024,train,0,ref,4,OK,False,2,1,1
C0,train_n4_024,train,0,ref,4,OK,True,0,1,1
T1,train_n4_024,train,0,ref,4,OK,True,0,1,1
MG,train_n4_024,train,1,ref,3,OK,True,0,1,1
DENSE,train_n4_024,train,1,ref,3,OK,True,0,1,1
REL,train_n4_024,train,1,ref,3,OK,True,0,1,1
WL,train_n4_024,train,1,ref,3,OK,False,2,1,2
W1,train_n4_024,train,1,ref,3,OK,False,2,1,2
D0,train_n4_024,train,1,ref,3,OK,True,0,1,1
C0,train_n4_024,train,1,ref,3,OK,True,0,1,1
T1,train_n4_024,train,1,ref,3,OK,True,0,1,1
MG,train_n4_024,train,2,ref,4,OK,True,0,1,1
DENSE,train_n4_024,train,2,ref,4,OK,True,0,1,1
REL,train_n4_024,train,2,ref,4,OK,True,0,1,1
WL,train_n4_024,train,2,ref,4,OK,False,2,1,2
W1,train_n4_024,train,2,ref,4,OK,False,2,1,2
D0,train_n4_024,train,2,ref,4,OK,True,0,1,1
C0,train_n4_024,train,2,ref,4,OK,True,0,1,1
T1,train_n4_024,train,2,ref,4,OK,True,0,1,1
MG,train_n4_024,train,3,ref,4,OK,True,0,1,1
DENSE,train_n4_024,train,3,ref,4,OK,True,0,1,1
REL,train_n4_024,train,3,ref,4,OK,True,0,1,1
WL,train_n4_024,train,3,ref,4,OK,True,0,1,1
W1,train_n4_024,train,3,ref,4,OK,True,0,1,1
D0,train_n4_024,train,3,ref,4,OK,True,0,1,1
C0,train_n4_024,train,3,ref,4,OK,True,0,1,1
T1,train_n4_024,train,3,ref,4,OK,True,0,1,1
MG,train_n4_024,train,4,ref,3,OK,True,0,1,1
DENSE,train_n4_024,train,4,ref,3,OK,True,0,1,1
REL,train_n4_024,train,4,ref,3,OK,True,0,1,1
WL,train_n4_024,train,4,ref,3,OK,True,0,1,1
W1,train_n4_024,train,4,ref,3,OK,True,0,1,1
D0,train_n4_024,train,4,ref,3,OK,True,0,1,1
C0,train_n4_024,train,4,ref,3,OK,True,0,1,1
T1,train_n4_024,train,4,ref,3,OK,True,0,1,1
MG,train_n4_024,train,5,ref,4,OK,True,0,1,1
DENSE,train_n4_024,train,5,ref,4,OK,True,0,1,1
REL,train_n4_024,train,5,ref,4,OK,True,0,1,1
WL,train_n4_024,train,5,ref,4,OK,True,0,1,1
W1,train_n4_024,train,5,ref,4,OK,True,0,1,1
D0,train_n4_024,train,5,ref,4,OK,True,0,1,1
C0,train_n4_024,train,5,ref,4,OK,True,0,1,1
T1,train_n4_024,train,5,ref,4,OK,True,0,1,1
MG,train_n4_024,train,6,off,4,OK,True,0,1,1
DENSE,train_n4_024,train,6,off,4,OK,True,0,1,1
REL,train_n4_024,train,6,off,4,OK,True,0,1,1
WL,train_n4_024,train,6,off,4,OK,False,1,1,1
W1,train_n4_024,train,6,off,4,OK,False,1,1,1
D0,train_n4_024,train,6,off,4,OK,True,0,1,1
C0,train_n4_024,train,6,off,4,OK,True,0,1,1
T1,train_n4_024,train,6,off,4,OK,True,0,1,1
MG,train_n4_024,train,7,off,4,OK,True,0,1,1
DENSE,train_n4_024,train,7,off,4,OK,True,0,1,1
REL,train_n4_024,train,7,off,4,OK,True,0,1,1
WL,train_n4_024,train,7,off,4,OK,True,0,1,1
W1,train_n4_024,train,7,off,4,OK,True,0,1,1
D0,train_n4_024,train,7,off,4,OK,True,0,1,1
C0,train_n4_024,train,7,off,4,OK,True,0,1,1
T1,train_n4_024,train,7,off,4,OK,True,0,1,1
MG,train_n4_028,train,0,ref,3,OK,True,0,2,1
DENSE,train_n4_028,train,0,ref,3,OK,True,0,2,1
REL,train_n4_028,train,0,ref,3,OK,True,0,2,1
WL,train_n4_028,train,0,ref,3,OK,True,0,2,2
W1,train_n4_028,train,0,ref,3,OK,True,0,2,2
D0,train_n4_028,train,0,ref,3,OK,True,0,2,1
C0,train_n4_028,train,0,ref,3,OK,True,0,2,1
T1,train_n4_028,train,0,ref,3,OK,True,0,2,1
MG,train_n4_028,train,1,ref,3,OK,True,0,1,1
DENSE,train_n4_028,train,1,ref,3,OK,True,0,1,1
REL,train_n4_028,train,1,ref,3,OK,True,0,1,1
WL,train_n4_028,train,1,ref,3,OK,True,0,1,2
W1,train_n4_028,train,1,ref,3,OK,True,0,1,2
D0,train_n4_028,train,1,ref,3,OK,True,0,1,1
C0,train_n4_028,train,1,ref,3,OK,True,0,1,1
T1,train_n4_028,train,1,ref,3,OK,True,0,1,1
MG,train_n4_028,train,2,ref,4,OK,True,0,1,1
DENSE,train_n4_028,train,2,ref,4,OK,True,0,1,1
REL,train_n4_028,train,2,ref,4,OK,True,0,1,1
WL,train_n4_028,train,2,ref,4,OK,False,2,1,1
W1,train_n4_028,train,2,ref,4,OK,False,2,1,1
D0,train_n4_028,train,2,ref,4,OK,True,0,1,1
C0,train_n4_028,train,2,ref,4,OK,True,0,1,1
T1,train_n4_028,train,2,ref,4,OK,True,0,1,1
MG,train_n4_028,train,3,ref,4,OK,True,0,1,1
DENSE,train_n4_028,train,3,ref,4,OK,True,0,1,1
REL,train_n4_028,train,3,ref,4,OK,True,0,1,1
WL,train_n4_028,train,3,ref,4,OK,True,0,1,1
W1,train_n4_028,train,3,ref,4,OK,True,0,1,1
D0,train_n4_028,train,3,ref,4,OK,True,0,1,1
C0,train_n4_028,train,3,ref,4,OK,True,0,1,1
T1,train_n4_028,train,3,ref,4,OK,True,0,1,1
MG,train_n4_028,train,4,ref,3,OK,True,0,1,1
DENSE,train_n4_028,train,4,ref,3,OK,True,0,1,1
REL,train_n4_028,train,4,ref,3,OK,True,0,1,1
WL,train_n4_028,train,4,ref,3,OK,True,0,1,1
W1,train_n4_028,train,4,ref,3,OK,True,0,1,1
D0,train_n4_028,train,4,ref,3,OK,True,0,1,1
C0,train_n4_028,train,4,ref,3,OK,True,0,1,1
T1,train_n4_028,train,4,ref,3,OK,True,0,1,1
MG,train_n4_028,train,5,ref,4,OK,True,0,1,1
DENSE,train_n4_028,train,5,ref,4,OK,True,0,1,1
REL,train_n4_028,train,5,ref,4,OK,True,0,1,1
WL,train_n4_028,train,5,ref,4,OK,True,0,1,1
W1,train_n4_028,train,5,ref,4,OK,True,0,1,1
D0,train_n4_028,train,5,ref,4,OK,True,0,1,1
C0,train_n4_028,train,5,ref,4,OK,True,0,1,1
T1,train_n4_028,train,5,ref,4,OK,True,0,1,1
MG,train_n4_028,train,6,off,4,OK,True,0,1,1
DENSE,train_n4_028,train,6,off,4,OK,True,0,1,1
REL,train_n4_028,train,6,off,4,OK,True,0,1,1
WL,train_n4_028,train,6,off,4,OK,False,2,1,1
W1,train_n4_028,train,6,off,4,OK,False,2,1,1
D0,train_n4_028,train,6,off,4,OK,True,0,1,1
C0,train_n4_028,train,6,off,4,OK,True,0,1,1
T1,train_n4_028,train,6,off,4,OK,True,0,1,1
MG,train_n4_028,train,7,off,4,OK,True,0,1,1
DENSE,train_n4_028,train,7,off,4,OK,True,0,1,1
REL,train_n4_028,train,7,off,4,OK,True,0,1,1
WL,train_n4_028,train,7,off,4,OK,True,0,1,1
W1,train_n4_028,train,7,off,4,OK,True,0,1,1
D0,train_n4_028,train,7,off,4,OK,True,0,1,1
C0,train_n4_028,train,7,off,4,OK,True,0,1,1
T1,train_n4_028,train,7,off,4,OK,True,0,1,1
MG,train_n4_030,train,0,ref,4,OK,True,0,2,1
DENSE,train_n4_030,train,0,ref,4,OK,True,0,2,1
REL,train_n4_030,train,0,ref,4,OK,True,0,2,1
WL,train_n4_030,train,0,ref,4,OK,True,0,2,3
W1,train_n4_030,train,0,ref,4,OK,True,0,2,3
D0,train_n4_030,train,0,ref,4,OK,True,0,2,1
C0,train_n4_030,train,0,ref,4,OK,True,0,2,1
T1,train_n4_030,train,0,ref,4,OK,True,0,2,1
MG,train_n4_030,train,1,ref,4,OK,True,0,1,1
DENSE,train_n4_030,train,1,ref,4,OK,True,0,1,1
REL,train_n4_030,train,1,ref,4,OK,True,0,1,1
WL,train_n4_030,train,1,ref,4,OK,True,0,1,2
W1,train_n4_030,train,1,ref,4,OK,True,0,1,2
D0,train_n4_030,train,1,ref,4,OK,True,0,1,1
C0,train_n4_030,train,1,ref,4,OK,True,0,1,1
T1,train_n4_030,train,1,ref,4,OK,True,0,1,1
MG,train_n4_030,train,2,ref,5,OK,True,0,1,1
DENSE,train_n4_030,train,2,ref,5,OK,True,0,1,1
REL,train_n4_030,train,2,ref,5,OK,True,0,1,1
WL,train_n4_030,train,2,ref,5,OK,True,0,1,1
W1,train_n4_030,train,2,ref,5,OK,True,0,1,1
D0,train_n4_030,train,2,ref,5,OK,True,0,1,1
C0,train_n4_030,train,2,ref,5,OK,True,0,1,1
T1,train_n4_030,train,2,ref,5,OK,True,0,1,1
MG,train_n4_030,train,3,ref,5,OK,True,0,1,1
DENSE,train_n4_030,train,3,ref,5,OK,True,0,1,1
REL,train_n4_030,train,3,ref,5,OK,True,0,1,1
WL,train_n4_030,train,3,ref,5,OK,True,0,1,1
W1,train_n4_030,train,3,ref,5,OK,True,0,1,1
D0,train_n4_030,train,3,ref,5,OK,True,0,1,1
C0,train_n4_030,train,3,ref,5,OK,True,0,1,1
T1,train_n4_030,train,3,ref,5,OK,True,0,1,1
MG,train_n4_030,train,4,ref,4,OK,True,0,1,1
DENSE,train_n4_030,train,4,ref,4,OK,True,0,1,1
REL,train_n4_030,train,4,ref,4,OK,True,0,1,1
WL,train_n4_030,train,4,ref,4,OK,False,2,1,2
W1,train_n4_030,train,4,ref,4,OK,False,2,1,2
D0,train_n4_030,train,4,ref,4,OK,True,0,1,1
C0,train_n4_030,train,4,ref,4,OK,True,0,1,1
T1,train_n4_030,train,4,ref,4,OK,True,0,1,1
MG,train_n4_030,train,5,ref,5,OK,True,0,1,1
DENSE,train_n4_030,train,5,ref,5,OK,True,0,1,1
REL,train_n4_030,train,5,ref,5,OK,True,0,1,1
WL,train_n4_030,train,5,ref,5,OK,True,0,1,1
W1,train_n4_030,train,5,ref,5,OK,True,0,1,1
D0,train_n4_030,train,5,ref,5,OK,True,0,1,1
C0,train_n4_030,train,5,ref,5,OK,True,0,1,1
T1,train_n4_030,train,5,ref,5,OK,True,0,1,1
MG,train_n4_030,train,6,off,5,OK,True,0,2,1
DENSE,train_n4_030,train,6,off,5,OK,True,0,2,1
REL,train_n4_030,train,6,off,5,OK,True,0,2,1
WL,train_n4_030,train,6,off,5,OK,True,0,2,1
W1,train_n4_030,train,6,off,5,OK,True,0,2,1
D0,train_n4_030,train,6,off,5,OK,True,0,2,1
C0,train_n4_030,train,6,off,5,OK,True,0,2,1
T1,train_n4_030,train,6,off,5,OK,True,0,2,1
MG,train_n4_030,train,7,off,5,OK,True,0,1,1
DENSE,train_n4_030,train,7,off,5,OK,True,0,1,1
REL,train_n4_030,train,7,off,5,OK,True,0,1,1
WL,train_n4_030,train,7,off,5,OK,True,0,1,1
W1,train_n4_030,train,7,off,5,OK,True,0,1,1
D0,train_n4_030,train,7,off,5,OK,True,0,1,1
C0,train_n4_030,train,7,off,5,OK,True,0,1,1
T1,train_n4_030,train,7,off,5,OK,True,0,1,1
MG,train_n5_000,train,0,ref,4,OK,True,0,3,1
DENSE,train_n5_000,train,0,ref,4,OK,True,0,3,1
REL,train_n5_000,train,0,ref,4,OK,True,0,3,1
WL,train_n5_000,train,0,ref,4,OK,False,1,3,4
W1,train_n5_000,train,0,ref,4,OK,True,0,3,3
D0,train_n5_000,train,0,ref,4,OK,True,0,3,1
C0,train_n5_000,train,0,ref,4,OK,True,0,3,1
T1,train_n5_000,train,0,ref,4,OK,True,0,3,1
MG,train_n5_000,train,1,ref,6,OK,True,0,1,1
DENSE,train_n5_000,train,1,ref,6,OK,True,0,1,1
REL,train_n5_000,train,1,ref,6,OK,True,0,1,1
WL,train_n5_000,train,1,ref,6,OK,False,2,1,3
W1,train_n5_000,train,1,ref,6,OK,False,2,1,2
D0,train_n5_000,train,1,ref,6,OK,False,2,1,1
C0,train_n5_000,train,1,ref,6,OK,True,0,1,1
T1,train_n5_000,train,1,ref,6,OK,True,0,1,1
MG,train_n5_000,train,2,ref,6,OK,True,0,1,1
DENSE,train_n5_000,train,2,ref,6,OK,True,0,1,1
REL,train_n5_000,train,2,ref,6,OK,True,0,1,1
WL,train_n5_000,train,2,ref,6,OK,True,0,1,1
W1,train_n5_000,train,2,ref,6,OK,True,0,1,1
D0,train_n5_000,train,2,ref,6,OK,True,0,1,1
C0,train_n5_000,train,2,ref,6,OK,True,0,1,1
T1,train_n5_000,train,2,ref,6,OK,True,0,1,1
MG,train_n5_000,train,3,ref,5,OK,True,0,1,1
DENSE,train_n5_000,train,3,ref,5,OK,True,0,1,1
REL,train_n5_000,train,3,ref,5,OK,True,0,1,1
WL,train_n5_000,train,3,ref,5,OK,False,2,1,2
W1,train_n5_000,train,3,ref,5,OK,True,0,1,1
D0,train_n5_000,train,3,ref,5,OK,True,0,1,1
C0,train_n5_000,train,3,ref,5,OK,True,0,1,1
T1,train_n5_000,train,3,ref,5,OK,True,0,1,1
MG,train_n5_000,train,4,ref,6,OK,True,0,1,1
DENSE,train_n5_000,train,4,ref,6,OK,True,0,1,1
REL,train_n5_000,train,4,ref,6,OK,True,0,1,1
WL,train_n5_000,train,4,ref,6,OK,True,0,1,1
W1,train_n5_000,train,4,ref,6,OK,True,0,1,1
D0,train_n5_000,train,4,ref,6,OK,True,0,1,1
C0,train_n5_000,train,4,ref,6,OK,True,0,1,1
T1,train_n5_000,train,4,ref,6,OK,True,0,1,1
MG,train_n5_000,train,5,ref,5,OK,True,0,1,1
DENSE,train_n5_000,train,5,ref,5,OK,True,0,1,1
REL,train_n5_000,train,5,ref,5,OK,True,0,1,1
WL,train_n5_000,train,5,ref,5,OK,False,2,1,1
W1,train_n5_000,train,5,ref,5,OK,False,2,1,2
D0,train_n5_000,train,5,ref,5,OK,True,0,1,1
C0,train_n5_000,train,5,ref,5,OK,True,0,1,1
T1,train_n5_000,train,5,ref,5,OK,True,0,1,1
MG,train_n5_000,train,6,ref,6,OK,True,0,1,1
DENSE,train_n5_000,train,6,ref,6,OK,True,0,1,1
REL,train_n5_000,train,6,ref,6,OK,True,0,1,1
WL,train_n5_000,train,6,ref,6,OK,True,0,1,1
W1,train_n5_000,train,6,ref,6,OK,True,0,1,1
D0,train_n5_000,train,6,ref,6,OK,True,0,1,1
C0,train_n5_000,train,6,ref,6,OK,True,0,1,1
T1,train_n5_000,train,6,ref,6,OK,True,0,1,1
MG,train_n5_000,train,7,off,6,OK,True,0,1,1
DENSE,train_n5_000,train,7,off,6,OK,True,0,1,1
REL,train_n5_000,train,7,off,6,OK,True,0,1,1
WL,train_n5_000,train,7,off,6,OK,False,2,1,3
W1,train_n5_000,train,7,off,6,OK,False,2,1,2
D0,train_n5_000,train,7,off,6,OK,True,0,1,1
C0,train_n5_000,train,7,off,6,OK,True,0,1,1
T1,train_n5_000,train,7,off,6,OK,True,0,1,1
MG,train_n5_002,train,0,ref,4,OK,True,0,3,1
DENSE,train_n5_002,train,0,ref,4,OK,True,0,3,1
REL,train_n5_002,train,0,ref,4,OK,True,0,3,1
WL,train_n5_002,train,0,ref,4,OK,True,0,3,4
W1,train_n5_002,train,0,ref,4,OK,True,0,3,3
D0,train_n5_002,train,0,ref,4,OK,True,0,3,1
C0,train_n5_002,train,0,ref,4,OK,True,0,3,1
T1,train_n5_002,train,0,ref,4,OK,True,0,3,1
MG,train_n5_002,train,1,ref,6,OK,True,0,1,1
DENSE,train_n5_002,train,1,ref,6,OK,True,0,1,1
REL,train_n5_002,train,1,ref,6,OK,True,0,1,1
WL,train_n5_002,train,1,ref,6,OK,False,2,1,2
W1,train_n5_002,train,1,ref,6,OK,False,2,1,1
D0,train_n5_002,train,1,ref,6,OK,True,0,1,1
C0,train_n5_002,train,1,ref,6,OK,True,0,1,1
T1,train_n5_002,train,1,ref,6,OK,True,0,1,1
MG,train_n5_002,train,2,ref,5,OK,True,0,1,1
DENSE,train_n5_002,train,2,ref,5,OK,True,0,1,1
REL,train_n5_002,train,2,ref,5,OK,True,0,1,1
WL,train_n5_002,train,2,ref,5,OK,False,2,1,2
W1,train_n5_002,train,2,ref,5,OK,True,0,1,1
D0,train_n5_002,train,2,ref,5,OK,True,0,1,1
C0,train_n5_002,train,2,ref,5,OK,True,0,1,1
T1,train_n5_002,train,2,ref,5,OK,True,0,1,1
MG,train_n5_002,train,3,ref,5,OK,True,0,2,1
DENSE,train_n5_002,train,3,ref,5,OK,True,0,2,1
REL,train_n5_002,train,3,ref,5,OK,True,0,2,1
WL,train_n5_002,train,3,ref,5,OK,True,0,2,1
W1,train_n5_002,train,3,ref,5,OK,True,0,2,1
D0,train_n5_002,train,3,ref,5,OK,True,0,2,1
C0,train_n5_002,train,3,ref,5,OK,True,0,2,1
T1,train_n5_002,train,3,ref,5,OK,True,0,2,1
MG,train_n5_002,train,4,ref,5,OK,True,0,2,1
DENSE,train_n5_002,train,4,ref,5,OK,True,0,2,1
REL,train_n5_002,train,4,ref,5,OK,True,0,2,1
WL,train_n5_002,train,4,ref,5,OK,True,0,2,1
W1,train_n5_002,train,4,ref,5,OK,True,0,2,1
D0,train_n5_002,train,4,ref,5,OK,True,0,2,1
C0,train_n5_002,train,4,ref,5,OK,True,0,2,1
T1,train_n5_002,train,4,ref,5,OK,True,0,2,1
MG,train_n5_002,train,5,ref,5,OK,True,0,1,1
DENSE,train_n5_002,train,5,ref,5,OK,True,0,1,1
REL,train_n5_002,train,5,ref,5,OK,True,0,1,1
WL,train_n5_002,train,5,ref,5,OK,False,2,1,1
W1,train_n5_002,train,5,ref,5,OK,False,2,1,2
D0,train_n5_002,train,5,ref,5,OK,True,0,1,1
C0,train_n5_002,train,5,ref,5,OK,True,0,1,1
T1,train_n5_002,train,5,ref,5,OK,True,0,1,1
MG,train_n5_002,train,6,ref,7,OK,True,0,1,1
DENSE,train_n5_002,train,6,ref,7,OK,True,0,1,1
REL,train_n5_002,train,6,ref,7,OK,True,0,1,1
WL,train_n5_002,train,6,ref,7,OK,True,0,1,1
W1,train_n5_002,train,6,ref,7,OK,True,0,1,1
D0,train_n5_002,train,6,ref,7,OK,True,0,1,1
C0,train_n5_002,train,6,ref,7,OK,True,0,1,1
T1,train_n5_002,train,6,ref,7,OK,True,0,1,1
MG,train_n5_002,train,7,off,6,OK,True,0,2,1
DENSE,train_n5_002,train,7,off,6,OK,True,0,2,1
REL,train_n5_002,train,7,off,6,OK,True,0,2,1
WL,train_n5_002,train,7,off,6,OK,True,0,2,2
W1,train_n5_002,train,7,off,6,OK,True,0,2,1
D0,train_n5_002,train,7,off,6,OK,True,0,2,1
C0,train_n5_002,train,7,off,6,OK,True,0,2,1
T1,train_n5_002,train,7,off,6,OK,True,0,2,1
MG,train_n5_004,train,0,ref,4,OK,True,0,2,1
DENSE,train_n5_004,train,0,ref,4,OK,True,0,2,1
REL,train_n5_004,train,0,ref,4,OK,True,0,2,1
WL,train_n5_004,train,0,ref,4,OK,False,2,2,4
W1,train_n5_004,train,0,ref,4,OK,True,0,2,3
D0,train_n5_004,train,0,ref,4,OK,True,0,2,1
C0,train_n5_004,train,0,ref,4,OK,True,0,2,1
T1,train_n5_004,train,0,ref,4,OK,True,0,2,1
MG,train_n5_004,train,1,ref,5,OK,True,0,1,1
DENSE,train_n5_004,train,1,ref,5,OK,True,0,1,1
REL,train_n5_004,train,1,ref,5,OK,True,0,1,1
WL,train_n5_004,train,1,ref,5,OK,True,0,1,2
W1,train_n5_004,train,1,ref,5,OK,False,2,1,1
D0,train_n5_004,train,1,ref,5,OK,True,0,1,1
C0,train_n5_004,train,1,ref,5,OK,True,0,1,1
T1,train_n5_004,train,1,ref,5,OK,True,0,1,1
MG,train_n5_004,train,2,ref,4,OK,True,0,1,1
DENSE,train_n5_004,train,2,ref,4,OK,True,0,1,1
REL,train_n5_004,train,2,ref,4,OK,True,0,1,1
WL,train_n5_004,train,2,ref,4,OK,False,2,1,2
W1,train_n5_004,train,2,ref,4,OK,True,0,1,1
D0,train_n5_004,train,2,ref,4,OK,True,0,1,1
C0,train_n5_004,train,2,ref,4,OK,True,0,1,1
T1,train_n5_004,train,2,ref,4,OK,True,0,1,1
MG,train_n5_004,train,3,ref,5,OK,True,0,1,1
DENSE,train_n5_004,train,3,ref,5,OK,True,0,1,1
REL,train_n5_004,train,3,ref,5,OK,True,0,1,1
WL,train_n5_004,train,3,ref,5,OK,True,0,1,1
W1,train_n5_004,train,3,ref,5,OK,False,2,1,2
D0,train_n5_004,train,3,ref,5,OK,True,0,1,1
C0,train_n5_004,train,3,ref,5,OK,True,0,1,1
T1,train_n5_004,train,3,ref,5,OK,True,0,1,1
MG,train_n5_004,train,4,ref,4,OK,True,0,1,1
DENSE,train_n5_004,train,4,ref,4,OK,True,0,1,1
REL,train_n5_004,train,4,ref,4,OK,True,0,1,1
WL,train_n5_004,train,4,ref,4,OK,True,0,1,1
W1,train_n5_004,train,4,ref,4,OK,True,0,1,2
D0,train_n5_004,train,4,ref,4,OK,True,0,1,1
C0,train_n5_004,train,4,ref,4,OK,True,0,1,1
T1,train_n5_004,train,4,ref,4,OK,True,0,1,1
MG,train_n5_004,train,5,ref,4,OK,True,0,1,1
DENSE,train_n5_004,train,5,ref,4,OK,True,0,1,1
REL,train_n5_004,train,5,ref,4,OK,True,0,1,1
WL,train_n5_004,train,5,ref,4,OK,False,2,1,1
W1,train_n5_004,train,5,ref,4,OK,False,2,1,2
D0,train_n5_004,train,5,ref,4,OK,True,0,1,1
C0,train_n5_004,train,5,ref,4,OK,True,0,1,1
T1,train_n5_004,train,5,ref,4,OK,True,0,1,1
MG,train_n5_004,train,6,ref,6,OK,True,0,1,1
DENSE,train_n5_004,train,6,ref,6,OK,True,0,1,1
REL,train_n5_004,train,6,ref,6,OK,True,0,1,1
WL,train_n5_004,train,6,ref,6,OK,True,0,1,1
W1,train_n5_004,train,6,ref,6,OK,True,0,1,1
D0,train_n5_004,train,6,ref,6,OK,True,0,1,1
C0,train_n5_004,train,6,ref,6,OK,True,0,1,1
T1,train_n5_004,train,6,ref,6,OK,True,0,1,1
MG,train_n5_004,train,7,off,5,OK,True,0,2,1
DENSE,train_n5_004,train,7,off,5,OK,True,0,2,1
REL,train_n5_004,train,7,off,5,OK,True,0,2,1
WL,train_n5_004,train,7,off,5,OK,True,0,2,1
W1,train_n5_004,train,7,off,5,OK,True,0,2,1
D0,train_n5_004,train,7,off,5,OK,True,0,2,1
C0,train_n5_004,train,7,off,5,OK,True,0,2,1
T1,train_n5_004,train,7,off,5,OK,True,0,2,1
MG,train_n5_007,train,0,ref,5,OK,True,0,2,1
DENSE,train_n5_007,train,0,ref,5,OK,True,0,2,1
REL,train_n5_007,train,0,ref,5,OK,True,0,2,1
WL,train_n5_007,train,0,ref,5,OK,False,1,2,4
W1,train_n5_007,train,0,ref,5,OK,True,0,2,3
D0,train_n5_007,train,0,ref,5,OK,True,0,2,1
C0,train_n5_007,train,0,ref,5,OK,True,0,2,1
T1,train_n5_007,train,0,ref,5,OK,True,0,2,1
MG,train_n5_007,train,1,ref,7,OK,True,0,1,1
DENSE,train_n5_007,train,1,ref,7,OK,True,0,1,1
REL,train_n5_007,train,1,ref,7,OK,True,0,1,1
WL,train_n5_007,train,1,ref,7,OK,False,1,1,2
W1,train_n5_007,train,1,ref,7,OK,False,1,1,2
D0,train_n5_007,train,1,ref,7,OK,True,0,1,1
C0,train_n5_007,train,1,ref,7,OK,True,0,1,1
T1,train_n5_007,train,1,ref,7,OK,True,0,1,1
MG,train_n5_007,train,2,ref,6,OK,True,0,2,1
DENSE,train_n5_007,train,2,ref,6,OK,True,0,2,1
REL,train_n5_007,train,2,ref,6,OK,True,0,2,1
WL,train_n5_007,train,2,ref,6,OK,True,0,2,1
W1,train_n5_007,train,2,ref,6,OK,True,0,2,1
D0,train_n5_007,train,2,ref,6,OK,True,0,2,1
C0,train_n5_007,train,2,ref,6,OK,True,0,2,1
T1,train_n5_007,train,2,ref,6,OK,True,0,2,1
MG,train_n5_007,train,3,ref,6,OK,True,0,2,1
DENSE,train_n5_007,train,3,ref,6,OK,True,0,2,1
REL,train_n5_007,train,3,ref,6,OK,True,0,2,1
WL,train_n5_007,train,3,ref,6,OK,False,2,2,2
W1,train_n5_007,train,3,ref,6,OK,True,0,2,1
D0,train_n5_007,train,3,ref,6,OK,True,0,2,1
C0,train_n5_007,train,3,ref,6,OK,True,0,2,1
T1,train_n5_007,train,3,ref,6,OK,True,0,2,1
MG,train_n5_007,train,4,ref,6,OK,True,0,2,1
DENSE,train_n5_007,train,4,ref,6,OK,True,0,2,1
REL,train_n5_007,train,4,ref,6,OK,True,0,2,1
WL,train_n5_007,train,4,ref,6,OK,True,0,2,1
W1,train_n5_007,train,4,ref,6,OK,True,0,2,1
D0,train_n5_007,train,4,ref,6,OK,True,0,2,1
C0,train_n5_007,train,4,ref,6,OK,True,0,2,1
T1,train_n5_007,train,4,ref,6,OK,True,0,2,1
MG,train_n5_007,train,5,ref,5,OK,True,0,1,1
DENSE,train_n5_007,train,5,ref,5,OK,True,0,1,1
REL,train_n5_007,train,5,ref,5,OK,True,0,1,1
WL,train_n5_007,train,5,ref,5,OK,False,2,1,1
W1,train_n5_007,train,5,ref,5,OK,False,2,1,2
D0,train_n5_007,train,5,ref,5,OK,True,0,1,1
C0,train_n5_007,train,5,ref,5,OK,True,0,1,1
T1,train_n5_007,train,5,ref,5,OK,True,0,1,1
MG,train_n5_007,train,6,ref,6,OK,True,0,1,1
DENSE,train_n5_007,train,6,ref,6,OK,True,0,1,1
REL,train_n5_007,train,6,ref,6,OK,True,0,1,1
WL,train_n5_007,train,6,ref,6,OK,True,0,1,1
W1,train_n5_007,train,6,ref,6,OK,True,0,1,1
D0,train_n5_007,train,6,ref,6,OK,True,0,1,1
C0,train_n5_007,train,6,ref,6,OK,True,0,1,1
T1,train_n5_007,train,6,ref,6,OK,True,0,1,1
MG,train_n5_007,train,7,off,5,OK,True,0,1,1
DENSE,train_n5_007,train,7,off,5,OK,True,0,1,1
REL,train_n5_007,train,7,off,5,OK,True,0,1,1
WL,train_n5_007,train,7,off,5,OK,True,0,1,1
W1,train_n5_007,train,7,off,5,OK,True,0,1,1
D0,train_n5_007,train,7,off,5,OK,True,0,1,1
C0,train_n5_007,train,7,off,5,OK,True,0,1,1
T1,train_n5_007,train,7,off,5,OK,True,0,1,1
MG,train_n5_009,train,0,ref,5,OK,True,0,5,1
DENSE,train_n5_009,train,0,ref,5,OK,True,0,5,1
REL,train_n5_009,train,0,ref,5,OK,True,0,5,1
WL,train_n5_009,train,0,ref,5,OK,True,0,5,5
W1,train_n5_009,train,0,ref,5,OK,True,0,5,4
D0,train_n5_009,train,0,ref,5,OK,True,0,5,1
C0,train_n5_009,train,0,ref,5,OK,True,0,5,1
T1,train_n5_009,train,0,ref,5,OK,True,0,5,1
MG,train_n5_009,train,1,ref,5,OK,True,0,2,1
DENSE,train_n5_009,train,1,ref,5,OK,True,0,2,1
REL,train_n5_009,train,1,ref,5,OK,True,0,2,1
WL,train_n5_009,train,1,ref,5,OK,False,2,2,5
W1,train_n5_009,train,1,ref,5,OK,True,0,2,4
D0,train_n5_009,train,1,ref,5,OK,True,0,2,1
C0,train_n5_009,train,1,ref,5,OK,True,0,2,1
T1,train_n5_009,train,1,ref,5,OK,True,0,2,1
MG,train_n5_009,train,2,ref,5,OK,True,0,1,1
DENSE,train_n5_009,train,2,ref,5,OK,True,0,1,1
REL,train_n5_009,train,2,ref,5,OK,True,0,1,1
WL,train_n5_009,train,2,ref,5,OK,False,2,1,3
W1,train_n5_009,train,2,ref,5,OK,False,2,1,2
D0,train_n5_009,train,2,ref,5,OK,True,0,1,1
C0,train_n5_009,train,2,ref,5,OK,True,0,1,1
T1,train_n5_009,train,2,ref,5,OK,True,0,1,1
MG,train_n5_009,train,3,ref,5,OK,True,0,1,1
DENSE,train_n5_009,train,3,ref,5,OK,True,0,1,1
REL,train_n5_009,train,3,ref,5,OK,True,0,1,1
WL,train_n5_009,train,3,ref,5,OK,False,1,1,3
W1,train_n5_009,train,3,ref,5,OK,False,2,1,2
D0,train_n5_009,train,3,ref,5,OK,True,0,1,1
C0,train_n5_009,train,3,ref,5,OK,True,0,1,1
T1,train_n5_009,train,3,ref,5,OK,True,0,1,1
MG,train_n5_009,train,4,ref,6,OK,True,0,1,1
DENSE,train_n5_009,train,4,ref,6,OK,True,0,1,1
REL,train_n5_009,train,4,ref,6,OK,True,0,1,1
WL,train_n5_009,train,4,ref,6,OK,True,0,1,1
W1,train_n5_009,train,4,ref,6,OK,True,0,1,1
D0,train_n5_009,train,4,ref,6,OK,True,0,1,1
C0,train_n5_009,train,4,ref,6,OK,True,0,1,1
T1,train_n5_009,train,4,ref,6,OK,True,0,1,1
MG,train_n5_009,train,5,ref,4,OK,True,0,1,1
DENSE,train_n5_009,train,5,ref,4,OK,True,0,1,1
REL,train_n5_009,train,5,ref,4,OK,True,0,1,1
WL,train_n5_009,train,5,ref,4,OK,False,1,1,2
W1,train_n5_009,train,5,ref,4,OK,True,0,1,1
D0,train_n5_009,train,5,ref,4,OK,True,0,1,1
C0,train_n5_009,train,5,ref,4,OK,True,0,1,1
T1,train_n5_009,train,5,ref,4,OK,True,0,1,1
MG,train_n5_009,train,6,ref,6,OK,True,0,1,1
DENSE,train_n5_009,train,6,ref,6,OK,True,0,1,1
REL,train_n5_009,train,6,ref,6,OK,True,0,1,1
WL,train_n5_009,train,6,ref,6,OK,True,0,1,1
W1,train_n5_009,train,6,ref,6,OK,True,0,1,1
D0,train_n5_009,train,6,ref,6,OK,True,0,1,1
C0,train_n5_009,train,6,ref,6,OK,True,0,1,1
T1,train_n5_009,train,6,ref,6,OK,True,0,1,1
MG,train_n5_009,train,7,off,6,OK,True,0,3,1
DENSE,train_n5_009,train,7,off,6,OK,True,0,3,1
REL,train_n5_009,train,7,off,6,OK,True,0,3,1
WL,train_n5_009,train,7,off,6,OK,True,0,3,1
W1,train_n5_009,train,7,off,6,OK,False,2,3,2
D0,train_n5_009,train,7,off,6,OK,True,0,3,1
C0,train_n5_009,train,7,off,6,OK,True,0,3,1
T1,train_n5_009,train,7,off,6,OK,True,0,3,1
MG,train_n5_012,train,0,ref,4,OK,True,0,4,1
DENSE,train_n5_012,train,0,ref,4,OK,True,0,4,1
REL,train_n5_012,train,0,ref,4,OK,True,0,4,1
WL,train_n5_012,train,0,ref,4,OK,True,0,4,4
W1,train_n5_012,train,0,ref,4,OK,True,0,4,3
D0,train_n5_012,train,0,ref,4,OK,True,0,4,1
C0,train_n5_012,train,0,ref,4,OK,True,0,4,1
T1,train_n5_012,train,0,ref,4,OK,True,0,4,1
MG,train_n5_012,train,1,ref,7,OK,True,0,3,1
DENSE,train_n5_012,train,1,ref,7,OK,True,0,3,1
REL,train_n5_012,train,1,ref,7,OK,True,0,3,1
WL,train_n5_012,train,1,ref,7,OK,True,0,3,4
W1,train_n5_012,train,1,ref,7,OK,True,0,3,3
D0,train_n5_012,train,1,ref,7,OK,True,0,3,1
C0,train_n5_012,train,1,ref,7,OK,True,0,3,1
T1,train_n5_012,train,1,ref,7,OK,True,0,3,1
MG,train_n5_012,train,2,ref,7,OK,True,0,2,1
DENSE,train_n5_012,train,2,ref,7,OK,True,0,2,1
REL,train_n5_012,train,2,ref,7,OK,True,0,2,1
WL,train_n5_012,train,2,ref,7,OK,True,0,2,2
W1,train_n5_012,train,2,ref,7,OK,True,0,2,1
D0,train_n5_012,train,2,ref,7,OK,True,0,2,1
C0,train_n5_012,train,2,ref,7,OK,True,0,2,1
T1,train_n5_012,train,2,ref,7,OK,True,0,2,1
MG,train_n5_012,train,3,ref,7,OK,True,0,1,1
DENSE,train_n5_012,train,3,ref,7,OK,True,0,1,1
REL,train_n5_012,train,3,ref,7,OK,True,0,1,1
WL,train_n5_012,train,3,ref,7,OK,True,0,1,1
W1,train_n5_012,train,3,ref,7,OK,False,2,1,2
D0,train_n5_012,train,3,ref,7,OK,True,0,1,1
C0,train_n5_012,train,3,ref,7,OK,True,0,1,1
T1,train_n5_012,train,3,ref,7,OK,True,0,1,1
MG,train_n5_012,train,4,ref,5,OK,True,0,1,1
DENSE,train_n5_012,train,4,ref,5,OK,True,0,1,1
REL,train_n5_012,train,4,ref,5,OK,True,0,1,1
WL,train_n5_012,train,4,ref,5,OK,True,0,1,1
W1,train_n5_012,train,4,ref,5,OK,True,0,1,2
D0,train_n5_012,train,4,ref,5,OK,True,0,1,1
C0,train_n5_012,train,4,ref,5,OK,True,0,1,1
T1,train_n5_012,train,4,ref,5,OK,True,0,1,1
MG,train_n5_012,train,5,ref,5,OK,True,0,1,1
DENSE,train_n5_012,train,5,ref,5,OK,True,0,1,1
REL,train_n5_012,train,5,ref,5,OK,True,0,1,1
WL,train_n5_012,train,5,ref,5,OK,False,2,1,1
W1,train_n5_012,train,5,ref,5,OK,False,2,1,2
D0,train_n5_012,train,5,ref,5,OK,True,0,1,1
C0,train_n5_012,train,5,ref,5,OK,True,0,1,1
T1,train_n5_012,train,5,ref,5,OK,True,0,1,1
MG,train_n5_012,train,6,ref,5,OK,True,0,1,1
DENSE,train_n5_012,train,6,ref,5,OK,True,0,1,1
REL,train_n5_012,train,6,ref,5,OK,True,0,1,1
WL,train_n5_012,train,6,ref,5,OK,True,0,1,1
W1,train_n5_012,train,6,ref,5,OK,True,0,1,1
D0,train_n5_012,train,6,ref,5,OK,True,0,1,1
C0,train_n5_012,train,6,ref,5,OK,True,0,1,1
T1,train_n5_012,train,6,ref,5,OK,True,0,1,1
MG,train_n5_012,train,7,off,7,OK,True,0,2,1
DENSE,train_n5_012,train,7,off,7,OK,True,0,2,1
REL,train_n5_012,train,7,off,7,OK,True,0,2,1
WL,train_n5_012,train,7,off,7,OK,False,2,2,1
W1,train_n5_012,train,7,off,7,OK,False,2,2,1
D0,train_n5_012,train,7,off,7,OK,True,0,2,1
C0,train_n5_012,train,7,off,7,OK,True,0,2,1
T1,train_n5_012,train,7,off,7,OK,True,0,2,1
MG,train_n5_014,train,0,ref,4,OK,True,0,3,1
DENSE,train_n5_014,train,0,ref,4,OK,True,0,3,1
REL,train_n5_014,train,0,ref,4,OK,True,0,3,1
WL,train_n5_014,train,0,ref,4,OK,False,2,3,4
W1,train_n5_014,train,0,ref,4,OK,True,0,3,3
D0,train_n5_014,train,0,ref,4,OK,True,0,3,1
C0,train_n5_014,train,0,ref,4,OK,True,0,3,1
T1,train_n5_014,train,0,ref,4,OK,True,0,3,1
MG,train_n5_014,train,1,ref,5,OK,True,0,1,1
DENSE,train_n5_014,train,1,ref,5,OK,True,0,1,1
REL,train_n5_014,train,1,ref,5,OK,True,0,1,1
WL,train_n5_014,train,1,ref,5,OK,False,2,1,2
W1,train_n5_014,train,1,ref,5,OK,False,2,1,1
D0,train_n5_014,train,1,ref,5,OK,True,0,1,1
C0,train_n5_014,train,1,ref,5,OK,True,0,1,1
T1,train_n5_014,train,1,ref,5,OK,True,0,1,1
MG,train_n5_014,train,2,ref,5,OK,True,0,1,1
DENSE,train_n5_014,train,2,ref,5,OK,True,0,1,1
REL,train_n5_014,train,2,ref,5,OK,True,0,1,1
WL,train_n5_014,train,2,ref,5,OK,True,0,1,1
W1,train_n5_014,train,2,ref,5,OK,True,0,1,1
D0,train_n5_014,train,2,ref,5,OK,True,0,1,1
C0,train_n5_014,train,2,ref,5,OK,True,0,1,1
T1,train_n5_014,train,2,ref,5,OK,True,0,1,1
MG,train_n5_014,train,3,ref,4,OK,True,0,2,2
DENSE,train_n5_014,train,3,ref,4,OK,True,0,2,2
REL,train_n5_014,train,3,ref,4,OK,True,0,2,2
WL,train_n5_014,train,3,ref,4,OK,False,2,2,1
W1,train_n5_014,train,3,ref,4,OK,False,2,2,3
D0,train_n5_014,train,3,ref,4,OK,True,0,2,2
C0,train_n5_014,train,3,ref,4,OK,True,0,2,2
T1,train_n5_014,train,3,ref,4,OK,True,0,2,2
MG,train_n5_014,train,4,ref,5,OK,True,0,1,1
DENSE,train_n5_014,train,4,ref,5,OK,True,0,1,1
REL,train_n5_014,train,4,ref,5,OK,True,0,1,1
WL,train_n5_014,train,4,ref,5,OK,True,0,1,1
W1,train_n5_014,train,4,ref,5,OK,True,0,1,1
D0,train_n5_014,train,4,ref,5,OK,True,0,1,1
C0,train_n5_014,train,4,ref,5,OK,True,0,1,1
T1,train_n5_014,train,4,ref,5,OK,True,0,1,1
MG,train_n5_014,train,5,ref,4,OK,True,0,1,1
DENSE,train_n5_014,train,5,ref,4,OK,True,0,1,1
REL,train_n5_014,train,5,ref,4,OK,True,0,1,1
WL,train_n5_014,train,5,ref,4,OK,False,2,1,1
W1,train_n5_014,train,5,ref,4,OK,False,2,1,2
D0,train_n5_014,train,5,ref,4,OK,True,0,1,1
C0,train_n5_014,train,5,ref,4,OK,True,0,1,1
T1,train_n5_014,train,5,ref,4,OK,True,0,1,1
MG,train_n5_014,train,6,ref,5,OK,True,0,1,1
DENSE,train_n5_014,train,6,ref,5,OK,True,0,1,1
REL,train_n5_014,train,6,ref,5,OK,True,0,1,1
WL,train_n5_014,train,6,ref,5,OK,True,0,1,1
W1,train_n5_014,train,6,ref,5,OK,True,0,1,1
D0,train_n5_014,train,6,ref,5,OK,True,0,1,1
C0,train_n5_014,train,6,ref,5,OK,True,0,1,1
T1,train_n5_014,train,6,ref,5,OK,True,0,1,1
MG,train_n5_014,train,7,off,4,OK,True,0,4,1
DENSE,train_n5_014,train,7,off,4,OK,True,0,4,1
REL,train_n5_014,train,7,off,4,OK,True,0,4,1
WL,train_n5_014,train,7,off,4,OK,True,0,4,4
W1,train_n5_014,train,7,off,4,OK,True,0,4,3
D0,train_n5_014,train,7,off,4,OK,True,0,4,1
C0,train_n5_014,train,7,off,4,OK,True,0,4,1
T1,train_n5_014,train,7,off,4,OK,True,0,4,1
MG,train_n5_023,train,0,ref,5,OK,False,2,1,1
DENSE,train_n5_023,train,0,ref,5,OK,True,0,1,1
REL,train_n5_023,train,0,ref,5,OK,True,0,1,1
WL,train_n5_023,train,0,ref,5,OK,False,2,1,4
W1,train_n5_023,train,0,ref,5,OK,False,2,1,3
D0,train_n5_023,train,0,ref,5,OK,True,0,1,1
C0,train_n5_023,train,0,ref,5,OK,True,0,1,1
T1,train_n5_023,train,0,ref,5,OK,True,0,1,1
MG,train_n5_023,train,1,ref,6,OK,True,0,1,1
DENSE,train_n5_023,train,1,ref,6,OK,True,0,1,1
REL,train_n5_023,train,1,ref,6,OK,True,0,1,1
WL,train_n5_023,train,1,ref,6,OK,True,0,1,1
W1,train_n5_023,train,1,ref,6,OK,True,0,1,1
D0,train_n5_023,train,1,ref,6,OK,True,0,1,1
C0,train_n5_023,train,1,ref,6,OK,True,0,1,1
T1,train_n5_023,train,1,ref,6,OK,True,0,1,1
MG,train_n5_023,train,2,ref,6,OK,True,0,1,1
DENSE,train_n5_023,train,2,ref,6,OK,True,0,1,1
REL,train_n5_023,train,2,ref,6,OK,True,0,1,1
WL,train_n5_023,train,2,ref,6,OK,False,2,1,2
W1,train_n5_023,train,2,ref,6,OK,True,0,1,1
D0,train_n5_023,train,2,ref,6,OK,True,0,1,1
C0,train_n5_023,train,2,ref,6,OK,True,0,1,1
T1,train_n5_023,train,2,ref,6,OK,True,0,1,1
MG,train_n5_023,train,3,ref,6,OK,True,0,1,1
DENSE,train_n5_023,train,3,ref,6,OK,True,0,1,1
REL,train_n5_023,train,3,ref,6,OK,True,0,1,1
WL,train_n5_023,train,3,ref,6,OK,True,0,1,1
W1,train_n5_023,train,3,ref,6,OK,True,0,1,1
D0,train_n5_023,train,3,ref,6,OK,True,0,1,1
C0,train_n5_023,train,3,ref,6,OK,True,0,1,1
T1,train_n5_023,train,3,ref,6,OK,True,0,1,1
MG,train_n5_023,train,4,ref,5,OK,True,0,1,1
DENSE,train_n5_023,train,4,ref,5,OK,True,0,1,1
REL,train_n5_023,train,4,ref,5,OK,True,0,1,1
WL,train_n5_023,train,4,ref,5,OK,False,2,1,1
W1,train_n5_023,train,4,ref,5,OK,False,2,1,2
D0,train_n5_023,train,4,ref,5,OK,True,0,1,1
C0,train_n5_023,train,4,ref,5,OK,True,0,1,1
T1,train_n5_023,train,4,ref,5,OK,True,0,1,1
MG,train_n5_023,train,5,ref,6,OK,True,0,1,1
DENSE,train_n5_023,train,5,ref,6,OK,True,0,1,1
REL,train_n5_023,train,5,ref,6,OK,True,0,1,1
WL,train_n5_023,train,5,ref,6,OK,True,0,1,1
W1,train_n5_023,train,5,ref,6,OK,True,0,1,1
D0,train_n5_023,train,5,ref,6,OK,True,0,1,1
C0,train_n5_023,train,5,ref,6,OK,True,0,1,1
T1,train_n5_023,train,5,ref,6,OK,True,0,1,1
MG,train_n5_023,train,6,off,5,OK,True,0,1,1
DENSE,train_n5_023,train,6,off,5,OK,True,0,1,1
REL,train_n5_023,train,6,off,5,OK,True,0,1,1
WL,train_n5_023,train,6,off,5,OK,True,0,1,1
W1,train_n5_023,train,6,off,5,OK,True,0,1,1
D0,train_n5_023,train,6,off,5,OK,True,0,1,1
C0,train_n5_023,train,6,off,5,OK,True,0,1,1
T1,train_n5_023,train,6,off,5,OK,True,0,1,1
MG,train_n5_023,train,7,off,6,OK,True,0,2,1
DENSE,train_n5_023,train,7,off,6,OK,True,0,2,1
REL,train_n5_023,train,7,off,6,OK,True,0,2,1
WL,train_n5_023,train,7,off,6,OK,True,0,2,1
W1,train_n5_023,train,7,off,6,OK,False,2,2,2
D0,train_n5_023,train,7,off,6,OK,True,0,2,1
C0,train_n5_023,train,7,off,6,OK,True,0,2,1
T1,train_n5_023,train,7,off,6,OK,True,0,2,1
MG,train_n5_025,train,0,ref,4,OK,True,0,2,1
DENSE,train_n5_025,train,0,ref,4,OK,True,0,2,1
REL,train_n5_025,train,0,ref,4,OK,True,0,2,1
WL,train_n5_025,train,0,ref,4,OK,False,2,2,4
W1,train_n5_025,train,0,ref,4,OK,True,0,2,3
D0,train_n5_025,train,0,ref,4,OK,True,0,2,1
C0,train_n5_025,train,0,ref,4,OK,True,0,2,1
T1,train_n5_025,train,0,ref,4,OK,True,0,2,1
MG,train_n5_025,train,1,ref,5,OK,True,0,1,1
DENSE,train_n5_025,train,1,ref,5,OK,True,0,1,1
REL,train_n5_025,train,1,ref,5,OK,True,0,1,1
WL,train_n5_025,train,1,ref,5,OK,False,2,1,3
W1,train_n5_025,train,1,ref,5,OK,True,0,1,2
D0,train_n5_025,train,1,ref,5,OK,True,0,1,1
C0,train_n5_025,train,1,ref,5,OK,True,0,1,1
T1,train_n5_025,train,1,ref,5,OK,True,0,1,1
MG,train_n5_025,train,2,ref,6,OK,True,0,1,1
DENSE,train_n5_025,train,2,ref,6,OK,True,0,1,1
REL,train_n5_025,train,2,ref,6,OK,True,0,1,1
WL,train_n5_025,train,2,ref,6,OK,False,2,1,2
W1,train_n5_025,train,2,ref,6,OK,True,0,1,1
D0,train_n5_025,train,2,ref,6,OK,True,0,1,1
C0,train_n5_025,train,2,ref,6,OK,True,0,1,1
T1,train_n5_025,train,2,ref,6,OK,True,0,1,1
MG,train_n5_025,train,3,ref,6,OK,True,0,1,1
DENSE,train_n5_025,train,3,ref,6,OK,True,0,1,1
REL,train_n5_025,train,3,ref,6,OK,True,0,1,1
WL,train_n5_025,train,3,ref,6,OK,True,0,1,1
W1,train_n5_025,train,3,ref,6,OK,True,0,1,1
D0,train_n5_025,train,3,ref,6,OK,True,0,1,1
C0,train_n5_025,train,3,ref,6,OK,True,0,1,1
T1,train_n5_025,train,3,ref,6,OK,True,0,1,1
MG,train_n5_025,train,4,ref,5,OK,True,0,1,1
DENSE,train_n5_025,train,4,ref,5,OK,True,0,1,1
REL,train_n5_025,train,4,ref,5,OK,True,0,1,1
WL,train_n5_025,train,4,ref,5,OK,False,2,1,1
W1,train_n5_025,train,4,ref,5,OK,False,2,1,2
D0,train_n5_025,train,4,ref,5,OK,True,0,1,1
C0,train_n5_025,train,4,ref,5,OK,True,0,1,1
T1,train_n5_025,train,4,ref,5,OK,True,0,1,1
MG,train_n5_025,train,5,ref,6,OK,True,0,1,1
DENSE,train_n5_025,train,5,ref,6,OK,True,0,1,1
REL,train_n5_025,train,5,ref,6,OK,True,0,1,1
WL,train_n5_025,train,5,ref,6,OK,True,0,1,1
W1,train_n5_025,train,5,ref,6,OK,True,0,1,1
D0,train_n5_025,train,5,ref,6,OK,True,0,1,1
C0,train_n5_025,train,5,ref,6,OK,True,0,1,1
T1,train_n5_025,train,5,ref,6,OK,True,0,1,1
MG,train_n5_025,train,6,off,5,OK,True,0,2,1
DENSE,train_n5_025,train,6,off,5,OK,True,0,2,1
REL,train_n5_025,train,6,off,5,OK,True,0,2,1
WL,train_n5_025,train,6,off,5,OK,True,0,2,3
W1,train_n5_025,train,6,off,5,OK,True,0,2,2
D0,train_n5_025,train,6,off,5,OK,True,0,2,1
C0,train_n5_025,train,6,off,5,OK,True,0,2,1
T1,train_n5_025,train,6,off,5,OK,True,0,2,1
MG,train_n5_025,train,7,off,6,OK,True,0,1,1
DENSE,train_n5_025,train,7,off,6,OK,True,0,1,1
REL,train_n5_025,train,7,off,6,OK,True,0,1,1
WL,train_n5_025,train,7,off,6,OK,True,0,1,1
W1,train_n5_025,train,7,off,6,OK,False,2,1,2
D0,train_n5_025,train,7,off,6,OK,True,0,1,1
C0,train_n5_025,train,7,off,6,OK,True,0,1,1
T1,train_n5_025,train,7,off,6,OK,True,0,1,1
MG,train_n5_030,train,0,ref,4,OK,True,0,1,1
DENSE,train_n5_030,train,0,ref,4,OK,True,0,1,1
REL,train_n5_030,train,0,ref,4,OK,True,0,1,1
WL,train_n5_030,train,0,ref,4,OK,False,1,1,4
W1,train_n5_030,train,0,ref,4,OK,False,1,1,3
D0,train_n5_030,train,0,ref,4,OK,False,1,1,1
C0,train_n5_030,train,0,ref,4,OK,True,0,1,1
T1,train_n5_030,train,0,ref,4,OK,True,0,1,1
MG,train_n5_030,train,1,ref,4,OK,True,0,1,1
DENSE,train_n5_030,train,1,ref,4,OK,True,0,1,1
REL,train_n5_030,train,1,ref,4,OK,True,0,1,1
WL,train_n5_030,train,1,ref,4,OK,True,0,1,1
W1,train_n5_030,train,1,ref,4,OK,True,0,1,1
D0,train_n5_030,train,1,ref,4,OK,True,0,1,1
C0,train_n5_030,train,1,ref,4,OK,True,0,1,1
T1,train_n5_030,train,1,ref,4,OK,True,0,1,1
MG,train_n5_030,train,2,ref,4,OK,True,0,1,1
DENSE,train_n5_030,train,2,ref,4,OK,True,0,1,1
REL,train_n5_030,train,2,ref,4,OK,True,0,1,1
WL,train_n5_030,train,2,ref,4,OK,False,1,1,2
W1,train_n5_030,train,2,ref,4,OK,True,0,1,1
D0,train_n5_030,train,2,ref,4,OK,True,0,1,1
C0,train_n5_030,train,2,ref,4,OK,True,0,1,1
T1,train_n5_030,train,2,ref,4,OK,True,0,1,1
MG,train_n5_030,train,3,ref,4,OK,True,0,1,1
DENSE,train_n5_030,train,3,ref,4,OK,True,0,1,1
REL,train_n5_030,train,3,ref,4,OK,True,0,1,1
WL,train_n5_030,train,3,ref,4,OK,False,1,1,3
W1,train_n5_030,train,3,ref,4,OK,True,0,1,2
D0,train_n5_030,train,3,ref,4,OK,True,0,1,1
C0,train_n5_030,train,3,ref,4,OK,True,0,1,1
T1,train_n5_030,train,3,ref,4,OK,True,0,1,1
MG,train_n5_030,train,4,ref,4,OK,True,0,1,1
DENSE,train_n5_030,train,4,ref,4,OK,True,0,1,1
REL,train_n5_030,train,4,ref,4,OK,True,0,1,1
WL,train_n5_030,train,4,ref,4,OK,True,0,1,1
W1,train_n5_030,train,4,ref,4,OK,True,0,1,1
D0,train_n5_030,train,4,ref,4,OK,True,0,1,1
C0,train_n5_030,train,4,ref,4,OK,True,0,1,1
T1,train_n5_030,train,4,ref,4,OK,True,0,1,1
MG,train_n5_030,train,5,ref,3,OK,True,0,1,1
DENSE,train_n5_030,train,5,ref,3,OK,True,0,1,1
REL,train_n5_030,train,5,ref,3,OK,True,0,1,1
WL,train_n5_030,train,5,ref,3,OK,False,1,1,2
W1,train_n5_030,train,5,ref,3,OK,True,0,1,1
D0,train_n5_030,train,5,ref,3,OK,True,0,1,1
C0,train_n5_030,train,5,ref,3,OK,True,0,1,1
T1,train_n5_030,train,5,ref,3,OK,True,0,1,1
MG,train_n5_030,train,6,ref,4,OK,True,0,1,1
DENSE,train_n5_030,train,6,ref,4,OK,True,0,1,1
REL,train_n5_030,train,6,ref,4,OK,True,0,1,1
WL,train_n5_030,train,6,ref,4,OK,True,0,1,1
W1,train_n5_030,train,6,ref,4,OK,True,0,1,1
D0,train_n5_030,train,6,ref,4,OK,True,0,1,1
C0,train_n5_030,train,6,ref,4,OK,True,0,1,1
T1,train_n5_030,train,6,ref,4,OK,True,0,1,1
MG,train_n5_030,train,7,off,5,OK,True,0,1,1
DENSE,train_n5_030,train,7,off,5,OK,True,0,1,1
REL,train_n5_030,train,7,off,5,OK,True,0,1,1
WL,train_n5_030,train,7,off,5,OK,True,0,1,1
W1,train_n5_030,train,7,off,5,OK,True,0,1,1
D0,train_n5_030,train,7,off,5,OK,True,0,1,1
C0,train_n5_030,train,7,off,5,OK,True,0,1,1
T1,train_n5_030,train,7,off,5,OK,True,0,1,1
