DEBUG conda.gateways.logging:set_verbosity(217): verbosity set to 2
DEBUG conda.base.context:root_writable(653): [Errno 13] Permission denied: '/opt/miniconda3/conda-meta/history'
DEBUG conda.base.context:root_writable(653): [Errno 13] Permission denied: '/opt/miniconda3/conda-meta/history'
DEBUG conda.core.solve:solve_final_state(296): solving prefix /home/xushijie/.conda/envs/cupid
  specs_to_remove: frozenset()
  specs_to_add: frozenset({MatchSpec("psutil=5.9.2"), MatchSpec("python=3.9"), MatchSpec("cudatoolkit=11.6"), MatchSpec("datasets=2.6.1"), MatchSpec("zarr=2.12.0"), MatchSpec("pymunk=6.2.1"), MatchSpec("py-opencv=4.6.0"), MatchSpec("numcodecs=0.10.2"), MatchSpec("numpy=1.23.3"), MatchSpec("shapely=1.8.4"), MatchSpec("torchvision=0.13.1"), MatchSpec("imageio=2.22.0"), MatchSpec("cython=0.29.32"), MatchSpec("pytorch=1.12.1"), MatchSpec("termcolor=2.0.1"), MatchSpec("dill=0.3.5.1"), MatchSpec("numba==0.56.4"), MatchSpec("llvm-openmp=14"), MatchSpec("pytorch3d=0.7.0"), MatchSpec("threadpoolctl=3.1.0"), MatchSpec("tqdm=4.64.1"), MatchSpec("accelerate=0.13.2"), MatchSpec("scipy==1.9.1"), MatchSpec("scikit-video=1.1.11"), MatchSpec("hydra-core=1.2.0"), MatchSpec("imageio-ffmpeg=0.4.7"), MatchSpec("tensorboard=2.10.1"), MatchSpec("boto3=1.24.96"), MatchSpec("av=10.0.0"), MatchSpec("ipykernel=6.16"), MatchSpec("imagecodecs==2022.8.8"), MatchSpec("pip=22.2.2"), MatchSpec("wandb=0.13.3"), MatchSpec("cmake=3.24.3"), MatchSpec("gym=0.21.0"), MatchSpec("cffi=1.15.1"), MatchSpec("click=8.0.4"), MatchSpec("tensorboardx=2.5.1"), MatchSpec("diffusers=0.11.1"), MatchSpec("scikit-image=0.19.3"), MatchSpec("h5py=3.7.0"), MatchSpec("matplotlib=3.6.1"), MatchSpec("einops=0.4.1")})
  prune: False
Collecting package metadata (repodata.json): ...working... DEBUG conda.gateways.disk.test:file_path_is_writable(27): [Errno 13] Permission denied: '/opt/miniconda3/pkgs/urls.txt'
DEBUG conda.core.package_cache_data:_check_writable(312): package cache directory '/opt/miniconda3/pkgs' writable: False
DEBUG conda.core.package_cache_data:_check_writable(312): package cache directory '/home/xushijie/.conda/pkgs' writable: True
DEBUG conda.gateways.repodata:fetch_latest(858): Using cached repodata for https://conda.anaconda.org/pytorch/linux-64/repodata.json at /home/xushijie/.conda/pkgs/cache/ee0ed9e9.json. Timeout in 1247 sec
DEBUG conda.gateways.repodata:read_cache(940): Loading raw json for https://conda.anaconda.org/pytorch/linux-64/repodata.json at /home/xushijie/.conda/pkgs/cache/ee0ed9e9.json
DEBUG conda.gateways.repodata:fetch_latest(858): Using cached repodata for https://conda.anaconda.org/pytorch/noarch/repodata.json at /home/xushijie/.conda/pkgs/cache/edb1952f.json. Timeout in 1247 sec
DEBUG conda.gateways.repodata:read_cache(940): Loading raw json for https://conda.anaconda.org/pytorch/noarch/repodata.json at /home/xushijie/.conda/pkgs/cache/edb1952f.json
DEBUG conda.gateways.repodata:fetch_latest(858): Using cached repodata for https://conda.anaconda.org/pytorch3d/linux-64/repodata.json at /home/xushijie/.conda/pkgs/cache/185076c9.json. Timeout in 107 sec
DEBUG conda.gateways.repodata:read_cache(940): Loading raw json for https://conda.anaconda.org/pytorch3d/linux-64/repodata.json at /home/xushijie/.conda/pkgs/cache/185076c9.json
DEBUG conda.gateways.repodata:fetch_latest(858): Using cached repodata for https://conda.anaconda.org/nvidia/noarch/repodata.json at /home/xushijie/.conda/pkgs/cache/b121c3e7.json. Timeout in 1247 sec
DEBUG conda.gateways.repodata:fetch_latest(858): Using cached repodata for https://conda.anaconda.org/pytorch3d/noarch/repodata.json at /home/xushijie/.conda/pkgs/cache/cba9c6bb.json. Timeout in 107 sec
DEBUG conda.gateways.repodata:read_cache(940): Loading raw json for https://conda.anaconda.org/nvidia/noarch/repodata.json at /home/xushijie/.conda/pkgs/cache/b121c3e7.json
DEBUG conda.gateways.repodata:fetch_latest(858): Using cached repodata for https://conda.anaconda.org/nvidia/linux-64/repodata.json at /home/xushijie/.conda/pkgs/cache/c9ddbd6b.json. Timeout in 1247 sec
DEBUG conda.gateways.repodata:read_cache(940): Loading raw json for https://conda.anaconda.org/nvidia/linux-64/repodata.json at /home/xushijie/.conda/pkgs/cache/c9ddbd6b.json
DEBUG conda.gateways.repodata:fetch_latest(824): No local cache found for https://conda.anaconda.org/conda-forge/linux-64/repodata.json at /home/xushijie/.conda/pkgs/cache/497deca9.json
DEBUG conda.gateways.repodata:fetch_latest(867): Local cache timed out for https://repo.anaconda.com/pkgs/main/linux-64/repodata.json at /home/xushijie/.conda/pkgs/cache/47929eba.json
DEBUG conda.gateways.repodata:read_cache(940): Loading raw json for https://conda.anaconda.org/pytorch3d/noarch/repodata.json at /home/xushijie/.conda/pkgs/cache/cba9c6bb.json
DEBUG conda.gateways.repodata:fetch_latest(867): Local cache timed out for https://repo.anaconda.com/pkgs/main/noarch/repodata.json at /home/xushijie/.conda/pkgs/cache/3e39a7aa.json
DEBUG conda.gateways.repodata:__init__(122): Using CondaRepoInterface
DEBUG conda.gateways.repodata:__init__(122): Using CondaRepoInterface
DEBUG conda.gateways.repodata:fetch_latest(867): Local cache timed out for https://repo.anaconda.com/pkgs/r/linux-64/repodata.json at /home/xushijie/.conda/pkgs/cache/2ce54b42.json
DEBUG conda.gateways.repodata:fetch_latest(858): Using cached repodata for https://conda.anaconda.org/conda-forge/noarch/repodata.json at /home/xushijie/.conda/pkgs/cache/09cdf8bf.json. Timeout in 1201 sec
DEBUG conda.gateways.repodata:fetch_latest(867): Local cache timed out for https://repo.anaconda.com/pkgs/r/noarch/repodata.json at /home/xushijie/.conda/pkgs/cache/4ea078d6.json
DEBUG conda.gateways.repodata:__init__(122): Using CondaRepoInterface
DEBUG conda.gateways.repodata:__init__(122): Using CondaRepoInterface
DEBUG conda.gateways.repodata:read_cache(940): Loading raw json for https://conda.anaconda.org/conda-forge/noarch/repodata.json at /home/xushijie/.conda/pkgs/cache/09cdf8bf.json
DEBUG conda.gateways.repodata:__init__(122): Using CondaRepoInterface
DEBUG urllib3.connectionpool:_new_conn(1014): Starting new HTTPS connection (1): conda.anaconda.org:443
DEBUG urllib3.connectionpool:_new_conn(1014): Starting new HTTPS connection (1): repo.anaconda.com:443
DEBUG urllib3.connectionpool:_new_conn(1014): Starting new HTTPS connection (1): repo.anaconda.com:443
DEBUG urllib3.connectionpool:_new_conn(1014): Starting new HTTPS connection (1): repo.anaconda.com:443
DEBUG urllib3.connectionpool:_new_conn(1014): Starting new HTTPS connection (1): repo.anaconda.com:443
DEBUG urllib3.connectionpool:_make_request(473): https://repo.anaconda.com:443 "GET /pkgs/main/noarch/repodata.json HTTP/1.1" 304 0
DEBUG conda.gateways.repodata:repodata(152): 
>>GET /pkgs/main/noarch/repodata.json HTTPS
> User-Agent: conda/23.5.2 requests/2.29.0 CPython/3.9.17 Linux/6.1.170-1.el9.elrepo.x86_64 rocky/9.7 glibc/2.34
> Accept: */*
> Accept-Encoding: gzip, deflate, br
> Connection: keep-alive
> If-Modified-Since: Mon, 20 Jul 2026 16:01:56 GMT
> If-None-Match: W/"6a71f0cac8f790a581b4d0e9ea0827fc"

<<HTTPS 304 Not Modified
< Age: 3187
< Cache-Control: public, max-age=30
< CF-Cache-Status: HIT
< CF-Ray: a1e37e031b79c69d-LAX
< Content-Security-Policy: upgrade-insecure-requests; frame-ancestors 'self' https://content.anaconda.com/
< Date: Mon, 20 Jul 2026 16:55:13 GMT
< ETag: "6a71f0cac8f790a581b4d0e9ea0827fc"
< Expires: Mon, 20 Jul 2026 16:55:43 GMT
< Last-Modified: Mon, 20 Jul 2026 16:01:56 GMT
< Server: cloudflare
< set-cookie: __cf_bm=TvYDPBrg31D9kSaq74lh9aOMTlad12IlzuAqkKk.9VI-1784566513.1355836-1.0.1.1-sk0Tc85x4CxMI1g57Rjpm_nZ5QYUL3zeXzhewr_iVB21_fglhWLw4mWGD7OKH9MHhbzrH1ccXik1pCNKsQlIFbtiiXjtuKI.F9DbpOYG6H8pTlU8BdI6ugNm_m0X6Irw; HttpOnly; SameSite=None; Secure; Path=/; Domain=anaconda.com; Expires=Mon, 20 Jul 2026 17:25:13 GMT
< x-amz-id-2: Xev6oqG9Bi59yB/mjDsGIEvLVAK36TeeXYDxqylWjDJ4yldHbZeasHwXmUqpCadvsaSfDIuDgI0=
< x-amz-request-id: C75KSS3X3GP8BGGZ
< x-amz-version-id: El_iG2h17DAC2x9D0OARDF44StXvNV89
< X-Robots-Tag: noindex
< Connection: keep-alive
< Elapsed: 00:05.489752


DEBUG conda.gateways.repodata:fetch_latest(890): 304 NOT MODIFIED for 'https://repo.anaconda.com/pkgs/main/noarch/repodata.json'. Updating mtime and loading from disk
DEBUG urllib3.connectionpool:_make_request(473): https://repo.anaconda.com:443 "GET /pkgs/r/linux-64/repodata.json HTTP/1.1" 304 0
DEBUG conda.gateways.repodata:repodata(152): 
>>GET /pkgs/r/linux-64/repodata.json HTTPS
> User-Agent: conda/23.5.2 requests/2.29.0 CPython/3.9.17 Linux/6.1.170-1.el9.elrepo.x86_64 rocky/9.7 glibc/2.34
> Accept: */*
> Accept-Encoding: gzip, deflate, br
> Connection: keep-alive
> If-Modified-Since: Wed, 30 Apr 2025 13:31:56 GMT
> If-None-Match: W/"190448791e31e05be6739f6ffe2ca01b"

<<HTTPS 304 Not Modified
< Age: 1056490
< Cache-Control: public, max-age=30
< CF-Cache-Status: HIT
< CF-Ray: a1e37e033b30dcc7-LAX
< Content-Security-Policy: upgrade-insecure-requests; frame-ancestors 'self' https://content.anaconda.com/
< Date: Mon, 20 Jul 2026 16:55:13 GMT
< ETag: "190448791e31e05be6739f6ffe2ca01b"
< Expires: Mon, 20 Jul 2026 16:55:43 GMT
< Last-Modified: Wed, 30 Apr 2025 13:31:56 GMT
< Server: cloudflare
< set-cookie: __cf_bm=Rp_IFi0NyRyKvDGav9w4aTqVlBetDGRxYTupRW8HcxM-1784566513.1562722-1.0.1.1-NxCLBMeKJdlxkQfyaFCsAN57MgCqBA3gzFKSRmIJvEamJYkh3Et7Y4m3asGmv18m.1xJV_xCheI5BKa3E_GDByFNpn2ejcPpTy5cO94Ir0vLzG7.CC3185TjaLYRFzHb; HttpOnly; SameSite=None; Secure; Path=/; Domain=anaconda.com; Expires=Mon, 20 Jul 2026 17:25:13 GMT
< x-amz-id-2: HDqb76ceMvNnIybzcL84n3BKgKm9mKR8rDO7tPjtC9+a5yk3a19S295c3A9HoQzvwf6g7jRyxk2vxZRVScS7PE8mIrkX/72x
< x-amz-request-id: XQ43SVW2BGHT68XN
< x-amz-storage-class: INTELLIGENT_TIERING
< x-amz-version-id: F7ts3G8xy9VRJwtdAWj6DJ32YZxf5Rpg
< X-Robots-Tag: noindex
< Connection: keep-alive
< Elapsed: 00:05.509265


DEBUG conda.gateways.repodata:fetch_latest(890): 304 NOT MODIFIED for 'https://repo.anaconda.com/pkgs/r/linux-64/repodata.json'. Updating mtime and loading from disk
DEBUG urllib3.connectionpool:_make_request(473): https://repo.anaconda.com:443 "GET /pkgs/main/linux-64/repodata.json HTTP/1.1" 304 0
DEBUG conda.gateways.repodata:read_cache(940): Loading raw json for https://repo.anaconda.com/pkgs/r/linux-64/repodata.json at /home/xushijie/.conda/pkgs/cache/2ce54b42.json
DEBUG urllib3.connectionpool:_make_request(473): https://repo.anaconda.com:443 "GET /pkgs/r/noarch/repodata.json HTTP/1.1" 304 0
DEBUG conda.gateways.repodata:repodata(152): 
>>GET /pkgs/r/noarch/repodata.json HTTPS
> User-Agent: conda/23.5.2 requests/2.29.0 CPython/3.9.17 Linux/6.1.170-1.el9.elrepo.x86_64 rocky/9.7 glibc/2.34
> Accept: */*
> Accept-Encoding: gzip, deflate, br
> Connection: keep-alive
> If-Modified-Since: Thu, 06 Feb 2025 18:07:12 GMT
> If-None-Match: W/"5fb2c14e21bd4559f0cf025334a5e8d5"

<<HTTPS 304 Not Modified
< Age: 2061867
< Cache-Control: public, max-age=30
< CF-Cache-Status: HIT
< CF-Ray: a1e37e033a38489a-LAX
< Content-Security-Policy: upgrade-insecure-requests; frame-ancestors 'self' https://content.anaconda.com/
< Date: Mon, 20 Jul 2026 16:55:13 GMT
< ETag: "5fb2c14e21bd4559f0cf025334a5e8d5"
< Expires: Mon, 20 Jul 2026 16:55:43 GMT
< Last-Modified: Thu, 06 Feb 2025 18:07:12 GMT
< Server: cloudflare
< set-cookie: __cf_bm=3qwFx8wkkMAYnuf9EIIpyZUtwX9Fe11fdwfX17W.e4g-1784566513.1548502-1.0.1.1-7GzkA3_oyp5aWktr73_aTecUxTc6yG9m_sHKpoi3YNAwgOyha58MptetDZdCyEwvlQHjO1spLEgL2TR7WO4hJrDBpuALYxeszdP3i4LOoNS6v93uskSvQeRn_gM5XchB; HttpOnly; SameSite=None; Secure; Path=/; Domain=anaconda.com; Expires=Mon, 20 Jul 2026 17:25:13 GMT
< x-amz-id-2: m8H5LuylLcaM0SfxRzyKUxaOIuVNCvfN7xBvmWJu+I/wfLZSZrayUnt7kHUv6y5sZvppFlc9Jkbq6T09nnWAsVEKkQFWowqt
< x-amz-request-id: XQ4DSH58MCHKX3D8
< x-amz-storage-class: INTELLIGENT_TIERING
< x-amz-version-id: 0cnX7laIK2.eoagxyXEpe4owc.4q4WH6
< X-Robots-Tag: noindex
< Connection: keep-alive
< Elapsed: 00:05.507874


DEBUG conda.gateways.repodata:fetch_latest(890): 304 NOT MODIFIED for 'https://repo.anaconda.com/pkgs/r/noarch/repodata.json'. Updating mtime and loading from disk
DEBUG conda.gateways.repodata:repodata(152): 
>>GET /pkgs/main/linux-64/repodata.json HTTPS
> User-Agent: conda/23.5.2 requests/2.29.0 CPython/3.9.17 Linux/6.1.170-1.el9.elrepo.x86_64 rocky/9.7 glibc/2.34
> Accept: */*
> Accept-Encoding: gzip, deflate, br
> Connection: keep-alive
> If-Modified-Since: Mon, 20 Jul 2026 16:33:33 GMT
> If-None-Match: W/"aa5ef09ddbfe69c2e68482e6cc34d963"

<<HTTPS 304 Not Modified
< Age: 1283
< Cache-Control: public, max-age=30
< CF-Cache-Status: HIT
< CF-Ray: a1e37e031cf90900-LAX
< Content-Security-Policy: upgrade-insecure-requests; frame-ancestors 'self' https://content.anaconda.com/
< Date: Mon, 20 Jul 2026 16:55:13 GMT
< ETag: "aa5ef09ddbfe69c2e68482e6cc34d963"
< Expires: Mon, 20 Jul 2026 16:55:43 GMT
< Last-Modified: Mon, 20 Jul 2026 16:33:33 GMT
< Server: cloudflare
< set-cookie: __cf_bm=ofu.wgxPJEK8lhu8YFcUMJt7DZ8I_TOHct.JYyaBVBo-1784566513.1374578-1.0.1.1-vTRt9YK3ooiXSMKT9fhOpVELaxobK0ozaBMf3jxnFHdiVo0_atXRsRkk7RAoGhl7hDjZw_FX6riwGsYR1ay9gs_VJGEKj6ae350yuFN6wNd7.OGpk3qweK6x4Ns6iuWW; HttpOnly; SameSite=None; Secure; Path=/; Domain=anaconda.com; Expires=Mon, 20 Jul 2026 17:25:13 GMT
< x-amz-id-2: 4caLZFMknMdqiMK6HUbhD46urkoPJuehHiZrw02EOAxCGxLiiE96+axn/0fsOpxsVY/9NTmT4BIJ8+rpH6D0Yv/IdFWVNH3K
< x-amz-request-id: M8V09SGZRZ056V92
< x-amz-version-id: IVZHx7vW4C1.A1GIpRvRQX0BpoZ9I9Xf
< X-Robots-Tag: noindex
< Connection: keep-alive
< Elapsed: 00:05.515992


DEBUG conda.gateways.repodata:fetch_latest(890): 304 NOT MODIFIED for 'https://repo.anaconda.com/pkgs/main/linux-64/repodata.json'. Updating mtime and loading from disk
DEBUG conda.gateways.repodata:read_cache(940): Loading raw json for https://repo.anaconda.com/pkgs/main/linux-64/repodata.json at /home/xushijie/.conda/pkgs/cache/47929eba.json
DEBUG conda.gateways.repodata:read_cache(940): Loading raw json for https://repo.anaconda.com/pkgs/r/noarch/repodata.json at /home/xushijie/.conda/pkgs/cache/4ea078d6.json
DEBUG urllib3.connectionpool:_make_request(473): https://conda.anaconda.org:443 "GET /conda-forge/linux-64/repodata.json HTTP/1.1" 200 None
DEBUG conda.gateways.repodata:read_cache(940): Loading raw json for https://repo.anaconda.com/pkgs/main/noarch/repodata.json at /home/xushijie/.conda/pkgs/cache/3e39a7aa.json
DEBUG conda.gateways.repodata:repodata(152): 
>>GET /conda-forge/linux-64/repodata.json HTTPS
> User-Agent: conda/23.5.2 requests/2.29.0 CPython/3.9.17 Linux/6.1.170-1.el9.elrepo.x86_64 rocky/9.7 glibc/2.34
> Accept: */*
> Accept-Encoding: gzip, deflate, br
> Connection: keep-alive

<<HTTPS 200 OK
< Age: 193
< Cache-Control: public, max-age=1200
< CF-Cache-Status: HIT
< CF-Ray: a1e37e033a238f16-LAS
< Content-Encoding: gzip
< Content-Type: application/json
< Date: Mon, 20 Jul 2026 16:55:13 GMT
< ETag: W/"c9a6593227f92306307282c4b218085f"
< Expires: Mon, 20 Jul 2026 17:15:13 GMT
< Last-Modified: Mon, 20 Jul 2026 16:37:43 GMT
< Server: cloudflare
< set-cookie: __cf_bm=h7eOKcoz1e_TuW3dUDMcuHXOY1MDp1KkobtOGunzXEs-1784566513.1592689-1.0.1.1-Q0R_wbo1xgMgfw0llHihXHuXzsithEj60Q1_9jdW6DjKgdX5N9nDmz5lgXmLVDMPHAn8vF4P0uSAldAgSEwV4sV_0L8fEKvxv.UVTO3u3_jnFu.UsYvD5ZGOYch7vN5NrA5qXXHc72Soo.8cW5QPew; HttpOnly; SameSite=None; Secure; Path=/; Domain=anaconda.org; Expires=Mon, 20 Jul 2026 17:25:13 GMT
< Strict-Transport-Security: max-age=15552000
< Transfer-Encoding: chunked
< x-amz-id-2: HS8lYytjELcPWkBL2lP55nzqsLS/qSLUcZ+qrmWWXLGKEFvKsLSlDH0cCxESktp/18+unwxZwO0=
< x-amz-request-id: WX9YRGMFY8QHD0WB
< x-amz-version-id: J1maTlvAORrXBJoqq_oVJm8mXXwUoK3_
< Connection: keep-alive
< Elapsed: 00:05.525749

{
  "info": {
    "subdir": "linux-64"
  },
  "packages": {
    "21cmfast-3.0.2-py36h1af98f8_1.tar.bz2": {
      "build": "py36h1af98f8_1",
      "build_number": 1,
      "depends": [
        "_openmp_mutex >=4.5",
        "astropy >=2.0",
        "cached-


WARNING conda.models.version:get_matcher(548): Using .* with relational operator is superfluous and deprecated and will be removed in a future version of conda. Your spec was 1.6.0.*, but conda is ignoring the .* and treating it as 1.6.0
WARNING conda.models.version:get_matcher(548): Using .* with relational operator is superfluous and deprecated and will be removed in a future version of conda. Your spec was 1.9.0.*, but conda is ignoring the .* and treating it as 1.9.0
WARNING conda.models.version:get_matcher(548): Using .* with relational operator is superfluous and deprecated and will be removed in a future version of conda. Your spec was 1.8.0.*, but conda is ignoring the .* and treating it as 1.8.0
WARNING conda.models.version:get_matcher(548): Using .* with relational operator is superfluous and deprecated and will be removed in a future version of conda. Your spec was 1.7.1.*, but conda is ignoring the .* and treating it as 1.7.1
DEBUG conda.resolve:__init__(128): restricting to unmanageable packages: __archspec
DEBUG conda.resolve:__init__(128): restricting to unmanageable packages: __cuda
DEBUG conda.resolve:__init__(128): restricting to unmanageable packages: __glibc
DEBUG conda.resolve:__init__(128): restricting to unmanageable packages: __linux
DEBUG conda.resolve:__init__(128): restricting to unmanageable packages: __unix
done
Solving environment: ...working... DEBUG conda.resolve:get_reduced_index(669): Retrieving packages for: 
  - accelerate=0.13.2
  - av=10.0.0
  - boto3=1.24.96
  - cffi=1.15.1
  - click=8.0.4
  - cmake=3.24.3
  - cudatoolkit=11.6
  - cython=0.29.32
  - datasets=2.6.1
  - diffusers=0.11.1
  - dill=0.3.5.1
  - einops=0.4.1
  - gym=0.21.0
  - h5py=3.7.0
  - hydra-core=1.2.0
  - imagecodecs==2022.8.8
  - imageio-ffmpeg=0.4.7
  - imageio=2.22.0
  - ipykernel=6.16
  - llvm-openmp=14
  - matplotlib=3.6.1
  - numba==0.56.4
  - numcodecs=0.10.2
  - numpy=1.23.3
  - pip=22.2.2
  - psutil=5.9.2
  - py-opencv=4.6.0
  - pymunk=6.2.1
  - python=3.9
  - pytorch3d=0.7.0
  - pytorch=1.12.1
  - scikit-image=0.19.3
  - scikit-video=1.1.11
  - scipy==1.9.1
  - shapely=1.8.4
  - tensorboard=2.10.1
  - tensorboardx=2.5.1
  - termcolor=2.0.1
  - threadpoolctl=3.1.0
  - torchvision=0.13.1
  - tqdm=4.64.1
  - wandb=0.13.3
  - zarr=2.12.0
DEBUG conda.resolve:filter_group(744): zarr: pruned from 133 -> 1
DEBUG conda.resolve:filter_group(744): python: pruned from 758 -> 91
DEBUG conda.resolve:filter_group(744): pip: pruned from 351 -> 2
DEBUG conda.resolve:filter_group(744): setuptools: pruned from 1156 -> 196
DEBUG conda.resolve:filter_group(744): wheel: pruned from 188 -> 40
DEBUG conda.resolve:filter_group(744): fasteners: pruned from 27 -> 16
DEBUG conda.resolve:filter_group(744): numcodecs: pruned from 257 -> 2
DEBUG conda.resolve:filter_group(744): entrypoints: pruned from 62 -> 6
DEBUG conda.resolve:filter_group(744): libgcc-ng: pruned from 218 -> 121
DEBUG conda.resolve:filter_group(744): libstdcxx-ng: pruned from 220 -> 121
DEBUG conda.resolve:filter_group(744): msgpack-python: pruned from 242 -> 38
DEBUG conda.resolve:filter_group(744): numpy: pruned from 1648 -> 6
DEBUG conda.resolve:filter_group(744): typing-extensions: pruned from 101 -> 57
DEBUG conda.resolve:filter_group(744): typing_extensions: pruned from 135 -> 47
DEBUG conda.resolve:filter_group(744): wandb: pruned from 271 -> 1
DEBUG conda.resolve:filter_group(744): click: pruned from 165 -> 2
DEBUG conda.resolve:filter_group(744): docker-pycreds: pruned from 18 -> 3
DEBUG conda.resolve:filter_group(744): six: pruned from 74 -> 13
DEBUG conda.resolve:filter_group(744): gitpython: pruned from 147 -> 73
DEBUG conda.resolve:filter_group(744): pathtools: pruned from 7 -> 3
DEBUG conda.resolve:filter_group(744): promise: pruned from 86 -> 14
DEBUG conda.resolve:filter_group(744): protobuf: pruned from 816 -> 51
DEBUG conda.resolve:filter_group(744): libprotobuf: pruned from 195 -> 40
DEBUG conda.resolve:filter_group(744): psutil: pruned from 384 -> 2
DEBUG conda.resolve:filter_group(744): libgcc-ng: pruned from 121 -> 91
DEBUG conda.resolve:filter_group(744): python_abi: pruned from 125 -> 15
DEBUG conda.resolve:filter_group(744): pyyaml: pruned from 243 -> 35
DEBUG conda.resolve:filter_group(744): requests: pruned from 212 -> 38
DEBUG conda.resolve:filter_group(744): certifi: pruned from 402 -> 66
DEBUG conda.resolve:filter_group(744): urllib3: pruned from 288 -> 70
DEBUG conda.resolve:filter_group(744): sentry-sdk: pruned from 237 -> 138
DEBUG conda.resolve:filter_group(744): setproctitle: pruned from 161 -> 28
DEBUG conda.resolve:filter_group(744): shortuuid: pruned from 56 -> 18
DEBUG conda.resolve:filter_group(744): tqdm: pruned from 319 -> 2
DEBUG conda.resolve:filter_group(744): torchvision: pruned from 1513 -> 5
DEBUG conda.resolve:filter_group(744): pillow: pruned from 688 -> 93
DEBUG conda.resolve:filter_group(744): lcms2: pruned from 27 -> 24
DEBUG conda.resolve:filter_group(744): libtiff: pruned from 87 -> 65
DEBUG conda.resolve:filter_group(744): zstd: pruned from 63 -> 47
DEBUG conda.resolve:filter_group(744): pytorch: pruned from 2891 -> 13
DEBUG conda.resolve:filter_group(744): threadpoolctl: pruned from 26 -> 1
DEBUG conda.resolve:filter_group(744): termcolor: pruned from 46 -> 2
DEBUG conda.resolve:filter_group(744): tensorboardx: pruned from 31 -> 1
DEBUG conda.resolve:filter_group(744): protobuf: pruned from 51 -> 44
DEBUG conda.resolve:filter_group(744): libprotobuf: pruned from 40 -> 37
DEBUG conda.resolve:filter_group(744): libstdcxx-ng: pruned from 121 -> 115
DEBUG conda.resolve:filter_group(744): tensorboard: pruned from 181 -> 1
DEBUG conda.resolve:filter_group(744): absl-py: pruned from 162 -> 31
DEBUG conda.resolve:filter_group(744): google-auth-oauthlib: pruned from 57 -> 12
DEBUG conda.resolve:filter_group(744): google-auth: pruned from 218 -> 166
DEBUG conda.resolve:filter_group(744): cachetools: pruned from 70 -> 30
DEBUG conda.resolve:filter_group(744): pyasn1-modules: pruned from 49 -> 17
DEBUG conda.resolve:filter_group(744): pyasn1: pruned from 79 -> 24
DEBUG conda.resolve:filter_group(744): rsa: pruned from 24 -> 20
DEBUG conda.resolve:filter_group(744): requests-oauthlib: pruned from 39 -> 12
DEBUG conda.resolve:filter_group(744): oauthlib: pruned from 54 -> 22
DEBUG conda.resolve:filter_group(744): google-auth: pruned from 166 -> 157
DEBUG conda.resolve:filter_group(744): pyasn1-modules: pruned from 17 -> 15
DEBUG conda.resolve:filter_group(744): pyasn1: pruned from 24 -> 20
DEBUG conda.resolve:filter_group(744): grpcio: pruned from 946 -> 170
DEBUG conda.resolve:filter_group(744): markdown: pruned from 90 -> 28
DEBUG conda.resolve:filter_group(744): tensorboard-data-server: pruned from 94 -> 13
DEBUG conda.resolve:filter_group(744): tensorboard-plugin-wit: pruned from 9 -> 6
DEBUG conda.resolve:filter_group(744): werkzeug: pruned from 115 -> 46
DEBUG conda.resolve:filter_group(744): shapely: pruned from 472 -> 3
DEBUG conda.resolve:filter_group(744): geos: pruned from 46 -> 4
DEBUG conda.resolve:filter_group(744): scipy: pruned from 891 -> 3
DEBUG conda.resolve:filter_group(744): libgfortran5: pruned from 183 -> 131
DEBUG conda.resolve:filter_group(744): scikit-video: pruned from 3 -> 2
DEBUG conda.resolve:filter_group(744): scikit-image: pruned from 323 -> 6
DEBUG conda.resolve:filter_group(744): imageio: pruned from 144 -> 1
DEBUG conda.resolve:filter_group(744): pillow: pruned from 93 -> 77
DEBUG conda.resolve:filter_group(744): lcms2: pruned from 24 -> 21
DEBUG conda.resolve:filter_group(744): networkx: pruned from 114 -> 44
DEBUG conda.resolve:filter_group(744): packaging: pruned from 107 -> 41
DEBUG conda.resolve:filter_group(744): pywavelets: pruned from 220 -> 20
DEBUG conda.resolve:filter_group(744): tifffile: pruned from 275 -> 102
DEBUG conda.resolve:filter_group(744): pytorch3d: pruned from 1417 -> 3
DEBUG conda.resolve:filter_group(744): cudatoolkit: pruned from 132 -> 9
DEBUG conda.resolve:filter_group(744): portalocker: pruned from 215 -> 39
DEBUG conda.resolve:filter_group(744): tabulate: pruned from 60 -> 17
DEBUG conda.resolve:filter_group(744): yacs: pruned from 13 -> 6
DEBUG conda.resolve:filter_group(744): dataclasses: pruned from 22 -> 5
DEBUG conda.resolve:filter_group(744): python_abi: pruned from 15 -> 8
DEBUG conda.resolve:filter_group(744): pytorch: pruned from 13 -> 7
DEBUG conda.resolve:filter_group(744): python: pruned from 91 -> 85
DEBUG conda.resolve:filter_group(744): ncurses: pruned from 44 -> 24
DEBUG conda.resolve:filter_group(744): openssl: pruned from 201 -> 143
DEBUG conda.resolve:filter_group(744): ca-certificates: pruned from 117 -> 104
DEBUG conda.resolve:filter_group(744): readline: pruned from 25 -> 14
DEBUG conda.resolve:filter_group(744): tk: pruned from 46 -> 24
DEBUG conda.resolve:filter_group(744): torchvision: pruned from 5 -> 3
DEBUG conda.resolve:filter_group(744): numpy: pruned from 6 -> 5
DEBUG conda.resolve:filter_group(744): pillow: pruned from 77 -> 53
DEBUG conda.resolve:filter_group(744): pymunk: pruned from 169 -> 4
DEBUG conda.resolve:filter_group(744): cffi: pruned from 314 -> 9
DEBUG conda.resolve:filter_group(744): libffi: pruned from 39 -> 26
DEBUG conda.resolve:filter_group(744): pycparser: pruned from 55 -> 15
DEBUG conda.resolve:filter_group(744): python: pruned from 85 -> 81
DEBUG conda.resolve:filter_group(744): py-opencv: pruned from 1429 -> 15
DEBUG conda.resolve:filter_group(744): psutil: pruned from 2 -> 1
DEBUG conda.resolve:filter_group(744): numba: pruned from 462 -> 3
DEBUG conda.resolve:filter_group(744): llvmlite: pruned from 401 -> 5
DEBUG conda.resolve:filter_group(744): libllvm11: pruned from 14 -> 10
DEBUG conda.resolve:filter_group(744): setuptools: pruned from 196 -> 163
DEBUG conda.resolve:filter_group(744): matplotlib: pruned from 495 -> 2
DEBUG conda.resolve:filter_group(744): matplotlib-base: pruned from 480 -> 2
DEBUG conda.resolve:filter_group(744): certifi: pruned from 66 -> 62
DEBUG conda.resolve:filter_group(744): contourpy: pruned from 187 -> 22
DEBUG conda.resolve:filter_group(744): cycler: pruned from 31 -> 8
DEBUG conda.resolve:filter_group(744): fonttools: pruned from 638 -> 116
DEBUG conda.resolve:filter_group(744): freetype: pruned from 48 -> 13
DEBUG conda.resolve:filter_group(744): kiwisolver: pruned from 201 -> 22
DEBUG conda.resolve:filter_group(744): libstdcxx-ng: pruned from 115 -> 91
DEBUG conda.resolve:filter_group(744): pyparsing: pruned from 113 -> 47
DEBUG conda.resolve:filter_group(744): python-dateutil: pruned from 65 -> 19
DEBUG conda.resolve:filter_group(744): tk: pruned from 24 -> 16
DEBUG conda.resolve:filter_group(744): pyqt: pruned from 232 -> 26
DEBUG conda.resolve:filter_group(744): tornado: pruned from 349 -> 29
DEBUG conda.resolve:filter_group(744): llvm-openmp: pruned from 105 -> 6
DEBUG conda.resolve:filter_group(744): ipykernel: pruned from 524 -> 3
DEBUG conda.resolve:filter_group(744): debugpy: pruned from 297 -> 45
DEBUG conda.resolve:filter_group(744): ipython: pruned from 623 -> 63
DEBUG conda.resolve:filter_group(744): decorator: pruned from 74 -> 30
DEBUG conda.resolve:filter_group(744): jedi: pruned from 226 -> 21
DEBUG conda.resolve:filter_group(744): parso: pruned from 82 -> 15
DEBUG conda.resolve:filter_group(744): matplotlib-inline: pruned from 31 -> 13
DEBUG conda.resolve:filter_group(744): traitlets: pruned from 101 -> 38
DEBUG conda.resolve:filter_group(744): pexpect: pruned from 88 -> 6
DEBUG conda.resolve:filter_group(744): ptyprocess: pruned from 29 -> 6
DEBUG conda.resolve:filter_group(744): pickleshare: pruned from 46 -> 4
DEBUG conda.resolve:filter_group(744): pygments: pruned from 97 -> 51
DEBUG conda.resolve:filter_group(744): jupyter_client: pruned from 203 -> 58
DEBUG conda.resolve:filter_group(744): jupyter_core: pruned from 312 -> 54
DEBUG conda.resolve:filter_group(744): pyzmq: pruned from 486 -> 63
DEBUG conda.resolve:filter_group(744): zeromq: pruned from 66 -> 33
DEBUG conda.resolve:filter_group(744): libsodium: pruned from 26 -> 14
DEBUG conda.resolve:filter_group(744): nest-asyncio: pruned from 45 -> 31
DEBUG conda.resolve:filter_group(744): tornado: pruned from 29 -> 25
DEBUG conda.resolve:filter_group(744): traitlets: pruned from 38 -> 28
DEBUG conda.resolve:filter_group(744): imageio-ffmpeg: pruned from 16 -> 1
DEBUG conda.resolve:filter_group(744): ffmpeg: pruned from 696 -> 684
DEBUG conda.resolve:filter_group(744): imagecodecs: pruned from 558 -> 4
DEBUG conda.resolve:filter_group(744): blosc: pruned from 56 -> 13
DEBUG conda.resolve:filter_group(744): bzip2: pruned from 22 -> 13
DEBUG conda.resolve:filter_group(744): c-blosc2: pruned from 76 -> 25
DEBUG conda.resolve:filter_group(744): lz4-c: pruned from 35 -> 9
DEBUG conda.resolve:filter_group(744): zlib-ng: pruned from 18 -> 4
DEBUG conda.resolve:filter_group(744): zstd: pruned from 47 -> 24
DEBUG conda.resolve:filter_group(744): cfitsio: pruned from 40 -> 1
DEBUG conda.resolve:filter_group(744): libcurl: pruned from 152 -> 89
DEBUG conda.resolve:filter_group(744): libnghttp2: pruned from 35 -> 27
DEBUG conda.resolve:filter_group(744): c-ares: pruned from 54 -> 40
DEBUG conda.resolve:filter_group(744): libev: pruned from 10 -> 5
DEBUG conda.resolve:filter_group(744): openssl: pruned from 143 -> 134
DEBUG conda.resolve:filter_group(744): libssh2: pruned from 35 -> 23
DEBUG conda.resolve:filter_group(744): libgfortran-ng: pruned from 210 -> 160
DEBUG conda.resolve:filter_group(744): charls: pruned from 18 -> 1
DEBUG conda.resolve:filter_group(744): giflib: pruned from 24 -> 11
DEBUG conda.resolve:filter_group(744): jpeg: pruned from 19 -> 9
DEBUG conda.resolve:filter_group(744): jxrlib: pruned from 7 -> 6
DEBUG conda.resolve:filter_group(744): lerc: pruned from 15 -> 6
DEBUG conda.resolve:filter_group(744): libaec: pruned from 19 -> 10
DEBUG conda.resolve:filter_group(744): libavif: pruned from 53 -> 3
DEBUG conda.resolve:filter_group(744): aom: pruned from 22 -> 5
DEBUG conda.resolve:filter_group(744): libbrotlicommon: pruned from 16 -> 8
DEBUG conda.resolve:filter_group(744): libbrotlidec: pruned from 16 -> 8
DEBUG conda.resolve:filter_group(744): libbrotlienc: pruned from 16 -> 8
DEBUG conda.resolve:filter_group(744): libdeflate: pruned from 31 -> 16
DEBUG conda.resolve:filter_group(744): libpng: pruned from 52 -> 30
DEBUG conda.resolve:filter_group(744): libtiff: pruned from 65 -> 4
DEBUG conda.resolve:filter_group(744): libwebp-base: pruned from 27 -> 16
DEBUG conda.resolve:filter_group(744): libzlib: pruned from 19 -> 16
DEBUG conda.resolve:filter_group(744): xz: pruned from 34 -> 23
DEBUG conda.resolve:filter_group(744): openjpeg: pruned from 44 -> 7
DEBUG conda.resolve:filter_group(744): snappy: pruned from 34 -> 7
DEBUG conda.resolve:filter_group(744): zfp: pruned from 26 -> 14
DEBUG conda.resolve:filter_group(744): hydra-core: pruned from 13 -> 1
DEBUG conda.resolve:filter_group(744): antlr-python-runtime: pruned from 88 -> 8
DEBUG conda.resolve:filter_group(744): importlib_resources: pruned from 268 -> 71
DEBUG conda.resolve:filter_group(744): omegaconf: pruned from 88 -> 3
DEBUG conda.resolve:filter_group(744): pyyaml: pruned from 35 -> 28
DEBUG conda.resolve:filter_group(744): h5py: pruned from 897 -> 11
DEBUG conda.resolve:filter_group(744): hdf5: pruned from 332 -> 71
DEBUG conda.resolve:filter_group(744): gym: pruned from 54 -> 3
DEBUG conda.resolve:filter_group(744): cloudpickle: pruned from 125 -> 30
DEBUG conda.resolve:filter_group(744): einops: pruned from 19 -> 1
DEBUG conda.resolve:filter_group(744): dill: pruned from 110 -> 1
DEBUG conda.resolve:filter_group(744): diffusers: pruned from 119 -> 1
DEBUG conda.resolve:filter_group(744): filelock: pruned from 151 -> 62
DEBUG conda.resolve:filter_group(744): huggingface_hub: pruned from 236 -> 125
DEBUG conda.resolve:filter_group(744): importlib-metadata: pruned from 376 -> 92
DEBUG conda.resolve:filter_group(744): zipp: pruned from 105 -> 70
DEBUG conda.resolve:filter_group(744): pillow: pruned from 53 -> 19
DEBUG conda.resolve:filter_group(744): lcms2: pruned from 21 -> 4
DEBUG conda.resolve:filter_group(744): regex: pruned from 858 -> 74
DEBUG conda.resolve:filter_group(744): datasets: pruned from 145 -> 2
DEBUG conda.resolve:filter_group(744): aiohttp: pruned from 647 -> 135
DEBUG conda.resolve:filter_group(744): attrs: pruned from 112 -> 41
DEBUG conda.resolve:filter_group(744): multidict: pruned from 283 -> 46
DEBUG conda.resolve:filter_group(744): yarl: pruned from 346 -> 51
DEBUG conda.resolve:filter_group(744): idna: pruned from 91 -> 25
DEBUG conda.resolve:filter_group(744): fsspec: pruned from 217 -> 69
DEBUG conda.resolve:filter_group(744): huggingface_hub: pruned from 125 -> 107
DEBUG conda.resolve:filter_group(744): packaging: pruned from 41 -> 30
DEBUG conda.resolve:filter_group(744): typing-extensions: pruned from 57 -> 47
DEBUG conda.resolve:filter_group(744): multiprocess: pruned from 214 -> 14
DEBUG conda.resolve:filter_group(744): pandas: pruned from 700 -> 86
DEBUG conda.resolve:filter_group(744): python-dateutil: pruned from 19 -> 16
DEBUG conda.resolve:filter_group(744): pytz: pruned from 126 -> 46
DEBUG conda.resolve:filter_group(744): pyarrow: pruned from 7360 -> 1109
DEBUG conda.resolve:filter_group(744): python-xxhash: pruned from 166 -> 18
DEBUG conda.resolve:filter_group(744): responses: pruned from 83 -> 23
DEBUG conda.resolve:filter_group(744): cython: pruned from 732 -> 3
DEBUG conda.resolve:filter_group(744): cmake: pruned from 183 -> 1
DEBUG conda.resolve:filter_group(744): expat: pruned from 67 -> 30
DEBUG conda.resolve:filter_group(744): libcurl: pruned from 89 -> 73
DEBUG conda.resolve:filter_group(744): libssh2: pruned from 23 -> 17
DEBUG conda.resolve:filter_group(744): openssl: pruned from 134 -> 118
DEBUG conda.resolve:filter_group(744): libzlib: pruned from 16 -> 11
DEBUG conda.resolve:filter_group(744): ncurses: pruned from 24 -> 17
DEBUG conda.resolve:filter_group(744): rhash: pruned from 27 -> 20
DEBUG conda.resolve:filter_group(744): xz: pruned from 23 -> 19
DEBUG conda.resolve:filter_group(744): zlib: pruned from 44 -> 36
DEBUG conda.resolve:filter_group(744): boto3: pruned from 2298 -> 1
DEBUG conda.resolve:filter_group(744): botocore: pruned from 2804 -> 1
DEBUG conda.resolve:filter_group(744): jmespath: pruned from 44 -> 12
DEBUG conda.resolve:filter_group(744): urllib3: pruned from 70 -> 41
DEBUG conda.resolve:filter_group(744): pysocks: pruned from 87 -> 8
DEBUG conda.resolve:filter_group(744): s3transfer: pruned from 194 -> 4
DEBUG conda.resolve:filter_group(744): av: pruned from 346 -> 6
DEBUG conda.resolve:filter_group(744): ffmpeg: pruned from 684 -> 65
DEBUG conda.resolve:filter_group(744): gmp: pruned from 23 -> 8
DEBUG conda.resolve:filter_group(744): gnutls: pruned from 34 -> 9
DEBUG conda.resolve:filter_group(744): nettle: pruned from 22 -> 7
DEBUG conda.resolve:filter_group(744): lame: pruned from 10 -> 8
DEBUG conda.resolve:filter_group(744): libva: pruned from 39 -> 19
DEBUG conda.resolve:filter_group(744): libdrm: pruned from 30 -> 14
DEBUG conda.resolve:filter_group(744): libpciaccess: pruned from 11 -> 6
DEBUG conda.resolve:filter_group(744): libvpx: pruned from 17 -> 8
DEBUG conda.resolve:filter_group(744): libxml2: pruned from 161 -> 77
DEBUG conda.resolve:filter_group(744): openh264: pruned from 22 -> 10
DEBUG conda.resolve:filter_group(744): svt-av1: pruned from 29 -> 9
DEBUG conda.resolve:filter_group(744): accelerate: pruned from 75 -> 1
DEBUG conda.resolve:filter_group(744): shapely: pruned from 3 -> 2
DEBUG conda.resolve:filter_group(744): scikit-image: pruned from 6 -> 4
DEBUG conda.resolve:filter_group(744): cytoolz: pruned from 165 -> 19
DEBUG conda.resolve:filter_group(744): toolz: pruned from 58 -> 19
DEBUG conda.resolve:filter_group(744): dask-core: pruned from 447 -> 193
DEBUG conda.resolve:filter_group(744): pywavelets: pruned from 20 -> 15
DEBUG conda.resolve:filter_group(744): tifffile: pruned from 102 -> 75
DEBUG conda.resolve:filter_group(744): pytorch3d: pruned from 3 -> 1
DEBUG conda.resolve:filter_group(744): asciitree: pruned from 17 -> 3
DEBUG conda.resolve:filter_group(744): msgpack-python: pruned from 38 -> 24
DEBUG conda.resolve:filter_group(744): promise: pruned from 14 -> 11
DEBUG conda.resolve:filter_group(744): protobuf: pruned from 44 -> 38
DEBUG conda.resolve:filter_group(744): setproctitle: pruned from 28 -> 21
DEBUG conda.resolve:filter_group(744): shortuuid: pruned from 18 -> 16
DEBUG conda.resolve:filter_group(744): google-auth: pruned from 157 -> 156
DEBUG conda.resolve:filter_group(744): grpcio: pruned from 170 -> 151
DEBUG conda.resolve:filter_group(744): tensorboard-data-server: pruned from 13 -> 9
DEBUG conda.resolve:filter_group(744): blosc: pruned from 13 -> 10
DEBUG conda.resolve:filter_group(744): brunsli: pruned from 6 -> 3
DEBUG conda.resolve:filter_group(744): brotli: pruned from 46 -> 23
DEBUG conda.resolve:filter_group(744): libnghttp2: pruned from 27 -> 25
DEBUG conda.core.solve:_add_specs(822): specs_map with targets: {'__archspec': MatchSpec("__archspec"), '__cuda': MatchSpec("__cuda"), '__glibc': MatchSpec("__glibc"), '__linux': MatchSpec("__linux"), '__unix': MatchSpec("__unix")}
DEBUG conda.resolve:bad_installed(1278): Checking if the current environment is consistent
DEBUG conda.core.solve:_find_inconsistent_packages(645): inconsistent precs: None
DEBUG conda.resolve:get_reduced_index(669): Retrieving packages for: 
  - __archspec
  - __cuda
  - __glibc
  - __linux
  - __unix
  - accelerate=0.13.2
  - av=10.0.0
  - boto3=1.24.96
  - cffi=1.15.1
  - click=8.0.4
  - cmake=3.24.3
  - cudatoolkit=11.6
  - cython=0.29.32
  - datasets=2.6.1
  - diffusers=0.11.1
  - dill=0.3.5.1
  - einops=0.4.1
  - gym=0.21.0
  - h5py=3.7.0
  - hydra-core=1.2.0
  - imagecodecs==2022.8.8
  - imageio-ffmpeg=0.4.7
  - imageio=2.22.0
  - ipykernel=6.16
  - llvm-openmp=14
  - matplotlib=3.6.1
  - numba==0.56.4
  - numcodecs=0.10.2
  - numpy=1.23.3
  - pip=22.2.2
  - psutil=5.9.2
  - py-opencv=4.6.0
  - pymunk=6.2.1
  - python=3.9
  - pytorch3d=0.7.0
  - pytorch=1.12.1
  - scikit-image=0.19.3
  - scikit-video=1.1.11
  - scipy==1.9.1
  - shapely=1.8.4
  - tensorboard=2.10.1
  - tensorboardx=2.5.1
  - termcolor=2.0.1
  - threadpoolctl=3.1.0
  - torchvision=0.13.1
  - tqdm=4.64.1
  - wandb=0.13.3
  - zarr=2.12.0
DEBUG conda.resolve:filter_group(744): zarr: pruned from 133 -> 1
DEBUG conda.resolve:filter_group(744): python: pruned from 758 -> 91
DEBUG conda.resolve:filter_group(744): pip: pruned from 351 -> 2
DEBUG conda.resolve:filter_group(744): setuptools: pruned from 1156 -> 196
DEBUG conda.resolve:filter_group(744): wheel: pruned from 188 -> 40
DEBUG conda.resolve:filter_group(744): fasteners: pruned from 27 -> 16
DEBUG conda.resolve:filter_group(744): numcodecs: pruned from 257 -> 2
DEBUG conda.resolve:filter_group(744): entrypoints: pruned from 62 -> 6
DEBUG conda.resolve:filter_group(744): libgcc-ng: pruned from 218 -> 121
DEBUG conda.resolve:filter_group(744): libstdcxx-ng: pruned from 220 -> 121
DEBUG conda.resolve:filter_group(744): msgpack-python: pruned from 242 -> 38
DEBUG conda.resolve:filter_group(744): numpy: pruned from 1648 -> 6
DEBUG conda.resolve:filter_group(744): typing-extensions: pruned from 101 -> 57
DEBUG conda.resolve:filter_group(744): typing_extensions: pruned from 135 -> 47
DEBUG conda.resolve:filter_group(744): wandb: pruned from 271 -> 1
DEBUG conda.resolve:filter_group(744): click: pruned from 165 -> 2
DEBUG conda.resolve:filter_group(744): docker-pycreds: pruned from 18 -> 3
DEBUG conda.resolve:filter_group(744): six: pruned from 74 -> 13
DEBUG conda.resolve:filter_group(744): gitpython: pruned from 147 -> 73
DEBUG conda.resolve:filter_group(744): pathtools: pruned from 7 -> 3
DEBUG conda.resolve:filter_group(744): promise: pruned from 86 -> 14
DEBUG conda.resolve:filter_group(744): protobuf: pruned from 816 -> 51
DEBUG conda.resolve:filter_group(744): libprotobuf: pruned from 195 -> 40
DEBUG conda.resolve:filter_group(744): psutil: pruned from 384 -> 2
DEBUG conda.resolve:filter_group(744): libgcc-ng: pruned from 121 -> 91
DEBUG conda.resolve:filter_group(744): python_abi: pruned from 125 -> 15
DEBUG conda.resolve:filter_group(744): pyyaml: pruned from 243 -> 35
DEBUG conda.resolve:filter_group(744): requests: pruned from 212 -> 38
DEBUG conda.resolve:filter_group(744): certifi: pruned from 402 -> 66
DEBUG conda.resolve:filter_group(744): urllib3: pruned from 288 -> 70
DEBUG conda.resolve:filter_group(744): sentry-sdk: pruned from 237 -> 138
DEBUG conda.resolve:filter_group(744): setproctitle: pruned from 161 -> 28
DEBUG conda.resolve:filter_group(744): shortuuid: pruned from 56 -> 18
DEBUG conda.resolve:filter_group(744): tqdm: pruned from 319 -> 2
DEBUG conda.resolve:filter_group(744): torchvision: pruned from 1513 -> 5
DEBUG conda.resolve:filter_group(744): pillow: pruned from 688 -> 93
DEBUG conda.resolve:filter_group(744): lcms2: pruned from 27 -> 24
DEBUG conda.resolve:filter_group(744): libtiff: pruned from 87 -> 65
DEBUG conda.resolve:filter_group(744): zstd: pruned from 63 -> 47
DEBUG conda.resolve:filter_group(744): pytorch: pruned from 2891 -> 13
DEBUG conda.resolve:filter_group(744): threadpoolctl: pruned from 26 -> 1
DEBUG conda.resolve:filter_group(744): termcolor: pruned from 46 -> 2
DEBUG conda.resolve:filter_group(744): tensorboardx: pruned from 31 -> 1
DEBUG conda.resolve:filter_group(744): protobuf: pruned from 51 -> 44
DEBUG conda.resolve:filter_group(744): libprotobuf: pruned from 40 -> 37
DEBUG conda.resolve:filter_group(744): libstdcxx-ng: pruned from 121 -> 115
DEBUG conda.resolve:filter_group(744): tensorboard: pruned from 181 -> 1
DEBUG conda.resolve:filter_group(744): absl-py: pruned from 162 -> 31
DEBUG conda.resolve:filter_group(744): google-auth-oauthlib: pruned from 57 -> 12
DEBUG conda.resolve:filter_group(744): google-auth: pruned from 218 -> 166
DEBUG conda.resolve:filter_group(744): cachetools: pruned from 70 -> 30
DEBUG conda.resolve:filter_group(744): pyasn1-modules: pruned from 49 -> 17
DEBUG conda.resolve:filter_group(744): pyasn1: pruned from 79 -> 24
DEBUG conda.resolve:filter_group(744): rsa: pruned from 24 -> 20
DEBUG conda.resolve:filter_group(744): requests-oauthlib: pruned from 39 -> 12
DEBUG conda.resolve:filter_group(744): oauthlib: pruned from 54 -> 22
DEBUG conda.resolve:filter_group(744): google-auth: pruned from 166 -> 157
DEBUG conda.resolve:filter_group(744): pyasn1-modules: pruned from 17 -> 15
DEBUG conda.resolve:filter_group(744): pyasn1: pruned from 24 -> 20
DEBUG conda.resolve:filter_group(744): grpcio: pruned from 946 -> 170
DEBUG conda.resolve:filter_group(744): markdown: pruned from 90 -> 28
DEBUG conda.resolve:filter_group(744): tensorboard-data-server: pruned from 94 -> 13
DEBUG conda.resolve:filter_group(744): tensorboard-plugin-wit: pruned from 9 -> 6
DEBUG conda.resolve:filter_group(744): werkzeug: pruned from 115 -> 46
DEBUG conda.resolve:filter_group(744): shapely: pruned from 472 -> 3
DEBUG conda.resolve:filter_group(744): geos: pruned from 46 -> 4
DEBUG conda.resolve:filter_group(744): scipy: pruned from 891 -> 3
DEBUG conda.resolve:filter_group(744): libgfortran5: pruned from 183 -> 131
DEBUG conda.resolve:filter_group(744): scikit-video: pruned from 3 -> 2
DEBUG conda.resolve:filter_group(744): scikit-image: pruned from 323 -> 6
DEBUG conda.resolve:filter_group(744): imageio: pruned from 144 -> 1
DEBUG conda.resolve:filter_group(744): pillow: pruned from 93 -> 77
DEBUG conda.resolve:filter_group(744): lcms2: pruned from 24 -> 21
DEBUG conda.resolve:filter_group(744): networkx: pruned from 114 -> 44
DEBUG conda.resolve:filter_group(744): packaging: pruned from 107 -> 41
DEBUG conda.resolve:filter_group(744): pywavelets: pruned from 220 -> 20
DEBUG conda.resolve:filter_group(744): tifffile: pruned from 275 -> 102
DEBUG conda.resolve:filter_group(744): pytorch3d: pruned from 1417 -> 3
DEBUG conda.resolve:filter_group(744): cudatoolkit: pruned from 132 -> 9
DEBUG conda.resolve:filter_group(744): portalocker: pruned from 215 -> 39
DEBUG conda.resolve:filter_group(744): tabulate: pruned from 60 -> 17
DEBUG conda.resolve:filter_group(744): yacs: pruned from 13 -> 6
DEBUG conda.resolve:filter_group(744): dataclasses: pruned from 22 -> 5
DEBUG conda.resolve:filter_group(744): python_abi: pruned from 15 -> 8
DEBUG conda.resolve:filter_group(744): pytorch: pruned from 13 -> 7
DEBUG conda.resolve:filter_group(744): python: pruned from 91 -> 85
DEBUG conda.resolve:filter_group(744): ncurses: pruned from 44 -> 24
DEBUG conda.resolve:filter_group(744): openssl: pruned from 201 -> 143
DEBUG conda.resolve:filter_group(744): ca-certificates: pruned from 117 -> 104
DEBUG conda.resolve:filter_group(744): readline: pruned from 25 -> 14
DEBUG conda.resolve:filter_group(744): tk: pruned from 46 -> 24
DEBUG conda.resolve:filter_group(744): torchvision: pruned from 5 -> 3
DEBUG conda.resolve:filter_group(744): numpy: pruned from 6 -> 5
DEBUG conda.resolve:filter_group(744): pillow: pruned from 77 -> 53
DEBUG conda.resolve:filter_group(744): pymunk: pruned from 169 -> 4
DEBUG conda.resolve:filter_group(744): cffi: pruned from 314 -> 9
DEBUG conda.resolve:filter_group(744): libffi: pruned from 39 -> 26
DEBUG conda.resolve:filter_group(744): pycparser: pruned from 55 -> 15
DEBUG conda.resolve:filter_group(744): python: pruned from 85 -> 81
DEBUG conda.resolve:filter_group(744): py-opencv: pruned from 1429 -> 15
DEBUG conda.resolve:filter_group(744): psutil: pruned from 2 -> 1
DEBUG conda.resolve:filter_group(744): numba: pruned from 462 -> 3
DEBUG conda.resolve:filter_group(744): llvmlite: pruned from 401 -> 5
DEBUG conda.resolve:filter_group(744): libllvm11: pruned from 14 -> 10
DEBUG conda.resolve:filter_group(744): setuptools: pruned from 196 -> 163
DEBUG conda.resolve:filter_group(744): matplotlib: pruned from 495 -> 2
DEBUG conda.resolve:filter_group(744): matplotlib-base: pruned from 480 -> 2
DEBUG conda.resolve:filter_group(744): certifi: pruned from 66 -> 62
DEBUG conda.resolve:filter_group(744): contourpy: pruned from 187 -> 22
DEBUG conda.resolve:filter_group(744): cycler: pruned from 31 -> 8
DEBUG conda.resolve:filter_group(744): fonttools: pruned from 638 -> 116
DEBUG conda.resolve:filter_group(744): freetype: pruned from 48 -> 13
DEBUG conda.resolve:filter_group(744): kiwisolver: pruned from 201 -> 22
DEBUG conda.resolve:filter_group(744): libstdcxx-ng: pruned from 115 -> 91
DEBUG conda.resolve:filter_group(744): pyparsing: pruned from 113 -> 47
DEBUG conda.resolve:filter_group(744): python-dateutil: pruned from 65 -> 19
DEBUG conda.resolve:filter_group(744): tk: pruned from 24 -> 16
DEBUG conda.resolve:filter_group(744): pyqt: pruned from 232 -> 26
DEBUG conda.resolve:filter_group(744): tornado: pruned from 349 -> 29
DEBUG conda.resolve:filter_group(744): llvm-openmp: pruned from 105 -> 6
DEBUG conda.resolve:filter_group(744): ipykernel: pruned from 524 -> 3
DEBUG conda.resolve:filter_group(744): debugpy: pruned from 297 -> 45
DEBUG conda.resolve:filter_group(744): ipython: pruned from 623 -> 63
DEBUG conda.resolve:filter_group(744): decorator: pruned from 74 -> 30
DEBUG conda.resolve:filter_group(744): jedi: pruned from 226 -> 21
DEBUG conda.resolve:filter_group(744): parso: pruned from 82 -> 15
DEBUG conda.resolve:filter_group(744): matplotlib-inline: pruned from 31 -> 13
DEBUG conda.resolve:filter_group(744): traitlets: pruned from 101 -> 38
DEBUG conda.resolve:filter_group(744): pexpect: pruned from 88 -> 6
DEBUG conda.resolve:filter_group(744): ptyprocess: pruned from 29 -> 6
DEBUG conda.resolve:filter_group(744): pickleshare: pruned from 46 -> 4
DEBUG conda.resolve:filter_group(744): pygments: pruned from 97 -> 51
DEBUG conda.resolve:filter_group(744): jupyter_client: pruned from 203 -> 58
DEBUG conda.resolve:filter_group(744): jupyter_core: pruned from 312 -> 54
DEBUG conda.resolve:filter_group(744): pyzmq: pruned from 486 -> 63
DEBUG conda.resolve:filter_group(744): zeromq: pruned from 66 -> 33
DEBUG conda.resolve:filter_group(744): libsodium: pruned from 26 -> 14
DEBUG conda.resolve:filter_group(744): nest-asyncio: pruned from 45 -> 31
DEBUG conda.resolve:filter_group(744): tornado: pruned from 29 -> 25
DEBUG conda.resolve:filter_group(744): traitlets: pruned from 38 -> 28
DEBUG conda.resolve:filter_group(744): imageio-ffmpeg: pruned from 16 -> 1
DEBUG conda.resolve:filter_group(744): ffmpeg: pruned from 696 -> 684
DEBUG conda.resolve:filter_group(744): imagecodecs: pruned from 558 -> 4
DEBUG conda.resolve:filter_group(744): blosc: pruned from 56 -> 13
DEBUG conda.resolve:filter_group(744): bzip2: pruned from 22 -> 13
DEBUG conda.resolve:filter_group(744): c-blosc2: pruned from 76 -> 25
DEBUG conda.resolve:filter_group(744): lz4-c: pruned from 35 -> 9
DEBUG conda.resolve:filter_group(744): zlib-ng: pruned from 18 -> 4
DEBUG conda.resolve:filter_group(744): zstd: pruned from 47 -> 24
DEBUG conda.resolve:filter_group(744): cfitsio: pruned from 40 -> 1
DEBUG conda.resolve:filter_group(744): libcurl: pruned from 152 -> 89
DEBUG conda.resolve:filter_group(744): libnghttp2: pruned from 35 -> 27
DEBUG conda.resolve:filter_group(744): c-ares: pruned from 54 -> 40
DEBUG conda.resolve:filter_group(744): libev: pruned from 10 -> 5
DEBUG conda.resolve:filter_group(744): openssl: pruned from 143 -> 134
DEBUG conda.resolve:filter_group(744): libssh2: pruned from 35 -> 23
DEBUG conda.resolve:filter_group(744): libgfortran-ng: pruned from 210 -> 160
DEBUG conda.resolve:filter_group(744): charls: pruned from 18 -> 1
DEBUG conda.resolve:filter_group(744): giflib: pruned from 24 -> 11
DEBUG conda.resolve:filter_group(744): jpeg: pruned from 19 -> 9
DEBUG conda.resolve:filter_group(744): jxrlib: pruned from 7 -> 6
DEBUG conda.resolve:filter_group(744): lerc: pruned from 15 -> 6
DEBUG conda.resolve:filter_group(744): libaec: pruned from 19 -> 10
DEBUG conda.resolve:filter_group(744): libavif: pruned from 53 -> 3
DEBUG conda.resolve:filter_group(744): aom: pruned from 22 -> 5
DEBUG conda.resolve:filter_group(744): libbrotlicommon: pruned from 16 -> 8
DEBUG conda.resolve:filter_group(744): libbrotlidec: pruned from 16 -> 8
DEBUG conda.resolve:filter_group(744): libbrotlienc: pruned from 16 -> 8
DEBUG conda.resolve:filter_group(744): libdeflate: pruned from 31 -> 16
DEBUG conda.resolve:filter_group(744): libpng: pruned from 52 -> 30
DEBUG conda.resolve:filter_group(744): libtiff: pruned from 65 -> 4
DEBUG conda.resolve:filter_group(744): libwebp-base: pruned from 27 -> 16
DEBUG conda.resolve:filter_group(744): libzlib: pruned from 19 -> 16
DEBUG conda.resolve:filter_group(744): xz: pruned from 34 -> 23
DEBUG conda.resolve:filter_group(744): openjpeg: pruned from 44 -> 7
DEBUG conda.resolve:filter_group(744): snappy: pruned from 34 -> 7
DEBUG conda.resolve:filter_group(744): zfp: pruned from 26 -> 14
DEBUG conda.resolve:filter_group(744): hydra-core: pruned from 13 -> 1
DEBUG conda.resolve:filter_group(744): antlr-python-runtime: pruned from 88 -> 8
DEBUG conda.resolve:filter_group(744): importlib_resources: pruned from 268 -> 71
DEBUG conda.resolve:filter_group(744): omegaconf: pruned from 88 -> 3
DEBUG conda.resolve:filter_group(744): pyyaml: pruned from 35 -> 28
DEBUG conda.resolve:filter_group(744): h5py: pruned from 897 -> 11
DEBUG conda.resolve:filter_group(744): hdf5: pruned from 332 -> 71
DEBUG conda.resolve:filter_group(744): gym: pruned from 54 -> 3
DEBUG conda.resolve:filter_group(744): cloudpickle: pruned from 125 -> 30
DEBUG conda.resolve:filter_group(744): einops: pruned from 19 -> 1
DEBUG conda.resolve:filter_group(744): dill: pruned from 110 -> 1
DEBUG conda.resolve:filter_group(744): diffusers: pruned from 119 -> 1
DEBUG conda.resolve:filter_group(744): filelock: pruned from 151 -> 62
DEBUG conda.resolve:filter_group(744): huggingface_hub: pruned from 236 -> 125
DEBUG conda.resolve:filter_group(744): importlib-metadata: pruned from 376 -> 92
DEBUG conda.resolve:filter_group(744): zipp: pruned from 105 -> 70
DEBUG conda.resolve:filter_group(744): pillow: pruned from 53 -> 19
DEBUG conda.resolve:filter_group(744): lcms2: pruned from 21 -> 4
DEBUG conda.resolve:filter_group(744): regex: pruned from 858 -> 74
DEBUG conda.resolve:filter_group(744): datasets: pruned from 145 -> 2
DEBUG conda.resolve:filter_group(744): aiohttp: pruned from 647 -> 135
DEBUG conda.resolve:filter_group(744): attrs: pruned from 112 -> 41
DEBUG conda.resolve:filter_group(744): multidict: pruned from 283 -> 46
DEBUG conda.resolve:filter_group(744): yarl: pruned from 346 -> 51
DEBUG conda.resolve:filter_group(744): idna: pruned from 91 -> 25
DEBUG conda.resolve:filter_group(744): fsspec: pruned from 217 -> 69
DEBUG conda.resolve:filter_group(744): huggingface_hub: pruned from 125 -> 107
DEBUG conda.resolve:filter_group(744): packaging: pruned from 41 -> 30
DEBUG conda.resolve:filter_group(744): typing-extensions: pruned from 57 -> 47
DEBUG conda.resolve:filter_group(744): multiprocess: pruned from 214 -> 14
DEBUG conda.resolve:filter_group(744): pandas: pruned from 700 -> 86
DEBUG conda.resolve:filter_group(744): python-dateutil: pruned from 19 -> 16
DEBUG conda.resolve:filter_group(744): pytz: pruned from 126 -> 46
DEBUG conda.resolve:filter_group(744): pyarrow: pruned from 7360 -> 1109
DEBUG conda.resolve:filter_group(744): python-xxhash: pruned from 166 -> 18
DEBUG conda.resolve:filter_group(744): responses: pruned from 83 -> 23
DEBUG conda.resolve:filter_group(744): cython: pruned from 732 -> 3
DEBUG conda.resolve:filter_group(744): cmake: pruned from 183 -> 1
DEBUG conda.resolve:filter_group(744): expat: pruned from 67 -> 30
DEBUG conda.resolve:filter_group(744): libcurl: pruned from 89 -> 73
DEBUG conda.resolve:filter_group(744): libssh2: pruned from 23 -> 17
DEBUG conda.resolve:filter_group(744): openssl: pruned from 134 -> 118
DEBUG conda.resolve:filter_group(744): libzlib: pruned from 16 -> 11
DEBUG conda.resolve:filter_group(744): ncurses: pruned from 24 -> 17
DEBUG conda.resolve:filter_group(744): rhash: pruned from 27 -> 20
DEBUG conda.resolve:filter_group(744): xz: pruned from 23 -> 19
DEBUG conda.resolve:filter_group(744): zlib: pruned from 44 -> 36
DEBUG conda.resolve:filter_group(744): boto3: pruned from 2298 -> 1
DEBUG conda.resolve:filter_group(744): botocore: pruned from 2804 -> 1
DEBUG conda.resolve:filter_group(744): jmespath: pruned from 44 -> 12
DEBUG conda.resolve:filter_group(744): urllib3: pruned from 70 -> 41
DEBUG conda.resolve:filter_group(744): pysocks: pruned from 87 -> 8
DEBUG conda.resolve:filter_group(744): s3transfer: pruned from 194 -> 4
DEBUG conda.resolve:filter_group(744): av: pruned from 346 -> 6
DEBUG conda.resolve:filter_group(744): ffmpeg: pruned from 684 -> 65
DEBUG conda.resolve:filter_group(744): gmp: pruned from 23 -> 8
DEBUG conda.resolve:filter_group(744): gnutls: pruned from 34 -> 9
DEBUG conda.resolve:filter_group(744): nettle: pruned from 22 -> 7
DEBUG conda.resolve:filter_group(744): lame: pruned from 10 -> 8
DEBUG conda.resolve:filter_group(744): libva: pruned from 39 -> 19
DEBUG conda.resolve:filter_group(744): libdrm: pruned from 30 -> 14
DEBUG conda.resolve:filter_group(744): libpciaccess: pruned from 11 -> 6
DEBUG conda.resolve:filter_group(744): libvpx: pruned from 17 -> 8
DEBUG conda.resolve:filter_group(744): libxml2: pruned from 161 -> 77
DEBUG conda.resolve:filter_group(744): openh264: pruned from 22 -> 10
DEBUG conda.resolve:filter_group(744): svt-av1: pruned from 29 -> 9
DEBUG conda.resolve:filter_group(744): accelerate: pruned from 75 -> 1
DEBUG conda.resolve:filter_group(744): shapely: pruned from 3 -> 2
DEBUG conda.resolve:filter_group(744): scikit-image: pruned from 6 -> 4
DEBUG conda.resolve:filter_group(744): cytoolz: pruned from 165 -> 19
DEBUG conda.resolve:filter_group(744): toolz: pruned from 58 -> 19
DEBUG conda.resolve:filter_group(744): dask-core: pruned from 447 -> 193
DEBUG conda.resolve:filter_group(744): pywavelets: pruned from 20 -> 15
DEBUG conda.resolve:filter_group(744): tifffile: pruned from 102 -> 75
DEBUG conda.resolve:filter_group(744): pytorch3d: pruned from 3 -> 1
DEBUG conda.resolve:filter_group(744): asciitree: pruned from 17 -> 3
DEBUG conda.resolve:filter_group(744): msgpack-python: pruned from 38 -> 24
DEBUG conda.resolve:filter_group(744): promise: pruned from 14 -> 11
DEBUG conda.resolve:filter_group(744): protobuf: pruned from 44 -> 38
DEBUG conda.resolve:filter_group(744): setproctitle: pruned from 28 -> 21
DEBUG conda.resolve:filter_group(744): shortuuid: pruned from 18 -> 16
DEBUG conda.resolve:filter_group(744): google-auth: pruned from 157 -> 156
DEBUG conda.resolve:filter_group(744): grpcio: pruned from 170 -> 151
DEBUG conda.resolve:filter_group(744): tensorboard-data-server: pruned from 13 -> 9
DEBUG conda.resolve:filter_group(744): blosc: pruned from 13 -> 10
DEBUG conda.resolve:filter_group(744): brunsli: pruned from 6 -> 3
DEBUG conda.resolve:filter_group(744): brotli: pruned from 46 -> 23
DEBUG conda.resolve:filter_group(744): libnghttp2: pruned from 27 -> 25
DEBUG conda.resolve:__init__(128): restricting to unmanageable packages: __glibc
DEBUG conda.resolve:__init__(128): restricting to unmanageable packages: __unix
DEBUG conda.resolve:__init__(128): restricting to unmanageable packages: __cuda
DEBUG conda.resolve:__init__(128): restricting to unmanageable packages: __linux
DEBUG conda.resolve:__init__(128): restricting to unmanageable packages: __archspec
DEBUG conda.common._logic:_run_sat(613): Invoking SAT with clause count: 2
DEBUG conda.resolve:_get_sat_solver_cls(75): Using SAT solver interface 'pycosat'.
DEBUG conda.resolve:gen_clauses(1057): gen_clauses returning with clause count: 685674
DEBUG conda.resolve:generate_spec_constraints(1065): generate_spec_constraints returning with clause count: 685674
DEBUG conda.common._logic:_run_sat(613): Invoking SAT with clause count: 685722
DEBUG conda.core.solve:_run_sat(1041): final specs to add: 
  - __archspec
  - __cuda
  - __glibc
  - __linux
  - __unix
  - accelerate=0.13.2
  - av=10.0.0
  - boto3=1.24.96
  - cffi=1.15.1
  - click=8.0.4
  - cmake=3.24.3
  - cudatoolkit=11.6
  - cython=0.29.32
  - datasets=2.6.1
  - diffusers=0.11.1
  - dill=0.3.5.1
  - einops=0.4.1
  - gym=0.21.0
  - h5py=3.7.0
  - hydra-core=1.2.0
  - imagecodecs==2022.8.8
  - imageio-ffmpeg=0.4.7
  - imageio=2.22.0
  - ipykernel=6.16
  - llvm-openmp=14
  - matplotlib=3.6.1
  - numba==0.56.4
  - numcodecs=0.10.2
  - numpy=1.23.3
  - pip=22.2.2
  - psutil=5.9.2
  - py-opencv=4.6.0
  - pymunk=6.2.1
  - python=3.9
  - pytorch3d=0.7.0
  - pytorch=1.12.1
  - scikit-image=0.19.3
  - scikit-video=1.1.11
  - scipy==1.9.1
  - shapely=1.8.4
  - tensorboard=2.10.1
  - tensorboardx=2.5.1
  - termcolor=2.0.1
  - threadpoolctl=3.1.0
  - torchvision=0.13.1
  - tqdm=4.64.1
  - wandb=0.13.3
  - zarr=2.12.0
DEBUG conda.resolve:solve(1435): Solving for: 
  - 0: psutil=5.9.2 target=None optional=False
  - 1: python=3.9 target=None optional=False
  - 2: cudatoolkit=11.6 target=None optional=False
  - 3: datasets=2.6.1 target=None optional=False
  - 4: zarr=2.12.0 target=None optional=False
  - 5: pymunk=6.2.1 target=None optional=False
  - 6: py-opencv=4.6.0 target=None optional=False
  - 7: __unix target=None optional=False
  - 8: numcodecs=0.10.2 target=None optional=False
  - 9: torchvision=0.13.1 target=None optional=False
  - 10: shapely=1.8.4 target=None optional=False
  - 11: numpy=1.23.3 target=None optional=False
  - 12: __cuda target=None optional=False
  - 13: imageio=2.22.0 target=None optional=False
  - 14: cython=0.29.32 target=None optional=False
  - 15: pytorch=1.12.1 target=None optional=False
  - 16: termcolor=2.0.1 target=None optional=False
  - 17: __archspec target=None optional=False
  - 18: dill=0.3.5.1 target=None optional=False
  - 19: numba==0.56.4 target=None optional=False
  - 20: llvm-openmp=14 target=None optional=False
  - 21: pytorch3d=0.7.0 target=None optional=False
  - 22: threadpoolctl=3.1.0 target=None optional=False
  - 23: tqdm=4.64.1 target=None optional=False
  - 24: accelerate=0.13.2 target=None optional=False
  - 25: scipy==1.9.1 target=None optional=False
  - 26: scikit-video=1.1.11 target=None optional=False
  - 27: hydra-core=1.2.0 target=None optional=False
  - 28: imageio-ffmpeg=0.4.7 target=None optional=False
  - 29: tensorboard=2.10.1 target=None optional=False
  - 30: __linux target=None optional=False
  - 31: __glibc target=None optional=False
  - 32: boto3=1.24.96 target=None optional=False
  - 33: av=10.0.0 target=None optional=False
  - 34: ipykernel=6.16 target=None optional=False
  - 35: imagecodecs==2022.8.8 target=None optional=False
  - 36: pip=22.2.2 target=None optional=False
  - 37: wandb=0.13.3 target=None optional=False
  - 38: cmake=3.24.3 target=None optional=False
  - 39: gym=0.21.0 target=None optional=False
  - 40: cffi=1.15.1 target=None optional=False
  - 41: click=8.0.4 target=None optional=False
  - 42: tensorboardx=2.5.1 target=None optional=False
  - 43: diffusers=0.11.1 target=None optional=False
  - 44: scikit-image=0.19.3 target=None optional=False
  - 45: h5py=3.7.0 target=None optional=False
  - 46: matplotlib=3.6.1 target=None optional=False
  - 47: einops=0.4.1 target=None optional=False
DEBUG conda.resolve:solve(1441): Solve: Getting reduced index of compliant packages
DEBUG conda.resolve:get_reduced_index(669): Retrieving packages for: 
  - __archspec
  - __cuda
  - __glibc
  - __linux
  - __unix
  - accelerate=0.13.2
  - av=10.0.0
  - boto3=1.24.96
  - cffi=1.15.1
  - click=8.0.4
  - cmake=3.24.3
  - cudatoolkit=11.6
  - cython=0.29.32
  - datasets=2.6.1
  - diffusers=0.11.1
  - dill=0.3.5.1
  - einops=0.4.1
  - gym=0.21.0
  - h5py=3.7.0
  - hydra-core=1.2.0
  - imagecodecs==2022.8.8
  - imageio-ffmpeg=0.4.7
  - imageio=2.22.0
  - ipykernel=6.16
  - llvm-openmp=14
  - matplotlib=3.6.1
  - numba==0.56.4
  - numcodecs=0.10.2
  - numpy=1.23.3
  - pip=22.2.2
  - psutil=5.9.2
  - py-opencv=4.6.0
  - pymunk=6.2.1
  - python=3.9
  - pytorch3d=0.7.0
  - pytorch=1.12.1
  - scikit-image=0.19.3
  - scikit-video=1.1.11
  - scipy==1.9.1
  - shapely=1.8.4
  - tensorboard=2.10.1
  - tensorboardx=2.5.1
  - termcolor=2.0.1
  - threadpoolctl=3.1.0
  - torchvision=0.13.1
  - tqdm=4.64.1
  - wandb=0.13.3
  - zarr=2.12.0
DEBUG conda.resolve:filter_group(744): zarr: pruned from 133 -> 1
DEBUG conda.resolve:filter_group(744): python: pruned from 758 -> 91
DEBUG conda.resolve:filter_group(744): pip: pruned from 351 -> 2
DEBUG conda.resolve:filter_group(744): setuptools: pruned from 1156 -> 196
DEBUG conda.resolve:filter_group(744): wheel: pruned from 188 -> 40
DEBUG conda.resolve:filter_group(744): fasteners: pruned from 27 -> 16
DEBUG conda.resolve:filter_group(744): numcodecs: pruned from 257 -> 2
DEBUG conda.resolve:filter_group(744): entrypoints: pruned from 62 -> 6
DEBUG conda.resolve:filter_group(744): libgcc-ng: pruned from 218 -> 121
DEBUG conda.resolve:filter_group(744): libstdcxx-ng: pruned from 220 -> 121
DEBUG conda.resolve:filter_group(744): msgpack-python: pruned from 242 -> 38
DEBUG conda.resolve:filter_group(744): numpy: pruned from 1648 -> 6
DEBUG conda.resolve:filter_group(744): typing-extensions: pruned from 101 -> 57
DEBUG conda.resolve:filter_group(744): typing_extensions: pruned from 135 -> 47
DEBUG conda.resolve:filter_group(744): wandb: pruned from 271 -> 1
DEBUG conda.resolve:filter_group(744): click: pruned from 165 -> 2
DEBUG conda.resolve:filter_group(744): docker-pycreds: pruned from 18 -> 3
DEBUG conda.resolve:filter_group(744): six: pruned from 74 -> 13
DEBUG conda.resolve:filter_group(744): gitpython: pruned from 147 -> 73
DEBUG conda.resolve:filter_group(744): pathtools: pruned from 7 -> 3
DEBUG conda.resolve:filter_group(744): promise: pruned from 86 -> 14
DEBUG conda.resolve:filter_group(744): protobuf: pruned from 816 -> 51
DEBUG conda.resolve:filter_group(744): libprotobuf: pruned from 195 -> 40
DEBUG conda.resolve:filter_group(744): psutil: pruned from 384 -> 2
DEBUG conda.resolve:filter_group(744): libgcc-ng: pruned from 121 -> 91
DEBUG conda.resolve:filter_group(744): python_abi: pruned from 125 -> 15
DEBUG conda.resolve:filter_group(744): pyyaml: pruned from 243 -> 35
DEBUG conda.resolve:filter_group(744): requests: pruned from 212 -> 38
DEBUG conda.resolve:filter_group(744): certifi: pruned from 402 -> 66
DEBUG conda.resolve:filter_group(744): urllib3: pruned from 288 -> 70
DEBUG conda.resolve:filter_group(744): sentry-sdk: pruned from 237 -> 138
DEBUG conda.resolve:filter_group(744): setproctitle: pruned from 161 -> 28
DEBUG conda.resolve:filter_group(744): shortuuid: pruned from 56 -> 18
DEBUG conda.resolve:filter_group(744): tqdm: pruned from 319 -> 2
DEBUG conda.resolve:filter_group(744): torchvision: pruned from 1513 -> 5
DEBUG conda.resolve:filter_group(744): pillow: pruned from 688 -> 93
DEBUG conda.resolve:filter_group(744): lcms2: pruned from 27 -> 24
DEBUG conda.resolve:filter_group(744): libtiff: pruned from 87 -> 65
DEBUG conda.resolve:filter_group(744): zstd: pruned from 63 -> 47
DEBUG conda.resolve:filter_group(744): pytorch: pruned from 2891 -> 13
DEBUG conda.resolve:filter_group(744): threadpoolctl: pruned from 26 -> 1
DEBUG conda.resolve:filter_group(744): termcolor: pruned from 46 -> 2
DEBUG conda.resolve:filter_group(744): tensorboardx: pruned from 31 -> 1
DEBUG conda.resolve:filter_group(744): protobuf: pruned from 51 -> 44
DEBUG conda.resolve:filter_group(744): libprotobuf: pruned from 40 -> 37
DEBUG conda.resolve:filter_group(744): libstdcxx-ng: pruned from 121 -> 115
DEBUG conda.resolve:filter_group(744): tensorboard: pruned from 181 -> 1
DEBUG conda.resolve:filter_group(744): absl-py: pruned from 162 -> 31
DEBUG conda.resolve:filter_group(744): google-auth-oauthlib: pruned from 57 -> 12
DEBUG conda.resolve:filter_group(744): google-auth: pruned from 218 -> 166
DEBUG conda.resolve:filter_group(744): cachetools: pruned from 70 -> 30
DEBUG conda.resolve:filter_group(744): pyasn1-modules: pruned from 49 -> 17
DEBUG conda.resolve:filter_group(744): pyasn1: pruned from 79 -> 24
DEBUG conda.resolve:filter_group(744): rsa: pruned from 24 -> 20
DEBUG conda.resolve:filter_group(744): requests-oauthlib: pruned from 39 -> 12
DEBUG conda.resolve:filter_group(744): oauthlib: pruned from 54 -> 22
DEBUG conda.resolve:filter_group(744): google-auth: pruned from 166 -> 157
DEBUG conda.resolve:filter_group(744): pyasn1-modules: pruned from 17 -> 15
DEBUG conda.resolve:filter_group(744): pyasn1: pruned from 24 -> 20
DEBUG conda.resolve:filter_group(744): grpcio: pruned from 946 -> 170
DEBUG conda.resolve:filter_group(744): markdown: pruned from 90 -> 28
DEBUG conda.resolve:filter_group(744): tensorboard-data-server: pruned from 94 -> 13
DEBUG conda.resolve:filter_group(744): tensorboard-plugin-wit: pruned from 9 -> 6
DEBUG conda.resolve:filter_group(744): werkzeug: pruned from 115 -> 46
DEBUG conda.resolve:filter_group(744): shapely: pruned from 472 -> 3
DEBUG conda.resolve:filter_group(744): geos: pruned from 46 -> 4
DEBUG conda.resolve:filter_group(744): scipy: pruned from 891 -> 3
DEBUG conda.resolve:filter_group(744): libgfortran5: pruned from 183 -> 131
DEBUG conda.resolve:filter_group(744): scikit-video: pruned from 3 -> 2
DEBUG conda.resolve:filter_group(744): scikit-image: pruned from 323 -> 6
DEBUG conda.resolve:filter_group(744): imageio: pruned from 144 -> 1
DEBUG conda.resolve:filter_group(744): pillow: pruned from 93 -> 77
DEBUG conda.resolve:filter_group(744): lcms2: pruned from 24 -> 21
DEBUG conda.resolve:filter_group(744): networkx: pruned from 114 -> 44
DEBUG conda.resolve:filter_group(744): packaging: pruned from 107 -> 41
DEBUG conda.resolve:filter_group(744): pywavelets: pruned from 220 -> 20
DEBUG conda.resolve:filter_group(744): tifffile: pruned from 275 -> 102
DEBUG conda.resolve:filter_group(744): pytorch3d: pruned from 1417 -> 3
DEBUG conda.resolve:filter_group(744): cudatoolkit: pruned from 132 -> 9
DEBUG conda.resolve:filter_group(744): portalocker: pruned from 215 -> 39
DEBUG conda.resolve:filter_group(744): tabulate: pruned from 60 -> 17
DEBUG conda.resolve:filter_group(744): yacs: pruned from 13 -> 6
DEBUG conda.resolve:filter_group(744): dataclasses: pruned from 22 -> 5
DEBUG conda.resolve:filter_group(744): python_abi: pruned from 15 -> 8
DEBUG conda.resolve:filter_group(744): pytorch: pruned from 13 -> 7
DEBUG conda.resolve:filter_group(744): python: pruned from 91 -> 85
DEBUG conda.resolve:filter_group(744): ncurses: pruned from 44 -> 24
DEBUG conda.resolve:filter_group(744): openssl: pruned from 201 -> 143
DEBUG conda.resolve:filter_group(744): ca-certificates: pruned from 117 -> 104
DEBUG conda.resolve:filter_group(744): readline: pruned from 25 -> 14
DEBUG conda.resolve:filter_group(744): tk: pruned from 46 -> 24
DEBUG conda.resolve:filter_group(744): torchvision: pruned from 5 -> 3
DEBUG conda.resolve:filter_group(744): numpy: pruned from 6 -> 5
DEBUG conda.resolve:filter_group(744): pillow: pruned from 77 -> 53
DEBUG conda.resolve:filter_group(744): pymunk: pruned from 169 -> 4
DEBUG conda.resolve:filter_group(744): cffi: pruned from 314 -> 9
DEBUG conda.resolve:filter_group(744): libffi: pruned from 39 -> 26
DEBUG conda.resolve:filter_group(744): pycparser: pruned from 55 -> 15
DEBUG conda.resolve:filter_group(744): python: pruned from 85 -> 81
DEBUG conda.resolve:filter_group(744): py-opencv: pruned from 1429 -> 15
DEBUG conda.resolve:filter_group(744): psutil: pruned from 2 -> 1
DEBUG conda.resolve:filter_group(744): numba: pruned from 462 -> 3
DEBUG conda.resolve:filter_group(744): llvmlite: pruned from 401 -> 5
DEBUG conda.resolve:filter_group(744): libllvm11: pruned from 14 -> 10
DEBUG conda.resolve:filter_group(744): setuptools: pruned from 196 -> 163
DEBUG conda.resolve:filter_group(744): matplotlib: pruned from 495 -> 2
DEBUG conda.resolve:filter_group(744): matplotlib-base: pruned from 480 -> 2
DEBUG conda.resolve:filter_group(744): certifi: pruned from 66 -> 62
DEBUG conda.resolve:filter_group(744): contourpy: pruned from 187 -> 22
DEBUG conda.resolve:filter_group(744): cycler: pruned from 31 -> 8
DEBUG conda.resolve:filter_group(744): fonttools: pruned from 638 -> 116
DEBUG conda.resolve:filter_group(744): freetype: pruned from 48 -> 13
DEBUG conda.resolve:filter_group(744): kiwisolver: pruned from 201 -> 22
DEBUG conda.resolve:filter_group(744): libstdcxx-ng: pruned from 115 -> 91
DEBUG conda.resolve:filter_group(744): pyparsing: pruned from 113 -> 47
DEBUG conda.resolve:filter_group(744): python-dateutil: pruned from 65 -> 19
DEBUG conda.resolve:filter_group(744): tk: pruned from 24 -> 16
DEBUG conda.resolve:filter_group(744): pyqt: pruned from 232 -> 26
DEBUG conda.resolve:filter_group(744): tornado: pruned from 349 -> 29
DEBUG conda.resolve:filter_group(744): llvm-openmp: pruned from 105 -> 6
DEBUG conda.resolve:filter_group(744): ipykernel: pruned from 524 -> 3
DEBUG conda.resolve:filter_group(744): debugpy: pruned from 297 -> 45
DEBUG conda.resolve:filter_group(744): ipython: pruned from 623 -> 63
DEBUG conda.resolve:filter_group(744): decorator: pruned from 74 -> 30
DEBUG conda.resolve:filter_group(744): jedi: pruned from 226 -> 21
DEBUG conda.resolve:filter_group(744): parso: pruned from 82 -> 15
DEBUG conda.resolve:filter_group(744): matplotlib-inline: pruned from 31 -> 13
DEBUG conda.resolve:filter_group(744): traitlets: pruned from 101 -> 38
DEBUG conda.resolve:filter_group(744): pexpect: pruned from 88 -> 6
DEBUG conda.resolve:filter_group(744): ptyprocess: pruned from 29 -> 6
DEBUG conda.resolve:filter_group(744): pickleshare: pruned from 46 -> 4
DEBUG conda.resolve:filter_group(744): pygments: pruned from 97 -> 51
DEBUG conda.resolve:filter_group(744): jupyter_client: pruned from 203 -> 58
DEBUG conda.resolve:filter_group(744): jupyter_core: pruned from 312 -> 54
DEBUG conda.resolve:filter_group(744): pyzmq: pruned from 486 -> 63
DEBUG conda.resolve:filter_group(744): zeromq: pruned from 66 -> 33
DEBUG conda.resolve:filter_group(744): libsodium: pruned from 26 -> 14
DEBUG conda.resolve:filter_group(744): nest-asyncio: pruned from 45 -> 31
DEBUG conda.resolve:filter_group(744): tornado: pruned from 29 -> 25
DEBUG conda.resolve:filter_group(744): traitlets: pruned from 38 -> 28
DEBUG conda.resolve:filter_group(744): imageio-ffmpeg: pruned from 16 -> 1
DEBUG conda.resolve:filter_group(744): ffmpeg: pruned from 696 -> 684
DEBUG conda.resolve:filter_group(744): imagecodecs: pruned from 558 -> 4
DEBUG conda.resolve:filter_group(744): blosc: pruned from 56 -> 13
DEBUG conda.resolve:filter_group(744): bzip2: pruned from 22 -> 13
DEBUG conda.resolve:filter_group(744): c-blosc2: pruned from 76 -> 25
DEBUG conda.resolve:filter_group(744): lz4-c: pruned from 35 -> 9
DEBUG conda.resolve:filter_group(744): zlib-ng: pruned from 18 -> 4
DEBUG conda.resolve:filter_group(744): zstd: pruned from 47 -> 24
DEBUG conda.resolve:filter_group(744): cfitsio: pruned from 40 -> 1
DEBUG conda.resolve:filter_group(744): libcurl: pruned from 152 -> 89
DEBUG conda.resolve:filter_group(744): libnghttp2: pruned from 35 -> 27
DEBUG conda.resolve:filter_group(744): c-ares: pruned from 54 -> 40
DEBUG conda.resolve:filter_group(744): libev: pruned from 10 -> 5
DEBUG conda.resolve:filter_group(744): openssl: pruned from 143 -> 134
DEBUG conda.resolve:filter_group(744): libssh2: pruned from 35 -> 23
DEBUG conda.resolve:filter_group(744): libgfortran-ng: pruned from 210 -> 160
DEBUG conda.resolve:filter_group(744): charls: pruned from 18 -> 1
DEBUG conda.resolve:filter_group(744): giflib: pruned from 24 -> 11
DEBUG conda.resolve:filter_group(744): jpeg: pruned from 19 -> 9
DEBUG conda.resolve:filter_group(744): jxrlib: pruned from 7 -> 6
DEBUG conda.resolve:filter_group(744): lerc: pruned from 15 -> 6
DEBUG conda.resolve:filter_group(744): libaec: pruned from 19 -> 10
DEBUG conda.resolve:filter_group(744): libavif: pruned from 53 -> 3
DEBUG conda.resolve:filter_group(744): aom: pruned from 22 -> 5
DEBUG conda.resolve:filter_group(744): libbrotlicommon: pruned from 16 -> 8
DEBUG conda.resolve:filter_group(744): libbrotlidec: pruned from 16 -> 8
DEBUG conda.resolve:filter_group(744): libbrotlienc: pruned from 16 -> 8
DEBUG conda.resolve:filter_group(744): libdeflate: pruned from 31 -> 16
DEBUG conda.resolve:filter_group(744): libpng: pruned from 52 -> 30
DEBUG conda.resolve:filter_group(744): libtiff: pruned from 65 -> 4
DEBUG conda.resolve:filter_group(744): libwebp-base: pruned from 27 -> 16
DEBUG conda.resolve:filter_group(744): libzlib: pruned from 19 -> 16
DEBUG conda.resolve:filter_group(744): xz: pruned from 34 -> 23
DEBUG conda.resolve:filter_group(744): openjpeg: pruned from 44 -> 7
DEBUG conda.resolve:filter_group(744): snappy: pruned from 34 -> 7
DEBUG conda.resolve:filter_group(744): zfp: pruned from 26 -> 14
DEBUG conda.resolve:filter_group(744): hydra-core: pruned from 13 -> 1
DEBUG conda.resolve:filter_group(744): antlr-python-runtime: pruned from 88 -> 8
DEBUG conda.resolve:filter_group(744): importlib_resources: pruned from 268 -> 71
DEBUG conda.resolve:filter_group(744): omegaconf: pruned from 88 -> 3
DEBUG conda.resolve:filter_group(744): pyyaml: pruned from 35 -> 28
DEBUG conda.resolve:filter_group(744): h5py: pruned from 897 -> 11
DEBUG conda.resolve:filter_group(744): hdf5: pruned from 332 -> 71
DEBUG conda.resolve:filter_group(744): gym: pruned from 54 -> 3
DEBUG conda.resolve:filter_group(744): cloudpickle: pruned from 125 -> 30
DEBUG conda.resolve:filter_group(744): einops: pruned from 19 -> 1
DEBUG conda.resolve:filter_group(744): dill: pruned from 110 -> 1
DEBUG conda.resolve:filter_group(744): diffusers: pruned from 119 -> 1
DEBUG conda.resolve:filter_group(744): filelock: pruned from 151 -> 62
DEBUG conda.resolve:filter_group(744): huggingface_hub: pruned from 236 -> 125
DEBUG conda.resolve:filter_group(744): importlib-metadata: pruned from 376 -> 92
DEBUG conda.resolve:filter_group(744): zipp: pruned from 105 -> 70
DEBUG conda.resolve:filter_group(744): pillow: pruned from 53 -> 19
DEBUG conda.resolve:filter_group(744): lcms2: pruned from 21 -> 4
DEBUG conda.resolve:filter_group(744): regex: pruned from 858 -> 74
DEBUG conda.resolve:filter_group(744): datasets: pruned from 145 -> 2
DEBUG conda.resolve:filter_group(744): aiohttp: pruned from 647 -> 135
DEBUG conda.resolve:filter_group(744): attrs: pruned from 112 -> 41
DEBUG conda.resolve:filter_group(744): multidict: pruned from 283 -> 46
DEBUG conda.resolve:filter_group(744): yarl: pruned from 346 -> 51
DEBUG conda.resolve:filter_group(744): idna: pruned from 91 -> 25
DEBUG conda.resolve:filter_group(744): fsspec: pruned from 217 -> 69
DEBUG conda.resolve:filter_group(744): huggingface_hub: pruned from 125 -> 107
DEBUG conda.resolve:filter_group(744): packaging: pruned from 41 -> 30
DEBUG conda.resolve:filter_group(744): typing-extensions: pruned from 57 -> 47
DEBUG conda.resolve:filter_group(744): multiprocess: pruned from 214 -> 14
DEBUG conda.resolve:filter_group(744): pandas: pruned from 700 -> 86
DEBUG conda.resolve:filter_group(744): python-dateutil: pruned from 19 -> 16
DEBUG conda.resolve:filter_group(744): pytz: pruned from 126 -> 46
DEBUG conda.resolve:filter_group(744): pyarrow: pruned from 7360 -> 1109
DEBUG conda.resolve:filter_group(744): python-xxhash: pruned from 166 -> 18
DEBUG conda.resolve:filter_group(744): responses: pruned from 83 -> 23
DEBUG conda.resolve:filter_group(744): cython: pruned from 732 -> 3
DEBUG conda.resolve:filter_group(744): cmake: pruned from 183 -> 1
DEBUG conda.resolve:filter_group(744): expat: pruned from 67 -> 30
DEBUG conda.resolve:filter_group(744): libcurl: pruned from 89 -> 73
DEBUG conda.resolve:filter_group(744): libssh2: pruned from 23 -> 17
DEBUG conda.resolve:filter_group(744): openssl: pruned from 134 -> 118
DEBUG conda.resolve:filter_group(744): libzlib: pruned from 16 -> 11
DEBUG conda.resolve:filter_group(744): ncurses: pruned from 24 -> 17
DEBUG conda.resolve:filter_group(744): rhash: pruned from 27 -> 20
DEBUG conda.resolve:filter_group(744): xz: pruned from 23 -> 19
DEBUG conda.resolve:filter_group(744): zlib: pruned from 44 -> 36
DEBUG conda.resolve:filter_group(744): boto3: pruned from 2298 -> 1
DEBUG conda.resolve:filter_group(744): botocore: pruned from 2804 -> 1
DEBUG conda.resolve:filter_group(744): jmespath: pruned from 44 -> 12
DEBUG conda.resolve:filter_group(744): urllib3: pruned from 70 -> 41
DEBUG conda.resolve:filter_group(744): pysocks: pruned from 87 -> 8
DEBUG conda.resolve:filter_group(744): s3transfer: pruned from 194 -> 4
DEBUG conda.resolve:filter_group(744): av: pruned from 346 -> 6
DEBUG conda.resolve:filter_group(744): ffmpeg: pruned from 684 -> 65
DEBUG conda.resolve:filter_group(744): gmp: pruned from 23 -> 8
DEBUG conda.resolve:filter_group(744): gnutls: pruned from 34 -> 9
DEBUG conda.resolve:filter_group(744): nettle: pruned from 22 -> 7
DEBUG conda.resolve:filter_group(744): lame: pruned from 10 -> 8
DEBUG conda.resolve:filter_group(744): libva: pruned from 39 -> 19
DEBUG conda.resolve:filter_group(744): libdrm: pruned from 30 -> 14
DEBUG conda.resolve:filter_group(744): libpciaccess: pruned from 11 -> 6
DEBUG conda.resolve:filter_group(744): libvpx: pruned from 17 -> 8
DEBUG conda.resolve:filter_group(744): libxml2: pruned from 161 -> 77
DEBUG conda.resolve:filter_group(744): openh264: pruned from 22 -> 10
DEBUG conda.resolve:filter_group(744): svt-av1: pruned from 29 -> 9
DEBUG conda.resolve:filter_group(744): accelerate: pruned from 75 -> 1
DEBUG conda.resolve:filter_group(744): shapely: pruned from 3 -> 2
DEBUG conda.resolve:filter_group(744): scikit-image: pruned from 6 -> 4
DEBUG conda.resolve:filter_group(744): cytoolz: pruned from 165 -> 19
DEBUG conda.resolve:filter_group(744): toolz: pruned from 58 -> 19
DEBUG conda.resolve:filter_group(744): dask-core: pruned from 447 -> 193
DEBUG conda.resolve:filter_group(744): pywavelets: pruned from 20 -> 15
DEBUG conda.resolve:filter_group(744): tifffile: pruned from 102 -> 75
DEBUG conda.resolve:filter_group(744): pytorch3d: pruned from 3 -> 1
DEBUG conda.resolve:filter_group(744): asciitree: pruned from 17 -> 3
DEBUG conda.resolve:filter_group(744): msgpack-python: pruned from 38 -> 24
DEBUG conda.resolve:filter_group(744): promise: pruned from 14 -> 11
DEBUG conda.resolve:filter_group(744): protobuf: pruned from 44 -> 38
DEBUG conda.resolve:filter_group(744): setproctitle: pruned from 28 -> 21
DEBUG conda.resolve:filter_group(744): shortuuid: pruned from 18 -> 16
DEBUG conda.resolve:filter_group(744): google-auth: pruned from 157 -> 156
DEBUG conda.resolve:filter_group(744): grpcio: pruned from 170 -> 151
DEBUG conda.resolve:filter_group(744): tensorboard-data-server: pruned from 13 -> 9
DEBUG conda.resolve:filter_group(744): blosc: pruned from 13 -> 10
DEBUG conda.resolve:filter_group(744): brunsli: pruned from 6 -> 3
DEBUG conda.resolve:filter_group(744): brotli: pruned from 46 -> 23
DEBUG conda.resolve:filter_group(744): libnghttp2: pruned from 27 -> 25
DEBUG conda.resolve:solve(1473): Solve: determining satisfiability
DEBUG conda.resolve:__init__(128): restricting to unmanageable packages: __glibc
DEBUG conda.resolve:__init__(128): restricting to unmanageable packages: __unix
DEBUG conda.resolve:__init__(128): restricting to unmanageable packages: __cuda
DEBUG conda.resolve:__init__(128): restricting to unmanageable packages: __linux
DEBUG conda.resolve:__init__(128): restricting to unmanageable packages: __archspec
DEBUG conda.resolve:gen_clauses(1057): gen_clauses returning with clause count: 685674
DEBUG conda.resolve:generate_spec_constraints(1065): generate_spec_constraints returning with clause count: 685674
DEBUG conda.common._logic:_run_sat(613): Invoking SAT with clause count: 685722
DEBUG conda.resolve:solve(1527): Requested specs: 
  - __archspec
  - __cuda
  - __glibc
  - __linux
  - __unix
  - accelerate=0.13.2
  - av=10.0.0
  - boto3=1.24.96
  - cffi=1.15.1
  - click=8.0.4
  - cmake=3.24.3
  - cudatoolkit=11.6
  - cython=0.29.32
  - datasets=2.6.1
  - diffusers=0.11.1
  - dill=0.3.5.1
  - einops=0.4.1
  - gym=0.21.0
  - h5py=3.7.0
  - hydra-core=1.2.0
  - imagecodecs==2022.8.8
  - imageio-ffmpeg=0.4.7
  - imageio=2.22.0
  - ipykernel=6.16
  - llvm-openmp=14
  - matplotlib=3.6.1
  - numba==0.56.4
  - numcodecs=0.10.2
  - numpy=1.23.3
  - pip=22.2.2
  - psutil=5.9.2
  - py-opencv=4.6.0
  - pymunk=6.2.1
  - python=3.9
  - pytorch3d=0.7.0
  - pytorch=1.12.1
  - scikit-image=0.19.3
  - scikit-video=1.1.11
  - scipy==1.9.1
  - shapely=1.8.4
  - tensorboard=2.10.1
  - tensorboardx=2.5.1
  - termcolor=2.0.1
  - threadpoolctl=3.1.0
  - torchvision=0.13.1
  - tqdm=4.64.1
  - wandb=0.13.3
  - zarr=2.12.0
DEBUG conda.resolve:solve(1528): Optional specs: 
DEBUG conda.resolve:solve(1529): All other specs: 
  - _ipython_minor_entry_point
  - _libgcc_mutex
  - _mutex_mxnet
  - _openmp_mutex
  - _python_abi3_support
  - _sysroot_linux-64_curr_repodata_hack
  - _tflow_select
  - abseil-cpp
  - absl-py
  - adal
  - adbc-driver-manager
  - adbc-driver-postgresql
  - adbc-driver-sqlite
  - adlfs
  - aiodns
  - aiofiles
  - aiohappyeyeballs
  - aiohttp
  - aiohttp-cors
  - aiomysql
  - aioquic
  - aiosignal
  - aiosqlite
  - alabaster
  - alsa-lib
  - altair
  - amqp
  - aniso8601
  - annotated-types
  - ansi2html
  - anthropic
  - antlr-python-runtime
  - anyio
  - anywidget
  - aom
  - apache-arrow-proc
  - appdirs
  - apscheduler
  - argcomplete
  - argh
  - argon2-cffi
  - argon2-cffi-bindings
  - arq
  - arro3-core
  - arrow
  - arrow-cpp
  - arrow-cpp-proc
  - arxiv
  - asciitree
  - asgiref
  - asn1crypto
  - astroid
  - asttokens
  - astunparse
  - async-lru
  - async-timeout
  - async_generator
  - async_timeout
  - asyncpg
  - atk-1.0
  - atlassian-python-api
  - atomicwrites
  - attr
  - attrs
  - authlib
  - automat
  - aws-c-auth
  - aws-c-cal
  - aws-c-common
  - aws-c-compression
  - aws-c-event-stream
  - aws-c-http
  - aws-c-io
  - aws-c-mqtt
  - aws-c-s3
  - aws-c-sdkutils
  - aws-checksums
  - aws-crt-cpp
  - aws-sdk-cpp
  - azure-common
  - azure-core
  - azure-cosmos
  - azure-datalake-store
  - azure-identity
  - azure-nspkg
  - azure-storage-blob
  - azure-storage-common
  - babel
  - backcall
  - backoff
  - backports
  - backports-datetime-fromisoformat
  - backports.cached-property
  - backports.functools_lru_cache
  - backports.tarfile
  - backports.zoneinfo
  - bcrypt
  - beautifulsoup4
  - beniget
  - bibtexparser
  - billiard
  - binaryornot
  - binutils
  - binutils-meta
  - binutils_impl_linux-64
  - binutils_linux-64
  - black
  - blas
  - blas-devel
  - bleach
  - bleach-with-css
  - blessed
  - blinker
  - blis
  - blobfile
  - blosc
  - bokeh
  - boost-cpp
  - boto
  - botocore
  - bottle
  - bottleneck
  - branca
  - brotli
  - brotli-bin
  - brotli-python
  - brotlipy
  - brunsli
  - bz2file
  - bzip2
  - c-ares
  - c-blosc2
  - c-compiler
  - ca-certificates
  - cachecontrol
  - cachecontrol-with-filecache
  - cached-property
  - cached_property
  - cachetools
  - cachy
  - cairo
  - cartopy
  - catalogue
  - cccl
  - celery
  - certifi
  - cfitsio
  - cftime
  - chalice
  - chardet
  - charls
  - charset-normalizer
  - chex
  - cleo
  - click-didyoumean
  - click-plugins
  - click-repl
  - clickhouse-cityhash
  - clickhouse-connect
  - clickhouse-driver
  - cligj
  - clikit
  - cloog
  - cloudpathlib
  - cloudpickle
  - codecarbon
  - colorama
  - coloredlogs
  - colorful
  - colorlog
  - comm
  - commonmark
  - conda-gcc-specs
  - confection
  - connectorx
  - constantly
  - contextvars
  - contourpy
  - cookiecutter
  - cookies
  - copier
  - coverage
  - cpuonly
  - cpython
  - cramjam
  - crashtest
  - cryptography
  - css_inline
  - cssselect
  - cuda-bindings
  - cuda-cccl
  - cuda-cccl-impl
  - cuda-cccl_linux-64
  - cuda-command-line-tools
  - cuda-compiler
  - cuda-crt-dev_linux-64
  - cuda-crt-tools
  - cuda-ctadvisor
  - cuda-cudart
  - cuda-cudart-dev
  - cuda-cudart-dev_linux-64
  - cuda-cudart-static
  - cuda-cudart-static_linux-64
  - cuda-cudart_linux-64
  - cuda-culibos-static
  - cuda-cuobjdump
  - cuda-cupti
  - cuda-cupti-dev
  - cuda-cupti-static
  - cuda-cuxxfilt
  - cuda-documentation
  - cuda-driver-dev
  - cuda-driver-dev_linux-64
  - cuda-gdb
  - cuda-libraries
  - cuda-libraries-dev
  - cuda-libraries-static
  - cuda-memcheck
  - cuda-nsight
  - cuda-nsight-compute
  - cuda-nvcc
  - cuda-nvcc-dev_linux-64
  - cuda-nvcc-impl
  - cuda-nvcc-tools
  - cuda-nvcc_linux-64
  - cuda-nvdisasm
  - cuda-nvml-dev
  - cuda-nvprof
  - cuda-nvprune
  - cuda-nvrtc
  - cuda-nvrtc-dev
  - cuda-nvrtc-static
  - cuda-nvtx
  - cuda-nvvm
  - cuda-nvvm-dev_linux-64
  - cuda-nvvm-impl
  - cuda-nvvm-tools
  - cuda-nvvp
  - cuda-opencl
  - cuda-opencl-dev
  - cuda-pathfinder
  - cuda-profiler-api
  - cuda-python
  - cuda-samples
  - cuda-sanitizer-api
  - cuda-thrust
  - cuda-tileiras
  - cuda-toolkit
  - cuda-tools
  - cuda-version
  - cuda-visual-tools
  - cudnn
  - curio
  - curl
  - cx_oracle
  - cxx-compiler
  - cycler
  - cymem
  - cyrus-sasl
  - cython-blis
  - cytoolz
  - dash
  - dash-bootstrap-components
  - dash-core-components
  - dash-html-components
  - dash-renderer
  - dash-table
  - dask
  - dask-core
  - dataclasses
  - dataclasses-json
  - dav1d
  - db-dtypes
  - dbus
  - debugpy
  - decorator
  - deepspeed
  - defusedxml
  - deltalake
  - deprecated
  - deprecation
  - diskcache
  - distlib
  - distributed
  - distro
  - django
  - dm-tree
  - dnspython
  - docker-pycreds
  - docutils
  - duckdb
  - dulwich
  - dunamai
  - ecdsa
  - editables
  - elastic-transport
  - elasticsearch
  - email-validator
  - email_validator
  - entrypoints
  - esprima-python
  - et_xmlfile
  - eth-hash
  - etils
  - eval-type-backport
  - eval_type_backport
  - exceptiongroup
  - executing
  - expat
  - expiringdict
  - exrex
  - faicons
  - faiss
  - faiss-cpu
  - faiss-proc
  - faker
  - falcon
  - fast-query-parsers
  - fastai
  - fastapi
  - fastapi-cli
  - fastapi-core
  - fastavro
  - fastcache
  - fastcore
  - fastdownload
  - fasteners
  - fastexcel
  - fastparquet
  - fastprogress
  - feedfinder2
  - feedparser
  - ffmpeg
  - fftw
  - filelock
  - findpython
  - fiona
  - fire
  - fireworks-ai
  - flake8
  - flaky
  - flask
  - flask-compress
  - flask-talisman
  - flatbuffers
  - flax
  - flexcache
  - flexparser
  - flit
  - flit-core
  - flox
  - folium
  - font-ttf-dejavu-sans-mono
  - font-ttf-inconsolata
  - font-ttf-source-code-pro
  - font-ttf-ubuntu
  - fontconfig
  - fonts-anaconda
  - fonts-conda-ecosystem
  - fonts-conda-forge
  - fonttools
  - fqdn
  - freeglut
  - freetype
  - freexl
  - fribidi
  - frozenlist
  - fs
  - fsspec
  - funcy
  - future
  - fvcore
  - g-ir-build-tools
  - g-ir-host-tools
  - gast
  - gcc
  - gcc_impl_linux-64
  - gcc_linux-64
  - gcsfs
  - gdal
  - gdb
  - gdbm
  - gdk-pixbuf
  - gds-tools
  - gensim
  - geopandas
  - geopandas-base
  - geos
  - geotiff
  - getdaft
  - gettext
  - gettext-tools
  - gflags
  - gfortran_impl_linux-64
  - giflib
  - git
  - gitdb
  - gitdb2
  - gitignore-parser
  - gitpython
  - glib
  - glib-tools
  - glog
  - gmock
  - gmp
  - gmpy2
  - gnutls
  - gobject-introspection
  - google-api-core
  - google-api-core-grpc
  - google-api-python-client
  - google-auth
  - google-auth-httplib2
  - google-auth-oauthlib
  - google-cloud-bigquery
  - google-cloud-bigquery-core
  - google-cloud-bigquery-storage
  - google-cloud-bigquery-storage-core
  - google-cloud-core
  - google-cloud-cpp
  - google-cloud-storage
  - google-crc32c
  - google-pasta
  - google-resumable-media
  - googleapis-common-protos
  - gperftools
  - gptcache
  - gpustat
  - gql
  - graphene
  - graphite2
  - graphql-core
  - graphql-relay
  - graphviz
  - great_tables
  - greenlet
  - griffe
  - groq
  - grpc-cpp
  - grpcio
  - grpcio-gcp
  - grpcio-status
  - grpcio-tools
  - gst-plugins-base
  - gstreamer
  - gstreamer-orc
  - gtest
  - gtk2
  - gts
  - gxx
  - gxx_impl_linux-64
  - gxx_linux-64
  - h11
  - h2
  - h5netcdf
  - harfbuzz
  - hatchling
  - hdf4
  - hdf5
  - heapdict
  - hf-xet
  - hiredis
  - hjson-py
  - hpack
  - hstspreload
  - html2text
  - html5lib
  - html5tagger
  - htmltools
  - httpcore
  - httplib2
  - httptools
  - httpx
  - httpx-sse
  - httpx-ws
  - huey
  - huggingface_accelerate
  - huggingface_hub
  - humanfriendly
  - hypercorn
  - hyperframe
  - hyperlink
  - hypothesis
  - icu
  - idna
  - imagecodecs-lite
  - imagesize
  - imath
  - immutables
  - impi_rt
  - importlib-metadata
  - importlib-resources
  - importlib_metadata
  - importlib_resources
  - incremental
  - inflect
  - iniconfig
  - inquirer
  - inquirerpy
  - intel-openmp
  - interegular
  - invoke
  - iopath
  - ipython
  - ipython_genutils
  - ipywidgets
  - isl
  - isodate
  - isoduration
  - isort
  - itsdangerous
  - jack
  - jansson
  - jaraco.classes
  - jaraco.context
  - jaraco.functools
  - jaraco.itertools
  - jarowinkler
  - jasper
  - jax
  - jaxlib
  - jdcal
  - jedi
  - jeepney
  - jemalloc
  - jieba3k
  - jinja2
  - jinja2-ansible-filters
  - jinja2-time
  - jiter
  - jmespath
  - joblib
  - jpeg
  - jq
  - js2py
  - json-c
  - json5
  - jsonpatch
  - jsonpointer
  - jsonschema
  - jsonschema-path
  - jsonschema-spec
  - jsonschema-specifications
  - jsonschema-with-format-nongpl
  - jupyter-lsp
  - jupyter-packaging
  - jupyter_client
  - jupyter_core
  - jupyter_events
  - jupyter_server
  - jupyter_server_fileid
  - jupyter_server_terminals
  - jupyter_server_ydoc
  - jupyter_ydoc
  - jupyterlab
  - jupyterlab_pygments
  - jupyterlab_server
  - jupyterlab_widgets
  - jxrlib
  - kealib
  - keras
  - keras-base
  - keras-preprocessing
  - kernel-headers_linux-64
  - keyring
  - keyutils
  - kiwisolver
  - kombu
  - krb5
  - lame
  - langchain
  - langchain-community
  - langchain-core
  - langchain-openai
  - langchain-text-splitters
  - langcodes
  - langsmith
  - language-data
  - lark
  - launchdarkly-eventsource
  - launchdarkly-server-sdk
  - lazy-object-proxy
  - lcms2
  - ld_impl_linux-64
  - leptonica
  - lerc
  - libabseil
  - libabseil-static
  - libadbc-driver-postgresql
  - libadbc-driver-sqlite
  - libaec
  - libaio
  - libarchive
  - libasprintf
  - libasprintf-devel
  - libass
  - libattr
  - libavif
  - libblas
  - libboost
  - libboost-devel
  - libboost-headers
  - libbrotlicommon
  - libbrotlidec
  - libbrotlienc
  - libcap
  - libcblas
  - libcbor
  - libclang
  - libclang-cpp15
  - libclang-cpp19.1
  - libclang-cpp20.1
  - libclang-cpp21.1
  - libclang-cpp22.1
  - libclang13
  - libcrc32c
  - libcst
  - libcublas
  - libcublas-dev
  - libcublas-static
  - libcudnn
  - libcudnn-dev
  - libcufft
  - libcufft-dev
  - libcufft-static
  - libcufile
  - libcufile-dev
  - libcufile-static
  - libcuobjclient
  - libcuobjclient-dev
  - libcups
  - libcurand
  - libcurand-dev
  - libcurand-static
  - libcurl
  - libcusolver
  - libcusolver-dev
  - libcusolver-static
  - libcusparse
  - libcusparse-dev
  - libcusparse-static
  - libdap4
  - libdb
  - libdeflate
  - libdrm
  - libedit
  - libegl
  - libev
  - libevent
  - libexpat
  - libfabric
  - libfabric1
  - libfaiss
  - libfaiss-avx2
  - libffi
  - libfido2
  - libflac
  - libfreetype
  - libfreetype6
  - libgcc
  - libgcc-devel_linux-64
  - libgcc-ng
  - libgcrypt
  - libgcrypt-devel
  - libgcrypt-lib
  - libgcrypt-tools
  - libgd
  - libgdal
  - libgettextpo
  - libgettextpo-devel
  - libgfortran
  - libgfortran-ng
  - libgfortran4
  - libgfortran5
  - libgirepository
  - libgl
  - libglib
  - libglu
  - libglvnd
  - libglx
  - libgomp
  - libgoogle-cloud
  - libgpg-error
  - libharfbuzz
  - libharfbuzz-devel
  - libhwloc
  - libiconv
  - libidn2
  - libjemalloc
  - libjpeg-turbo
  - libkml
  - libkrb5
  - liblapack
  - liblapacke
  - libllvm10
  - libllvm11
  - libllvm13
  - libllvm14
  - libllvm15
  - libllvm16
  - libllvm17
  - libllvm18
  - libllvm19
  - libllvm20
  - libllvm21
  - libllvm22
  - libltdl
  - liblzma
  - liblzma-devel
  - libmxnet
  - libnetcdf
  - libnghttp2
  - libnl
  - libnpp
  - libnpp-dev
  - libnpp-static
  - libnsl
  - libntlm
  - libnuma
  - libnvfatbin
  - libnvfatbin-dev
  - libnvfatbin-static
  - libnvjitlink
  - libnvjitlink-dev
  - libnvjitlink-static
  - libnvjpeg
  - libnvjpeg-dev
  - libnvjpeg-static
  - libnvptxcompiler-dev
  - libnvptxcompiler-dev_linux-64
  - libnvvm-samples
  - libogg
  - libopenblas
  - libopencv
  - libopengl
  - libopus
  - libpciaccess
  - libpmix
  - libpng
  - libpq
  - libprotobuf
  - libpsl
  - librsvg
  - librttopo
  - libsanitizer
  - libsecret
  - libsndfile
  - libsodium
  - libspatialindex
  - libspatialite
  - libsqlite
  - libssh2
  - libstdcxx
  - libstdcxx-devel_linux-64
  - libstdcxx-ng
  - libsystemd0
  - libtasn1
  - libthrift
  - libtiff
  - libtirpc
  - libtmglib
  - libtool
  - libudev1
  - libunistring
  - libunwind
  - libutf8proc
  - libuuid
  - libuv
  - libva
  - libvorbis
  - libvpx
  - libwebp
  - libwebp-base
  - libxcb
  - libxcrypt
  - libxkbcommon
  - libxkbfile
  - libxml2
  - libxml2-16
  - libxslt
  - libzip
  - libzlib
  - libzopfli
  - llvmlite
  - lmdb
  - locket
  - lockfile
  - loguru
  - lxml
  - lxml-stubs
  - lz4
  - lz4-c
  - lzo
  - magma
  - mako
  - mapclassify
  - mariadb
  - mariadb-connector-c
  - marisa-trie
  - markdown
  - markdown-it-py
  - markdownify
  - markupsafe
  - marqo
  - marshmallow
  - marshmallow-enum
  - matplotlib-base
  - matplotlib-inline
  - mccabe
  - mdit-py-plugins
  - mdurl
  - mesalib
  - mimesis
  - minijinja
  - mistune
  - mkl
  - mkl-devel
  - mkl-include
  - mkl-service
  - mkl_fft
  - mkl_random
  - ml_dtypes
  - mlx
  - mmh3
  - mmhash3
  - mock
  - modin
  - modin-core
  - modin-dask
  - monotonic
  - more-itertools
  - motor
  - mpc
  - mpfr
  - mpg123
  - mpi
  - mpi4py
  - mpich
  - mpmath
  - msal
  - msal_extensions
  - msgpack-python
  - msgspec
  - msrest
  - multidict
  - multiprocess
  - munch
  - munkres
  - murmurhash
  - mwparserfromhell
  - mxnet
  - mypy
  - mypy-boto3-glue
  - mypy-protobuf
  - mypy_extensions
  - mysql
  - mysql-client
  - mysql-common
  - mysql-connector-c
  - mysql-libs
  - mysqlclient
  - namex
  - narwhals
  - nbclassic
  - nbclient
  - nbconvert
  - nbconvert-core
  - nbconvert-pandoc
  - nbformat
  - nc-time-axis
  - nccl
  - ncurses
  - nebula3-python
  - neo4j-python-driver
  - nest-asyncio
  - netcdf4
  - nettle
  - networkx
  - newspaper3k
  - ninja
  - ninja-base
  - nlohmann_json
  - nlohmann_json-abi
  - nltk
  - nodejs
  - nomkl
  - notebook
  - notebook-shim
  - nsight-compute
  - nspr
  - nss
  - numbagg
  - numexpr
  - numpy-base
  - numpy_groupies
  - nvidia-ml-py
  - o365
  - oauthlib
  - ocl-icd
  - odfpy
  - olefile
  - omegaconf
  - onemkl-license
  - oniguruma
  - onnxruntime
  - openai
  - openai-agents
  - openapi-core
  - openapi-schema-pydantic
  - openapi-schema-validator
  - openapi-spec-validator
  - openblas
  - openblas-devel
  - opencensus
  - opencensus-context
  - opencl-headers
  - opencv
  - openh264
  - openjpeg
  - openldap
  - openmpi
  - openpyxl
  - opensearch-py
  - openssh
  - openssl
  - opentelemetry-api
  - opentelemetry-distro
  - opentelemetry-exporter-otlp
  - opentelemetry-exporter-otlp-proto-common
  - opentelemetry-exporter-otlp-proto-grpc
  - opentelemetry-exporter-otlp-proto-http
  - opentelemetry-instrumentation
  - opentelemetry-proto
  - opentelemetry-sdk
  - opentelemetry-semantic-conventions
  - opt-einsum
  - opt_einsum
  - optax
  - optree
  - oracledb
  - orc
  - orjson
  - oscrypto
  - outcome
  - overrides
  - owslib
  - p11-kit
  - packaging
  - pandas
  - pandas-gbq
  - pandas-stubs
  - pandoc
  - pandocfilters
  - pango
  - paramiko
  - parquet-cpp
  - parse
  - parso
  - partd
  - pastel
  - pathable
  - pathlib-abc
  - pathlib2
  - pathos
  - pathspec
  - pathtools
  - pathy
  - patsy
  - pbr
  - pbs-installer
  - pcre
  - pcre2
  - perl
  - pexpect
  - pfzy
  - pg8000
  - pickleshare
  - pillow
  - pint
  - pixman
  - pkg-config
  - pkginfo
  - pkgutil-resolve-name
  - plac
  - platformdirs
  - plotly
  - pluggy
  - plumbum
  - ply
  - poetry
  - poetry-core
  - poetry-plugin-export
  - polars
  - polars-default
  - polars-lts-cpu
  - polars-runtime-32
  - polars-runtime-64
  - polars-runtime-compat
  - polars-u64-idx
  - pooch
  - poppler
  - poppler-data
  - portalocker
  - portaudio
  - postgresql
  - pox
  - poyo
  - ppft
  - prance
  - praw
  - prawcore
  - preshed
  - priority
  - proj
  - prometheus_client
  - promise
  - prompt-toolkit
  - prompt_toolkit
  - propcache
  - proto-plus
  - protobuf
  - protobuf3-to-dict
  - psycopg
  - psycopg-c
  - psycopg2
  - psycopg2-binary
  - psygnal
  - pthread-stubs
  - ptyprocess
  - pulseaudio
  - pulseaudio-client
  - pulseaudio-daemon
  - pure_eval
  - py
  - py-cpuinfo
  - py-mxnet
  - py-spy
  - py4j
  - pyarrow
  - pyarrow-hotfix
  - pyasn1
  - pyasn1-modules
  - pybind11-abi
  - pycairo
  - pycares
  - pycodestyle
  - pycparser
  - pycrypto
  - pycryptodome
  - pycryptodomex
  - pyctcdecode
  - pydantic
  - pydantic-core
  - pydantic-openapi-schema
  - pydantic_factories
  - pydata-google-auth
  - pydeck
  - pyee
  - pyflakes
  - pygments
  - pygobject
  - pygtrie
  - pyhamcrest
  - pyiceberg
  - pyjsparser
  - pyjwt
  - pykrb5
  - pylev
  - pylsqpack
  - pymongo
  - pympler
  - pymysql
  - pynacl
  - pynvml
  - pyopenssl
  - pyparsing
  - pypdf
  - pypdfium2
  - pyppeteer
  - pyproj
  - pyproject_hooks
  - pyqt
  - pyqt-impl
  - pyqt5-sip
  - pyqt6-sip
  - pyqtchart
  - pyqtwebengine
  - pyreadstat
  - pyrfc3339
  - pyro4
  - pyrsistent
  - pyserial
  - pyshp
  - pysocks
  - pyspark
  - pyspnego
  - pytables
  - pytesseract
  - pytest
  - pytest-faulthandler
  - pytest-subtests
  - pytest-sugar
  - python-build
  - python-calamine
  - python-crfsuite
  - python-dateutil
  - python-dotenv
  - python-duckdb
  - python-editor
  - python-fastjsonschema
  - python-flatbuffers
  - python-gil
  - python-graphviz
  - python-gssapi
  - python-installer
  - python-json-logger
  - python-lmdb
  - python-multipart
  - python-slugify
  - python-snappy
  - python-tzdata
  - python-xxhash
  - python_abi
  - pythran
  - pytokens
  - pytorch-cpu
  - pytorch-gpu
  - pytorch-mutex
  - pytz
  - pytz-deprecation-shim
  - pyu2f
  - pywavelets
  - pywin32
  - pywin32-on-windows
  - pyxlsb
  - pyyaml
  - pyyaml-include
  - pyzmq
  - pyzstd
  - qdrant-client
  - qt
  - qt-main
  - qt-webengine
  - qtbase
  - qtdeclarative
  - qtpy
  - qtsvg
  - qttools
  - qtwayland
  - qtwebchannel
  - qtwebkit
  - qtwebsockets
  - quart
  - questionary
  - rank-bm25
  - rapidfuzz
  - ray-core
  - ray-default
  - ray-tune
  - rdflib
  - rdma-core
  - re2
  - readchar
  - readline
  - redis
  - redis-py
  - referencing
  - regex
  - requests
  - requests-file
  - requests-kerberos
  - requests-oauthlib
  - requests-toolbelt
  - requests-unixsocket
  - responses
  - retrying
  - rfc3339-validator
  - rfc3986
  - rfc3986-validator
  - rfc3987-syntax
  - rhash
  - rich
  - rocm-core
  - rocm-smi
  - rpds-py
  - rq
  - rsa
  - rtree
  - ruamel.yaml
  - ruamel.yaml.clib
  - ruamel.yaml.jinja2
  - ruff
  - rx
  - s2n
  - s3transfer
  - sacremoses
  - safe-pysha3
  - safetensors
  - sagemaker
  - sanic
  - sanic-routing
  - scikit-learn
  - scramp
  - seaborn
  - seaborn-base
  - secretstorage
  - semver
  - send2trash
  - sentence-transformers
  - sentencepiece
  - sentry-sdk
  - serpent
  - service-identity
  - service_identity
  - setproctitle
  - setuptools
  - setuptools-scm
  - setuptools_scm
  - sgmllib3k
  - shellingham
  - shortuuid
  - shtab
  - simplejson
  - simsimd
  - sip
  - six
  - skia-pathops
  - sleef
  - smart-open
  - smart_open
  - smdebug-rulesconfig
  - smmap
  - smmap2
  - snappy
  - sniffio
  - snowballstemmer
  - snowflake-connector-python
  - snowflake-snowpark-python
  - socksio
  - sortedcontainers
  - soupsieve
  - soxr
  - spacy
  - spacy-alignments
  - spacy-legacy
  - spacy-loggers
  - spacy-transformers
  - sparse
  - sphinx
  - sphinxcontrib-applehelp
  - sphinxcontrib-devhelp
  - sphinxcontrib-htmlhelp
  - sphinxcontrib-jsmath
  - sphinxcontrib-qthelp
  - sphinxcontrib-serializinghtml
  - spirv-headers
  - spirv-tools
  - sqlalchemy
  - sqlite
  - sqlparse
  - srsly
  - stack_data
  - starlette
  - starlette-base
  - starlite
  - statsmodels
  - streamlit
  - strictyaml
  - stringcase
  - sudachipy
  - svt-av1
  - sympy
  - sysroot_linux-64
  - tabulate
  - taskgroup
  - tbb
  - tbb-devel
  - tblib
  - tenacity
  - tensorboard-data-server
  - tensorboard-plugin-wit
  - tensorflow
  - tensorflow-base
  - tensorflow-estimator
  - tensorflow-probability
  - terminado
  - tesseract
  - testpath
  - text-unidecode
  - thinc
  - thrift
  - tifffile
  - tiktoken
  - tiledb
  - timm
  - tinycss2
  - tinysegmenter
  - tk
  - tldextract
  - tokenize-rt
  - tokenizers
  - toml
  - tomli
  - tomli-w
  - tomlkit
  - toolz
  - tornado
  - tracerite
  - traitlets
  - transformers
  - trio
  - trove-classifiers
  - twisted
  - twython
  - typed-ast
  - typeguard
  - typer
  - typer-slim
  - typer-slim-standard
  - types-cffi
  - types-chardet
  - types-cryptography
  - types-docutils
  - types-enum34
  - types-futures
  - types-ipaddress
  - types-protobuf
  - types-pyopenssl
  - types-python-dateutil
  - types-pytz
  - types-pyyaml
  - types-redis
  - types-requests
  - types-setuptools
  - types-toml
  - types-urllib3
  - typing
  - typing-extensions
  - typing-inspection
  - typing_extensions
  - typing_inspect
  - typing_utils
  - tzcode
  - tzdata
  - tzlocal
  - ucc
  - ucx
  - ucx-proc
  - uharfbuzz
  - ujson
  - unicodedata2
  - unidecode
  - update_checker
  - uri-template
  - uriparser
  - uritemplate
  - urllib3
  - utf8proc
  - uvicorn
  - uvicorn-standard
  - uvloop
  - validators
  - vega_datasets
  - vincent
  - vine
  - virtualenv
  - vl-convert-python
  - wasabi
  - watchdog
  - watchfiles
  - watchgod
  - wayland
  - wayland-protocols
  - wcwidth
  - weasel
  - webcolors
  - webencodings
  - websocket-client
  - websockets
  - werkzeug
  - wheel
  - whichcraft
  - widgetsnbextension
  - wikipedia
  - wrapt
  - wsproto
  - x264
  - x265
  - xarray
  - xcb-util
  - xcb-util-cursor
  - xcb-util-image
  - xcb-util-keysyms
  - xcb-util-renderutil
  - xcb-util-wm
  - xeger
  - xerces-c
  - xkeyboard-config
  - xlrd
  - xlsx2csv
  - xlsxwriter
  - xlwt
  - xmltodict
  - xorg-compositeproto
  - xorg-damageproto
  - xorg-fixesproto
  - xorg-inputproto
  - xorg-kbproto
  - xorg-libice
  - xorg-libpthread-stubs
  - xorg-libsm
  - xorg-libx11
  - xorg-libxau
  - xorg-libxcb
  - xorg-libxcomposite
  - xorg-libxcursor
  - xorg-libxdamage
  - xorg-libxdmcp
  - xorg-libxext
  - xorg-libxfixes
  - xorg-libxft
  - xorg-libxi
  - xorg-libxpm
  - xorg-libxrandr
  - xorg-libxrender
  - xorg-libxshmfence
  - xorg-libxt
  - xorg-libxtst
  - xorg-libxxf86vm
  - xorg-randrproto
  - xorg-recordproto
  - xorg-renderproto
  - xorg-util-macros
  - xorg-xextproto
  - xorg-xf86vidmodeproto
  - xorg-xorgproto
  - xorg-xproto
  - xsimd
  - xxhash
  - xyzservices
  - xz
  - xz-gpl-tools
  - xz-tools
  - y-py
  - yacs
  - yaml
  - yarl
  - ypy-websocket
  - zeromq
  - zfp
  - zict
  - zipp
  - zlib
  - zlib-ng
  - zope
  - zope.interface
  - zopfli
  - zstandard
  - zstd
DEBUG conda.resolve:solve(1530): missing specs: 
  - _ipython_minor_entry_point
  - _libgcc_mutex
  - _mutex_mxnet
  - _openmp_mutex
  - _python_abi3_support
  - _sysroot_linux-64_curr_repodata_hack
  - _tflow_select
  - abseil-cpp
  - absl-py
  - adal
  - adbc-driver-manager
  - adbc-driver-postgresql
  - adbc-driver-sqlite
  - adlfs
  - aiodns
  - aiofiles
  - aiohappyeyeballs
  - aiohttp
  - aiohttp-cors
  - aiomysql
  - aioquic
  - aiosignal
  - aiosqlite
  - alabaster
  - alsa-lib
  - altair
  - amqp
  - aniso8601
  - annotated-types
  - ansi2html
  - anthropic
  - antlr-python-runtime
  - anyio
  - anywidget
  - aom
  - apache-arrow-proc
  - appdirs
  - apscheduler
  - argcomplete
  - argh
  - argon2-cffi
  - argon2-cffi-bindings
  - arq
  - arro3-core
  - arrow
  - arrow-cpp
  - arrow-cpp-proc
  - arxiv
  - asciitree
  - asgiref
  - asn1crypto
  - astroid
  - asttokens
  - astunparse
  - async-lru
  - async-timeout
  - async_generator
  - async_timeout
  - asyncpg
  - atk-1.0
  - atlassian-python-api
  - atomicwrites
  - attr
  - attrs
  - authlib
  - automat
  - aws-c-auth
  - aws-c-cal
  - aws-c-common
  - aws-c-compression
  - aws-c-event-stream
  - aws-c-http
  - aws-c-io
  - aws-c-mqtt
  - aws-c-s3
  - aws-c-sdkutils
  - aws-checksums
  - aws-crt-cpp
  - aws-sdk-cpp
  - azure-common
  - azure-core
  - azure-cosmos
  - azure-datalake-store
  - azure-identity
  - azure-nspkg
  - azure-storage-blob
  - azure-storage-common
  - babel
  - backcall
  - backoff
  - backports
  - backports-datetime-fromisoformat
  - backports.cached-property
  - backports.functools_lru_cache
  - backports.tarfile
  - backports.zoneinfo
  - bcrypt
  - beautifulsoup4
  - beniget
  - bibtexparser
  - billiard
  - binaryornot
  - binutils
  - binutils-meta
  - binutils_impl_linux-64
  - binutils_linux-64
  - black
  - blas
  - blas-devel
  - bleach
  - bleach-with-css
  - blessed
  - blinker
  - blis
  - blobfile
  - blosc
  - bokeh
  - boost-cpp
  - boto
  - botocore
  - bottle
  - bottleneck
  - branca
  - brotli
  - brotli-bin
  - brotli-python
  - brotlipy
  - brunsli
  - bz2file
  - bzip2
  - c-ares
  - c-blosc2
  - c-compiler
  - ca-certificates
  - cachecontrol
  - cachecontrol-with-filecache
  - cached-property
  - cached_property
  - cachetools
  - cachy
  - cairo
  - cartopy
  - catalogue
  - cccl
  - celery
  - certifi
  - cfitsio
  - cftime
  - chalice
  - chardet
  - charls
  - charset-normalizer
  - chex
  - cleo
  - click-didyoumean
  - click-plugins
  - click-repl
  - clickhouse-cityhash
  - clickhouse-connect
  - clickhouse-driver
  - cligj
  - clikit
  - cloog
  - cloudpathlib
  - cloudpickle
  - codecarbon
  - colorama
  - coloredlogs
  - colorful
  - colorlog
  - comm
  - commonmark
  - conda-gcc-specs
  - confection
  - connectorx
  - constantly
  - contextvars
  - contourpy
  - cookiecutter
  - cookies
  - copier
  - coverage
  - cpuonly
  - cpython
  - cramjam
  - crashtest
  - cryptography
  - css_inline
  - cssselect
  - cuda-bindings
  - cuda-cccl
  - cuda-cccl-impl
  - cuda-cccl_linux-64
  - cuda-command-line-tools
  - cuda-compiler
  - cuda-crt-dev_linux-64
  - cuda-crt-tools
  - cuda-ctadvisor
  - cuda-cudart
  - cuda-cudart-dev
  - cuda-cudart-dev_linux-64
  - cuda-cudart-static
  - cuda-cudart-static_linux-64
  - cuda-cudart_linux-64
  - cuda-culibos-static
  - cuda-cuobjdump
  - cuda-cupti
  - cuda-cupti-dev
  - cuda-cupti-static
  - cuda-cuxxfilt
  - cuda-documentation
  - cuda-driver-dev
  - cuda-driver-dev_linux-64
  - cuda-gdb
  - cuda-libraries
  - cuda-libraries-dev
  - cuda-libraries-static
  - cuda-memcheck
  - cuda-nsight
  - cuda-nsight-compute
  - cuda-nvcc
  - cuda-nvcc-dev_linux-64
  - cuda-nvcc-impl
  - cuda-nvcc-tools
  - cuda-nvcc_linux-64
  - cuda-nvdisasm
  - cuda-nvml-dev
  - cuda-nvprof
  - cuda-nvprune
  - cuda-nvrtc
  - cuda-nvrtc-dev
  - cuda-nvrtc-static
  - cuda-nvtx
  - cuda-nvvm
  - cuda-nvvm-dev_linux-64
  - cuda-nvvm-impl
  - cuda-nvvm-tools
  - cuda-nvvp
  - cuda-opencl
  - cuda-opencl-dev
  - cuda-pathfinder
  - cuda-profiler-api
  - cuda-python
  - cuda-samples
  - cuda-sanitizer-api
  - cuda-thrust
  - cuda-tileiras
  - cuda-toolkit
  - cuda-tools
  - cuda-version
  - cuda-visual-tools
  - cudnn
  - curio
  - curl
  - cx_oracle
  - cxx-compiler
  - cycler
  - cymem
  - cyrus-sasl
  - cython-blis
  - cytoolz
  - dash
  - dash-bootstrap-components
  - dash-core-components
  - dash-html-components
  - dash-renderer
  - dash-table
  - dask
  - dask-core
  - dataclasses
  - dataclasses-json
  - dav1d
  - db-dtypes
  - dbus
  - debugpy
  - decorator
  - deepspeed
  - defusedxml
  - deltalake
  - deprecated
  - deprecation
  - diskcache
  - distlib
  - distributed
  - distro
  - django
  - dm-tree
  - dnspython
  - docker-pycreds
  - docutils
  - duckdb
  - dulwich
  - dunamai
  - ecdsa
  - editables
  - elastic-transport
  - elasticsearch
  - email-validator
  - email_validator
  - entrypoints
  - esprima-python
  - et_xmlfile
  - eth-hash
  - etils
  - eval-type-backport
  - eval_type_backport
  - exceptiongroup
  - executing
  - expat
  - expiringdict
  - exrex
  - faicons
  - faiss
  - faiss-cpu
  - faiss-proc
  - faker
  - falcon
  - fast-query-parsers
  - fastai
  - fastapi
  - fastapi-cli
  - fastapi-core
  - fastavro
  - fastcache
  - fastcore
  - fastdownload
  - fasteners
  - fastexcel
  - fastparquet
  - fastprogress
  - feedfinder2
  - feedparser
  - ffmpeg
  - fftw
  - filelock
  - findpython
  - fiona
  - fire
  - fireworks-ai
  - flake8
  - flaky
  - flask
  - flask-compress
  - flask-talisman
  - flatbuffers
  - flax
  - flexcache
  - flexparser
  - flit
  - flit-core
  - flox
  - folium
  - font-ttf-dejavu-sans-mono
  - font-ttf-inconsolata
  - font-ttf-source-code-pro
  - font-ttf-ubuntu
  - fontconfig
  - fonts-anaconda
  - fonts-conda-ecosystem
  - fonts-conda-forge
  - fonttools
  - fqdn
  - freeglut
  - freetype
  - freexl
  - fribidi
  - frozenlist
  - fs
  - fsspec
  - funcy
  - future
  - fvcore
  - g-ir-build-tools
  - g-ir-host-tools
  - gast
  - gcc
  - gcc_impl_linux-64
  - gcc_linux-64
  - gcsfs
  - gdal
  - gdb
  - gdbm
  - gdk-pixbuf
  - gds-tools
  - gensim
  - geopandas
  - geopandas-base
  - geos
  - geotiff
  - getdaft
  - gettext
  - gettext-tools
  - gflags
  - gfortran_impl_linux-64
  - giflib
  - git
  - gitdb
  - gitdb2
  - gitignore-parser
  - gitpython
  - glib
  - glib-tools
  - glog
  - gmock
  - gmp
  - gmpy2
  - gnutls
  - gobject-introspection
  - google-api-core
  - google-api-core-grpc
  - google-api-python-client
  - google-auth
  - google-auth-httplib2
  - google-auth-oauthlib
  - google-cloud-bigquery
  - google-cloud-bigquery-core
  - google-cloud-bigquery-storage
  - google-cloud-bigquery-storage-core
  - google-cloud-core
  - google-cloud-cpp
  - google-cloud-storage
  - google-crc32c
  - google-pasta
  - google-resumable-media
  - googleapis-common-protos
  - gperftools
  - gptcache
  - gpustat
  - gql
  - graphene
  - graphite2
  - graphql-core
  - graphql-relay
  - graphviz
  - great_tables
  - greenlet
  - griffe
  - groq
  - grpc-cpp
  - grpcio
  - grpcio-gcp
  - grpcio-status
  - grpcio-tools
  - gst-plugins-base
  - gstreamer
  - gstreamer-orc
  - gtest
  - gtk2
  - gts
  - gxx
  - gxx_impl_linux-64
  - gxx_linux-64
  - h11
  - h2
  - h5netcdf
  - harfbuzz
  - hatchling
  - hdf4
  - hdf5
  - heapdict
  - hf-xet
  - hiredis
  - hjson-py
  - hpack
  - hstspreload
  - html2text
  - html5lib
  - html5tagger
  - htmltools
  - httpcore
  - httplib2
  - httptools
  - httpx
  - httpx-sse
  - httpx-ws
  - huey
  - huggingface_accelerate
  - huggingface_hub
  - humanfriendly
  - hypercorn
  - hyperframe
  - hyperlink
  - hypothesis
  - icu
  - idna
  - imagecodecs-lite
  - imagesize
  - imath
  - immutables
  - impi_rt
  - importlib-metadata
  - importlib-resources
  - importlib_metadata
  - importlib_resources
  - incremental
  - inflect
  - iniconfig
  - inquirer
  - inquirerpy
  - intel-openmp
  - interegular
  - invoke
  - iopath
  - ipython
  - ipython_genutils
  - ipywidgets
  - isl
  - isodate
  - isoduration
  - isort
  - itsdangerous
  - jack
  - jansson
  - jaraco.classes
  - jaraco.context
  - jaraco.functools
  - jaraco.itertools
  - jarowinkler
  - jasper
  - jax
  - jaxlib
  - jdcal
  - jedi
  - jeepney
  - jemalloc
  - jieba3k
  - jinja2
  - jinja2-ansible-filters
  - jinja2-time
  - jiter
  - jmespath
  - joblib
  - jpeg
  - jq
  - js2py
  - json-c
  - json5
  - jsonpatch
  - jsonpointer
  - jsonschema
  - jsonschema-path
  - jsonschema-spec
  - jsonschema-specifications
  - jsonschema-with-format-nongpl
  - jupyter-lsp
  - jupyter-packaging
  - jupyter_client
  - jupyter_core
  - jupyter_events
  - jupyter_server
  - jupyter_server_fileid
  - jupyter_server_terminals
  - jupyter_server_ydoc
  - jupyter_ydoc
  - jupyterlab
  - jupyterlab_pygments
  - jupyterlab_server
  - jupyterlab_widgets
  - jxrlib
  - kealib
  - keras
  - keras-base
  - keras-preprocessing
  - kernel-headers_linux-64
  - keyring
  - keyutils
  - kiwisolver
  - kombu
  - krb5
  - lame
  - langchain
  - langchain-community
  - langchain-core
  - langchain-openai
  - langchain-text-splitters
  - langcodes
  - langsmith
  - language-data
  - lark
  - launchdarkly-eventsource
  - launchdarkly-server-sdk
  - lazy-object-proxy
  - lcms2
  - ld_impl_linux-64
  - leptonica
  - lerc
  - libabseil
  - libabseil-static
  - libadbc-driver-postgresql
  - libadbc-driver-sqlite
  - libaec
  - libaio
  - libarchive
  - libasprintf
  - libasprintf-devel
  - libass
  - libattr
  - libavif
  - libblas
  - libboost
  - libboost-devel
  - libboost-headers
  - libbrotlicommon
  - libbrotlidec
  - libbrotlienc
  - libcap
  - libcblas
  - libcbor
  - libclang
  - libclang-cpp15
  - libclang-cpp19.1
  - libclang-cpp20.1
  - libclang-cpp21.1
  - libclang-cpp22.1
  - libclang13
  - libcrc32c
  - libcst
  - libcublas
  - libcublas-dev
  - libcublas-static
  - libcudnn
  - libcudnn-dev
  - libcufft
  - libcufft-dev
  - libcufft-static
  - libcufile
  - libcufile-dev
  - libcufile-static
  - libcuobjclient
  - libcuobjclient-dev
  - libcups
  - libcurand
  - libcurand-dev
  - libcurand-static
  - libcurl
  - libcusolver
  - libcusolver-dev
  - libcusolver-static
  - libcusparse
  - libcusparse-dev
  - libcusparse-static
  - libdap4
  - libdb
  - libdeflate
  - libdrm
  - libedit
  - libegl
  - libev
  - libevent
  - libexpat
  - libfabric
  - libfabric1
  - libfaiss
  - libfaiss-avx2
  - libffi
  - libfido2
  - libflac
  - libfreetype
  - libfreetype6
  - libgcc
  - libgcc-devel_linux-64
  - libgcc-ng
  - libgcrypt
  - libgcrypt-devel
  - libgcrypt-lib
  - libgcrypt-tools
  - libgd
  - libgdal
  - libgettextpo
  - libgettextpo-devel
  - libgfortran
  - libgfortran-ng
  - libgfortran4
  - libgfortran5
  - libgirepository
  - libgl
  - libglib
  - libglu
  - libglvnd
  - libglx
  - libgomp
  - libgoogle-cloud
  - libgpg-error
  - libharfbuzz
  - libharfbuzz-devel
  - libhwloc
  - libiconv
  - libidn2
  - libjemalloc
  - libjpeg-turbo
  - libkml
  - libkrb5
  - liblapack
  - liblapacke
  - libllvm10
  - libllvm11
  - libllvm13
  - libllvm14
  - libllvm15
  - libllvm16
  - libllvm17
  - libllvm18
  - libllvm19
  - libllvm20
  - libllvm21
  - libllvm22
  - libltdl
  - liblzma
  - liblzma-devel
  - libmxnet
  - libnetcdf
  - libnghttp2
  - libnl
  - libnpp
  - libnpp-dev
  - libnpp-static
  - libnsl
  - libntlm
  - libnuma
  - libnvfatbin
  - libnvfatbin-dev
  - libnvfatbin-static
  - libnvjitlink
  - libnvjitlink-dev
  - libnvjitlink-static
  - libnvjpeg
  - libnvjpeg-dev
  - libnvjpeg-static
  - libnvptxcompiler-dev
  - libnvptxcompiler-dev_linux-64
  - libnvvm-samples
  - libogg
  - libopenblas
  - libopencv
  - libopengl
  - libopus
  - libpciaccess
  - libpmix
  - libpng
  - libpq
  - libprotobuf
  - libpsl
  - librsvg
  - librttopo
  - libsanitizer
  - libsecret
  - libsndfile
  - libsodium
  - libspatialindex
  - libspatialite
  - libsqlite
  - libssh2
  - libstdcxx
  - libstdcxx-devel_linux-64
  - libstdcxx-ng
  - libsystemd0
  - libtasn1
  - libthrift
  - libtiff
  - libtirpc
  - libtmglib
  - libtool
  - libudev1
  - libunistring
  - libunwind
  - libutf8proc
  - libuuid
  - libuv
  - libva
  - libvorbis
  - libvpx
  - libwebp
  - libwebp-base
  - libxcb
  - libxcrypt
  - libxkbcommon
  - libxkbfile
  - libxml2
  - libxml2-16
  - libxslt
  - libzip
  - libzlib
  - libzopfli
  - llvmlite
  - lmdb
  - locket
  - lockfile
  - loguru
  - lxml
  - lxml-stubs
  - lz4
  - lz4-c
  - lzo
  - magma
  - mako
  - mapclassify
  - mariadb
  - mariadb-connector-c
  - marisa-trie
  - markdown
  - markdown-it-py
  - markdownify
  - markupsafe
  - marqo
  - marshmallow
  - marshmallow-enum
  - matplotlib-base
  - matplotlib-inline
  - mccabe
  - mdit-py-plugins
  - mdurl
  - mesalib
  - mimesis
  - minijinja
  - mistune
  - mkl
  - mkl-devel
  - mkl-include
  - mkl-service
  - mkl_fft
  - mkl_random
  - ml_dtypes
  - mlx
  - mmh3
  - mmhash3
  - mock
  - modin
  - modin-core
  - modin-dask
  - monotonic
  - more-itertools
  - motor
  - mpc
  - mpfr
  - mpg123
  - mpi
  - mpi4py
  - mpich
  - mpmath
  - msal
  - msal_extensions
  - msgpack-python
  - msgspec
  - msrest
  - multidict
  - multiprocess
  - munch
  - munkres
  - murmurhash
  - mwparserfromhell
  - mxnet
  - mypy
  - mypy-boto3-glue
  - mypy-protobuf
  - mypy_extensions
  - mysql
  - mysql-client
  - mysql-common
  - mysql-connector-c
  - mysql-libs
  - mysqlclient
  - namex
  - narwhals
  - nbclassic
  - nbclient
  - nbconvert
  - nbconvert-core
  - nbconvert-pandoc
  - nbformat
  - nc-time-axis
  - nccl
  - ncurses
  - nebula3-python
  - neo4j-python-driver
  - nest-asyncio
  - netcdf4
  - nettle
  - networkx
  - newspaper3k
  - ninja
  - ninja-base
  - nlohmann_json
  - nlohmann_json-abi
  - nltk
  - nodejs
  - nomkl
  - notebook
  - notebook-shim
  - nsight-compute
  - nspr
  - nss
  - numbagg
  - numexpr
  - numpy-base
  - numpy_groupies
  - nvidia-ml-py
  - o365
  - oauthlib
  - ocl-icd
  - odfpy
  - olefile
  - omegaconf
  - onemkl-license
  - oniguruma
  - onnxruntime
  - openai
  - openai-agents
  - openapi-core
  - openapi-schema-pydantic
  - openapi-schema-validator
  - openapi-spec-validator
  - openblas
  - openblas-devel
  - opencensus
  - opencensus-context
  - opencl-headers
  - opencv
  - openh264
  - openjpeg
  - openldap
  - openmpi
  - openpyxl
  - opensearch-py
  - openssh
  - openssl
  - opentelemetry-api
  - opentelemetry-distro
  - opentelemetry-exporter-otlp
  - opentelemetry-exporter-otlp-proto-common
  - opentelemetry-exporter-otlp-proto-grpc
  - opentelemetry-exporter-otlp-proto-http
  - opentelemetry-instrumentation
  - opentelemetry-proto
  - opentelemetry-sdk
  - opentelemetry-semantic-conventions
  - opt-einsum
  - opt_einsum
  - optax
  - optree
  - oracledb
  - orc
  - orjson
  - oscrypto
  - outcome
  - overrides
  - owslib
  - p11-kit
  - packaging
  - pandas
  - pandas-gbq
  - pandas-stubs
  - pandoc
  - pandocfilters
  - pango
  - paramiko
  - parquet-cpp
  - parse
  - parso
  - partd
  - pastel
  - pathable
  - pathlib-abc
  - pathlib2
  - pathos
  - pathspec
  - pathtools
  - pathy
  - patsy
  - pbr
  - pbs-installer
  - pcre
  - pcre2
  - perl
  - pexpect
  - pfzy
  - pg8000
  - pickleshare
  - pillow
  - pint
  - pixman
  - pkg-config
  - pkginfo
  - pkgutil-resolve-name
  - plac
  - platformdirs
  - plotly
  - pluggy
  - plumbum
  - ply
  - poetry
  - poetry-core
  - poetry-plugin-export
  - polars
  - polars-default
  - polars-lts-cpu
  - polars-runtime-32
  - polars-runtime-64
  - polars-runtime-compat
  - polars-u64-idx
  - pooch
  - poppler
  - poppler-data
  - portalocker
  - portaudio
  - postgresql
  - pox
  - poyo
  - ppft
  - prance
  - praw
  - prawcore
  - preshed
  - priority
  - proj
  - prometheus_client
  - promise
  - prompt-toolkit
  - prompt_toolkit
  - propcache
  - proto-plus
  - protobuf
  - protobuf3-to-dict
  - psycopg
  - psycopg-c
  - psycopg2
  - psycopg2-binary
  - psygnal
  - pthread-stubs
  - ptyprocess
  - pulseaudio
  - pulseaudio-client
  - pulseaudio-daemon
  - pure_eval
  - py
  - py-cpuinfo
  - py-mxnet
  - py-spy
  - py4j
  - pyarrow
  - pyarrow-hotfix
  - pyasn1
  - pyasn1-modules
  - pybind11-abi
  - pycairo
  - pycares
  - pycodestyle
  - pycparser
  - pycrypto
  - pycryptodome
  - pycryptodomex
  - pyctcdecode
  - pydantic
  - pydantic-core
  - pydantic-openapi-schema
  - pydantic_factories
  - pydata-google-auth
  - pydeck
  - pyee
  - pyflakes
  - pygments
  - pygobject
  - pygtrie
  - pyhamcrest
  - pyiceberg
  - pyjsparser
  - pyjwt
  - pykrb5
  - pylev
  - pylsqpack
  - pymongo
  - pympler
  - pymysql
  - pynacl
  - pynvml
  - pyopenssl
  - pyparsing
  - pypdf
  - pypdfium2
  - pyppeteer
  - pyproj
  - pyproject_hooks
  - pyqt
  - pyqt-impl
  - pyqt5-sip
  - pyqt6-sip
  - pyqtchart
  - pyqtwebengine
  - pyreadstat
  - pyrfc3339
  - pyro4
  - pyrsistent
  - pyserial
  - pyshp
  - pysocks
  - pyspark
  - pyspnego
  - pytables
  - pytesseract
  - pytest
  - pytest-faulthandler
  - pytest-subtests
  - pytest-sugar
  - python-build
  - python-calamine
  - python-crfsuite
  - python-dateutil
  - python-dotenv
  - python-duckdb
  - python-editor
  - python-fastjsonschema
  - python-flatbuffers
  - python-gil
  - python-graphviz
  - python-gssapi
  - python-installer
  - python-json-logger
  - python-lmdb
  - python-multipart
  - python-slugify
  - python-snappy
  - python-tzdata
  - python-xxhash
  - python_abi
  - pythran
  - pytokens
  - pytorch-cpu
  - pytorch-gpu
  - pytorch-mutex
  - pytz
  - pytz-deprecation-shim
  - pyu2f
  - pywavelets
  - pywin32
  - pywin32-on-windows
  - pyxlsb
  - pyyaml
  - pyyaml-include
  - pyzmq
  - pyzstd
  - qdrant-client
  - qt
  - qt-main
  - qt-webengine
  - qtbase
  - qtdeclarative
  - qtpy
  - qtsvg
  - qttools
  - qtwayland
  - qtwebchannel
  - qtwebkit
  - qtwebsockets
  - quart
  - questionary
  - rank-bm25
  - rapidfuzz
  - ray-core
  - ray-default
  - ray-tune
  - rdflib
  - rdma-core
  - re2
  - readchar
  - readline
  - redis
  - redis-py
  - referencing
  - regex
  - requests
  - requests-file
  - requests-kerberos
  - requests-oauthlib
  - requests-toolbelt
  - requests-unixsocket
  - responses
  - retrying
  - rfc3339-validator
  - rfc3986
  - rfc3986-validator
  - rfc3987-syntax
  - rhash
  - rich
  - rocm-core
  - rocm-smi
  - rpds-py
  - rq
  - rsa
  - rtree
  - ruamel.yaml
  - ruamel.yaml.clib
  - ruamel.yaml.jinja2
  - ruff
  - rx
  - s2n
  - s3transfer
  - sacremoses
  - safe-pysha3
  - safetensors
  - sagemaker
  - sanic
  - sanic-routing
  - scikit-learn
  - scramp
  - seaborn
  - seaborn-base
  - secretstorage
  - semver
  - send2trash
  - sentence-transformers
  - sentencepiece
  - sentry-sdk
  - serpent
  - service-identity
  - service_identity
  - setproctitle
  - setuptools
  - setuptools-scm
  - setuptools_scm
  - sgmllib3k
  - shellingham
  - shortuuid
  - shtab
  - simplejson
  - simsimd
  - sip
  - six
  - skia-pathops
  - sleef
  - smart-open
  - smart_open
  - smdebug-rulesconfig
  - smmap
  - smmap2
  - snappy
  - sniffio
  - snowballstemmer
  - snowflake-connector-python
  - snowflake-snowpark-python
  - socksio
  - sortedcontainers
  - soupsieve
  - soxr
  - spacy
  - spacy-alignments
  - spacy-legacy
  - spacy-loggers
  - spacy-transformers
  - sparse
  - sphinx
  - sphinxcontrib-applehelp
  - sphinxcontrib-devhelp
  - sphinxcontrib-htmlhelp
  - sphinxcontrib-jsmath
  - sphinxcontrib-qthelp
  - sphinxcontrib-serializinghtml
  - spirv-headers
  - spirv-tools
  - sqlalchemy
  - sqlite
  - sqlparse
  - srsly
  - stack_data
  - starlette
  - starlette-base
  - starlite
  - statsmodels
  - streamlit
  - strictyaml
  - stringcase
  - sudachipy
  - svt-av1
  - sympy
  - sysroot_linux-64
  - tabulate
  - taskgroup
  - tbb
  - tbb-devel
  - tblib
  - tenacity
  - tensorboard-data-server
  - tensorboard-plugin-wit
  - tensorflow
  - tensorflow-base
  - tensorflow-estimator
  - tensorflow-probability
  - terminado
  - tesseract
  - testpath
  - text-unidecode
  - thinc
  - thrift
  - tifffile
  - tiktoken
  - tiledb
  - timm
  - tinycss2
  - tinysegmenter
  - tk
  - tldextract
  - tokenize-rt
  - tokenizers
  - toml
  - tomli
  - tomli-w
  - tomlkit
  - toolz
  - tornado
  - tracerite
  - traitlets
  - transformers
  - trio
  - trove-classifiers
  - twisted
  - twython
  - typed-ast
  - typeguard
  - typer
  - typer-slim
  - typer-slim-standard
  - types-cffi
  - types-chardet
  - types-cryptography
  - types-docutils
  - types-enum34
  - types-futures
  - types-ipaddress
  - types-protobuf
  - types-pyopenssl
  - types-python-dateutil
  - types-pytz
  - types-pyyaml
  - types-redis
  - types-requests
  - types-setuptools
  - types-toml
  - types-urllib3
  - typing
  - typing-extensions
  - typing-inspection
  - typing_extensions
  - typing_inspect
  - typing_utils
  - tzcode
  - tzdata
  - tzlocal
  - ucc
  - ucx
  - ucx-proc
  - uharfbuzz
  - ujson
  - unicodedata2
  - unidecode
  - update_checker
  - uri-template
  - uriparser
  - uritemplate
  - urllib3
  - utf8proc
  - uvicorn
  - uvicorn-standard
  - uvloop
  - validators
  - vega_datasets
  - vincent
  - vine
  - virtualenv
  - vl-convert-python
  - wasabi
  - watchdog
  - watchfiles
  - watchgod
  - wayland
  - wayland-protocols
  - wcwidth
  - weasel
  - webcolors
  - webencodings
  - websocket-client
  - websockets
  - werkzeug
  - wheel
  - whichcraft
  - widgetsnbextension
  - wikipedia
  - wrapt
  - wsproto
  - x264
  - x265
  - xarray
  - xcb-util
  - xcb-util-cursor
  - xcb-util-image
  - xcb-util-keysyms
  - xcb-util-renderutil
  - xcb-util-wm
  - xeger
  - xerces-c
  - xkeyboard-config
  - xlrd
  - xlsx2csv
  - xlsxwriter
  - xlwt
  - xmltodict
  - xorg-compositeproto
  - xorg-damageproto
  - xorg-fixesproto
  - xorg-inputproto
  - xorg-kbproto
  - xorg-libice
  - xorg-libpthread-stubs
  - xorg-libsm
  - xorg-libx11
  - xorg-libxau
  - xorg-libxcb
  - xorg-libxcomposite
  - xorg-libxcursor
  - xorg-libxdamage
  - xorg-libxdmcp
  - xorg-libxext
  - xorg-libxfixes
  - xorg-libxft
  - xorg-libxi
  - xorg-libxpm
  - xorg-libxrandr
  - xorg-libxrender
  - xorg-libxshmfence
  - xorg-libxt
  - xorg-libxtst
  - xorg-libxxf86vm
  - xorg-randrproto
  - xorg-recordproto
  - xorg-renderproto
  - xorg-util-macros
  - xorg-xextproto
  - xorg-xf86vidmodeproto
  - xorg-xorgproto
  - xorg-xproto
  - xsimd
  - xxhash
  - xyzservices
  - xz
  - xz-gpl-tools
  - xz-tools
  - y-py
  - yacs
  - yaml
  - yarl
  - ypy-websocket
  - zeromq
  - zfp
  - zict
  - zipp
  - zlib
  - zlib-ng
  - zope
  - zope.interface
  - zopfli
  - zstandard
  - zstd
DEBUG conda.resolve:solve(1533): Solve: minimize removed packages
DEBUG conda.resolve:solve(1540): Solve: maximize versions of requested packages
DEBUG conda.common._logic:_run_sat(613): Invoking SAT with clause count: 685796
DEBUG conda.common._logic:minimize(756): Final peak objective: 0
DEBUG conda.common._logic:_run_sat(613): Invoking SAT with clause count: 685887
DEBUG conda.common._logic:_run_sat(613): Invoking SAT with clause count: 685860
DEBUG conda.common._logic:_run_sat(613): Invoking SAT with clause count: 685867
DEBUG conda.common._logic:_run_sat(613): Invoking SAT with clause count: 685864
DEBUG conda.common._logic:_run_sat(613): Invoking SAT with clause count: 685860
DEBUG conda.common._logic:minimize(756): Final peak objective: 5
DEBUG conda.common._logic:_run_sat(613): Invoking SAT with clause count: 686443
DEBUG conda.common._logic:_run_sat(613): Invoking SAT with clause count: 686296
DEBUG conda.common._logic:_run_sat(613): Invoking SAT with clause count: 686191
DEBUG conda.common._logic:_run_sat(613): Invoking SAT with clause count: 686139
DEBUG conda.common._logic:minimize(756): Final sum objective: 5
DEBUG conda.common._logic:minimize(769): New peak objective: 5
DEBUG conda.resolve:solve(1546): Initial package channel/version metric: 0/5
DEBUG conda.resolve:solve(1549): Solve: minimize track_feature count
DEBUG conda.resolve:generate_feature_count(1077): generate_feature_count returning with clause count: 688126
DEBUG conda.common._logic:minimize(667): Clauses added, recomputing solution
DEBUG conda.common._logic:_run_sat(613): Invoking SAT with clause count: 688126
DEBUG conda.common._logic:_run_sat(613): Invoking SAT with clause count: 688175
DEBUG conda.common._logic:_run_sat(613): Invoking SAT with clause count: 688500
DEBUG conda.common._logic:_run_sat(613): Invoking SAT with clause count: 688364
DEBUG conda.common._logic:_run_sat(613): Invoking SAT with clause count: 688502
DEBUG conda.common._logic:minimize(756): Final sum objective: 2
DEBUG conda.common._logic:minimize(769): New peak objective: 1
DEBUG conda.resolve:solve(1552): Track feature count: 2
DEBUG conda.common._logic:minimize(673): Empty objective, trivial solution
DEBUG conda.resolve:solve(1563): Package misfeature count: 0
DEBUG conda.resolve:solve(1566): Solve: maximize build numbers of requested packages
DEBUG conda.common._logic:_run_sat(613): Invoking SAT with clause count: 688591
DEBUG conda.common._logic:_run_sat(613): Invoking SAT with clause count: 688507
DEBUG conda.common._logic:_run_sat(613): Invoking SAT with clause count: 688505
DEBUG conda.common._logic:_run_sat(613): Invoking SAT with clause count: 688506
DEBUG conda.common._logic:minimize(756): Final peak objective: 6
DEBUG conda.common._logic:_run_sat(613): Invoking SAT with clause count: 695312
DEBUG conda.common._logic:_run_sat(613): Invoking SAT with clause count: 692810
DEBUG conda.common._logic:_run_sat(613): Invoking SAT with clause count: 691388
DEBUG conda.common._logic:_run_sat(613): Invoking SAT with clause count: 690508
DEBUG conda.common._logic:_run_sat(613): Invoking SAT with clause count: 690932
DEBUG conda.common._logic:_run_sat(613): Invoking SAT with clause count: 690692
DEBUG conda.common._logic:_run_sat(613): Invoking SAT with clause count: 690907
DEBUG conda.common._logic:minimize(756): Final sum objective: 11
DEBUG conda.common._logic:minimize(769): New peak objective: 6
DEBUG conda.resolve:solve(1568): Initial package build metric: 11
DEBUG conda.resolve:solve(1571): Solve: prefer arch over noarch for requested packages
DEBUG conda.common._logic:minimize(673): Empty objective, trivial solution
DEBUG conda.resolve:solve(1573): Noarch metric: 0
DEBUG conda.resolve:solve(1577): Solve: minimize number of optional installations
DEBUG conda.common._logic:minimize(673): Empty objective, trivial solution
DEBUG conda.resolve:solve(1580): Optional package install metric: 0
DEBUG conda.resolve:solve(1583): Solve: minimize number of necessary upgrades
DEBUG conda.common._logic:minimize(673): Empty objective, trivial solution
DEBUG conda.resolve:solve(1586): Dependency update count: 0
DEBUG conda.resolve:solve(1589): Solve: maximize versions and builds of indirect dependencies.  Prefer arch over noarch where equivalent.
DEBUG conda.common._logic:_run_sat(613): Invoking SAT with clause count: 700569
DEBUG conda.common._logic:_run_sat(613): Invoking SAT with clause count: 691633
DEBUG conda.common._logic:minimize(756): Final peak objective: 1
DEBUG conda.common._logic:_run_sat(613): Invoking SAT with clause count: 6487552
DEBUG conda.common._logic:_run_sat(613): Invoking SAT with clause count: 2755936
DEBUG conda.common._logic:_run_sat(613): Invoking SAT with clause count: 1697296
DEBUG conda.common._logic:_run_sat(613): Invoking SAT with clause count: 1217776
DEBUG conda.common._logic:_run_sat(613): Invoking SAT with clause count: 977287
DEBUG conda.common._logic:_run_sat(613): Invoking SAT with clause count: 843472
DEBUG conda.common._logic:_run_sat(613): Invoking SAT with clause count: 789904
DEBUG conda.common._logic:_run_sat(613): Invoking SAT with clause count: 816699
DEBUG conda.common._logic:minimize(756): Final sum objective: 4
DEBUG conda.common._logic:minimize(769): New peak objective: 1
DEBUG conda.common._logic:_run_sat(613): Invoking SAT with clause count: 858089
DEBUG conda.common._logic:_run_sat(613): Invoking SAT with clause count: 819021
DEBUG conda.common._logic:_run_sat(613): Invoking SAT with clause count: 822573
DEBUG conda.common._logic:_run_sat(613): Invoking SAT with clause count: 820136
DEBUG conda.common._logic:_run_sat(613): Invoking SAT with clause count: 821019
DEBUG conda.common._logic:_run_sat(613): Invoking SAT with clause count: 820469
DEBUG conda.common._logic:_run_sat(613): Invoking SAT with clause count: 820299
DEBUG conda.common._logic:_run_sat(613): Invoking SAT with clause count: 820217
DEBUG conda.common._logic:_run_sat(613): Invoking SAT with clause count: 820136
DEBUG conda.common._logic:minimize(756): Final peak objective: 54
DEBUG conda.common._logic:_run_sat(613): Invoking SAT with clause count: 393912280
Terminated
