repeat,direction,source_pool_size,target_pool_size,method,selected_count,precision_against_independent_bottom20,recall_against_independent_bottom20,jaccard_against_independent_bottom20,mean_independent_rank_percentile,negative_score_rate_in_independent_pool
0,A_to_B,50,50,fixed_bottom20,38.0,0.42105263157894735,0.42105263157894735,0.26666666666666666,0.3755482456140351,0.5
0,A_to_B,50,50,fixed_bottom10,19.0,0.47368421052631576,0.23684210526315788,0.1875,0.3097587719298246,0.5789473684210527
0,A_to_B,50,50,stable_core_p_ge_0.80,15.0,0.3333333333333333,0.13157894736842105,0.10416666666666667,0.3645833333333333,0.4666666666666667
0,A_to_B,50,50,matched_size_bottom_for_p_ge_0.80,15.0,0.4,0.15789473684210525,0.1276595744680851,0.3218750000000001,0.5333333333333333
0,A_to_B,50,50,stable_core_p_ge_0.90,7.0,0.14285714285714285,0.02631578947368421,0.022727272727272728,0.4479166666666667,0.2857142857142857
0,A_to_B,50,50,matched_size_bottom_for_p_ge_0.90,7.0,0.42857142857142855,0.07894736842105263,0.07142857142857142,0.36830357142857145,0.42857142857142855
0,A_to_B,50,50,stable_core_p_ge_0.95,4.0,0.25,0.02631578947368421,0.024390243902439025,0.3671875,0.25
0,A_to_B,50,50,matched_size_bottom_for_p_ge_0.95,4.0,0.25,0.02631578947368421,0.024390243902439025,0.50390625,0.25
0,B_to_A,50,50,fixed_bottom20,38.0,0.42105263157894735,0.42105263157894735,0.26666666666666666,0.3665021929824562,0.5789473684210527
0,B_to_A,50,50,fixed_bottom10,19.0,0.5263157894736842,0.2631578947368421,0.2127659574468085,0.2801535087719298,0.7368421052631579
0,B_to_A,50,50,stable_core_p_ge_0.80,7.0,0.5714285714285714,0.10526315789473684,0.0975609756097561,0.31026785714285715,0.5714285714285714
0,B_to_A,50,50,matched_size_bottom_for_p_ge_0.80,7.0,0.8571428571428571,0.15789473684210525,0.15384615384615385,0.10863095238095237,1.0
0,B_to_A,50,50,stable_core_p_ge_0.90,2.0,1.0,0.05263157894736842,0.05263157894736842,0.08072916666666667,1.0
0,B_to_A,50,50,matched_size_bottom_for_p_ge_0.90,2.0,1.0,0.05263157894736842,0.05263157894736842,0.03125,1.0
0,B_to_A,50,50,stable_core_p_ge_0.95,1.0,1.0,0.02631578947368421,0.02631578947368421,0.125,1.0
0,B_to_A,50,50,matched_size_bottom_for_p_ge_0.95,1.0,1.0,0.02631578947368421,0.02631578947368421,0.036458333333333336,1.0
1,A_to_B,50,50,fixed_bottom20,38.0,0.3684210526315789,0.3684210526315789,0.22580645161290322,0.38418311403508776,0.5526315789473685
1,A_to_B,50,50,fixed_bottom10,19.0,0.47368421052631576,0.23684210526315788,0.1875,0.3358004385964913,0.631578947368421
1,A_to_B,50,50,stable_core_p_ge_0.80,13.0,0.5384615384615384,0.18421052631578946,0.1590909090909091,0.24759615384615385,0.7692307692307693
1,A_to_B,50,50,matched_size_bottom_for_p_ge_0.80,13.0,0.46153846153846156,0.15789473684210525,0.13333333333333333,0.2796474358974359,0.6923076923076923
1,A_to_B,50,50,stable_core_p_ge_0.90,5.0,0.8,0.10526315789473684,0.10256410256410256,0.12604166666666666,1.0
1,A_to_B,50,50,matched_size_bottom_for_p_ge_0.90,5.0,0.4,0.05263157894736842,0.04878048780487805,0.334375,0.6
1,A_to_B,50,50,stable_core_p_ge_0.95,3.0,0.6666666666666666,0.05263157894736842,0.05128205128205128,0.14930555555555555,1.0
1,A_to_B,50,50,matched_size_bottom_for_p_ge_0.95,3.0,0.6666666666666666,0.05263157894736842,0.05128205128205128,0.2604166666666667,0.6666666666666666
1,B_to_A,50,50,fixed_bottom20,38.0,0.3684210526315789,0.3684210526315789,0.22580645161290322,0.352796052631579,0.5526315789473685
1,B_to_A,50,50,fixed_bottom10,19.0,0.47368421052631576,0.23684210526315788,0.1875,0.3294956140350877,0.5263157894736842
1,B_to_A,50,50,stable_core_p_ge_0.80,8.0,0.375,0.07894736842105263,0.06976744186046512,0.36979166666666663,0.375
1,B_to_A,50,50,matched_size_bottom_for_p_ge_0.80,8.0,0.375,0.07894736842105263,0.06976744186046512,0.37890625,0.375
1,B_to_A,50,50,stable_core_p_ge_0.90,4.0,0.25,0.02631578947368421,0.024390243902439025,0.4192708333333333,0.25
1,B_to_A,50,50,matched_size_bottom_for_p_ge_0.90,4.0,0.75,0.07894736842105263,0.07692307692307693,0.17317708333333334,0.75
1,B_to_A,50,50,stable_core_p_ge_0.95,4.0,0.25,0.02631578947368421,0.024390243902439025,0.4192708333333333,0.25
1,B_to_A,50,50,matched_size_bottom_for_p_ge_0.95,4.0,0.75,0.07894736842105263,0.07692307692307693,0.17317708333333334,0.75
2,A_to_B,50,50,fixed_bottom20,38.0,0.5263157894736842,0.5263157894736842,0.35714285714285715,0.3371710526315789,0.6052631578947368
2,A_to_B,50,50,fixed_bottom10,19.0,0.7894736842105263,0.39473684210526316,0.35714285714285715,0.17516447368421054,0.8421052631578947
2,A_to_B,50,50,stable_core_p_ge_0.80,6.0,1.0,0.15789473684210525,0.15789473684210525,0.07986111111111112,1.0
2,A_to_B,50,50,matched_size_bottom_for_p_ge_0.80,6.0,0.8333333333333334,0.13157894736842105,0.1282051282051282,0.1519097222222222,0.8333333333333334
2,A_to_B,50,50,stable_core_p_ge_0.90,3.0,1.0,0.07894736842105263,0.07894736842105263,0.09722222222222222,1.0
2,A_to_B,50,50,matched_size_bottom_for_p_ge_0.90,3.0,1.0,0.07894736842105263,0.07894736842105263,0.09548611111111112,1.0
2,A_to_B,50,50,stable_core_p_ge_0.95,1.0,1.0,0.02631578947368421,0.02631578947368421,0.11979166666666667,1.0
2,A_to_B,50,50,matched_size_bottom_for_p_ge_0.95,1.0,1.0,0.02631578947368421,0.02631578947368421,0.026041666666666668,1.0
2,B_to_A,50,50,fixed_bottom20,38.0,0.5263157894736842,0.5263157894736842,0.35714285714285715,0.31044407894736836,0.6052631578947368
2,B_to_A,50,50,fixed_bottom10,19.0,0.631578947368421,0.3157894736842105,0.26666666666666666,0.2774122807017544,0.6842105263157895
2,B_to_A,50,50,stable_core_p_ge_0.80,14.0,0.6428571428571429,0.23684210526315788,0.20930232558139536,0.2890625,0.7142857142857143
2,B_to_A,50,50,matched_size_bottom_for_p_ge_0.80,14.0,0.6428571428571429,0.23684210526315788,0.20930232558139536,0.27120535714285715,0.7142857142857143
2,B_to_A,50,50,stable_core_p_ge_0.90,6.0,0.6666666666666666,0.10526315789473684,0.1,0.2986111111111111,0.6666666666666666
2,B_to_A,50,50,matched_size_bottom_for_p_ge_0.90,6.0,0.6666666666666666,0.10526315789473684,0.1,0.19791666666666663,0.8333333333333334
2,B_to_A,50,50,stable_core_p_ge_0.95,1.0,1.0,0.02631578947368421,0.02631578947368421,0.057291666666666664,1.0
2,B_to_A,50,50,matched_size_bottom_for_p_ge_0.95,1.0,1.0,0.02631578947368421,0.02631578947368421,0.057291666666666664,1.0
3,A_to_B,50,50,fixed_bottom20,38.0,0.47368421052631576,0.47368421052631576,0.3103448275862069,0.29194078947368424,0.631578947368421
3,A_to_B,50,50,fixed_bottom10,19.0,0.7368421052631579,0.3684210526315789,0.32558139534883723,0.17763157894736842,0.8421052631578947
3,A_to_B,50,50,stable_core_p_ge_0.80,15.0,0.6,0.23684210526315788,0.20454545454545456,0.2489583333333333,0.7333333333333333
3,A_to_B,50,50,matched_size_bottom_for_p_ge_0.80,15.0,0.7333333333333333,0.2894736842105263,0.2619047619047619,0.175,0.8666666666666667
3,A_to_B,50,50,stable_core_p_ge_0.90,8.0,0.5,0.10526315789473684,0.09523809523809523,0.2766927083333333,0.75
3,A_to_B,50,50,matched_size_bottom_for_p_ge_0.90,8.0,0.75,0.15789473684210525,0.15,0.16927083333333331,0.875
3,A_to_B,50,50,stable_core_p_ge_0.95,4.0,0.25,0.02631578947368421,0.024390243902439025,0.3580729166666667,0.75
3,A_to_B,50,50,matched_size_bottom_for_p_ge_0.95,4.0,0.75,0.07894736842105263,0.07692307692307693,0.13151041666666666,0.75
3,B_to_A,50,50,fixed_bottom20,38.0,0.47368421052631576,0.47368421052631576,0.3103448275862069,0.29070723684210525,0.7631578947368421
3,B_to_A,50,50,fixed_bottom10,19.0,0.5263157894736842,0.2631578947368421,0.2127659574468085,0.2398574561403509,0.8421052631578947
3,B_to_A,50,50,stable_core_p_ge_0.80,6.0,0.6666666666666666,0.10526315789473684,0.1,0.15451388888888887,0.8333333333333334
3,B_to_A,50,50,matched_size_bottom_for_p_ge_0.80,6.0,0.8333333333333334,0.13157894736842105,0.1282051282051282,0.10937499999999999,0.8333333333333334
3,B_to_A,50,50,stable_core_p_ge_0.90,2.0,1.0,0.05263157894736842,0.05263157894736842,0.013020833333333332,1.0
3,B_to_A,50,50,matched_size_bottom_for_p_ge_0.90,2.0,1.0,0.05263157894736842,0.05263157894736842,0.036458333333333336,1.0
3,B_to_A,50,50,stable_core_p_ge_0.95,0.0,,0.0,0.0,,
3,B_to_A,50,50,matched_size_bottom_for_p_ge_0.95,0.0,,0.0,0.0,,
4,A_to_B,50,50,fixed_bottom20,38.0,0.42105263157894735,0.42105263157894735,0.26666666666666666,0.39925986842105265,0.4473684210526316
4,A_to_B,50,50,fixed_bottom10,19.0,0.5263157894736842,0.2631578947368421,0.2127659574468085,0.38623903508771934,0.5263157894736842
4,A_to_B,50,50,stable_core_p_ge_0.80,14.0,0.42857142857142855,0.15789473684210525,0.13043478260869565,0.4386160714285715,0.42857142857142855
4,A_to_B,50,50,matched_size_bottom_for_p_ge_0.80,14.0,0.5714285714285714,0.21052631578947367,0.18181818181818182,0.37872023809523814,0.5714285714285714
4,A_to_B,50,50,stable_core_p_ge_0.90,7.0,0.42857142857142855,0.07894736842105263,0.07142857142857142,0.4873511904761904,0.42857142857142855
4,A_to_B,50,50,matched_size_bottom_for_p_ge_0.90,7.0,0.5714285714285714,0.10526315789473684,0.0975609756097561,0.3430059523809524,0.5714285714285714
4,A_to_B,50,50,stable_core_p_ge_0.95,4.0,0.25,0.02631578947368421,0.024390243902439025,0.5611979166666666,0.25
4,A_to_B,50,50,matched_size_bottom_for_p_ge_0.95,4.0,0.5,0.05263157894736842,0.05,0.4739583333333333,0.5
4,B_to_A,50,50,fixed_bottom20,38.0,0.42105263157894735,0.42105263157894735,0.26666666666666666,0.39172149122807015,0.5789473684210527
4,B_to_A,50,50,fixed_bottom10,19.0,0.631578947368421,0.3157894736842105,0.26666666666666666,0.24122807017543857,0.8421052631578947
4,B_to_A,50,50,stable_core_p_ge_0.80,9.0,0.5555555555555556,0.13157894736842105,0.11904761904761904,0.24768518518518517,0.7777777777777778
4,B_to_A,50,50,matched_size_bottom_for_p_ge_0.80,9.0,0.5555555555555556,0.13157894736842105,0.11904761904761904,0.3177083333333333,0.7777777777777778
4,B_to_A,50,50,stable_core_p_ge_0.90,6.0,0.6666666666666666,0.10526315789473684,0.1,0.24479166666666666,0.6666666666666666
4,B_to_A,50,50,matched_size_bottom_for_p_ge_0.90,6.0,0.6666666666666666,0.10526315789473684,0.1,0.22916666666666666,0.8333333333333334
4,B_to_A,50,50,stable_core_p_ge_0.95,5.0,0.6,0.07894736842105263,0.075,0.2885416666666667,0.6
4,B_to_A,50,50,matched_size_bottom_for_p_ge_0.95,5.0,0.6,0.07894736842105263,0.075,0.2385416666666667,0.8
5,A_to_B,50,50,fixed_bottom20,38.0,0.3684210526315789,0.3684210526315789,0.22580645161290322,0.3614309210526316,0.5526315789473685
5,A_to_B,50,50,fixed_bottom10,19.0,0.2631578947368421,0.13157894736842105,0.09615384615384616,0.4136513157894736,0.47368421052631576
5,A_to_B,50,50,stable_core_p_ge_0.80,9.0,0.2222222222222222,0.05263157894736842,0.044444444444444446,0.49537037037037035,0.3333333333333333
5,A_to_B,50,50,matched_size_bottom_for_p_ge_0.80,9.0,0.3333333333333333,0.07894736842105263,0.06818181818181818,0.34548611111111116,0.4444444444444444
5,A_to_B,50,50,stable_core_p_ge_0.90,3.0,0.0,0.0,0.0,0.578125,0.0
5,A_to_B,50,50,matched_size_bottom_for_p_ge_0.90,3.0,0.3333333333333333,0.02631578947368421,0.025,0.375,0.3333333333333333
5,A_to_B,50,50,stable_core_p_ge_0.95,3.0,0.0,0.0,0.0,0.578125,0.0
5,A_to_B,50,50,matched_size_bottom_for_p_ge_0.95,3.0,0.3333333333333333,0.02631578947368421,0.025,0.375,0.3333333333333333
5,B_to_A,50,50,fixed_bottom20,38.0,0.3684210526315789,0.3684210526315789,0.22580645161290322,0.43256578947368424,0.4473684210526316
5,B_to_A,50,50,fixed_bottom10,19.0,0.47368421052631576,0.23684210526315788,0.1875,0.387609649122807,0.5263157894736842
5,B_to_A,50,50,stable_core_p_ge_0.80,15.0,0.5333333333333333,0.21052631578947367,0.17777777777777778,0.3805555555555556,0.5333333333333333
5,B_to_A,50,50,matched_size_bottom_for_p_ge_0.80,15.0,0.5333333333333333,0.21052631578947367,0.17777777777777778,0.3506944444444445,0.6
5,B_to_A,50,50,stable_core_p_ge_0.90,10.0,0.6,0.15789473684210525,0.14285714285714285,0.365625,0.6
5,B_to_A,50,50,matched_size_bottom_for_p_ge_0.90,10.0,0.5,0.13157894736842105,0.11627906976744186,0.4260416666666667,0.5
5,B_to_A,50,50,stable_core_p_ge_0.95,5.0,0.6,0.07894736842105263,0.075,0.2979166666666667,0.6
5,B_to_A,50,50,matched_size_bottom_for_p_ge_0.95,5.0,0.6,0.07894736842105263,0.075,0.4166666666666667,0.6
6,A_to_B,50,50,fixed_bottom20,38.0,0.4473684210526316,0.4473684210526316,0.288135593220339,0.274671052631579,0.7631578947368421
6,A_to_B,50,50,fixed_bottom10,19.0,0.5263157894736842,0.2631578947368421,0.2127659574468085,0.22834429824561406,0.8421052631578947
6,A_to_B,50,50,stable_core_p_ge_0.80,10.0,0.6,0.15789473684210525,0.14285714285714285,0.1619791666666667,1.0
6,A_to_B,50,50,matched_size_bottom_for_p_ge_0.80,10.0,0.6,0.15789473684210525,0.14285714285714285,0.17916666666666667,0.9
6,A_to_B,50,50,stable_core_p_ge_0.90,2.0,0.5,0.02631578947368421,0.02564102564102564,0.18229166666666669,1.0
6,A_to_B,50,50,matched_size_bottom_for_p_ge_0.90,2.0,0.5,0.02631578947368421,0.02564102564102564,0.13802083333333334,1.0
6,A_to_B,50,50,stable_core_p_ge_0.95,1.0,1.0,0.02631578947368421,0.02631578947368421,0.07291666666666667,1.0
6,A_to_B,50,50,matched_size_bottom_for_p_ge_0.95,1.0,1.0,0.02631578947368421,0.02631578947368421,0.07291666666666667,1.0
6,B_to_A,50,50,fixed_bottom20,38.0,0.4473684210526316,0.4473684210526316,0.288135593220339,0.3704769736842105,0.6052631578947368
6,B_to_A,50,50,fixed_bottom10,19.0,0.5789473684210527,0.2894736842105263,0.2391304347826087,0.3218201754385965,0.6842105263157895
6,B_to_A,50,50,stable_core_p_ge_0.80,10.0,0.5,0.13157894736842105,0.11627906976744186,0.4088541666666667,0.5
6,B_to_A,50,50,matched_size_bottom_for_p_ge_0.80,10.0,0.6,0.15789473684210525,0.14285714285714285,0.3484375,0.6
6,B_to_A,50,50,stable_core_p_ge_0.90,6.0,0.5,0.07894736842105263,0.07317073170731707,0.35590277777777773,0.5
6,B_to_A,50,50,matched_size_bottom_for_p_ge_0.90,6.0,0.5,0.07894736842105263,0.07317073170731707,0.42534722222222227,0.5
6,B_to_A,50,50,stable_core_p_ge_0.95,4.0,0.5,0.05263157894736842,0.05,0.24609375,0.5
6,B_to_A,50,50,matched_size_bottom_for_p_ge_0.95,4.0,0.5,0.05263157894736842,0.05,0.5182291666666667,0.5
7,A_to_B,50,50,fixed_bottom20,38.0,0.34210526315789475,0.34210526315789475,0.20634920634920634,0.39569627192982454,0.5263157894736842
7,A_to_B,50,50,fixed_bottom10,19.0,0.5263157894736842,0.2631578947368421,0.2127659574468085,0.29139254385964913,0.7368421052631579
7,A_to_B,50,50,stable_core_p_ge_0.80,11.0,0.6363636363636364,0.18421052631578946,0.16666666666666666,0.23295454545454544,0.8181818181818182
7,A_to_B,50,50,matched_size_bottom_for_p_ge_0.80,11.0,0.6363636363636364,0.18421052631578946,0.16666666666666666,0.2263257575757576,0.7272727272727273
7,A_to_B,50,50,stable_core_p_ge_0.90,5.0,0.6,0.07894736842105263,0.075,0.246875,0.8
7,A_to_B,50,50,matched_size_bottom_for_p_ge_0.90,5.0,0.6,0.07894736842105263,0.075,0.2625,0.6
7,A_to_B,50,50,stable_core_p_ge_0.95,2.0,0.5,0.02631578947368421,0.02564102564102564,0.33854166666666663,0.5
7,A_to_B,50,50,matched_size_bottom_for_p_ge_0.95,2.0,0.5,0.02631578947368421,0.02564102564102564,0.3020833333333333,0.5
7,B_to_A,50,50,fixed_bottom20,38.0,0.34210526315789475,0.34210526315789475,0.20634920634920634,0.40254934210526316,0.5
7,B_to_A,50,50,fixed_bottom10,19.0,0.42105263157894735,0.21052631578947367,0.16326530612244897,0.3665021929824562,0.631578947368421
7,B_to_A,50,50,stable_core_p_ge_0.80,11.0,0.36363636363636365,0.10526315789473684,0.08888888888888889,0.3873106060606061,0.6363636363636364
7,B_to_A,50,50,matched_size_bottom_for_p_ge_0.80,11.0,0.45454545454545453,0.13157894736842105,0.11363636363636363,0.36695075757575746,0.6363636363636364
7,B_to_A,50,50,stable_core_p_ge_0.90,9.0,0.3333333333333333,0.07894736842105263,0.06818181818181818,0.4386574074074074,0.5555555555555556
7,B_to_A,50,50,matched_size_bottom_for_p_ge_0.90,9.0,0.4444444444444444,0.10526315789473684,0.09302325581395349,0.40972222222222215,0.5555555555555556
7,B_to_A,50,50,stable_core_p_ge_0.95,5.0,0.2,0.02631578947368421,0.023809523809523808,0.45624999999999993,0.6
7,B_to_A,50,50,matched_size_bottom_for_p_ge_0.95,5.0,0.6,0.07894736842105263,0.075,0.42708333333333337,0.6
8,A_to_B,50,50,fixed_bottom20,38.0,0.5,0.5,0.3333333333333333,0.32127192982456143,0.6578947368421053
8,A_to_B,50,50,fixed_bottom10,19.0,0.5789473684210527,0.2894736842105263,0.2391304347826087,0.2779605263157895,0.631578947368421
8,A_to_B,50,50,stable_core_p_ge_0.80,9.0,0.6666666666666666,0.15789473684210525,0.14634146341463414,0.2303240740740741,0.6666666666666666
8,A_to_B,50,50,matched_size_bottom_for_p_ge_0.80,9.0,0.7777777777777778,0.18421052631578946,0.175,0.1689814814814815,0.7777777777777778
8,A_to_B,50,50,stable_core_p_ge_0.90,2.0,0.5,0.02631578947368421,0.02564102564102564,0.36979166666666663,0.5
8,A_to_B,50,50,matched_size_bottom_for_p_ge_0.90,2.0,0.5,0.02631578947368421,0.02564102564102564,0.30729166666666663,0.5
8,A_to_B,50,50,stable_core_p_ge_0.95,1.0,0.0,0.0,0.0,0.5416666666666666,0.0
8,A_to_B,50,50,matched_size_bottom_for_p_ge_0.95,1.0,0.0,0.0,0.0,0.5416666666666666,0.0
8,B_to_A,50,50,fixed_bottom20,38.0,0.5,0.5,0.3333333333333333,0.30948464912280693,0.7368421052631579
8,B_to_A,50,50,fixed_bottom10,19.0,0.631578947368421,0.3157894736842105,0.26666666666666666,0.24095394736842105,0.8421052631578947
8,B_to_A,50,50,stable_core_p_ge_0.80,12.0,0.6666666666666666,0.21052631578947367,0.19047619047619047,0.24392361111111108,0.8333333333333334
8,B_to_A,50,50,matched_size_bottom_for_p_ge_0.80,12.0,0.5833333333333334,0.18421052631578946,0.16279069767441862,0.24869791666666663,0.8333333333333334
8,B_to_A,50,50,stable_core_p_ge_0.90,7.0,0.8571428571428571,0.15789473684210525,0.15384615384615385,0.11681547619047618,1.0
8,B_to_A,50,50,matched_size_bottom_for_p_ge_0.90,7.0,0.5714285714285714,0.10526315789473684,0.0975609756097561,0.23214285714285715,0.8571428571428571
8,B_to_A,50,50,stable_core_p_ge_0.95,3.0,0.6666666666666666,0.05263157894736842,0.05128205128205128,0.1875,1.0
8,B_to_A,50,50,matched_size_bottom_for_p_ge_0.95,3.0,0.6666666666666666,0.05263157894736842,0.05128205128205128,0.14930555555555555,1.0
9,A_to_B,50,50,fixed_bottom20,38.0,0.39473684210526316,0.39473684210526316,0.2459016393442623,0.3353892543859649,0.5526315789473685
9,A_to_B,50,50,fixed_bottom10,19.0,0.6842105263157895,0.34210526315789475,0.29545454545454547,0.19298245614035087,0.7894736842105263
9,A_to_B,50,50,stable_core_p_ge_0.80,15.0,0.5333333333333333,0.21052631578947367,0.17777777777777778,0.29097222222222224,0.6666666666666666
9,A_to_B,50,50,matched_size_bottom_for_p_ge_0.80,15.0,0.6666666666666666,0.2631578947368421,0.23255813953488372,0.19583333333333328,0.8
9,A_to_B,50,50,stable_core_p_ge_0.90,5.0,0.4,0.05263157894736842,0.04878048780487805,0.30937500000000007,0.8
9,A_to_B,50,50,matched_size_bottom_for_p_ge_0.90,5.0,0.6,0.07894736842105263,0.075,0.17708333333333334,1.0
9,A_to_B,50,50,stable_core_p_ge_0.95,1.0,0.0,0.0,0.0,0.2760416666666667,1.0
9,A_to_B,50,50,matched_size_bottom_for_p_ge_0.95,1.0,0.0,0.0,0.0,0.2760416666666667,1.0
9,B_to_A,50,50,fixed_bottom20,38.0,0.39473684210526316,0.39473684210526316,0.2459016393442623,0.38966557017543857,0.6052631578947368
9,B_to_A,50,50,fixed_bottom10,19.0,0.5263157894736842,0.2631578947368421,0.2127659574468085,0.32730263157894735,0.6842105263157895
9,B_to_A,50,50,stable_core_p_ge_0.80,8.0,0.5,0.10526315789473684,0.09523809523809523,0.287109375,0.75
9,B_to_A,50,50,matched_size_bottom_for_p_ge_0.80,8.0,0.5,0.10526315789473684,0.09523809523809523,0.28385416666666663,0.75
9,B_to_A,50,50,stable_core_p_ge_0.90,3.0,1.0,0.07894736842105263,0.07894736842105263,0.05381944444444445,1.0
9,B_to_A,50,50,matched_size_bottom_for_p_ge_0.90,3.0,1.0,0.07894736842105263,0.07894736842105263,0.03298611111111111,1.0
9,B_to_A,50,50,stable_core_p_ge_0.95,2.0,1.0,0.05263157894736842,0.05263157894736842,0.052083333333333336,1.0
9,B_to_A,50,50,matched_size_bottom_for_p_ge_0.95,2.0,1.0,0.05263157894736842,0.05263157894736842,0.04427083333333333,1.0
10,A_to_B,50,50,fixed_bottom20,38.0,0.2894736842105263,0.2894736842105263,0.16923076923076924,0.4395559210526317,0.4473684210526316
10,A_to_B,50,50,fixed_bottom10,19.0,0.3684210526315789,0.18421052631578946,0.14,0.35608552631578955,0.5789473684210527
10,A_to_B,50,50,stable_core_p_ge_0.80,10.0,0.3,0.07894736842105263,0.06666666666666667,0.38385416666666666,0.5
10,A_to_B,50,50,matched_size_bottom_for_p_ge_0.80,10.0,0.3,0.07894736842105263,0.06666666666666667,0.384375,0.5
10,A_to_B,50,50,stable_core_p_ge_0.90,4.0,0.5,0.05263157894736842,0.05,0.3619791666666667,0.5
10,A_to_B,50,50,matched_size_bottom_for_p_ge_0.90,4.0,0.5,0.05263157894736842,0.05,0.3111979166666667,0.75
10,A_to_B,50,50,stable_core_p_ge_0.95,2.0,0.5,0.02631578947368421,0.02564102564102564,0.234375,0.5
10,A_to_B,50,50,matched_size_bottom_for_p_ge_0.95,2.0,0.5,0.02631578947368421,0.02564102564102564,0.4244791666666667,0.5
10,B_to_A,50,50,fixed_bottom20,38.0,0.2894736842105263,0.2894736842105263,0.16923076923076924,0.42105263157894746,0.5526315789473685
10,B_to_A,50,50,fixed_bottom10,19.0,0.2631578947368421,0.13157894736842105,0.09615384615384616,0.40076754385964913,0.5789473684210527
10,B_to_A,50,50,stable_core_p_ge_0.80,14.0,0.2857142857142857,0.10526315789473684,0.08333333333333333,0.4270833333333333,0.5714285714285714
10,B_to_A,50,50,matched_size_bottom_for_p_ge_0.80,14.0,0.2857142857142857,0.10526315789473684,0.08333333333333333,0.38913690476190477,0.6428571428571429
10,B_to_A,50,50,stable_core_p_ge_0.90,11.0,0.2727272727272727,0.07894736842105263,0.06521739130434782,0.44839015151515155,0.5454545454545454
10,B_to_A,50,50,matched_size_bottom_for_p_ge_0.90,11.0,0.2727272727272727,0.07894736842105263,0.06521739130434782,0.3986742424242424,0.6363636363636364
10,B_to_A,50,50,stable_core_p_ge_0.95,8.0,0.25,0.05263157894736842,0.045454545454545456,0.38932291666666663,0.625
10,B_to_A,50,50,matched_size_bottom_for_p_ge_0.95,8.0,0.25,0.05263157894736842,0.045454545454545456,0.3743489583333333,0.625
11,A_to_B,50,50,fixed_bottom20,38.0,0.4473684210526316,0.4473684210526316,0.288135593220339,0.38199013157894735,0.6052631578947368
11,A_to_B,50,50,fixed_bottom10,19.0,0.5263157894736842,0.2631578947368421,0.2127659574468085,0.3330592105263158,0.6842105263157895
11,A_to_B,50,50,stable_core_p_ge_0.80,12.0,0.5,0.15789473684210525,0.13636363636363635,0.38324652777777785,0.5833333333333334
11,A_to_B,50,50,matched_size_bottom_for_p_ge_0.80,12.0,0.5,0.15789473684210525,0.13636363636363635,0.375,0.5833333333333334
11,A_to_B,50,50,stable_core_p_ge_0.90,5.0,0.4,0.05263157894736842,0.04878048780487805,0.4208333333333334,0.6
11,A_to_B,50,50,matched_size_bottom_for_p_ge_0.90,5.0,0.6,0.07894736842105263,0.075,0.3677083333333333,0.6
11,A_to_B,50,50,stable_core_p_ge_0.95,2.0,0.0,0.0,0.0,0.859375,0.0
11,A_to_B,50,50,matched_size_bottom_for_p_ge_0.95,2.0,0.5,0.02631578947368421,0.02564102564102564,0.47916666666666663,0.5
11,B_to_A,50,50,fixed_bottom20,38.0,0.4473684210526316,0.4473684210526316,0.288135593220339,0.29043311403508776,0.7368421052631579
11,B_to_A,50,50,fixed_bottom10,19.0,0.631578947368421,0.3157894736842105,0.26666666666666666,0.27055921052631576,0.7368421052631579
11,B_to_A,50,50,stable_core_p_ge_0.80,8.0,0.75,0.15789473684210525,0.15,0.203125,0.875
11,B_to_A,50,50,matched_size_bottom_for_p_ge_0.80,8.0,0.875,0.18421052631578946,0.1794871794871795,0.11979166666666667,1.0
11,B_to_A,50,50,stable_core_p_ge_0.90,2.0,1.0,0.05263157894736842,0.05263157894736842,0.1015625,1.0
11,B_to_A,50,50,matched_size_bottom_for_p_ge_0.90,2.0,1.0,0.05263157894736842,0.05263157894736842,0.11979166666666666,1.0
11,B_to_A,50,50,stable_core_p_ge_0.95,2.0,1.0,0.05263157894736842,0.05263157894736842,0.1015625,1.0
11,B_to_A,50,50,matched_size_bottom_for_p_ge_0.95,2.0,1.0,0.05263157894736842,0.05263157894736842,0.11979166666666666,1.0
12,A_to_B,50,50,fixed_bottom20,38.0,0.4473684210526316,0.4473684210526316,0.288135593220339,0.36458333333333337,0.5263157894736842
12,A_to_B,50,50,fixed_bottom10,19.0,0.47368421052631576,0.23684210526315788,0.1875,0.36403508771929827,0.47368421052631576
12,A_to_B,50,50,stable_core_p_ge_0.80,15.0,0.4666666666666667,0.18421052631578946,0.15217391304347827,0.3878472222222222,0.4666666666666667
12,A_to_B,50,50,matched_size_bottom_for_p_ge_0.80,15.0,0.4666666666666667,0.18421052631578946,0.15217391304347827,0.3559027777777778,0.4666666666666667
12,A_to_B,50,50,stable_core_p_ge_0.90,9.0,0.3333333333333333,0.07894736842105263,0.06818181818181818,0.4085648148148148,0.3333333333333333
12,A_to_B,50,50,matched_size_bottom_for_p_ge_0.90,9.0,0.5555555555555556,0.13157894736842105,0.11904761904761904,0.27893518518518523,0.5555555555555556
12,A_to_B,50,50,stable_core_p_ge_0.95,3.0,0.0,0.0,0.0,0.6059027777777778,0.0
12,A_to_B,50,50,matched_size_bottom_for_p_ge_0.95,3.0,0.6666666666666666,0.05263157894736842,0.05128205128205128,0.16493055555555555,0.6666666666666666
12,B_to_A,50,50,fixed_bottom20,38.0,0.4473684210526316,0.4473684210526316,0.288135593220339,0.37719298245614025,0.6052631578947368
12,B_to_A,50,50,fixed_bottom10,19.0,0.631578947368421,0.3157894736842105,0.26666666666666666,0.3001644736842105,0.631578947368421
12,B_to_A,50,50,stable_core_p_ge_0.80,11.0,0.6363636363636364,0.18421052631578946,0.16666666666666666,0.23910984848484845,0.6363636363636364
12,B_to_A,50,50,matched_size_bottom_for_p_ge_0.80,11.0,0.7272727272727273,0.21052631578947367,0.1951219512195122,0.24337121212121213,0.7272727272727273
12,B_to_A,50,50,stable_core_p_ge_0.90,6.0,0.5,0.07894736842105263,0.07317073170731707,0.2630208333333333,0.5
12,B_to_A,50,50,matched_size_bottom_for_p_ge_0.90,6.0,0.6666666666666666,0.10526315789473684,0.1,0.2265625,0.6666666666666666
12,B_to_A,50,50,stable_core_p_ge_0.95,2.0,0.5,0.02631578947368421,0.02564102564102564,0.3255208333333333,0.5
12,B_to_A,50,50,matched_size_bottom_for_p_ge_0.95,2.0,0.5,0.02631578947368421,0.02564102564102564,0.3359375,0.5
13,A_to_B,50,50,fixed_bottom20,38.0,0.39473684210526316,0.39473684210526316,0.2459016393442623,0.3612938596491228,0.6578947368421053
13,A_to_B,50,50,fixed_bottom10,19.0,0.5263157894736842,0.2631578947368421,0.2127659574468085,0.2875548245614035,0.7368421052631579
13,A_to_B,50,50,stable_core_p_ge_0.80,9.0,0.6666666666666666,0.15789473684210525,0.14634146341463414,0.2824074074074074,0.7777777777777778
13,A_to_B,50,50,matched_size_bottom_for_p_ge_0.80,9.0,0.7777777777777778,0.18421052631578946,0.175,0.17708333333333331,0.8888888888888888
13,A_to_B,50,50,stable_core_p_ge_0.90,3.0,1.0,0.07894736842105263,0.07894736842105263,0.11805555555555557,1.0
13,A_to_B,50,50,matched_size_bottom_for_p_ge_0.90,3.0,1.0,0.07894736842105263,0.07894736842105263,0.046875,1.0
13,A_to_B,50,50,stable_core_p_ge_0.95,2.0,1.0,0.05263157894736842,0.05263157894736842,0.09635416666666667,1.0
13,A_to_B,50,50,matched_size_bottom_for_p_ge_0.95,2.0,1.0,0.05263157894736842,0.05263157894736842,0.05208333333333333,1.0
13,B_to_A,50,50,fixed_bottom20,38.0,0.39473684210526316,0.39473684210526316,0.2459016393442623,0.3490953947368421,0.5526315789473685
13,B_to_A,50,50,fixed_bottom10,19.0,0.42105263157894735,0.21052631578947367,0.16326530612244897,0.2568530701754386,0.6842105263157895
13,B_to_A,50,50,stable_core_p_ge_0.80,12.0,0.3333333333333333,0.10526315789473684,0.08695652173913043,0.3333333333333333,0.5833333333333334
13,B_to_A,50,50,matched_size_bottom_for_p_ge_0.80,12.0,0.5,0.15789473684210525,0.13636363636363635,0.23654513888888887,0.75
13,B_to_A,50,50,stable_core_p_ge_0.90,8.0,0.375,0.07894736842105263,0.06976744186046512,0.2747395833333333,0.625
13,B_to_A,50,50,matched_size_bottom_for_p_ge_0.90,8.0,0.375,0.07894736842105263,0.06976744186046512,0.28645833333333337,0.625
13,B_to_A,50,50,stable_core_p_ge_0.95,2.0,0.0,0.0,0.0,0.40625,0.0
13,B_to_A,50,50,matched_size_bottom_for_p_ge_0.95,2.0,0.0,0.0,0.0,0.5104166666666666,0.0
14,A_to_B,50,50,fixed_bottom20,38.0,0.42105263157894735,0.42105263157894735,0.26666666666666666,0.35402960526315785,0.6052631578947368
14,A_to_B,50,50,fixed_bottom10,19.0,0.631578947368421,0.3157894736842105,0.26666666666666666,0.2571271929824562,0.7368421052631579
14,A_to_B,50,50,stable_core_p_ge_0.80,7.0,0.42857142857142855,0.07894736842105263,0.07142857142857142,0.40699404761904756,0.42857142857142855
14,A_to_B,50,50,matched_size_bottom_for_p_ge_0.80,7.0,0.5714285714285714,0.10526315789473684,0.0975609756097561,0.28571428571428575,0.7142857142857143
14,A_to_B,50,50,stable_core_p_ge_0.90,4.0,0.5,0.05263157894736842,0.05,0.33593750000000006,0.5
14,A_to_B,50,50,matched_size_bottom_for_p_ge_0.90,4.0,0.75,0.07894736842105263,0.07692307692307693,0.2604166666666667,0.75
14,A_to_B,50,50,stable_core_p_ge_0.95,2.0,0.5,0.02631578947368421,0.02564102564102564,0.375,0.5
14,A_to_B,50,50,matched_size_bottom_for_p_ge_0.95,2.0,0.5,0.02631578947368421,0.02564102564102564,0.4401041666666667,0.5
14,B_to_A,50,50,fixed_bottom20,38.0,0.42105263157894735,0.42105263157894735,0.26666666666666666,0.3175712719298246,0.6052631578947368
14,B_to_A,50,50,fixed_bottom10,19.0,0.5263157894736842,0.2631578947368421,0.2127659574468085,0.23574561403508773,0.7894736842105263
14,B_to_A,50,50,stable_core_p_ge_0.80,10.0,0.6,0.15789473684210525,0.14285714285714285,0.2348958333333333,0.8
14,B_to_A,50,50,matched_size_bottom_for_p_ge_0.80,10.0,0.6,0.15789473684210525,0.14285714285714285,0.19114583333333332,0.9
14,B_to_A,50,50,stable_core_p_ge_0.90,5.0,0.4,0.05263157894736842,0.04878048780487805,0.26458333333333334,0.8
14,B_to_A,50,50,matched_size_bottom_for_p_ge_0.90,5.0,0.8,0.10526315789473684,0.10256410256410256,0.10625,1.0
14,B_to_A,50,50,stable_core_p_ge_0.95,4.0,0.5,0.05263157894736842,0.05,0.26953125,0.75
14,B_to_A,50,50,matched_size_bottom_for_p_ge_0.95,4.0,0.75,0.07894736842105263,0.07692307692307693,0.11848958333333333,1.0
15,A_to_B,50,50,fixed_bottom20,38.0,0.3684210526315789,0.3684210526315789,0.22580645161290322,0.38610197368421056,0.5789473684210527
15,A_to_B,50,50,fixed_bottom10,19.0,0.5263157894736842,0.2631578947368421,0.2127659574468085,0.31551535087719296,0.6842105263157895
15,A_to_B,50,50,stable_core_p_ge_0.80,7.0,0.7142857142857143,0.13157894736842105,0.125,0.2269345238095238,0.8571428571428571
15,A_to_B,50,50,matched_size_bottom_for_p_ge_0.80,7.0,0.5714285714285714,0.10526315789473684,0.0975609756097561,0.30208333333333337,0.7142857142857143
15,A_to_B,50,50,stable_core_p_ge_0.90,6.0,0.6666666666666666,0.10526315789473684,0.1,0.2586805555555556,0.8333333333333334
15,A_to_B,50,50,matched_size_bottom_for_p_ge_0.90,6.0,0.6666666666666666,0.10526315789473684,0.1,0.23958333333333334,0.8333333333333334
15,A_to_B,50,50,stable_core_p_ge_0.95,3.0,0.6666666666666666,0.05263157894736842,0.05128205128205128,0.3315972222222222,0.6666666666666666
15,A_to_B,50,50,matched_size_bottom_for_p_ge_0.95,3.0,1.0,0.07894736842105263,0.07894736842105263,0.052083333333333336,1.0
15,B_to_A,50,50,fixed_bottom20,38.0,0.3684210526315789,0.3684210526315789,0.22580645161290322,0.3878837719298245,0.5526315789473685
15,B_to_A,50,50,fixed_bottom10,19.0,0.47368421052631576,0.23684210526315788,0.1875,0.393640350877193,0.5789473684210527
15,B_to_A,50,50,stable_core_p_ge_0.80,13.0,0.46153846153846156,0.15789473684210525,0.13333333333333333,0.42948717948717946,0.5384615384615384
15,B_to_A,50,50,matched_size_bottom_for_p_ge_0.80,13.0,0.46153846153846156,0.15789473684210525,0.13333333333333333,0.39783653846153844,0.5384615384615384
15,B_to_A,50,50,stable_core_p_ge_0.90,9.0,0.4444444444444444,0.10526315789473684,0.09302325581395349,0.421875,0.5555555555555556
15,B_to_A,50,50,matched_size_bottom_for_p_ge_0.90,9.0,0.3333333333333333,0.07894736842105263,0.06818181818181818,0.49074074074074076,0.4444444444444444
15,B_to_A,50,50,stable_core_p_ge_0.95,4.0,0.25,0.02631578947368421,0.024390243902439025,0.453125,0.5
15,B_to_A,50,50,matched_size_bottom_for_p_ge_0.95,4.0,0.25,0.02631578947368421,0.024390243902439025,0.64453125,0.25
16,A_to_B,50,50,fixed_bottom20,38.0,0.47368421052631576,0.47368421052631576,0.3103448275862069,0.32839912280701755,0.631578947368421
16,A_to_B,50,50,fixed_bottom10,19.0,0.5789473684210527,0.2894736842105263,0.2391304347826087,0.2637061403508772,0.7894736842105263
16,A_to_B,50,50,stable_core_p_ge_0.80,12.0,0.4166666666666667,0.13157894736842105,0.1111111111111111,0.2834201388888889,0.75
16,A_to_B,50,50,matched_size_bottom_for_p_ge_0.80,12.0,0.5,0.15789473684210525,0.13636363636363635,0.28168402777777773,0.75
16,A_to_B,50,50,stable_core_p_ge_0.90,6.0,0.6666666666666666,0.10526315789473684,0.1,0.24565972222222224,0.8333333333333334
16,A_to_B,50,50,matched_size_bottom_for_p_ge_0.90,6.0,0.5,0.07894736842105263,0.07317073170731707,0.23524305555555555,0.8333333333333334
16,A_to_B,50,50,stable_core_p_ge_0.95,1.0,1.0,0.02631578947368421,0.02631578947368421,0.026041666666666668,1.0
16,A_to_B,50,50,matched_size_bottom_for_p_ge_0.95,1.0,1.0,0.02631578947368421,0.02631578947368421,0.041666666666666664,1.0
16,B_to_A,50,50,fixed_bottom20,38.0,0.47368421052631576,0.47368421052631576,0.3103448275862069,0.36170504385964913,0.6578947368421053
16,B_to_A,50,50,fixed_bottom10,19.0,0.631578947368421,0.3157894736842105,0.26666666666666666,0.27768640350877194,0.7894736842105263
16,B_to_A,50,50,stable_core_p_ge_0.80,16.0,0.5,0.21052631578947367,0.17391304347826086,0.4078776041666667,0.6875
16,B_to_A,50,50,matched_size_bottom_for_p_ge_0.80,16.0,0.6875,0.2894736842105263,0.2558139534883721,0.23567708333333334,0.875
16,B_to_A,50,50,stable_core_p_ge_0.90,4.0,0.75,0.07894736842105263,0.07692307692307693,0.1875,1.0
16,B_to_A,50,50,matched_size_bottom_for_p_ge_0.90,4.0,0.75,0.07894736842105263,0.07692307692307693,0.17057291666666669,1.0
16,B_to_A,50,50,stable_core_p_ge_0.95,2.0,0.5,0.02631578947368421,0.02564102564102564,0.24479166666666669,1.0
16,B_to_A,50,50,matched_size_bottom_for_p_ge_0.95,2.0,0.5,0.02631578947368421,0.02564102564102564,0.234375,1.0
17,A_to_B,50,50,fixed_bottom20,38.0,0.34210526315789475,0.34210526315789475,0.20634920634920634,0.38760964912280693,0.5789473684210527
17,A_to_B,50,50,fixed_bottom10,19.0,0.42105263157894735,0.21052631578947367,0.16326530612244897,0.29879385964912286,0.6842105263157895
17,A_to_B,50,50,stable_core_p_ge_0.80,11.0,0.45454545454545453,0.13157894736842105,0.11363636363636363,0.2864583333333333,0.7272727272727273
17,A_to_B,50,50,matched_size_bottom_for_p_ge_0.80,11.0,0.5454545454545454,0.15789473684210525,0.13953488372093023,0.21164772727272727,0.8181818181818182
17,A_to_B,50,50,stable_core_p_ge_0.90,8.0,0.5,0.10526315789473684,0.09523809523809523,0.26236979166666663,0.75
17,A_to_B,50,50,matched_size_bottom_for_p_ge_0.90,8.0,0.75,0.15789473684210525,0.15,0.1015625,1.0
17,A_to_B,50,50,stable_core_p_ge_0.95,2.0,0.5,0.02631578947368421,0.02564102564102564,0.21354166666666666,1.0
17,A_to_B,50,50,matched_size_bottom_for_p_ge_0.95,2.0,1.0,0.05263157894736842,0.05263157894736842,0.0625,1.0
17,B_to_A,50,50,fixed_bottom20,38.0,0.34210526315789475,0.34210526315789475,0.20634920634920634,0.4261239035087719,0.5526315789473685
17,B_to_A,50,50,fixed_bottom10,19.0,0.42105263157894735,0.21052631578947367,0.16326530612244897,0.3492324561403508,0.631578947368421
17,B_to_A,50,50,stable_core_p_ge_0.80,10.0,0.4,0.10526315789473684,0.09090909090909091,0.3869791666666667,0.6
17,B_to_A,50,50,matched_size_bottom_for_p_ge_0.80,10.0,0.3,0.07894736842105263,0.06666666666666667,0.4239583333333333,0.5
17,B_to_A,50,50,stable_core_p_ge_0.90,6.0,0.16666666666666666,0.02631578947368421,0.023255813953488372,0.47048611111111116,0.5
17,B_to_A,50,50,matched_size_bottom_for_p_ge_0.90,6.0,0.5,0.07894736842105263,0.07317073170731707,0.3255208333333333,0.6666666666666666
17,B_to_A,50,50,stable_core_p_ge_0.95,4.0,0.0,0.0,0.0,0.40885416666666663,0.5
17,B_to_A,50,50,matched_size_bottom_for_p_ge_0.95,4.0,0.5,0.05263157894736842,0.05,0.23567708333333331,0.75
18,A_to_B,50,50,fixed_bottom20,38.0,0.42105263157894735,0.42105263157894735,0.26666666666666666,0.3541666666666667,0.5
18,A_to_B,50,50,fixed_bottom10,19.0,0.631578947368421,0.3157894736842105,0.26666666666666666,0.2489035087719298,0.7368421052631579
18,A_to_B,50,50,stable_core_p_ge_0.80,13.0,0.46153846153846156,0.15789473684210525,0.13333333333333333,0.360576923076923,0.6153846153846154
18,A_to_B,50,50,matched_size_bottom_for_p_ge_0.80,13.0,0.5384615384615384,0.18421052631578946,0.1590909090909091,0.3181089743589744,0.6923076923076923
18,A_to_B,50,50,stable_core_p_ge_0.90,7.0,0.5714285714285714,0.10526315789473684,0.0975609756097561,0.38169642857142855,0.7142857142857143
18,A_to_B,50,50,matched_size_bottom_for_p_ge_0.90,7.0,0.7142857142857143,0.13157894736842105,0.125,0.25744047619047616,0.8571428571428571
18,A_to_B,50,50,stable_core_p_ge_0.95,4.0,0.75,0.07894736842105263,0.07692307692307693,0.3489583333333333,0.75
18,A_to_B,50,50,matched_size_bottom_for_p_ge_0.95,4.0,0.5,0.05263157894736842,0.05,0.37499999999999994,0.75
18,B_to_A,50,50,fixed_bottom20,38.0,0.42105263157894735,0.42105263157894735,0.26666666666666666,0.3304550438596491,0.6842105263157895
18,B_to_A,50,50,fixed_bottom10,19.0,0.47368421052631576,0.23684210526315788,0.1875,0.3196271929824562,0.6842105263157895
18,B_to_A,50,50,stable_core_p_ge_0.80,10.0,0.3,0.07894736842105263,0.06666666666666667,0.37447916666666664,0.6
18,B_to_A,50,50,matched_size_bottom_for_p_ge_0.80,10.0,0.5,0.13157894736842105,0.11627906976744186,0.2739583333333333,0.8
18,B_to_A,50,50,stable_core_p_ge_0.90,4.0,0.25,0.02631578947368421,0.024390243902439025,0.2669270833333333,0.75
18,B_to_A,50,50,matched_size_bottom_for_p_ge_0.90,4.0,0.75,0.07894736842105263,0.07692307692307693,0.15104166666666669,1.0
18,B_to_A,50,50,stable_core_p_ge_0.95,1.0,0.0,0.0,0.0,0.3072916666666667,1.0
18,B_to_A,50,50,matched_size_bottom_for_p_ge_0.95,1.0,0.0,0.0,0.0,0.3072916666666667,1.0
19,A_to_B,50,50,fixed_bottom20,38.0,0.3684210526315789,0.3684210526315789,0.22580645161290322,0.3659539473684211,0.6052631578947368
19,A_to_B,50,50,fixed_bottom10,19.0,0.5263157894736842,0.2631578947368421,0.2127659574468085,0.2957785087719298,0.6842105263157895
19,A_to_B,50,50,stable_core_p_ge_0.80,12.0,0.5833333333333334,0.18421052631578946,0.16279069767441862,0.3059895833333333,0.6666666666666666
19,A_to_B,50,50,matched_size_bottom_for_p_ge_0.80,12.0,0.5833333333333334,0.18421052631578946,0.16279069767441862,0.2756076388888889,0.6666666666666666
19,A_to_B,50,50,stable_core_p_ge_0.90,6.0,0.5,0.07894736842105263,0.07317073170731707,0.3020833333333333,0.6666666666666666
19,A_to_B,50,50,matched_size_bottom_for_p_ge_0.90,6.0,0.6666666666666666,0.10526315789473684,0.1,0.1597222222222222,0.8333333333333334
19,A_to_B,50,50,stable_core_p_ge_0.95,2.0,1.0,0.05263157894736842,0.05263157894736842,0.03385416666666667,1.0
19,A_to_B,50,50,matched_size_bottom_for_p_ge_0.95,2.0,0.5,0.02631578947368421,0.02564102564102564,0.19270833333333334,1.0
19,B_to_A,50,50,fixed_bottom20,38.0,0.3684210526315789,0.3684210526315789,0.22580645161290322,0.4166666666666667,0.5789473684210527
19,B_to_A,50,50,fixed_bottom10,19.0,0.42105263157894735,0.21052631578947367,0.16326530612244897,0.3739035087719298,0.631578947368421
19,B_to_A,50,50,stable_core_p_ge_0.80,13.0,0.23076923076923078,0.07894736842105263,0.0625,0.39383012820512825,0.5384615384615384
19,B_to_A,50,50,matched_size_bottom_for_p_ge_0.80,13.0,0.46153846153846156,0.15789473684210525,0.13333333333333333,0.265625,0.7692307692307693
19,B_to_A,50,50,stable_core_p_ge_0.90,7.0,0.0,0.0,0.0,0.4918154761904762,0.42857142857142855
19,B_to_A,50,50,matched_size_bottom_for_p_ge_0.90,7.0,0.2857142857142857,0.05263157894736842,0.046511627906976744,0.3668154761904762,0.5714285714285714
19,B_to_A,50,50,stable_core_p_ge_0.95,5.0,0.0,0.0,0.0,0.5270833333333333,0.4
19,B_to_A,50,50,matched_size_bottom_for_p_ge_0.95,5.0,0.0,0.0,0.0,0.50625,0.4
20,A_to_B,50,50,fixed_bottom20,38.0,0.47368421052631576,0.47368421052631576,0.3103448275862069,0.27371162280701755,0.7368421052631579
20,A_to_B,50,50,fixed_bottom10,19.0,0.631578947368421,0.3157894736842105,0.26666666666666666,0.1743421052631579,0.8947368421052632
20,A_to_B,50,50,stable_core_p_ge_0.80,8.0,0.625,0.13157894736842105,0.12195121951219512,0.13541666666666666,1.0
20,A_to_B,50,50,matched_size_bottom_for_p_ge_0.80,8.0,0.625,0.13157894736842105,0.12195121951219512,0.13216145833333331,1.0
20,A_to_B,50,50,stable_core_p_ge_0.90,5.0,0.6,0.07894736842105263,0.075,0.134375,1.0
20,A_to_B,50,50,matched_size_bottom_for_p_ge_0.90,5.0,0.8,0.10526315789473684,0.10256410256410256,0.09375,1.0
20,A_to_B,50,50,stable_core_p_ge_0.95,1.0,0.0,0.0,0.0,0.21354166666666666,1.0
20,A_to_B,50,50,matched_size_bottom_for_p_ge_0.95,1.0,1.0,0.02631578947368421,0.02631578947368421,0.052083333333333336,1.0
20,B_to_A,50,50,fixed_bottom20,38.0,0.47368421052631576,0.47368421052631576,0.3103448275862069,0.3534813596491228,0.631578947368421
20,B_to_A,50,50,fixed_bottom10,19.0,0.7368421052631579,0.3684210526315789,0.32558139534883723,0.25630482456140347,0.7894736842105263
20,B_to_A,50,50,stable_core_p_ge_0.80,9.0,0.8888888888888888,0.21052631578947367,0.20512820512820512,0.17187500000000003,0.8888888888888888
20,B_to_A,50,50,matched_size_bottom_for_p_ge_0.80,9.0,0.8888888888888888,0.21052631578947367,0.20512820512820512,0.19097222222222224,0.8888888888888888
20,B_to_A,50,50,stable_core_p_ge_0.90,3.0,1.0,0.07894736842105263,0.07894736842105263,0.07118055555555555,1.0
20,B_to_A,50,50,matched_size_bottom_for_p_ge_0.90,3.0,1.0,0.07894736842105263,0.07894736842105263,0.12326388888888888,1.0
20,B_to_A,50,50,stable_core_p_ge_0.95,3.0,1.0,0.07894736842105263,0.07894736842105263,0.07118055555555555,1.0
20,B_to_A,50,50,matched_size_bottom_for_p_ge_0.95,3.0,1.0,0.07894736842105263,0.07894736842105263,0.12326388888888888,1.0
21,A_to_B,50,50,fixed_bottom20,38.0,0.39473684210526316,0.39473684210526316,0.2459016393442623,0.3522478070175438,0.6052631578947368
21,A_to_B,50,50,fixed_bottom10,19.0,0.5263157894736842,0.2631578947368421,0.2127659574468085,0.3240131578947369,0.631578947368421
21,A_to_B,50,50,stable_core_p_ge_0.80,3.0,1.0,0.07894736842105263,0.07894736842105263,0.0642361111111111,1.0
21,A_to_B,50,50,matched_size_bottom_for_p_ge_0.80,3.0,1.0,0.07894736842105263,0.07894736842105263,0.06597222222222222,1.0
21,A_to_B,50,50,stable_core_p_ge_0.90,3.0,1.0,0.07894736842105263,0.07894736842105263,0.0642361111111111,1.0
21,A_to_B,50,50,matched_size_bottom_for_p_ge_0.90,3.0,1.0,0.07894736842105263,0.07894736842105263,0.06597222222222222,1.0
21,A_to_B,50,50,stable_core_p_ge_0.95,2.0,1.0,0.05263157894736842,0.05263157894736842,0.07552083333333333,1.0
21,A_to_B,50,50,matched_size_bottom_for_p_ge_0.95,2.0,1.0,0.05263157894736842,0.05263157894736842,0.0859375,1.0
21,B_to_A,50,50,fixed_bottom20,38.0,0.39473684210526316,0.39473684210526316,0.2459016393442623,0.381578947368421,0.47368421052631576
21,B_to_A,50,50,fixed_bottom10,19.0,0.42105263157894735,0.21052631578947367,0.16326530612244897,0.3859649122807018,0.47368421052631576
21,B_to_A,50,50,stable_core_p_ge_0.80,18.0,0.4444444444444444,0.21052631578947367,0.16666666666666666,0.3865740740740741,0.5
21,B_to_A,50,50,matched_size_bottom_for_p_ge_0.80,18.0,0.4444444444444444,0.21052631578947367,0.16666666666666666,0.39091435185185186,0.5
21,B_to_A,50,50,stable_core_p_ge_0.90,10.0,0.4,0.10526315789473684,0.09090909090909091,0.4057291666666667,0.4
21,B_to_A,50,50,matched_size_bottom_for_p_ge_0.90,10.0,0.4,0.10526315789473684,0.09090909090909091,0.4125,0.4
21,B_to_A,50,50,stable_core_p_ge_0.95,3.0,0.0,0.0,0.0,0.7413194444444445,0.0
21,B_to_A,50,50,matched_size_bottom_for_p_ge_0.95,3.0,0.3333333333333333,0.02631578947368421,0.025,0.4270833333333333,0.3333333333333333
22,A_to_B,50,50,fixed_bottom20,38.0,0.34210526315789475,0.34210526315789475,0.20634920634920634,0.3665021929824562,0.6578947368421053
22,A_to_B,50,50,fixed_bottom10,19.0,0.42105263157894735,0.21052631578947367,0.16326530612244897,0.26973684210526316,0.7894736842105263
22,A_to_B,50,50,stable_core_p_ge_0.80,7.0,0.7142857142857143,0.13157894736842105,0.125,0.19345238095238096,0.8571428571428571
22,A_to_B,50,50,matched_size_bottom_for_p_ge_0.80,7.0,0.5714285714285714,0.10526315789473684,0.0975609756097561,0.16964285714285715,0.8571428571428571
22,A_to_B,50,50,stable_core_p_ge_0.90,3.0,0.6666666666666666,0.05263157894736842,0.05128205128205128,0.140625,1.0
22,A_to_B,50,50,matched_size_bottom_for_p_ge_0.90,3.0,0.6666666666666666,0.05263157894736842,0.05128205128205128,0.12673611111111113,1.0
22,A_to_B,50,50,stable_core_p_ge_0.95,2.0,1.0,0.05263157894736842,0.05263157894736842,0.09635416666666666,1.0
22,A_to_B,50,50,matched_size_bottom_for_p_ge_0.95,2.0,0.5,0.02631578947368421,0.02564102564102564,0.125,1.0
22,B_to_A,50,50,fixed_bottom20,38.0,0.34210526315789475,0.34210526315789475,0.20634920634920634,0.45860745614035087,0.4473684210526316
22,B_to_A,50,50,fixed_bottom10,19.0,0.3684210526315789,0.18421052631578946,0.14,0.40679824561403505,0.5263157894736842
22,B_to_A,50,50,stable_core_p_ge_0.80,16.0,0.3125,0.13157894736842105,0.10204081632653061,0.44694010416666663,0.5
22,B_to_A,50,50,matched_size_bottom_for_p_ge_0.80,16.0,0.4375,0.18421052631578946,0.14893617021276595,0.34733072916666663,0.625
22,B_to_A,50,50,stable_core_p_ge_0.90,7.0,0.2857142857142857,0.05263157894736842,0.046511627906976744,0.4925595238095238,0.42857142857142855
22,B_to_A,50,50,matched_size_bottom_for_p_ge_0.90,7.0,0.2857142857142857,0.05263157894736842,0.046511627906976744,0.39211309523809523,0.5714285714285714
22,B_to_A,50,50,stable_core_p_ge_0.95,2.0,0.0,0.0,0.0,0.78125,0.0
22,B_to_A,50,50,matched_size_bottom_for_p_ge_0.95,2.0,0.0,0.0,0.0,0.7552083333333333,0.0
23,A_to_B,50,50,fixed_bottom20,38.0,0.4473684210526316,0.4473684210526316,0.288135593220339,0.38966557017543857,0.5263157894736842
23,A_to_B,50,50,fixed_bottom10,19.0,0.631578947368421,0.3157894736842105,0.26666666666666666,0.24753289473684212,0.6842105263157895
23,A_to_B,50,50,stable_core_p_ge_0.80,13.0,0.6153846153846154,0.21052631578947367,0.18604651162790697,0.2403846153846154,0.6923076923076923
23,A_to_B,50,50,matched_size_bottom_for_p_ge_0.80,13.0,0.6923076923076923,0.23684210526315788,0.21428571428571427,0.21514423076923078,0.6923076923076923
23,A_to_B,50,50,stable_core_p_ge_0.90,6.0,0.6666666666666666,0.10526315789473684,0.1,0.23524305555555555,0.6666666666666666
23,A_to_B,50,50,matched_size_bottom_for_p_ge_0.90,6.0,0.6666666666666666,0.10526315789473684,0.1,0.2074652777777778,0.6666666666666666
23,A_to_B,50,50,stable_core_p_ge_0.95,1.0,0.0,0.0,0.0,0.6614583333333334,0.0
23,A_to_B,50,50,matched_size_bottom_for_p_ge_0.95,1.0,0.0,0.0,0.0,0.6614583333333334,0.0
23,B_to_A,50,50,fixed_bottom20,38.0,0.4473684210526316,0.4473684210526316,0.288135593220339,0.28824013157894735,0.8157894736842105
23,B_to_A,50,50,fixed_bottom10,19.0,0.6842105263157895,0.34210526315789475,0.29545454545454547,0.17269736842105263,0.8947368421052632
23,B_to_A,50,50,stable_core_p_ge_0.80,8.0,0.5,0.10526315789473684,0.09523809523809523,0.24283854166666669,0.75
23,B_to_A,50,50,matched_size_bottom_for_p_ge_0.80,8.0,0.625,0.13157894736842105,0.12195121951219512,0.1796875,0.875
23,B_to_A,50,50,stable_core_p_ge_0.90,3.0,0.3333333333333333,0.02631578947368421,0.025,0.41840277777777773,0.3333333333333333
23,B_to_A,50,50,matched_size_bottom_for_p_ge_0.90,3.0,0.6666666666666666,0.05263157894736842,0.05128205128205128,0.1076388888888889,1.0
23,B_to_A,50,50,stable_core_p_ge_0.95,3.0,0.3333333333333333,0.02631578947368421,0.025,0.41840277777777773,0.3333333333333333
23,B_to_A,50,50,matched_size_bottom_for_p_ge_0.95,3.0,0.6666666666666666,0.05263157894736842,0.05128205128205128,0.1076388888888889,1.0
24,A_to_B,50,50,fixed_bottom20,38.0,0.42105263157894735,0.42105263157894735,0.26666666666666666,0.3286732456140351,0.6578947368421053
24,A_to_B,50,50,fixed_bottom10,19.0,0.5263157894736842,0.2631578947368421,0.2127659574468085,0.3001644736842105,0.6842105263157895
24,A_to_B,50,50,stable_core_p_ge_0.80,8.0,0.375,0.07894736842105263,0.06976744186046512,0.37109375,0.625
24,A_to_B,50,50,matched_size_bottom_for_p_ge_0.80,8.0,0.375,0.07894736842105263,0.06976744186046512,0.37239583333333337,0.625
24,A_to_B,50,50,stable_core_p_ge_0.90,2.0,0.5,0.02631578947368421,0.02564102564102564,0.11979166666666667,1.0
24,A_to_B,50,50,matched_size_bottom_for_p_ge_0.90,2.0,0.5,0.02631578947368421,0.02564102564102564,0.11979166666666667,1.0
24,A_to_B,50,50,stable_core_p_ge_0.95,2.0,0.5,0.02631578947368421,0.02564102564102564,0.11979166666666667,1.0
24,A_to_B,50,50,matched_size_bottom_for_p_ge_0.95,2.0,0.5,0.02631578947368421,0.02564102564102564,0.11979166666666667,1.0
24,B_to_A,50,50,fixed_bottom20,38.0,0.42105263157894735,0.42105263157894735,0.26666666666666666,0.33484100877192985,0.5789473684210527
24,B_to_A,50,50,fixed_bottom10,19.0,0.5263157894736842,0.2631578947368421,0.2127659574468085,0.25575657894736836,0.7368421052631579
24,B_to_A,50,50,stable_core_p_ge_0.80,13.0,0.5384615384615384,0.18421052631578946,0.1590909090909091,0.24879807692307693,0.6923076923076923
24,B_to_A,50,50,matched_size_bottom_for_p_ge_0.80,13.0,0.5384615384615384,0.18421052631578946,0.1590909090909091,0.2459935897435897,0.6923076923076923
24,B_to_A,50,50,stable_core_p_ge_0.90,6.0,0.16666666666666666,0.02631578947368421,0.023255813953488372,0.3611111111111111,0.5
24,B_to_A,50,50,matched_size_bottom_for_p_ge_0.90,6.0,0.5,0.07894736842105263,0.07317073170731707,0.2378472222222222,0.6666666666666666
24,B_to_A,50,50,stable_core_p_ge_0.95,1.0,0.0,0.0,0.0,0.453125,0.0
24,B_to_A,50,50,matched_size_bottom_for_p_ge_0.95,1.0,0.0,0.0,0.0,0.625,0.0
25,A_to_B,50,50,fixed_bottom20,38.0,0.3157894736842105,0.3157894736842105,0.1875,0.4146107456140351,0.47368421052631576
25,A_to_B,50,50,fixed_bottom10,19.0,0.47368421052631576,0.23684210526315788,0.1875,0.37472587719298245,0.5789473684210527
25,A_to_B,50,50,stable_core_p_ge_0.80,16.0,0.4375,0.18421052631578946,0.14893617021276595,0.38020833333333337,0.5625
25,A_to_B,50,50,matched_size_bottom_for_p_ge_0.80,16.0,0.4375,0.18421052631578946,0.14893617021276595,0.37109375,0.5625
25,A_to_B,50,50,stable_core_p_ge_0.90,11.0,0.45454545454545453,0.13157894736842105,0.11363636363636363,0.40104166666666674,0.5454545454545454
25,A_to_B,50,50,matched_size_bottom_for_p_ge_0.90,11.0,0.45454545454545453,0.13157894736842105,0.11363636363636363,0.36410984848484845,0.5454545454545454
25,A_to_B,50,50,stable_core_p_ge_0.95,6.0,0.3333333333333333,0.05263157894736842,0.047619047619047616,0.5147569444444445,0.3333333333333333
25,A_to_B,50,50,matched_size_bottom_for_p_ge_0.95,6.0,0.3333333333333333,0.05263157894736842,0.047619047619047616,0.44704861111111116,0.3333333333333333
25,B_to_A,50,50,fixed_bottom20,38.0,0.3157894736842105,0.3157894736842105,0.1875,0.4573739035087719,0.4473684210526316
25,B_to_A,50,50,fixed_bottom10,19.0,0.3157894736842105,0.15789473684210525,0.11764705882352941,0.40899122807017535,0.47368421052631576
25,B_to_A,50,50,stable_core_p_ge_0.80,8.0,0.25,0.05263157894736842,0.045454545454545456,0.484375,0.375
25,B_to_A,50,50,matched_size_bottom_for_p_ge_0.80,8.0,0.25,0.05263157894736842,0.045454545454545456,0.41731770833333326,0.5
25,B_to_A,50,50,stable_core_p_ge_0.90,4.0,0.25,0.02631578947368421,0.024390243902439025,0.5364583333333333,0.25
25,B_to_A,50,50,matched_size_bottom_for_p_ge_0.90,4.0,0.25,0.02631578947368421,0.024390243902439025,0.45182291666666663,0.5
25,B_to_A,50,50,stable_core_p_ge_0.95,3.0,0.3333333333333333,0.02631578947368421,0.025,0.5434027777777777,0.3333333333333333
25,B_to_A,50,50,matched_size_bottom_for_p_ge_0.95,3.0,0.0,0.0,0.0,0.5920138888888888,0.3333333333333333
26,A_to_B,50,50,fixed_bottom20,38.0,0.4473684210526316,0.4473684210526316,0.288135593220339,0.3597861842105263,0.5789473684210527
26,A_to_B,50,50,fixed_bottom10,19.0,0.6842105263157895,0.34210526315789475,0.29545454545454547,0.2579495614035087,0.7894736842105263
26,A_to_B,50,50,stable_core_p_ge_0.80,10.0,0.6,0.15789473684210525,0.14285714285714285,0.3229166666666667,0.6
26,A_to_B,50,50,matched_size_bottom_for_p_ge_0.80,10.0,0.7,0.18421052631578946,0.17073170731707318,0.29375,0.7
26,A_to_B,50,50,stable_core_p_ge_0.90,5.0,0.8,0.10526315789473684,0.10256410256410256,0.24479166666666666,0.8
26,A_to_B,50,50,matched_size_bottom_for_p_ge_0.90,5.0,0.8,0.10526315789473684,0.10256410256410256,0.2375,0.8
26,A_to_B,50,50,stable_core_p_ge_0.95,1.0,1.0,0.02631578947368421,0.02631578947368421,0.06770833333333333,1.0
26,A_to_B,50,50,matched_size_bottom_for_p_ge_0.95,1.0,0.0,0.0,0.0,0.953125,0.0
26,B_to_A,50,50,fixed_bottom20,38.0,0.4473684210526316,0.4473684210526316,0.288135593220339,0.32894736842105265,0.7894736842105263
26,B_to_A,50,50,fixed_bottom10,19.0,0.631578947368421,0.3157894736842105,0.26666666666666666,0.19407894736842105,0.9473684210526315
26,B_to_A,50,50,stable_core_p_ge_0.80,10.0,0.6,0.15789473684210525,0.14285714285714285,0.14114583333333336,1.0
26,B_to_A,50,50,matched_size_bottom_for_p_ge_0.80,10.0,0.5,0.13157894736842105,0.11627906976744186,0.2328125,0.9
26,B_to_A,50,50,stable_core_p_ge_0.90,1.0,0.0,0.0,0.0,0.203125,1.0
26,B_to_A,50,50,matched_size_bottom_for_p_ge_0.90,1.0,0.0,0.0,0.0,0.2604166666666667,1.0
26,B_to_A,50,50,stable_core_p_ge_0.95,1.0,0.0,0.0,0.0,0.203125,1.0
26,B_to_A,50,50,matched_size_bottom_for_p_ge_0.95,1.0,0.0,0.0,0.0,0.2604166666666667,1.0
27,A_to_B,50,50,fixed_bottom20,38.0,0.4473684210526316,0.4473684210526316,0.288135593220339,0.338952850877193,0.6578947368421053
27,A_to_B,50,50,fixed_bottom10,19.0,0.5263157894736842,0.2631578947368421,0.2127659574468085,0.25137061403508776,0.7894736842105263
27,A_to_B,50,50,stable_core_p_ge_0.80,8.0,0.625,0.13157894736842105,0.12195121951219512,0.232421875,0.75
27,A_to_B,50,50,matched_size_bottom_for_p_ge_0.80,8.0,0.75,0.15789473684210525,0.15,0.14973958333333331,0.875
27,A_to_B,50,50,stable_core_p_ge_0.90,2.0,0.5,0.02631578947368421,0.02564102564102564,0.2552083333333333,0.5
27,A_to_B,50,50,matched_size_bottom_for_p_ge_0.90,2.0,1.0,0.05263157894736842,0.05263157894736842,0.05989583333333333,1.0
27,A_to_B,50,50,stable_core_p_ge_0.95,2.0,0.5,0.02631578947368421,0.02564102564102564,0.2552083333333333,0.5
27,A_to_B,50,50,matched_size_bottom_for_p_ge_0.95,2.0,1.0,0.05263157894736842,0.05263157894736842,0.05989583333333333,1.0
27,B_to_A,50,50,fixed_bottom20,38.0,0.4473684210526316,0.4473684210526316,0.288135593220339,0.3670504385964912,0.5
27,B_to_A,50,50,fixed_bottom10,19.0,0.42105263157894735,0.21052631578947367,0.16326530612244897,0.3991228070175439,0.47368421052631576
27,B_to_A,50,50,stable_core_p_ge_0.80,15.0,0.3333333333333333,0.13157894736842105,0.10416666666666667,0.4697916666666667,0.4
27,B_to_A,50,50,matched_size_bottom_for_p_ge_0.80,15.0,0.4,0.15789473684210525,0.1276595744680851,0.4333333333333333,0.4666666666666667
27,B_to_A,50,50,stable_core_p_ge_0.90,10.0,0.3,0.07894736842105263,0.06666666666666667,0.4979166666666667,0.4
27,B_to_A,50,50,matched_size_bottom_for_p_ge_0.90,10.0,0.4,0.10526315789473684,0.09090909090909091,0.4677083333333333,0.4
27,B_to_A,50,50,stable_core_p_ge_0.95,5.0,0.2,0.02631578947368421,0.023809523809523808,0.665625,0.2
27,B_to_A,50,50,matched_size_bottom_for_p_ge_0.95,5.0,0.2,0.02631578947368421,0.023809523809523808,0.6458333333333333,0.2
28,A_to_B,50,50,fixed_bottom20,38.0,0.4473684210526316,0.4473684210526316,0.288135593220339,0.3149671052631579,0.6052631578947368
28,A_to_B,50,50,fixed_bottom10,19.0,0.47368421052631576,0.23684210526315788,0.1875,0.25603070175438597,0.6842105263157895
28,A_to_B,50,50,stable_core_p_ge_0.80,14.0,0.5,0.18421052631578946,0.15555555555555556,0.24218750000000003,0.7142857142857143
28,A_to_B,50,50,matched_size_bottom_for_p_ge_0.80,14.0,0.5,0.18421052631578946,0.15555555555555556,0.2406994047619048,0.7142857142857143
28,A_to_B,50,50,stable_core_p_ge_0.90,7.0,0.2857142857142857,0.05263157894736842,0.046511627906976744,0.27232142857142855,0.7142857142857143
28,A_to_B,50,50,matched_size_bottom_for_p_ge_0.90,7.0,0.2857142857142857,0.05263157894736842,0.046511627906976744,0.36532738095238093,0.42857142857142855
28,A_to_B,50,50,stable_core_p_ge_0.95,5.0,0.2,0.02631578947368421,0.023809523809523808,0.3010416666666667,0.6
28,A_to_B,50,50,matched_size_bottom_for_p_ge_0.95,5.0,0.4,0.05263157894736842,0.04878048780487805,0.38750000000000007,0.4
28,B_to_A,50,50,fixed_bottom20,38.0,0.4473684210526316,0.4473684210526316,0.288135593220339,0.3744517543859649,0.6052631578947368
28,B_to_A,50,50,fixed_bottom10,19.0,0.47368421052631576,0.23684210526315788,0.1875,0.3042763157894737,0.631578947368421
28,B_to_A,50,50,stable_core_p_ge_0.80,9.0,0.4444444444444444,0.10526315789473684,0.09302325581395349,0.25289351851851855,0.6666666666666666
28,B_to_A,50,50,matched_size_bottom_for_p_ge_0.80,9.0,0.6666666666666666,0.15789473684210525,0.14634146341463414,0.20312499999999997,0.7777777777777778
28,B_to_A,50,50,stable_core_p_ge_0.90,4.0,0.75,0.07894736842105263,0.07692307692307693,0.10026041666666667,1.0
28,B_to_A,50,50,matched_size_bottom_for_p_ge_0.90,4.0,0.75,0.07894736842105263,0.07692307692307693,0.10937500000000001,1.0
28,B_to_A,50,50,stable_core_p_ge_0.95,2.0,0.5,0.02631578947368421,0.02564102564102564,0.125,1.0
28,B_to_A,50,50,matched_size_bottom_for_p_ge_0.95,2.0,1.0,0.05263157894736842,0.05263157894736842,0.05208333333333333,1.0
29,A_to_B,50,50,fixed_bottom20,38.0,0.47368421052631576,0.47368421052631576,0.3103448275862069,0.35307017543859653,0.5789473684210527
29,A_to_B,50,50,fixed_bottom10,19.0,0.5263157894736842,0.2631578947368421,0.2127659574468085,0.3303179824561403,0.5263157894736842
29,A_to_B,50,50,stable_core_p_ge_0.80,12.0,0.5,0.15789473684210525,0.13636363636363635,0.3346354166666667,0.5
29,A_to_B,50,50,matched_size_bottom_for_p_ge_0.80,12.0,0.5833333333333334,0.18421052631578946,0.16279069767441862,0.30555555555555564,0.5833333333333334
29,A_to_B,50,50,stable_core_p_ge_0.90,6.0,0.3333333333333333,0.05263157894736842,0.047619047619047616,0.453125,0.3333333333333333
29,A_to_B,50,50,matched_size_bottom_for_p_ge_0.90,6.0,0.5,0.07894736842105263,0.07317073170731707,0.40972222222222227,0.5
29,A_to_B,50,50,stable_core_p_ge_0.95,1.0,1.0,0.02631578947368421,0.02631578947368421,0.015625,1.0
29,A_to_B,50,50,matched_size_bottom_for_p_ge_0.95,1.0,0.0,0.0,0.0,0.9427083333333334,0.0
29,B_to_A,50,50,fixed_bottom20,38.0,0.47368421052631576,0.47368421052631576,0.3103448275862069,0.31250000000000006,0.6842105263157895
29,B_to_A,50,50,fixed_bottom10,19.0,0.5789473684210527,0.2894736842105263,0.2391304347826087,0.24725877192982457,0.7894736842105263
29,B_to_A,50,50,stable_core_p_ge_0.80,12.0,0.75,0.23684210526315788,0.21951219512195122,0.18229166666666666,0.9166666666666666
29,B_to_A,50,50,matched_size_bottom_for_p_ge_0.80,12.0,0.75,0.23684210526315788,0.21951219512195122,0.18229166666666666,0.9166666666666666
29,B_to_A,50,50,stable_core_p_ge_0.90,5.0,0.8,0.10526315789473684,0.10256410256410256,0.18854166666666666,1.0
29,B_to_A,50,50,matched_size_bottom_for_p_ge_0.90,5.0,0.6,0.07894736842105263,0.075,0.24479166666666666,0.8
29,B_to_A,50,50,stable_core_p_ge_0.95,4.0,0.75,0.07894736842105263,0.07692307692307693,0.19661458333333334,1.0
29,B_to_A,50,50,matched_size_bottom_for_p_ge_0.95,4.0,0.75,0.07894736842105263,0.07692307692307693,0.15494791666666666,1.0
30,A_to_B,50,50,fixed_bottom20,38.0,0.42105263157894735,0.42105263157894735,0.26666666666666666,0.41269188596491224,0.5263157894736842
30,A_to_B,50,50,fixed_bottom10,19.0,0.5263157894736842,0.2631578947368421,0.2127659574468085,0.3352521929824561,0.5789473684210527
30,A_to_B,50,50,stable_core_p_ge_0.80,10.0,0.6,0.15789473684210525,0.14285714285714285,0.28541666666666665,0.7
30,A_to_B,50,50,matched_size_bottom_for_p_ge_0.80,10.0,0.6,0.15789473684210525,0.14285714285714285,0.2947916666666667,0.6
30,A_to_B,50,50,stable_core_p_ge_0.90,4.0,0.5,0.05263157894736842,0.05,0.21354166666666669,0.75
30,A_to_B,50,50,matched_size_bottom_for_p_ge_0.90,4.0,0.75,0.07894736842105263,0.07692307692307693,0.16666666666666669,0.75
30,A_to_B,50,50,stable_core_p_ge_0.95,2.0,0.5,0.02631578947368421,0.02564102564102564,0.17447916666666669,1.0
30,A_to_B,50,50,matched_size_bottom_for_p_ge_0.95,2.0,0.5,0.02631578947368421,0.02564102564102564,0.2526041666666667,0.5
30,B_to_A,50,50,fixed_bottom20,38.0,0.42105263157894735,0.42105263157894735,0.26666666666666666,0.40666118421052627,0.5263157894736842
30,B_to_A,50,50,fixed_bottom10,19.0,0.47368421052631576,0.23684210526315788,0.1875,0.42132675438596495,0.5263157894736842
30,B_to_A,50,50,stable_core_p_ge_0.80,17.0,0.4117647058823529,0.18421052631578946,0.14583333333333334,0.4439338235294117,0.47058823529411764
30,B_to_A,50,50,matched_size_bottom_for_p_ge_0.80,17.0,0.47058823529411764,0.21052631578947367,0.1702127659574468,0.4347426470588235,0.5294117647058824
30,B_to_A,50,50,stable_core_p_ge_0.90,11.0,0.2727272727272727,0.07894736842105263,0.06521739130434782,0.5127840909090909,0.36363636363636365
30,B_to_A,50,50,matched_size_bottom_for_p_ge_0.90,11.0,0.36363636363636365,0.10526315789473684,0.08888888888888889,0.5118371212121212,0.45454545454545453
30,B_to_A,50,50,stable_core_p_ge_0.95,4.0,0.0,0.0,0.0,0.73828125,0.25
30,B_to_A,50,50,matched_size_bottom_for_p_ge_0.95,4.0,0.0,0.0,0.0,0.9049479166666667,0.0
31,A_to_B,50,50,fixed_bottom20,38.0,0.4473684210526316,0.4473684210526316,0.288135593220339,0.3422423245614035,0.5789473684210527
31,A_to_B,50,50,fixed_bottom10,19.0,0.5263157894736842,0.2631578947368421,0.2127659574468085,0.29879385964912286,0.6842105263157895
31,A_to_B,50,50,stable_core_p_ge_0.80,10.0,0.6,0.15789473684210525,0.14285714285714285,0.30989583333333337,0.7
31,A_to_B,50,50,matched_size_bottom_for_p_ge_0.80,10.0,0.6,0.15789473684210525,0.14285714285714285,0.2796875,0.7
31,A_to_B,50,50,stable_core_p_ge_0.90,6.0,0.5,0.07894736842105263,0.07317073170731707,0.3272569444444445,0.6666666666666666
31,A_to_B,50,50,matched_size_bottom_for_p_ge_0.90,6.0,0.8333333333333334,0.13157894736842105,0.1282051282051282,0.13628472222222224,0.8333333333333334
31,A_to_B,50,50,stable_core_p_ge_0.95,1.0,0.0,0.0,0.0,0.4322916666666667,0.0
31,A_to_B,50,50,matched_size_bottom_for_p_ge_0.95,1.0,0.0,0.0,0.0,0.4322916666666667,0.0
31,B_to_A,50,50,fixed_bottom20,38.0,0.4473684210526316,0.4473684210526316,0.288135593220339,0.37061403508771934,0.6052631578947368
31,B_to_A,50,50,fixed_bottom10,19.0,0.5789473684210527,0.2894736842105263,0.2391304347826087,0.34758771929824556,0.631578947368421
31,B_to_A,50,50,stable_core_p_ge_0.80,9.0,0.5555555555555556,0.13157894736842105,0.11904761904761904,0.3680555555555556,0.5555555555555556
31,B_to_A,50,50,matched_size_bottom_for_p_ge_0.80,9.0,0.5555555555555556,0.13157894736842105,0.11904761904761904,0.36342592592592593,0.5555555555555556
31,B_to_A,50,50,stable_core_p_ge_0.90,4.0,0.75,0.07894736842105263,0.07692307692307693,0.2643229166666667,0.75
31,B_to_A,50,50,matched_size_bottom_for_p_ge_0.90,4.0,0.5,0.05263157894736842,0.05,0.3932291666666667,0.5
31,B_to_A,50,50,stable_core_p_ge_0.95,1.0,1.0,0.02631578947368421,0.02631578947368421,0.140625,1.0
31,B_to_A,50,50,matched_size_bottom_for_p_ge_0.95,1.0,0.0,0.0,0.0,0.84375,0.0
32,A_to_B,50,50,fixed_bottom20,38.0,0.34210526315789475,0.34210526315789475,0.20634920634920634,0.42201206140350883,0.5
32,A_to_B,50,50,fixed_bottom10,19.0,0.47368421052631576,0.23684210526315788,0.1875,0.3618421052631578,0.5789473684210527
32,A_to_B,50,50,stable_core_p_ge_0.80,10.0,0.5,0.13157894736842105,0.11627906976744186,0.35,0.6
32,A_to_B,50,50,matched_size_bottom_for_p_ge_0.80,10.0,0.7,0.18421052631578946,0.17073170731707318,0.27083333333333337,0.7
32,A_to_B,50,50,stable_core_p_ge_0.90,5.0,0.4,0.05263157894736842,0.04878048780487805,0.3864583333333333,0.6
32,A_to_B,50,50,matched_size_bottom_for_p_ge_0.90,5.0,0.4,0.05263157894736842,0.04878048780487805,0.4572916666666666,0.4
32,A_to_B,50,50,stable_core_p_ge_0.95,4.0,0.25,0.02631578947368421,0.024390243902439025,0.45963541666666663,0.5
32,A_to_B,50,50,matched_size_bottom_for_p_ge_0.95,4.0,0.5,0.05263157894736842,0.05,0.3958333333333333,0.5
32,B_to_A,50,50,fixed_bottom20,38.0,0.34210526315789475,0.34210526315789475,0.20634920634920634,0.4029605263157895,0.5263157894736842
32,B_to_A,50,50,fixed_bottom10,19.0,0.5263157894736842,0.2631578947368421,0.2127659574468085,0.26069078947368424,0.7368421052631579
32,B_to_A,50,50,stable_core_p_ge_0.80,8.0,0.375,0.07894736842105263,0.06976744186046512,0.30794270833333337,0.625
32,B_to_A,50,50,matched_size_bottom_for_p_ge_0.80,8.0,0.5,0.10526315789473684,0.09523809523809523,0.2799479166666667,0.625
32,B_to_A,50,50,stable_core_p_ge_0.90,3.0,0.6666666666666666,0.05263157894736842,0.05128205128205128,0.13194444444444445,1.0
32,B_to_A,50,50,matched_size_bottom_for_p_ge_0.90,3.0,0.6666666666666666,0.05263157894736842,0.05128205128205128,0.16319444444444445,0.6666666666666666
32,B_to_A,50,50,stable_core_p_ge_0.95,0.0,,0.0,0.0,,
32,B_to_A,50,50,matched_size_bottom_for_p_ge_0.95,0.0,,0.0,0.0,,
33,A_to_B,50,50,fixed_bottom20,38.0,0.34210526315789475,0.34210526315789475,0.20634920634920634,0.3917214912280702,0.5526315789473685
33,A_to_B,50,50,fixed_bottom10,19.0,0.3684210526315789,0.18421052631578946,0.14,0.3722587719298246,0.5789473684210527
33,A_to_B,50,50,stable_core_p_ge_0.80,9.0,0.4444444444444444,0.10526315789473684,0.09302325581395349,0.34780092592592593,0.6666666666666666
33,A_to_B,50,50,matched_size_bottom_for_p_ge_0.80,9.0,0.4444444444444444,0.10526315789473684,0.09302325581395349,0.29861111111111116,0.6666666666666666
33,A_to_B,50,50,stable_core_p_ge_0.90,3.0,0.3333333333333333,0.02631578947368421,0.025,0.49479166666666674,0.3333333333333333
33,A_to_B,50,50,matched_size_bottom_for_p_ge_0.90,3.0,0.6666666666666666,0.05263157894736842,0.05128205128205128,0.2708333333333333,0.6666666666666666
33,A_to_B,50,50,stable_core_p_ge_0.95,1.0,1.0,0.02631578947368421,0.02631578947368421,0.057291666666666664,1.0
33,A_to_B,50,50,matched_size_bottom_for_p_ge_0.95,1.0,1.0,0.02631578947368421,0.02631578947368421,0.057291666666666664,1.0
33,B_to_A,50,50,fixed_bottom20,38.0,0.34210526315789475,0.34210526315789475,0.20634920634920634,0.42598684210526316,0.5526315789473685
33,B_to_A,50,50,fixed_bottom10,19.0,0.5789473684210527,0.2894736842105263,0.2391304347826087,0.331140350877193,0.631578947368421
33,B_to_A,50,50,stable_core_p_ge_0.80,13.0,0.46153846153846156,0.15789473684210525,0.13333333333333333,0.389423076923077,0.5384615384615384
33,B_to_A,50,50,matched_size_bottom_for_p_ge_0.80,13.0,0.6153846153846154,0.21052631578947367,0.18604651162790697,0.2828525641025641,0.6923076923076923
33,B_to_A,50,50,stable_core_p_ge_0.90,5.0,0.4,0.05263157894736842,0.04878048780487805,0.2979166666666667,0.6
33,B_to_A,50,50,matched_size_bottom_for_p_ge_0.90,5.0,0.8,0.10526315789473684,0.10256410256410256,0.16249999999999998,0.8
33,B_to_A,50,50,stable_core_p_ge_0.95,1.0,0.0,0.0,0.0,0.6927083333333334,0.0
33,B_to_A,50,50,matched_size_bottom_for_p_ge_0.95,1.0,0.0,0.0,0.0,0.3854166666666667,0.0
34,A_to_B,50,50,fixed_bottom20,38.0,0.4473684210526316,0.4473684210526316,0.288135593220339,0.38884320175438597,0.6052631578947368
34,A_to_B,50,50,fixed_bottom10,19.0,0.5789473684210527,0.2894736842105263,0.2391304347826087,0.33936403508771934,0.6842105263157895
34,A_to_B,50,50,stable_core_p_ge_0.80,13.0,0.5384615384615384,0.18421052631578946,0.1590909090909091,0.40945512820512825,0.5384615384615384
34,A_to_B,50,50,matched_size_bottom_for_p_ge_0.80,13.0,0.6153846153846154,0.21052631578947367,0.18604651162790697,0.375,0.6153846153846154
34,A_to_B,50,50,stable_core_p_ge_0.90,8.0,0.5,0.10526315789473684,0.09523809523809523,0.4368489583333333,0.5
34,A_to_B,50,50,matched_size_bottom_for_p_ge_0.90,8.0,0.625,0.13157894736842105,0.12195121951219512,0.412109375,0.625
34,A_to_B,50,50,stable_core_p_ge_0.95,2.0,0.5,0.02631578947368421,0.02564102564102564,0.5130208333333333,0.5
34,A_to_B,50,50,matched_size_bottom_for_p_ge_0.95,2.0,1.0,0.05263157894736842,0.05263157894736842,0.09114583333333334,1.0
34,B_to_A,50,50,fixed_bottom20,38.0,0.4473684210526316,0.4473684210526316,0.288135593220339,0.32757675438596495,0.7105263157894737
34,B_to_A,50,50,fixed_bottom10,19.0,0.5789473684210527,0.2894736842105263,0.2391304347826087,0.28618421052631576,0.7368421052631579
34,B_to_A,50,50,stable_core_p_ge_0.80,12.0,0.6666666666666666,0.21052631578947367,0.19047619047619047,0.2526041666666667,0.8333333333333334
34,B_to_A,50,50,matched_size_bottom_for_p_ge_0.80,12.0,0.6666666666666666,0.21052631578947367,0.19047619047619047,0.2417534722222222,0.8333333333333334
34,B_to_A,50,50,stable_core_p_ge_0.90,5.0,0.8,0.10526315789473684,0.10256410256410256,0.12708333333333333,1.0
34,B_to_A,50,50,matched_size_bottom_for_p_ge_0.90,5.0,0.4,0.05263157894736842,0.04878048780487805,0.39375,0.6
34,B_to_A,50,50,stable_core_p_ge_0.95,2.0,0.5,0.02631578947368421,0.02564102564102564,0.17708333333333331,1.0
34,B_to_A,50,50,matched_size_bottom_for_p_ge_0.95,2.0,0.5,0.02631578947368421,0.02564102564102564,0.15104166666666666,1.0
35,A_to_B,50,50,fixed_bottom20,38.0,0.3684210526315789,0.3684210526315789,0.22580645161290322,0.39638157894736836,0.47368421052631576
35,A_to_B,50,50,fixed_bottom10,19.0,0.47368421052631576,0.23684210526315788,0.1875,0.3034539473684211,0.5263157894736842
35,A_to_B,50,50,stable_core_p_ge_0.80,11.0,0.45454545454545453,0.13157894736842105,0.11363636363636363,0.3243371212121212,0.5454545454545454
35,A_to_B,50,50,matched_size_bottom_for_p_ge_0.80,11.0,0.5454545454545454,0.15789473684210525,0.13953488372093023,0.2869318181818182,0.6363636363636364
35,A_to_B,50,50,stable_core_p_ge_0.90,5.0,0.6,0.07894736842105263,0.075,0.3572916666666667,0.6
35,A_to_B,50,50,matched_size_bottom_for_p_ge_0.90,5.0,1.0,0.13157894736842105,0.13157894736842105,0.07916666666666668,1.0
35,A_to_B,50,50,stable_core_p_ge_0.95,2.0,0.5,0.02631578947368421,0.02564102564102564,0.4348958333333333,0.5
35,A_to_B,50,50,matched_size_bottom_for_p_ge_0.95,2.0,1.0,0.05263157894736842,0.05263157894736842,0.05729166666666667,1.0
35,B_to_A,50,50,fixed_bottom20,38.0,0.3684210526315789,0.3684210526315789,0.22580645161290322,0.4050164473684211,0.47368421052631576
35,B_to_A,50,50,fixed_bottom10,19.0,0.47368421052631576,0.23684210526315788,0.1875,0.30948464912280704,0.5789473684210527
35,B_to_A,50,50,stable_core_p_ge_0.80,14.0,0.42857142857142855,0.15789473684210525,0.13043478260869565,0.349702380952381,0.5714285714285714
35,B_to_A,50,50,matched_size_bottom_for_p_ge_0.80,14.0,0.42857142857142855,0.15789473684210525,0.13043478260869565,0.3392857142857143,0.5714285714285714
35,B_to_A,50,50,stable_core_p_ge_0.90,9.0,0.3333333333333333,0.07894736842105263,0.06818181818181818,0.3958333333333333,0.5555555555555556
35,B_to_A,50,50,matched_size_bottom_for_p_ge_0.90,9.0,0.3333333333333333,0.07894736842105263,0.06818181818181818,0.3912037037037037,0.5555555555555556
35,B_to_A,50,50,stable_core_p_ge_0.95,3.0,0.6666666666666666,0.05263157894736842,0.05128205128205128,0.22569444444444445,0.6666666666666666
35,B_to_A,50,50,matched_size_bottom_for_p_ge_0.95,3.0,0.0,0.0,0.0,0.579861111111111,0.3333333333333333
36,A_to_B,50,50,fixed_bottom20,38.0,0.47368421052631576,0.47368421052631576,0.3103448275862069,0.3508771929824561,0.631578947368421
36,A_to_B,50,50,fixed_bottom10,19.0,0.5789473684210527,0.2894736842105263,0.2391304347826087,0.26315789473684204,0.7368421052631579
36,A_to_B,50,50,stable_core_p_ge_0.80,11.0,0.6363636363636364,0.18421052631578946,0.16666666666666666,0.2637310606060606,0.7272727272727273
36,A_to_B,50,50,matched_size_bottom_for_p_ge_0.80,11.0,0.7272727272727273,0.21052631578947367,0.1951219512195122,0.22916666666666669,0.8181818181818182
36,A_to_B,50,50,stable_core_p_ge_0.90,5.0,0.8,0.10526315789473684,0.10256410256410256,0.12812500000000002,1.0
36,A_to_B,50,50,matched_size_bottom_for_p_ge_0.90,5.0,0.8,0.10526315789473684,0.10256410256410256,0.11666666666666667,1.0
36,A_to_B,50,50,stable_core_p_ge_0.95,4.0,1.0,0.10526315789473684,0.10526315789473684,0.08984375,1.0
36,A_to_B,50,50,matched_size_bottom_for_p_ge_0.95,4.0,0.75,0.07894736842105263,0.07692307692307693,0.10546874999999999,1.0
36,B_to_A,50,50,fixed_bottom20,38.0,0.47368421052631576,0.47368421052631576,0.3103448275862069,0.3333333333333333,0.631578947368421
36,B_to_A,50,50,fixed_bottom10,19.0,0.5789473684210527,0.2894736842105263,0.2391304347826087,0.24150219298245615,0.7368421052631579
36,B_to_A,50,50,stable_core_p_ge_0.80,11.0,0.45454545454545453,0.13157894736842105,0.11363636363636363,0.28787878787878785,0.6363636363636364
36,B_to_A,50,50,matched_size_bottom_for_p_ge_0.80,11.0,0.6363636363636364,0.18421052631578946,0.16666666666666666,0.212594696969697,0.8181818181818182
36,B_to_A,50,50,stable_core_p_ge_0.90,2.0,0.0,0.0,0.0,0.2890625,1.0
36,B_to_A,50,50,matched_size_bottom_for_p_ge_0.90,2.0,0.0,0.0,0.0,0.48177083333333337,0.5
36,B_to_A,50,50,stable_core_p_ge_0.95,2.0,0.0,0.0,0.0,0.2890625,1.0
36,B_to_A,50,50,matched_size_bottom_for_p_ge_0.95,2.0,0.0,0.0,0.0,0.48177083333333337,0.5
37,A_to_B,50,50,fixed_bottom20,38.0,0.39473684210526316,0.39473684210526316,0.2459016393442623,0.3888432017543859,0.5263157894736842
37,A_to_B,50,50,fixed_bottom10,19.0,0.5789473684210527,0.2894736842105263,0.2391304347826087,0.3064692982456141,0.631578947368421
37,A_to_B,50,50,stable_core_p_ge_0.80,13.0,0.6153846153846154,0.21052631578947367,0.18604651162790697,0.23918269230769226,0.6923076923076923
37,A_to_B,50,50,matched_size_bottom_for_p_ge_0.80,13.0,0.6923076923076923,0.23684210526315788,0.21428571428571427,0.22195512820512817,0.7692307692307693
37,A_to_B,50,50,stable_core_p_ge_0.90,6.0,0.6666666666666666,0.10526315789473684,0.1,0.2769097222222222,0.6666666666666666
37,A_to_B,50,50,matched_size_bottom_for_p_ge_0.90,6.0,0.6666666666666666,0.10526315789473684,0.1,0.2708333333333333,0.6666666666666666
37,A_to_B,50,50,stable_core_p_ge_0.95,2.0,0.5,0.02631578947368421,0.02564102564102564,0.4817708333333333,0.5
37,A_to_B,50,50,matched_size_bottom_for_p_ge_0.95,2.0,0.0,0.0,0.0,0.6979166666666666,0.0
37,B_to_A,50,50,fixed_bottom20,38.0,0.39473684210526316,0.39473684210526316,0.2459016393442623,0.3781524122807018,0.5789473684210527
37,B_to_A,50,50,fixed_bottom10,19.0,0.47368421052631576,0.23684210526315788,0.1875,0.31277412280701755,0.6842105263157895
37,B_to_A,50,50,stable_core_p_ge_0.80,12.0,0.5,0.15789473684210525,0.13636363636363635,0.30251736111111116,0.75
37,B_to_A,50,50,matched_size_bottom_for_p_ge_0.80,12.0,0.5,0.15789473684210525,0.13636363636363635,0.2821180555555556,0.75
37,B_to_A,50,50,stable_core_p_ge_0.90,10.0,0.4,0.10526315789473684,0.09090909090909091,0.3421875,0.7
37,B_to_A,50,50,matched_size_bottom_for_p_ge_0.90,10.0,0.4,0.10526315789473684,0.09090909090909091,0.31770833333333337,0.7
37,B_to_A,50,50,stable_core_p_ge_0.95,4.0,0.0,0.0,0.0,0.5755208333333333,0.5
37,B_to_A,50,50,matched_size_bottom_for_p_ge_0.95,4.0,0.5,0.05263157894736842,0.05,0.2578125,0.5
38,A_to_B,50,50,fixed_bottom20,38.0,0.42105263157894735,0.42105263157894735,0.26666666666666666,0.34292763157894735,0.6842105263157895
38,A_to_B,50,50,fixed_bottom10,19.0,0.5789473684210527,0.2894736842105263,0.2391304347826087,0.25164473684210525,0.7894736842105263
38,A_to_B,50,50,stable_core_p_ge_0.80,9.0,0.5555555555555556,0.13157894736842105,0.11904761904761904,0.24074074074074078,0.8888888888888888
38,A_to_B,50,50,matched_size_bottom_for_p_ge_0.80,9.0,0.6666666666666666,0.15789473684210525,0.14634146341463414,0.1400462962962963,1.0
38,A_to_B,50,50,stable_core_p_ge_0.90,5.0,0.4,0.05263157894736842,0.04878048780487805,0.32395833333333335,0.8
38,A_to_B,50,50,matched_size_bottom_for_p_ge_0.90,5.0,0.6,0.07894736842105263,0.075,0.15625000000000003,1.0
38,A_to_B,50,50,stable_core_p_ge_0.95,2.0,0.5,0.02631578947368421,0.02564102564102564,0.4947916666666667,0.5
38,A_to_B,50,50,matched_size_bottom_for_p_ge_0.95,2.0,0.5,0.02631578947368421,0.02564102564102564,0.15885416666666666,1.0
38,B_to_A,50,50,fixed_bottom20,38.0,0.42105263157894735,0.42105263157894735,0.26666666666666666,0.3696546052631579,0.5789473684210527
38,B_to_A,50,50,fixed_bottom10,19.0,0.5789473684210527,0.2894736842105263,0.2391304347826087,0.2722039473684211,0.7368421052631579
38,B_to_A,50,50,stable_core_p_ge_0.80,8.0,0.5,0.10526315789473684,0.09523809523809523,0.3873697916666667,0.5
38,B_to_A,50,50,matched_size_bottom_for_p_ge_0.80,8.0,0.625,0.13157894736842105,0.12195121951219512,0.29361979166666663,0.625
38,B_to_A,50,50,stable_core_p_ge_0.90,6.0,0.5,0.07894736842105263,0.07317073170731707,0.3663194444444445,0.5
38,B_to_A,50,50,matched_size_bottom_for_p_ge_0.90,6.0,0.8333333333333334,0.13157894736842105,0.1282051282051282,0.2152777777777778,0.8333333333333334
38,B_to_A,50,50,stable_core_p_ge_0.95,4.0,0.25,0.02631578947368421,0.024390243902439025,0.5078125,0.25
38,B_to_A,50,50,matched_size_bottom_for_p_ge_0.95,4.0,1.0,0.10526315789473684,0.10526315789473684,0.06901041666666666,1.0
39,A_to_B,50,50,fixed_bottom20,38.0,0.47368421052631576,0.47368421052631576,0.3103448275862069,0.34991776315789475,0.6052631578947368
39,A_to_B,50,50,fixed_bottom10,19.0,0.5263157894736842,0.2631578947368421,0.2127659574468085,0.35389254385964913,0.631578947368421
39,A_to_B,50,50,stable_core_p_ge_0.80,12.0,0.5,0.15789473684210525,0.13636363636363635,0.40798611111111116,0.5833333333333334
39,A_to_B,50,50,matched_size_bottom_for_p_ge_0.80,12.0,0.5,0.15789473684210525,0.13636363636363635,0.41362847222222215,0.5833333333333334
39,A_to_B,50,50,stable_core_p_ge_0.90,5.0,0.4,0.05263157894736842,0.04878048780487805,0.4541666666666667,0.6
39,A_to_B,50,50,matched_size_bottom_for_p_ge_0.90,5.0,0.4,0.05263157894736842,0.04878048780487805,0.50625,0.4
39,A_to_B,50,50,stable_core_p_ge_0.95,1.0,0.0,0.0,0.0,0.8020833333333334,0.0
39,A_to_B,50,50,matched_size_bottom_for_p_ge_0.95,1.0,0.0,0.0,0.0,0.953125,0.0
39,B_to_A,50,50,fixed_bottom20,38.0,0.47368421052631576,0.47368421052631576,0.3103448275862069,0.3612938596491228,0.6578947368421053
39,B_to_A,50,50,fixed_bottom10,19.0,0.5789473684210527,0.2894736842105263,0.2391304347826087,0.328125,0.6842105263157895
39,B_to_A,50,50,stable_core_p_ge_0.80,14.0,0.5,0.18421052631578946,0.15555555555555556,0.33556547619047616,0.7142857142857143
39,B_to_A,50,50,matched_size_bottom_for_p_ge_0.80,14.0,0.6428571428571429,0.23684210526315788,0.20930232558139536,0.2883184523809524,0.7142857142857143
39,B_to_A,50,50,stable_core_p_ge_0.90,8.0,0.625,0.13157894736842105,0.12195121951219512,0.291015625,0.75
39,B_to_A,50,50,matched_size_bottom_for_p_ge_0.90,8.0,0.75,0.15789473684210525,0.15,0.26953125,0.75
39,B_to_A,50,50,stable_core_p_ge_0.95,3.0,0.6666666666666666,0.05263157894736842,0.05128205128205128,0.2760416666666667,0.6666666666666666
39,B_to_A,50,50,matched_size_bottom_for_p_ge_0.95,3.0,1.0,0.07894736842105263,0.07894736842105263,0.07118055555555557,1.0
40,A_to_B,50,50,fixed_bottom20,38.0,0.4473684210526316,0.4473684210526316,0.288135593220339,0.34868421052631576,0.5526315789473685
40,A_to_B,50,50,fixed_bottom10,19.0,0.631578947368421,0.3157894736842105,0.26666666666666666,0.2754934210526316,0.6842105263157895
40,A_to_B,50,50,stable_core_p_ge_0.80,13.0,0.6153846153846154,0.21052631578947367,0.18604651162790697,0.28165064102564097,0.6923076923076923
40,A_to_B,50,50,matched_size_bottom_for_p_ge_0.80,13.0,0.7692307692307693,0.2631578947368421,0.24390243902439024,0.20833333333333331,0.8461538461538461
40,A_to_B,50,50,stable_core_p_ge_0.90,4.0,0.75,0.07894736842105263,0.07692307692307693,0.24479166666666666,0.75
40,A_to_B,50,50,matched_size_bottom_for_p_ge_0.90,4.0,1.0,0.10526315789473684,0.10526315789473684,0.10546875,1.0
40,A_to_B,50,50,stable_core_p_ge_0.95,4.0,0.75,0.07894736842105263,0.07692307692307693,0.24479166666666666,0.75
40,A_to_B,50,50,matched_size_bottom_for_p_ge_0.95,4.0,1.0,0.10526315789473684,0.10526315789473684,0.10546875,1.0
40,B_to_A,50,50,fixed_bottom20,38.0,0.4473684210526316,0.4473684210526316,0.288135593220339,0.3482730263157895,0.631578947368421
40,B_to_A,50,50,fixed_bottom10,19.0,0.5789473684210527,0.2894736842105263,0.2391304347826087,0.30235745614035087,0.6842105263157895
40,B_to_A,50,50,stable_core_p_ge_0.80,10.0,0.4,0.10526315789473684,0.09090909090909091,0.4609375,0.4
40,B_to_A,50,50,matched_size_bottom_for_p_ge_0.80,10.0,0.4,0.10526315789473684,0.09090909090909091,0.459375,0.4
40,B_to_A,50,50,stable_core_p_ge_0.90,5.0,0.6,0.07894736842105263,0.075,0.2895833333333333,0.6
40,B_to_A,50,50,matched_size_bottom_for_p_ge_0.90,5.0,0.2,0.02631578947368421,0.023809523809523808,0.5208333333333333,0.2
40,B_to_A,50,50,stable_core_p_ge_0.95,4.0,0.5,0.05263157894736842,0.05,0.34375,0.5
40,B_to_A,50,50,matched_size_bottom_for_p_ge_0.95,4.0,0.25,0.02631578947368421,0.024390243902439025,0.5260416666666666,0.25
41,A_to_B,50,50,fixed_bottom20,38.0,0.47368421052631576,0.47368421052631576,0.3103448275862069,0.28906250000000006,0.6842105263157895
41,A_to_B,50,50,fixed_bottom10,19.0,0.631578947368421,0.3157894736842105,0.26666666666666666,0.2044956140350877,0.7894736842105263
41,A_to_B,50,50,stable_core_p_ge_0.80,8.0,0.75,0.15789473684210525,0.15,0.19596354166666666,0.75
41,A_to_B,50,50,matched_size_bottom_for_p_ge_0.80,8.0,0.75,0.15789473684210525,0.15,0.19986979166666666,0.75
41,A_to_B,50,50,stable_core_p_ge_0.90,3.0,0.6666666666666666,0.05263157894736842,0.05128205128205128,0.1875,0.6666666666666666
41,A_to_B,50,50,matched_size_bottom_for_p_ge_0.90,3.0,0.6666666666666666,0.05263157894736842,0.05128205128205128,0.15277777777777776,0.6666666666666666
41,A_to_B,50,50,stable_core_p_ge_0.95,1.0,1.0,0.02631578947368421,0.02631578947368421,0.11979166666666667,1.0
41,A_to_B,50,50,matched_size_bottom_for_p_ge_0.95,1.0,1.0,0.02631578947368421,0.02631578947368421,0.03125,1.0
41,B_to_A,50,50,fixed_bottom20,38.0,0.47368421052631576,0.47368421052631576,0.3103448275862069,0.3249725877192983,0.6842105263157895
41,B_to_A,50,50,fixed_bottom10,19.0,0.631578947368421,0.3157894736842105,0.26666666666666666,0.24890350877192985,0.7894736842105263
41,B_to_A,50,50,stable_core_p_ge_0.80,11.0,0.6363636363636364,0.18421052631578946,0.16666666666666666,0.22964015151515155,0.8181818181818182
41,B_to_A,50,50,matched_size_bottom_for_p_ge_0.80,11.0,0.7272727272727273,0.21052631578947367,0.1951219512195122,0.1415719696969697,1.0
41,B_to_A,50,50,stable_core_p_ge_0.90,4.0,0.75,0.07894736842105263,0.07692307692307693,0.13802083333333334,1.0
41,B_to_A,50,50,matched_size_bottom_for_p_ge_0.90,4.0,1.0,0.10526315789473684,0.10526315789473684,0.08203125,1.0
41,B_to_A,50,50,stable_core_p_ge_0.95,2.0,1.0,0.05263157894736842,0.05263157894736842,0.08854166666666666,1.0
41,B_to_A,50,50,matched_size_bottom_for_p_ge_0.95,2.0,1.0,0.05263157894736842,0.05263157894736842,0.11197916666666666,1.0
42,A_to_B,50,50,fixed_bottom20,38.0,0.42105263157894735,0.42105263157894735,0.26666666666666666,0.359375,0.6578947368421053
42,A_to_B,50,50,fixed_bottom10,19.0,0.631578947368421,0.3157894736842105,0.26666666666666666,0.23053728070175442,0.8947368421052632
42,A_to_B,50,50,stable_core_p_ge_0.80,7.0,0.42857142857142855,0.07894736842105263,0.07142857142857142,0.28869047619047616,0.8571428571428571
42,A_to_B,50,50,matched_size_bottom_for_p_ge_0.80,7.0,0.5714285714285714,0.10526315789473684,0.0975609756097561,0.25148809523809523,0.8571428571428571
42,A_to_B,50,50,stable_core_p_ge_0.90,2.0,0.5,0.02631578947368421,0.02564102564102564,0.15885416666666666,1.0
42,A_to_B,50,50,matched_size_bottom_for_p_ge_0.90,2.0,1.0,0.05263157894736842,0.05263157894736842,0.05989583333333333,1.0
42,A_to_B,50,50,stable_core_p_ge_0.95,2.0,0.5,0.02631578947368421,0.02564102564102564,0.15885416666666666,1.0
42,A_to_B,50,50,matched_size_bottom_for_p_ge_0.95,2.0,1.0,0.05263157894736842,0.05263157894736842,0.05989583333333333,1.0
42,B_to_A,50,50,fixed_bottom20,38.0,0.42105263157894735,0.42105263157894735,0.26666666666666666,0.32168311403508776,0.5263157894736842
42,B_to_A,50,50,fixed_bottom10,19.0,0.5263157894736842,0.2631578947368421,0.2127659574468085,0.29385964912280704,0.6842105263157895
42,B_to_A,50,50,stable_core_p_ge_0.80,12.0,0.5,0.15789473684210525,0.13636363636363635,0.2951388888888889,0.6666666666666666
42,B_to_A,50,50,matched_size_bottom_for_p_ge_0.80,12.0,0.5833333333333334,0.18421052631578946,0.16279069767441862,0.2790798611111111,0.6666666666666666
42,B_to_A,50,50,stable_core_p_ge_0.90,7.0,0.5714285714285714,0.10526315789473684,0.0975609756097561,0.2648809523809524,0.7142857142857143
42,B_to_A,50,50,matched_size_bottom_for_p_ge_0.90,7.0,0.5714285714285714,0.10526315789473684,0.0975609756097561,0.25520833333333337,0.7142857142857143
42,B_to_A,50,50,stable_core_p_ge_0.95,3.0,1.0,0.07894736842105263,0.07894736842105263,0.05381944444444444,1.0
42,B_to_A,50,50,matched_size_bottom_for_p_ge_0.95,3.0,0.3333333333333333,0.02631578947368421,0.025,0.390625,0.6666666666666666
43,A_to_B,50,50,fixed_bottom20,38.0,0.4473684210526316,0.4473684210526316,0.288135593220339,0.2931743421052632,0.6578947368421053
43,A_to_B,50,50,fixed_bottom10,19.0,0.47368421052631576,0.23684210526315788,0.1875,0.26260964912280693,0.6842105263157895
43,A_to_B,50,50,stable_core_p_ge_0.80,9.0,0.4444444444444444,0.10526315789473684,0.09302325581395349,0.2858796296296296,0.7777777777777778
43,A_to_B,50,50,matched_size_bottom_for_p_ge_0.80,9.0,0.6666666666666666,0.15789473684210525,0.14634146341463414,0.20543981481481483,0.8888888888888888
43,A_to_B,50,50,stable_core_p_ge_0.90,5.0,0.6,0.07894736842105263,0.075,0.16666666666666669,1.0
43,A_to_B,50,50,matched_size_bottom_for_p_ge_0.90,5.0,0.6,0.07894736842105263,0.075,0.2958333333333333,0.8
43,A_to_B,50,50,stable_core_p_ge_0.95,1.0,1.0,0.02631578947368421,0.02631578947368421,0.052083333333333336,1.0
43,A_to_B,50,50,matched_size_bottom_for_p_ge_0.95,1.0,1.0,0.02631578947368421,0.02631578947368421,0.052083333333333336,1.0
43,B_to_A,50,50,fixed_bottom20,38.0,0.4473684210526316,0.4473684210526316,0.288135593220339,0.33881578947368424,0.7105263157894737
43,B_to_A,50,50,fixed_bottom10,19.0,0.631578947368421,0.3157894736842105,0.26666666666666666,0.2927631578947369,0.7894736842105263
43,B_to_A,50,50,stable_core_p_ge_0.80,12.0,0.8333333333333334,0.2631578947368421,0.25,0.15928819444444445,0.9166666666666666
43,B_to_A,50,50,matched_size_bottom_for_p_ge_0.80,12.0,0.8333333333333334,0.2631578947368421,0.25,0.13281250000000003,1.0
43,B_to_A,50,50,stable_core_p_ge_0.90,7.0,0.7142857142857143,0.13157894736842105,0.125,0.21800595238095238,0.8571428571428571
43,B_to_A,50,50,matched_size_bottom_for_p_ge_0.90,7.0,1.0,0.18421052631578946,0.18421052631578946,0.10267857142857142,1.0
43,B_to_A,50,50,stable_core_p_ge_0.95,3.0,1.0,0.07894736842105263,0.07894736842105263,0.16145833333333334,1.0
43,B_to_A,50,50,matched_size_bottom_for_p_ge_0.95,3.0,1.0,0.07894736842105263,0.07894736842105263,0.08333333333333333,1.0
44,A_to_B,50,50,fixed_bottom20,38.0,0.39473684210526316,0.39473684210526316,0.2459016393442623,0.3706140350877193,0.5263157894736842
44,A_to_B,50,50,fixed_bottom10,19.0,0.47368421052631576,0.23684210526315788,0.1875,0.30701754385964913,0.5789473684210527
44,A_to_B,50,50,stable_core_p_ge_0.80,11.0,0.45454545454545453,0.13157894736842105,0.11363636363636363,0.2845643939393939,0.6363636363636364
44,A_to_B,50,50,matched_size_bottom_for_p_ge_0.80,11.0,0.6363636363636364,0.18421052631578946,0.16666666666666666,0.19412878787878787,0.8181818181818182
44,A_to_B,50,50,stable_core_p_ge_0.90,5.0,0.6,0.07894736842105263,0.075,0.24270833333333336,0.8
44,A_to_B,50,50,matched_size_bottom_for_p_ge_0.90,5.0,0.4,0.05263157894736842,0.04878048780487805,0.284375,0.6
44,A_to_B,50,50,stable_core_p_ge_0.95,4.0,0.75,0.07894736842105263,0.07692307692307693,0.24348958333333331,0.75
44,A_to_B,50,50,matched_size_bottom_for_p_ge_0.95,4.0,0.5,0.05263157894736842,0.05,0.2955729166666667,0.5
44,B_to_A,50,50,fixed_bottom20,38.0,0.39473684210526316,0.39473684210526316,0.2459016393442623,0.3338815789473684,0.6578947368421053
44,B_to_A,50,50,fixed_bottom10,19.0,0.47368421052631576,0.23684210526315788,0.1875,0.28728070175438597,0.7894736842105263
44,B_to_A,50,50,stable_core_p_ge_0.80,10.0,0.5,0.13157894736842105,0.11627906976744186,0.2723958333333333,0.8
44,B_to_A,50,50,matched_size_bottom_for_p_ge_0.80,10.0,0.5,0.13157894736842105,0.11627906976744186,0.3109375,0.8
44,B_to_A,50,50,stable_core_p_ge_0.90,6.0,0.5,0.07894736842105263,0.07317073170731707,0.2786458333333333,0.8333333333333334
44,B_to_A,50,50,matched_size_bottom_for_p_ge_0.90,6.0,0.5,0.07894736842105263,0.07317073170731707,0.2586805555555556,0.8333333333333334
44,B_to_A,50,50,stable_core_p_ge_0.95,2.0,0.0,0.0,0.0,0.31510416666666663,1.0
44,B_to_A,50,50,matched_size_bottom_for_p_ge_0.95,2.0,0.5,0.02631578947368421,0.02564102564102564,0.27604166666666663,1.0
45,A_to_B,50,50,fixed_bottom20,38.0,0.34210526315789475,0.34210526315789475,0.20634920634920634,0.3680098684210527,0.5263157894736842
45,A_to_B,50,50,fixed_bottom10,19.0,0.47368421052631576,0.23684210526315788,0.1875,0.27741228070175433,0.7368421052631579
45,A_to_B,50,50,stable_core_p_ge_0.80,15.0,0.4666666666666667,0.18421052631578946,0.15217391304347827,0.2635416666666667,0.8
45,A_to_B,50,50,matched_size_bottom_for_p_ge_0.80,15.0,0.5333333333333333,0.21052631578947367,0.17777777777777778,0.27361111111111114,0.8
45,A_to_B,50,50,stable_core_p_ge_0.90,7.0,0.42857142857142855,0.07894736842105263,0.07142857142857142,0.2782738095238095,0.8571428571428571
45,A_to_B,50,50,matched_size_bottom_for_p_ge_0.90,7.0,0.5714285714285714,0.10526315789473684,0.0975609756097561,0.2552083333333333,0.8571428571428571
45,A_to_B,50,50,stable_core_p_ge_0.95,2.0,0.0,0.0,0.0,0.5729166666666667,0.5
45,A_to_B,50,50,matched_size_bottom_for_p_ge_0.95,2.0,0.5,0.02631578947368421,0.02564102564102564,0.15364583333333334,1.0
45,B_to_A,50,50,fixed_bottom20,38.0,0.34210526315789475,0.34210526315789475,0.20634920634920634,0.3973410087719298,0.5789473684210527
45,B_to_A,50,50,fixed_bottom10,19.0,0.5263157894736842,0.2631578947368421,0.2127659574468085,0.3525219298245615,0.631578947368421
45,B_to_A,50,50,stable_core_p_ge_0.80,11.0,0.36363636363636365,0.10526315789473684,0.08888888888888889,0.462594696969697,0.45454545454545453
45,B_to_A,50,50,matched_size_bottom_for_p_ge_0.80,11.0,0.6363636363636364,0.18421052631578946,0.16666666666666666,0.33096590909090906,0.6363636363636364
45,B_to_A,50,50,stable_core_p_ge_0.90,5.0,0.6,0.07894736842105263,0.075,0.39375,0.6
45,B_to_A,50,50,matched_size_bottom_for_p_ge_0.90,5.0,0.4,0.05263157894736842,0.04878048780487805,0.5083333333333334,0.4
45,B_to_A,50,50,stable_core_p_ge_0.95,1.0,1.0,0.02631578947368421,0.02631578947368421,0.057291666666666664,1.0
45,B_to_A,50,50,matched_size_bottom_for_p_ge_0.95,1.0,0.0,0.0,0.0,0.5885416666666666,0.0
46,A_to_B,50,50,fixed_bottom20,38.0,0.42105263157894735,0.42105263157894735,0.26666666666666666,0.3817160087719298,0.47368421052631576
46,A_to_B,50,50,fixed_bottom10,19.0,0.47368421052631576,0.23684210526315788,0.1875,0.31688596491228066,0.5789473684210527
46,A_to_B,50,50,stable_core_p_ge_0.80,12.0,0.5,0.15789473684210525,0.13636363636363635,0.3003472222222222,0.5833333333333334
46,A_to_B,50,50,matched_size_bottom_for_p_ge_0.80,12.0,0.5833333333333334,0.18421052631578946,0.16279069767441862,0.23741319444444442,0.6666666666666666
46,A_to_B,50,50,stable_core_p_ge_0.90,6.0,0.5,0.07894736842105263,0.07317073170731707,0.3350694444444444,0.5
46,A_to_B,50,50,matched_size_bottom_for_p_ge_0.90,6.0,0.8333333333333334,0.13157894736842105,0.1282051282051282,0.15277777777777776,0.8333333333333334
46,A_to_B,50,50,stable_core_p_ge_0.95,3.0,0.6666666666666666,0.05263157894736842,0.05128205128205128,0.24131944444444445,0.6666666666666666
46,A_to_B,50,50,matched_size_bottom_for_p_ge_0.95,3.0,0.6666666666666666,0.05263157894736842,0.05128205128205128,0.203125,0.6666666666666666
46,B_to_A,50,50,fixed_bottom20,38.0,0.42105263157894735,0.42105263157894735,0.26666666666666666,0.36499451754385975,0.631578947368421
46,B_to_A,50,50,fixed_bottom10,19.0,0.5263157894736842,0.2631578947368421,0.2127659574468085,0.2897478070175438,0.6842105263157895
46,B_to_A,50,50,stable_core_p_ge_0.80,9.0,0.4444444444444444,0.10526315789473684,0.09302325581395349,0.4079861111111111,0.5555555555555556
46,B_to_A,50,50,matched_size_bottom_for_p_ge_0.80,9.0,0.7777777777777778,0.18421052631578946,0.175,0.224537037037037,0.7777777777777778
46,B_to_A,50,50,stable_core_p_ge_0.90,4.0,0.5,0.05263157894736842,0.05,0.4192708333333333,0.5
46,B_to_A,50,50,matched_size_bottom_for_p_ge_0.90,4.0,0.75,0.07894736842105263,0.07692307692307693,0.3059895833333333,0.75
46,B_to_A,50,50,stable_core_p_ge_0.95,3.0,0.6666666666666666,0.05263157894736842,0.05128205128205128,0.421875,0.6666666666666666
46,B_to_A,50,50,matched_size_bottom_for_p_ge_0.95,3.0,0.6666666666666666,0.05263157894736842,0.05128205128205128,0.3697916666666667,0.6666666666666666
47,A_to_B,50,50,fixed_bottom20,38.0,0.5263157894736842,0.5263157894736842,0.35714285714285715,0.28042763157894735,0.7631578947368421
47,A_to_B,50,50,fixed_bottom10,19.0,0.6842105263157895,0.34210526315789475,0.29545454545454547,0.16748903508771928,0.9473684210526315
47,A_to_B,50,50,stable_core_p_ge_0.80,12.0,0.75,0.23684210526315788,0.21951219512195122,0.15755208333333334,0.9166666666666666
47,A_to_B,50,50,matched_size_bottom_for_p_ge_0.80,12.0,0.6666666666666666,0.21052631578947367,0.19047619047619047,0.17925347222222224,0.9166666666666666
47,A_to_B,50,50,stable_core_p_ge_0.90,4.0,0.5,0.05263157894736842,0.05,0.17057291666666666,1.0
47,A_to_B,50,50,matched_size_bottom_for_p_ge_0.90,4.0,1.0,0.10526315789473684,0.10526315789473684,0.09375000000000001,1.0
47,A_to_B,50,50,stable_core_p_ge_0.95,2.0,0.5,0.02631578947368421,0.02564102564102564,0.18489583333333331,1.0
47,A_to_B,50,50,matched_size_bottom_for_p_ge_0.95,2.0,1.0,0.05263157894736842,0.05263157894736842,0.09895833333333333,1.0
47,B_to_A,50,50,fixed_bottom20,38.0,0.5263157894736842,0.5263157894736842,0.35714285714285715,0.35046600877192985,0.6578947368421053
47,B_to_A,50,50,fixed_bottom10,19.0,0.631578947368421,0.3157894736842105,0.26666666666666666,0.3415570175438596,0.631578947368421
47,B_to_A,50,50,stable_core_p_ge_0.80,9.0,0.5555555555555556,0.13157894736842105,0.11904761904761904,0.4386574074074074,0.5555555555555556
47,B_to_A,50,50,matched_size_bottom_for_p_ge_0.80,9.0,0.5555555555555556,0.13157894736842105,0.11904761904761904,0.4392361111111111,0.5555555555555556
47,B_to_A,50,50,stable_core_p_ge_0.90,7.0,0.5714285714285714,0.10526315789473684,0.0975609756097561,0.41964285714285715,0.5714285714285714
47,B_to_A,50,50,matched_size_bottom_for_p_ge_0.90,7.0,0.42857142857142855,0.07894736842105263,0.07142857142857142,0.5401785714285714,0.42857142857142855
47,B_to_A,50,50,stable_core_p_ge_0.95,2.0,0.0,0.0,0.0,0.8489583333333333,0.0
47,B_to_A,50,50,matched_size_bottom_for_p_ge_0.95,2.0,0.0,0.0,0.0,0.9921875,0.0
48,A_to_B,50,50,fixed_bottom20,38.0,0.34210526315789475,0.34210526315789475,0.20634920634920634,0.41351425438596495,0.47368421052631576
48,A_to_B,50,50,fixed_bottom10,19.0,0.47368421052631576,0.23684210526315788,0.1875,0.37527412280701755,0.5263157894736842
48,A_to_B,50,50,stable_core_p_ge_0.80,12.0,0.3333333333333333,0.10526315789473684,0.08695652173913043,0.4561631944444445,0.4166666666666667
48,A_to_B,50,50,matched_size_bottom_for_p_ge_0.80,12.0,0.5,0.15789473684210525,0.13636363636363635,0.33420138888888884,0.5833333333333334
48,A_to_B,50,50,stable_core_p_ge_0.90,3.0,0.3333333333333333,0.02631578947368421,0.025,0.5659722222222222,0.3333333333333333
48,A_to_B,50,50,matched_size_bottom_for_p_ge_0.90,3.0,0.3333333333333333,0.02631578947368421,0.025,0.5520833333333334,0.3333333333333333
48,A_to_B,50,50,stable_core_p_ge_0.95,1.0,0.0,0.0,0.0,0.5729166666666666,0.0
48,A_to_B,50,50,matched_size_bottom_for_p_ge_0.95,1.0,0.0,0.0,0.0,0.5729166666666666,0.0
48,B_to_A,50,50,fixed_bottom20,38.0,0.34210526315789475,0.34210526315789475,0.20634920634920634,0.37691885964912275,0.631578947368421
48,B_to_A,50,50,fixed_bottom10,19.0,0.42105263157894735,0.21052631578947367,0.16326530612244897,0.3360745614035087,0.631578947368421
48,B_to_A,50,50,stable_core_p_ge_0.80,15.0,0.4666666666666667,0.18421052631578946,0.15217391304347827,0.3163194444444445,0.6666666666666666
48,B_to_A,50,50,matched_size_bottom_for_p_ge_0.80,15.0,0.5333333333333333,0.21052631578947367,0.17777777777777778,0.24374999999999997,0.7333333333333333
48,B_to_A,50,50,stable_core_p_ge_0.90,7.0,0.5714285714285714,0.10526315789473684,0.0975609756097561,0.25595238095238093,0.7142857142857143
48,B_to_A,50,50,matched_size_bottom_for_p_ge_0.90,7.0,0.5714285714285714,0.10526315789473684,0.0975609756097561,0.16517857142857142,0.8571428571428571
48,B_to_A,50,50,stable_core_p_ge_0.95,3.0,0.6666666666666666,0.05263157894736842,0.05128205128205128,0.23263888888888887,0.6666666666666666
48,B_to_A,50,50,matched_size_bottom_for_p_ge_0.95,3.0,0.6666666666666666,0.05263157894736842,0.05128205128205128,0.10416666666666667,1.0
49,A_to_B,50,50,fixed_bottom20,38.0,0.39473684210526316,0.39473684210526316,0.2459016393442623,0.3445723684210527,0.6578947368421053
49,A_to_B,50,50,fixed_bottom10,19.0,0.42105263157894735,0.21052631578947367,0.16326530612244897,0.31222587719298245,0.7368421052631579
49,A_to_B,50,50,stable_core_p_ge_0.80,15.0,0.4,0.15789473684210525,0.1276595744680851,0.3524305555555556,0.6666666666666666
49,A_to_B,50,50,matched_size_bottom_for_p_ge_0.80,15.0,0.4,0.15789473684210525,0.1276595744680851,0.34375,0.6666666666666666
49,A_to_B,50,50,stable_core_p_ge_0.90,9.0,0.4444444444444444,0.10526315789473684,0.09302325581395349,0.3148148148148148,0.7777777777777778
49,A_to_B,50,50,matched_size_bottom_for_p_ge_0.90,9.0,0.3333333333333333,0.07894736842105263,0.06818181818181818,0.390625,0.6666666666666666
49,A_to_B,50,50,stable_core_p_ge_0.95,3.0,0.3333333333333333,0.02631578947368421,0.025,0.37847222222222227,0.6666666666666666
49,A_to_B,50,50,matched_size_bottom_for_p_ge_0.95,3.0,0.3333333333333333,0.02631578947368421,0.025,0.35590277777777785,0.6666666666666666
49,B_to_A,50,50,fixed_bottom20,38.0,0.39473684210526316,0.39473684210526316,0.2459016393442623,0.40021929824561403,0.5789473684210527
49,B_to_A,50,50,fixed_bottom10,19.0,0.5789473684210527,0.2894736842105263,0.2391304347826087,0.32949561403508776,0.631578947368421
49,B_to_A,50,50,stable_core_p_ge_0.80,11.0,0.5454545454545454,0.15789473684210525,0.13953488372093023,0.36742424242424243,0.6363636363636364
49,B_to_A,50,50,matched_size_bottom_for_p_ge_0.80,11.0,0.7272727272727273,0.21052631578947367,0.1951219512195122,0.2215909090909091,0.8181818181818182
49,B_to_A,50,50,stable_core_p_ge_0.90,4.0,0.5,0.05263157894736842,0.05,0.328125,0.75
49,B_to_A,50,50,matched_size_bottom_for_p_ge_0.90,4.0,0.5,0.05263157894736842,0.05,0.25651041666666663,0.75
49,B_to_A,50,50,stable_core_p_ge_0.95,1.0,1.0,0.02631578947368421,0.02631578947368421,0.08333333333333333,1.0
49,B_to_A,50,50,matched_size_bottom_for_p_ge_0.95,1.0,0.0,0.0,0.0,0.2604166666666667,1.0
50,A_to_B,50,50,fixed_bottom20,38.0,0.34210526315789475,0.34210526315789475,0.20634920634920634,0.37966008771929827,0.6052631578947368
50,A_to_B,50,50,fixed_bottom10,19.0,0.42105263157894735,0.21052631578947367,0.16326530612244897,0.284813596491228,0.6842105263157895
50,A_to_B,50,50,stable_core_p_ge_0.80,7.0,0.42857142857142855,0.07894736842105263,0.07142857142857142,0.3720238095238095,0.5714285714285714
50,A_to_B,50,50,matched_size_bottom_for_p_ge_0.80,7.0,0.7142857142857143,0.13157894736842105,0.125,0.23660714285714285,0.7142857142857143
50,A_to_B,50,50,stable_core_p_ge_0.90,3.0,0.3333333333333333,0.02631578947368421,0.025,0.46875,0.3333333333333333
50,A_to_B,50,50,matched_size_bottom_for_p_ge_0.90,3.0,0.6666666666666666,0.05263157894736842,0.05128205128205128,0.2951388888888889,0.6666666666666666
50,A_to_B,50,50,stable_core_p_ge_0.95,2.0,0.0,0.0,0.0,0.6354166666666667,0.0
50,A_to_B,50,50,matched_size_bottom_for_p_ge_0.95,2.0,0.5,0.02631578947368421,0.02564102564102564,0.43489583333333337,0.5
50,B_to_A,50,50,fixed_bottom20,38.0,0.34210526315789475,0.34210526315789475,0.20634920634920634,0.41145833333333337,0.47368421052631576
50,B_to_A,50,50,fixed_bottom10,19.0,0.5263157894736842,0.2631578947368421,0.2127659574468085,0.3218201754385965,0.631578947368421
50,B_to_A,50,50,stable_core_p_ge_0.80,13.0,0.46153846153846156,0.15789473684210525,0.13333333333333333,0.37860576923076916,0.5384615384615384
50,B_to_A,50,50,matched_size_bottom_for_p_ge_0.80,13.0,0.6923076923076923,0.23684210526315788,0.21428571428571427,0.2267628205128205,0.7692307692307693
50,B_to_A,50,50,stable_core_p_ge_0.90,7.0,0.2857142857142857,0.05263157894736842,0.046511627906976744,0.4389880952380952,0.42857142857142855
50,B_to_A,50,50,matched_size_bottom_for_p_ge_0.90,7.0,0.7142857142857143,0.13157894736842105,0.125,0.15848214285714285,0.8571428571428571
50,B_to_A,50,50,stable_core_p_ge_0.95,5.0,0.2,0.02631578947368421,0.023809523809523808,0.41666666666666663,0.4
50,B_to_A,50,50,matched_size_bottom_for_p_ge_0.95,5.0,0.8,0.10526315789473684,0.10256410256410256,0.15104166666666669,0.8
51,A_to_B,50,50,fixed_bottom20,38.0,0.2631578947368421,0.2631578947368421,0.15151515151515152,0.4214638157894738,0.5789473684210527
51,A_to_B,50,50,fixed_bottom10,19.0,0.42105263157894735,0.21052631578947367,0.16326530612244897,0.3522478070175438,0.6842105263157895
51,A_to_B,50,50,stable_core_p_ge_0.80,11.0,0.5454545454545454,0.15789473684210525,0.13953488372093023,0.3262310606060606,0.7272727272727273
51,A_to_B,50,50,matched_size_bottom_for_p_ge_0.80,11.0,0.5454545454545454,0.15789473684210525,0.13953488372093023,0.24810606060606058,0.8181818181818182
51,A_to_B,50,50,stable_core_p_ge_0.90,6.0,0.6666666666666666,0.10526315789473684,0.1,0.2612847222222222,0.8333333333333334
51,A_to_B,50,50,matched_size_bottom_for_p_ge_0.90,6.0,0.6666666666666666,0.10526315789473684,0.1,0.22482638888888887,0.8333333333333334
51,A_to_B,50,50,stable_core_p_ge_0.95,3.0,0.6666666666666666,0.05263157894736842,0.05128205128205128,0.3489583333333333,0.6666666666666666
51,A_to_B,50,50,matched_size_bottom_for_p_ge_0.95,3.0,0.6666666666666666,0.05263157894736842,0.05128205128205128,0.34201388888888884,0.6666666666666666
51,B_to_A,50,50,fixed_bottom20,38.0,0.2631578947368421,0.2631578947368421,0.15151515151515152,0.5175438596491229,0.42105263157894735
51,B_to_A,50,50,fixed_bottom10,19.0,0.3157894736842105,0.15789473684210525,0.11764705882352941,0.41748903508771934,0.5263157894736842
51,B_to_A,50,50,stable_core_p_ge_0.80,14.0,0.35714285714285715,0.13157894736842105,0.10638297872340426,0.3865327380952382,0.6428571428571429
51,B_to_A,50,50,matched_size_bottom_for_p_ge_0.80,14.0,0.2857142857142857,0.10526315789473684,0.08333333333333333,0.41666666666666663,0.5714285714285714
51,B_to_A,50,50,stable_core_p_ge_0.90,7.0,0.2857142857142857,0.05263157894736842,0.046511627906976744,0.38318452380952384,0.7142857142857143
51,B_to_A,50,50,matched_size_bottom_for_p_ge_0.90,7.0,0.42857142857142855,0.07894736842105263,0.07142857142857142,0.33258928571428575,0.7142857142857143
51,B_to_A,50,50,stable_core_p_ge_0.95,5.0,0.4,0.05263157894736842,0.04878048780487805,0.4104166666666667,0.6
51,B_to_A,50,50,matched_size_bottom_for_p_ge_0.95,5.0,0.2,0.02631578947368421,0.023809523809523808,0.4250000000000001,0.6
52,A_to_B,50,50,fixed_bottom20,38.0,0.5526315789473685,0.5526315789473685,0.38181818181818183,0.3225054824561403,0.6842105263157895
52,A_to_B,50,50,fixed_bottom10,19.0,0.631578947368421,0.3157894736842105,0.26666666666666666,0.29632675438596495,0.7368421052631579
52,A_to_B,50,50,stable_core_p_ge_0.80,9.0,0.5555555555555556,0.13157894736842105,0.11904761904761904,0.44039351851851855,0.5555555555555556
52,A_to_B,50,50,matched_size_bottom_for_p_ge_0.80,9.0,0.6666666666666666,0.15789473684210525,0.14634146341463414,0.26446759259259256,0.7777777777777778
52,A_to_B,50,50,stable_core_p_ge_0.90,5.0,0.8,0.10526315789473684,0.10256410256410256,0.2041666666666667,0.8
52,A_to_B,50,50,matched_size_bottom_for_p_ge_0.90,5.0,0.8,0.10526315789473684,0.10256410256410256,0.19270833333333334,0.8
52,A_to_B,50,50,stable_core_p_ge_0.95,1.0,1.0,0.02631578947368421,0.02631578947368421,0.026041666666666668,1.0
52,A_to_B,50,50,matched_size_bottom_for_p_ge_0.95,1.0,1.0,0.02631578947368421,0.02631578947368421,0.17708333333333334,1.0
52,B_to_A,50,50,fixed_bottom20,38.0,0.5526315789473685,0.5526315789473685,0.38181818181818183,0.28303179824561403,0.7368421052631579
52,B_to_A,50,50,fixed_bottom10,19.0,0.6842105263157895,0.34210526315789475,0.29545454545454547,0.21957236842105263,0.7894736842105263
52,B_to_A,50,50,stable_core_p_ge_0.80,15.0,0.6,0.23684210526315788,0.20454545454545456,0.24270833333333333,0.7333333333333333
52,B_to_A,50,50,matched_size_bottom_for_p_ge_0.80,15.0,0.6666666666666666,0.2631578947368421,0.23255813953488372,0.22083333333333333,0.8
52,B_to_A,50,50,stable_core_p_ge_0.90,4.0,0.5,0.05263157894736842,0.05,0.2760416666666667,0.75
52,B_to_A,50,50,matched_size_bottom_for_p_ge_0.90,4.0,0.5,0.05263157894736842,0.05,0.15494791666666669,1.0
52,B_to_A,50,50,stable_core_p_ge_0.95,2.0,0.5,0.02631578947368421,0.02564102564102564,0.17708333333333334,1.0
52,B_to_A,50,50,matched_size_bottom_for_p_ge_0.95,2.0,1.0,0.05263157894736842,0.05263157894736842,0.078125,1.0
53,A_to_B,50,50,fixed_bottom20,38.0,0.5,0.5,0.3333333333333333,0.31469298245614036,0.631578947368421
53,A_to_B,50,50,fixed_bottom10,19.0,0.631578947368421,0.3157894736842105,0.26666666666666666,0.26589912280701755,0.6842105263157895
53,A_to_B,50,50,stable_core_p_ge_0.80,10.0,0.6,0.15789473684210525,0.14285714285714285,0.3270833333333333,0.6
53,A_to_B,50,50,matched_size_bottom_for_p_ge_0.80,10.0,0.7,0.18421052631578946,0.17073170731707318,0.2661458333333333,0.7
53,A_to_B,50,50,stable_core_p_ge_0.90,6.0,0.5,0.07894736842105263,0.07317073170731707,0.41059027777777773,0.5
53,A_to_B,50,50,matched_size_bottom_for_p_ge_0.90,6.0,0.6666666666666666,0.10526315789473684,0.1,0.28125000000000006,0.6666666666666666
53,A_to_B,50,50,stable_core_p_ge_0.95,3.0,0.0,0.0,0.0,0.7447916666666666,0.0
53,A_to_B,50,50,matched_size_bottom_for_p_ge_0.95,3.0,0.6666666666666666,0.05263157894736842,0.05128205128205128,0.34027777777777785,0.6666666666666666
53,B_to_A,50,50,fixed_bottom20,38.0,0.5,0.5,0.3333333333333333,0.3118146929824561,0.7105263157894737
53,B_to_A,50,50,fixed_bottom10,19.0,0.6842105263157895,0.34210526315789475,0.29545454545454547,0.27521929824561403,0.7894736842105263
53,B_to_A,50,50,stable_core_p_ge_0.80,11.0,0.8181818181818182,0.23684210526315788,0.225,0.23106060606060605,0.8181818181818182
53,B_to_A,50,50,matched_size_bottom_for_p_ge_0.80,11.0,0.7272727272727273,0.21052631578947367,0.1951219512195122,0.24479166666666669,0.8181818181818182
53,B_to_A,50,50,stable_core_p_ge_0.90,4.0,0.75,0.07894736842105263,0.07692307692307693,0.28515625,0.75
53,B_to_A,50,50,matched_size_bottom_for_p_ge_0.90,4.0,0.75,0.07894736842105263,0.07692307692307693,0.2838541666666667,0.75
53,B_to_A,50,50,stable_core_p_ge_0.95,1.0,1.0,0.02631578947368421,0.02631578947368421,0.03125,1.0
53,B_to_A,50,50,matched_size_bottom_for_p_ge_0.95,1.0,0.0,0.0,0.0,0.9270833333333334,0.0
54,A_to_B,50,50,fixed_bottom20,38.0,0.47368421052631576,0.47368421052631576,0.3103448275862069,0.37047697368421056,0.5789473684210527
54,A_to_B,50,50,fixed_bottom10,19.0,0.631578947368421,0.3157894736842105,0.26666666666666666,0.2807017543859649,0.6842105263157895
54,A_to_B,50,50,stable_core_p_ge_0.80,12.0,0.5833333333333334,0.18421052631578946,0.16279069767441862,0.3133680555555556,0.5833333333333334
54,A_to_B,50,50,matched_size_bottom_for_p_ge_0.80,12.0,0.6666666666666666,0.21052631578947367,0.19047619047619047,0.23177083333333334,0.6666666666666666
54,A_to_B,50,50,stable_core_p_ge_0.90,4.0,0.25,0.02631578947368421,0.024390243902439025,0.4388020833333333,0.25
54,A_to_B,50,50,matched_size_bottom_for_p_ge_0.90,4.0,0.75,0.07894736842105263,0.07692307692307693,0.14713541666666666,0.75
54,A_to_B,50,50,stable_core_p_ge_0.95,2.0,0.0,0.0,0.0,0.3567708333333333,0.0
54,A_to_B,50,50,matched_size_bottom_for_p_ge_0.95,2.0,0.5,0.02631578947368421,0.02564102564102564,0.1875,0.5
54,B_to_A,50,50,fixed_bottom20,38.0,0.47368421052631576,0.47368421052631576,0.3103448275862069,0.31277412280701755,0.7368421052631579
54,B_to_A,50,50,fixed_bottom10,19.0,0.5789473684210527,0.2894736842105263,0.2391304347826087,0.3042763157894736,0.7368421052631579
54,B_to_A,50,50,stable_core_p_ge_0.80,13.0,0.46153846153846156,0.15789473684210525,0.13333333333333333,0.35256410256410253,0.6923076923076923
54,B_to_A,50,50,matched_size_bottom_for_p_ge_0.80,13.0,0.46153846153846156,0.15789473684210525,0.13333333333333333,0.3341346153846155,0.6923076923076923
54,B_to_A,50,50,stable_core_p_ge_0.90,9.0,0.4444444444444444,0.10526315789473684,0.09302325581395349,0.3738425925925926,0.6666666666666666
54,B_to_A,50,50,matched_size_bottom_for_p_ge_0.90,9.0,0.4444444444444444,0.10526315789473684,0.09302325581395349,0.3998842592592593,0.5555555555555556
54,B_to_A,50,50,stable_core_p_ge_0.95,4.0,0.75,0.07894736842105263,0.07692307692307693,0.15364583333333331,1.0
54,B_to_A,50,50,matched_size_bottom_for_p_ge_0.95,4.0,0.5,0.05263157894736842,0.05,0.2682291666666667,0.75
55,A_to_B,50,50,fixed_bottom20,38.0,0.42105263157894735,0.42105263157894735,0.26666666666666666,0.37637061403508776,0.5789473684210527
55,A_to_B,50,50,fixed_bottom10,19.0,0.631578947368421,0.3157894736842105,0.26666666666666666,0.2576754385964912,0.7368421052631579
55,A_to_B,50,50,stable_core_p_ge_0.80,15.0,0.5333333333333333,0.21052631578947367,0.17777777777777778,0.3368055555555556,0.6
55,A_to_B,50,50,matched_size_bottom_for_p_ge_0.80,15.0,0.6,0.23684210526315788,0.20454545454545456,0.25972222222222224,0.7333333333333333
55,A_to_B,50,50,stable_core_p_ge_0.90,8.0,0.625,0.13157894736842105,0.12195121951219512,0.29622395833333337,0.75
55,A_to_B,50,50,matched_size_bottom_for_p_ge_0.90,8.0,0.625,0.13157894736842105,0.12195121951219512,0.2877604166666667,0.75
55,A_to_B,50,50,stable_core_p_ge_0.95,2.0,0.5,0.02631578947368421,0.02564102564102564,0.2421875,1.0
55,A_to_B,50,50,matched_size_bottom_for_p_ge_0.95,2.0,0.5,0.02631578947368421,0.02564102564102564,0.19270833333333334,1.0
55,B_to_A,50,50,fixed_bottom20,38.0,0.42105263157894735,0.42105263157894735,0.26666666666666666,0.3274396929824562,0.7368421052631579
55,B_to_A,50,50,fixed_bottom10,19.0,0.47368421052631576,0.23684210526315788,0.1875,0.29769736842105265,0.7368421052631579
55,B_to_A,50,50,stable_core_p_ge_0.80,7.0,0.7142857142857143,0.13157894736842105,0.125,0.17559523809523805,0.8571428571428571
55,B_to_A,50,50,matched_size_bottom_for_p_ge_0.80,7.0,0.5714285714285714,0.10526315789473684,0.0975609756097561,0.26041666666666663,0.7142857142857143
55,B_to_A,50,50,stable_core_p_ge_0.90,2.0,1.0,0.05263157894736842,0.05263157894736842,0.08333333333333334,1.0
55,B_to_A,50,50,matched_size_bottom_for_p_ge_0.90,2.0,0.5,0.02631578947368421,0.02564102564102564,0.17708333333333331,1.0
55,B_to_A,50,50,stable_core_p_ge_0.95,1.0,1.0,0.02631578947368421,0.02631578947368421,0.14583333333333334,1.0
55,B_to_A,50,50,matched_size_bottom_for_p_ge_0.95,1.0,0.0,0.0,0.0,0.3177083333333333,1.0
56,A_to_B,50,50,fixed_bottom20,38.0,0.2894736842105263,0.2894736842105263,0.16923076923076924,0.3796600877192982,0.631578947368421
56,A_to_B,50,50,fixed_bottom10,19.0,0.3157894736842105,0.15789473684210525,0.11764705882352941,0.3793859649122807,0.631578947368421
56,A_to_B,50,50,stable_core_p_ge_0.80,12.0,0.25,0.07894736842105263,0.06382978723404255,0.35894097222222215,0.6666666666666666
56,A_to_B,50,50,matched_size_bottom_for_p_ge_0.80,12.0,0.25,0.07894736842105263,0.06382978723404255,0.4001736111111111,0.6666666666666666
56,A_to_B,50,50,stable_core_p_ge_0.90,7.0,0.14285714285714285,0.02631578947368421,0.022727272727272728,0.3653273809523809,0.7142857142857143
56,A_to_B,50,50,matched_size_bottom_for_p_ge_0.90,7.0,0.42857142857142855,0.07894736842105263,0.07142857142857142,0.19791666666666669,1.0
56,A_to_B,50,50,stable_core_p_ge_0.95,4.0,0.25,0.02631578947368421,0.024390243902439025,0.2864583333333333,0.75
56,A_to_B,50,50,matched_size_bottom_for_p_ge_0.95,4.0,0.25,0.02631578947368421,0.024390243902439025,0.23307291666666663,1.0
56,B_to_A,50,50,fixed_bottom20,38.0,0.2894736842105263,0.2894736842105263,0.16923076923076924,0.4431195175438596,0.5
56,B_to_A,50,50,fixed_bottom10,19.0,0.3684210526315789,0.18421052631578946,0.14,0.3878837719298246,0.5789473684210527
56,B_to_A,50,50,stable_core_p_ge_0.80,11.0,0.2727272727272727,0.07894736842105263,0.06521739130434782,0.43323863636363635,0.5454545454545454
56,B_to_A,50,50,matched_size_bottom_for_p_ge_0.80,11.0,0.45454545454545453,0.13157894736842105,0.11363636363636363,0.2765151515151515,0.7272727272727273
56,B_to_A,50,50,stable_core_p_ge_0.90,5.0,0.4,0.05263157894736842,0.04878048780487805,0.2708333333333333,0.8
56,B_to_A,50,50,matched_size_bottom_for_p_ge_0.90,5.0,0.4,0.05263157894736842,0.04878048780487805,0.3895833333333333,0.6
56,B_to_A,50,50,stable_core_p_ge_0.95,2.0,1.0,0.05263157894736842,0.05263157894736842,0.0703125,1.0
56,B_to_A,50,50,matched_size_bottom_for_p_ge_0.95,2.0,0.5,0.02631578947368421,0.02564102564102564,0.4244791666666667,0.5
57,A_to_B,50,50,fixed_bottom20,38.0,0.3684210526315789,0.3684210526315789,0.22580645161290322,0.3762335526315789,0.7105263157894737
57,A_to_B,50,50,fixed_bottom10,19.0,0.631578947368421,0.3157894736842105,0.26666666666666666,0.29413377192982454,0.7894736842105263
57,A_to_B,50,50,stable_core_p_ge_0.80,9.0,0.5555555555555556,0.13157894736842105,0.11904761904761904,0.3715277777777778,0.6666666666666666
57,A_to_B,50,50,matched_size_bottom_for_p_ge_0.80,9.0,0.6666666666666666,0.15789473684210525,0.14634146341463414,0.2928240740740741,0.7777777777777778
57,A_to_B,50,50,stable_core_p_ge_0.90,1.0,0.0,0.0,0.0,0.8958333333333334,0.0
57,A_to_B,50,50,matched_size_bottom_for_p_ge_0.90,1.0,1.0,0.02631578947368421,0.02631578947368421,0.036458333333333336,1.0
57,A_to_B,50,50,stable_core_p_ge_0.95,0.0,,0.0,0.0,,
57,A_to_B,50,50,matched_size_bottom_for_p_ge_0.95,0.0,,0.0,0.0,,
57,B_to_A,50,50,fixed_bottom20,38.0,0.3684210526315789,0.3684210526315789,0.22580645161290322,0.3037280701754386,0.5789473684210527
57,B_to_A,50,50,fixed_bottom10,19.0,0.42105263157894735,0.21052631578947367,0.16326530612244897,0.27987938596491224,0.6842105263157895
57,B_to_A,50,50,stable_core_p_ge_0.80,11.0,0.45454545454545453,0.13157894736842105,0.11363636363636363,0.28551136363636365,0.7272727272727273
57,B_to_A,50,50,matched_size_bottom_for_p_ge_0.80,11.0,0.5454545454545454,0.15789473684210525,0.13953488372093023,0.22585227272727276,0.8181818181818182
57,B_to_A,50,50,stable_core_p_ge_0.90,7.0,0.5714285714285714,0.10526315789473684,0.0975609756097561,0.19940476190476192,0.8571428571428571
57,B_to_A,50,50,matched_size_bottom_for_p_ge_0.90,7.0,0.42857142857142855,0.07894736842105263,0.07142857142857142,0.29092261904761907,0.7142857142857143
57,B_to_A,50,50,stable_core_p_ge_0.95,0.0,,0.0,0.0,,
57,B_to_A,50,50,matched_size_bottom_for_p_ge_0.95,0.0,,0.0,0.0,,
58,A_to_B,50,50,fixed_bottom20,38.0,0.42105263157894735,0.42105263157894735,0.26666666666666666,0.3904879385964912,0.5
58,A_to_B,50,50,fixed_bottom10,19.0,0.47368421052631576,0.23684210526315788,0.1875,0.3368969298245614,0.5789473684210527
58,A_to_B,50,50,stable_core_p_ge_0.80,13.0,0.38461538461538464,0.13157894736842105,0.10869565217391304,0.3545673076923077,0.46153846153846156
58,A_to_B,50,50,matched_size_bottom_for_p_ge_0.80,13.0,0.46153846153846156,0.15789473684210525,0.13333333333333333,0.32251602564102566,0.6153846153846154
58,A_to_B,50,50,stable_core_p_ge_0.90,7.0,0.42857142857142855,0.07894736842105263,0.07142857142857142,0.42113095238095244,0.42857142857142855
58,A_to_B,50,50,matched_size_bottom_for_p_ge_0.90,7.0,0.2857142857142857,0.05263157894736842,0.046511627906976744,0.40252976190476186,0.42857142857142855
58,A_to_B,50,50,stable_core_p_ge_0.95,2.0,0.0,0.0,0.0,0.5859375,0.0
58,A_to_B,50,50,matched_size_bottom_for_p_ge_0.95,2.0,0.0,0.0,0.0,0.4453125,0.0
58,B_to_A,50,50,fixed_bottom20,38.0,0.42105263157894735,0.42105263157894735,0.26666666666666666,0.39459978070175444,0.5526315789473685
58,B_to_A,50,50,fixed_bottom10,19.0,0.3684210526315789,0.18421052631578946,0.14,0.39610745614035087,0.5263157894736842
58,B_to_A,50,50,stable_core_p_ge_0.80,14.0,0.42857142857142855,0.15789473684210525,0.13043478260869565,0.37611607142857145,0.5714285714285714
58,B_to_A,50,50,matched_size_bottom_for_p_ge_0.80,14.0,0.35714285714285715,0.13157894736842105,0.10638297872340426,0.3947172619047619,0.5714285714285714
58,B_to_A,50,50,stable_core_p_ge_0.90,8.0,0.25,0.05263157894736842,0.045454545454545456,0.44856770833333337,0.5
58,B_to_A,50,50,matched_size_bottom_for_p_ge_0.90,8.0,0.5,0.10526315789473684,0.09523809523809523,0.375,0.625
58,B_to_A,50,50,stable_core_p_ge_0.95,4.0,0.5,0.05263157894736842,0.05,0.40494791666666663,0.5
58,B_to_A,50,50,matched_size_bottom_for_p_ge_0.95,4.0,0.75,0.07894736842105263,0.07692307692307693,0.24999999999999997,0.75
59,A_to_B,50,50,fixed_bottom20,38.0,0.39473684210526316,0.39473684210526316,0.2459016393442623,0.35567434210526316,0.7105263157894737
59,A_to_B,50,50,fixed_bottom10,19.0,0.47368421052631576,0.23684210526315788,0.1875,0.31716008771929827,0.7894736842105263
59,A_to_B,50,50,stable_core_p_ge_0.80,10.0,0.5,0.13157894736842105,0.11627906976744186,0.31562499999999993,0.8
59,A_to_B,50,50,matched_size_bottom_for_p_ge_0.80,10.0,0.4,0.10526315789473684,0.09090909090909091,0.3515625,0.7
59,A_to_B,50,50,stable_core_p_ge_0.90,2.0,0.0,0.0,0.0,0.2916666666666667,1.0
59,A_to_B,50,50,matched_size_bottom_for_p_ge_0.90,2.0,0.0,0.0,0.0,0.3098958333333333,1.0
59,A_to_B,50,50,stable_core_p_ge_0.95,1.0,0.0,0.0,0.0,0.375,1.0
59,A_to_B,50,50,matched_size_bottom_for_p_ge_0.95,1.0,0.0,0.0,0.0,0.24479166666666666,1.0
59,B_to_A,50,50,fixed_bottom20,38.0,0.39473684210526316,0.39473684210526316,0.2459016393442623,0.4061129385964912,0.5
59,B_to_A,50,50,fixed_bottom10,19.0,0.47368421052631576,0.23684210526315788,0.1875,0.3873355263157895,0.47368421052631576
59,B_to_A,50,50,stable_core_p_ge_0.80,9.0,0.5555555555555556,0.13157894736842105,0.11904761904761904,0.31712962962962965,0.5555555555555556
59,B_to_A,50,50,matched_size_bottom_for_p_ge_0.80,9.0,0.5555555555555556,0.13157894736842105,0.11904761904761904,0.3084490740740741,0.5555555555555556
59,B_to_A,50,50,stable_core_p_ge_0.90,6.0,0.6666666666666666,0.10526315789473684,0.1,0.22309027777777776,0.6666666666666666
59,B_to_A,50,50,matched_size_bottom_for_p_ge_0.90,6.0,0.5,0.07894736842105263,0.07317073170731707,0.3828125,0.5
59,B_to_A,50,50,stable_core_p_ge_0.95,5.0,0.6,0.07894736842105263,0.075,0.2427083333333333,0.6
59,B_to_A,50,50,matched_size_bottom_for_p_ge_0.95,5.0,0.6,0.07894736842105263,0.075,0.35,0.6
60,A_to_B,50,50,fixed_bottom20,38.0,0.39473684210526316,0.39473684210526316,0.2459016393442623,0.3841831140350877,0.5789473684210527
60,A_to_B,50,50,fixed_bottom10,19.0,0.5263157894736842,0.2631578947368421,0.2127659574468085,0.3426535087719298,0.6842105263157895
60,A_to_B,50,50,stable_core_p_ge_0.80,11.0,0.5454545454545454,0.15789473684210525,0.13953488372093023,0.290719696969697,0.7272727272727273
60,A_to_B,50,50,matched_size_bottom_for_p_ge_0.80,11.0,0.5454545454545454,0.15789473684210525,0.13953488372093023,0.290719696969697,0.7272727272727273
60,A_to_B,50,50,stable_core_p_ge_0.90,7.0,0.42857142857142855,0.07894736842105263,0.07142857142857142,0.31845238095238093,0.7142857142857143
60,A_to_B,50,50,matched_size_bottom_for_p_ge_0.90,7.0,0.42857142857142855,0.07894736842105263,0.07142857142857142,0.3727678571428572,0.5714285714285714
60,A_to_B,50,50,stable_core_p_ge_0.95,3.0,0.0,0.0,0.0,0.36284722222222215,0.6666666666666666
60,A_to_B,50,50,matched_size_bottom_for_p_ge_0.95,3.0,0.0,0.0,0.0,0.4826388888888889,0.3333333333333333
60,B_to_A,50,50,fixed_bottom20,38.0,0.39473684210526316,0.39473684210526316,0.2459016393442623,0.41324013157894735,0.6052631578947368
60,B_to_A,50,50,fixed_bottom10,19.0,0.47368421052631576,0.23684210526315788,0.1875,0.33415570175438597,0.6842105263157895
60,B_to_A,50,50,stable_core_p_ge_0.80,13.0,0.38461538461538464,0.13157894736842105,0.10869565217391304,0.3693910256410256,0.6153846153846154
60,B_to_A,50,50,matched_size_bottom_for_p_ge_0.80,13.0,0.5384615384615384,0.18421052631578946,0.1590909090909091,0.29366987179487175,0.7692307692307693
60,B_to_A,50,50,stable_core_p_ge_0.90,9.0,0.3333333333333333,0.07894736842105263,0.06818181818181818,0.34201388888888884,0.6666666666666666
60,B_to_A,50,50,matched_size_bottom_for_p_ge_0.90,9.0,0.6666666666666666,0.15789473684210525,0.14634146341463414,0.2540509259259259,0.7777777777777778
60,B_to_A,50,50,stable_core_p_ge_0.95,6.0,0.3333333333333333,0.05263157894736842,0.047619047619047616,0.3289930555555555,0.6666666666666666
60,B_to_A,50,50,matched_size_bottom_for_p_ge_0.95,6.0,0.6666666666666666,0.10526315789473684,0.1,0.21961805555555558,0.8333333333333334
61,A_to_B,50,50,fixed_bottom20,38.0,0.4473684210526316,0.4473684210526316,0.288135593220339,0.35019188596491224,0.631578947368421
61,A_to_B,50,50,fixed_bottom10,19.0,0.5789473684210527,0.2894736842105263,0.2391304347826087,0.25932017543859653,0.7368421052631579
61,A_to_B,50,50,stable_core_p_ge_0.80,10.0,0.5,0.13157894736842105,0.11627906976744186,0.25625,0.8
61,A_to_B,50,50,matched_size_bottom_for_p_ge_0.80,10.0,0.6,0.15789473684210525,0.14285714285714285,0.2552083333333333,0.7
61,A_to_B,50,50,stable_core_p_ge_0.90,7.0,0.42857142857142855,0.07894736842105263,0.07142857142857142,0.28125,0.7142857142857143
61,A_to_B,50,50,matched_size_bottom_for_p_ge_0.90,7.0,0.5714285714285714,0.10526315789473684,0.0975609756097561,0.22544642857142858,0.7142857142857143
61,A_to_B,50,50,stable_core_p_ge_0.95,6.0,0.5,0.07894736842105263,0.07317073170731707,0.19791666666666666,0.8333333333333334
61,A_to_B,50,50,matched_size_bottom_for_p_ge_0.95,6.0,0.6666666666666666,0.10526315789473684,0.1,0.16753472222222224,0.8333333333333334
61,B_to_A,50,50,fixed_bottom20,38.0,0.4473684210526316,0.4473684210526316,0.288135593220339,0.3312774122807018,0.6578947368421053
61,B_to_A,50,50,fixed_bottom10,19.0,0.6842105263157895,0.34210526315789475,0.29545454545454547,0.22779605263157895,0.7894736842105263
61,B_to_A,50,50,stable_core_p_ge_0.80,7.0,0.5714285714285714,0.10526315789473684,0.0975609756097561,0.21875,0.7142857142857143
61,B_to_A,50,50,matched_size_bottom_for_p_ge_0.80,7.0,0.8571428571428571,0.15789473684210525,0.15384615384615385,0.21205357142857142,0.8571428571428571
61,B_to_A,50,50,stable_core_p_ge_0.90,3.0,0.3333333333333333,0.02631578947368421,0.025,0.28472222222222227,0.6666666666666666
61,B_to_A,50,50,matched_size_bottom_for_p_ge_0.90,3.0,1.0,0.07894736842105263,0.07894736842105263,0.078125,1.0
61,B_to_A,50,50,stable_core_p_ge_0.95,1.0,0.0,0.0,0.0,0.2760416666666667,1.0
61,B_to_A,50,50,matched_size_bottom_for_p_ge_0.95,1.0,1.0,0.02631578947368421,0.02631578947368421,0.1875,1.0
62,A_to_B,50,50,fixed_bottom20,38.0,0.3684210526315789,0.3684210526315789,0.22580645161290322,0.4292763157894736,0.5
62,A_to_B,50,50,fixed_bottom10,19.0,0.42105263157894735,0.21052631578947367,0.16326530612244897,0.3983004385964913,0.47368421052631576
62,A_to_B,50,50,stable_core_p_ge_0.80,13.0,0.38461538461538464,0.13157894736842105,0.10869565217391304,0.41987179487179493,0.46153846153846156
62,A_to_B,50,50,matched_size_bottom_for_p_ge_0.80,13.0,0.38461538461538464,0.13157894736842105,0.10869565217391304,0.389823717948718,0.46153846153846156
62,A_to_B,50,50,stable_core_p_ge_0.90,6.0,0.3333333333333333,0.05263157894736842,0.047619047619047616,0.4010416666666667,0.5
62,A_to_B,50,50,matched_size_bottom_for_p_ge_0.90,6.0,0.3333333333333333,0.05263157894736842,0.047619047619047616,0.35590277777777785,0.5
62,A_to_B,50,50,stable_core_p_ge_0.95,6.0,0.3333333333333333,0.05263157894736842,0.047619047619047616,0.4010416666666667,0.5
62,A_to_B,50,50,matched_size_bottom_for_p_ge_0.95,6.0,0.3333333333333333,0.05263157894736842,0.047619047619047616,0.35590277777777785,0.5
62,B_to_A,50,50,fixed_bottom20,38.0,0.3684210526315789,0.3684210526315789,0.22580645161290322,0.3878837719298246,0.5263157894736842
62,B_to_A,50,50,fixed_bottom10,19.0,0.42105263157894735,0.21052631578947367,0.16326530612244897,0.3489583333333333,0.631578947368421
62,B_to_A,50,50,stable_core_p_ge_0.80,12.0,0.5,0.15789473684210525,0.13636363636363635,0.3328993055555556,0.6666666666666666
62,B_to_A,50,50,matched_size_bottom_for_p_ge_0.80,12.0,0.5,0.15789473684210525,0.13636363636363635,0.2990451388888889,0.75
62,B_to_A,50,50,stable_core_p_ge_0.90,7.0,0.42857142857142855,0.07894736842105263,0.07142857142857142,0.3080357142857143,0.7142857142857143
62,B_to_A,50,50,matched_size_bottom_for_p_ge_0.90,7.0,0.5714285714285714,0.10526315789473684,0.0975609756097561,0.23883928571428567,0.8571428571428571
62,B_to_A,50,50,stable_core_p_ge_0.95,2.0,0.5,0.02631578947368421,0.02564102564102564,0.2421875,0.5
62,B_to_A,50,50,matched_size_bottom_for_p_ge_0.95,2.0,0.5,0.02631578947368421,0.02564102564102564,0.19791666666666666,1.0
63,A_to_B,50,50,fixed_bottom20,38.0,0.5263157894736842,0.5263157894736842,0.35714285714285715,0.33305921052631576,0.6052631578947368
63,A_to_B,50,50,fixed_bottom10,19.0,0.5263157894736842,0.2631578947368421,0.2127659574468085,0.3314144736842105,0.5789473684210527
63,A_to_B,50,50,stable_core_p_ge_0.80,13.0,0.46153846153846156,0.15789473684210525,0.13333333333333333,0.39463141025641024,0.5384615384615384
63,A_to_B,50,50,matched_size_bottom_for_p_ge_0.80,13.0,0.46153846153846156,0.15789473684210525,0.13333333333333333,0.3701923076923077,0.5384615384615384
63,A_to_B,50,50,stable_core_p_ge_0.90,8.0,0.625,0.13157894736842105,0.12195121951219512,0.30143229166666663,0.625
63,A_to_B,50,50,matched_size_bottom_for_p_ge_0.90,8.0,0.5,0.10526315789473684,0.09523809523809523,0.33268229166666663,0.625
63,A_to_B,50,50,stable_core_p_ge_0.95,2.0,0.5,0.02631578947368421,0.02564102564102564,0.46354166666666663,0.5
63,A_to_B,50,50,matched_size_bottom_for_p_ge_0.95,2.0,0.0,0.0,0.0,0.5390625,0.5
63,B_to_A,50,50,fixed_bottom20,38.0,0.5263157894736842,0.5263157894736842,0.35714285714285715,0.35074013157894735,0.6842105263157895
63,B_to_A,50,50,fixed_bottom10,19.0,0.7368421052631579,0.3684210526315789,0.32558139534883723,0.20778508771929827,0.7894736842105263
63,B_to_A,50,50,stable_core_p_ge_0.80,11.0,0.7272727272727273,0.21052631578947367,0.1951219512195122,0.1884469696969697,0.8181818181818182
63,B_to_A,50,50,matched_size_bottom_for_p_ge_0.80,11.0,0.8181818181818182,0.23684210526315788,0.225,0.13683712121212122,0.9090909090909091
63,B_to_A,50,50,stable_core_p_ge_0.90,4.0,0.75,0.07894736842105263,0.07692307692307693,0.22265625,0.75
63,B_to_A,50,50,matched_size_bottom_for_p_ge_0.90,4.0,0.75,0.07894736842105263,0.07692307692307693,0.10937499999999999,1.0
63,B_to_A,50,50,stable_core_p_ge_0.95,1.0,0.0,0.0,0.0,0.6041666666666666,0.0
63,B_to_A,50,50,matched_size_bottom_for_p_ge_0.95,1.0,0.0,0.0,0.0,0.21875,1.0
64,A_to_B,50,50,fixed_bottom20,38.0,0.42105263157894735,0.42105263157894735,0.26666666666666666,0.34018640350877194,0.6842105263157895
64,A_to_B,50,50,fixed_bottom10,19.0,0.5789473684210527,0.2894736842105263,0.2391304347826087,0.2590460526315789,0.7368421052631579
64,A_to_B,50,50,stable_core_p_ge_0.80,8.0,0.625,0.13157894736842105,0.12195121951219512,0.19010416666666666,0.75
64,A_to_B,50,50,matched_size_bottom_for_p_ge_0.80,8.0,0.5,0.10526315789473684,0.09523809523809523,0.271484375,0.625
64,A_to_B,50,50,stable_core_p_ge_0.90,5.0,0.6,0.07894736842105263,0.075,0.175,0.8
64,A_to_B,50,50,matched_size_bottom_for_p_ge_0.90,5.0,0.4,0.05263157894736842,0.04878048780487805,0.31145833333333334,0.6
64,A_to_B,50,50,stable_core_p_ge_0.95,3.0,0.6666666666666666,0.05263157894736842,0.05128205128205128,0.13020833333333334,1.0
64,A_to_B,50,50,matched_size_bottom_for_p_ge_0.95,3.0,0.6666666666666666,0.05263157894736842,0.05128205128205128,0.2986111111111111,0.6666666666666666
64,B_to_A,50,50,fixed_bottom20,38.0,0.42105263157894735,0.42105263157894735,0.26666666666666666,0.3469024122807018,0.6052631578947368
64,B_to_A,50,50,fixed_bottom10,19.0,0.5789473684210527,0.2894736842105263,0.2391304347826087,0.2730263157894736,0.6842105263157895
64,B_to_A,50,50,stable_core_p_ge_0.80,10.0,0.5,0.13157894736842105,0.11627906976744186,0.3583333333333333,0.6
64,B_to_A,50,50,matched_size_bottom_for_p_ge_0.80,10.0,0.6,0.15789473684210525,0.14285714285714285,0.2666666666666667,0.7
64,B_to_A,50,50,stable_core_p_ge_0.90,3.0,0.6666666666666666,0.05263157894736842,0.05128205128205128,0.13888888888888887,1.0
64,B_to_A,50,50,matched_size_bottom_for_p_ge_0.90,3.0,0.3333333333333333,0.02631578947368421,0.025,0.40798611111111116,0.3333333333333333
64,B_to_A,50,50,stable_core_p_ge_0.95,1.0,1.0,0.02631578947368421,0.02631578947368421,0.046875,1.0
64,B_to_A,50,50,matched_size_bottom_for_p_ge_0.95,1.0,1.0,0.02631578947368421,0.02631578947368421,0.046875,1.0
65,A_to_B,50,50,fixed_bottom20,38.0,0.4473684210526316,0.4473684210526316,0.288135593220339,0.31167763157894735,0.6052631578947368
65,A_to_B,50,50,fixed_bottom10,19.0,0.5789473684210527,0.2894736842105263,0.2391304347826087,0.28125000000000006,0.6842105263157895
65,A_to_B,50,50,stable_core_p_ge_0.80,12.0,0.5,0.15789473684210525,0.13636363636363635,0.3072916666666667,0.5833333333333334
65,A_to_B,50,50,matched_size_bottom_for_p_ge_0.80,12.0,0.5833333333333334,0.18421052631578946,0.16279069767441862,0.2786458333333333,0.6666666666666666
65,A_to_B,50,50,stable_core_p_ge_0.90,8.0,0.625,0.13157894736842105,0.12195121951219512,0.2649739583333333,0.75
65,A_to_B,50,50,matched_size_bottom_for_p_ge_0.90,8.0,0.75,0.15789473684210525,0.15,0.24088541666666663,0.875
65,A_to_B,50,50,stable_core_p_ge_0.95,3.0,0.3333333333333333,0.02631578947368421,0.025,0.2673611111111111,0.6666666666666666
65,A_to_B,50,50,matched_size_bottom_for_p_ge_0.95,3.0,0.6666666666666666,0.05263157894736842,0.05128205128205128,0.3802083333333333,0.6666666666666666
65,B_to_A,50,50,fixed_bottom20,38.0,0.4473684210526316,0.4473684210526316,0.288135593220339,0.3541666666666667,0.6052631578947368
65,B_to_A,50,50,fixed_bottom10,19.0,0.5789473684210527,0.2894736842105263,0.2391304347826087,0.303453947368421,0.631578947368421
65,B_to_A,50,50,stable_core_p_ge_0.80,14.0,0.5,0.18421052631578946,0.15555555555555556,0.3816964285714285,0.5714285714285714
65,B_to_A,50,50,matched_size_bottom_for_p_ge_0.80,14.0,0.5714285714285714,0.21052631578947367,0.18181818181818182,0.28794642857142855,0.6428571428571429
65,B_to_A,50,50,stable_core_p_ge_0.90,7.0,0.7142857142857143,0.13157894736842105,0.125,0.2589285714285714,0.7142857142857143
65,B_to_A,50,50,matched_size_bottom_for_p_ge_0.90,7.0,0.8571428571428571,0.15789473684210525,0.15384615384615385,0.15699404761904764,0.8571428571428571
65,B_to_A,50,50,stable_core_p_ge_0.95,2.0,0.5,0.02631578947368421,0.02564102564102564,0.3489583333333333,0.5
65,B_to_A,50,50,matched_size_bottom_for_p_ge_0.95,2.0,0.5,0.02631578947368421,0.02564102564102564,0.3046875,0.5
66,A_to_B,50,50,fixed_bottom20,38.0,0.4473684210526316,0.4473684210526316,0.288135593220339,0.3034539473684211,0.6052631578947368
66,A_to_B,50,50,fixed_bottom10,19.0,0.5789473684210527,0.2894736842105263,0.2391304347826087,0.19380482456140352,0.7894736842105263
66,A_to_B,50,50,stable_core_p_ge_0.80,7.0,0.5714285714285714,0.10526315789473684,0.0975609756097561,0.2358630952380952,0.5714285714285714
66,A_to_B,50,50,matched_size_bottom_for_p_ge_0.80,7.0,0.7142857142857143,0.13157894736842105,0.125,0.1488095238095238,0.7142857142857143
66,A_to_B,50,50,stable_core_p_ge_0.90,2.0,1.0,0.05263157894736842,0.05263157894736842,0.0625,1.0
66,A_to_B,50,50,matched_size_bottom_for_p_ge_0.90,2.0,0.5,0.02631578947368421,0.02564102564102564,0.2109375,0.5
66,A_to_B,50,50,stable_core_p_ge_0.95,1.0,1.0,0.02631578947368421,0.02631578947368421,0.020833333333333332,1.0
66,A_to_B,50,50,matched_size_bottom_for_p_ge_0.95,1.0,0.0,0.0,0.0,0.3854166666666667,0.0
66,B_to_A,50,50,fixed_bottom20,38.0,0.4473684210526316,0.4473684210526316,0.288135593220339,0.28481359649122806,0.7894736842105263
66,B_to_A,50,50,fixed_bottom10,19.0,0.6842105263157895,0.34210526315789475,0.29545454545454547,0.2066885964912281,0.8947368421052632
66,B_to_A,50,50,stable_core_p_ge_0.80,14.0,0.7142857142857143,0.2631578947368421,0.23809523809523808,0.22395833333333331,0.8571428571428571
66,B_to_A,50,50,matched_size_bottom_for_p_ge_0.80,14.0,0.7857142857142857,0.2894736842105263,0.2682926829268293,0.13541666666666669,1.0
66,B_to_A,50,50,stable_core_p_ge_0.90,5.0,0.8,0.10526315789473684,0.10256410256410256,0.12395833333333335,1.0
66,B_to_A,50,50,matched_size_bottom_for_p_ge_0.90,5.0,0.8,0.10526315789473684,0.10256410256410256,0.14166666666666666,1.0
66,B_to_A,50,50,stable_core_p_ge_0.95,0.0,,0.0,0.0,,
66,B_to_A,50,50,matched_size_bottom_for_p_ge_0.95,0.0,,0.0,0.0,,
67,A_to_B,50,50,fixed_bottom20,38.0,0.5,0.5,0.3333333333333333,0.27713815789473684,0.7105263157894737
67,A_to_B,50,50,fixed_bottom10,19.0,0.5789473684210527,0.2894736842105263,0.2391304347826087,0.21683114035087722,0.7894736842105263
67,A_to_B,50,50,stable_core_p_ge_0.80,13.0,0.6923076923076923,0.23684210526315788,0.21428571428571427,0.1975160256410256,0.8461538461538461
67,A_to_B,50,50,matched_size_bottom_for_p_ge_0.80,13.0,0.6923076923076923,0.23684210526315788,0.21428571428571427,0.15665064102564102,0.9230769230769231
67,A_to_B,50,50,stable_core_p_ge_0.90,5.0,0.6,0.07894736842105263,0.075,0.146875,1.0
67,A_to_B,50,50,matched_size_bottom_for_p_ge_0.90,5.0,0.6,0.07894736842105263,0.075,0.24166666666666664,0.8
67,A_to_B,50,50,stable_core_p_ge_0.95,1.0,0.0,0.0,0.0,0.3072916666666667,1.0
67,A_to_B,50,50,matched_size_bottom_for_p_ge_0.95,1.0,1.0,0.02631578947368421,0.02631578947368421,0.03125,1.0
67,B_to_A,50,50,fixed_bottom20,38.0,0.5,0.5,0.3333333333333333,0.309484649122807,0.7105263157894737
67,B_to_A,50,50,fixed_bottom10,19.0,0.7894736842105263,0.39473684210526316,0.35714285714285715,0.1726973684210526,0.8421052631578947
67,B_to_A,50,50,stable_core_p_ge_0.80,7.0,0.7142857142857143,0.13157894736842105,0.125,0.19047619047619047,0.7142857142857143
67,B_to_A,50,50,matched_size_bottom_for_p_ge_0.80,7.0,0.8571428571428571,0.15789473684210525,0.15384615384615385,0.12425595238095237,0.8571428571428571
67,B_to_A,50,50,stable_core_p_ge_0.90,3.0,0.6666666666666666,0.05263157894736842,0.05128205128205128,0.22743055555555555,0.6666666666666666
67,B_to_A,50,50,matched_size_bottom_for_p_ge_0.90,3.0,0.6666666666666666,0.05263157894736842,0.05128205128205128,0.23263888888888887,0.6666666666666666
67,B_to_A,50,50,stable_core_p_ge_0.95,1.0,0.0,0.0,0.0,0.6197916666666666,0.0
67,B_to_A,50,50,matched_size_bottom_for_p_ge_0.95,1.0,0.0,0.0,0.0,0.6197916666666666,0.0
68,A_to_B,50,50,fixed_bottom20,38.0,0.42105263157894735,0.42105263157894735,0.26666666666666666,0.3898026315789474,0.5789473684210527
68,A_to_B,50,50,fixed_bottom10,19.0,0.47368421052631576,0.23684210526315788,0.1875,0.362390350877193,0.5789473684210527
68,A_to_B,50,50,stable_core_p_ge_0.80,12.0,0.4166666666666667,0.13157894736842105,0.1111111111111111,0.4053819444444445,0.5833333333333334
68,A_to_B,50,50,matched_size_bottom_for_p_ge_0.80,12.0,0.5,0.15789473684210525,0.13636363636363635,0.33246527777777773,0.5833333333333334
68,A_to_B,50,50,stable_core_p_ge_0.90,5.0,0.4,0.05263157894736842,0.04878048780487805,0.34375000000000006,0.8
68,A_to_B,50,50,matched_size_bottom_for_p_ge_0.90,5.0,1.0,0.13157894736842105,0.13157894736842105,0.08125,1.0
68,A_to_B,50,50,stable_core_p_ge_0.95,3.0,0.6666666666666666,0.05263157894736842,0.05128205128205128,0.14409722222222224,1.0
68,A_to_B,50,50,matched_size_bottom_for_p_ge_0.95,3.0,1.0,0.07894736842105263,0.07894736842105263,0.07465277777777778,1.0
68,B_to_A,50,50,fixed_bottom20,38.0,0.42105263157894735,0.42105263157894735,0.26666666666666666,0.356359649122807,0.631578947368421
68,B_to_A,50,50,fixed_bottom10,19.0,0.42105263157894735,0.21052631578947367,0.16326530612244897,0.35498903508771934,0.6842105263157895
68,B_to_A,50,50,stable_core_p_ge_0.80,12.0,0.3333333333333333,0.10526315789473684,0.08695652173913043,0.42187500000000006,0.5833333333333334
68,B_to_A,50,50,matched_size_bottom_for_p_ge_0.80,12.0,0.4166666666666667,0.13157894736842105,0.1111111111111111,0.32942708333333337,0.6666666666666666
68,B_to_A,50,50,stable_core_p_ge_0.90,6.0,0.16666666666666666,0.02631578947368421,0.023255813953488372,0.47656249999999994,0.5
68,B_to_A,50,50,matched_size_bottom_for_p_ge_0.90,6.0,0.5,0.07894736842105263,0.07317073170731707,0.3350694444444445,0.6666666666666666
68,B_to_A,50,50,stable_core_p_ge_0.95,0.0,,0.0,0.0,,
68,B_to_A,50,50,matched_size_bottom_for_p_ge_0.95,0.0,,0.0,0.0,,
69,A_to_B,50,50,fixed_bottom20,38.0,0.3684210526315789,0.3684210526315789,0.22580645161290322,0.40021929824561403,0.5
69,A_to_B,50,50,fixed_bottom10,19.0,0.47368421052631576,0.23684210526315788,0.1875,0.33881578947368424,0.5789473684210527
69,A_to_B,50,50,stable_core_p_ge_0.80,15.0,0.4666666666666667,0.18421052631578946,0.15217391304347827,0.36423611111111115,0.6
69,A_to_B,50,50,matched_size_bottom_for_p_ge_0.80,15.0,0.4666666666666667,0.18421052631578946,0.15217391304347827,0.35381944444444446,0.6
69,A_to_B,50,50,stable_core_p_ge_0.90,7.0,0.8571428571428571,0.15789473684210525,0.15384615384615385,0.15922619047619047,0.8571428571428571
69,A_to_B,50,50,matched_size_bottom_for_p_ge_0.90,7.0,0.42857142857142855,0.07894736842105263,0.07142857142857142,0.34970238095238093,0.5714285714285714
69,A_to_B,50,50,stable_core_p_ge_0.95,3.0,0.6666666666666666,0.05263157894736842,0.05128205128205128,0.24305555555555558,0.6666666666666666
69,A_to_B,50,50,matched_size_bottom_for_p_ge_0.95,3.0,0.6666666666666666,0.05263157894736842,0.05128205128205128,0.125,1.0
69,B_to_A,50,50,fixed_bottom20,38.0,0.3684210526315789,0.3684210526315789,0.22580645161290322,0.35553728070175433,0.5526315789473685
69,B_to_A,50,50,fixed_bottom10,19.0,0.5263157894736842,0.2631578947368421,0.2127659574468085,0.2398574561403509,0.6842105263157895
69,B_to_A,50,50,stable_core_p_ge_0.80,10.0,0.5,0.13157894736842105,0.11627906976744186,0.25156249999999997,0.7
69,B_to_A,50,50,matched_size_bottom_for_p_ge_0.80,10.0,0.6,0.15789473684210525,0.14285714285714285,0.2359375,0.7
69,B_to_A,50,50,stable_core_p_ge_0.90,6.0,0.5,0.07894736842105263,0.07317073170731707,0.2647569444444445,0.6666666666666666
69,B_to_A,50,50,matched_size_bottom_for_p_ge_0.90,6.0,0.8333333333333334,0.13157894736842105,0.1282051282051282,0.1484375,0.8333333333333334
69,B_to_A,50,50,stable_core_p_ge_0.95,2.0,0.0,0.0,0.0,0.31770833333333337,0.5
69,B_to_A,50,50,matched_size_bottom_for_p_ge_0.95,2.0,1.0,0.05263157894736842,0.05263157894736842,0.0625,1.0
70,A_to_B,50,50,fixed_bottom20,38.0,0.3684210526315789,0.3684210526315789,0.22580645161290322,0.4061129385964913,0.5
70,A_to_B,50,50,fixed_bottom10,19.0,0.47368421052631576,0.23684210526315788,0.1875,0.27521929824561403,0.6842105263157895
70,A_to_B,50,50,stable_core_p_ge_0.80,15.0,0.4666666666666667,0.18421052631578946,0.15217391304347827,0.34618055555555555,0.5333333333333333
70,A_to_B,50,50,matched_size_bottom_for_p_ge_0.80,15.0,0.4666666666666667,0.18421052631578946,0.15217391304347827,0.26493055555555556,0.6666666666666666
70,A_to_B,50,50,stable_core_p_ge_0.90,8.0,0.5,0.10526315789473684,0.09523809523809523,0.27083333333333337,0.625
70,A_to_B,50,50,matched_size_bottom_for_p_ge_0.90,8.0,0.625,0.13157894736842105,0.12195121951219512,0.13541666666666669,0.875
70,A_to_B,50,50,stable_core_p_ge_0.95,6.0,0.6666666666666666,0.10526315789473684,0.1,0.1579861111111111,0.8333333333333334
70,A_to_B,50,50,matched_size_bottom_for_p_ge_0.95,6.0,0.5,0.07894736842105263,0.07317073170731707,0.1527777777777778,0.8333333333333334
70,B_to_A,50,50,fixed_bottom20,38.0,0.3684210526315789,0.3684210526315789,0.22580645161290322,0.33771929824561403,0.6842105263157895
70,B_to_A,50,50,fixed_bottom10,19.0,0.5263157894736842,0.2631578947368421,0.2127659574468085,0.2667214912280702,0.7368421052631579
70,B_to_A,50,50,stable_core_p_ge_0.80,12.0,0.5,0.15789473684210525,0.13636363636363635,0.28124999999999994,0.75
70,B_to_A,50,50,matched_size_bottom_for_p_ge_0.80,12.0,0.6666666666666666,0.21052631578947367,0.19047619047619047,0.17361111111111113,0.8333333333333334
70,B_to_A,50,50,stable_core_p_ge_0.90,2.0,1.0,0.05263157894736842,0.05263157894736842,0.1796875,1.0
70,B_to_A,50,50,matched_size_bottom_for_p_ge_0.90,2.0,1.0,0.05263157894736842,0.05263157894736842,0.08854166666666666,1.0
70,B_to_A,50,50,stable_core_p_ge_0.95,1.0,1.0,0.02631578947368421,0.02631578947368421,0.19270833333333334,1.0
70,B_to_A,50,50,matched_size_bottom_for_p_ge_0.95,1.0,1.0,0.02631578947368421,0.02631578947368421,0.078125,1.0
71,A_to_B,50,50,fixed_bottom20,38.0,0.3157894736842105,0.3157894736842105,0.1875,0.36362390350877194,0.6578947368421053
71,A_to_B,50,50,fixed_bottom10,19.0,0.5263157894736842,0.2631578947368421,0.2127659574468085,0.22313596491228074,0.8947368421052632
71,A_to_B,50,50,stable_core_p_ge_0.80,9.0,0.4444444444444444,0.10526315789473684,0.09302325581395349,0.271412037037037,0.8888888888888888
71,A_to_B,50,50,matched_size_bottom_for_p_ge_0.80,9.0,0.6666666666666666,0.15789473684210525,0.14634146341463414,0.17766203703703706,0.8888888888888888
71,A_to_B,50,50,stable_core_p_ge_0.90,5.0,0.6,0.07894736842105263,0.075,0.253125,0.8
71,A_to_B,50,50,matched_size_bottom_for_p_ge_0.90,5.0,0.8,0.10526315789473684,0.10256410256410256,0.09895833333333334,1.0
71,A_to_B,50,50,stable_core_p_ge_0.95,3.0,0.3333333333333333,0.02631578947368421,0.025,0.3333333333333333,0.6666666666666666
71,A_to_B,50,50,matched_size_bottom_for_p_ge_0.95,3.0,0.6666666666666666,0.05263157894736842,0.05128205128205128,0.15972222222222224,1.0
71,B_to_A,50,50,fixed_bottom20,38.0,0.3157894736842105,0.3157894736842105,0.1875,0.4229714912280702,0.42105263157894735
71,B_to_A,50,50,fixed_bottom10,19.0,0.3684210526315789,0.18421052631578946,0.14,0.3495065789473684,0.47368421052631576
71,B_to_A,50,50,stable_core_p_ge_0.80,14.0,0.2857142857142857,0.10526315789473684,0.08333333333333333,0.41592261904761907,0.42857142857142855
71,B_to_A,50,50,matched_size_bottom_for_p_ge_0.80,14.0,0.35714285714285715,0.13157894736842105,0.10638297872340426,0.35788690476190477,0.5
71,B_to_A,50,50,stable_core_p_ge_0.90,6.0,0.3333333333333333,0.05263157894736842,0.047619047619047616,0.3506944444444445,0.5
71,B_to_A,50,50,matched_size_bottom_for_p_ge_0.90,6.0,0.5,0.07894736842105263,0.07317073170731707,0.3220486111111111,0.5
71,B_to_A,50,50,stable_core_p_ge_0.95,6.0,0.3333333333333333,0.05263157894736842,0.047619047619047616,0.3506944444444445,0.5
71,B_to_A,50,50,matched_size_bottom_for_p_ge_0.95,6.0,0.5,0.07894736842105263,0.07317073170731707,0.3220486111111111,0.5
72,A_to_B,50,50,fixed_bottom20,38.0,0.34210526315789475,0.34210526315789475,0.20634920634920634,0.37664473684210525,0.5789473684210527
72,A_to_B,50,50,fixed_bottom10,19.0,0.42105263157894735,0.21052631578947367,0.16326530612244897,0.3292214912280702,0.6842105263157895
72,A_to_B,50,50,stable_core_p_ge_0.80,9.0,0.2222222222222222,0.05263157894736842,0.044444444444444446,0.29282407407407407,0.6666666666666666
72,A_to_B,50,50,matched_size_bottom_for_p_ge_0.80,9.0,0.5555555555555556,0.13157894736842105,0.11904761904761904,0.18981481481481483,0.7777777777777778
72,A_to_B,50,50,stable_core_p_ge_0.90,6.0,0.16666666666666666,0.02631578947368421,0.023255813953488372,0.30034722222222227,0.6666666666666666
72,A_to_B,50,50,matched_size_bottom_for_p_ge_0.90,6.0,0.5,0.07894736842105263,0.07317073170731707,0.1909722222222222,0.8333333333333334
72,A_to_B,50,50,stable_core_p_ge_0.95,4.0,0.25,0.02631578947368421,0.024390243902439025,0.27213541666666663,0.75
72,A_to_B,50,50,matched_size_bottom_for_p_ge_0.95,4.0,0.25,0.02631578947368421,0.024390243902439025,0.2421875,0.75
72,B_to_A,50,50,fixed_bottom20,38.0,0.34210526315789475,0.34210526315789475,0.20634920634920634,0.39172149122807015,0.5
72,B_to_A,50,50,fixed_bottom10,19.0,0.47368421052631576,0.23684210526315788,0.1875,0.27521929824561403,0.6842105263157895
72,B_to_A,50,50,stable_core_p_ge_0.80,10.0,0.6,0.15789473684210525,0.14285714285714285,0.21979166666666666,0.7
72,B_to_A,50,50,matched_size_bottom_for_p_ge_0.80,10.0,0.7,0.18421052631578946,0.17073170731707318,0.23177083333333334,0.8
72,B_to_A,50,50,stable_core_p_ge_0.90,6.0,0.6666666666666666,0.10526315789473684,0.1,0.19357638888888892,0.8333333333333334
72,B_to_A,50,50,matched_size_bottom_for_p_ge_0.90,6.0,1.0,0.15789473684210525,0.15789473684210525,0.0859375,1.0
72,B_to_A,50,50,stable_core_p_ge_0.95,3.0,0.6666666666666666,0.05263157894736842,0.05128205128205128,0.11111111111111112,1.0
72,B_to_A,50,50,matched_size_bottom_for_p_ge_0.95,3.0,1.0,0.07894736842105263,0.07894736842105263,0.08333333333333333,1.0
73,A_to_B,50,50,fixed_bottom20,38.0,0.4473684210526316,0.4473684210526316,0.288135593220339,0.3279879385964912,0.7105263157894737
73,A_to_B,50,50,fixed_bottom10,19.0,0.631578947368421,0.3157894736842105,0.26666666666666666,0.2574013157894737,0.7894736842105263
73,A_to_B,50,50,stable_core_p_ge_0.80,7.0,0.42857142857142855,0.07894736842105263,0.07142857142857142,0.29464285714285715,0.7142857142857143
73,A_to_B,50,50,matched_size_bottom_for_p_ge_0.80,7.0,0.7142857142857143,0.13157894736842105,0.125,0.18526785714285712,0.8571428571428571
73,A_to_B,50,50,stable_core_p_ge_0.90,4.0,0.75,0.07894736842105263,0.07692307692307693,0.16927083333333334,1.0
73,A_to_B,50,50,matched_size_bottom_for_p_ge_0.90,4.0,0.75,0.07894736842105263,0.07692307692307693,0.19010416666666669,0.75
73,A_to_B,50,50,stable_core_p_ge_0.95,1.0,1.0,0.02631578947368421,0.02631578947368421,0.15625,1.0
73,A_to_B,50,50,matched_size_bottom_for_p_ge_0.95,1.0,1.0,0.02631578947368421,0.02631578947368421,0.16145833333333334,1.0
73,B_to_A,50,50,fixed_bottom20,38.0,0.4473684210526316,0.4473684210526316,0.288135593220339,0.3318256578947369,0.5526315789473685
73,B_to_A,50,50,fixed_bottom10,19.0,0.631578947368421,0.3157894736842105,0.26666666666666666,0.25603070175438597,0.7894736842105263
73,B_to_A,50,50,stable_core_p_ge_0.80,12.0,0.6666666666666666,0.21052631578947367,0.19047619047619047,0.2595486111111111,0.75
73,B_to_A,50,50,matched_size_bottom_for_p_ge_0.80,12.0,0.75,0.23684210526315788,0.21951219512195122,0.16319444444444445,0.9166666666666666
73,B_to_A,50,50,stable_core_p_ge_0.90,3.0,0.6666666666666666,0.05263157894736842,0.05128205128205128,0.13888888888888887,1.0
73,B_to_A,50,50,matched_size_bottom_for_p_ge_0.90,3.0,0.6666666666666666,0.05263157894736842,0.05128205128205128,0.13020833333333334,1.0
73,B_to_A,50,50,stable_core_p_ge_0.95,2.0,0.5,0.02631578947368421,0.02564102564102564,0.1875,1.0
73,B_to_A,50,50,matched_size_bottom_for_p_ge_0.95,2.0,0.5,0.02631578947368421,0.02564102564102564,0.1875,1.0
74,A_to_B,50,50,fixed_bottom20,38.0,0.34210526315789475,0.34210526315789475,0.20634920634920634,0.4365405701754386,0.5263157894736842
74,A_to_B,50,50,fixed_bottom10,19.0,0.5263157894736842,0.2631578947368421,0.2127659574468085,0.3675986842105263,0.5789473684210527
74,A_to_B,50,50,stable_core_p_ge_0.80,9.0,0.4444444444444444,0.10526315789473684,0.09302325581395349,0.4282407407407407,0.5555555555555556
74,A_to_B,50,50,matched_size_bottom_for_p_ge_0.80,9.0,0.4444444444444444,0.10526315789473684,0.09302325581395349,0.41666666666666663,0.5555555555555556
74,A_to_B,50,50,stable_core_p_ge_0.90,4.0,0.75,0.07894736842105263,0.07692307692307693,0.3346354166666667,0.75
74,A_to_B,50,50,matched_size_bottom_for_p_ge_0.90,4.0,0.75,0.07894736842105263,0.07692307692307693,0.23046875,0.75
74,A_to_B,50,50,stable_core_p_ge_0.95,2.0,1.0,0.05263157894736842,0.05263157894736842,0.109375,1.0
74,A_to_B,50,50,matched_size_bottom_for_p_ge_0.95,2.0,1.0,0.05263157894736842,0.05263157894736842,0.09635416666666666,1.0
74,B_to_A,50,50,fixed_bottom20,38.0,0.34210526315789475,0.34210526315789475,0.20634920634920634,0.35471491228070173,0.5789473684210527
74,B_to_A,50,50,fixed_bottom10,19.0,0.3684210526315789,0.18421052631578946,0.14,0.31578947368421056,0.631578947368421
74,B_to_A,50,50,stable_core_p_ge_0.80,14.0,0.35714285714285715,0.13157894736842105,0.10638297872340426,0.3452380952380953,0.5714285714285714
74,B_to_A,50,50,matched_size_bottom_for_p_ge_0.80,14.0,0.42857142857142855,0.15789473684210525,0.13043478260869565,0.2875744047619047,0.6428571428571429
74,B_to_A,50,50,stable_core_p_ge_0.90,6.0,0.3333333333333333,0.05263157894736842,0.047619047619047616,0.38628472222222227,0.3333333333333333
74,B_to_A,50,50,matched_size_bottom_for_p_ge_0.90,6.0,0.16666666666666666,0.02631578947368421,0.023255813953488372,0.41232638888888884,0.5
74,B_to_A,50,50,stable_core_p_ge_0.95,3.0,0.3333333333333333,0.02631578947368421,0.025,0.3038194444444445,0.3333333333333333
74,B_to_A,50,50,matched_size_bottom_for_p_ge_0.95,3.0,0.3333333333333333,0.02631578947368421,0.025,0.39409722222222227,0.3333333333333333
75,A_to_B,50,50,fixed_bottom20,38.0,0.5,0.5,0.3333333333333333,0.30619517543859653,0.7631578947368421
75,A_to_B,50,50,fixed_bottom10,19.0,0.7368421052631579,0.3684210526315789,0.32558139534883723,0.20614035087719298,0.8947368421052632
75,A_to_B,50,50,stable_core_p_ge_0.80,10.0,0.8,0.21052631578947367,0.2,0.13177083333333334,1.0
75,A_to_B,50,50,matched_size_bottom_for_p_ge_0.80,10.0,0.8,0.21052631578947367,0.2,0.13020833333333331,1.0
75,A_to_B,50,50,stable_core_p_ge_0.90,3.0,1.0,0.07894736842105263,0.07894736842105263,0.1232638888888889,1.0
75,A_to_B,50,50,matched_size_bottom_for_p_ge_0.90,3.0,1.0,0.07894736842105263,0.07894736842105263,0.060763888888888895,1.0
75,A_to_B,50,50,stable_core_p_ge_0.95,1.0,1.0,0.02631578947368421,0.02631578947368421,0.036458333333333336,1.0
75,A_to_B,50,50,matched_size_bottom_for_p_ge_0.95,1.0,1.0,0.02631578947368421,0.02631578947368421,0.036458333333333336,1.0
75,B_to_A,50,50,fixed_bottom20,38.0,0.5,0.5,0.3333333333333333,0.29577850877192985,0.6842105263157895
75,B_to_A,50,50,fixed_bottom10,19.0,0.5789473684210527,0.2894736842105263,0.2391304347826087,0.2445175438596491,0.7894736842105263
75,B_to_A,50,50,stable_core_p_ge_0.80,11.0,0.5454545454545454,0.15789473684210525,0.13953488372093023,0.2840909090909091,0.7272727272727273
75,B_to_A,50,50,matched_size_bottom_for_p_ge_0.80,11.0,0.6363636363636364,0.18421052631578946,0.16666666666666666,0.25142045454545453,0.8181818181818182
75,B_to_A,50,50,stable_core_p_ge_0.90,4.0,0.5,0.05263157894736842,0.05,0.32812500000000006,0.75
75,B_to_A,50,50,matched_size_bottom_for_p_ge_0.90,4.0,0.5,0.05263157894736842,0.05,0.5013020833333333,0.5
75,B_to_A,50,50,stable_core_p_ge_0.95,2.0,0.5,0.02631578947368421,0.02564102564102564,0.5208333333333334,0.5
75,B_to_A,50,50,matched_size_bottom_for_p_ge_0.95,2.0,0.0,0.0,0.0,0.9739583333333333,0.0
76,A_to_B,50,50,fixed_bottom20,38.0,0.5789473684210527,0.5789473684210527,0.4074074074074074,0.2645285087719298,0.7105263157894737
76,A_to_B,50,50,fixed_bottom10,19.0,0.6842105263157895,0.34210526315789475,0.29545454545454547,0.20531798245614036,0.7894736842105263
76,A_to_B,50,50,stable_core_p_ge_0.80,10.0,0.7,0.18421052631578946,0.17073170731707318,0.18802083333333333,0.7
76,A_to_B,50,50,matched_size_bottom_for_p_ge_0.80,10.0,0.8,0.21052631578947367,0.2,0.12552083333333336,0.9
76,A_to_B,50,50,stable_core_p_ge_0.90,4.0,1.0,0.10526315789473684,0.10526315789473684,0.06640625,1.0
76,A_to_B,50,50,matched_size_bottom_for_p_ge_0.90,4.0,1.0,0.10526315789473684,0.10526315789473684,0.052083333333333336,1.0
76,A_to_B,50,50,stable_core_p_ge_0.95,1.0,1.0,0.02631578947368421,0.02631578947368421,0.041666666666666664,1.0
76,A_to_B,50,50,matched_size_bottom_for_p_ge_0.95,1.0,1.0,0.02631578947368421,0.02631578947368421,0.036458333333333336,1.0
76,B_to_A,50,50,fixed_bottom20,38.0,0.5789473684210527,0.5789473684210527,0.4074074074074074,0.28371710526315785,0.7368421052631579
76,B_to_A,50,50,fixed_bottom10,19.0,0.7368421052631579,0.3684210526315789,0.32558139534883723,0.17489035087719298,0.8421052631578947
76,B_to_A,50,50,stable_core_p_ge_0.80,12.0,0.75,0.23684210526315788,0.21951219512195122,0.15711805555555555,0.9166666666666666
76,B_to_A,50,50,matched_size_bottom_for_p_ge_0.80,12.0,0.6666666666666666,0.21052631578947367,0.19047619047619047,0.1927083333333333,0.8333333333333334
76,B_to_A,50,50,stable_core_p_ge_0.90,5.0,0.8,0.10526315789473684,0.10256410256410256,0.09895833333333333,1.0
76,B_to_A,50,50,matched_size_bottom_for_p_ge_0.90,5.0,0.6,0.07894736842105263,0.075,0.22291666666666665,0.8
76,B_to_A,50,50,stable_core_p_ge_0.95,2.0,1.0,0.05263157894736842,0.05263157894736842,0.0703125,1.0
76,B_to_A,50,50,matched_size_bottom_for_p_ge_0.95,2.0,0.5,0.02631578947368421,0.02564102564102564,0.203125,1.0
77,A_to_B,50,50,fixed_bottom20,38.0,0.4473684210526316,0.4473684210526316,0.288135593220339,0.3540296052631579,0.631578947368421
77,A_to_B,50,50,fixed_bottom10,19.0,0.631578947368421,0.3157894736842105,0.26666666666666666,0.2834429824561403,0.7368421052631579
77,A_to_B,50,50,stable_core_p_ge_0.80,13.0,0.6923076923076923,0.23684210526315788,0.21428571428571427,0.28124999999999994,0.7692307692307693
77,A_to_B,50,50,matched_size_bottom_for_p_ge_0.80,13.0,0.6153846153846154,0.21052631578947367,0.18604651162790697,0.2792467948717949,0.7692307692307693
77,A_to_B,50,50,stable_core_p_ge_0.90,9.0,0.5555555555555556,0.13157894736842105,0.11904761904761904,0.3582175925925926,0.6666666666666666
77,A_to_B,50,50,matched_size_bottom_for_p_ge_0.90,9.0,0.6666666666666666,0.15789473684210525,0.14634146341463414,0.33796296296296297,0.6666666666666666
77,A_to_B,50,50,stable_core_p_ge_0.95,5.0,0.6,0.07894736842105263,0.075,0.36875,0.6
77,A_to_B,50,50,matched_size_bottom_for_p_ge_0.95,5.0,0.6,0.07894736842105263,0.075,0.35937499999999994,0.6
77,B_to_A,50,50,fixed_bottom20,38.0,0.4473684210526316,0.4473684210526316,0.288135593220339,0.39487390350877194,0.5789473684210527
77,B_to_A,50,50,fixed_bottom10,19.0,0.5263157894736842,0.2631578947368421,0.2127659574468085,0.35690789473684204,0.5789473684210527
77,B_to_A,50,50,stable_core_p_ge_0.80,7.0,0.2857142857142857,0.05263157894736842,0.046511627906976744,0.4456845238095238,0.42857142857142855
77,B_to_A,50,50,matched_size_bottom_for_p_ge_0.80,7.0,0.8571428571428571,0.15789473684210525,0.15384615384615385,0.1748511904761905,0.8571428571428571
77,B_to_A,50,50,stable_core_p_ge_0.90,2.0,0.0,0.0,0.0,0.8229166666666667,0.0
77,B_to_A,50,50,matched_size_bottom_for_p_ge_0.90,2.0,1.0,0.05263157894736842,0.05263157894736842,0.052083333333333336,1.0
77,B_to_A,50,50,stable_core_p_ge_0.95,1.0,0.0,0.0,0.0,0.84375,0.0
77,B_to_A,50,50,matched_size_bottom_for_p_ge_0.95,1.0,1.0,0.02631578947368421,0.02631578947368421,0.026041666666666668,1.0
78,A_to_B,50,50,fixed_bottom20,38.0,0.47368421052631576,0.47368421052631576,0.3103448275862069,0.37102521929824556,0.6052631578947368
78,A_to_B,50,50,fixed_bottom10,19.0,0.6842105263157895,0.34210526315789475,0.29545454545454547,0.23464912280701758,0.7368421052631579
78,A_to_B,50,50,stable_core_p_ge_0.80,7.0,0.8571428571428571,0.15789473684210525,0.15384615384615385,0.22395833333333334,0.8571428571428571
78,A_to_B,50,50,matched_size_bottom_for_p_ge_0.80,7.0,1.0,0.18421052631578946,0.18421052631578946,0.07366071428571429,1.0
78,A_to_B,50,50,stable_core_p_ge_0.90,2.0,1.0,0.05263157894736842,0.05263157894736842,0.08854166666666666,1.0
78,A_to_B,50,50,matched_size_bottom_for_p_ge_0.90,2.0,1.0,0.05263157894736842,0.05263157894736842,0.020833333333333336,1.0
78,A_to_B,50,50,stable_core_p_ge_0.95,1.0,1.0,0.02631578947368421,0.02631578947368421,0.15104166666666666,1.0
78,A_to_B,50,50,matched_size_bottom_for_p_ge_0.95,1.0,1.0,0.02631578947368421,0.02631578947368421,0.026041666666666668,1.0
78,B_to_A,50,50,fixed_bottom20,38.0,0.47368421052631576,0.47368421052631576,0.3103448275862069,0.3159265350877193,0.6052631578947368
78,B_to_A,50,50,fixed_bottom10,19.0,0.5263157894736842,0.2631578947368421,0.2127659574468085,0.2719298245614035,0.6842105263157895
78,B_to_A,50,50,stable_core_p_ge_0.80,10.0,0.8,0.21052631578947367,0.2,0.19739583333333335,0.8
78,B_to_A,50,50,matched_size_bottom_for_p_ge_0.80,10.0,0.7,0.18421052631578946,0.17073170731707318,0.20572916666666669,0.8
78,B_to_A,50,50,stable_core_p_ge_0.90,6.0,0.8333333333333334,0.13157894736842105,0.1282051282051282,0.20052083333333337,0.8333333333333334
78,B_to_A,50,50,matched_size_bottom_for_p_ge_0.90,6.0,0.6666666666666666,0.10526315789473684,0.1,0.1944444444444445,0.8333333333333334
78,B_to_A,50,50,stable_core_p_ge_0.95,3.0,1.0,0.07894736842105263,0.07894736842105263,0.06944444444444445,1.0
78,B_to_A,50,50,matched_size_bottom_for_p_ge_0.95,3.0,0.6666666666666666,0.05263157894736842,0.05128205128205128,0.0798611111111111,1.0
79,A_to_B,50,50,fixed_bottom20,38.0,0.3684210526315789,0.3684210526315789,0.22580645161290322,0.39651864035087714,0.5263157894736842
79,A_to_B,50,50,fixed_bottom10,19.0,0.42105263157894735,0.21052631578947367,0.16326530612244897,0.37417763157894735,0.5789473684210527
79,A_to_B,50,50,stable_core_p_ge_0.80,16.0,0.375,0.15789473684210525,0.125,0.39420572916666663,0.5625
79,A_to_B,50,50,matched_size_bottom_for_p_ge_0.80,16.0,0.375,0.15789473684210525,0.125,0.3961588541666667,0.5625
79,A_to_B,50,50,stable_core_p_ge_0.90,7.0,0.42857142857142855,0.07894736842105263,0.07142857142857142,0.33854166666666663,0.5714285714285714
79,A_to_B,50,50,matched_size_bottom_for_p_ge_0.90,7.0,0.42857142857142855,0.07894736842105263,0.07142857142857142,0.2648809523809524,0.7142857142857143
79,A_to_B,50,50,stable_core_p_ge_0.95,2.0,0.0,0.0,0.0,0.75,0.0
79,A_to_B,50,50,matched_size_bottom_for_p_ge_0.95,2.0,0.5,0.02631578947368421,0.02564102564102564,0.1953125,0.5
79,B_to_A,50,50,fixed_bottom20,38.0,0.3684210526315789,0.3684210526315789,0.22580645161290322,0.39597039473684204,0.6052631578947368
79,B_to_A,50,50,fixed_bottom10,19.0,0.631578947368421,0.3157894736842105,0.26666666666666666,0.2760416666666667,0.7894736842105263
79,B_to_A,50,50,stable_core_p_ge_0.80,9.0,0.6666666666666666,0.15789473684210525,0.14634146341463414,0.22974537037037035,0.7777777777777778
79,B_to_A,50,50,matched_size_bottom_for_p_ge_0.80,9.0,0.5555555555555556,0.13157894736842105,0.11904761904761904,0.24710648148148145,0.7777777777777778
79,B_to_A,50,50,stable_core_p_ge_0.90,5.0,0.4,0.05263157894736842,0.04878048780487805,0.3572916666666667,0.6
79,B_to_A,50,50,matched_size_bottom_for_p_ge_0.90,5.0,0.8,0.10526315789473684,0.10256410256410256,0.1989583333333333,0.8
79,B_to_A,50,50,stable_core_p_ge_0.95,1.0,1.0,0.02631578947368421,0.02631578947368421,0.13541666666666666,1.0
79,B_to_A,50,50,matched_size_bottom_for_p_ge_0.95,1.0,0.0,0.0,0.0,0.7447916666666666,0.0
80,A_to_B,50,50,fixed_bottom20,38.0,0.47368421052631576,0.47368421052631576,0.3103448275862069,0.31195175438596484,0.6052631578947368
80,A_to_B,50,50,fixed_bottom10,19.0,0.6842105263157895,0.34210526315789475,0.29545454545454547,0.2546600877192982,0.6842105263157895
80,A_to_B,50,50,stable_core_p_ge_0.80,12.0,0.6666666666666666,0.21052631578947367,0.19047619047619047,0.2938368055555555,0.6666666666666666
80,A_to_B,50,50,matched_size_bottom_for_p_ge_0.80,12.0,0.6666666666666666,0.21052631578947367,0.19047619047619047,0.27734375,0.6666666666666666
80,A_to_B,50,50,stable_core_p_ge_0.90,5.0,0.8,0.10526315789473684,0.10256410256410256,0.22604166666666664,0.8
80,A_to_B,50,50,matched_size_bottom_for_p_ge_0.90,5.0,0.8,0.10526315789473684,0.10256410256410256,0.22291666666666665,0.8
80,A_to_B,50,50,stable_core_p_ge_0.95,3.0,0.6666666666666666,0.05263157894736842,0.05128205128205128,0.3055555555555555,0.6666666666666666
80,A_to_B,50,50,matched_size_bottom_for_p_ge_0.95,3.0,0.6666666666666666,0.05263157894736842,0.05128205128205128,0.3055555555555555,0.6666666666666666
80,B_to_A,50,50,fixed_bottom20,38.0,0.47368421052631576,0.47368421052631576,0.3103448275862069,0.3066063596491228,0.7105263157894737
80,B_to_A,50,50,fixed_bottom10,19.0,0.5789473684210527,0.2894736842105263,0.2391304347826087,0.20614035087719298,0.8947368421052632
80,B_to_A,50,50,stable_core_p_ge_0.80,7.0,0.5714285714285714,0.10526315789473684,0.0975609756097561,0.17336309523809526,0.8571428571428571
80,B_to_A,50,50,matched_size_bottom_for_p_ge_0.80,7.0,0.7142857142857143,0.13157894736842105,0.125,0.14583333333333334,1.0
80,B_to_A,50,50,stable_core_p_ge_0.90,3.0,0.6666666666666666,0.05263157894736842,0.05128205128205128,0.1371527777777778,1.0
80,B_to_A,50,50,matched_size_bottom_for_p_ge_0.90,3.0,1.0,0.07894736842105263,0.07894736842105263,0.0625,1.0
80,B_to_A,50,50,stable_core_p_ge_0.95,1.0,0.0,0.0,0.0,0.234375,1.0
80,B_to_A,50,50,matched_size_bottom_for_p_ge_0.95,1.0,1.0,0.02631578947368421,0.02631578947368421,0.13020833333333334,1.0
81,A_to_B,50,50,fixed_bottom20,38.0,0.3684210526315789,0.3684210526315789,0.22580645161290322,0.41091008771929827,0.5789473684210527
81,A_to_B,50,50,fixed_bottom10,19.0,0.5789473684210527,0.2894736842105263,0.2391304347826087,0.23629385964912278,0.7894736842105263
81,A_to_B,50,50,stable_core_p_ge_0.80,9.0,0.5555555555555556,0.13157894736842105,0.11904761904761904,0.24942129629629628,0.7777777777777778
81,A_to_B,50,50,matched_size_bottom_for_p_ge_0.80,9.0,0.6666666666666666,0.15789473684210525,0.14634146341463414,0.21122685185185183,0.7777777777777778
81,A_to_B,50,50,stable_core_p_ge_0.90,5.0,0.8,0.10526315789473684,0.10256410256410256,0.15833333333333335,0.8
81,A_to_B,50,50,matched_size_bottom_for_p_ge_0.90,5.0,0.8,0.10526315789473684,0.10256410256410256,0.165625,0.8
81,A_to_B,50,50,stable_core_p_ge_0.95,4.0,0.75,0.07894736842105263,0.07692307692307693,0.18619791666666669,0.75
81,A_to_B,50,50,matched_size_bottom_for_p_ge_0.95,4.0,0.75,0.07894736842105263,0.07692307692307693,0.16927083333333334,0.75
81,B_to_A,50,50,fixed_bottom20,38.0,0.3684210526315789,0.3684210526315789,0.22580645161290322,0.36225328947368424,0.5789473684210527
81,B_to_A,50,50,fixed_bottom10,19.0,0.5789473684210527,0.2894736842105263,0.2391304347826087,0.2713815789473684,0.6842105263157895
81,B_to_A,50,50,stable_core_p_ge_0.80,12.0,0.5,0.15789473684210525,0.13636363636363635,0.2921006944444445,0.5833333333333334
81,B_to_A,50,50,matched_size_bottom_for_p_ge_0.80,12.0,0.5,0.15789473684210525,0.13636363636363635,0.2903645833333333,0.5833333333333334
81,B_to_A,50,50,stable_core_p_ge_0.90,2.0,0.0,0.0,0.0,0.3828125,0.0
81,B_to_A,50,50,matched_size_bottom_for_p_ge_0.90,2.0,0.0,0.0,0.0,0.7291666666666667,0.0
81,B_to_A,50,50,stable_core_p_ge_0.95,1.0,0.0,0.0,0.0,0.3697916666666667,0.0
81,B_to_A,50,50,matched_size_bottom_for_p_ge_0.95,1.0,0.0,0.0,0.0,0.6927083333333334,0.0
82,A_to_B,50,50,fixed_bottom20,38.0,0.4473684210526316,0.4473684210526316,0.288135593220339,0.3425164473684211,0.5789473684210527
82,A_to_B,50,50,fixed_bottom10,19.0,0.47368421052631576,0.23684210526315788,0.1875,0.35608552631578944,0.5263157894736842
82,A_to_B,50,50,stable_core_p_ge_0.80,9.0,0.5555555555555556,0.13157894736842105,0.11904761904761904,0.3622685185185186,0.5555555555555556
82,A_to_B,50,50,matched_size_bottom_for_p_ge_0.80,9.0,0.5555555555555556,0.13157894736842105,0.11904761904761904,0.32928240740740744,0.5555555555555556
82,A_to_B,50,50,stable_core_p_ge_0.90,3.0,0.3333333333333333,0.02631578947368421,0.025,0.5,0.3333333333333333
82,A_to_B,50,50,matched_size_bottom_for_p_ge_0.90,3.0,0.3333333333333333,0.02631578947368421,0.025,0.5277777777777778,0.3333333333333333
82,A_to_B,50,50,stable_core_p_ge_0.95,3.0,0.3333333333333333,0.02631578947368421,0.025,0.5,0.3333333333333333
82,A_to_B,50,50,matched_size_bottom_for_p_ge_0.95,3.0,0.3333333333333333,0.02631578947368421,0.025,0.5277777777777778,0.3333333333333333
82,B_to_A,50,50,fixed_bottom20,38.0,0.4473684210526316,0.4473684210526316,0.288135593220339,0.3710252192982456,0.631578947368421
82,B_to_A,50,50,fixed_bottom10,19.0,0.631578947368421,0.3157894736842105,0.26666666666666666,0.27055921052631576,0.7894736842105263
82,B_to_A,50,50,stable_core_p_ge_0.80,13.0,0.6153846153846154,0.21052631578947367,0.18604651162790697,0.32091346153846156,0.6923076923076923
82,B_to_A,50,50,matched_size_bottom_for_p_ge_0.80,13.0,0.6153846153846154,0.21052631578947367,0.18604651162790697,0.3096955128205128,0.7692307692307693
82,B_to_A,50,50,stable_core_p_ge_0.90,6.0,0.3333333333333333,0.05263157894736842,0.047619047619047616,0.4210069444444445,0.5
82,B_to_A,50,50,matched_size_bottom_for_p_ge_0.90,6.0,0.5,0.07894736842105263,0.07317073170731707,0.37673611111111116,0.6666666666666666
82,B_to_A,50,50,stable_core_p_ge_0.95,4.0,0.25,0.02631578947368421,0.024390243902439025,0.4283854166666667,0.5
82,B_to_A,50,50,matched_size_bottom_for_p_ge_0.95,4.0,0.5,0.05263157894736842,0.05,0.34765625000000006,0.75
83,A_to_B,50,50,fixed_bottom20,38.0,0.5789473684210527,0.5789473684210527,0.4074074074074074,0.30975877192982465,0.6842105263157895
83,A_to_B,50,50,fixed_bottom10,19.0,0.7894736842105263,0.39473684210526316,0.35714285714285715,0.20586622807017543,0.8421052631578947
83,A_to_B,50,50,stable_core_p_ge_0.80,10.0,0.9,0.23684210526315788,0.23076923076923078,0.19322916666666665,0.9
83,A_to_B,50,50,matched_size_bottom_for_p_ge_0.80,10.0,0.9,0.23684210526315788,0.23076923076923078,0.16666666666666666,0.9
83,A_to_B,50,50,stable_core_p_ge_0.90,5.0,0.8,0.10526315789473684,0.10256410256410256,0.271875,0.8
83,A_to_B,50,50,matched_size_bottom_for_p_ge_0.90,5.0,1.0,0.13157894736842105,0.13157894736842105,0.0875,1.0
83,A_to_B,50,50,stable_core_p_ge_0.95,4.0,0.75,0.07894736842105263,0.07692307692307693,0.30859375,0.75
83,A_to_B,50,50,matched_size_bottom_for_p_ge_0.95,4.0,1.0,0.10526315789473684,0.10526315789473684,0.08463541666666667,1.0
83,B_to_A,50,50,fixed_bottom20,38.0,0.5789473684210527,0.5789473684210527,0.4074074074074074,0.2306743421052631,0.7894736842105263
83,B_to_A,50,50,fixed_bottom10,19.0,0.6842105263157895,0.34210526315789475,0.29545454545454547,0.17242324561403508,0.8421052631578947
83,B_to_A,50,50,stable_core_p_ge_0.80,7.0,0.42857142857142855,0.07894736842105263,0.07142857142857142,0.3013392857142857,0.5714285714285714
83,B_to_A,50,50,matched_size_bottom_for_p_ge_0.80,7.0,0.8571428571428571,0.15789473684210525,0.15384615384615385,0.09672619047619048,1.0
83,B_to_A,50,50,stable_core_p_ge_0.90,3.0,0.3333333333333333,0.02631578947368421,0.025,0.2534722222222222,0.6666666666666666
83,B_to_A,50,50,matched_size_bottom_for_p_ge_0.90,3.0,1.0,0.07894736842105263,0.07894736842105263,0.07291666666666667,1.0
83,B_to_A,50,50,stable_core_p_ge_0.95,2.0,0.5,0.02631578947368421,0.02564102564102564,0.2630208333333333,0.5
83,B_to_A,50,50,matched_size_bottom_for_p_ge_0.95,2.0,1.0,0.05263157894736842,0.05263157894736842,0.06510416666666667,1.0
84,A_to_B,50,50,fixed_bottom20,38.0,0.42105263157894735,0.42105263157894735,0.26666666666666666,0.317297149122807,0.5789473684210527
84,A_to_B,50,50,fixed_bottom10,19.0,0.42105263157894735,0.21052631578947367,0.16326530612244897,0.3525219298245614,0.5263157894736842
84,A_to_B,50,50,stable_core_p_ge_0.80,11.0,0.45454545454545453,0.13157894736842105,0.11363636363636363,0.23484848484848483,0.6363636363636364
84,A_to_B,50,50,matched_size_bottom_for_p_ge_0.80,11.0,0.5454545454545454,0.15789473684210525,0.13953488372093023,0.24431818181818182,0.7272727272727273
84,A_to_B,50,50,stable_core_p_ge_0.90,6.0,0.5,0.07894736842105263,0.07317073170731707,0.2387152777777778,0.6666666666666666
84,A_to_B,50,50,matched_size_bottom_for_p_ge_0.90,6.0,0.5,0.07894736842105263,0.07317073170731707,0.19444444444444445,0.6666666666666666
84,A_to_B,50,50,stable_core_p_ge_0.95,4.0,0.75,0.07894736842105263,0.07692307692307693,0.17578125,0.75
84,A_to_B,50,50,matched_size_bottom_for_p_ge_0.95,4.0,0.75,0.07894736842105263,0.07692307692307693,0.13541666666666666,0.75
84,B_to_A,50,50,fixed_bottom20,38.0,0.42105263157894735,0.42105263157894735,0.26666666666666666,0.3584155701754386,0.6842105263157895
84,B_to_A,50,50,fixed_bottom10,19.0,0.631578947368421,0.3157894736842105,0.26666666666666666,0.2598684210526316,0.8421052631578947
84,B_to_A,50,50,stable_core_p_ge_0.80,10.0,0.7,0.18421052631578946,0.17073170731707318,0.2458333333333333,0.9
84,B_to_A,50,50,matched_size_bottom_for_p_ge_0.80,10.0,0.7,0.18421052631578946,0.17073170731707318,0.28385416666666663,0.8
84,B_to_A,50,50,stable_core_p_ge_0.90,4.0,0.5,0.05263157894736842,0.05,0.36848958333333337,0.75
84,B_to_A,50,50,matched_size_bottom_for_p_ge_0.90,4.0,1.0,0.10526315789473684,0.10526315789473684,0.10416666666666666,1.0
84,B_to_A,50,50,stable_core_p_ge_0.95,2.0,0.5,0.02631578947368421,0.02564102564102564,0.2109375,1.0
84,B_to_A,50,50,matched_size_bottom_for_p_ge_0.95,2.0,1.0,0.05263157894736842,0.05263157894736842,0.1953125,1.0
85,A_to_B,50,50,fixed_bottom20,38.0,0.47368421052631576,0.47368421052631576,0.3103448275862069,0.28481359649122806,0.6842105263157895
85,A_to_B,50,50,fixed_bottom10,19.0,0.631578947368421,0.3157894736842105,0.26666666666666666,0.20148026315789472,0.7894736842105263
85,A_to_B,50,50,stable_core_p_ge_0.80,16.0,0.625,0.2631578947368421,0.22727272727272727,0.20703125,0.8125
85,A_to_B,50,50,matched_size_bottom_for_p_ge_0.80,16.0,0.625,0.2631578947368421,0.22727272727272727,0.2041015625,0.8125
85,A_to_B,50,50,stable_core_p_ge_0.90,5.0,0.4,0.05263157894736842,0.04878048780487805,0.23333333333333334,1.0
85,A_to_B,50,50,matched_size_bottom_for_p_ge_0.90,5.0,0.8,0.10526315789473684,0.10256410256410256,0.11979166666666667,1.0
85,A_to_B,50,50,stable_core_p_ge_0.95,1.0,0.0,0.0,0.0,0.328125,1.0
85,A_to_B,50,50,matched_size_bottom_for_p_ge_0.95,1.0,1.0,0.02631578947368421,0.02631578947368421,0.026041666666666668,1.0
85,B_to_A,50,50,fixed_bottom20,38.0,0.47368421052631576,0.47368421052631576,0.3103448275862069,0.35074013157894735,0.6578947368421053
85,B_to_A,50,50,fixed_bottom10,19.0,0.631578947368421,0.3157894736842105,0.26666666666666666,0.21600877192982457,0.8421052631578947
85,B_to_A,50,50,stable_core_p_ge_0.80,5.0,0.6,0.07894736842105263,0.075,0.20625,0.8
85,B_to_A,50,50,matched_size_bottom_for_p_ge_0.80,5.0,1.0,0.13157894736842105,0.13157894736842105,0.03958333333333334,1.0
85,B_to_A,50,50,stable_core_p_ge_0.90,3.0,1.0,0.07894736842105263,0.07894736842105263,0.05034722222222223,1.0
85,B_to_A,50,50,matched_size_bottom_for_p_ge_0.90,3.0,1.0,0.07894736842105263,0.07894736842105263,0.029513888888888885,1.0
85,B_to_A,50,50,stable_core_p_ge_0.95,3.0,1.0,0.07894736842105263,0.07894736842105263,0.05034722222222223,1.0
85,B_to_A,50,50,matched_size_bottom_for_p_ge_0.95,3.0,1.0,0.07894736842105263,0.07894736842105263,0.029513888888888885,1.0
86,A_to_B,50,50,fixed_bottom20,38.0,0.39473684210526316,0.39473684210526316,0.2459016393442623,0.3829495614035088,0.631578947368421
86,A_to_B,50,50,fixed_bottom10,19.0,0.5263157894736842,0.2631578947368421,0.2127659574468085,0.28591008771929827,0.7368421052631579
86,A_to_B,50,50,stable_core_p_ge_0.80,12.0,0.5,0.15789473684210525,0.13636363636363635,0.34201388888888884,0.6666666666666666
86,A_to_B,50,50,matched_size_bottom_for_p_ge_0.80,12.0,0.5,0.15789473684210525,0.13636363636363635,0.33984375,0.6666666666666666
86,A_to_B,50,50,stable_core_p_ge_0.90,5.0,0.4,0.05263157894736842,0.04878048780487805,0.4291666666666667,0.6
86,A_to_B,50,50,matched_size_bottom_for_p_ge_0.90,5.0,0.4,0.05263157894736842,0.04878048780487805,0.4239583333333334,0.6
86,A_to_B,50,50,stable_core_p_ge_0.95,2.0,0.5,0.02631578947368421,0.02564102564102564,0.5052083333333333,0.5
86,A_to_B,50,50,matched_size_bottom_for_p_ge_0.95,2.0,0.5,0.02631578947368421,0.02564102564102564,0.5052083333333333,0.5
86,B_to_A,50,50,fixed_bottom20,38.0,0.39473684210526316,0.39473684210526316,0.2459016393442623,0.36663925438596495,0.7105263157894737
86,B_to_A,50,50,fixed_bottom10,19.0,0.5263157894736842,0.2631578947368421,0.2127659574468085,0.3040021929824561,0.7368421052631579
86,B_to_A,50,50,stable_core_p_ge_0.80,9.0,0.8888888888888888,0.21052631578947367,0.20512820512820512,0.08969907407407407,1.0
86,B_to_A,50,50,matched_size_bottom_for_p_ge_0.80,9.0,0.7777777777777778,0.18421052631578946,0.175,0.10648148148148148,1.0
86,B_to_A,50,50,stable_core_p_ge_0.90,2.0,1.0,0.05263157894736842,0.05263157894736842,0.0546875,1.0
86,B_to_A,50,50,matched_size_bottom_for_p_ge_0.90,2.0,1.0,0.05263157894736842,0.05263157894736842,0.08854166666666667,1.0
86,B_to_A,50,50,stable_core_p_ge_0.95,0.0,,0.0,0.0,,
86,B_to_A,50,50,matched_size_bottom_for_p_ge_0.95,0.0,,0.0,0.0,,
87,A_to_B,50,50,fixed_bottom20,38.0,0.47368421052631576,0.47368421052631576,0.3103448275862069,0.3220942982456141,0.631578947368421
87,A_to_B,50,50,fixed_bottom10,19.0,0.47368421052631576,0.23684210526315788,0.1875,0.3157894736842105,0.631578947368421
87,A_to_B,50,50,stable_core_p_ge_0.80,5.0,0.4,0.05263157894736842,0.04878048780487805,0.4614583333333333,0.4
87,A_to_B,50,50,matched_size_bottom_for_p_ge_0.80,5.0,0.2,0.02631578947368421,0.023809523809523808,0.4208333333333334,0.4
87,A_to_B,50,50,stable_core_p_ge_0.90,2.0,0.0,0.0,0.0,0.6901041666666667,0.0
87,A_to_B,50,50,matched_size_bottom_for_p_ge_0.90,2.0,0.5,0.02631578947368421,0.02564102564102564,0.5,0.5
87,A_to_B,50,50,stable_core_p_ge_0.95,1.0,0.0,0.0,0.0,0.9270833333333334,0.0
87,A_to_B,50,50,matched_size_bottom_for_p_ge_0.95,1.0,0.0,0.0,0.0,0.9270833333333334,0.0
87,B_to_A,50,50,fixed_bottom20,38.0,0.47368421052631576,0.47368421052631576,0.3103448275862069,0.36924342105263147,0.6052631578947368
87,B_to_A,50,50,fixed_bottom10,19.0,0.6842105263157895,0.34210526315789475,0.29545454545454547,0.24588815789473684,0.7368421052631579
87,B_to_A,50,50,stable_core_p_ge_0.80,16.0,0.6875,0.2894736842105263,0.2558139534883721,0.2552083333333333,0.75
87,B_to_A,50,50,matched_size_bottom_for_p_ge_0.80,16.0,0.6875,0.2894736842105263,0.2558139534883721,0.23990885416666666,0.75
87,B_to_A,50,50,stable_core_p_ge_0.90,5.0,0.8,0.10526315789473684,0.10256410256410256,0.1125,1.0
87,B_to_A,50,50,matched_size_bottom_for_p_ge_0.90,5.0,0.8,0.10526315789473684,0.10256410256410256,0.1854166666666667,0.8
87,B_to_A,50,50,stable_core_p_ge_0.95,3.0,1.0,0.07894736842105263,0.07894736842105263,0.06770833333333333,1.0
87,B_to_A,50,50,matched_size_bottom_for_p_ge_0.95,3.0,0.6666666666666666,0.05263157894736842,0.05128205128205128,0.24826388888888892,0.6666666666666666
88,A_to_B,50,50,fixed_bottom20,38.0,0.5263157894736842,0.5263157894736842,0.35714285714285715,0.2853618421052632,0.6578947368421053
88,A_to_B,50,50,fixed_bottom10,19.0,0.631578947368421,0.3157894736842105,0.26666666666666666,0.2680921052631579,0.7368421052631579
88,A_to_B,50,50,stable_core_p_ge_0.80,14.0,0.6428571428571429,0.23684210526315788,0.20930232558139536,0.30357142857142855,0.6428571428571429
88,A_to_B,50,50,matched_size_bottom_for_p_ge_0.80,14.0,0.7142857142857143,0.2631578947368421,0.23809523809523808,0.21875,0.7857142857142857
88,A_to_B,50,50,stable_core_p_ge_0.90,3.0,0.6666666666666666,0.05263157894736842,0.05128205128205128,0.3958333333333333,0.6666666666666666
88,A_to_B,50,50,matched_size_bottom_for_p_ge_0.90,3.0,1.0,0.07894736842105263,0.07894736842105263,0.08506944444444446,1.0
88,A_to_B,50,50,stable_core_p_ge_0.95,0.0,,0.0,0.0,,
88,A_to_B,50,50,matched_size_bottom_for_p_ge_0.95,0.0,,0.0,0.0,,
88,B_to_A,50,50,fixed_bottom20,38.0,0.5263157894736842,0.5263157894736842,0.35714285714285715,0.2727521929824561,0.7894736842105263
88,B_to_A,50,50,fixed_bottom10,19.0,0.6842105263157895,0.34210526315789475,0.29545454545454547,0.17351973684210525,0.9473684210526315
88,B_to_A,50,50,stable_core_p_ge_0.80,8.0,0.75,0.15789473684210525,0.15,0.17252604166666669,1.0
88,B_to_A,50,50,matched_size_bottom_for_p_ge_0.80,8.0,0.875,0.18421052631578946,0.1794871794871795,0.10416666666666667,1.0
88,B_to_A,50,50,stable_core_p_ge_0.90,6.0,0.8333333333333334,0.13157894736842105,0.1282051282051282,0.14322916666666666,1.0
88,B_to_A,50,50,matched_size_bottom_for_p_ge_0.90,6.0,0.8333333333333334,0.13157894736842105,0.1282051282051282,0.11111111111111112,1.0
88,B_to_A,50,50,stable_core_p_ge_0.95,3.0,0.6666666666666666,0.05263157894736842,0.05128205128205128,0.17361111111111113,1.0
88,B_to_A,50,50,matched_size_bottom_for_p_ge_0.95,3.0,0.6666666666666666,0.05263157894736842,0.05128205128205128,0.11979166666666667,1.0
89,A_to_B,50,50,fixed_bottom20,38.0,0.47368421052631576,0.47368421052631576,0.3103448275862069,0.30578399122807015,0.6842105263157895
89,A_to_B,50,50,fixed_bottom10,19.0,0.631578947368421,0.3157894736842105,0.26666666666666666,0.22807017543859653,0.7894736842105263
89,A_to_B,50,50,stable_core_p_ge_0.80,8.0,0.5,0.10526315789473684,0.09523809523809523,0.27408854166666663,0.75
89,A_to_B,50,50,matched_size_bottom_for_p_ge_0.80,8.0,0.75,0.15789473684210525,0.15,0.18554687499999997,0.875
89,A_to_B,50,50,stable_core_p_ge_0.90,4.0,0.5,0.05263157894736842,0.05,0.4036458333333333,0.5
89,A_to_B,50,50,matched_size_bottom_for_p_ge_0.90,4.0,0.75,0.07894736842105263,0.07692307692307693,0.09244791666666666,1.0
89,A_to_B,50,50,stable_core_p_ge_0.95,2.0,1.0,0.05263157894736842,0.05263157894736842,0.041666666666666664,1.0
89,A_to_B,50,50,matched_size_bottom_for_p_ge_0.95,2.0,1.0,0.05263157894736842,0.05263157894736842,0.026041666666666664,1.0
89,B_to_A,50,50,fixed_bottom20,38.0,0.47368421052631576,0.47368421052631576,0.3103448275862069,0.2987938596491228,0.5789473684210527
89,B_to_A,50,50,fixed_bottom10,19.0,0.631578947368421,0.3157894736842105,0.26666666666666666,0.23300438596491227,0.631578947368421
89,B_to_A,50,50,stable_core_p_ge_0.80,13.0,0.6153846153846154,0.21052631578947367,0.18604651162790697,0.24278846153846156,0.6153846153846154
89,B_to_A,50,50,matched_size_bottom_for_p_ge_0.80,13.0,0.6153846153846154,0.21052631578947367,0.18604651162790697,0.21233974358974358,0.6153846153846154
89,B_to_A,50,50,stable_core_p_ge_0.90,10.0,0.5,0.13157894736842105,0.11627906976744186,0.3026041666666667,0.5
89,B_to_A,50,50,matched_size_bottom_for_p_ge_0.90,10.0,0.6,0.15789473684210525,0.14285714285714285,0.21770833333333334,0.6
89,B_to_A,50,50,stable_core_p_ge_0.95,4.0,0.25,0.02631578947368421,0.024390243902439025,0.4557291666666667,0.25
89,B_to_A,50,50,matched_size_bottom_for_p_ge_0.95,4.0,0.5,0.05263157894736842,0.05,0.21744791666666669,0.5
90,A_to_B,50,50,fixed_bottom20,38.0,0.42105263157894735,0.42105263157894735,0.26666666666666666,0.35019188596491224,0.47368421052631576
90,A_to_B,50,50,fixed_bottom10,19.0,0.47368421052631576,0.23684210526315788,0.1875,0.32428728070175444,0.5263157894736842
90,A_to_B,50,50,stable_core_p_ge_0.80,13.0,0.46153846153846156,0.15789473684210525,0.13333333333333333,0.3169070512820513,0.5384615384615384
90,A_to_B,50,50,matched_size_bottom_for_p_ge_0.80,13.0,0.46153846153846156,0.15789473684210525,0.13333333333333333,0.31850961538461536,0.5384615384615384
90,A_to_B,50,50,stable_core_p_ge_0.90,6.0,0.5,0.07894736842105263,0.07317073170731707,0.2881944444444444,0.5
90,A_to_B,50,50,matched_size_bottom_for_p_ge_0.90,6.0,0.5,0.07894736842105263,0.07317073170731707,0.2734375,0.6666666666666666
90,A_to_B,50,50,stable_core_p_ge_0.95,2.0,0.5,0.02631578947368421,0.02564102564102564,0.38541666666666663,0.5
90,A_to_B,50,50,matched_size_bottom_for_p_ge_0.95,2.0,0.5,0.02631578947368421,0.02564102564102564,0.38541666666666663,0.5
90,B_to_A,50,50,fixed_bottom20,38.0,0.42105263157894735,0.42105263157894735,0.26666666666666666,0.35334429824561403,0.6842105263157895
90,B_to_A,50,50,fixed_bottom10,19.0,0.5789473684210527,0.2894736842105263,0.2391304347826087,0.29660087719298245,0.7368421052631579
90,B_to_A,50,50,stable_core_p_ge_0.80,11.0,0.5454545454545454,0.15789473684210525,0.13953488372093023,0.33570075757575757,0.7272727272727273
90,B_to_A,50,50,matched_size_bottom_for_p_ge_0.80,11.0,0.7272727272727273,0.21052631578947367,0.1951219512195122,0.18039772727272727,0.8181818181818182
90,B_to_A,50,50,stable_core_p_ge_0.90,3.0,0.6666666666666666,0.05263157894736842,0.05128205128205128,0.22569444444444445,1.0
90,B_to_A,50,50,matched_size_bottom_for_p_ge_0.90,3.0,1.0,0.07894736842105263,0.07894736842105263,0.052083333333333336,1.0
90,B_to_A,50,50,stable_core_p_ge_0.95,2.0,1.0,0.05263157894736842,0.05263157894736842,0.13020833333333334,1.0
90,B_to_A,50,50,matched_size_bottom_for_p_ge_0.95,2.0,1.0,0.05263157894736842,0.05263157894736842,0.04427083333333333,1.0
91,A_to_B,50,50,fixed_bottom20,38.0,0.39473684210526316,0.39473684210526316,0.2459016393442623,0.3532072368421053,0.5263157894736842
91,A_to_B,50,50,fixed_bottom10,19.0,0.47368421052631576,0.23684210526315788,0.1875,0.33908991228070173,0.5789473684210527
91,A_to_B,50,50,stable_core_p_ge_0.80,13.0,0.46153846153846156,0.15789473684210525,0.13333333333333333,0.3673878205128205,0.5384615384615384
91,A_to_B,50,50,matched_size_bottom_for_p_ge_0.80,13.0,0.5384615384615384,0.18421052631578946,0.1590909090909091,0.3169070512820513,0.6153846153846154
91,A_to_B,50,50,stable_core_p_ge_0.90,5.0,0.2,0.02631578947368421,0.023809523809523808,0.4458333333333334,0.4
91,A_to_B,50,50,matched_size_bottom_for_p_ge_0.90,5.0,0.6,0.07894736842105263,0.075,0.3458333333333333,0.6
91,A_to_B,50,50,stable_core_p_ge_0.95,4.0,0.25,0.02631578947368421,0.024390243902439025,0.44791666666666674,0.5
91,A_to_B,50,50,matched_size_bottom_for_p_ge_0.95,4.0,0.5,0.05263157894736842,0.05,0.41796875,0.5
91,B_to_A,50,50,fixed_bottom20,38.0,0.39473684210526316,0.39473684210526316,0.2459016393442623,0.38623903508771934,0.6052631578947368
91,B_to_A,50,50,fixed_bottom10,19.0,0.5789473684210527,0.2894736842105263,0.2391304347826087,0.27576754385964913,0.7894736842105263
91,B_to_A,50,50,stable_core_p_ge_0.80,11.0,0.5454545454545454,0.15789473684210525,0.13953488372093023,0.296875,0.7272727272727273
91,B_to_A,50,50,matched_size_bottom_for_p_ge_0.80,11.0,0.6363636363636364,0.18421052631578946,0.16666666666666666,0.2684659090909091,0.8181818181818182
91,B_to_A,50,50,stable_core_p_ge_0.90,5.0,0.6,0.07894736842105263,0.075,0.19375,1.0
91,B_to_A,50,50,matched_size_bottom_for_p_ge_0.90,5.0,0.4,0.05263157894736842,0.04878048780487805,0.3145833333333333,0.8
91,B_to_A,50,50,stable_core_p_ge_0.95,1.0,1.0,0.02631578947368421,0.02631578947368421,0.026041666666666668,1.0
91,B_to_A,50,50,matched_size_bottom_for_p_ge_0.95,1.0,0.0,0.0,0.0,0.3541666666666667,1.0
92,A_to_B,50,50,fixed_bottom20,38.0,0.34210526315789475,0.34210526315789475,0.20634920634920634,0.38911732456140347,0.6052631578947368
92,A_to_B,50,50,fixed_bottom10,19.0,0.3684210526315789,0.18421052631578946,0.14,0.32785087719298245,0.5789473684210527
92,A_to_B,50,50,stable_core_p_ge_0.80,12.0,0.16666666666666666,0.05263157894736842,0.041666666666666664,0.41753472222222227,0.5
92,A_to_B,50,50,matched_size_bottom_for_p_ge_0.80,12.0,0.25,0.07894736842105263,0.06382978723404255,0.3875868055555556,0.5833333333333334
92,A_to_B,50,50,stable_core_p_ge_0.90,6.0,0.16666666666666666,0.02631578947368421,0.023255813953488372,0.43402777777777785,0.5
92,A_to_B,50,50,matched_size_bottom_for_p_ge_0.90,6.0,0.3333333333333333,0.05263157894736842,0.047619047619047616,0.3602430555555556,0.6666666666666666
92,A_to_B,50,50,stable_core_p_ge_0.95,3.0,0.3333333333333333,0.02631578947368421,0.025,0.2604166666666667,0.6666666666666666
92,A_to_B,50,50,matched_size_bottom_for_p_ge_0.95,3.0,0.3333333333333333,0.02631578947368421,0.025,0.2621527777777778,0.6666666666666666
92,B_to_A,50,50,fixed_bottom20,38.0,0.34210526315789475,0.34210526315789475,0.20634920634920634,0.4199561403508773,0.5789473684210527
92,B_to_A,50,50,fixed_bottom10,19.0,0.47368421052631576,0.23684210526315788,0.1875,0.3489583333333333,0.631578947368421
92,B_to_A,50,50,stable_core_p_ge_0.80,12.0,0.5,0.15789473684210525,0.13636363636363635,0.3055555555555555,0.6666666666666666
92,B_to_A,50,50,matched_size_bottom_for_p_ge_0.80,12.0,0.5,0.15789473684210525,0.13636363636363635,0.27517361111111116,0.75
92,B_to_A,50,50,stable_core_p_ge_0.90,7.0,0.42857142857142855,0.07894736842105263,0.07142857142857142,0.30357142857142866,0.7142857142857143
92,B_to_A,50,50,matched_size_bottom_for_p_ge_0.90,7.0,0.7142857142857143,0.13157894736842105,0.125,0.1279761904761905,1.0
92,B_to_A,50,50,stable_core_p_ge_0.95,4.0,0.5,0.05263157894736842,0.05,0.23828125000000003,0.75
92,B_to_A,50,50,matched_size_bottom_for_p_ge_0.95,4.0,0.75,0.07894736842105263,0.07692307692307693,0.13671875,1.0
93,A_to_B,50,50,fixed_bottom20,38.0,0.5,0.5,0.3333333333333333,0.2883771929824562,0.7105263157894737
93,A_to_B,50,50,fixed_bottom10,19.0,0.631578947368421,0.3157894736842105,0.26666666666666666,0.2623355263157895,0.7894736842105263
93,A_to_B,50,50,stable_core_p_ge_0.80,13.0,0.6923076923076923,0.23684210526315788,0.21428571428571427,0.2259615384615385,0.8461538461538461
93,A_to_B,50,50,matched_size_bottom_for_p_ge_0.80,13.0,0.6923076923076923,0.23684210526315788,0.21428571428571427,0.21434294871794873,0.8461538461538461
93,A_to_B,50,50,stable_core_p_ge_0.90,8.0,0.5,0.10526315789473684,0.09523809523809523,0.30078125,0.75
93,A_to_B,50,50,matched_size_bottom_for_p_ge_0.90,8.0,0.75,0.15789473684210525,0.15,0.251953125,0.75
93,A_to_B,50,50,stable_core_p_ge_0.95,5.0,0.4,0.05263157894736842,0.04878048780487805,0.4145833333333334,0.6
93,A_to_B,50,50,matched_size_bottom_for_p_ge_0.95,5.0,0.6,0.07894736842105263,0.075,0.3635416666666667,0.6
93,B_to_A,50,50,fixed_bottom20,38.0,0.5,0.5,0.3333333333333333,0.29906798245614036,0.7368421052631579
93,B_to_A,50,50,fixed_bottom10,19.0,0.5263157894736842,0.2631578947368421,0.2127659574468085,0.24095394736842102,0.8421052631578947
93,B_to_A,50,50,stable_core_p_ge_0.80,7.0,0.5714285714285714,0.10526315789473684,0.0975609756097561,0.20684523809523808,0.8571428571428571
93,B_to_A,50,50,matched_size_bottom_for_p_ge_0.80,7.0,0.7142857142857143,0.13157894736842105,0.125,0.17485119047619047,0.8571428571428571
93,B_to_A,50,50,stable_core_p_ge_0.90,1.0,0.0,0.0,0.0,0.6354166666666666,0.0
93,B_to_A,50,50,matched_size_bottom_for_p_ge_0.90,1.0,1.0,0.02631578947368421,0.02631578947368421,0.15625,1.0
93,B_to_A,50,50,stable_core_p_ge_0.95,0.0,,0.0,0.0,,
93,B_to_A,50,50,matched_size_bottom_for_p_ge_0.95,0.0,,0.0,0.0,,
94,A_to_B,50,50,fixed_bottom20,38.0,0.47368421052631576,0.47368421052631576,0.3103448275862069,0.35855263157894735,0.6578947368421053
94,A_to_B,50,50,fixed_bottom10,19.0,0.631578947368421,0.3157894736842105,0.26666666666666666,0.25959429824561403,0.7894736842105263
94,A_to_B,50,50,stable_core_p_ge_0.80,8.0,0.5,0.10526315789473684,0.09523809523809523,0.2610677083333333,0.75
94,A_to_B,50,50,matched_size_bottom_for_p_ge_0.80,8.0,0.625,0.13157894736842105,0.12195121951219512,0.22721354166666666,0.875
94,A_to_B,50,50,stable_core_p_ge_0.90,5.0,0.6,0.07894736842105263,0.075,0.2916666666666667,0.6
94,A_to_B,50,50,matched_size_bottom_for_p_ge_0.90,5.0,0.6,0.07894736842105263,0.075,0.2645833333333333,0.8
94,A_to_B,50,50,stable_core_p_ge_0.95,2.0,0.5,0.02631578947368421,0.02564102564102564,0.2604166666666667,0.5
94,A_to_B,50,50,matched_size_bottom_for_p_ge_0.95,2.0,0.0,0.0,0.0,0.5338541666666666,0.5
94,B_to_A,50,50,fixed_bottom20,38.0,0.47368421052631576,0.47368421052631576,0.3103448275862069,0.35540021929824567,0.6052631578947368
94,B_to_A,50,50,fixed_bottom10,19.0,0.6842105263157895,0.34210526315789475,0.29545454545454547,0.2574013157894736,0.7368421052631579
94,B_to_A,50,50,stable_core_p_ge_0.80,13.0,0.7692307692307693,0.2631578947368421,0.24390243902439024,0.22876602564102566,0.7692307692307693
94,B_to_A,50,50,matched_size_bottom_for_p_ge_0.80,13.0,0.7692307692307693,0.2631578947368421,0.24390243902439024,0.1951121794871795,0.8461538461538461
94,B_to_A,50,50,stable_core_p_ge_0.90,5.0,0.8,0.10526315789473684,0.10256410256410256,0.20416666666666666,0.8
94,B_to_A,50,50,matched_size_bottom_for_p_ge_0.90,5.0,0.8,0.10526315789473684,0.10256410256410256,0.18854166666666666,0.8
94,B_to_A,50,50,stable_core_p_ge_0.95,2.0,0.5,0.02631578947368421,0.02564102564102564,0.3645833333333333,0.5
94,B_to_A,50,50,matched_size_bottom_for_p_ge_0.95,2.0,1.0,0.05263157894736842,0.05263157894736842,0.12239583333333334,1.0
95,A_to_B,50,50,fixed_bottom20,38.0,0.42105263157894735,0.42105263157894735,0.26666666666666666,0.36773574561403505,0.5789473684210527
95,A_to_B,50,50,fixed_bottom10,19.0,0.5263157894736842,0.2631578947368421,0.2127659574468085,0.2875548245614035,0.7368421052631579
95,A_to_B,50,50,stable_core_p_ge_0.80,11.0,0.5454545454545454,0.15789473684210525,0.13953488372093023,0.28551136363636365,0.7272727272727273
95,A_to_B,50,50,matched_size_bottom_for_p_ge_0.80,11.0,0.45454545454545453,0.13157894736842105,0.11363636363636363,0.2864583333333333,0.7272727272727273
95,A_to_B,50,50,stable_core_p_ge_0.90,5.0,0.2,0.02631578947368421,0.023809523809523808,0.49375,0.4
95,A_to_B,50,50,matched_size_bottom_for_p_ge_0.90,5.0,0.2,0.02631578947368421,0.023809523809523808,0.4666666666666667,0.4
95,A_to_B,50,50,stable_core_p_ge_0.95,1.0,0.0,0.0,0.0,0.4375,0.0
95,A_to_B,50,50,matched_size_bottom_for_p_ge_0.95,1.0,0.0,0.0,0.0,0.5520833333333334,0.0
95,B_to_A,50,50,fixed_bottom20,38.0,0.42105263157894735,0.42105263157894735,0.26666666666666666,0.38569078947368424,0.5526315789473685
95,B_to_A,50,50,fixed_bottom10,19.0,0.5789473684210527,0.2894736842105263,0.2391304347826087,0.34594298245614036,0.5789473684210527
95,B_to_A,50,50,stable_core_p_ge_0.80,11.0,0.5454545454545454,0.15789473684210525,0.13953488372093023,0.3745265151515151,0.5454545454545454
95,B_to_A,50,50,matched_size_bottom_for_p_ge_0.80,11.0,0.5454545454545454,0.15789473684210525,0.13953488372093023,0.36742424242424243,0.5454545454545454
95,B_to_A,50,50,stable_core_p_ge_0.90,7.0,0.5714285714285714,0.10526315789473684,0.0975609756097561,0.33854166666666663,0.5714285714285714
95,B_to_A,50,50,matched_size_bottom_for_p_ge_0.90,7.0,0.7142857142857143,0.13157894736842105,0.125,0.2864583333333333,0.7142857142857143
95,B_to_A,50,50,stable_core_p_ge_0.95,4.0,0.75,0.07894736842105263,0.07692307692307693,0.21614583333333331,0.75
95,B_to_A,50,50,matched_size_bottom_for_p_ge_0.95,4.0,0.75,0.07894736842105263,0.07692307692307693,0.22395833333333334,0.75
96,A_to_B,50,50,fixed_bottom20,38.0,0.34210526315789475,0.34210526315789475,0.20634920634920634,0.42886513157894735,0.5
96,A_to_B,50,50,fixed_bottom10,19.0,0.42105263157894735,0.21052631578947367,0.16326530612244897,0.36376096491228066,0.5263157894736842
96,A_to_B,50,50,stable_core_p_ge_0.80,9.0,0.3333333333333333,0.07894736842105263,0.06818181818181818,0.41898148148148145,0.3333333333333333
96,A_to_B,50,50,matched_size_bottom_for_p_ge_0.80,9.0,0.5555555555555556,0.13157894736842105,0.11904761904761904,0.3396990740740742,0.5555555555555556
96,A_to_B,50,50,stable_core_p_ge_0.90,7.0,0.42857142857142855,0.07894736842105263,0.07142857142857142,0.328125,0.42857142857142855
96,A_to_B,50,50,matched_size_bottom_for_p_ge_0.90,7.0,0.5714285714285714,0.10526315789473684,0.0975609756097561,0.3154761904761905,0.5714285714285714
96,A_to_B,50,50,stable_core_p_ge_0.95,3.0,0.6666666666666666,0.05263157894736842,0.05128205128205128,0.2638888888888889,0.6666666666666666
96,A_to_B,50,50,matched_size_bottom_for_p_ge_0.95,3.0,0.6666666666666666,0.05263157894736842,0.05128205128205128,0.2309027777777778,0.6666666666666666
96,B_to_A,50,50,fixed_bottom20,38.0,0.34210526315789475,0.34210526315789475,0.20634920634920634,0.3866502192982456,0.631578947368421
96,B_to_A,50,50,fixed_bottom10,19.0,0.3684210526315789,0.18421052631578946,0.14,0.3933662280701754,0.631578947368421
96,B_to_A,50,50,stable_core_p_ge_0.80,14.0,0.2857142857142857,0.10526315789473684,0.08333333333333333,0.435639880952381,0.5714285714285714
96,B_to_A,50,50,matched_size_bottom_for_p_ge_0.80,14.0,0.42857142857142855,0.15789473684210525,0.13043478260869565,0.3325892857142857,0.7142857142857143
96,B_to_A,50,50,stable_core_p_ge_0.90,9.0,0.2222222222222222,0.05263157894736842,0.044444444444444446,0.4722222222222222,0.5555555555555556
96,B_to_A,50,50,matched_size_bottom_for_p_ge_0.90,9.0,0.2222222222222222,0.05263157894736842,0.044444444444444446,0.45543981481481477,0.5555555555555556
96,B_to_A,50,50,stable_core_p_ge_0.95,6.0,0.0,0.0,0.0,0.5104166666666666,0.5
96,B_to_A,50,50,matched_size_bottom_for_p_ge_0.95,6.0,0.16666666666666666,0.02631578947368421,0.023255813953488372,0.5711805555555556,0.3333333333333333
97,A_to_B,50,50,fixed_bottom20,38.0,0.4473684210526316,0.4473684210526316,0.288135593220339,0.37033991228070173,0.5789473684210527
97,A_to_B,50,50,fixed_bottom10,19.0,0.5263157894736842,0.2631578947368421,0.2127659574468085,0.32894736842105265,0.631578947368421
97,A_to_B,50,50,stable_core_p_ge_0.80,12.0,0.5,0.15789473684210525,0.13636363636363635,0.3289930555555556,0.6666666666666666
97,A_to_B,50,50,matched_size_bottom_for_p_ge_0.80,12.0,0.5833333333333334,0.18421052631578946,0.16279069767441862,0.2951388888888889,0.75
97,A_to_B,50,50,stable_core_p_ge_0.90,4.0,0.5,0.05263157894736842,0.05,0.203125,1.0
97,A_to_B,50,50,matched_size_bottom_for_p_ge_0.90,4.0,0.5,0.05263157894736842,0.05,0.40234375000000006,0.5
97,A_to_B,50,50,stable_core_p_ge_0.95,3.0,0.3333333333333333,0.02631578947368421,0.025,0.2621527777777778,1.0
97,A_to_B,50,50,matched_size_bottom_for_p_ge_0.95,3.0,0.3333333333333333,0.02631578947368421,0.025,0.5277777777777778,0.3333333333333333
97,B_to_A,50,50,fixed_bottom20,38.0,0.4473684210526316,0.4473684210526316,0.288135593220339,0.3351151315789474,0.6578947368421053
97,B_to_A,50,50,fixed_bottom10,19.0,0.47368421052631576,0.23684210526315788,0.1875,0.28618421052631576,0.6842105263157895
97,B_to_A,50,50,stable_core_p_ge_0.80,12.0,0.4166666666666667,0.13157894736842105,0.1111111111111111,0.42925347222222215,0.5
97,B_to_A,50,50,matched_size_bottom_for_p_ge_0.80,12.0,0.6666666666666666,0.21052631578947367,0.19047619047619047,0.23437500000000003,0.75
97,B_to_A,50,50,stable_core_p_ge_0.90,6.0,0.16666666666666666,0.02631578947368421,0.023255813953488372,0.5069444444444445,0.3333333333333333
97,B_to_A,50,50,matched_size_bottom_for_p_ge_0.90,6.0,0.5,0.07894736842105263,0.07317073170731707,0.3385416666666667,0.5
97,B_to_A,50,50,stable_core_p_ge_0.95,3.0,0.0,0.0,0.0,0.43923611111111116,0.3333333333333333
97,B_to_A,50,50,matched_size_bottom_for_p_ge_0.95,3.0,0.3333333333333333,0.02631578947368421,0.025,0.46875,0.3333333333333333
98,A_to_B,50,50,fixed_bottom20,38.0,0.42105263157894735,0.42105263157894735,0.26666666666666666,0.3438870614035087,0.631578947368421
98,A_to_B,50,50,fixed_bottom10,19.0,0.6842105263157895,0.34210526315789475,0.29545454545454547,0.24040570175438594,0.7894736842105263
98,A_to_B,50,50,stable_core_p_ge_0.80,12.0,0.75,0.23684210526315788,0.21951219512195122,0.21961805555555555,0.8333333333333334
98,A_to_B,50,50,matched_size_bottom_for_p_ge_0.80,12.0,0.6666666666666666,0.21052631578947367,0.19047619047619047,0.25043402777777773,0.75
98,A_to_B,50,50,stable_core_p_ge_0.90,7.0,0.7142857142857143,0.13157894736842105,0.125,0.18526785714285715,0.8571428571428571
98,A_to_B,50,50,matched_size_bottom_for_p_ge_0.90,7.0,0.7142857142857143,0.13157894736842105,0.125,0.22619047619047622,0.8571428571428571
98,A_to_B,50,50,stable_core_p_ge_0.95,5.0,0.6,0.07894736842105263,0.075,0.23854166666666665,0.8
98,A_to_B,50,50,matched_size_bottom_for_p_ge_0.95,5.0,0.8,0.10526315789473684,0.10256410256410256,0.10416666666666666,1.0
98,B_to_A,50,50,fixed_bottom20,38.0,0.42105263157894735,0.42105263157894735,0.26666666666666666,0.354577850877193,0.631578947368421
98,B_to_A,50,50,fixed_bottom10,19.0,0.5263157894736842,0.2631578947368421,0.2127659574468085,0.2683662280701754,0.7894736842105263
98,B_to_A,50,50,stable_core_p_ge_0.80,6.0,0.3333333333333333,0.05263157894736842,0.047619047619047616,0.3359375,0.6666666666666666
98,B_to_A,50,50,matched_size_bottom_for_p_ge_0.80,6.0,0.6666666666666666,0.10526315789473684,0.1,0.27343750000000006,0.6666666666666666
98,B_to_A,50,50,stable_core_p_ge_0.90,3.0,0.3333333333333333,0.02631578947368421,0.025,0.421875,0.6666666666666666
98,B_to_A,50,50,matched_size_bottom_for_p_ge_0.90,3.0,0.6666666666666666,0.05263157894736842,0.05128205128205128,0.3576388888888889,0.6666666666666666
98,B_to_A,50,50,stable_core_p_ge_0.95,0.0,,0.0,0.0,,
98,B_to_A,50,50,matched_size_bottom_for_p_ge_0.95,0.0,,0.0,0.0,,
99,A_to_B,50,50,fixed_bottom20,38.0,0.47368421052631576,0.47368421052631576,0.3103448275862069,0.3030427631578948,0.6578947368421053
99,A_to_B,50,50,fixed_bottom10,19.0,0.47368421052631576,0.23684210526315788,0.1875,0.28070175438596495,0.6842105263157895
99,A_to_B,50,50,stable_core_p_ge_0.80,9.0,0.5555555555555556,0.13157894736842105,0.11904761904761904,0.2459490740740741,0.7777777777777778
99,A_to_B,50,50,matched_size_bottom_for_p_ge_0.80,9.0,0.5555555555555556,0.13157894736842105,0.11904761904761904,0.22337962962962965,0.7777777777777778
99,A_to_B,50,50,stable_core_p_ge_0.90,4.0,0.75,0.07894736842105263,0.07692307692307693,0.10807291666666666,1.0
99,A_to_B,50,50,matched_size_bottom_for_p_ge_0.90,4.0,0.75,0.07894736842105263,0.07692307692307693,0.12239583333333333,1.0
99,A_to_B,50,50,stable_core_p_ge_0.95,2.0,0.5,0.02631578947368421,0.02564102564102564,0.18489583333333331,1.0
99,A_to_B,50,50,matched_size_bottom_for_p_ge_0.95,2.0,1.0,0.05263157894736842,0.05263157894736842,0.026041666666666668,1.0
99,B_to_A,50,50,fixed_bottom20,38.0,0.47368421052631576,0.47368421052631576,0.3103448275862069,0.30797697368421056,0.6578947368421053
99,B_to_A,50,50,fixed_bottom10,19.0,0.7894736842105263,0.39473684210526316,0.35714285714285715,0.20970394736842107,0.7894736842105263
99,B_to_A,50,50,stable_core_p_ge_0.80,11.0,0.8181818181818182,0.23684210526315788,0.225,0.2017045454545455,0.8181818181818182
99,B_to_A,50,50,matched_size_bottom_for_p_ge_0.80,11.0,0.8181818181818182,0.23684210526315788,0.225,0.181344696969697,0.8181818181818182
99,B_to_A,50,50,stable_core_p_ge_0.90,6.0,0.6666666666666666,0.10526315789473684,0.1,0.2907986111111111,0.6666666666666666
99,B_to_A,50,50,matched_size_bottom_for_p_ge_0.90,6.0,1.0,0.15789473684210525,0.15789473684210525,0.08506944444444446,1.0
99,B_to_A,50,50,stable_core_p_ge_0.95,1.0,0.0,0.0,0.0,0.3697916666666667,0.0
99,B_to_A,50,50,matched_size_bottom_for_p_ge_0.95,1.0,1.0,0.02631578947368421,0.02631578947368421,0.03125,1.0
