segment_id,episode_id,root_family_id,split,start_t,end_t,duration,boundary_confidence_start,boundary_confidence_end,unknown_fraction,observable_contact_history,observable_contact_loss_count,source_method
formal_u2_family_000_r00_s00,formal_u2_family_000_r00,u2_family_000,train,0,2,3,0.34833866357803345,0.683469831943512,0.3333333333333333,True,0,offline_teacher_to_causal_s623
formal_u2_family_000_r00_s01,formal_u2_family_000_r00,u2_family_000,train,3,6,4,0.5011462569236755,0.9326933026313782,0.75,True,0,offline_teacher_to_causal_s623
formal_u2_family_000_r00_s02,formal_u2_family_000_r00,u2_family_000,train,7,17,11,0.31626418232917786,0.5112131237983704,0.45454545454545453,True,0,offline_teacher_to_causal_s623
formal_u2_family_000_r00_s03,formal_u2_family_000_r00,u2_family_000,train,18,20,3,0.651918888092041,0.5001619458198547,1.0,True,0,offline_teacher_to_causal_s623
formal_u2_family_000_r00_s04,formal_u2_family_000_r00,u2_family_000,train,21,23,3,0.49152180552482605,0.9842820763587952,0.6666666666666666,True,0,offline_teacher_to_causal_s623
formal_u2_family_000_r00_s05,formal_u2_family_000_r00,u2_family_000,train,24,25,2,0.5804222226142883,0.5410318374633789,1.0,True,0,offline_teacher_to_causal_s623
formal_u2_family_000_r01_s00,formal_u2_family_000_r01,u2_family_000,train,0,2,3,0.3471805453300476,0.6786707639694214,0.3333333333333333,True,0,offline_teacher_to_causal_s623
formal_u2_family_000_r01_s01,formal_u2_family_000_r01,u2_family_000,train,3,6,4,0.5010697245597839,0.9315380454063416,0.75,True,0,offline_teacher_to_causal_s623
formal_u2_family_000_r01_s02,formal_u2_family_000_r01,u2_family_000,train,7,16,10,0.3116496801376343,0.5040726065635681,0.4,True,0,offline_teacher_to_causal_s623
formal_u2_family_000_r01_s03,formal_u2_family_000_r01,u2_family_000,train,17,19,3,0.4992752969264984,0.5078408718109131,1.0,True,0,offline_teacher_to_causal_s623
formal_u2_family_000_r01_s04,formal_u2_family_000_r01,u2_family_000,train,20,22,3,0.5076601505279541,0.5124806761741638,1.0,True,0,offline_teacher_to_causal_s623
formal_u2_family_000_r01_s05,formal_u2_family_000_r01,u2_family_000,train,23,25,3,0.9868423342704773,0.5810241103172302,0.6666666666666666,True,0,offline_teacher_to_causal_s623
formal_u2_family_000_r02_s00,formal_u2_family_000_r02,u2_family_000,train,0,2,3,0.3496854305267334,0.6766102910041809,0.3333333333333333,True,0,offline_teacher_to_causal_s623
formal_u2_family_000_r02_s01,formal_u2_family_000_r02,u2_family_000,train,3,5,3,0.4960764944553375,0.9357598423957825,0.6666666666666666,True,0,offline_teacher_to_causal_s623
formal_u2_family_000_r02_s02,formal_u2_family_000_r02,u2_family_000,train,6,16,11,0.3446814715862274,0.5044730305671692,0.36363636363636365,True,0,offline_teacher_to_causal_s623
formal_u2_family_000_r02_s03,formal_u2_family_000_r02,u2_family_000,train,17,19,3,0.5041847229003906,0.6496132612228394,1.0,True,0,offline_teacher_to_causal_s623
formal_u2_family_000_r02_s04,formal_u2_family_000_r02,u2_family_000,train,20,23,4,0.501458466053009,0.5007986426353455,1.0,True,0,offline_teacher_to_causal_s623
formal_u2_family_000_r02_s05,formal_u2_family_000_r02,u2_family_000,train,24,26,3,0.9857629537582397,0.561369001865387,0.6666666666666666,True,0,offline_teacher_to_causal_s623
formal_u2_family_000_r03_s00,formal_u2_family_000_r03,u2_family_000,train,0,2,3,0.351151704788208,0.681869626045227,0.3333333333333333,True,0,offline_teacher_to_causal_s623
formal_u2_family_000_r03_s01,formal_u2_family_000_r03,u2_family_000,train,3,6,4,0.4998704493045807,0.9338650107383728,0.75,True,0,offline_teacher_to_causal_s623
formal_u2_family_000_r03_s02,formal_u2_family_000_r03,u2_family_000,train,7,16,10,0.31483763456344604,0.5034640431404114,0.4,True,0,offline_teacher_to_causal_s623
formal_u2_family_000_r03_s03,formal_u2_family_000_r03,u2_family_000,train,17,19,3,0.4978923499584198,0.6495600342750549,1.0,True,0,offline_teacher_to_causal_s623
formal_u2_family_000_r03_s04,formal_u2_family_000_r03,u2_family_000,train,20,24,5,0.49710777401924133,0.9853211045265198,0.8,True,0,offline_teacher_to_causal_s623
formal_u2_family_000_r03_s05,formal_u2_family_000_r03,u2_family_000,train,25,26,2,0.5823337435722351,0.5455712080001831,1.0,True,0,offline_teacher_to_causal_s623
formal_u2_family_000_r04_s00,formal_u2_family_000_r04,u2_family_000,train,0,2,3,0.3482617735862732,0.6801605820655823,0.3333333333333333,True,0,offline_teacher_to_causal_s623
formal_u2_family_000_r04_s01,formal_u2_family_000_r04,u2_family_000,train,3,6,4,0.4967225193977356,0.932208240032196,0.75,True,0,offline_teacher_to_causal_s623
formal_u2_family_000_r04_s02,formal_u2_family_000_r04,u2_family_000,train,7,15,9,0.31474167108535767,0.5036782622337341,0.3333333333333333,True,0,offline_teacher_to_causal_s623
formal_u2_family_000_r04_s03,formal_u2_family_000_r04,u2_family_000,train,16,18,3,0.4977017045021057,0.5094414949417114,1.0,True,0,offline_teacher_to_causal_s623
formal_u2_family_000_r04_s04,formal_u2_family_000_r04,u2_family_000,train,19,25,7,0.6444101333618164,0.983016312122345,0.8571428571428571,True,0,offline_teacher_to_causal_s623
formal_u2_family_000_r04_s05,formal_u2_family_000_r04,u2_family_000,train,26,27,2,0.585496187210083,0.5680399537086487,1.0,True,0,offline_teacher_to_causal_s623
formal_u2_family_000_r05_s00,formal_u2_family_000_r05,u2_family_000,train,0,2,3,0.3469843566417694,0.6798622608184814,0.3333333333333333,True,0,offline_teacher_to_causal_s623
formal_u2_family_000_r05_s01,formal_u2_family_000_r05,u2_family_000,train,3,6,4,0.49678733944892883,0.93332839012146,0.75,True,0,offline_teacher_to_causal_s623
formal_u2_family_000_r05_s02,formal_u2_family_000_r05,u2_family_000,train,7,17,11,0.3062451481819153,0.6524222493171692,0.5454545454545454,True,0,offline_teacher_to_causal_s623
formal_u2_family_000_r05_s03,formal_u2_family_000_r05,u2_family_000,train,18,21,4,0.5063981413841248,0.5011760592460632,1.0,True,0,offline_teacher_to_causal_s623
formal_u2_family_000_r05_s04,formal_u2_family_000_r05,u2_family_000,train,22,24,3,0.9856738448143005,0.5332913994789124,0.6666666666666666,True,0,offline_teacher_to_causal_s623
formal_u2_family_001_r00_s00,formal_u2_family_001_r00,u2_family_001,train,0,2,3,0.35071641206741333,0.6803870797157288,0.3333333333333333,True,0,offline_teacher_to_causal_s623
formal_u2_family_001_r00_s01,formal_u2_family_001_r00,u2_family_001,train,3,6,4,0.4986759424209595,0.9331253170967102,0.75,True,0,offline_teacher_to_causal_s623
formal_u2_family_001_r00_s02,formal_u2_family_001_r00,u2_family_001,train,7,16,10,0.3079228401184082,0.5035127401351929,0.3,True,0,offline_teacher_to_causal_s623
formal_u2_family_001_r00_s03,formal_u2_family_001_r00,u2_family_001,train,17,19,3,0.501729428768158,0.6545555591583252,1.0,True,0,offline_teacher_to_causal_s623
formal_u2_family_001_r00_s04,formal_u2_family_001_r00,u2_family_001,train,20,25,6,0.4981411397457123,0.9815539121627808,0.8333333333333334,True,0,offline_teacher_to_causal_s623
formal_u2_family_001_r00_s05,formal_u2_family_001_r00,u2_family_001,train,26,27,2,0.5807340145111084,0.546973466873169,1.0,True,0,offline_teacher_to_causal_s623
formal_u2_family_001_r01_s00,formal_u2_family_001_r01,u2_family_001,train,0,2,3,0.3473840355873108,0.6841220855712891,0.3333333333333333,True,0,offline_teacher_to_causal_s623
formal_u2_family_001_r01_s01,formal_u2_family_001_r01,u2_family_001,train,3,6,4,0.5027720928192139,0.9320528507232666,0.75,True,0,offline_teacher_to_causal_s623
formal_u2_family_001_r01_s02,formal_u2_family_001_r01,u2_family_001,train,7,16,10,0.32135969400405884,0.5137839317321777,0.6,True,0,offline_teacher_to_causal_s623
formal_u2_family_001_r01_s03,formal_u2_family_001_r01,u2_family_001,train,17,23,7,0.6511343121528625,0.9823508262634277,0.8571428571428571,True,0,offline_teacher_to_causal_s623
formal_u2_family_001_r01_s04,formal_u2_family_001_r01,u2_family_001,train,24,25,2,0.5830584168434143,0.5285229086875916,1.0,True,0,offline_teacher_to_causal_s623
formal_u2_family_001_r02_s00,formal_u2_family_001_r02,u2_family_001,train,0,2,3,0.3512503206729889,0.679064929485321,0.3333333333333333,True,0,offline_teacher_to_causal_s623
formal_u2_family_001_r02_s01,formal_u2_family_001_r02,u2_family_001,train,3,5,3,0.494044691324234,0.9354868531227112,0.6666666666666666,True,0,offline_teacher_to_causal_s623
formal_u2_family_001_r02_s02,formal_u2_family_001_r02,u2_family_001,train,6,16,11,0.3422706723213196,0.508504331111908,0.5454545454545454,True,0,offline_teacher_to_causal_s623
formal_u2_family_001_r02_s03,formal_u2_family_001_r02,u2_family_001,train,17,19,3,0.6500493288040161,0.5064348578453064,1.0,True,0,offline_teacher_to_causal_s623
formal_u2_family_001_r02_s04,formal_u2_family_001_r02,u2_family_001,train,20,22,3,0.4928751587867737,0.5767536759376526,0.6666666666666666,True,0,offline_teacher_to_causal_s623
formal_u2_family_001_r02_s05,formal_u2_family_001_r02,u2_family_001,train,23,23,1,0.5677297711372375,0.5677297711372375,1.0,True,0,offline_teacher_to_causal_s623
formal_u2_family_001_r03_s00,formal_u2_family_001_r03,u2_family_001,train,0,2,3,0.34944647550582886,0.6843242049217224,0.3333333333333333,True,0,offline_teacher_to_causal_s623
formal_u2_family_001_r03_s01,formal_u2_family_001_r03,u2_family_001,train,3,5,3,0.5017242431640625,0.9659467339515686,0.3333333333333333,True,1,offline_teacher_to_causal_s623
formal_u2_family_001_r03_s02,formal_u2_family_001_r03,u2_family_001,train,6,8,3,0.9440268278121948,0.9246636629104614,0.3333333333333333,True,0,offline_teacher_to_causal_s623
formal_u2_family_001_r03_s03,formal_u2_family_001_r03,u2_family_001,train,9,19,11,0.40960127115249634,0.5117290019989014,0.6363636363636364,True,0,offline_teacher_to_causal_s623
formal_u2_family_001_r03_s04,formal_u2_family_001_r03,u2_family_001,train,20,22,3,0.6521159410476685,0.5121757388114929,1.0,True,0,offline_teacher_to_causal_s623
formal_u2_family_001_r03_s05,formal_u2_family_001_r03,u2_family_001,train,23,25,3,0.49889108538627625,0.5839695930480957,0.6666666666666666,True,0,offline_teacher_to_causal_s623
formal_u2_family_001_r03_s06,formal_u2_family_001_r03,u2_family_001,train,26,26,1,0.5286219120025635,0.5286219120025635,1.0,True,0,offline_teacher_to_causal_s623
formal_u2_family_001_r04_s00,formal_u2_family_001_r04,u2_family_001,train,0,2,3,0.34949588775634766,0.679445743560791,0.3333333333333333,True,0,offline_teacher_to_causal_s623
formal_u2_family_001_r04_s01,formal_u2_family_001_r04,u2_family_001,train,3,5,3,0.5025305151939392,0.966371476650238,0.3333333333333333,True,1,offline_teacher_to_causal_s623
formal_u2_family_001_r04_s02,formal_u2_family_001_r04,u2_family_001,train,6,9,4,0.944437563419342,0.9372938871383667,0.5,True,0,offline_teacher_to_causal_s623
formal_u2_family_001_r04_s03,formal_u2_family_001_r04,u2_family_001,train,10,19,10,0.34050241112709045,0.514968991279602,0.6,True,0,offline_teacher_to_causal_s623
formal_u2_family_001_r04_s04,formal_u2_family_001_r04,u2_family_001,train,20,22,3,0.6436792612075806,0.5042908191680908,1.0,True,0,offline_teacher_to_causal_s623
formal_u2_family_001_r04_s05,formal_u2_family_001_r04,u2_family_001,train,23,25,3,0.4944791793823242,0.9858173727989197,0.6666666666666666,True,0,offline_teacher_to_causal_s623
formal_u2_family_001_r04_s06,formal_u2_family_001_r04,u2_family_001,train,26,27,2,0.5859254002571106,0.6015122532844543,1.0,True,0,offline_teacher_to_causal_s623
formal_u2_family_001_r05_s00,formal_u2_family_001_r05,u2_family_001,train,0,2,3,0.35245245695114136,0.6786494255065918,0.3333333333333333,True,0,offline_teacher_to_causal_s623
formal_u2_family_001_r05_s01,formal_u2_family_001_r05,u2_family_001,train,3,7,5,0.4975394606590271,0.9271586537361145,0.8,True,0,offline_teacher_to_causal_s623
formal_u2_family_001_r05_s02,formal_u2_family_001_r05,u2_family_001,train,8,15,8,0.28828755021095276,0.6517580151557922,0.75,True,0,offline_teacher_to_causal_s623
formal_u2_family_001_r05_s03,formal_u2_family_001_r05,u2_family_001,train,16,18,3,0.5069343447685242,0.5065076947212219,1.0,True,0,offline_teacher_to_causal_s623
formal_u2_family_001_r05_s04,formal_u2_family_001_r05,u2_family_001,train,19,21,3,0.9870566129684448,0.5479715466499329,0.6666666666666666,True,0,offline_teacher_to_causal_s623
formal_u2_family_002_r00_s00,formal_u2_family_002_r00,u2_family_002,train,0,2,3,0.3487180471420288,0.6808484792709351,0.3333333333333333,True,0,offline_teacher_to_causal_s623
formal_u2_family_002_r00_s01,formal_u2_family_002_r00,u2_family_002,train,3,5,3,0.9263144135475159,0.9521272778511047,0.0,True,0,offline_teacher_to_causal_s623
formal_u2_family_002_r00_s02,formal_u2_family_002_r00,u2_family_002,train,6,8,3,0.7325876951217651,0.5018205642700195,1.0,True,0,offline_teacher_to_causal_s623
formal_u2_family_002_r00_s03,formal_u2_family_002_r00,u2_family_002,train,9,20,12,0.9301297664642334,0.644231915473938,0.5,True,0,offline_teacher_to_causal_s623
formal_u2_family_002_r00_s04,formal_u2_family_002_r00,u2_family_002,train,21,24,4,0.5016992092132568,0.5074326395988464,1.0,True,0,offline_teacher_to_causal_s623
formal_u2_family_002_r00_s05,formal_u2_family_002_r00,u2_family_002,train,25,27,3,0.9859132170677185,0.5799596905708313,0.6666666666666666,True,0,offline_teacher_to_causal_s623
formal_u2_family_002_r01_s00,formal_u2_family_002_r01,u2_family_002,train,0,2,3,0.3491651117801666,0.679703950881958,0.3333333333333333,True,0,offline_teacher_to_causal_s623
formal_u2_family_002_r01_s01,formal_u2_family_002_r01,u2_family_002,train,3,5,3,0.9257665872573853,0.9553675055503845,0.0,True,0,offline_teacher_to_causal_s623
formal_u2_family_002_r01_s02,formal_u2_family_002_r01,u2_family_002,train,6,8,3,0.7301559448242188,0.9402173757553101,0.6666666666666666,True,0,offline_teacher_to_causal_s623
formal_u2_family_002_r01_s03,formal_u2_family_002_r01,u2_family_002,train,9,18,10,0.3504635691642761,0.6377850770950317,0.7,True,0,offline_teacher_to_causal_s623
formal_u2_family_002_r01_s04,formal_u2_family_002_r01,u2_family_002,train,19,21,3,0.5004462003707886,0.5111387372016907,1.0,True,0,offline_teacher_to_causal_s623
formal_u2_family_002_r01_s05,formal_u2_family_002_r01,u2_family_002,train,22,24,3,0.9872089624404907,0.5534821152687073,0.6666666666666666,True,0,offline_teacher_to_causal_s623
formal_u2_family_002_r02_s00,formal_u2_family_002_r02,u2_family_002,train,0,2,3,0.3478643298149109,0.6816274523735046,0.3333333333333333,True,0,offline_teacher_to_causal_s623
formal_u2_family_002_r02_s01,formal_u2_family_002_r02,u2_family_002,train,3,5,3,0.9259552359580994,0.9564102292060852,0.0,True,0,offline_teacher_to_causal_s623
formal_u2_family_002_r02_s02,formal_u2_family_002_r02,u2_family_002,train,6,19,14,0.6754921078681946,0.5038706064224243,0.35714285714285715,True,0,offline_teacher_to_causal_s623
formal_u2_family_002_r02_s03,formal_u2_family_002_r02,u2_family_002,train,20,22,3,0.5011691451072693,0.6525007486343384,1.0,True,0,offline_teacher_to_causal_s623
formal_u2_family_002_r02_s04,formal_u2_family_002_r02,u2_family_002,train,23,27,5,0.49821266531944275,0.9849169850349426,0.8,True,0,offline_teacher_to_causal_s623
formal_u2_family_002_r02_s05,formal_u2_family_002_r02,u2_family_002,train,28,29,2,0.5835215449333191,0.5585883855819702,1.0,True,0,offline_teacher_to_causal_s623
formal_u2_family_002_r03_s00,formal_u2_family_002_r03,u2_family_002,train,0,2,3,0.3480537533760071,0.6814807653427124,0.3333333333333333,True,0,offline_teacher_to_causal_s623
formal_u2_family_002_r03_s01,formal_u2_family_002_r03,u2_family_002,train,3,5,3,0.9264717698097229,0.9514100551605225,0.0,True,0,offline_teacher_to_causal_s623
formal_u2_family_002_r03_s02,formal_u2_family_002_r03,u2_family_002,train,6,8,3,0.7316160202026367,0.5003034472465515,1.0,True,0,offline_teacher_to_causal_s623
formal_u2_family_002_r03_s03,formal_u2_family_002_r03,u2_family_002,train,9,19,11,0.9309179782867432,0.5001248121261597,0.36363636363636365,True,0,offline_teacher_to_causal_s623
formal_u2_family_002_r03_s04,formal_u2_family_002_r03,u2_family_002,train,20,22,3,0.493821918964386,0.6494861841201782,1.0,True,0,offline_teacher_to_causal_s623
formal_u2_family_002_r03_s05,formal_u2_family_002_r03,u2_family_002,train,23,27,5,0.495620459318161,0.9850651621818542,0.8,True,0,offline_teacher_to_causal_s623
formal_u2_family_002_r03_s06,formal_u2_family_002_r03,u2_family_002,train,28,29,2,0.5817631483078003,0.586712121963501,1.0,True,0,offline_teacher_to_causal_s623
formal_u2_family_002_r04_s00,formal_u2_family_002_r04,u2_family_002,train,0,2,3,0.3489625155925751,0.6811314821243286,0.3333333333333333,True,0,offline_teacher_to_causal_s623
formal_u2_family_002_r04_s01,formal_u2_family_002_r04,u2_family_002,train,3,5,3,0.9260444641113281,0.953385055065155,0.0,True,0,offline_teacher_to_causal_s623
formal_u2_family_002_r04_s02,formal_u2_family_002_r04,u2_family_002,train,6,8,3,0.7325637340545654,0.5005522966384888,1.0,True,0,offline_teacher_to_causal_s623
formal_u2_family_002_r04_s03,formal_u2_family_002_r04,u2_family_002,train,9,19,11,0.9298165440559387,0.6428070068359375,0.5454545454545454,True,0,offline_teacher_to_causal_s623
formal_u2_family_002_r04_s04,formal_u2_family_002_r04,u2_family_002,train,20,22,3,0.5016867518424988,0.5035604238510132,1.0,True,0,offline_teacher_to_causal_s623
formal_u2_family_002_r04_s05,formal_u2_family_002_r04,u2_family_002,train,23,25,3,0.508529007434845,0.5885884761810303,0.6666666666666666,True,0,offline_teacher_to_causal_s623
formal_u2_family_002_r04_s06,formal_u2_family_002_r04,u2_family_002,train,26,26,1,0.5431352257728577,0.5431352257728577,1.0,True,0,offline_teacher_to_causal_s623
formal_u2_family_002_r05_s00,formal_u2_family_002_r05,u2_family_002,train,0,2,3,0.3497747778892517,0.6811467409133911,0.3333333333333333,True,0,offline_teacher_to_causal_s623
formal_u2_family_002_r05_s01,formal_u2_family_002_r05,u2_family_002,train,3,5,3,0.9258847832679749,0.9479870796203613,0.0,True,0,offline_teacher_to_causal_s623
formal_u2_family_002_r05_s02,formal_u2_family_002_r05,u2_family_002,train,6,8,3,0.7007312774658203,0.9375333786010742,0.6666666666666666,True,0,offline_teacher_to_causal_s623
formal_u2_family_002_r05_s03,formal_u2_family_002_r05,u2_family_002,train,9,19,11,0.3465467095375061,0.5022992491722107,0.36363636363636365,True,0,offline_teacher_to_causal_s623
formal_u2_family_002_r05_s04,formal_u2_family_002_r05,u2_family_002,train,20,22,3,0.49927493929862976,0.6527859568595886,1.0,True,0,offline_teacher_to_causal_s623
formal_u2_family_002_r05_s05,formal_u2_family_002_r05,u2_family_002,train,23,27,5,0.49728304147720337,0.9847027659416199,0.8,True,0,offline_teacher_to_causal_s623
formal_u2_family_002_r05_s06,formal_u2_family_002_r05,u2_family_002,train,28,29,2,0.5797871947288513,0.5571463108062744,1.0,True,0,offline_teacher_to_causal_s623
formal_u2_family_003_r00_s00,formal_u2_family_003_r00,u2_family_003,train,0,2,3,0.35135331749916077,0.6802162528038025,0.3333333333333333,True,0,offline_teacher_to_causal_s623
formal_u2_family_003_r00_s01,formal_u2_family_003_r00,u2_family_003,train,3,5,3,0.497168630361557,0.9355747103691101,0.6666666666666666,True,0,offline_teacher_to_causal_s623
formal_u2_family_003_r00_s02,formal_u2_family_003_r00,u2_family_003,train,6,17,12,0.3496772050857544,0.5050176978111267,0.3333333333333333,True,0,offline_teacher_to_causal_s623
formal_u2_family_003_r00_s03,formal_u2_family_003_r00,u2_family_003,train,18,20,3,0.5013049244880676,0.6528186202049255,1.0,True,0,offline_teacher_to_causal_s623
formal_u2_family_003_r00_s04,formal_u2_family_003_r00,u2_family_003,train,21,26,6,0.5015825033187866,0.9848347902297974,0.8333333333333334,True,0,offline_teacher_to_causal_s623
formal_u2_family_003_r00_s05,formal_u2_family_003_r00,u2_family_003,train,27,28,2,0.5865988731384277,0.5206254124641418,1.0,True,0,offline_teacher_to_causal_s623
formal_u2_family_003_r01_s00,formal_u2_family_003_r01,u2_family_003,train,0,2,3,0.3489428758621216,0.6809860467910767,0.3333333333333333,True,0,offline_teacher_to_causal_s623
formal_u2_family_003_r01_s01,formal_u2_family_003_r01,u2_family_003,train,3,6,4,0.4996899962425232,0.9334002733230591,0.75,True,0,offline_teacher_to_causal_s623
formal_u2_family_003_r01_s02,formal_u2_family_003_r01,u2_family_003,train,7,16,10,0.3137287199497223,0.5041688680648804,0.4,True,0,offline_teacher_to_causal_s623
formal_u2_family_003_r01_s03,formal_u2_family_003_r01,u2_family_003,train,17,19,3,0.5000491142272949,0.5096147656440735,1.0,True,0,offline_teacher_to_causal_s623
formal_u2_family_003_r01_s04,formal_u2_family_003_r01,u2_family_003,train,20,25,6,0.6486199498176575,0.9843644499778748,0.8333333333333334,True,0,offline_teacher_to_causal_s623
formal_u2_family_003_r01_s05,formal_u2_family_003_r01,u2_family_003,train,26,27,2,0.5846324563026428,0.5876434445381165,1.0,True,0,offline_teacher_to_causal_s623
formal_u2_family_003_r02_s00,formal_u2_family_003_r02,u2_family_003,train,0,2,3,0.3476007580757141,0.6809821724891663,0.3333333333333333,True,0,offline_teacher_to_causal_s623
formal_u2_family_003_r02_s01,formal_u2_family_003_r02,u2_family_003,train,3,6,4,0.5002467036247253,0.9331292510032654,0.75,True,0,offline_teacher_to_causal_s623
formal_u2_family_003_r02_s02,formal_u2_family_003_r02,u2_family_003,train,7,17,11,0.3149365782737732,0.5106062293052673,0.5454545454545454,True,0,offline_teacher_to_causal_s623
formal_u2_family_003_r02_s03,formal_u2_family_003_r02,u2_family_003,train,18,20,3,0.6535788774490356,0.5013970732688904,1.0,True,0,offline_teacher_to_causal_s623
formal_u2_family_003_r02_s04,formal_u2_family_003_r02,u2_family_003,train,21,23,3,0.4923233091831207,0.984715461730957,0.6666666666666666,True,0,offline_teacher_to_causal_s623
formal_u2_family_003_r02_s05,formal_u2_family_003_r02,u2_family_003,train,24,25,2,0.5799210667610168,0.5153432488441467,1.0,True,0,offline_teacher_to_causal_s623
formal_u2_family_003_r03_s00,formal_u2_family_003_r03,u2_family_003,train,0,2,3,0.3490118682384491,0.6790420413017273,0.3333333333333333,True,0,offline_teacher_to_causal_s623
formal_u2_family_003_r03_s01,formal_u2_family_003_r03,u2_family_003,train,3,6,4,0.5000993609428406,0.9328673481941223,0.75,True,0,offline_teacher_to_causal_s623
formal_u2_family_003_r03_s02,formal_u2_family_003_r03,u2_family_003,train,7,17,11,0.3163824677467346,0.5031201839447021,0.36363636363636365,True,0,offline_teacher_to_causal_s623
formal_u2_family_003_r03_s03,formal_u2_family_003_r03,u2_family_003,train,18,20,3,0.4995977580547333,0.6524566411972046,1.0,True,0,offline_teacher_to_causal_s623
formal_u2_family_003_r03_s04,formal_u2_family_003_r03,u2_family_003,train,21,25,5,0.49860474467277527,0.9850279092788696,0.8,True,0,offline_teacher_to_causal_s623
formal_u2_family_003_r03_s05,formal_u2_family_003_r03,u2_family_003,train,26,27,2,0.5848143100738525,0.5581309199333191,1.0,True,0,offline_teacher_to_causal_s623
formal_u2_family_003_r04_s00,formal_u2_family_003_r04,u2_family_003,train,0,2,3,0.34924018383026123,0.6795650124549866,0.3333333333333333,True,0,offline_teacher_to_causal_s623
formal_u2_family_003_r04_s01,formal_u2_family_003_r04,u2_family_003,train,3,5,3,0.4970847964286804,0.9361236691474915,0.6666666666666666,True,0,offline_teacher_to_causal_s623
formal_u2_family_003_r04_s02,formal_u2_family_003_r04,u2_family_003,train,6,18,13,0.3440541625022888,0.5043336153030396,0.23076923076923078,True,0,offline_teacher_to_causal_s623
formal_u2_family_003_r04_s03,formal_u2_family_003_r04,u2_family_003,train,19,21,3,0.5001671314239502,0.6512621641159058,1.0,True,0,offline_teacher_to_causal_s623
formal_u2_family_003_r04_s04,formal_u2_family_003_r04,u2_family_003,train,22,26,5,0.4980897307395935,0.9853476881980896,0.8,True,0,offline_teacher_to_causal_s623
formal_u2_family_003_r04_s05,formal_u2_family_003_r04,u2_family_003,train,27,28,2,0.585176944732666,0.5656828880310059,1.0,True,0,offline_teacher_to_causal_s623
formal_u2_family_003_r05_s00,formal_u2_family_003_r05,u2_family_003,train,0,2,3,0.3491626977920532,0.6806777119636536,0.3333333333333333,True,0,offline_teacher_to_causal_s623
formal_u2_family_003_r05_s01,formal_u2_family_003_r05,u2_family_003,train,3,6,4,0.5004395246505737,0.933082103729248,0.75,True,0,offline_teacher_to_causal_s623
formal_u2_family_003_r05_s02,formal_u2_family_003_r05,u2_family_003,train,7,15,9,0.3141309320926666,0.5007222294807434,0.4444444444444444,True,0,offline_teacher_to_causal_s623
formal_u2_family_003_r05_s03,formal_u2_family_003_r05,u2_family_003,train,16,18,3,0.49401921033859253,0.6501509547233582,1.0,True,0,offline_teacher_to_causal_s623
formal_u2_family_003_r05_s04,formal_u2_family_003_r05,u2_family_003,train,19,22,4,0.4994039535522461,0.5002607107162476,1.0,True,0,offline_teacher_to_causal_s623
formal_u2_family_003_r05_s05,formal_u2_family_003_r05,u2_family_003,train,23,25,3,0.9860813617706299,0.5460968017578125,0.6666666666666666,True,0,offline_teacher_to_causal_s623
formal_u2_family_004_r00_s00,formal_u2_family_004_r00,u2_family_004,train,0,2,3,0.8876670598983765,0.507927417755127,0.6666666666666666,True,0,offline_teacher_to_causal_s623
formal_u2_family_004_r00_s01,formal_u2_family_004_r00,u2_family_004,train,3,5,3,0.4946661591529846,0.9300242066383362,0.6666666666666666,True,0,offline_teacher_to_causal_s623
formal_u2_family_004_r01_s00,formal_u2_family_004_r01,u2_family_004,train,0,2,3,0.3490604758262634,0.6784290671348572,0.3333333333333333,True,0,offline_teacher_to_causal_s623
formal_u2_family_004_r01_s01,formal_u2_family_004_r01,u2_family_004,train,3,5,3,0.4955901801586151,0.9306122064590454,0.6666666666666666,True,0,offline_teacher_to_causal_s623
formal_u2_family_004_r02_s00,formal_u2_family_004_r02,u2_family_004,train,0,2,3,0.35013332962989807,0.6757829785346985,0.3333333333333333,True,0,offline_teacher_to_causal_s623
formal_u2_family_004_r02_s01,formal_u2_family_004_r02,u2_family_004,train,3,5,3,0.4949183166027069,0.930404007434845,0.6666666666666666,True,0,offline_teacher_to_causal_s623
formal_u2_family_004_r03_s00,formal_u2_family_004_r03,u2_family_004,train,0,2,3,0.34701573848724365,0.6778584122657776,0.3333333333333333,True,0,offline_teacher_to_causal_s623
formal_u2_family_004_r03_s01,formal_u2_family_004_r03,u2_family_004,train,3,6,4,0.5017470121383667,0.9291832447052002,0.75,True,0,offline_teacher_to_causal_s623
formal_u2_family_004_r04_s00,formal_u2_family_004_r04,u2_family_004,train,0,2,3,0.3512584865093231,0.676435649394989,0.3333333333333333,True,0,offline_teacher_to_causal_s623
formal_u2_family_004_r04_s01,formal_u2_family_004_r04,u2_family_004,train,3,5,3,0.4964213967323303,0.9315306544303894,0.6666666666666666,True,0,offline_teacher_to_causal_s623
formal_u2_family_004_r05_s00,formal_u2_family_004_r05,u2_family_004,train,0,2,3,0.3535674810409546,0.6782844066619873,0.3333333333333333,True,0,offline_teacher_to_causal_s623
formal_u2_family_004_r05_s01,formal_u2_family_004_r05,u2_family_004,train,3,6,4,0.5045275688171387,0.5105592608451843,1.0,True,0,offline_teacher_to_causal_s623
formal_u2_family_004_r05_s02,formal_u2_family_004_r05,u2_family_004,train,7,7,1,0.9236694574356079,0.9236694574356079,0.0,True,0,offline_teacher_to_causal_s623
formal_u2_family_005_r00_s00,formal_u2_family_005_r00,u2_family_005,train,0,7,8,0.272911012172699,0.9649021029472351,0.0,True,0,offline_teacher_to_causal_s623
formal_u2_family_005_r00_s01,formal_u2_family_005_r00,u2_family_005,train,8,10,3,0.6214180588722229,0.535474956035614,1.0,True,0,offline_teacher_to_causal_s623
formal_u2_family_005_r00_s02,formal_u2_family_005_r00,u2_family_005,train,11,13,3,0.5054909586906433,0.5127933025360107,1.0,True,0,offline_teacher_to_causal_s623
formal_u2_family_005_r00_s03,formal_u2_family_005_r00,u2_family_005,train,14,24,11,0.9289546012878418,0.6547114253044128,0.5454545454545454,True,0,offline_teacher_to_causal_s623
formal_u2_family_005_r00_s04,formal_u2_family_005_r00,u2_family_005,train,25,27,3,0.5040072202682495,0.5015801191329956,1.0,True,0,offline_teacher_to_causal_s623
formal_u2_family_005_r00_s05,formal_u2_family_005_r00,u2_family_005,train,28,30,3,0.9870765805244446,0.54731684923172,0.6666666666666666,True,0,offline_teacher_to_causal_s623
formal_u2_family_005_r01_s00,formal_u2_family_005_r01,u2_family_005,train,0,7,8,0.27294209599494934,0.5125764012336731,0.0,False,0,offline_teacher_to_causal_s623
formal_u2_family_005_r01_s01,formal_u2_family_005_r01,u2_family_005,train,8,10,3,0.973948061466217,0.5048558712005615,0.6666666666666666,True,0,offline_teacher_to_causal_s623
formal_u2_family_005_r01_s02,formal_u2_family_005_r01,u2_family_005,train,11,23,13,0.49025189876556396,0.6534740924835205,0.5384615384615384,True,0,offline_teacher_to_causal_s623
formal_u2_family_005_r01_s03,formal_u2_family_005_r01,u2_family_005,train,24,26,3,0.5080274343490601,0.5055076479911804,1.0,True,0,offline_teacher_to_causal_s623
formal_u2_family_005_r01_s04,formal_u2_family_005_r01,u2_family_005,train,27,29,3,0.5078513026237488,0.5816454291343689,0.6666666666666666,True,0,offline_teacher_to_causal_s623
formal_u2_family_005_r01_s05,formal_u2_family_005_r01,u2_family_005,train,30,30,1,0.5538133978843689,0.5538133978843689,1.0,True,0,offline_teacher_to_causal_s623
formal_u2_family_005_r02_s00,formal_u2_family_005_r02,u2_family_005,train,0,8,9,0.27228790521621704,0.9738162755966187,0.0,True,0,offline_teacher_to_causal_s623
formal_u2_family_005_r02_s01,formal_u2_family_005_r02,u2_family_005,train,9,12,4,0.6271272897720337,0.9354004859924316,0.75,True,0,offline_teacher_to_causal_s623
formal_u2_family_005_r02_s02,formal_u2_family_005_r02,u2_family_005,train,13,22,10,0.34991875290870667,0.5027081966400146,0.4,True,0,offline_teacher_to_causal_s623
formal_u2_family_005_r02_s03,formal_u2_family_005_r02,u2_family_005,train,23,25,3,0.5004509687423706,0.6503487825393677,1.0,True,0,offline_teacher_to_causal_s623
formal_u2_family_005_r02_s04,formal_u2_family_005_r02,u2_family_005,train,26,29,4,0.5025265216827393,0.5040717720985413,1.0,True,0,offline_teacher_to_causal_s623
formal_u2_family_005_r02_s05,formal_u2_family_005_r02,u2_family_005,train,30,32,3,0.9848273992538452,0.5323188304901123,0.6666666666666666,True,0,offline_teacher_to_causal_s623
formal_u2_family_005_r03_s00,formal_u2_family_005_r03,u2_family_005,train,0,7,8,0.2727389931678772,0.5093919634819031,0.0,False,0,offline_teacher_to_causal_s623
formal_u2_family_005_r03_s01,formal_u2_family_005_r03,u2_family_005,train,8,10,3,0.9739300012588501,0.513930082321167,0.6666666666666666,True,0,offline_teacher_to_causal_s623
formal_u2_family_005_r03_s02,formal_u2_family_005_r03,u2_family_005,train,11,13,3,0.4953843057155609,0.932547390460968,0.6666666666666666,True,0,offline_teacher_to_causal_s623
formal_u2_family_005_r03_s03,formal_u2_family_005_r03,u2_family_005,train,14,23,10,0.31419140100479126,0.5027376413345337,0.4,True,0,offline_teacher_to_causal_s623
formal_u2_family_005_r03_s04,formal_u2_family_005_r03,u2_family_005,train,24,26,3,0.4974420368671417,0.6535860300064087,1.0,True,0,offline_teacher_to_causal_s623
formal_u2_family_005_r03_s05,formal_u2_family_005_r03,u2_family_005,train,27,32,6,0.5002461671829224,0.9854041934013367,0.8333333333333334,True,0,offline_teacher_to_causal_s623
formal_u2_family_005_r03_s06,formal_u2_family_005_r03,u2_family_005,train,33,34,2,0.5880223512649536,0.5812771320343018,1.0,True,0,offline_teacher_to_causal_s623
formal_u2_family_005_r04_s00,formal_u2_family_005_r04,u2_family_005,train,0,7,8,0.2730822265148163,0.9667433500289917,0.0,True,0,offline_teacher_to_causal_s623
formal_u2_family_005_r04_s01,formal_u2_family_005_r04,u2_family_005,train,8,12,5,0.6214533448219299,0.9338465332984924,0.8,True,0,offline_teacher_to_causal_s623
formal_u2_family_005_r04_s02,formal_u2_family_005_r04,u2_family_005,train,13,22,10,0.3223879933357239,0.6586987972259521,0.6,True,0,offline_teacher_to_causal_s623
formal_u2_family_005_r04_s03,formal_u2_family_005_r04,u2_family_005,train,23,26,4,0.5058233737945557,0.9871325492858887,0.75,True,0,offline_teacher_to_causal_s623
formal_u2_family_005_r04_s04,formal_u2_family_005_r04,u2_family_005,train,27,28,2,0.5847112536430359,0.5853530764579773,1.0,True,0,offline_teacher_to_causal_s623
formal_u2_family_005_r05_s00,formal_u2_family_005_r05,u2_family_005,train,0,7,8,0.27338385581970215,0.9673567414283752,0.0,True,0,offline_teacher_to_causal_s623
formal_u2_family_005_r05_s01,formal_u2_family_005_r05,u2_family_005,train,8,10,3,0.6316417455673218,0.5096179842948914,1.0,True,0,offline_teacher_to_causal_s623
formal_u2_family_005_r05_s02,formal_u2_family_005_r05,u2_family_005,train,11,21,11,0.4881872832775116,0.5233479142189026,0.6363636363636364,True,0,offline_teacher_to_causal_s623
formal_u2_family_005_r05_s03,formal_u2_family_005_r05,u2_family_005,train,22,29,8,0.5092701315879822,0.9834696650505066,0.875,True,0,offline_teacher_to_causal_s623
formal_u2_family_005_r05_s04,formal_u2_family_005_r05,u2_family_005,train,30,31,2,0.5824981331825256,0.5738268494606018,1.0,True,0,offline_teacher_to_causal_s623
formal_u2_family_006_r00_s00,formal_u2_family_006_r00,u2_family_006,train,0,2,3,0.3187859356403351,0.6705124974250793,0.3333333333333333,True,0,offline_teacher_to_causal_s623
formal_u2_family_006_r00_s01,formal_u2_family_006_r00,u2_family_006,train,3,9,7,0.7057511806488037,0.501914918422699,1.0,True,0,offline_teacher_to_causal_s623
formal_u2_family_006_r00_s02,formal_u2_family_006_r00,u2_family_006,train,10,20,11,0.4757348597049713,0.9893626570701599,0.9090909090909091,True,0,offline_teacher_to_causal_s623
formal_u2_family_006_r00_s03,formal_u2_family_006_r00,u2_family_006,train,21,22,2,0.5818570852279663,0.5351004600524902,1.0,True,0,offline_teacher_to_causal_s623
formal_u2_family_006_r01_s00,formal_u2_family_006_r01,u2_family_006,train,0,2,3,0.3190382122993469,0.6712335348129272,0.3333333333333333,True,0,offline_teacher_to_causal_s623
formal_u2_family_006_r01_s01,formal_u2_family_006_r01,u2_family_006,train,3,8,6,0.7069262266159058,0.5003648400306702,1.0,True,0,offline_teacher_to_causal_s623
formal_u2_family_006_r01_s02,formal_u2_family_006_r01,u2_family_006,train,9,20,12,0.5042341947555542,0.9897822141647339,0.9166666666666666,True,0,offline_teacher_to_causal_s623
formal_u2_family_006_r01_s03,formal_u2_family_006_r01,u2_family_006,train,21,22,2,0.5928978323936462,0.5808328986167908,1.0,True,0,offline_teacher_to_causal_s623
formal_u2_family_006_r02_s00,formal_u2_family_006_r02,u2_family_006,train,0,2,3,0.31712207198143005,0.6708937883377075,0.3333333333333333,True,0,offline_teacher_to_causal_s623
formal_u2_family_006_r02_s01,formal_u2_family_006_r02,u2_family_006,train,3,12,10,0.710361897945404,0.6533196568489075,1.0,True,0,offline_teacher_to_causal_s623
formal_u2_family_006_r02_s02,formal_u2_family_006_r02,u2_family_006,train,13,22,10,0.5123021006584167,0.9885438084602356,0.9,True,0,offline_teacher_to_causal_s623
formal_u2_family_006_r02_s03,formal_u2_family_006_r02,u2_family_006,train,23,24,2,0.5766488313674927,0.5605055689811707,1.0,True,0,offline_teacher_to_causal_s623
formal_u2_family_006_r03_s00,formal_u2_family_006_r03,u2_family_006,train,0,2,3,0.31776541471481323,0.6711001396179199,0.3333333333333333,True,0,offline_teacher_to_causal_s623
formal_u2_family_006_r03_s01,formal_u2_family_006_r03,u2_family_006,train,3,8,6,0.709979236125946,0.5025898814201355,1.0,True,0,offline_teacher_to_causal_s623
formal_u2_family_006_r03_s02,formal_u2_family_006_r03,u2_family_006,train,9,21,13,0.503573477268219,0.9894375801086426,0.9230769230769231,True,0,offline_teacher_to_causal_s623
formal_u2_family_006_r03_s03,formal_u2_family_006_r03,u2_family_006,train,22,23,2,0.5873680114746094,0.5926430821418762,1.0,True,0,offline_teacher_to_causal_s623
formal_u2_family_006_r04_s00,formal_u2_family_006_r04,u2_family_006,train,0,2,3,0.31791743636131287,0.6708975434303284,0.3333333333333333,True,0,offline_teacher_to_causal_s623
formal_u2_family_006_r04_s01,formal_u2_family_006_r04,u2_family_006,train,3,11,9,0.7126702070236206,0.6497224569320679,1.0,True,0,offline_teacher_to_causal_s623
formal_u2_family_006_r04_s02,formal_u2_family_006_r04,u2_family_006,train,12,14,3,0.5447806119918823,0.5936110615730286,1.0,True,0,offline_teacher_to_causal_s623
formal_u2_family_006_r04_s03,formal_u2_family_006_r04,u2_family_006,train,15,22,8,0.5692037343978882,0.9891248941421509,0.875,True,0,offline_teacher_to_causal_s623
formal_u2_family_006_r04_s04,formal_u2_family_006_r04,u2_family_006,train,23,24,2,0.5820612907409668,0.577707052230835,1.0,True,0,offline_teacher_to_causal_s623
formal_u2_family_006_r05_s00,formal_u2_family_006_r05,u2_family_006,train,0,2,3,0.3199366629123688,0.6712283492088318,0.3333333333333333,True,0,offline_teacher_to_causal_s623
formal_u2_family_006_r05_s01,formal_u2_family_006_r05,u2_family_006,train,3,8,6,0.7051428556442261,0.5003966689109802,1.0,True,0,offline_teacher_to_causal_s623
formal_u2_family_006_r05_s02,formal_u2_family_006_r05,u2_family_006,train,9,20,12,0.505501925945282,0.9897909760475159,0.9166666666666666,True,0,offline_teacher_to_causal_s623
formal_u2_family_006_r05_s03,formal_u2_family_006_r05,u2_family_006,train,21,22,2,0.5934385657310486,0.5933136940002441,1.0,True,0,offline_teacher_to_causal_s623
formal_u2_family_007_r00_s00,formal_u2_family_007_r00,u2_family_007,train,0,2,3,0.3208129107952118,0.6720067858695984,0.3333333333333333,True,0,offline_teacher_to_causal_s623
formal_u2_family_007_r00_s01,formal_u2_family_007_r00,u2_family_007,train,3,9,7,0.7117950916290283,0.6746479272842407,1.0,True,0,offline_teacher_to_causal_s623
formal_u2_family_007_r00_s02,formal_u2_family_007_r00,u2_family_007,train,10,12,3,0.5107790231704712,0.533309817314148,1.0,True,0,offline_teacher_to_causal_s623
formal_u2_family_007_r00_s03,formal_u2_family_007_r00,u2_family_007,train,13,15,3,0.48513874411582947,0.5619376301765442,1.0,True,0,offline_teacher_to_causal_s623
formal_u2_family_007_r00_s04,formal_u2_family_007_r00,u2_family_007,train,16,23,8,0.4880332350730896,0.9889813661575317,0.875,True,0,offline_teacher_to_causal_s623
formal_u2_family_007_r00_s05,formal_u2_family_007_r00,u2_family_007,train,24,25,2,0.5783146619796753,0.576767086982727,1.0,True,0,offline_teacher_to_causal_s623
formal_u2_family_007_r01_s00,formal_u2_family_007_r01,u2_family_007,train,0,2,3,0.3191482722759247,0.6708152890205383,0.3333333333333333,True,0,offline_teacher_to_causal_s623
formal_u2_family_007_r01_s01,formal_u2_family_007_r01,u2_family_007,train,3,5,3,0.7088368535041809,0.9597035050392151,0.3333333333333333,True,1,offline_teacher_to_causal_s623
formal_u2_family_007_r01_s02,formal_u2_family_007_r01,u2_family_007,train,6,8,3,0.9495587348937988,0.500886082649231,0.6666666666666666,True,0,offline_teacher_to_causal_s623
formal_u2_family_007_r01_s03,formal_u2_family_007_r01,u2_family_007,train,9,13,5,0.49746713042259216,0.5191252827644348,1.0,True,0,offline_teacher_to_causal_s623
formal_u2_family_007_r01_s04,formal_u2_family_007_r01,u2_family_007,train,14,23,10,0.4797760546207428,0.9895626902580261,0.9,True,0,offline_teacher_to_causal_s623
formal_u2_family_007_r01_s05,formal_u2_family_007_r01,u2_family_007,train,24,25,2,0.5952579379081726,0.589060366153717,1.0,True,0,offline_teacher_to_causal_s623
formal_u2_family_007_r02_s00,formal_u2_family_007_r02,u2_family_007,train,0,2,3,0.3173092007637024,0.6737759709358215,0.3333333333333333,True,0,offline_teacher_to_causal_s623
formal_u2_family_007_r02_s01,formal_u2_family_007_r02,u2_family_007,train,3,7,5,0.7135211229324341,0.5006998181343079,1.0,True,0,offline_teacher_to_causal_s623
formal_u2_family_007_r02_s02,formal_u2_family_007_r02,u2_family_007,train,8,10,3,0.48694559931755066,0.6523778438568115,1.0,True,0,offline_teacher_to_causal_s623
formal_u2_family_007_r02_s03,formal_u2_family_007_r02,u2_family_007,train,11,13,3,0.5096031427383423,0.5350095629692078,1.0,True,0,offline_teacher_to_causal_s623
formal_u2_family_007_r02_s04,formal_u2_family_007_r02,u2_family_007,train,14,22,9,0.48377999663352966,0.9895268678665161,0.8888888888888888,True,0,offline_teacher_to_causal_s623
formal_u2_family_007_r02_s05,formal_u2_family_007_r02,u2_family_007,train,23,24,2,0.591647207736969,0.5340608358383179,1.0,True,0,offline_teacher_to_causal_s623
formal_u2_family_007_r03_s00,formal_u2_family_007_r03,u2_family_007,train,0,2,3,0.3180288076400757,0.6720115542411804,0.3333333333333333,True,0,offline_teacher_to_causal_s623
formal_u2_family_007_r03_s01,formal_u2_family_007_r03,u2_family_007,train,3,5,3,0.7126436233520508,0.9597300887107849,0.3333333333333333,True,1,offline_teacher_to_causal_s623
formal_u2_family_007_r03_s02,formal_u2_family_007_r03,u2_family_007,train,6,8,3,0.9397758841514587,0.5023258924484253,0.6666666666666666,True,0,offline_teacher_to_causal_s623
formal_u2_family_007_r03_s03,formal_u2_family_007_r03,u2_family_007,train,9,14,6,0.49207690358161926,0.6441939473152161,1.0,True,0,offline_teacher_to_causal_s623
formal_u2_family_007_r03_s04,formal_u2_family_007_r03,u2_family_007,train,15,25,11,0.5057867169380188,0.9894011616706848,0.9090909090909091,True,0,offline_teacher_to_causal_s623
formal_u2_family_007_r03_s05,formal_u2_family_007_r03,u2_family_007,train,26,27,2,0.591261625289917,0.5608761310577393,1.0,True,0,offline_teacher_to_causal_s623
formal_u2_family_007_r04_s00,formal_u2_family_007_r04,u2_family_007,train,0,2,3,0.8779947757720947,0.7085931897163391,0.6666666666666666,True,0,offline_teacher_to_causal_s623
formal_u2_family_007_r04_s01,formal_u2_family_007_r04,u2_family_007,train,3,5,3,0.5249101519584656,0.9589405059814453,0.3333333333333333,True,1,offline_teacher_to_causal_s623
formal_u2_family_007_r04_s02,formal_u2_family_007_r04,u2_family_007,train,6,13,8,0.9505648016929626,0.668829083442688,0.875,True,0,offline_teacher_to_causal_s623
formal_u2_family_007_r04_s03,formal_u2_family_007_r04,u2_family_007,train,14,22,9,0.5170866250991821,0.9879262447357178,0.8888888888888888,True,0,offline_teacher_to_causal_s623
formal_u2_family_007_r04_s04,formal_u2_family_007_r04,u2_family_007,train,23,24,2,0.5631528496742249,0.5490709543228149,1.0,True,0,offline_teacher_to_causal_s623
formal_u2_family_007_r05_s00,formal_u2_family_007_r05,u2_family_007,train,0,2,3,0.31869131326675415,0.6719520688056946,0.3333333333333333,True,0,offline_teacher_to_causal_s623
formal_u2_family_007_r05_s01,formal_u2_family_007_r05,u2_family_007,train,3,5,3,0.7097045183181763,0.9594628810882568,0.3333333333333333,True,1,offline_teacher_to_causal_s623
formal_u2_family_007_r05_s02,formal_u2_family_007_r05,u2_family_007,train,6,8,3,0.7158880233764648,0.6180593967437744,0.3333333333333333,False,0,offline_teacher_to_causal_s623
formal_u2_family_007_r05_s03,formal_u2_family_007_r05,u2_family_007,train,9,11,3,0.637948751449585,0.5821326971054077,1.0,False,0,offline_teacher_to_causal_s623
formal_u2_family_007_r05_s04,formal_u2_family_007_r05,u2_family_007,train,12,14,3,0.5681182146072388,0.50682532787323,1.0,False,0,offline_teacher_to_causal_s623
formal_u2_family_007_r05_s05,formal_u2_family_007_r05,u2_family_007,train,15,17,3,0.5720081925392151,0.5328225493431091,1.0,False,0,offline_teacher_to_causal_s623
formal_u2_family_007_r05_s06,formal_u2_family_007_r05,u2_family_007,train,18,20,3,0.5771328806877136,0.6035709977149963,1.0,False,0,offline_teacher_to_causal_s623
formal_u2_family_007_r05_s07,formal_u2_family_007_r05,u2_family_007,train,21,23,3,0.6446142792701721,0.5664828419685364,1.0,False,0,offline_teacher_to_causal_s623
formal_u2_family_007_r05_s08,formal_u2_family_007_r05,u2_family_007,train,24,26,3,0.6046410202980042,0.5958347320556641,1.0,False,0,offline_teacher_to_causal_s623
formal_u2_family_007_r05_s09,formal_u2_family_007_r05,u2_family_007,train,27,29,3,0.5426531434059143,0.6209948062896729,1.0,False,0,offline_teacher_to_causal_s623
formal_u2_family_007_r05_s10,formal_u2_family_007_r05,u2_family_007,train,30,32,3,0.5997535586357117,0.5868412256240845,1.0,False,0,offline_teacher_to_causal_s623
formal_u2_family_007_r05_s11,formal_u2_family_007_r05,u2_family_007,train,33,36,4,0.5781324505805969,0.5548715591430664,1.0,False,0,offline_teacher_to_causal_s623
formal_u2_family_007_r05_s12,formal_u2_family_007_r05,u2_family_007,train,37,39,3,0.5131637454032898,0.5111625790596008,1.0,False,0,offline_teacher_to_causal_s623
formal_u2_family_007_r05_s13,formal_u2_family_007_r05,u2_family_007,train,40,42,3,0.5686069130897522,0.5211076140403748,1.0,False,0,offline_teacher_to_causal_s623
formal_u2_family_007_r05_s14,formal_u2_family_007_r05,u2_family_007,train,43,45,3,0.47106337547302246,0.5374881625175476,1.0,False,0,offline_teacher_to_causal_s623
formal_u2_family_007_r05_s15,formal_u2_family_007_r05,u2_family_007,train,46,47,2,0.4864567518234253,0.45745715498924255,1.0,False,0,offline_teacher_to_causal_s623
formal_u2_family_008_r00_s00,formal_u2_family_008_r00,u2_family_008,train,0,2,3,0.31880348920822144,0.6716848611831665,0.3333333333333333,True,0,offline_teacher_to_causal_s623
formal_u2_family_008_r00_s01,formal_u2_family_008_r00,u2_family_008,train,3,5,3,0.7061913013458252,0.9094045758247375,0.6666666666666666,True,1,offline_teacher_to_causal_s623
formal_u2_family_008_r00_s02,formal_u2_family_008_r00,u2_family_008,train,6,8,3,0.9516491293907166,0.6487864851951599,0.3333333333333333,True,0,offline_teacher_to_causal_s623
formal_u2_family_008_r00_s03,formal_u2_family_008_r00,u2_family_008,train,9,16,8,0.4844360053539276,0.6560696959495544,1.0,True,0,offline_teacher_to_causal_s623
formal_u2_family_008_r00_s04,formal_u2_family_008_r00,u2_family_008,train,17,23,7,0.5535068511962891,0.9887763857841492,0.8571428571428571,True,0,offline_teacher_to_causal_s623
formal_u2_family_008_r00_s05,formal_u2_family_008_r00,u2_family_008,train,24,25,2,0.575614333152771,0.5690311193466187,1.0,True,0,offline_teacher_to_causal_s623
formal_u2_family_008_r01_s00,formal_u2_family_008_r01,u2_family_008,train,0,2,3,0.31868427991867065,0.672012209892273,0.3333333333333333,True,0,offline_teacher_to_causal_s623
formal_u2_family_008_r01_s01,formal_u2_family_008_r01,u2_family_008,train,3,5,3,0.7109213471412659,0.9096224904060364,0.6666666666666666,True,1,offline_teacher_to_causal_s623
formal_u2_family_008_r01_s02,formal_u2_family_008_r01,u2_family_008,train,6,8,3,0.9538384079933167,0.6468809247016907,0.3333333333333333,True,0,offline_teacher_to_causal_s623
formal_u2_family_008_r01_s03,formal_u2_family_008_r01,u2_family_008,train,9,23,15,0.4875672459602356,0.9893411993980408,0.9333333333333333,True,0,offline_teacher_to_causal_s623
formal_u2_family_008_r01_s04,formal_u2_family_008_r01,u2_family_008,train,24,25,2,0.5862655639648438,0.5787734389305115,1.0,True,0,offline_teacher_to_causal_s623
formal_u2_family_008_r02_s00,formal_u2_family_008_r02,u2_family_008,train,0,2,3,0.31856635212898254,0.6714483499526978,0.3333333333333333,True,0,offline_teacher_to_causal_s623
formal_u2_family_008_r02_s01,formal_u2_family_008_r02,u2_family_008,train,3,5,3,0.7088738679885864,0.9099776744842529,0.6666666666666666,True,1,offline_teacher_to_causal_s623
formal_u2_family_008_r02_s02,formal_u2_family_008_r02,u2_family_008,train,6,8,3,0.9529565572738647,0.6481329202651978,0.3333333333333333,True,0,offline_teacher_to_causal_s623
formal_u2_family_008_r02_s03,formal_u2_family_008_r02,u2_family_008,train,9,16,8,0.4867798388004303,0.6545963287353516,1.0,True,0,offline_teacher_to_causal_s623
formal_u2_family_008_r02_s04,formal_u2_family_008_r02,u2_family_008,train,17,25,9,0.5129188895225525,0.9882434010505676,0.8888888888888888,True,0,offline_teacher_to_causal_s623
formal_u2_family_008_r02_s05,formal_u2_family_008_r02,u2_family_008,train,26,27,2,0.5715190768241882,0.5622208118438721,1.0,True,0,offline_teacher_to_causal_s623
formal_u2_family_008_r03_s00,formal_u2_family_008_r03,u2_family_008,train,0,2,3,0.3198844790458679,0.672346830368042,0.3333333333333333,True,0,offline_teacher_to_causal_s623
formal_u2_family_008_r03_s01,formal_u2_family_008_r03,u2_family_008,train,3,5,3,0.7082833051681519,0.9096575379371643,0.6666666666666666,True,1,offline_teacher_to_causal_s623
formal_u2_family_008_r03_s02,formal_u2_family_008_r03,u2_family_008,train,6,8,3,0.9536123871803284,0.6474461555480957,0.3333333333333333,True,0,offline_teacher_to_causal_s623
formal_u2_family_008_r03_s03,formal_u2_family_008_r03,u2_family_008,train,9,16,8,0.48605042695999146,0.6523064374923706,1.0,True,0,offline_teacher_to_causal_s623
formal_u2_family_008_r03_s04,formal_u2_family_008_r03,u2_family_008,train,17,23,7,0.5547119975090027,0.9893702268600464,0.8571428571428571,True,0,offline_teacher_to_causal_s623
formal_u2_family_008_r03_s05,formal_u2_family_008_r03,u2_family_008,train,24,25,2,0.5857042074203491,0.5680873394012451,1.0,True,0,offline_teacher_to_causal_s623
formal_u2_family_008_r04_s00,formal_u2_family_008_r04,u2_family_008,train,0,2,3,0.3195398151874542,0.6714310646057129,0.3333333333333333,True,0,offline_teacher_to_causal_s623
formal_u2_family_008_r04_s01,formal_u2_family_008_r04,u2_family_008,train,3,5,3,0.7091138362884521,0.910044252872467,0.6666666666666666,True,1,offline_teacher_to_causal_s623
formal_u2_family_008_r04_s02,formal_u2_family_008_r04,u2_family_008,train,6,8,3,0.9530853033065796,0.6478789448738098,0.3333333333333333,True,0,offline_teacher_to_causal_s623
formal_u2_family_008_r04_s03,formal_u2_family_008_r04,u2_family_008,train,9,16,8,0.48725321888923645,0.6546750664710999,1.0,True,0,offline_teacher_to_causal_s623
formal_u2_family_008_r04_s04,formal_u2_family_008_r04,u2_family_008,train,17,25,9,0.5479777455329895,0.988671064376831,0.8888888888888888,True,0,offline_teacher_to_causal_s623
formal_u2_family_008_r04_s05,formal_u2_family_008_r04,u2_family_008,train,26,27,2,0.5754510164260864,0.5493009090423584,1.0,True,0,offline_teacher_to_causal_s623
formal_u2_family_008_r05_s00,formal_u2_family_008_r05,u2_family_008,train,0,2,3,0.3187001049518585,0.6719050407409668,0.3333333333333333,True,0,offline_teacher_to_causal_s623
formal_u2_family_008_r05_s01,formal_u2_family_008_r05,u2_family_008,train,3,5,3,0.7071726322174072,0.9098057150840759,0.6666666666666666,True,1,offline_teacher_to_causal_s623
formal_u2_family_008_r05_s02,formal_u2_family_008_r05,u2_family_008,train,6,8,3,0.9527350068092346,0.6479904651641846,0.3333333333333333,True,0,offline_teacher_to_causal_s623
formal_u2_family_008_r05_s03,formal_u2_family_008_r05,u2_family_008,train,9,22,14,0.48545363545417786,0.989281415939331,0.9285714285714286,True,0,offline_teacher_to_causal_s623
formal_u2_family_008_r05_s04,formal_u2_family_008_r05,u2_family_008,train,23,24,2,0.5823584794998169,0.575788676738739,1.0,True,0,offline_teacher_to_causal_s623
formal_u2_family_009_r00_s00,formal_u2_family_009_r00,u2_family_009,train,0,2,3,0.3188748061656952,0.6718490123748779,0.3333333333333333,True,0,offline_teacher_to_causal_s623
formal_u2_family_009_r00_s01,formal_u2_family_009_r00,u2_family_009,train,3,12,10,0.70755934715271,0.6477814316749573,1.0,True,0,offline_teacher_to_causal_s623
formal_u2_family_009_r00_s02,formal_u2_family_009_r00,u2_family_009,train,13,21,9,0.5559646487236023,0.9889506697654724,0.8888888888888888,True,0,offline_teacher_to_causal_s623
formal_u2_family_009_r00_s03,formal_u2_family_009_r00,u2_family_009,train,22,23,2,0.5772679448127747,0.5352233648300171,1.0,True,0,offline_teacher_to_causal_s623
formal_u2_family_009_r01_s00,formal_u2_family_009_r01,u2_family_009,train,0,2,3,0.3188459277153015,0.6726582050323486,0.3333333333333333,True,0,offline_teacher_to_causal_s623
formal_u2_family_009_r01_s01,formal_u2_family_009_r01,u2_family_009,train,3,8,6,0.7093764543533325,0.5008416175842285,1.0,True,0,offline_teacher_to_causal_s623
formal_u2_family_009_r01_s02,formal_u2_family_009_r01,u2_family_009,train,9,19,11,0.5016160011291504,0.9899731874465942,0.9090909090909091,True,0,offline_teacher_to_causal_s623
formal_u2_family_009_r01_s03,formal_u2_family_009_r01,u2_family_009,train,20,21,2,0.6005184650421143,0.5910030603408813,1.0,True,0,offline_teacher_to_causal_s623
formal_u2_family_009_r02_s00,formal_u2_family_009_r02,u2_family_009,train,0,2,3,0.3189127445220947,0.6715962290763855,0.3333333333333333,True,0,offline_teacher_to_causal_s623
formal_u2_family_009_r02_s01,formal_u2_family_009_r02,u2_family_009,train,3,8,6,0.7083752751350403,0.5033326148986816,1.0,True,0,offline_teacher_to_causal_s623
formal_u2_family_009_r02_s02,formal_u2_family_009_r02,u2_family_009,train,9,13,5,0.5055277347564697,0.6302940845489502,1.0,True,0,offline_teacher_to_causal_s623
formal_u2_family_009_r02_s03,formal_u2_family_009_r02,u2_family_009,train,14,22,9,0.5143977403640747,0.9891220927238464,0.8888888888888888,True,0,offline_teacher_to_causal_s623
formal_u2_family_009_r02_s04,formal_u2_family_009_r02,u2_family_009,train,23,24,2,0.5806035995483398,0.5588253140449524,1.0,True,0,offline_teacher_to_causal_s623
formal_u2_family_009_r03_s00,formal_u2_family_009_r03,u2_family_009,train,0,2,3,0.3196224570274353,0.6724433302879333,0.3333333333333333,True,0,offline_teacher_to_causal_s623
formal_u2_family_009_r03_s01,formal_u2_family_009_r03,u2_family_009,train,3,11,9,0.7097194790840149,0.644631564617157,1.0,True,0,offline_teacher_to_causal_s623
formal_u2_family_009_r03_s02,formal_u2_family_009_r03,u2_family_009,train,12,14,3,0.5458196997642517,0.5860299468040466,1.0,True,0,offline_teacher_to_causal_s623
formal_u2_family_009_r03_s03,formal_u2_family_009_r03,u2_family_009,train,15,21,7,0.5743729472160339,0.9891325831413269,0.8571428571428571,True,0,offline_teacher_to_causal_s623
formal_u2_family_009_r03_s04,formal_u2_family_009_r03,u2_family_009,train,22,23,2,0.5813015699386597,0.5750965476036072,1.0,True,0,offline_teacher_to_causal_s623
formal_u2_family_009_r04_s00,formal_u2_family_009_r04,u2_family_009,train,0,2,3,0.31838324666023254,0.6722803711891174,0.3333333333333333,True,0,offline_teacher_to_causal_s623
formal_u2_family_009_r04_s01,formal_u2_family_009_r04,u2_family_009,train,3,13,11,0.7118752002716064,0.6543225646018982,1.0,True,0,offline_teacher_to_causal_s623
formal_u2_family_009_r04_s02,formal_u2_family_009_r04,u2_family_009,train,14,22,9,0.5145440697669983,0.9883620142936707,0.8888888888888888,True,0,offline_teacher_to_causal_s623
formal_u2_family_009_r04_s03,formal_u2_family_009_r04,u2_family_009,train,23,24,2,0.570875883102417,0.5608488917350769,1.0,True,0,offline_teacher_to_causal_s623
formal_u2_family_009_r05_s00,formal_u2_family_009_r05,u2_family_009,train,0,2,3,0.3184526264667511,0.6726973652839661,0.3333333333333333,True,0,offline_teacher_to_causal_s623
formal_u2_family_009_r05_s01,formal_u2_family_009_r05,u2_family_009,train,3,11,9,0.710131824016571,0.6516462564468384,1.0,True,0,offline_teacher_to_causal_s623
formal_u2_family_009_r05_s02,formal_u2_family_009_r05,u2_family_009,train,12,22,11,0.5105382204055786,0.9889770150184631,0.9090909090909091,True,0,offline_teacher_to_causal_s623
formal_u2_family_009_r05_s03,formal_u2_family_009_r05,u2_family_009,train,23,24,2,0.5774761438369751,0.5633729696273804,1.0,True,0,offline_teacher_to_causal_s623
formal_u2_family_010_r00_s00,formal_u2_family_010_r00,u2_family_010,train,0,2,3,0.31909021735191345,0.6860946416854858,0.3333333333333333,True,0,offline_teacher_to_causal_s623
formal_u2_family_010_r00_s01,formal_u2_family_010_r00,u2_family_010,train,3,5,3,0.5158807635307312,0.5011139512062073,1.0,True,0,offline_teacher_to_causal_s623
formal_u2_family_010_r00_s02,formal_u2_family_010_r00,u2_family_010,train,6,7,2,0.5153805613517761,0.9267969727516174,0.5,True,0,offline_teacher_to_causal_s623
formal_u2_family_010_r01_s00,formal_u2_family_010_r01,u2_family_010,train,0,2,3,0.3195658326148987,0.6843615770339966,0.3333333333333333,True,0,offline_teacher_to_causal_s623
formal_u2_family_010_r01_s01,formal_u2_family_010_r01,u2_family_010,train,3,5,3,0.5164455771446228,0.5058480501174927,1.0,True,0,offline_teacher_to_causal_s623
formal_u2_family_010_r01_s02,formal_u2_family_010_r01,u2_family_010,train,6,8,3,0.5185628533363342,0.9207070469856262,0.6666666666666666,True,0,offline_teacher_to_causal_s623
formal_u2_family_010_r02_s00,formal_u2_family_010_r02,u2_family_010,train,0,2,3,0.3176669180393219,0.6855521202087402,0.3333333333333333,True,0,offline_teacher_to_causal_s623
formal_u2_family_010_r02_s01,formal_u2_family_010_r02,u2_family_010,train,3,5,3,0.5158448219299316,0.5019935369491577,1.0,True,0,offline_teacher_to_causal_s623
formal_u2_family_010_r02_s02,formal_u2_family_010_r02,u2_family_010,train,6,7,2,0.5177589058876038,0.9275646209716797,0.5,True,0,offline_teacher_to_causal_s623
formal_u2_family_010_r03_s00,formal_u2_family_010_r03,u2_family_010,train,0,2,3,0.31920889019966125,0.6835865378379822,0.3333333333333333,True,0,offline_teacher_to_causal_s623
formal_u2_family_010_r03_s01,formal_u2_family_010_r03,u2_family_010,train,3,5,3,0.5146890878677368,0.5053020119667053,1.0,True,0,offline_teacher_to_causal_s623
formal_u2_family_010_r03_s02,formal_u2_family_010_r03,u2_family_010,train,6,7,2,0.5176888704299927,0.9262911081314087,0.5,True,0,offline_teacher_to_causal_s623
formal_u2_family_010_r04_s00,formal_u2_family_010_r04,u2_family_010,train,0,2,3,0.31927868723869324,0.6844041347503662,0.3333333333333333,True,0,offline_teacher_to_causal_s623
formal_u2_family_010_r04_s01,formal_u2_family_010_r04,u2_family_010,train,3,5,3,0.5104237794876099,0.5026943683624268,1.0,True,0,offline_teacher_to_causal_s623
formal_u2_family_010_r04_s02,formal_u2_family_010_r04,u2_family_010,train,6,7,2,0.5157124400138855,0.9268128275871277,0.5,True,0,offline_teacher_to_causal_s623
formal_u2_family_010_r05_s00,formal_u2_family_010_r05,u2_family_010,train,0,2,3,0.31847748160362244,0.6836481690406799,0.3333333333333333,True,0,offline_teacher_to_causal_s623
formal_u2_family_010_r05_s01,formal_u2_family_010_r05,u2_family_010,train,3,5,3,0.5145936608314514,0.5039853453636169,1.0,True,0,offline_teacher_to_causal_s623
formal_u2_family_010_r05_s02,formal_u2_family_010_r05,u2_family_010,train,6,7,2,0.5161004662513733,0.9263145327568054,0.5,True,0,offline_teacher_to_causal_s623
formal_u2_family_011_r00_s00,formal_u2_family_011_r00,u2_family_011,train,0,10,11,0.2529662549495697,0.9665452837944031,0.0,True,0,offline_teacher_to_causal_s623
formal_u2_family_011_r00_s01,formal_u2_family_011_r00,u2_family_011,train,11,13,3,0.619045078754425,0.5380397439002991,1.0,True,0,offline_teacher_to_causal_s623
formal_u2_family_011_r00_s02,formal_u2_family_011_r00,u2_family_011,train,14,16,3,0.7173318862915039,0.5120084881782532,1.0,True,0,offline_teacher_to_causal_s623
formal_u2_family_011_r00_s03,formal_u2_family_011_r00,u2_family_011,train,17,19,3,0.5082842707633972,0.5188522934913635,1.0,True,0,offline_teacher_to_causal_s623
formal_u2_family_011_r00_s04,formal_u2_family_011_r00,u2_family_011,train,20,29,10,0.48754480481147766,0.9897212386131287,0.9,True,0,offline_teacher_to_causal_s623
formal_u2_family_011_r00_s05,formal_u2_family_011_r00,u2_family_011,train,30,31,2,0.6011640429496765,0.5592145919799805,1.0,True,0,offline_teacher_to_causal_s623
formal_u2_family_011_r01_s00,formal_u2_family_011_r01,u2_family_011,train,0,9,10,0.25276678800582886,0.5082149505615234,0.0,False,0,offline_teacher_to_causal_s623
formal_u2_family_011_r01_s01,formal_u2_family_011_r01,u2_family_011,train,10,12,3,0.9748327136039734,0.5174187421798706,0.6666666666666666,True,0,offline_teacher_to_causal_s623
formal_u2_family_011_r01_s02,formal_u2_family_011_r01,u2_family_011,train,13,17,5,0.4951488673686981,0.5004495978355408,1.0,True,0,offline_teacher_to_causal_s623
formal_u2_family_011_r01_s03,formal_u2_family_011_r01,u2_family_011,train,18,28,11,0.48006051778793335,0.989587664604187,0.9090909090909091,True,0,offline_teacher_to_causal_s623
formal_u2_family_011_r01_s04,formal_u2_family_011_r01,u2_family_011,train,29,30,2,0.5967313051223755,0.6104726791381836,1.0,True,0,offline_teacher_to_causal_s623
formal_u2_family_011_r02_s00,formal_u2_family_011_r02,u2_family_011,train,0,9,10,0.25341930985450745,0.5140076279640198,0.0,False,0,offline_teacher_to_causal_s623
formal_u2_family_011_r02_s01,formal_u2_family_011_r02,u2_family_011,train,10,12,3,0.9754164814949036,0.5257513523101807,0.6666666666666666,True,0,offline_teacher_to_causal_s623
formal_u2_family_011_r02_s02,formal_u2_family_011_r02,u2_family_011,train,13,17,5,0.49957865476608276,0.5036895871162415,1.0,True,0,offline_teacher_to_causal_s623
formal_u2_family_011_r02_s03,formal_u2_family_011_r02,u2_family_011,train,18,22,5,0.5046911239624023,0.628432035446167,1.0,True,0,offline_teacher_to_causal_s623
formal_u2_family_011_r02_s04,formal_u2_family_011_r02,u2_family_011,train,23,30,8,0.570311427116394,0.9890865087509155,0.875,True,0,offline_teacher_to_causal_s623
formal_u2_family_011_r02_s05,formal_u2_family_011_r02,u2_family_011,train,31,32,2,0.5817676782608032,0.5390509963035583,1.0,True,0,offline_teacher_to_causal_s623
formal_u2_family_011_r03_s00,formal_u2_family_011_r03,u2_family_011,train,0,9,10,0.25527340173721313,0.9672572612762451,0.0,True,0,offline_teacher_to_causal_s623
formal_u2_family_011_r03_s01,formal_u2_family_011_r03,u2_family_011,train,10,12,3,0.6439210772514343,0.5057873129844666,1.0,True,0,offline_teacher_to_causal_s623
formal_u2_family_011_r03_s02,formal_u2_family_011_r03,u2_family_011,train,13,18,6,0.4901903569698334,0.6563364267349243,1.0,True,0,offline_teacher_to_causal_s623
formal_u2_family_011_r03_s03,formal_u2_family_011_r03,u2_family_011,train,19,28,10,0.5152796506881714,0.989081859588623,0.9,True,0,offline_teacher_to_causal_s623
formal_u2_family_011_r03_s04,formal_u2_family_011_r03,u2_family_011,train,29,30,2,0.5841689109802246,0.5545404553413391,1.0,True,0,offline_teacher_to_causal_s623
formal_u2_family_011_r04_s00,formal_u2_family_011_r04,u2_family_011,train,0,10,11,0.25249725580215454,0.9747539758682251,0.0,True,0,offline_teacher_to_causal_s623
formal_u2_family_011_r04_s01,formal_u2_family_011_r04,u2_family_011,train,11,13,3,0.6366313695907593,0.5239173173904419,1.0,True,0,offline_teacher_to_causal_s623
formal_u2_family_011_r04_s02,formal_u2_family_011_r04,u2_family_011,train,14,16,3,0.5101068615913391,0.5062645673751831,1.0,True,0,offline_teacher_to_causal_s623
formal_u2_family_011_r04_s03,formal_u2_family_011_r04,u2_family_011,train,17,20,4,0.5131241679191589,0.5011312961578369,1.0,True,0,offline_teacher_to_causal_s623
formal_u2_family_011_r04_s04,formal_u2_family_011_r04,u2_family_011,train,21,23,3,0.6476315259933472,0.5414758324623108,1.0,True,0,offline_teacher_to_causal_s623
formal_u2_family_011_r04_s05,formal_u2_family_011_r04,u2_family_011,train,24,32,9,0.49616146087646484,0.9897289276123047,0.8888888888888888,True,0,offline_teacher_to_causal_s623
formal_u2_family_011_r04_s06,formal_u2_family_011_r04,u2_family_011,train,33,34,2,0.6025667786598206,0.6150920987129211,1.0,True,0,offline_teacher_to_causal_s623
formal_u2_family_011_r05_s00,formal_u2_family_011_r05,u2_family_011,train,0,10,11,0.2539273798465729,0.9683424234390259,0.0,True,0,offline_teacher_to_causal_s623
formal_u2_family_011_r05_s01,formal_u2_family_011_r05,u2_family_011,train,11,13,3,0.6233819723129272,0.7289242148399353,1.0,True,0,offline_teacher_to_causal_s623
formal_u2_family_011_r05_s02,formal_u2_family_011_r05,u2_family_011,train,14,16,3,0.5204384922981262,0.5015718340873718,1.0,True,0,offline_teacher_to_causal_s623
formal_u2_family_011_r05_s03,formal_u2_family_011_r05,u2_family_011,train,17,19,3,0.5053476095199585,0.5150404572486877,1.0,True,0,offline_teacher_to_causal_s623
formal_u2_family_011_r05_s04,formal_u2_family_011_r05,u2_family_011,train,20,30,11,0.48937511444091797,0.9893933534622192,0.9090909090909091,True,0,offline_teacher_to_causal_s623
formal_u2_family_011_r05_s05,formal_u2_family_011_r05,u2_family_011,train,31,32,2,0.5939195156097412,0.6259911060333252,1.0,True,0,offline_teacher_to_causal_s623
formal_u2_family_012_r00_s00,formal_u2_family_012_r00,u2_family_012,train,0,2,3,0.3485032320022583,0.677157461643219,0.3333333333333333,True,0,offline_teacher_to_causal_s623
formal_u2_family_012_r00_s01,formal_u2_family_012_r00,u2_family_012,train,3,5,3,0.4965345859527588,0.9355124235153198,0.6666666666666666,True,0,offline_teacher_to_causal_s623
formal_u2_family_012_r00_s02,formal_u2_family_012_r00,u2_family_012,train,6,15,10,0.33815088868141174,0.5117788314819336,0.6,True,0,offline_teacher_to_causal_s623
formal_u2_family_012_r00_s03,formal_u2_family_012_r00,u2_family_012,train,16,18,3,0.6447590589523315,0.5112400054931641,1.0,True,0,offline_teacher_to_causal_s623
formal_u2_family_012_r00_s04,formal_u2_family_012_r00,u2_family_012,train,19,21,3,0.5006921887397766,0.5803064107894897,0.6666666666666666,True,0,offline_teacher_to_causal_s623
formal_u2_family_012_r00_s05,formal_u2_family_012_r00,u2_family_012,train,22,22,1,0.5856145024299622,0.5856145024299622,1.0,True,0,offline_teacher_to_causal_s623
formal_u2_family_012_r01_s00,formal_u2_family_012_r01,u2_family_012,train,0,2,3,0.8881465196609497,0.5130817294120789,0.6666666666666666,True,0,offline_teacher_to_causal_s623
formal_u2_family_012_r01_s01,formal_u2_family_012_r01,u2_family_012,train,3,5,3,0.49481454491615295,0.9331852793693542,0.6666666666666666,True,0,offline_teacher_to_causal_s623
formal_u2_family_012_r01_s02,formal_u2_family_012_r01,u2_family_012,train,6,17,12,0.33932170271873474,0.5010793209075928,0.3333333333333333,True,0,offline_teacher_to_causal_s623
formal_u2_family_012_r01_s03,formal_u2_family_012_r01,u2_family_012,train,18,20,3,0.4970032572746277,0.650469183921814,1.0,True,0,offline_teacher_to_causal_s623
formal_u2_family_012_r01_s04,formal_u2_family_012_r01,u2_family_012,train,21,24,4,0.49759069085121155,0.9869786500930786,0.75,True,0,offline_teacher_to_causal_s623
formal_u2_family_012_r01_s05,formal_u2_family_012_r01,u2_family_012,train,25,26,2,0.5791803002357483,0.5883307456970215,1.0,True,0,offline_teacher_to_causal_s623
formal_u2_family_012_r02_s00,formal_u2_family_012_r02,u2_family_012,train,0,2,3,0.3478035032749176,0.679081380367279,0.3333333333333333,True,0,offline_teacher_to_causal_s623
formal_u2_family_012_r02_s01,formal_u2_family_012_r02,u2_family_012,train,3,6,4,0.49440598487854004,0.9330218434333801,0.75,True,0,offline_teacher_to_causal_s623
formal_u2_family_012_r02_s02,formal_u2_family_012_r02,u2_family_012,train,7,15,9,0.3097659647464752,0.5008895397186279,0.4444444444444444,True,0,offline_teacher_to_causal_s623
formal_u2_family_012_r02_s03,formal_u2_family_012_r02,u2_family_012,train,16,18,3,0.4959055781364441,0.654118001461029,1.0,True,0,offline_teacher_to_causal_s623
formal_u2_family_012_r02_s04,formal_u2_family_012_r02,u2_family_012,train,19,22,4,0.49951016902923584,0.9863743782043457,0.75,True,0,offline_teacher_to_causal_s623
formal_u2_family_012_r02_s05,formal_u2_family_012_r02,u2_family_012,train,23,24,2,0.5804442167282104,0.56484454870224,1.0,True,0,offline_teacher_to_causal_s623
formal_u2_family_012_r03_s00,formal_u2_family_012_r03,u2_family_012,train,0,2,3,0.3495683968067169,0.6795958876609802,0.3333333333333333,True,0,offline_teacher_to_causal_s623
formal_u2_family_012_r03_s01,formal_u2_family_012_r03,u2_family_012,train,3,5,3,0.4951748251914978,0.9354401230812073,0.6666666666666666,True,0,offline_teacher_to_causal_s623
formal_u2_family_012_r03_s02,formal_u2_family_012_r03,u2_family_012,train,6,16,11,0.3453477621078491,0.5117799043655396,0.5454545454545454,True,0,offline_teacher_to_causal_s623
formal_u2_family_012_r03_s03,formal_u2_family_012_r03,u2_family_012,train,17,23,7,0.6524308323860168,0.9824851751327515,0.8571428571428571,True,0,offline_teacher_to_causal_s623
formal_u2_family_012_r03_s04,formal_u2_family_012_r03,u2_family_012,train,24,25,2,0.585356593132019,0.5147013664245605,1.0,True,0,offline_teacher_to_causal_s623
formal_u2_family_012_r04_s00,formal_u2_family_012_r04,u2_family_012,train,0,2,3,0.349774032831192,0.6757405996322632,0.3333333333333333,True,0,offline_teacher_to_causal_s623
formal_u2_family_012_r04_s01,formal_u2_family_012_r04,u2_family_012,train,3,6,4,0.49548766016960144,0.9313696622848511,0.75,True,0,offline_teacher_to_causal_s623
formal_u2_family_012_r04_s02,formal_u2_family_012_r04,u2_family_012,train,7,15,9,0.3103519678115845,0.5012756586074829,0.3333333333333333,True,0,offline_teacher_to_causal_s623
formal_u2_family_012_r04_s03,formal_u2_family_012_r04,u2_family_012,train,16,18,3,0.4969032406806946,0.6490602493286133,1.0,True,0,offline_teacher_to_causal_s623
formal_u2_family_012_r04_s04,formal_u2_family_012_r04,u2_family_012,train,19,24,6,0.4982166886329651,0.9854715466499329,0.8333333333333334,True,0,offline_teacher_to_causal_s623
formal_u2_family_012_r04_s05,formal_u2_family_012_r04,u2_family_012,train,25,26,2,0.5872508883476257,0.5972465872764587,1.0,True,0,offline_teacher_to_causal_s623
formal_u2_family_012_r05_s00,formal_u2_family_012_r05,u2_family_012,train,0,2,3,0.34801748394966125,0.680300772190094,0.3333333333333333,True,0,offline_teacher_to_causal_s623
formal_u2_family_012_r05_s01,formal_u2_family_012_r05,u2_family_012,train,3,6,4,0.49729636311531067,0.9337334632873535,0.75,True,0,offline_teacher_to_causal_s623
formal_u2_family_012_r05_s02,formal_u2_family_012_r05,u2_family_012,train,7,15,9,0.30541476607322693,0.6546730399131775,0.6666666666666666,True,0,offline_teacher_to_causal_s623
formal_u2_family_012_r05_s03,formal_u2_family_012_r05,u2_family_012,train,16,19,4,0.5053126215934753,0.504557192325592,1.0,True,0,offline_teacher_to_causal_s623
formal_u2_family_012_r05_s04,formal_u2_family_012_r05,u2_family_012,train,20,22,3,0.9858441352844238,0.5655714869499207,0.6666666666666666,True,0,offline_teacher_to_causal_s623
formal_u2_family_013_r00_s00,formal_u2_family_013_r00,u2_family_013,train,0,2,3,0.3470039963722229,0.6809263229370117,0.3333333333333333,True,0,offline_teacher_to_causal_s623
formal_u2_family_013_r00_s01,formal_u2_family_013_r00,u2_family_013,train,3,5,3,0.4954816401004791,0.9728557467460632,0.3333333333333333,True,1,offline_teacher_to_causal_s623
formal_u2_family_013_r00_s02,formal_u2_family_013_r00,u2_family_013,train,6,18,13,0.9388181567192078,0.6536540389060974,0.46153846153846156,True,0,offline_teacher_to_causal_s623
formal_u2_family_013_r00_s03,formal_u2_family_013_r00,u2_family_013,train,19,22,4,0.5077385902404785,0.5074594616889954,1.0,True,0,offline_teacher_to_causal_s623
formal_u2_family_013_r00_s04,formal_u2_family_013_r00,u2_family_013,train,23,25,3,0.9867671132087708,0.5996338129043579,0.6666666666666666,True,0,offline_teacher_to_causal_s623
formal_u2_family_013_r01_s00,formal_u2_family_013_r01,u2_family_013,train,0,2,3,0.346618115901947,0.6829227209091187,0.3333333333333333,True,0,offline_teacher_to_causal_s623
formal_u2_family_013_r01_s01,formal_u2_family_013_r01,u2_family_013,train,3,6,4,0.5069782733917236,0.9317610263824463,0.75,True,0,offline_teacher_to_causal_s623
formal_u2_family_013_r01_s02,formal_u2_family_013_r01,u2_family_013,train,7,16,10,0.3247949182987213,0.5036681890487671,0.4,True,0,offline_teacher_to_causal_s623
formal_u2_family_013_r01_s03,formal_u2_family_013_r01,u2_family_013,train,17,19,3,0.497587114572525,0.5088252425193787,1.0,True,0,offline_teacher_to_causal_s623
formal_u2_family_013_r01_s04,formal_u2_family_013_r01,u2_family_013,train,20,26,7,0.6490427851676941,0.9854192733764648,0.8571428571428571,True,0,offline_teacher_to_causal_s623
formal_u2_family_013_r01_s05,formal_u2_family_013_r01,u2_family_013,train,27,28,2,0.5848537087440491,0.549119770526886,1.0,True,0,offline_teacher_to_causal_s623
formal_u2_family_013_r02_s00,formal_u2_family_013_r02,u2_family_013,train,0,2,3,0.3552190661430359,0.6776717901229858,0.3333333333333333,True,0,offline_teacher_to_causal_s623
formal_u2_family_013_r02_s01,formal_u2_family_013_r02,u2_family_013,train,3,5,3,0.4991273581981659,0.9652926325798035,0.3333333333333333,True,1,offline_teacher_to_causal_s623
formal_u2_family_013_r02_s02,formal_u2_family_013_r02,u2_family_013,train,6,8,3,0.7924031615257263,0.7358517050743103,0.3333333333333333,False,0,offline_teacher_to_causal_s623
formal_u2_family_013_r02_s03,formal_u2_family_013_r02,u2_family_013,train,9,11,3,0.6325508952140808,0.518371045589447,0.0,False,0,offline_teacher_to_causal_s623
formal_u2_family_013_r02_s04,formal_u2_family_013_r02,u2_family_013,train,12,14,3,0.5052887797355652,0.5132234692573547,0.0,False,0,offline_teacher_to_causal_s623
formal_u2_family_013_r02_s05,formal_u2_family_013_r02,u2_family_013,train,15,19,5,0.527868390083313,0.5658512711524963,0.0,False,0,offline_teacher_to_causal_s623
formal_u2_family_013_r02_s06,formal_u2_family_013_r02,u2_family_013,train,20,23,4,0.5541018843650818,0.5629271268844604,0.0,False,0,offline_teacher_to_causal_s623
formal_u2_family_013_r02_s07,formal_u2_family_013_r02,u2_family_013,train,24,27,4,0.48624876141548157,0.5209830403327942,0.0,False,0,offline_teacher_to_causal_s623
formal_u2_family_013_r02_s08,formal_u2_family_013_r02,u2_family_013,train,28,31,4,0.517661452293396,0.5132979154586792,0.0,False,0,offline_teacher_to_causal_s623
formal_u2_family_013_r02_s09,formal_u2_family_013_r02,u2_family_013,train,32,34,3,0.48041242361068726,0.5046479105949402,0.0,False,0,offline_teacher_to_causal_s623
formal_u2_family_013_r02_s10,formal_u2_family_013_r02,u2_family_013,train,35,38,4,0.4894173741340637,0.5265704393386841,0.0,False,0,offline_teacher_to_causal_s623
formal_u2_family_013_r02_s11,formal_u2_family_013_r02,u2_family_013,train,39,41,3,0.46722936630249023,0.5064794421195984,0.0,False,0,offline_teacher_to_causal_s623
formal_u2_family_013_r02_s12,formal_u2_family_013_r02,u2_family_013,train,42,47,6,0.5096362233161926,0.45163577795028687,0.0,False,0,offline_teacher_to_causal_s623
formal_u2_family_013_r03_s00,formal_u2_family_013_r03,u2_family_013,train,0,2,3,0.3493322730064392,0.6802951693534851,0.3333333333333333,True,0,offline_teacher_to_causal_s623
formal_u2_family_013_r03_s01,formal_u2_family_013_r03,u2_family_013,train,3,6,4,0.4982657730579376,0.9310945868492126,0.75,True,0,offline_teacher_to_causal_s623
formal_u2_family_013_r03_s02,formal_u2_family_013_r03,u2_family_013,train,7,17,11,0.31214308738708496,0.50242680311203,0.36363636363636365,True,0,offline_teacher_to_causal_s623
formal_u2_family_013_r03_s03,formal_u2_family_013_r03,u2_family_013,train,18,20,3,0.5020177960395813,0.5061251521110535,1.0,True,0,offline_teacher_to_causal_s623
formal_u2_family_013_r03_s04,formal_u2_family_013_r03,u2_family_013,train,21,23,3,0.5052732229232788,0.9876208901405334,0.6666666666666666,True,0,offline_teacher_to_causal_s623
formal_u2_family_013_r03_s05,formal_u2_family_013_r03,u2_family_013,train,24,25,2,0.5767826437950134,0.5982038378715515,1.0,True,0,offline_teacher_to_causal_s623
formal_u2_family_013_r04_s00,formal_u2_family_013_r04,u2_family_013,train,0,2,3,0.3506931960582733,0.6811843514442444,0.3333333333333333,True,0,offline_teacher_to_causal_s623
formal_u2_family_013_r04_s01,formal_u2_family_013_r04,u2_family_013,train,3,5,3,0.5081548690795898,0.9646897315979004,0.3333333333333333,True,1,offline_teacher_to_causal_s623
formal_u2_family_013_r04_s02,formal_u2_family_013_r04,u2_family_013,train,6,8,3,0.9379879236221313,0.5139938592910767,0.6666666666666666,True,0,offline_teacher_to_causal_s623
formal_u2_family_013_r04_s03,formal_u2_family_013_r04,u2_family_013,train,9,11,3,0.5104784965515137,0.9183288216590881,0.6666666666666666,True,0,offline_teacher_to_causal_s623
formal_u2_family_013_r04_s04,formal_u2_family_013_r04,u2_family_013,train,12,20,9,0.3028120994567871,0.5159240961074829,0.5555555555555556,True,0,offline_teacher_to_causal_s623
formal_u2_family_013_r04_s05,formal_u2_family_013_r04,u2_family_013,train,21,29,9,0.5056287050247192,0.9840515851974487,0.8888888888888888,True,0,offline_teacher_to_causal_s623
formal_u2_family_013_r04_s06,formal_u2_family_013_r04,u2_family_013,train,30,31,2,0.5916578769683838,0.5877256989479065,1.0,True,0,offline_teacher_to_causal_s623
formal_u2_family_013_r05_s00,formal_u2_family_013_r05,u2_family_013,train,0,2,3,0.3444373309612274,0.6803620457649231,0.3333333333333333,True,0,offline_teacher_to_causal_s623
formal_u2_family_013_r05_s01,formal_u2_family_013_r05,u2_family_013,train,3,6,4,0.500741720199585,0.9326217174530029,0.75,True,0,offline_teacher_to_causal_s623
formal_u2_family_013_r05_s02,formal_u2_family_013_r05,u2_family_013,train,7,15,9,0.3044677972793579,0.5001099109649658,0.3333333333333333,True,0,offline_teacher_to_causal_s623
formal_u2_family_013_r05_s03,formal_u2_family_013_r05,u2_family_013,train,16,18,3,0.49380922317504883,0.6494289040565491,1.0,True,0,offline_teacher_to_causal_s623
formal_u2_family_013_r05_s04,formal_u2_family_013_r05,u2_family_013,train,19,23,5,0.5018579363822937,0.9855216145515442,0.8,True,0,offline_teacher_to_causal_s623
formal_u2_family_013_r05_s05,formal_u2_family_013_r05,u2_family_013,train,24,25,2,0.5857105255126953,0.5824987888336182,1.0,True,0,offline_teacher_to_causal_s623
formal_u2_family_014_r00_s00,formal_u2_family_014_r00,u2_family_014,train,0,2,3,0.34602200984954834,0.6790500283241272,0.3333333333333333,True,0,offline_teacher_to_causal_s623
formal_u2_family_014_r00_s01,formal_u2_family_014_r00,u2_family_014,train,3,5,3,0.49686509370803833,0.9643806219100952,0.3333333333333333,True,1,offline_teacher_to_causal_s623
formal_u2_family_014_r00_s02,formal_u2_family_014_r00,u2_family_014,train,6,18,13,0.9466966390609741,0.5043473243713379,0.38461538461538464,True,0,offline_teacher_to_causal_s623
formal_u2_family_014_r00_s03,formal_u2_family_014_r00,u2_family_014,train,19,21,3,0.4960537850856781,0.510902464389801,1.0,True,0,offline_teacher_to_causal_s623
formal_u2_family_014_r00_s04,formal_u2_family_014_r00,u2_family_014,train,22,28,7,0.6483584642410278,0.9822803139686584,0.8571428571428571,True,0,offline_teacher_to_causal_s623
formal_u2_family_014_r00_s05,formal_u2_family_014_r00,u2_family_014,train,29,30,2,0.5810968279838562,0.5159558057785034,1.0,True,0,offline_teacher_to_causal_s623
formal_u2_family_014_r01_s00,formal_u2_family_014_r01,u2_family_014,train,0,2,3,0.3509387969970703,0.6796177625656128,0.3333333333333333,True,0,offline_teacher_to_causal_s623
formal_u2_family_014_r01_s01,formal_u2_family_014_r01,u2_family_014,train,3,5,3,0.4980085790157318,0.9652715921401978,0.3333333333333333,True,1,offline_teacher_to_causal_s623
formal_u2_family_014_r01_s02,formal_u2_family_014_r01,u2_family_014,train,6,19,14,0.9427868127822876,0.5148007869720459,0.5,True,0,offline_teacher_to_causal_s623
formal_u2_family_014_r01_s03,formal_u2_family_014_r01,u2_family_014,train,20,22,3,0.6502761840820312,0.5103031396865845,1.0,True,0,offline_teacher_to_causal_s623
formal_u2_family_014_r01_s04,formal_u2_family_014_r01,u2_family_014,train,23,25,3,0.4986943304538727,0.9849216341972351,0.6666666666666666,True,0,offline_teacher_to_causal_s623
formal_u2_family_014_r01_s05,formal_u2_family_014_r01,u2_family_014,train,26,27,2,0.5906087756156921,0.5434057116508484,1.0,True,0,offline_teacher_to_causal_s623
formal_u2_family_014_r02_s00,formal_u2_family_014_r02,u2_family_014,train,0,2,3,0.3521448075771332,0.6780315041542053,0.3333333333333333,True,0,offline_teacher_to_causal_s623
formal_u2_family_014_r02_s01,formal_u2_family_014_r02,u2_family_014,train,3,5,3,0.5009191632270813,0.9658688902854919,0.3333333333333333,True,1,offline_teacher_to_causal_s623
formal_u2_family_014_r02_s02,formal_u2_family_014_r02,u2_family_014,train,6,8,3,0.9415594339370728,0.5041348934173584,0.6666666666666666,True,0,offline_teacher_to_causal_s623
formal_u2_family_014_r02_s03,formal_u2_family_014_r02,u2_family_014,train,9,22,14,0.9359608292579651,0.5073615908622742,0.42857142857142855,True,0,offline_teacher_to_causal_s623
formal_u2_family_014_r02_s04,formal_u2_family_014_r02,u2_family_014,train,23,27,5,0.6505405902862549,0.9856679439544678,0.8,True,0,offline_teacher_to_causal_s623
formal_u2_family_014_r02_s05,formal_u2_family_014_r02,u2_family_014,train,28,29,2,0.57878178358078,0.5469149947166443,1.0,True,0,offline_teacher_to_causal_s623
formal_u2_family_014_r03_s00,formal_u2_family_014_r03,u2_family_014,train,0,2,3,0.34823906421661377,0.6794264912605286,0.3333333333333333,True,0,offline_teacher_to_causal_s623
formal_u2_family_014_r03_s01,formal_u2_family_014_r03,u2_family_014,train,3,5,3,0.4985722601413727,0.9656673073768616,0.3333333333333333,True,1,offline_teacher_to_causal_s623
formal_u2_family_014_r03_s02,formal_u2_family_014_r03,u2_family_014,train,6,19,14,0.9424222707748413,0.6519457101821899,0.5,True,0,offline_teacher_to_causal_s623
formal_u2_family_014_r03_s03,formal_u2_family_014_r03,u2_family_014,train,20,22,3,0.5030823945999146,0.5087653994560242,1.0,True,0,offline_teacher_to_causal_s623
formal_u2_family_014_r03_s04,formal_u2_family_014_r03,u2_family_014,train,23,25,3,0.9873315691947937,0.6029350161552429,0.6666666666666666,True,0,offline_teacher_to_causal_s623
formal_u2_family_014_r04_s00,formal_u2_family_014_r04,u2_family_014,train,0,2,3,0.35175201296806335,0.6825941801071167,0.3333333333333333,True,0,offline_teacher_to_causal_s623
formal_u2_family_014_r04_s01,formal_u2_family_014_r04,u2_family_014,train,3,5,3,0.5014876127243042,0.9659700989723206,0.3333333333333333,True,1,offline_teacher_to_causal_s623
formal_u2_family_014_r04_s02,formal_u2_family_014_r04,u2_family_014,train,6,8,3,0.9446457028388977,0.9251099228858948,0.3333333333333333,True,0,offline_teacher_to_causal_s623
formal_u2_family_014_r04_s03,formal_u2_family_014_r04,u2_family_014,train,9,20,12,0.40607139468193054,0.5089651942253113,0.5833333333333334,True,0,offline_teacher_to_causal_s623
formal_u2_family_014_r04_s04,formal_u2_family_014_r04,u2_family_014,train,21,23,3,0.6503772735595703,0.5029431581497192,1.0,True,0,offline_teacher_to_causal_s623
formal_u2_family_014_r04_s05,formal_u2_family_014_r04,u2_family_014,train,24,26,3,0.4932611286640167,0.9840372800827026,0.6666666666666666,True,0,offline_teacher_to_causal_s623
formal_u2_family_014_r04_s06,formal_u2_family_014_r04,u2_family_014,train,27,28,2,0.5837939977645874,0.5300909876823425,1.0,True,0,offline_teacher_to_causal_s623
formal_u2_family_014_r05_s00,formal_u2_family_014_r05,u2_family_014,train,0,2,3,0.3498707711696625,0.6815831661224365,0.3333333333333333,True,0,offline_teacher_to_causal_s623
formal_u2_family_014_r05_s01,formal_u2_family_014_r05,u2_family_014,train,3,5,3,0.49860745668411255,0.9660394191741943,0.3333333333333333,True,1,offline_teacher_to_causal_s623
formal_u2_family_014_r05_s02,formal_u2_family_014_r05,u2_family_014,train,6,8,3,0.9430127739906311,0.9232588410377502,0.3333333333333333,True,0,offline_teacher_to_causal_s623
formal_u2_family_014_r05_s03,formal_u2_family_014_r05,u2_family_014,train,9,18,10,0.39499327540397644,0.6453109979629517,0.8,True,0,offline_teacher_to_causal_s623
formal_u2_family_014_r05_s04,formal_u2_family_014_r05,u2_family_014,train,19,21,3,0.5000083446502686,0.504530131816864,1.0,True,0,offline_teacher_to_causal_s623
formal_u2_family_014_r05_s05,formal_u2_family_014_r05,u2_family_014,train,22,24,3,0.9875516295433044,0.6005914807319641,0.6666666666666666,True,0,offline_teacher_to_causal_s623
formal_u2_family_015_r00_s00,formal_u2_family_015_r00,u2_family_015,train,0,2,3,0.34926238656044006,0.6842613220214844,0.3333333333333333,True,0,offline_teacher_to_causal_s623
formal_u2_family_015_r00_s01,formal_u2_family_015_r00,u2_family_015,train,3,6,4,0.5022662878036499,0.9327765703201294,0.75,True,0,offline_teacher_to_causal_s623
formal_u2_family_015_r00_s02,formal_u2_family_015_r00,u2_family_015,train,7,16,10,0.3127214014530182,0.502704381942749,0.4,True,0,offline_teacher_to_causal_s623
formal_u2_family_015_r00_s03,formal_u2_family_015_r00,u2_family_015,train,17,19,3,0.4983162581920624,0.6547574400901794,1.0,True,0,offline_teacher_to_causal_s623
formal_u2_family_015_r00_s04,formal_u2_family_015_r00,u2_family_015,train,20,24,5,0.4999624490737915,0.9839422106742859,0.8,True,0,offline_teacher_to_causal_s623
formal_u2_family_015_r00_s05,formal_u2_family_015_r00,u2_family_015,train,25,26,2,0.5829407572746277,0.5625917911529541,1.0,True,0,offline_teacher_to_causal_s623
formal_u2_family_015_r01_s00,formal_u2_family_015_r01,u2_family_015,train,0,2,3,0.3495461940765381,0.6805629730224609,0.3333333333333333,True,0,offline_teacher_to_causal_s623
formal_u2_family_015_r01_s01,formal_u2_family_015_r01,u2_family_015,train,3,6,4,0.49707818031311035,0.9322859048843384,0.75,True,0,offline_teacher_to_causal_s623
formal_u2_family_015_r01_s02,formal_u2_family_015_r01,u2_family_015,train,7,15,9,0.3136076033115387,0.5027682185173035,0.4444444444444444,True,0,offline_teacher_to_causal_s623
formal_u2_family_015_r01_s03,formal_u2_family_015_r01,u2_family_015,train,16,18,3,0.4956852197647095,0.6523098945617676,1.0,True,0,offline_teacher_to_causal_s623
formal_u2_family_015_r01_s04,formal_u2_family_015_r01,u2_family_015,train,19,23,5,0.49783918261528015,0.983951210975647,0.8,True,0,offline_teacher_to_causal_s623
formal_u2_family_015_r01_s05,formal_u2_family_015_r01,u2_family_015,train,24,25,2,0.587299644947052,0.5976783633232117,1.0,True,0,offline_teacher_to_causal_s623
formal_u2_family_015_r02_s00,formal_u2_family_015_r02,u2_family_015,train,0,2,3,0.348007470369339,0.6814547777175903,0.3333333333333333,True,0,offline_teacher_to_causal_s623
formal_u2_family_015_r02_s01,formal_u2_family_015_r02,u2_family_015,train,3,6,4,0.5009782910346985,0.9334155917167664,0.75,True,0,offline_teacher_to_causal_s623
formal_u2_family_015_r02_s02,formal_u2_family_015_r02,u2_family_015,train,7,17,11,0.311618834733963,0.6520795226097107,0.5454545454545454,True,0,offline_teacher_to_causal_s623
formal_u2_family_015_r02_s03,formal_u2_family_015_r02,u2_family_015,train,18,21,4,0.5101820230484009,0.5044031143188477,1.0,True,0,offline_teacher_to_causal_s623
formal_u2_family_015_r02_s04,formal_u2_family_015_r02,u2_family_015,train,22,24,3,0.9861489534378052,0.5714203119277954,0.6666666666666666,True,0,offline_teacher_to_causal_s623
formal_u2_family_015_r03_s00,formal_u2_family_015_r03,u2_family_015,train,0,2,3,0.3519095480442047,0.6796819567680359,0.3333333333333333,True,0,offline_teacher_to_causal_s623
formal_u2_family_015_r03_s01,formal_u2_family_015_r03,u2_family_015,train,3,6,4,0.5000171065330505,0.9317634105682373,0.75,True,0,offline_teacher_to_causal_s623
formal_u2_family_015_r03_s02,formal_u2_family_015_r03,u2_family_015,train,7,17,11,0.31013914942741394,0.5027775764465332,0.2727272727272727,True,0,offline_teacher_to_causal_s623
formal_u2_family_015_r03_s03,formal_u2_family_015_r03,u2_family_015,train,18,20,3,0.5024380087852478,0.651483952999115,1.0,True,0,offline_teacher_to_causal_s623
formal_u2_family_015_r03_s04,formal_u2_family_015_r03,u2_family_015,train,21,26,6,0.4980430603027344,0.9846380352973938,0.8333333333333334,True,0,offline_teacher_to_causal_s623
formal_u2_family_015_r03_s05,formal_u2_family_015_r03,u2_family_015,train,27,28,2,0.5874517560005188,0.5974624156951904,1.0,True,0,offline_teacher_to_causal_s623
formal_u2_family_015_r04_s00,formal_u2_family_015_r04,u2_family_015,train,0,2,3,0.35019683837890625,0.68071049451828,0.3333333333333333,True,0,offline_teacher_to_causal_s623
formal_u2_family_015_r04_s01,formal_u2_family_015_r04,u2_family_015,train,3,5,3,0.4944661259651184,0.9362800121307373,0.6666666666666666,True,0,offline_teacher_to_causal_s623
formal_u2_family_015_r04_s02,formal_u2_family_015_r04,u2_family_015,train,6,16,11,0.34209105372428894,0.503059983253479,0.36363636363636365,True,0,offline_teacher_to_causal_s623
formal_u2_family_015_r04_s03,formal_u2_family_015_r04,u2_family_015,train,17,19,3,0.5037460923194885,0.6528337597846985,1.0,True,0,offline_teacher_to_causal_s623
formal_u2_family_015_r04_s04,formal_u2_family_015_r04,u2_family_015,train,20,24,5,0.4984196424484253,0.9831598401069641,0.8,True,0,offline_teacher_to_causal_s623
formal_u2_family_015_r04_s05,formal_u2_family_015_r04,u2_family_015,train,25,26,2,0.5815479159355164,0.5104854702949524,1.0,True,0,offline_teacher_to_causal_s623
formal_u2_family_015_r05_s00,formal_u2_family_015_r05,u2_family_015,train,0,2,3,0.35064947605133057,0.6797181367874146,0.3333333333333333,True,0,offline_teacher_to_causal_s623
formal_u2_family_015_r05_s01,formal_u2_family_015_r05,u2_family_015,train,3,6,4,0.49800291657447815,0.9322810769081116,0.75,True,0,offline_teacher_to_causal_s623
formal_u2_family_015_r05_s02,formal_u2_family_015_r05,u2_family_015,train,7,15,9,0.30776578187942505,0.501923143863678,0.4444444444444444,True,0,offline_teacher_to_causal_s623
formal_u2_family_015_r05_s03,formal_u2_family_015_r05,u2_family_015,train,16,18,3,0.4921243488788605,0.645702600479126,1.0,True,0,offline_teacher_to_causal_s623
formal_u2_family_015_r05_s04,formal_u2_family_015_r05,u2_family_015,train,19,22,4,0.4993301033973694,0.5004864931106567,1.0,True,0,offline_teacher_to_causal_s623
formal_u2_family_015_r05_s05,formal_u2_family_015_r05,u2_family_015,train,23,25,3,0.9860209822654724,0.5703181624412537,0.6666666666666666,True,0,offline_teacher_to_causal_s623
formal_u2_family_016_r00_s00,formal_u2_family_016_r00,u2_family_016,train,0,2,3,0.34789901971817017,0.6781021952629089,0.3333333333333333,True,0,offline_teacher_to_causal_s623
formal_u2_family_016_r00_s01,formal_u2_family_016_r00,u2_family_016,train,3,6,4,0.5006866455078125,0.92753666639328,0.75,True,0,offline_teacher_to_causal_s623
formal_u2_family_016_r01_s00,formal_u2_family_016_r01,u2_family_016,train,0,2,3,0.34588366746902466,0.6786463856697083,0.3333333333333333,True,0,offline_teacher_to_causal_s623
formal_u2_family_016_r01_s01,formal_u2_family_016_r01,u2_family_016,train,3,6,4,0.49787959456443787,0.9281435608863831,0.75,True,0,offline_teacher_to_causal_s623
formal_u2_family_016_r02_s00,formal_u2_family_016_r02,u2_family_016,train,0,2,3,0.3477630019187927,0.6814455986022949,0.3333333333333333,True,0,offline_teacher_to_causal_s623
formal_u2_family_016_r02_s01,formal_u2_family_016_r02,u2_family_016,train,3,6,4,0.5025599002838135,0.9282389879226685,0.75,True,0,offline_teacher_to_causal_s623
formal_u2_family_016_r03_s00,formal_u2_family_016_r03,u2_family_016,train,0,2,3,0.3489634394645691,0.676313579082489,0.3333333333333333,True,0,offline_teacher_to_causal_s623
formal_u2_family_016_r03_s01,formal_u2_family_016_r03,u2_family_016,train,3,5,3,0.4953799247741699,0.9313074946403503,0.6666666666666666,True,0,offline_teacher_to_causal_s623
formal_u2_family_016_r04_s00,formal_u2_family_016_r04,u2_family_016,train,0,2,3,0.3502391278743744,0.6759895086288452,0.3333333333333333,True,0,offline_teacher_to_causal_s623
formal_u2_family_016_r04_s01,formal_u2_family_016_r04,u2_family_016,train,3,5,3,0.49498221278190613,0.930092990398407,0.6666666666666666,True,0,offline_teacher_to_causal_s623
formal_u2_family_016_r05_s00,formal_u2_family_016_r05,u2_family_016,train,0,2,3,0.34744182229042053,0.6767907738685608,0.3333333333333333,True,0,offline_teacher_to_causal_s623
formal_u2_family_016_r05_s01,formal_u2_family_016_r05,u2_family_016,train,3,6,4,0.49805212020874023,0.9286431074142456,0.75,True,0,offline_teacher_to_causal_s623
formal_u2_family_017_r00_s00,formal_u2_family_017_r00,u2_family_017,train,0,10,11,0.2719404399394989,0.9699661731719971,0.0,True,0,offline_teacher_to_causal_s623
formal_u2_family_017_r00_s01,formal_u2_family_017_r00,u2_family_017,train,11,13,3,0.634412944316864,0.5181251764297485,1.0,True,0,offline_teacher_to_causal_s623
formal_u2_family_017_r00_s02,formal_u2_family_017_r00,u2_family_017,train,14,16,3,0.49599239230155945,0.9323894381523132,0.6666666666666666,True,0,offline_teacher_to_causal_s623
formal_u2_family_017_r00_s03,formal_u2_family_017_r00,u2_family_017,train,17,26,10,0.31253376603126526,0.5063830614089966,0.4,True,0,offline_teacher_to_causal_s623
formal_u2_family_017_r00_s04,formal_u2_family_017_r00,u2_family_017,train,27,29,3,0.5005767941474915,0.6571135520935059,1.0,True,0,offline_teacher_to_causal_s623
formal_u2_family_017_r00_s05,formal_u2_family_017_r00,u2_family_017,train,30,34,5,0.500504732131958,0.9847478270530701,0.8,True,0,offline_teacher_to_causal_s623
formal_u2_family_017_r00_s06,formal_u2_family_017_r00,u2_family_017,train,35,36,2,0.5886926651000977,0.5780887007713318,1.0,True,0,offline_teacher_to_causal_s623
formal_u2_family_017_r01_s00,formal_u2_family_017_r01,u2_family_017,train,0,10,11,0.2729398310184479,0.9713996052742004,0.0,True,0,offline_teacher_to_causal_s623
formal_u2_family_017_r01_s01,formal_u2_family_017_r01,u2_family_017,train,11,13,3,0.6410952210426331,0.5125762224197388,1.0,True,0,offline_teacher_to_causal_s623
formal_u2_family_017_r01_s02,formal_u2_family_017_r01,u2_family_017,train,14,25,12,0.494103342294693,0.5222788453102112,0.5833333333333334,True,0,offline_teacher_to_causal_s623
formal_u2_family_017_r01_s03,formal_u2_family_017_r01,u2_family_017,train,26,32,7,0.6583369970321655,0.9835684895515442,0.8571428571428571,True,0,offline_teacher_to_causal_s623
formal_u2_family_017_r01_s04,formal_u2_family_017_r01,u2_family_017,train,33,34,2,0.5875336527824402,0.5516553521156311,1.0,True,0,offline_teacher_to_causal_s623
formal_u2_family_017_r02_s00,formal_u2_family_017_r02,u2_family_017,train,0,10,11,0.27355924248695374,0.5319288372993469,0.0,False,0,offline_teacher_to_causal_s623
formal_u2_family_017_r02_s01,formal_u2_family_017_r02,u2_family_017,train,11,13,3,0.9765211939811707,0.5174818634986877,0.6666666666666666,True,0,offline_teacher_to_causal_s623
formal_u2_family_017_r02_s02,formal_u2_family_017_r02,u2_family_017,train,14,26,13,0.5005587339401245,0.5055904388427734,0.38461538461538464,True,0,offline_teacher_to_causal_s623
formal_u2_family_017_r02_s03,formal_u2_family_017_r02,u2_family_017,train,27,29,3,0.5029284954071045,0.6540666818618774,1.0,True,0,offline_teacher_to_causal_s623
formal_u2_family_017_r02_s04,formal_u2_family_017_r02,u2_family_017,train,30,33,4,0.501380980014801,0.503209114074707,1.0,True,0,offline_teacher_to_causal_s623
formal_u2_family_017_r02_s05,formal_u2_family_017_r02,u2_family_017,train,34,36,3,0.9854428768157959,0.571513831615448,0.6666666666666666,True,0,offline_teacher_to_causal_s623
formal_u2_family_017_r03_s00,formal_u2_family_017_r03,u2_family_017,train,0,10,11,0.2724604904651642,0.5068038702011108,0.0,False,0,offline_teacher_to_causal_s623
formal_u2_family_017_r03_s01,formal_u2_family_017_r03,u2_family_017,train,11,13,3,0.9751648306846619,0.5206646919250488,0.6666666666666666,True,0,offline_teacher_to_causal_s623
formal_u2_family_017_r03_s02,formal_u2_family_017_r03,u2_family_017,train,14,16,3,0.5081793665885925,0.5040875673294067,1.0,True,0,offline_teacher_to_causal_s623
formal_u2_family_017_r03_s03,formal_u2_family_017_r03,u2_family_017,train,17,27,11,0.9311655759811401,0.648776113986969,0.45454545454545453,True,0,offline_teacher_to_causal_s623
formal_u2_family_017_r03_s04,formal_u2_family_017_r03,u2_family_017,train,28,30,3,0.5092227458953857,0.5073521137237549,1.0,True,0,offline_teacher_to_causal_s623
formal_u2_family_017_r03_s05,formal_u2_family_017_r03,u2_family_017,train,31,33,3,0.9877550005912781,0.5964290499687195,0.6666666666666666,True,0,offline_teacher_to_causal_s623
formal_u2_family_017_r04_s00,formal_u2_family_017_r04,u2_family_017,train,0,10,11,0.2733150124549866,0.5186657309532166,0.0,False,0,offline_teacher_to_causal_s623
formal_u2_family_017_r04_s01,formal_u2_family_017_r04,u2_family_017,train,11,13,3,0.9747470617294312,0.5146926641464233,0.6666666666666666,True,0,offline_teacher_to_causal_s623
formal_u2_family_017_r04_s02,formal_u2_family_017_r04,u2_family_017,train,14,16,3,0.5016365051269531,0.9346412420272827,0.6666666666666666,True,0,offline_teacher_to_causal_s623
formal_u2_family_017_r04_s03,formal_u2_family_017_r04,u2_family_017,train,17,25,9,0.32024437189102173,0.5016323328018188,0.4444444444444444,True,0,offline_teacher_to_causal_s623
formal_u2_family_017_r04_s04,formal_u2_family_017_r04,u2_family_017,train,26,28,3,0.4934869408607483,0.6577343940734863,1.0,True,0,offline_teacher_to_causal_s623
formal_u2_family_017_r04_s05,formal_u2_family_017_r04,u2_family_017,train,29,33,5,0.5007421374320984,0.9846305251121521,0.8,True,0,offline_teacher_to_causal_s623
formal_u2_family_017_r04_s06,formal_u2_family_017_r04,u2_family_017,train,34,35,2,0.580883800983429,0.5127431750297546,1.0,True,0,offline_teacher_to_causal_s623
formal_u2_family_017_r05_s00,formal_u2_family_017_r05,u2_family_017,train,0,10,11,0.2728337049484253,0.5341625809669495,0.0,False,0,offline_teacher_to_causal_s623
formal_u2_family_017_r05_s01,formal_u2_family_017_r05,u2_family_017,train,11,13,3,0.9765956401824951,0.5178020000457764,0.6666666666666666,True,0,offline_teacher_to_causal_s623
formal_u2_family_017_r05_s02,formal_u2_family_017_r05,u2_family_017,train,14,25,12,0.5003325343132019,0.5065391659736633,0.4166666666666667,True,0,offline_teacher_to_causal_s623
formal_u2_family_017_r05_s03,formal_u2_family_017_r05,u2_family_017,train,26,28,3,0.5012776851654053,0.656105101108551,1.0,True,0,offline_teacher_to_causal_s623
formal_u2_family_017_r05_s04,formal_u2_family_017_r05,u2_family_017,train,29,32,4,0.5027926564216614,0.5038995146751404,1.0,True,0,offline_teacher_to_causal_s623
formal_u2_family_017_r05_s05,formal_u2_family_017_r05,u2_family_017,train,33,35,3,0.9855426549911499,0.5664186477661133,0.6666666666666666,True,0,offline_teacher_to_causal_s623
formal_u2_family_018_r00_s00,formal_u2_family_018_r00,u2_family_018,train,0,2,3,0.31838253140449524,0.6722936034202576,0.3333333333333333,True,0,offline_teacher_to_causal_s623
formal_u2_family_018_r00_s01,formal_u2_family_018_r00,u2_family_018,train,3,9,7,0.7003946304321289,0.5031657218933105,1.0,True,0,offline_teacher_to_causal_s623
formal_u2_family_018_r00_s02,formal_u2_family_018_r00,u2_family_018,train,10,20,11,0.4775943160057068,0.9895392060279846,0.9090909090909091,True,0,offline_teacher_to_causal_s623
formal_u2_family_018_r00_s03,formal_u2_family_018_r00,u2_family_018,train,21,22,2,0.5863615274429321,0.5780256986618042,1.0,True,0,offline_teacher_to_causal_s623
formal_u2_family_018_r01_s00,formal_u2_family_018_r01,u2_family_018,train,0,2,3,0.3194354176521301,0.6700582504272461,0.3333333333333333,True,0,offline_teacher_to_causal_s623
formal_u2_family_018_r01_s01,formal_u2_family_018_r01,u2_family_018,train,3,12,10,0.7103374600410461,0.6477915048599243,1.0,True,0,offline_teacher_to_causal_s623
formal_u2_family_018_r01_s02,formal_u2_family_018_r01,u2_family_018,train,13,21,9,0.5508870482444763,0.9889774918556213,0.8888888888888888,True,0,offline_teacher_to_causal_s623
formal_u2_family_018_r01_s03,formal_u2_family_018_r01,u2_family_018,train,22,23,2,0.5776994228363037,0.5509365797042847,1.0,True,0,offline_teacher_to_causal_s623
formal_u2_family_018_r02_s00,formal_u2_family_018_r02,u2_family_018,train,0,2,3,0.32002532482147217,0.6724181771278381,0.3333333333333333,True,0,offline_teacher_to_causal_s623
formal_u2_family_018_r02_s01,formal_u2_family_018_r02,u2_family_018,train,3,8,6,0.7037209868431091,0.5004981756210327,1.0,True,0,offline_teacher_to_causal_s623
formal_u2_family_018_r02_s02,formal_u2_family_018_r02,u2_family_018,train,9,21,13,0.5037883520126343,0.9900069236755371,0.9230769230769231,True,0,offline_teacher_to_causal_s623
formal_u2_family_018_r02_s03,formal_u2_family_018_r02,u2_family_018,train,22,23,2,0.6044094562530518,0.6111746430397034,1.0,True,0,offline_teacher_to_causal_s623
formal_u2_family_018_r03_s00,formal_u2_family_018_r03,u2_family_018,train,0,2,3,0.320091187953949,0.6723707318305969,0.3333333333333333,True,0,offline_teacher_to_causal_s623
formal_u2_family_018_r03_s01,formal_u2_family_018_r03,u2_family_018,train,3,8,6,0.7104307413101196,0.5035330653190613,1.0,True,0,offline_teacher_to_causal_s623
formal_u2_family_018_r03_s02,formal_u2_family_018_r03,u2_family_018,train,9,20,12,0.501399040222168,0.9901060461997986,0.9166666666666666,True,0,offline_teacher_to_causal_s623
formal_u2_family_018_r03_s03,formal_u2_family_018_r03,u2_family_018,train,21,22,2,0.601006031036377,0.604924201965332,1.0,True,0,offline_teacher_to_causal_s623
formal_u2_family_018_r04_s00,formal_u2_family_018_r04,u2_family_018,train,0,2,3,0.31791141629219055,0.6731231808662415,0.3333333333333333,True,0,offline_teacher_to_causal_s623
formal_u2_family_018_r04_s01,formal_u2_family_018_r04,u2_family_018,train,3,12,10,0.705960750579834,0.6419801712036133,1.0,True,0,offline_teacher_to_causal_s623
formal_u2_family_018_r04_s02,formal_u2_family_018_r04,u2_family_018,train,13,22,10,0.5138667225837708,0.9890984296798706,0.9,True,0,offline_teacher_to_causal_s623
formal_u2_family_018_r04_s03,formal_u2_family_018_r04,u2_family_018,train,23,24,2,0.5797742009162903,0.6202100515365601,1.0,True,0,offline_teacher_to_causal_s623
formal_u2_family_018_r05_s00,formal_u2_family_018_r05,u2_family_018,train,0,2,3,0.31703904271125793,0.6728304624557495,0.3333333333333333,True,0,offline_teacher_to_causal_s623
formal_u2_family_018_r05_s01,formal_u2_family_018_r05,u2_family_018,train,3,13,11,0.7105436325073242,0.6573022603988647,1.0,True,0,offline_teacher_to_causal_s623
formal_u2_family_018_r05_s02,formal_u2_family_018_r05,u2_family_018,train,14,22,9,0.5144188404083252,0.9874853491783142,0.8888888888888888,True,0,offline_teacher_to_causal_s623
formal_u2_family_018_r05_s03,formal_u2_family_018_r05,u2_family_018,train,23,24,2,0.5609692931175232,0.5561689138412476,1.0,True,0,offline_teacher_to_causal_s623
formal_u2_family_019_r00_s00,formal_u2_family_019_r00,u2_family_019,train,0,2,3,0.31768739223480225,0.6736607551574707,0.3333333333333333,True,0,offline_teacher_to_causal_s623
formal_u2_family_019_r00_s01,formal_u2_family_019_r00,u2_family_019,train,3,8,6,0.7063449025154114,0.50196772813797,1.0,True,0,offline_teacher_to_causal_s623
formal_u2_family_019_r00_s02,formal_u2_family_019_r00,u2_family_019,train,9,19,11,0.5011048913002014,0.9901878237724304,0.9090909090909091,True,0,offline_teacher_to_causal_s623
formal_u2_family_019_r00_s03,formal_u2_family_019_r00,u2_family_019,train,20,21,2,0.6051673293113708,0.6062158942222595,1.0,True,0,offline_teacher_to_causal_s623
formal_u2_family_019_r01_s00,formal_u2_family_019_r01,u2_family_019,train,0,2,3,0.31653860211372375,0.6735007166862488,0.3333333333333333,True,0,offline_teacher_to_causal_s623
formal_u2_family_019_r01_s01,formal_u2_family_019_r01,u2_family_019,train,3,5,3,0.7125155329704285,0.9592275619506836,0.3333333333333333,True,1,offline_teacher_to_causal_s623
formal_u2_family_019_r01_s02,formal_u2_family_019_r01,u2_family_019,train,6,8,3,0.944859504699707,0.5014544725418091,0.6666666666666666,True,0,offline_teacher_to_causal_s623
formal_u2_family_019_r01_s03,formal_u2_family_019_r01,u2_family_019,train,9,13,5,0.4907168447971344,0.5058087110519409,1.0,True,0,offline_teacher_to_causal_s623
formal_u2_family_019_r01_s04,formal_u2_family_019_r01,u2_family_019,train,14,24,11,0.47755396366119385,0.9893912076950073,0.9090909090909091,True,0,offline_teacher_to_causal_s623
formal_u2_family_019_r01_s05,formal_u2_family_019_r01,u2_family_019,train,25,26,2,0.5854833126068115,0.5399723052978516,1.0,True,0,offline_teacher_to_causal_s623
formal_u2_family_019_r02_s00,formal_u2_family_019_r02,u2_family_019,train,0,2,3,0.3178221881389618,0.6744978427886963,0.3333333333333333,True,0,offline_teacher_to_causal_s623
formal_u2_family_019_r02_s01,formal_u2_family_019_r02,u2_family_019,train,3,5,3,0.711908221244812,0.9599745273590088,0.3333333333333333,True,1,offline_teacher_to_causal_s623
formal_u2_family_019_r02_s02,formal_u2_family_019_r02,u2_family_019,train,6,8,3,0.7213023900985718,0.5795704126358032,0.3333333333333333,False,0,offline_teacher_to_causal_s623
formal_u2_family_019_r02_s03,formal_u2_family_019_r02,u2_family_019,train,9,11,3,0.631673276424408,0.6334400177001953,1.0,False,0,offline_teacher_to_causal_s623
formal_u2_family_019_r02_s04,formal_u2_family_019_r02,u2_family_019,train,12,14,3,0.5768972039222717,0.6490328311920166,1.0,False,0,offline_teacher_to_causal_s623
formal_u2_family_019_r02_s05,formal_u2_family_019_r02,u2_family_019,train,15,17,3,0.6410667300224304,0.6026800274848938,1.0,False,0,offline_teacher_to_causal_s623
formal_u2_family_019_r02_s06,formal_u2_family_019_r02,u2_family_019,train,18,20,3,0.6169995665550232,0.5492172241210938,1.0,False,0,offline_teacher_to_causal_s623
formal_u2_family_019_r02_s07,formal_u2_family_019_r02,u2_family_019,train,21,23,3,0.5908915400505066,0.593348503112793,1.0,False,0,offline_teacher_to_causal_s623
formal_u2_family_019_r02_s08,formal_u2_family_019_r02,u2_family_019,train,24,26,3,0.5291606783866882,0.6228602528572083,1.0,False,0,offline_teacher_to_causal_s623
formal_u2_family_019_r02_s09,formal_u2_family_019_r02,u2_family_019,train,27,29,3,0.5848854184150696,0.5391235947608948,1.0,False,0,offline_teacher_to_causal_s623
formal_u2_family_019_r02_s10,formal_u2_family_019_r02,u2_family_019,train,30,32,3,0.6051085591316223,0.6100851893424988,1.0,False,0,offline_teacher_to_causal_s623
formal_u2_family_019_r02_s11,formal_u2_family_019_r02,u2_family_019,train,33,35,3,0.5438395142555237,0.5163403749465942,1.0,False,0,offline_teacher_to_causal_s623
formal_u2_family_019_r02_s12,formal_u2_family_019_r02,u2_family_019,train,36,38,3,0.5913150906562805,0.5876291394233704,1.0,False,0,offline_teacher_to_causal_s623
formal_u2_family_019_r02_s13,formal_u2_family_019_r02,u2_family_019,train,39,42,4,0.48638054728507996,0.6048243641853333,1.0,False,0,offline_teacher_to_causal_s623
formal_u2_family_019_r02_s14,formal_u2_family_019_r02,u2_family_019,train,43,46,4,0.599957287311554,0.5800227522850037,1.0,False,0,offline_teacher_to_causal_s623
formal_u2_family_019_r02_s15,formal_u2_family_019_r02,u2_family_019,train,47,47,1,0.6163451671600342,0.6163451671600342,1.0,False,0,offline_teacher_to_causal_s623
formal_u2_family_019_r03_s00,formal_u2_family_019_r03,u2_family_019,train,0,2,3,0.3204672932624817,0.6708110570907593,0.3333333333333333,True,0,offline_teacher_to_causal_s623
formal_u2_family_019_r03_s01,formal_u2_family_019_r03,u2_family_019,train,3,5,3,0.7062091827392578,0.961735188961029,0.3333333333333333,True,1,offline_teacher_to_causal_s623
formal_u2_family_019_r03_s02,formal_u2_family_019_r03,u2_family_019,train,6,8,3,0.9503101110458374,0.5031668543815613,0.6666666666666666,True,0,offline_teacher_to_causal_s623
formal_u2_family_019_r03_s03,formal_u2_family_019_r03,u2_family_019,train,9,12,4,0.5006394982337952,0.5090001821517944,1.0,True,0,offline_teacher_to_causal_s623
formal_u2_family_019_r03_s04,formal_u2_family_019_r03,u2_family_019,train,13,22,10,0.4807966351509094,0.9884024262428284,0.9,True,0,offline_teacher_to_causal_s623
formal_u2_family_019_r03_s05,formal_u2_family_019_r03,u2_family_019,train,23,24,2,0.5714684128761292,0.5720585584640503,1.0,True,0,offline_teacher_to_causal_s623
formal_u2_family_019_r04_s00,formal_u2_family_019_r04,u2_family_019,train,0,2,3,0.3194520175457001,0.6723266839981079,0.3333333333333333,True,0,offline_teacher_to_causal_s623
formal_u2_family_019_r04_s01,formal_u2_family_019_r04,u2_family_019,train,3,5,3,0.7082521915435791,0.9593856334686279,0.3333333333333333,True,1,offline_teacher_to_causal_s623
formal_u2_family_019_r04_s02,formal_u2_family_019_r04,u2_family_019,train,6,8,3,0.9426040649414062,0.5028418898582458,0.6666666666666666,True,0,offline_teacher_to_causal_s623
formal_u2_family_019_r04_s03,formal_u2_family_019_r04,u2_family_019,train,9,16,8,0.48992159962654114,0.6560388207435608,1.0,True,0,offline_teacher_to_causal_s623
formal_u2_family_019_r04_s04,formal_u2_family_019_r04,u2_family_019,train,17,25,9,0.5485399961471558,0.9883683323860168,0.8888888888888888,True,0,offline_teacher_to_causal_s623
formal_u2_family_019_r04_s05,formal_u2_family_019_r04,u2_family_019,train,26,27,2,0.5690590143203735,0.5529646277427673,1.0,True,0,offline_teacher_to_causal_s623
formal_u2_family_019_r05_s00,formal_u2_family_019_r05,u2_family_019,train,0,2,3,0.31712937355041504,0.6724528074264526,0.3333333333333333,True,0,offline_teacher_to_causal_s623
formal_u2_family_019_r05_s01,formal_u2_family_019_r05,u2_family_019,train,3,5,3,0.7166588306427002,0.9593742489814758,0.3333333333333333,True,1,offline_teacher_to_causal_s623
formal_u2_family_019_r05_s02,formal_u2_family_019_r05,u2_family_019,train,6,8,3,0.7098513841629028,0.5561591386795044,0.3333333333333333,False,0,offline_teacher_to_causal_s623
formal_u2_family_019_r05_s03,formal_u2_family_019_r05,u2_family_019,train,9,11,3,0.5534108281135559,0.5641358494758606,1.0,False,0,offline_teacher_to_causal_s623
formal_u2_family_019_r05_s04,formal_u2_family_019_r05,u2_family_019,train,12,14,3,0.5751235485076904,0.5869189500808716,1.0,False,0,offline_teacher_to_causal_s623
formal_u2_family_019_r05_s05,formal_u2_family_019_r05,u2_family_019,train,15,17,3,0.640326738357544,0.6538102626800537,1.0,False,0,offline_teacher_to_causal_s623
formal_u2_family_019_r05_s06,formal_u2_family_019_r05,u2_family_019,train,18,20,3,0.594624936580658,0.6309807896614075,1.0,False,0,offline_teacher_to_causal_s623
formal_u2_family_019_r05_s07,formal_u2_family_019_r05,u2_family_019,train,21,23,3,0.6440250873565674,0.5987291932106018,0.6666666666666666,False,0,offline_teacher_to_causal_s623
formal_u2_family_019_r05_s08,formal_u2_family_019_r05,u2_family_019,train,24,26,3,0.662371814250946,0.5460695028305054,1.0,False,0,offline_teacher_to_causal_s623
formal_u2_family_019_r05_s09,formal_u2_family_019_r05,u2_family_019,train,27,29,3,0.6047281622886658,0.5960827469825745,1.0,False,0,offline_teacher_to_causal_s623
formal_u2_family_019_r05_s10,formal_u2_family_019_r05,u2_family_019,train,30,32,3,0.5222421884536743,0.5558494329452515,1.0,False,0,offline_teacher_to_causal_s623
formal_u2_family_019_r05_s11,formal_u2_family_019_r05,u2_family_019,train,33,35,3,0.4966735243797302,0.5388540625572205,1.0,False,0,offline_teacher_to_causal_s623
formal_u2_family_019_r05_s12,formal_u2_family_019_r05,u2_family_019,train,36,39,4,0.5218726396560669,0.5465556979179382,1.0,False,0,offline_teacher_to_causal_s623
formal_u2_family_019_r05_s13,formal_u2_family_019_r05,u2_family_019,train,40,42,3,0.5365227460861206,0.5529363751411438,1.0,False,0,offline_teacher_to_causal_s623
formal_u2_family_019_r05_s14,formal_u2_family_019_r05,u2_family_019,train,43,46,4,0.5068920850753784,0.5414803624153137,1.0,False,0,offline_teacher_to_causal_s623
formal_u2_family_019_r05_s15,formal_u2_family_019_r05,u2_family_019,train,47,47,1,0.4618198275566101,0.4618198275566101,1.0,False,0,offline_teacher_to_causal_s623
formal_u2_family_020_r00_s00,formal_u2_family_020_r00,u2_family_020,train,0,2,3,0.3187679946422577,0.6714250445365906,0.3333333333333333,True,0,offline_teacher_to_causal_s623
formal_u2_family_020_r00_s01,formal_u2_family_020_r00,u2_family_020,train,3,5,3,0.7106137275695801,0.9103084802627563,0.6666666666666666,True,1,offline_teacher_to_causal_s623
formal_u2_family_020_r00_s02,formal_u2_family_020_r00,u2_family_020,train,6,8,3,0.9526391625404358,0.6489257216453552,0.3333333333333333,True,0,offline_teacher_to_causal_s623
formal_u2_family_020_r00_s03,formal_u2_family_020_r00,u2_family_020,train,9,14,6,0.4881258010864258,0.6651965975761414,1.0,True,0,offline_teacher_to_causal_s623
formal_u2_family_020_r00_s04,formal_u2_family_020_r00,u2_family_020,train,15,24,10,0.5076088905334473,0.9881872534751892,0.9,True,0,offline_teacher_to_causal_s623
formal_u2_family_020_r00_s05,formal_u2_family_020_r00,u2_family_020,train,25,26,2,0.570875883102417,0.5699378252029419,1.0,True,0,offline_teacher_to_causal_s623
formal_u2_family_020_r01_s00,formal_u2_family_020_r01,u2_family_020,train,0,2,3,0.318614661693573,0.6709285974502563,0.3333333333333333,True,0,offline_teacher_to_causal_s623
formal_u2_family_020_r01_s01,formal_u2_family_020_r01,u2_family_020,train,3,5,3,0.7094457149505615,0.9103638529777527,0.6666666666666666,True,1,offline_teacher_to_causal_s623
formal_u2_family_020_r01_s02,formal_u2_family_020_r01,u2_family_020,train,6,8,3,0.9515502452850342,0.6514042019844055,0.3333333333333333,True,0,offline_teacher_to_causal_s623
formal_u2_family_020_r01_s03,formal_u2_family_020_r01,u2_family_020,train,9,15,7,0.48682940006256104,0.6645772457122803,1.0,True,0,offline_teacher_to_causal_s623
formal_u2_family_020_r01_s04,formal_u2_family_020_r01,u2_family_020,train,16,23,8,0.5480274558067322,0.9881315231323242,0.875,True,0,offline_teacher_to_causal_s623
formal_u2_family_020_r01_s05,formal_u2_family_020_r01,u2_family_020,train,24,25,2,0.5694612860679626,0.5593301653862,1.0,True,0,offline_teacher_to_causal_s623
formal_u2_family_020_r02_s00,formal_u2_family_020_r02,u2_family_020,train,0,2,3,0.31669971346855164,0.6717193722724915,0.3333333333333333,True,0,offline_teacher_to_causal_s623
formal_u2_family_020_r02_s01,formal_u2_family_020_r02,u2_family_020,train,3,5,3,0.7116000652313232,0.9106618165969849,0.6666666666666666,True,1,offline_teacher_to_causal_s623
formal_u2_family_020_r02_s02,formal_u2_family_020_r02,u2_family_020,train,6,8,3,0.9532672762870789,0.6495867371559143,0.3333333333333333,True,0,offline_teacher_to_causal_s623
formal_u2_family_020_r02_s03,formal_u2_family_020_r02,u2_family_020,train,9,16,8,0.4870838522911072,0.6514500379562378,1.0,True,0,offline_teacher_to_causal_s623
formal_u2_family_020_r02_s04,formal_u2_family_020_r02,u2_family_020,train,17,26,10,0.5121386647224426,0.9884178042411804,0.9,True,0,offline_teacher_to_causal_s623
formal_u2_family_020_r02_s05,formal_u2_family_020_r02,u2_family_020,train,27,28,2,0.5714336037635803,0.5626892447471619,1.0,True,0,offline_teacher_to_causal_s623
formal_u2_family_020_r03_s00,formal_u2_family_020_r03,u2_family_020,train,0,2,3,0.3182298541069031,0.6714987754821777,0.3333333333333333,True,0,offline_teacher_to_causal_s623
formal_u2_family_020_r03_s01,formal_u2_family_020_r03,u2_family_020,train,3,5,3,0.7060291767120361,0.9093169569969177,0.6666666666666666,True,1,offline_teacher_to_causal_s623
formal_u2_family_020_r03_s02,formal_u2_family_020_r03,u2_family_020,train,6,8,3,0.9529871940612793,0.6484711170196533,0.3333333333333333,True,0,offline_teacher_to_causal_s623
formal_u2_family_020_r03_s03,formal_u2_family_020_r03,u2_family_020,train,9,22,14,0.4875620901584625,0.9897991418838501,0.9285714285714286,True,0,offline_teacher_to_causal_s623
formal_u2_family_020_r03_s04,formal_u2_family_020_r03,u2_family_020,train,23,24,2,0.595578670501709,0.60164475440979,1.0,True,0,offline_teacher_to_causal_s623
formal_u2_family_020_r04_s00,formal_u2_family_020_r04,u2_family_020,train,0,2,3,0.3191062808036804,0.6739166975021362,0.3333333333333333,True,0,offline_teacher_to_causal_s623
formal_u2_family_020_r04_s01,formal_u2_family_020_r04,u2_family_020,train,3,5,3,0.7091132998466492,0.911288857460022,0.6666666666666666,True,1,offline_teacher_to_causal_s623
formal_u2_family_020_r04_s02,formal_u2_family_020_r04,u2_family_020,train,6,8,3,0.9536678194999695,0.6495704054832458,0.3333333333333333,True,0,offline_teacher_to_causal_s623
formal_u2_family_020_r04_s03,formal_u2_family_020_r04,u2_family_020,train,9,24,16,0.48869675397872925,0.9894030094146729,0.9375,True,0,offline_teacher_to_causal_s623
formal_u2_family_020_r04_s04,formal_u2_family_020_r04,u2_family_020,train,25,26,2,0.5845736861228943,0.5413485169410706,1.0,True,0,offline_teacher_to_causal_s623
formal_u2_family_020_r05_s00,formal_u2_family_020_r05,u2_family_020,train,0,2,3,0.31813758611679077,0.6717051863670349,0.3333333333333333,True,0,offline_teacher_to_causal_s623
formal_u2_family_020_r05_s01,formal_u2_family_020_r05,u2_family_020,train,3,5,3,0.7074888944625854,0.9103436470031738,0.6666666666666666,True,1,offline_teacher_to_causal_s623
formal_u2_family_020_r05_s02,formal_u2_family_020_r05,u2_family_020,train,6,8,3,0.9532533884048462,0.6494611501693726,0.3333333333333333,True,0,offline_teacher_to_causal_s623
formal_u2_family_020_r05_s03,formal_u2_family_020_r05,u2_family_020,train,9,16,8,0.4846786558628082,0.6523515582084656,1.0,True,0,offline_teacher_to_causal_s623
formal_u2_family_020_r05_s04,formal_u2_family_020_r05,u2_family_020,train,17,24,8,0.5543676614761353,0.9884614944458008,0.875,True,0,offline_teacher_to_causal_s623
formal_u2_family_020_r05_s05,formal_u2_family_020_r05,u2_family_020,train,25,26,2,0.5706636905670166,0.5806668400764465,1.0,True,0,offline_teacher_to_causal_s623
formal_u2_family_021_r00_s00,formal_u2_family_021_r00,u2_family_021,train,0,2,3,0.3192795515060425,0.6720240712165833,0.3333333333333333,True,0,offline_teacher_to_causal_s623
formal_u2_family_021_r00_s01,formal_u2_family_021_r00,u2_family_021,train,3,11,9,0.710852861404419,0.6473978161811829,1.0,True,0,offline_teacher_to_causal_s623
formal_u2_family_021_r00_s02,formal_u2_family_021_r00,u2_family_021,train,12,22,11,0.5093475580215454,0.9893195629119873,0.9090909090909091,True,0,offline_teacher_to_causal_s623
formal_u2_family_021_r00_s03,formal_u2_family_021_r00,u2_family_021,train,23,24,2,0.5873978734016418,0.6065319776535034,1.0,True,0,offline_teacher_to_causal_s623
formal_u2_family_021_r01_s00,formal_u2_family_021_r01,u2_family_021,train,0,2,3,0.318594366312027,0.6724849343299866,0.3333333333333333,True,0,offline_teacher_to_causal_s623
formal_u2_family_021_r01_s01,formal_u2_family_021_r01,u2_family_021,train,3,8,6,0.7074291110038757,0.5024735927581787,1.0,True,0,offline_teacher_to_causal_s623
formal_u2_family_021_r01_s02,formal_u2_family_021_r01,u2_family_021,train,9,13,5,0.5027249455451965,0.6332777142524719,1.0,True,0,offline_teacher_to_causal_s623
formal_u2_family_021_r01_s03,formal_u2_family_021_r01,u2_family_021,train,14,23,10,0.5140095949172974,0.9884161949157715,0.9,True,0,offline_teacher_to_causal_s623
formal_u2_family_021_r01_s04,formal_u2_family_021_r01,u2_family_021,train,24,25,2,0.5770877599716187,0.5715697407722473,1.0,True,0,offline_teacher_to_causal_s623
formal_u2_family_021_r02_s00,formal_u2_family_021_r02,u2_family_021,train,0,2,3,0.3178877532482147,0.6711862683296204,0.3333333333333333,True,0,offline_teacher_to_causal_s623
formal_u2_family_021_r02_s01,formal_u2_family_021_r02,u2_family_021,train,3,8,6,0.7141364216804504,0.5034393072128296,1.0,True,0,offline_teacher_to_causal_s623
formal_u2_family_021_r02_s02,formal_u2_family_021_r02,u2_family_021,train,9,20,12,0.5032365918159485,0.9895015358924866,0.9166666666666666,True,0,offline_teacher_to_causal_s623
formal_u2_family_021_r02_s03,formal_u2_family_021_r02,u2_family_021,train,21,22,2,0.5876588821411133,0.5520362854003906,1.0,True,0,offline_teacher_to_causal_s623
formal_u2_family_021_r03_s00,formal_u2_family_021_r03,u2_family_021,train,0,2,3,0.3198739290237427,0.6725751161575317,0.3333333333333333,True,0,offline_teacher_to_causal_s623
formal_u2_family_021_r03_s01,formal_u2_family_021_r03,u2_family_021,train,3,11,9,0.706121563911438,0.6474767327308655,1.0,True,0,offline_teacher_to_causal_s623
formal_u2_family_021_r03_s02,formal_u2_family_021_r03,u2_family_021,train,12,20,9,0.5459038019180298,0.9897251129150391,0.8888888888888888,True,0,offline_teacher_to_causal_s623
formal_u2_family_021_r03_s03,formal_u2_family_021_r03,u2_family_021,train,21,22,2,0.5935367941856384,0.5840976238250732,1.0,True,0,offline_teacher_to_causal_s623
formal_u2_family_021_r04_s00,formal_u2_family_021_r04,u2_family_021,train,0,2,3,0.31799235939979553,0.6732949018478394,0.3333333333333333,True,0,offline_teacher_to_causal_s623
formal_u2_family_021_r04_s01,formal_u2_family_021_r04,u2_family_021,train,3,12,10,0.7135555744171143,0.65261310338974,1.0,True,0,offline_teacher_to_causal_s623
formal_u2_family_021_r04_s02,formal_u2_family_021_r04,u2_family_021,train,13,21,9,0.5495752692222595,0.9892834424972534,0.8888888888888888,True,0,offline_teacher_to_causal_s623
formal_u2_family_021_r04_s03,formal_u2_family_021_r04,u2_family_021,train,22,23,2,0.583331286907196,0.5483981966972351,1.0,True,0,offline_teacher_to_causal_s623
formal_u2_family_021_r05_s00,formal_u2_family_021_r05,u2_family_021,train,0,2,3,0.3195740580558777,0.6703758835792542,0.3333333333333333,True,0,offline_teacher_to_causal_s623
formal_u2_family_021_r05_s01,formal_u2_family_021_r05,u2_family_021,train,3,8,6,0.7092022895812988,0.5031660795211792,1.0,True,0,offline_teacher_to_causal_s623
formal_u2_family_021_r05_s02,formal_u2_family_021_r05,u2_family_021,train,9,20,12,0.5054036378860474,0.9895463585853577,0.9166666666666666,True,0,offline_teacher_to_causal_s623
formal_u2_family_021_r05_s03,formal_u2_family_021_r05,u2_family_021,train,21,22,2,0.5841253995895386,0.5666178464889526,1.0,True,0,offline_teacher_to_causal_s623
formal_u2_family_022_r00_s00,formal_u2_family_022_r00,u2_family_022,train,0,2,3,0.3188413083553314,0.6845072507858276,0.3333333333333333,True,0,offline_teacher_to_causal_s623
formal_u2_family_022_r00_s01,formal_u2_family_022_r00,u2_family_022,train,3,6,4,0.5125564336776733,0.5113561749458313,1.0,True,0,offline_teacher_to_causal_s623
formal_u2_family_022_r00_s02,formal_u2_family_022_r00,u2_family_022,train,7,7,1,0.9269904494285583,0.9269904494285583,0.0,True,0,offline_teacher_to_causal_s623
formal_u2_family_022_r01_s00,formal_u2_family_022_r01,u2_family_022,train,0,2,3,0.31950685381889343,0.6833769679069519,0.3333333333333333,True,0,offline_teacher_to_causal_s623
formal_u2_family_022_r01_s01,formal_u2_family_022_r01,u2_family_022,train,3,5,3,0.5160026550292969,0.5024800896644592,1.0,True,0,offline_teacher_to_causal_s623
formal_u2_family_022_r01_s02,formal_u2_family_022_r01,u2_family_022,train,6,7,2,0.5200634598731995,0.9265598654747009,0.5,True,0,offline_teacher_to_causal_s623
formal_u2_family_022_r02_s00,formal_u2_family_022_r02,u2_family_022,train,0,2,3,0.3197597861289978,0.6840015053749084,0.3333333333333333,True,0,offline_teacher_to_causal_s623
formal_u2_family_022_r02_s01,formal_u2_family_022_r02,u2_family_022,train,3,5,3,0.514523446559906,0.5055823922157288,1.0,True,0,offline_teacher_to_causal_s623
formal_u2_family_022_r02_s02,formal_u2_family_022_r02,u2_family_022,train,6,7,2,0.5195062756538391,0.9259066581726074,0.5,True,0,offline_teacher_to_causal_s623
formal_u2_family_022_r03_s00,formal_u2_family_022_r03,u2_family_022,train,0,2,3,0.321457177400589,0.684023380279541,0.3333333333333333,True,0,offline_teacher_to_causal_s623
formal_u2_family_022_r03_s01,formal_u2_family_022_r03,u2_family_022,train,3,5,3,0.5158110857009888,0.5047711133956909,1.0,True,0,offline_teacher_to_causal_s623
formal_u2_family_022_r03_s02,formal_u2_family_022_r03,u2_family_022,train,6,7,2,0.5175660848617554,0.9275439381599426,0.5,True,0,offline_teacher_to_causal_s623
formal_u2_family_022_r04_s00,formal_u2_family_022_r04,u2_family_022,train,0,2,3,0.3178466856479645,0.6847835779190063,0.3333333333333333,True,0,offline_teacher_to_causal_s623
formal_u2_family_022_r04_s01,formal_u2_family_022_r04,u2_family_022,train,3,5,3,0.518250048160553,0.5036858320236206,1.0,True,0,offline_teacher_to_causal_s623
formal_u2_family_022_r04_s02,formal_u2_family_022_r04,u2_family_022,train,6,7,2,0.5175060629844666,0.9269270300865173,0.5,True,0,offline_teacher_to_causal_s623
formal_u2_family_022_r05_s00,formal_u2_family_022_r05,u2_family_022,train,0,2,3,0.3186078369617462,0.6852237582206726,0.3333333333333333,True,0,offline_teacher_to_causal_s623
formal_u2_family_022_r05_s01,formal_u2_family_022_r05,u2_family_022,train,3,6,4,0.5121578574180603,0.5148892402648926,1.0,True,0,offline_teacher_to_causal_s623
formal_u2_family_022_r05_s02,formal_u2_family_022_r05,u2_family_022,train,7,7,1,0.9263318181037903,0.9263318181037903,0.0,True,0,offline_teacher_to_causal_s623
formal_u2_family_023_r00_s00,formal_u2_family_023_r00,u2_family_023,train,0,10,11,0.251997172832489,0.967431366443634,0.0,True,0,offline_teacher_to_causal_s623
formal_u2_family_023_r00_s01,formal_u2_family_023_r00,u2_family_023,train,11,13,3,0.6263070106506348,0.5213939547538757,1.0,True,0,offline_teacher_to_causal_s623
formal_u2_family_023_r00_s02,formal_u2_family_023_r00,u2_family_023,train,14,17,4,0.5076234936714172,0.5018447637557983,1.0,True,0,offline_teacher_to_causal_s623
formal_u2_family_023_r00_s03,formal_u2_family_023_r00,u2_family_023,train,18,21,4,0.508482038974762,0.5010556578636169,1.0,True,0,offline_teacher_to_causal_s623
formal_u2_family_023_r00_s04,formal_u2_family_023_r00,u2_family_023,train,22,24,3,0.4981919527053833,0.5235982537269592,1.0,True,0,offline_teacher_to_causal_s623
formal_u2_family_023_r00_s05,formal_u2_family_023_r00,u2_family_023,train,25,34,10,0.5232327580451965,0.9889497756958008,0.9,True,0,offline_teacher_to_causal_s623
formal_u2_family_023_r00_s06,formal_u2_family_023_r00,u2_family_023,train,35,36,2,0.5878199338912964,0.5470722317695618,1.0,True,0,offline_teacher_to_causal_s623
formal_u2_family_023_r01_s00,formal_u2_family_023_r01,u2_family_023,train,0,11,12,0.25212252140045166,0.9716222882270813,0.0,True,0,offline_teacher_to_causal_s623
formal_u2_family_023_r01_s01,formal_u2_family_023_r01,u2_family_023,train,12,14,3,0.6319679617881775,0.7329056262969971,1.0,True,0,offline_teacher_to_causal_s623
formal_u2_family_023_r01_s02,formal_u2_family_023_r01,u2_family_023,train,15,17,3,0.5245631337165833,0.5028040409088135,1.0,True,0,offline_teacher_to_causal_s623
formal_u2_family_023_r01_s03,formal_u2_family_023_r01,u2_family_023,train,18,20,3,0.5061547756195068,0.5118705034255981,1.0,True,0,offline_teacher_to_causal_s623
formal_u2_family_023_r01_s04,formal_u2_family_023_r01,u2_family_023,train,21,25,5,0.5176358222961426,0.6357428431510925,1.0,True,0,offline_teacher_to_causal_s623
formal_u2_family_023_r01_s05,formal_u2_family_023_r01,u2_family_023,train,26,34,9,0.5765848159790039,0.9886322617530823,0.8888888888888888,True,0,offline_teacher_to_causal_s623
formal_u2_family_023_r01_s06,formal_u2_family_023_r01,u2_family_023,train,35,36,2,0.5808042287826538,0.6093882918357849,1.0,True,0,offline_teacher_to_causal_s623
formal_u2_family_023_r02_s00,formal_u2_family_023_r02,u2_family_023,train,0,10,11,0.2505386769771576,0.961124062538147,0.0,True,0,offline_teacher_to_causal_s623
formal_u2_family_023_r02_s01,formal_u2_family_023_r02,u2_family_023,train,11,13,3,0.6285844445228577,0.568763256072998,1.0,True,0,offline_teacher_to_causal_s623
formal_u2_family_023_r02_s02,formal_u2_family_023_r02,u2_family_023,train,14,16,3,0.7298913598060608,0.5149678587913513,1.0,True,0,offline_teacher_to_causal_s623
formal_u2_family_023_r02_s03,formal_u2_family_023_r02,u2_family_023,train,17,19,3,0.5055588483810425,0.5106387138366699,1.0,True,0,offline_teacher_to_causal_s623
formal_u2_family_023_r02_s04,formal_u2_family_023_r02,u2_family_023,train,20,29,10,0.4878271818161011,0.990222692489624,0.9,True,0,offline_teacher_to_causal_s623
formal_u2_family_023_r02_s05,formal_u2_family_023_r02,u2_family_023,train,30,31,2,0.6118338704109192,0.6190003752708435,1.0,True,0,offline_teacher_to_causal_s623
formal_u2_family_023_r03_s00,formal_u2_family_023_r03,u2_family_023,train,0,10,11,0.25117164850234985,0.5138056874275208,0.0,False,0,offline_teacher_to_causal_s623
formal_u2_family_023_r03_s01,formal_u2_family_023_r03,u2_family_023,train,11,13,3,0.9753611087799072,0.5161186456680298,0.6666666666666666,True,0,offline_teacher_to_causal_s623
formal_u2_family_023_r03_s02,formal_u2_family_023_r03,u2_family_023,train,14,18,5,0.49883994460105896,0.5073938965797424,1.0,True,0,offline_teacher_to_causal_s623
formal_u2_family_023_r03_s03,formal_u2_family_023_r03,u2_family_023,train,19,23,5,0.5048066973686218,0.6221520304679871,1.0,True,0,offline_teacher_to_causal_s623
formal_u2_family_023_r03_s04,formal_u2_family_023_r03,u2_family_023,train,24,26,3,0.522253155708313,0.5596552491188049,1.0,True,0,offline_teacher_to_causal_s623
formal_u2_family_023_r03_s05,formal_u2_family_023_r03,u2_family_023,train,27,34,8,0.48411816358566284,0.9891996383666992,0.875,True,0,offline_teacher_to_causal_s623
formal_u2_family_023_r03_s06,formal_u2_family_023_r03,u2_family_023,train,35,36,2,0.5982798933982849,0.6045923829078674,1.0,True,0,offline_teacher_to_causal_s623
formal_u2_family_023_r04_s00,formal_u2_family_023_r04,u2_family_023,train,0,10,11,0.2537214756011963,0.9641768932342529,0.0,True,0,offline_teacher_to_causal_s623
formal_u2_family_023_r04_s01,formal_u2_family_023_r04,u2_family_023,train,11,13,3,0.6242173314094543,0.7377939224243164,1.0,True,0,offline_teacher_to_causal_s623
formal_u2_family_023_r04_s02,formal_u2_family_023_r04,u2_family_023,train,14,18,5,0.5275598764419556,0.5021817684173584,1.0,True,0,offline_teacher_to_causal_s623
formal_u2_family_023_r04_s03,formal_u2_family_023_r04,u2_family_023,train,19,28,10,0.49847403168678284,0.5042698979377747,1.0,True,0,offline_teacher_to_causal_s623
formal_u2_family_023_r04_s04,formal_u2_family_023_r04,u2_family_023,train,29,31,3,0.9898881316184998,0.5323576331138611,0.6666666666666666,True,0,offline_teacher_to_causal_s623
formal_u2_family_023_r05_s00,formal_u2_family_023_r05,u2_family_023,train,0,11,12,0.2526090443134308,0.9711018800735474,0.0,True,0,offline_teacher_to_causal_s623
formal_u2_family_023_r05_s01,formal_u2_family_023_r05,u2_family_023,train,12,14,3,0.6256518363952637,0.7210147380828857,1.0,True,0,offline_teacher_to_causal_s623
formal_u2_family_023_r05_s02,formal_u2_family_023_r05,u2_family_023,train,15,17,3,0.5157181620597839,0.500565230846405,1.0,True,0,offline_teacher_to_causal_s623
formal_u2_family_023_r05_s03,formal_u2_family_023_r05,u2_family_023,train,18,20,3,0.5040269494056702,0.5253475308418274,1.0,True,0,offline_teacher_to_causal_s623
formal_u2_family_023_r05_s04,formal_u2_family_023_r05,u2_family_023,train,21,30,10,0.48737144470214844,0.9900505542755127,0.9,True,0,offline_teacher_to_causal_s623
formal_u2_family_023_r05_s05,formal_u2_family_023_r05,u2_family_023,train,31,32,2,0.6040160059928894,0.5906935334205627,1.0,True,0,offline_teacher_to_causal_s623
formal_u2_family_024_r00_s00,formal_u2_family_024_r00,u2_family_024,train,0,2,3,0.34996628761291504,0.6813878417015076,0.3333333333333333,True,0,offline_teacher_to_causal_s623
formal_u2_family_024_r00_s01,formal_u2_family_024_r00,u2_family_024,train,3,6,4,0.5017382502555847,0.9335823655128479,0.75,True,0,offline_teacher_to_causal_s623
formal_u2_family_024_r00_s02,formal_u2_family_024_r00,u2_family_024,train,7,16,10,0.3114127516746521,0.503841757774353,0.4,True,0,offline_teacher_to_causal_s623
formal_u2_family_024_r00_s03,formal_u2_family_024_r00,u2_family_024,train,17,19,3,0.4986969232559204,0.6545823812484741,1.0,True,0,offline_teacher_to_causal_s623
formal_u2_family_024_r00_s04,formal_u2_family_024_r00,u2_family_024,train,20,24,5,0.4974850118160248,0.9838613867759705,0.8,True,0,offline_teacher_to_causal_s623
formal_u2_family_024_r00_s05,formal_u2_family_024_r00,u2_family_024,train,25,26,2,0.5815114378929138,0.5587095022201538,1.0,True,0,offline_teacher_to_causal_s623
formal_u2_family_024_r01_s00,formal_u2_family_024_r01,u2_family_024,train,0,2,3,0.348082035779953,0.6795848608016968,0.3333333333333333,True,0,offline_teacher_to_causal_s623
formal_u2_family_024_r01_s01,formal_u2_family_024_r01,u2_family_024,train,3,6,4,0.49983328580856323,0.9326395988464355,0.75,True,0,offline_teacher_to_causal_s623
formal_u2_family_024_r01_s02,formal_u2_family_024_r01,u2_family_024,train,7,17,11,0.3166988492012024,0.5025824904441833,0.2727272727272727,True,0,offline_teacher_to_causal_s623
formal_u2_family_024_r01_s03,formal_u2_family_024_r01,u2_family_024,train,18,20,3,0.4983522593975067,0.6517748832702637,1.0,True,0,offline_teacher_to_causal_s623
formal_u2_family_024_r01_s04,formal_u2_family_024_r01,u2_family_024,train,21,25,5,0.4974808692932129,0.98450767993927,0.8,True,0,offline_teacher_to_causal_s623
formal_u2_family_024_r01_s05,formal_u2_family_024_r01,u2_family_024,train,26,27,2,0.5859771966934204,0.5590668320655823,1.0,True,0,offline_teacher_to_causal_s623
formal_u2_family_024_r02_s00,formal_u2_family_024_r02,u2_family_024,train,0,2,3,0.34989702701568604,0.6780663728713989,0.3333333333333333,True,0,offline_teacher_to_causal_s623
formal_u2_family_024_r02_s01,formal_u2_family_024_r02,u2_family_024,train,3,6,4,0.5003674030303955,0.9329735636711121,0.75,True,0,offline_teacher_to_causal_s623
formal_u2_family_024_r02_s02,formal_u2_family_024_r02,u2_family_024,train,7,16,10,0.31118690967559814,0.5042586922645569,0.4,True,0,offline_teacher_to_causal_s623
formal_u2_family_024_r02_s03,formal_u2_family_024_r02,u2_family_024,train,17,19,3,0.4987671375274658,0.6508934497833252,1.0,True,0,offline_teacher_to_causal_s623
formal_u2_family_024_r02_s04,formal_u2_family_024_r02,u2_family_024,train,20,25,6,0.49959346652030945,0.9848413467407227,0.8333333333333334,True,0,offline_teacher_to_causal_s623
formal_u2_family_024_r02_s05,formal_u2_family_024_r02,u2_family_024,train,26,27,2,0.5861127376556396,0.5718834400177002,1.0,True,0,offline_teacher_to_causal_s623
formal_u2_family_024_r03_s00,formal_u2_family_024_r03,u2_family_024,train,0,2,3,0.34799298644065857,0.6826410293579102,0.3333333333333333,True,0,offline_teacher_to_causal_s623
formal_u2_family_024_r03_s01,formal_u2_family_024_r03,u2_family_024,train,3,6,4,0.500820517539978,0.9317672252655029,0.75,True,0,offline_teacher_to_causal_s623
formal_u2_family_024_r03_s02,formal_u2_family_024_r03,u2_family_024,train,7,15,9,0.31461068987846375,0.5016818046569824,0.4444444444444444,True,0,offline_teacher_to_causal_s623
formal_u2_family_024_r03_s03,formal_u2_family_024_r03,u2_family_024,train,16,18,3,0.49540725350379944,0.6486790180206299,1.0,True,0,offline_teacher_to_causal_s623
formal_u2_family_024_r03_s04,formal_u2_family_024_r03,u2_family_024,train,19,23,5,0.5000637173652649,0.98549485206604,0.8,True,0,offline_teacher_to_causal_s623
formal_u2_family_024_r03_s05,formal_u2_family_024_r03,u2_family_024,train,24,25,2,0.5865099430084229,0.5802924633026123,1.0,True,0,offline_teacher_to_causal_s623
formal_u2_family_024_r04_s00,formal_u2_family_024_r04,u2_family_024,train,0,2,3,0.35047999024391174,0.6791998147964478,0.3333333333333333,True,0,offline_teacher_to_causal_s623
formal_u2_family_024_r04_s01,formal_u2_family_024_r04,u2_family_024,train,3,6,4,0.4971705675125122,0.9319861531257629,0.75,True,0,offline_teacher_to_causal_s623
formal_u2_family_024_r04_s02,formal_u2_family_024_r04,u2_family_024,train,7,17,11,0.3100111186504364,0.5034642219543457,0.2727272727272727,True,0,offline_teacher_to_causal_s623
formal_u2_family_024_r04_s03,formal_u2_family_024_r04,u2_family_024,train,18,20,3,0.501046895980835,0.6526992321014404,1.0,True,0,offline_teacher_to_causal_s623
formal_u2_family_024_r04_s04,formal_u2_family_024_r04,u2_family_024,train,21,25,5,0.5001904964447021,0.9846909642219543,0.8,True,0,offline_teacher_to_causal_s623
formal_u2_family_024_r04_s05,formal_u2_family_024_r04,u2_family_024,train,26,27,2,0.5811798572540283,0.5421256422996521,1.0,True,0,offline_teacher_to_causal_s623
formal_u2_family_024_r05_s00,formal_u2_family_024_r05,u2_family_024,train,0,2,3,0.3485594689846039,0.6803422570228577,0.3333333333333333,True,0,offline_teacher_to_causal_s623
formal_u2_family_024_r05_s01,formal_u2_family_024_r05,u2_family_024,train,3,6,4,0.49858489632606506,0.9332195520401001,0.75,True,0,offline_teacher_to_causal_s623
formal_u2_family_024_r05_s02,formal_u2_family_024_r05,u2_family_024,train,7,15,9,0.3131547272205353,0.5025665760040283,0.4444444444444444,True,0,offline_teacher_to_causal_s623
formal_u2_family_024_r05_s03,formal_u2_family_024_r05,u2_family_024,train,16,18,3,0.49778223037719727,0.5081968903541565,1.0,True,0,offline_teacher_to_causal_s623
formal_u2_family_024_r05_s04,formal_u2_family_024_r05,u2_family_024,train,19,25,7,0.6470062136650085,0.9843632578849792,0.8571428571428571,True,0,offline_teacher_to_causal_s623
formal_u2_family_024_r05_s05,formal_u2_family_024_r05,u2_family_024,train,26,27,2,0.5895177125930786,0.5790653824806213,1.0,True,0,offline_teacher_to_causal_s623
formal_u2_family_025_r00_s00,formal_u2_family_025_r00,u2_family_025,train,0,2,3,0.8886139392852783,0.5064259767532349,0.6666666666666666,True,0,offline_teacher_to_causal_s623
formal_u2_family_025_r00_s01,formal_u2_family_025_r00,u2_family_025,train,3,5,3,0.4899859130382538,0.9679923057556152,0.3333333333333333,True,1,offline_teacher_to_causal_s623
formal_u2_family_025_r00_s02,formal_u2_family_025_r00,u2_family_025,train,6,8,3,0.9381453990936279,0.5188480615615845,0.3333333333333333,True,0,offline_teacher_to_causal_s623
formal_u2_family_025_r00_s03,formal_u2_family_025_r00,u2_family_025,train,9,17,9,0.46148422360420227,0.5035896897315979,0.5555555555555556,True,0,offline_teacher_to_causal_s623
formal_u2_family_025_r00_s04,formal_u2_family_025_r00,u2_family_025,train,18,20,3,0.4960147738456726,0.6566995978355408,1.0,True,0,offline_teacher_to_causal_s623
formal_u2_family_025_r00_s05,formal_u2_family_025_r00,u2_family_025,train,21,24,4,0.5002910494804382,0.5027338266372681,1.0,True,0,offline_teacher_to_causal_s623
formal_u2_family_025_r00_s06,formal_u2_family_025_r00,u2_family_025,train,25,27,3,0.48804420232772827,0.5834941864013672,0.6666666666666666,True,0,offline_teacher_to_causal_s623
formal_u2_family_025_r00_s07,formal_u2_family_025_r00,u2_family_025,train,28,28,1,0.532812774181366,0.532812774181366,1.0,True,0,offline_teacher_to_causal_s623
formal_u2_family_025_r01_s00,formal_u2_family_025_r01,u2_family_025,train,0,2,3,0.34964078664779663,0.6814675331115723,0.3333333333333333,True,0,offline_teacher_to_causal_s623
formal_u2_family_025_r01_s01,formal_u2_family_025_r01,u2_family_025,train,3,5,3,0.50022292137146,0.9656246304512024,0.3333333333333333,True,1,offline_teacher_to_causal_s623
formal_u2_family_025_r01_s02,formal_u2_family_025_r01,u2_family_025,train,6,8,3,0.953871488571167,0.5242669582366943,0.0,True,0,offline_teacher_to_causal_s623
formal_u2_family_025_r01_s03,formal_u2_family_025_r01,u2_family_025,train,9,19,11,0.4800844192504883,0.5060879588127136,0.45454545454545453,True,0,offline_teacher_to_causal_s623
formal_u2_family_025_r01_s04,formal_u2_family_025_r01,u2_family_025,train,20,22,3,0.5011305809020996,0.660041332244873,1.0,True,0,offline_teacher_to_causal_s623
formal_u2_family_025_r01_s05,formal_u2_family_025_r01,u2_family_025,train,23,26,4,0.5015889406204224,0.5018088817596436,1.0,True,0,offline_teacher_to_causal_s623
formal_u2_family_025_r01_s06,formal_u2_family_025_r01,u2_family_025,train,27,29,3,0.9844433069229126,0.5707696080207825,0.6666666666666666,True,0,offline_teacher_to_causal_s623
formal_u2_family_025_r02_s00,formal_u2_family_025_r02,u2_family_025,train,0,2,3,0.34771254658699036,0.6813090443611145,0.3333333333333333,True,0,offline_teacher_to_causal_s623
formal_u2_family_025_r02_s01,formal_u2_family_025_r02,u2_family_025,train,3,6,4,0.5001701712608337,0.9327244758605957,0.75,True,0,offline_teacher_to_causal_s623
formal_u2_family_025_r02_s02,formal_u2_family_025_r02,u2_family_025,train,7,15,9,0.31497520208358765,0.5016148686408997,0.4444444444444444,True,0,offline_teacher_to_causal_s623
formal_u2_family_025_r02_s03,formal_u2_family_025_r02,u2_family_025,train,16,18,3,0.4942469298839569,0.6522681713104248,1.0,True,0,offline_teacher_to_causal_s623
formal_u2_family_025_r02_s04,formal_u2_family_025_r02,u2_family_025,train,19,24,6,0.501132071018219,0.9827116131782532,0.8333333333333334,True,0,offline_teacher_to_causal_s623
formal_u2_family_025_r02_s05,formal_u2_family_025_r02,u2_family_025,train,25,26,2,0.5841740369796753,0.517761766910553,1.0,True,0,offline_teacher_to_causal_s623
formal_u2_family_025_r03_s00,formal_u2_family_025_r03,u2_family_025,train,0,2,3,0.34952935576438904,0.6796097755432129,0.3333333333333333,True,0,offline_teacher_to_causal_s623
formal_u2_family_025_r03_s01,formal_u2_family_025_r03,u2_family_025,train,3,5,3,0.4964202642440796,0.9350496530532837,0.6666666666666666,True,0,offline_teacher_to_causal_s623
formal_u2_family_025_r03_s02,formal_u2_family_025_r03,u2_family_025,train,6,16,11,0.34239840507507324,0.5098227858543396,0.5454545454545454,True,0,offline_teacher_to_causal_s623
formal_u2_family_025_r03_s03,formal_u2_family_025_r03,u2_family_025,train,17,22,6,0.6516368389129639,0.9841462969779968,0.8333333333333334,True,0,offline_teacher_to_causal_s623
formal_u2_family_025_r03_s04,formal_u2_family_025_r03,u2_family_025,train,23,24,2,0.58158940076828,0.5584492683410645,1.0,True,0,offline_teacher_to_causal_s623
formal_u2_family_025_r04_s00,formal_u2_family_025_r04,u2_family_025,train,0,2,3,0.3485378921031952,0.6770654320716858,0.3333333333333333,True,0,offline_teacher_to_causal_s623
formal_u2_family_025_r04_s01,formal_u2_family_025_r04,u2_family_025,train,3,5,3,0.49868524074554443,0.9352735877037048,0.6666666666666666,True,0,offline_teacher_to_causal_s623
formal_u2_family_025_r04_s02,formal_u2_family_025_r04,u2_family_025,train,6,17,12,0.34494227170944214,0.503079354763031,0.25,True,0,offline_teacher_to_causal_s623
formal_u2_family_025_r04_s03,formal_u2_family_025_r04,u2_family_025,train,18,20,3,0.5016083121299744,0.6524345278739929,1.0,True,0,offline_teacher_to_causal_s623
formal_u2_family_025_r04_s04,formal_u2_family_025_r04,u2_family_025,train,21,25,5,0.49816805124282837,0.985273540019989,0.8,True,0,offline_teacher_to_causal_s623
formal_u2_family_025_r04_s05,formal_u2_family_025_r04,u2_family_025,train,26,27,2,0.5893661975860596,0.559389054775238,1.0,True,0,offline_teacher_to_causal_s623
formal_u2_family_025_r05_s00,formal_u2_family_025_r05,u2_family_025,train,0,2,3,0.3490494191646576,0.6780414581298828,0.3333333333333333,True,0,offline_teacher_to_causal_s623
formal_u2_family_025_r05_s01,formal_u2_family_025_r05,u2_family_025,train,3,5,3,0.4967498183250427,0.9356659054756165,0.6666666666666666,True,0,offline_teacher_to_causal_s623
formal_u2_family_025_r05_s02,formal_u2_family_025_r05,u2_family_025,train,6,17,12,0.348238468170166,0.5042005181312561,0.25,True,0,offline_teacher_to_causal_s623
formal_u2_family_025_r05_s03,formal_u2_family_025_r05,u2_family_025,train,18,20,3,0.502172589302063,0.508441686630249,1.0,True,0,offline_teacher_to_causal_s623
formal_u2_family_025_r05_s04,formal_u2_family_025_r05,u2_family_025,train,21,27,7,0.6444686055183411,0.9847507476806641,0.8571428571428571,True,0,offline_teacher_to_causal_s623
formal_u2_family_025_r05_s05,formal_u2_family_025_r05,u2_family_025,train,28,29,2,0.589874804019928,0.6015693545341492,1.0,True,0,offline_teacher_to_causal_s623
formal_u2_family_026_r00_s00,formal_u2_family_026_r00,u2_family_026,train,0,2,3,0.3493817448616028,0.6800234913825989,0.3333333333333333,True,0,offline_teacher_to_causal_s623
formal_u2_family_026_r00_s01,formal_u2_family_026_r00,u2_family_026,train,3,5,3,0.4957140386104584,0.9653093814849854,0.3333333333333333,True,1,offline_teacher_to_causal_s623
formal_u2_family_026_r00_s02,formal_u2_family_026_r00,u2_family_026,train,6,8,3,0.9429201483726501,0.9223122596740723,0.3333333333333333,True,0,offline_teacher_to_causal_s623
formal_u2_family_026_r00_s03,formal_u2_family_026_r00,u2_family_026,train,9,19,11,0.3950457274913788,0.506712794303894,0.7272727272727273,True,0,offline_teacher_to_causal_s623
formal_u2_family_026_r00_s04,formal_u2_family_026_r00,u2_family_026,train,20,22,3,0.6487498879432678,0.5079175233840942,1.0,True,0,offline_teacher_to_causal_s623
formal_u2_family_026_r00_s05,formal_u2_family_026_r00,u2_family_026,train,23,25,3,0.4993050694465637,0.5905049443244934,0.6666666666666666,True,0,offline_teacher_to_causal_s623
formal_u2_family_026_r00_s06,formal_u2_family_026_r00,u2_family_026,train,26,26,1,0.5767334699630737,0.5767334699630737,1.0,True,0,offline_teacher_to_causal_s623
formal_u2_family_026_r01_s00,formal_u2_family_026_r01,u2_family_026,train,0,2,3,0.34899020195007324,0.6830943822860718,0.3333333333333333,True,0,offline_teacher_to_causal_s623
formal_u2_family_026_r01_s01,formal_u2_family_026_r01,u2_family_026,train,3,5,3,0.5019659399986267,0.9659767746925354,0.3333333333333333,True,1,offline_teacher_to_causal_s623
formal_u2_family_026_r01_s02,formal_u2_family_026_r01,u2_family_026,train,6,8,3,0.9440615177154541,0.5001941323280334,0.6666666666666666,True,0,offline_teacher_to_causal_s623
formal_u2_family_026_r01_s03,formal_u2_family_026_r01,u2_family_026,train,9,19,11,0.9380357265472412,0.5002611875534058,0.36363636363636365,True,0,offline_teacher_to_causal_s623
formal_u2_family_026_r01_s04,formal_u2_family_026_r01,u2_family_026,train,20,22,3,0.49358487129211426,0.6496802568435669,1.0,True,0,offline_teacher_to_causal_s623
formal_u2_family_026_r01_s05,formal_u2_family_026_r01,u2_family_026,train,23,28,6,0.496608167886734,0.9828490614891052,0.8333333333333334,True,0,offline_teacher_to_causal_s623
formal_u2_family_026_r01_s06,formal_u2_family_026_r01,u2_family_026,train,29,30,2,0.5811933875083923,0.529329776763916,1.0,True,0,offline_teacher_to_causal_s623
formal_u2_family_026_r02_s00,formal_u2_family_026_r02,u2_family_026,train,0,2,3,0.3517916798591614,0.6796545386314392,0.3333333333333333,True,0,offline_teacher_to_causal_s623
formal_u2_family_026_r02_s01,formal_u2_family_026_r02,u2_family_026,train,3,5,3,0.4971541464328766,0.9649749398231506,0.3333333333333333,True,1,offline_teacher_to_causal_s623
formal_u2_family_026_r02_s02,formal_u2_family_026_r02,u2_family_026,train,6,18,13,0.9444395303726196,0.5023369193077087,0.38461538461538464,True,0,offline_teacher_to_causal_s623
formal_u2_family_026_r02_s03,formal_u2_family_026_r02,u2_family_026,train,19,21,3,0.49336719512939453,0.6546952724456787,1.0,True,0,offline_teacher_to_causal_s623
formal_u2_family_026_r02_s04,formal_u2_family_026_r02,u2_family_026,train,22,26,5,0.500889003276825,0.9850039482116699,0.8,True,0,offline_teacher_to_causal_s623
formal_u2_family_026_r02_s05,formal_u2_family_026_r02,u2_family_026,train,27,28,2,0.5906816124916077,0.6004645228385925,1.0,True,0,offline_teacher_to_causal_s623
formal_u2_family_026_r03_s00,formal_u2_family_026_r03,u2_family_026,train,0,2,3,0.3483295738697052,0.6787357926368713,0.3333333333333333,True,0,offline_teacher_to_causal_s623
formal_u2_family_026_r03_s01,formal_u2_family_026_r03,u2_family_026,train,3,5,3,0.49608200788497925,0.9654349088668823,0.3333333333333333,True,1,offline_teacher_to_causal_s623
formal_u2_family_026_r03_s02,formal_u2_family_026_r03,u2_family_026,train,6,17,12,0.9416391253471375,0.6528998017311096,0.5833333333333334,True,0,offline_teacher_to_causal_s623
formal_u2_family_026_r03_s03,formal_u2_family_026_r03,u2_family_026,train,18,20,3,0.5016116499900818,0.5176888704299927,1.0,True,0,offline_teacher_to_causal_s623
formal_u2_family_026_r03_s04,formal_u2_family_026_r03,u2_family_026,train,21,23,3,0.5184632539749146,0.5927407145500183,0.6666666666666666,True,0,offline_teacher_to_causal_s623
formal_u2_family_026_r03_s05,formal_u2_family_026_r03,u2_family_026,train,24,24,1,0.5293265581130981,0.5293265581130981,1.0,True,0,offline_teacher_to_causal_s623
formal_u2_family_026_r04_s00,formal_u2_family_026_r04,u2_family_026,train,0,2,3,0.3496031165122986,0.6805335879325867,0.3333333333333333,True,0,offline_teacher_to_causal_s623
formal_u2_family_026_r04_s01,formal_u2_family_026_r04,u2_family_026,train,3,5,3,0.4983901381492615,0.9652137756347656,0.3333333333333333,True,1,offline_teacher_to_causal_s623
formal_u2_family_026_r04_s02,formal_u2_family_026_r04,u2_family_026,train,6,8,3,0.9474746584892273,0.5024646520614624,0.6666666666666666,True,0,offline_teacher_to_causal_s623
formal_u2_family_026_r04_s03,formal_u2_family_026_r04,u2_family_026,train,9,18,10,0.9372977018356323,0.638928234577179,0.6,True,0,offline_teacher_to_causal_s623
formal_u2_family_026_r04_s04,formal_u2_family_026_r04,u2_family_026,train,19,21,3,0.4959864616394043,0.9883317351341248,0.6666666666666666,True,0,offline_teacher_to_causal_s623
formal_u2_family_026_r04_s05,formal_u2_family_026_r04,u2_family_026,train,22,23,2,0.5950387716293335,0.5728168487548828,1.0,True,0,offline_teacher_to_causal_s623
formal_u2_family_026_r05_s00,formal_u2_family_026_r05,u2_family_026,train,0,2,3,0.3490280210971832,0.6773380041122437,0.3333333333333333,True,0,offline_teacher_to_causal_s623
formal_u2_family_026_r05_s01,formal_u2_family_026_r05,u2_family_026,train,3,5,3,0.49524760246276855,0.965641975402832,0.3333333333333333,True,1,offline_teacher_to_causal_s623
formal_u2_family_026_r05_s02,formal_u2_family_026_r05,u2_family_026,train,6,8,3,0.9424954056739807,0.9213894605636597,0.3333333333333333,True,0,offline_teacher_to_causal_s623
formal_u2_family_026_r05_s03,formal_u2_family_026_r05,u2_family_026,train,9,19,11,0.3922017812728882,0.5065321922302246,0.6363636363636364,True,0,offline_teacher_to_causal_s623
formal_u2_family_026_r05_s04,formal_u2_family_026_r05,u2_family_026,train,20,22,3,0.6541531085968018,0.504050612449646,1.0,True,0,offline_teacher_to_causal_s623
formal_u2_family_026_r05_s05,formal_u2_family_026_r05,u2_family_026,train,23,25,3,0.48972663283348083,0.9842631220817566,0.6666666666666666,True,0,offline_teacher_to_causal_s623
formal_u2_family_026_r05_s06,formal_u2_family_026_r05,u2_family_026,train,26,27,2,0.5842174887657166,0.5153607726097107,1.0,True,0,offline_teacher_to_causal_s623
formal_u2_family_027_r00_s00,formal_u2_family_027_r00,u2_family_027,train,0,2,3,0.3498983085155487,0.6834322810173035,0.3333333333333333,True,0,offline_teacher_to_causal_s623
formal_u2_family_027_r00_s01,formal_u2_family_027_r00,u2_family_027,train,3,5,3,0.5007614493370056,0.9348883032798767,0.6666666666666666,True,0,offline_teacher_to_causal_s623
formal_u2_family_027_r00_s02,formal_u2_family_027_r00,u2_family_027,train,6,16,11,0.3502788543701172,0.5153855085372925,0.5454545454545454,True,0,offline_teacher_to_causal_s623
formal_u2_family_027_r00_s03,formal_u2_family_027_r00,u2_family_027,train,17,21,5,0.6503860950469971,0.9862017035484314,0.8,True,0,offline_teacher_to_causal_s623
formal_u2_family_027_r00_s04,formal_u2_family_027_r00,u2_family_027,train,22,23,2,0.5829015970230103,0.5891152620315552,1.0,True,0,offline_teacher_to_causal_s623
formal_u2_family_027_r01_s00,formal_u2_family_027_r01,u2_family_027,train,0,2,3,0.3500996232032776,0.6818081736564636,0.3333333333333333,True,0,offline_teacher_to_causal_s623
formal_u2_family_027_r01_s01,formal_u2_family_027_r01,u2_family_027,train,3,6,4,0.500450849533081,0.9333792924880981,0.75,True,0,offline_teacher_to_causal_s623
formal_u2_family_027_r01_s02,formal_u2_family_027_r01,u2_family_027,train,7,17,11,0.32125264406204224,0.504119336605072,0.2727272727272727,True,0,offline_teacher_to_causal_s623
formal_u2_family_027_r01_s03,formal_u2_family_027_r01,u2_family_027,train,18,20,3,0.49784141778945923,0.6530016660690308,1.0,True,0,offline_teacher_to_causal_s623
formal_u2_family_027_r01_s04,formal_u2_family_027_r01,u2_family_027,train,21,25,5,0.5005599856376648,0.9852546453475952,0.8,True,0,offline_teacher_to_causal_s623
formal_u2_family_027_r01_s05,formal_u2_family_027_r01,u2_family_027,train,26,27,2,0.5861258506774902,0.5904834270477295,1.0,True,0,offline_teacher_to_causal_s623
formal_u2_family_027_r02_s00,formal_u2_family_027_r02,u2_family_027,train,0,2,3,0.3513199985027313,0.6776286959648132,0.3333333333333333,True,0,offline_teacher_to_causal_s623
formal_u2_family_027_r02_s01,formal_u2_family_027_r02,u2_family_027,train,3,5,3,0.4950878322124481,0.9362897872924805,0.6666666666666666,True,0,offline_teacher_to_causal_s623
formal_u2_family_027_r02_s02,formal_u2_family_027_r02,u2_family_027,train,6,17,12,0.3419208526611328,0.6588109731674194,0.5,True,0,offline_teacher_to_causal_s623
formal_u2_family_027_r02_s03,formal_u2_family_027_r02,u2_family_027,train,18,21,4,0.5055471062660217,0.5003350973129272,1.0,True,0,offline_teacher_to_causal_s623
formal_u2_family_027_r02_s04,formal_u2_family_027_r02,u2_family_027,train,22,24,3,0.48316332697868347,0.5843898057937622,0.6666666666666666,True,0,offline_teacher_to_causal_s623
formal_u2_family_027_r02_s05,formal_u2_family_027_r02,u2_family_027,train,25,25,1,0.5242599248886108,0.5242599248886108,1.0,True,0,offline_teacher_to_causal_s623
formal_u2_family_027_r03_s00,formal_u2_family_027_r03,u2_family_027,train,0,2,3,0.35199645161628723,0.6858709454536438,0.3333333333333333,True,0,offline_teacher_to_causal_s623
formal_u2_family_027_r03_s01,formal_u2_family_027_r03,u2_family_027,train,3,6,4,0.5024468898773193,0.9323108792304993,0.75,True,0,offline_teacher_to_causal_s623
formal_u2_family_027_r03_s02,formal_u2_family_027_r03,u2_family_027,train,7,16,10,0.318136990070343,0.5017797946929932,0.4,True,0,offline_teacher_to_causal_s623
formal_u2_family_027_r03_s03,formal_u2_family_027_r03,u2_family_027,train,17,19,3,0.49796921014785767,0.6494050621986389,1.0,True,0,offline_teacher_to_causal_s623
formal_u2_family_027_r03_s04,formal_u2_family_027_r03,u2_family_027,train,20,25,6,0.5014981031417847,0.9827497005462646,0.8333333333333334,True,0,offline_teacher_to_causal_s623
formal_u2_family_027_r03_s05,formal_u2_family_027_r03,u2_family_027,train,26,27,2,0.5859919786453247,0.5971214175224304,1.0,True,0,offline_teacher_to_causal_s623
formal_u2_family_027_r04_s00,formal_u2_family_027_r04,u2_family_027,train,0,2,3,0.3502874970436096,0.6801055073738098,0.3333333333333333,True,0,offline_teacher_to_causal_s623
formal_u2_family_027_r04_s01,formal_u2_family_027_r04,u2_family_027,train,3,5,3,0.4964727461338043,0.9359846711158752,0.6666666666666666,True,0,offline_teacher_to_causal_s623
formal_u2_family_027_r04_s02,formal_u2_family_027_r04,u2_family_027,train,6,15,10,0.3503062129020691,0.5052928924560547,0.4,True,0,offline_teacher_to_causal_s623
formal_u2_family_027_r04_s03,formal_u2_family_027_r04,u2_family_027,train,16,18,3,0.5001126527786255,0.6519367694854736,1.0,True,0,offline_teacher_to_causal_s623
formal_u2_family_027_r04_s04,formal_u2_family_027_r04,u2_family_027,train,19,23,5,0.4996214509010315,0.9835822582244873,0.8,True,0,offline_teacher_to_causal_s623
formal_u2_family_027_r04_s05,formal_u2_family_027_r04,u2_family_027,train,24,25,2,0.5821996927261353,0.5536288022994995,1.0,True,0,offline_teacher_to_causal_s623
formal_u2_family_027_r05_s00,formal_u2_family_027_r05,u2_family_027,train,0,2,3,0.3496061861515045,0.6803668737411499,0.3333333333333333,True,0,offline_teacher_to_causal_s623
formal_u2_family_027_r05_s01,formal_u2_family_027_r05,u2_family_027,train,3,5,3,0.49809977412223816,0.9353487491607666,0.6666666666666666,True,0,offline_teacher_to_causal_s623
formal_u2_family_027_r05_s02,formal_u2_family_027_r05,u2_family_027,train,6,15,10,0.3490651547908783,0.5039053559303284,0.4,True,0,offline_teacher_to_causal_s623
formal_u2_family_027_r05_s03,formal_u2_family_027_r05,u2_family_027,train,16,18,3,0.5014395117759705,0.6481745839118958,1.0,True,0,offline_teacher_to_causal_s623
formal_u2_family_027_r05_s04,formal_u2_family_027_r05,u2_family_027,train,19,24,6,0.4994785189628601,0.9851061105728149,0.8333333333333334,True,0,offline_teacher_to_causal_s623
formal_u2_family_027_r05_s05,formal_u2_family_027_r05,u2_family_027,train,25,26,2,0.586364209651947,0.5918375253677368,1.0,True,0,offline_teacher_to_causal_s623
formal_u2_family_028_r00_s00,formal_u2_family_028_r00,u2_family_028,train,0,2,3,0.8888381123542786,0.5077313184738159,0.6666666666666666,True,0,offline_teacher_to_causal_s623
formal_u2_family_028_r00_s01,formal_u2_family_028_r00,u2_family_028,train,3,5,3,0.49469223618507385,0.9288014769554138,0.6666666666666666,True,0,offline_teacher_to_causal_s623
formal_u2_family_028_r01_s00,formal_u2_family_028_r01,u2_family_028,train,0,2,3,0.3477591872215271,0.6770246028900146,0.3333333333333333,True,0,offline_teacher_to_causal_s623
formal_u2_family_028_r01_s01,formal_u2_family_028_r01,u2_family_028,train,3,6,4,0.5002828240394592,0.9281189441680908,0.75,True,0,offline_teacher_to_causal_s623
formal_u2_family_028_r02_s00,formal_u2_family_028_r02,u2_family_028,train,0,2,3,0.34723255038261414,0.6790735125541687,0.3333333333333333,True,0,offline_teacher_to_causal_s623
formal_u2_family_028_r02_s01,formal_u2_family_028_r02,u2_family_028,train,3,6,4,0.5005895495414734,0.9269493818283081,0.75,True,0,offline_teacher_to_causal_s623
formal_u2_family_028_r03_s00,formal_u2_family_028_r03,u2_family_028,train,0,2,3,0.34782037138938904,0.6787915825843811,0.3333333333333333,True,0,offline_teacher_to_causal_s623
formal_u2_family_028_r03_s01,formal_u2_family_028_r03,u2_family_028,train,3,6,4,0.4969089925289154,0.9299361705780029,0.75,True,0,offline_teacher_to_causal_s623
formal_u2_family_028_r04_s00,formal_u2_family_028_r04,u2_family_028,train,0,2,3,0.35126033425331116,0.6783736348152161,0.3333333333333333,True,0,offline_teacher_to_causal_s623
formal_u2_family_028_r04_s01,formal_u2_family_028_r04,u2_family_028,train,3,6,4,0.501139223575592,0.927518904209137,0.75,True,0,offline_teacher_to_causal_s623
formal_u2_family_028_r05_s00,formal_u2_family_028_r05,u2_family_028,train,0,2,3,0.35172250866889954,0.6796281337738037,0.3333333333333333,True,0,offline_teacher_to_causal_s623
formal_u2_family_028_r05_s01,formal_u2_family_028_r05,u2_family_028,train,3,6,4,0.5004432201385498,0.9293220043182373,0.75,True,0,offline_teacher_to_causal_s623
formal_u2_family_029_r00_s00,formal_u2_family_029_r00,u2_family_029,train,0,8,9,0.2739984095096588,0.5309965014457703,0.0,False,0,offline_teacher_to_causal_s623
formal_u2_family_029_r00_s01,formal_u2_family_029_r00,u2_family_029,train,9,11,3,0.9762435555458069,0.5148252248764038,0.6666666666666666,True,0,offline_teacher_to_causal_s623
formal_u2_family_029_r00_s02,formal_u2_family_029_r00,u2_family_029,train,12,24,13,0.49648791551589966,0.506121039390564,0.38461538461538464,True,0,offline_teacher_to_causal_s623
formal_u2_family_029_r00_s03,formal_u2_family_029_r00,u2_family_029,train,25,27,3,0.5049068331718445,0.5093178153038025,1.0,True,0,offline_teacher_to_causal_s623
formal_u2_family_029_r00_s04,formal_u2_family_029_r00,u2_family_029,train,28,30,3,0.6466395854949951,0.5021538734436035,1.0,True,0,offline_teacher_to_causal_s623
formal_u2_family_029_r00_s05,formal_u2_family_029_r00,u2_family_029,train,31,34,4,0.48797333240509033,0.9851546883583069,0.75,True,0,offline_teacher_to_causal_s623
formal_u2_family_029_r00_s06,formal_u2_family_029_r00,u2_family_029,train,35,36,2,0.5947386026382446,0.5448983311653137,1.0,True,0,offline_teacher_to_causal_s623
formal_u2_family_029_r01_s00,formal_u2_family_029_r01,u2_family_029,train,0,8,9,0.2724469304084778,0.967007040977478,0.0,True,0,offline_teacher_to_causal_s623
formal_u2_family_029_r01_s01,formal_u2_family_029_r01,u2_family_029,train,9,11,3,0.6296896934509277,0.5246465802192688,1.0,True,0,offline_teacher_to_causal_s623
formal_u2_family_029_r01_s02,formal_u2_family_029_r01,u2_family_029,train,12,14,3,0.499969482421875,0.51594078540802,1.0,True,0,offline_teacher_to_causal_s623
formal_u2_family_029_r01_s03,formal_u2_family_029_r01,u2_family_029,train,15,24,10,0.9264289140701294,0.5026326179504395,0.4,True,0,offline_teacher_to_causal_s623
formal_u2_family_029_r01_s04,formal_u2_family_029_r01,u2_family_029,train,25,27,3,0.4986090660095215,0.6499226093292236,1.0,True,0,offline_teacher_to_causal_s623
formal_u2_family_029_r01_s05,formal_u2_family_029_r01,u2_family_029,train,28,31,4,0.49646294116973877,0.5017598867416382,1.0,True,0,offline_teacher_to_causal_s623
formal_u2_family_029_r01_s06,formal_u2_family_029_r01,u2_family_029,train,32,34,3,0.9861916303634644,0.5990073680877686,0.6666666666666666,True,0,offline_teacher_to_causal_s623
formal_u2_family_029_r02_s00,formal_u2_family_029_r02,u2_family_029,train,0,8,9,0.2720722258090973,0.5184629559516907,0.0,False,0,offline_teacher_to_causal_s623
formal_u2_family_029_r02_s01,formal_u2_family_029_r02,u2_family_029,train,9,11,3,0.9752764105796814,0.5077283978462219,0.6666666666666666,True,0,offline_teacher_to_causal_s623
formal_u2_family_029_r02_s02,formal_u2_family_029_r02,u2_family_029,train,12,24,13,0.49218881130218506,0.6519525051116943,0.5384615384615384,True,0,offline_teacher_to_causal_s623
formal_u2_family_029_r02_s03,formal_u2_family_029_r02,u2_family_029,train,25,27,3,0.5078944563865662,0.5038647055625916,1.0,True,0,offline_teacher_to_causal_s623
formal_u2_family_029_r02_s04,formal_u2_family_029_r02,u2_family_029,train,28,30,3,0.9869027137756348,0.5552585124969482,0.6666666666666666,True,0,offline_teacher_to_causal_s623
formal_u2_family_029_r03_s00,formal_u2_family_029_r03,u2_family_029,train,0,8,9,0.2722177803516388,0.5216884613037109,0.0,False,0,offline_teacher_to_causal_s623
formal_u2_family_029_r03_s01,formal_u2_family_029_r03,u2_family_029,train,9,11,3,0.975456178188324,0.5234473347663879,0.6666666666666666,True,0,offline_teacher_to_causal_s623
formal_u2_family_029_r03_s02,formal_u2_family_029_r03,u2_family_029,train,12,14,3,0.5054960250854492,0.5039037466049194,1.0,True,0,offline_teacher_to_causal_s623
formal_u2_family_029_r03_s03,formal_u2_family_029_r03,u2_family_029,train,15,24,10,0.9280094504356384,0.5045792460441589,0.4,True,0,offline_teacher_to_causal_s623
formal_u2_family_029_r03_s04,formal_u2_family_029_r03,u2_family_029,train,25,27,3,0.49770620465278625,0.6507355570793152,1.0,True,0,offline_teacher_to_causal_s623
formal_u2_family_029_r03_s05,formal_u2_family_029_r03,u2_family_029,train,28,32,5,0.4975038766860962,0.9853597283363342,0.8,True,0,offline_teacher_to_causal_s623
formal_u2_family_029_r03_s06,formal_u2_family_029_r03,u2_family_029,train,33,34,2,0.585719883441925,0.541052520275116,1.0,True,0,offline_teacher_to_causal_s623
formal_u2_family_029_r04_s00,formal_u2_family_029_r04,u2_family_029,train,0,8,9,0.2718718349933624,0.9708781838417053,0.0,True,0,offline_teacher_to_causal_s623
formal_u2_family_029_r04_s01,formal_u2_family_029_r04,u2_family_029,train,9,11,3,0.6372205018997192,0.5026849508285522,1.0,True,0,offline_teacher_to_causal_s623
formal_u2_family_029_r04_s02,formal_u2_family_029_r04,u2_family_029,train,12,19,8,0.9310861825942993,0.5030055046081543,0.5,True,0,offline_teacher_to_causal_s623
formal_u2_family_029_r04_s03,formal_u2_family_029_r04,u2_family_029,train,20,22,3,0.4867740273475647,0.6684920191764832,1.0,True,0,offline_teacher_to_causal_s623
formal_u2_family_029_r04_s04,formal_u2_family_029_r04,u2_family_029,train,23,27,5,0.49713921546936035,0.9846907258033752,0.8,True,0,offline_teacher_to_causal_s623
formal_u2_family_029_r04_s05,formal_u2_family_029_r04,u2_family_029,train,28,29,2,0.590139627456665,0.564232587814331,1.0,True,0,offline_teacher_to_causal_s623
formal_u2_family_029_r05_s00,formal_u2_family_029_r05,u2_family_029,train,0,8,9,0.2759287357330322,0.554153561592102,0.0,False,0,offline_teacher_to_causal_s623
formal_u2_family_029_r05_s01,formal_u2_family_029_r05,u2_family_029,train,9,11,3,0.9756718277931213,0.5116771459579468,0.6666666666666666,True,0,offline_teacher_to_causal_s623
formal_u2_family_029_r05_s02,formal_u2_family_029_r05,u2_family_029,train,12,24,13,0.9390162825584412,0.5020062327384949,0.3076923076923077,True,0,offline_teacher_to_causal_s623
formal_u2_family_029_r05_s03,formal_u2_family_029_r05,u2_family_029,train,25,27,3,0.49987784028053284,0.6543516516685486,1.0,True,0,offline_teacher_to_causal_s623
formal_u2_family_029_r05_s04,formal_u2_family_029_r05,u2_family_029,train,28,33,6,0.49990740418434143,0.98492830991745,0.8333333333333334,True,0,offline_teacher_to_causal_s623
formal_u2_family_029_r05_s05,formal_u2_family_029_r05,u2_family_029,train,34,35,2,0.5882107615470886,0.56364506483078,1.0,True,0,offline_teacher_to_causal_s623
formal_u2_family_030_r00_s00,formal_u2_family_030_r00,u2_family_030,train,0,2,3,0.31928718090057373,0.6692926287651062,0.3333333333333333,True,0,offline_teacher_to_causal_s623
formal_u2_family_030_r00_s01,formal_u2_family_030_r00,u2_family_030,train,3,8,6,0.7081608772277832,0.5002296566963196,1.0,True,0,offline_teacher_to_causal_s623
formal_u2_family_030_r00_s02,formal_u2_family_030_r00,u2_family_030,train,9,13,5,0.5027137398719788,0.6372838616371155,1.0,True,0,offline_teacher_to_causal_s623
formal_u2_family_030_r00_s03,formal_u2_family_030_r00,u2_family_030,train,14,21,8,0.5671933889389038,0.9891407489776611,0.875,True,0,offline_teacher_to_causal_s623
formal_u2_family_030_r00_s04,formal_u2_family_030_r00,u2_family_030,train,22,23,2,0.5841353535652161,0.6130983233451843,1.0,True,0,offline_teacher_to_causal_s623
formal_u2_family_030_r01_s00,formal_u2_family_030_r01,u2_family_030,train,0,2,3,0.31642141938209534,0.6712373495101929,0.3333333333333333,True,0,offline_teacher_to_causal_s623
formal_u2_family_030_r01_s01,formal_u2_family_030_r01,u2_family_030,train,3,12,10,0.7041149735450745,0.6565905213356018,1.0,True,0,offline_teacher_to_causal_s623
formal_u2_family_030_r01_s02,formal_u2_family_030_r01,u2_family_030,train,13,21,9,0.5440150499343872,0.9895849823951721,0.8888888888888888,True,0,offline_teacher_to_causal_s623
formal_u2_family_030_r01_s03,formal_u2_family_030_r01,u2_family_030,train,22,23,2,0.5882387161254883,0.5667362809181213,1.0,True,0,offline_teacher_to_causal_s623
formal_u2_family_030_r02_s00,formal_u2_family_030_r02,u2_family_030,train,0,2,3,0.3162236213684082,0.672513484954834,0.3333333333333333,True,0,offline_teacher_to_causal_s623
formal_u2_family_030_r02_s01,formal_u2_family_030_r02,u2_family_030,train,3,9,7,0.7132153511047363,0.6538664102554321,1.0,True,0,offline_teacher_to_causal_s623
formal_u2_family_030_r02_s02,formal_u2_family_030_r02,u2_family_030,train,10,13,4,0.5103479027748108,0.590896487236023,1.0,True,0,offline_teacher_to_causal_s623
formal_u2_family_030_r02_s03,formal_u2_family_030_r02,u2_family_030,train,14,22,9,0.5548134446144104,0.9893966913223267,0.8888888888888888,True,0,offline_teacher_to_causal_s623
formal_u2_family_030_r02_s04,formal_u2_family_030_r02,u2_family_030,train,23,24,2,0.5876374244689941,0.617052435874939,1.0,True,0,offline_teacher_to_causal_s623
formal_u2_family_030_r03_s00,formal_u2_family_030_r03,u2_family_030,train,0,2,3,0.31851619482040405,0.6715924739837646,0.3333333333333333,True,0,offline_teacher_to_causal_s623
formal_u2_family_030_r03_s01,formal_u2_family_030_r03,u2_family_030,train,3,9,7,0.7099822759628296,0.5862962007522583,1.0,True,0,offline_teacher_to_causal_s623
formal_u2_family_030_r03_s02,formal_u2_family_030_r03,u2_family_030,train,10,14,5,0.528023362159729,0.6265975832939148,1.0,True,0,offline_teacher_to_causal_s623
formal_u2_family_030_r03_s03,formal_u2_family_030_r03,u2_family_030,train,15,21,7,0.5661838054656982,0.9897143244743347,0.8571428571428571,True,0,offline_teacher_to_causal_s623
formal_u2_family_030_r03_s04,formal_u2_family_030_r03,u2_family_030,train,22,23,2,0.5987563133239746,0.6115790605545044,1.0,True,0,offline_teacher_to_causal_s623
formal_u2_family_030_r04_s00,formal_u2_family_030_r04,u2_family_030,train,0,2,3,0.3159487843513489,0.6729803085327148,0.3333333333333333,True,0,offline_teacher_to_causal_s623
formal_u2_family_030_r04_s01,formal_u2_family_030_r04,u2_family_030,train,3,12,10,0.7106392979621887,0.6435214877128601,1.0,True,0,offline_teacher_to_causal_s623
formal_u2_family_030_r04_s02,formal_u2_family_030_r04,u2_family_030,train,13,21,9,0.5554875731468201,0.9891721606254578,0.8888888888888888,True,0,offline_teacher_to_causal_s623
formal_u2_family_030_r04_s03,formal_u2_family_030_r04,u2_family_030,train,22,23,2,0.5783960819244385,0.5561339855194092,1.0,True,0,offline_teacher_to_causal_s623
formal_u2_family_030_r05_s00,formal_u2_family_030_r05,u2_family_030,train,0,2,3,0.3202967345714569,0.6702280044555664,0.3333333333333333,True,0,offline_teacher_to_causal_s623
formal_u2_family_030_r05_s01,formal_u2_family_030_r05,u2_family_030,train,3,12,10,0.7059211730957031,0.6514473557472229,1.0,True,0,offline_teacher_to_causal_s623
formal_u2_family_030_r05_s02,formal_u2_family_030_r05,u2_family_030,train,13,21,9,0.5515892505645752,0.9888319969177246,0.8888888888888888,True,0,offline_teacher_to_causal_s623
formal_u2_family_030_r05_s03,formal_u2_family_030_r05,u2_family_030,train,22,23,2,0.5779967308044434,0.5521451234817505,1.0,True,0,offline_teacher_to_causal_s623
formal_u2_family_031_r00_s00,formal_u2_family_031_r00,u2_family_031,train,0,2,3,0.31931114196777344,0.6721901893615723,0.3333333333333333,True,0,offline_teacher_to_causal_s623
formal_u2_family_031_r00_s01,formal_u2_family_031_r00,u2_family_031,train,3,8,6,0.7015619874000549,0.500167965888977,1.0,True,0,offline_teacher_to_causal_s623
formal_u2_family_031_r00_s02,formal_u2_family_031_r00,u2_family_031,train,9,19,11,0.501416802406311,0.990342378616333,0.9090909090909091,True,0,offline_teacher_to_causal_s623
formal_u2_family_031_r00_s03,formal_u2_family_031_r00,u2_family_031,train,20,21,2,0.6128783226013184,0.6025897264480591,1.0,True,0,offline_teacher_to_causal_s623
formal_u2_family_031_r01_s00,formal_u2_family_031_r01,u2_family_031,train,0,2,3,0.32251328229904175,0.6929009556770325,0.3333333333333333,True,0,offline_teacher_to_causal_s623
formal_u2_family_031_r01_s01,formal_u2_family_031_r01,u2_family_031,train,3,10,8,0.5359536409378052,0.625555157661438,1.0,True,0,offline_teacher_to_causal_s623
formal_u2_family_031_r01_s02,formal_u2_family_031_r01,u2_family_031,train,11,20,10,0.5133411884307861,0.9900336861610413,0.9,True,0,offline_teacher_to_causal_s623
formal_u2_family_031_r01_s03,formal_u2_family_031_r01,u2_family_031,train,21,22,2,0.6108528971672058,0.5880610942840576,1.0,True,0,offline_teacher_to_causal_s623
formal_u2_family_031_r02_s00,formal_u2_family_031_r02,u2_family_031,train,0,2,3,0.3190980851650238,0.6717895269393921,0.3333333333333333,True,0,offline_teacher_to_causal_s623
formal_u2_family_031_r02_s01,formal_u2_family_031_r02,u2_family_031,train,3,5,3,0.7093822360038757,0.9623098373413086,0.3333333333333333,True,1,offline_teacher_to_causal_s623
formal_u2_family_031_r02_s02,formal_u2_family_031_r02,u2_family_031,train,6,8,3,0.734156608581543,0.5885736346244812,0.3333333333333333,False,0,offline_teacher_to_causal_s623
formal_u2_family_031_r02_s03,formal_u2_family_031_r02,u2_family_031,train,9,11,3,0.6372150182723999,0.6310540437698364,1.0,False,0,offline_teacher_to_causal_s623
formal_u2_family_031_r02_s04,formal_u2_family_031_r02,u2_family_031,train,12,14,3,0.617561936378479,0.5416878461837769,1.0,False,0,offline_teacher_to_causal_s623
formal_u2_family_031_r02_s05,formal_u2_family_031_r02,u2_family_031,train,15,17,3,0.5930147767066956,0.595358669757843,1.0,False,0,offline_teacher_to_causal_s623
formal_u2_family_031_r02_s06,formal_u2_family_031_r02,u2_family_031,train,18,20,3,0.571606457233429,0.5109248757362366,1.0,False,0,offline_teacher_to_causal_s623
formal_u2_family_031_r02_s07,formal_u2_family_031_r02,u2_family_031,train,21,23,3,0.6046344637870789,0.6123319864273071,1.0,False,0,offline_teacher_to_causal_s623
formal_u2_family_031_r02_s08,formal_u2_family_031_r02,u2_family_031,train,24,26,3,0.5291846990585327,0.5311785340309143,1.0,False,0,offline_teacher_to_causal_s623
formal_u2_family_031_r02_s09,formal_u2_family_031_r02,u2_family_031,train,27,29,3,0.6099436283111572,0.6237329244613647,1.0,False,0,offline_teacher_to_causal_s623
formal_u2_family_031_r02_s10,formal_u2_family_031_r02,u2_family_031,train,30,32,3,0.5761303901672363,0.622708261013031,1.0,False,0,offline_teacher_to_causal_s623
formal_u2_family_031_r02_s11,formal_u2_family_031_r02,u2_family_031,train,33,35,3,0.5940834283828735,0.5907950401306152,1.0,False,0,offline_teacher_to_causal_s623
formal_u2_family_031_r02_s12,formal_u2_family_031_r02,u2_family_031,train,36,38,3,0.6257926821708679,0.5203487873077393,1.0,False,0,offline_teacher_to_causal_s623
formal_u2_family_031_r02_s13,formal_u2_family_031_r02,u2_family_031,train,39,42,4,0.5919731259346008,0.5152643918991089,1.0,False,0,offline_teacher_to_causal_s623
formal_u2_family_031_r02_s14,formal_u2_family_031_r02,u2_family_031,train,43,45,3,0.4891422688961029,0.5843352675437927,1.0,False,0,offline_teacher_to_causal_s623
formal_u2_family_031_r02_s15,formal_u2_family_031_r02,u2_family_031,train,46,47,2,0.5140583515167236,0.5001087188720703,1.0,False,0,offline_teacher_to_causal_s623
formal_u2_family_031_r03_s00,formal_u2_family_031_r03,u2_family_031,train,0,2,3,0.31835994124412537,0.6742766499519348,0.3333333333333333,True,0,offline_teacher_to_causal_s623
formal_u2_family_031_r03_s01,formal_u2_family_031_r03,u2_family_031,train,3,5,3,0.7064101696014404,0.9601260423660278,0.3333333333333333,True,1,offline_teacher_to_causal_s623
formal_u2_family_031_r03_s02,formal_u2_family_031_r03,u2_family_031,train,6,13,8,0.9417858719825745,0.5020772814750671,0.875,True,0,offline_teacher_to_causal_s623
formal_u2_family_031_r03_s03,formal_u2_family_031_r03,u2_family_031,train,14,24,11,0.47342872619628906,0.9891014695167542,0.9090909090909091,True,0,offline_teacher_to_causal_s623
formal_u2_family_031_r03_s04,formal_u2_family_031_r03,u2_family_031,train,25,26,2,0.58050137758255,0.5404164791107178,1.0,True,0,offline_teacher_to_causal_s623
formal_u2_family_031_r04_s00,formal_u2_family_031_r04,u2_family_031,train,0,2,3,0.3180792033672333,0.6723650693893433,0.3333333333333333,True,0,offline_teacher_to_causal_s623
formal_u2_family_031_r04_s01,formal_u2_family_031_r04,u2_family_031,train,3,5,3,0.7049675583839417,0.9629372954368591,0.3333333333333333,True,1,offline_teacher_to_causal_s623
formal_u2_family_031_r04_s02,formal_u2_family_031_r04,u2_family_031,train,6,8,3,0.9533523321151733,0.5077887177467346,0.6666666666666666,True,0,offline_teacher_to_causal_s623
formal_u2_family_031_r04_s03,formal_u2_family_031_r04,u2_family_031,train,9,11,3,0.5090394616127014,0.5056055188179016,1.0,True,0,offline_teacher_to_causal_s623
formal_u2_family_031_r04_s04,formal_u2_family_031_r04,u2_family_031,train,12,21,10,0.5265262722969055,0.9879180788993835,0.9,True,0,offline_teacher_to_causal_s623
formal_u2_family_031_r04_s05,formal_u2_family_031_r04,u2_family_031,train,22,23,2,0.563909649848938,0.5385140776634216,1.0,True,0,offline_teacher_to_causal_s623
formal_u2_family_031_r05_s00,formal_u2_family_031_r05,u2_family_031,train,0,2,3,0.3153657913208008,0.6732608675956726,0.3333333333333333,True,0,offline_teacher_to_causal_s623
formal_u2_family_031_r05_s01,formal_u2_family_031_r05,u2_family_031,train,3,8,6,0.7096638083457947,0.5013022422790527,1.0,True,0,offline_teacher_to_causal_s623
formal_u2_family_031_r05_s02,formal_u2_family_031_r05,u2_family_031,train,9,12,4,0.4953855872154236,0.6374815106391907,1.0,True,0,offline_teacher_to_causal_s623
formal_u2_family_031_r05_s03,formal_u2_family_031_r05,u2_family_031,train,13,22,10,0.5153877139091492,0.9885382652282715,0.9,True,0,offline_teacher_to_causal_s623
formal_u2_family_031_r05_s04,formal_u2_family_031_r05,u2_family_031,train,23,24,2,0.5769653916358948,0.5767813920974731,1.0,True,0,offline_teacher_to_causal_s623
formal_u2_family_032_r00_s00,formal_u2_family_032_r00,u2_family_032,train,0,2,3,0.31635597348213196,0.6737123727798462,0.3333333333333333,True,0,offline_teacher_to_causal_s623
formal_u2_family_032_r00_s01,formal_u2_family_032_r00,u2_family_032,train,3,5,3,0.7123581171035767,0.9108145833015442,0.6666666666666666,True,1,offline_teacher_to_causal_s623
formal_u2_family_032_r00_s02,formal_u2_family_032_r00,u2_family_032,train,6,8,3,0.9534750580787659,0.6493910551071167,0.3333333333333333,True,0,offline_teacher_to_causal_s623
formal_u2_family_032_r00_s03,formal_u2_family_032_r00,u2_family_032,train,9,13,5,0.4872729182243347,0.643557071685791,1.0,True,0,offline_teacher_to_causal_s623
formal_u2_family_032_r00_s04,formal_u2_family_032_r00,u2_family_032,train,14,17,4,0.5257008075714111,0.6403288841247559,1.0,True,0,offline_teacher_to_causal_s623
formal_u2_family_032_r00_s05,formal_u2_family_032_r00,u2_family_032,train,18,25,8,0.5587513446807861,0.9885053634643555,0.875,True,0,offline_teacher_to_causal_s623
formal_u2_family_032_r00_s06,formal_u2_family_032_r00,u2_family_032,train,26,27,2,0.5736521482467651,0.5430640578269958,1.0,True,0,offline_teacher_to_causal_s623
formal_u2_family_032_r01_s00,formal_u2_family_032_r01,u2_family_032,train,0,2,3,0.3193834125995636,0.671895444393158,0.3333333333333333,True,0,offline_teacher_to_causal_s623
formal_u2_family_032_r01_s01,formal_u2_family_032_r01,u2_family_032,train,3,5,3,0.7073342800140381,0.9091138243675232,0.6666666666666666,True,1,offline_teacher_to_causal_s623
formal_u2_family_032_r01_s02,formal_u2_family_032_r01,u2_family_032,train,6,8,3,0.9543429017066956,0.6475802063941956,0.3333333333333333,True,0,offline_teacher_to_causal_s623
formal_u2_family_032_r01_s03,formal_u2_family_032_r01,u2_family_032,train,9,13,5,0.4858962297439575,0.5052549242973328,1.0,True,0,offline_teacher_to_causal_s623
formal_u2_family_032_r01_s04,formal_u2_family_032_r01,u2_family_032,train,14,23,10,0.4750746488571167,0.9890985488891602,0.9,True,0,offline_teacher_to_causal_s623
formal_u2_family_032_r01_s05,formal_u2_family_032_r01,u2_family_032,train,24,25,2,0.5824366211891174,0.5831286907196045,1.0,True,0,offline_teacher_to_causal_s623
formal_u2_family_032_r02_s00,formal_u2_family_032_r02,u2_family_032,train,0,2,3,0.3188597857952118,0.6709008812904358,0.3333333333333333,True,0,offline_teacher_to_causal_s623
formal_u2_family_032_r02_s01,formal_u2_family_032_r02,u2_family_032,train,3,5,3,0.7082753777503967,0.9096352458000183,0.6666666666666666,True,1,offline_teacher_to_causal_s623
formal_u2_family_032_r02_s02,formal_u2_family_032_r02,u2_family_032,train,6,8,3,0.9533032178878784,0.6483005881309509,0.3333333333333333,True,0,offline_teacher_to_causal_s623
formal_u2_family_032_r02_s03,formal_u2_family_032_r02,u2_family_032,train,9,24,16,0.4880349338054657,0.9885819554328918,0.9375,True,0,offline_teacher_to_causal_s623
formal_u2_family_032_r02_s04,formal_u2_family_032_r02,u2_family_032,train,25,26,2,0.5717018842697144,0.5695943832397461,1.0,True,0,offline_teacher_to_causal_s623
formal_u2_family_032_r03_s00,formal_u2_family_032_r03,u2_family_032,train,0,2,3,0.31922581791877747,0.6715548634529114,0.3333333333333333,True,0,offline_teacher_to_causal_s623
formal_u2_family_032_r03_s01,formal_u2_family_032_r03,u2_family_032,train,3,5,3,0.7101857662200928,0.9109359383583069,0.6666666666666666,True,1,offline_teacher_to_causal_s623
formal_u2_family_032_r03_s02,formal_u2_family_032_r03,u2_family_032,train,6,8,3,0.952174961566925,0.6505586504936218,0.3333333333333333,True,0,offline_teacher_to_causal_s623
formal_u2_family_032_r03_s03,formal_u2_family_032_r03,u2_family_032,train,9,16,8,0.48756304383277893,0.6563902497291565,1.0,True,0,offline_teacher_to_causal_s623
formal_u2_family_032_r03_s04,formal_u2_family_032_r03,u2_family_032,train,17,26,10,0.5123517513275146,0.9880290627479553,0.9,True,0,offline_teacher_to_causal_s623
formal_u2_family_032_r03_s05,formal_u2_family_032_r03,u2_family_032,train,27,28,2,0.5631619691848755,0.5427013039588928,1.0,True,0,offline_teacher_to_causal_s623
formal_u2_family_032_r04_s00,formal_u2_family_032_r04,u2_family_032,train,0,2,3,0.31982454657554626,0.671822190284729,0.3333333333333333,True,0,offline_teacher_to_causal_s623
formal_u2_family_032_r04_s01,formal_u2_family_032_r04,u2_family_032,train,3,5,3,0.7122949957847595,0.9115182757377625,0.6666666666666666,True,1,offline_teacher_to_causal_s623
formal_u2_family_032_r04_s02,formal_u2_family_032_r04,u2_family_032,train,6,8,3,0.9518340826034546,0.6551456451416016,0.3333333333333333,True,0,offline_teacher_to_causal_s623
formal_u2_family_032_r04_s03,formal_u2_family_032_r04,u2_family_032,train,9,13,5,0.4918776750564575,0.6527373790740967,1.0,True,0,offline_teacher_to_causal_s623
formal_u2_family_032_r04_s04,formal_u2_family_032_r04,u2_family_032,train,14,16,3,0.5170584917068481,0.6304619908332825,1.0,True,0,offline_teacher_to_causal_s623
formal_u2_family_032_r04_s05,formal_u2_family_032_r04,u2_family_032,train,17,25,9,0.5175785422325134,0.988937258720398,0.8888888888888888,True,0,offline_teacher_to_causal_s623
formal_u2_family_032_r04_s06,formal_u2_family_032_r04,u2_family_032,train,26,27,2,0.5772454142570496,0.5726279616355896,1.0,True,0,offline_teacher_to_causal_s623
formal_u2_family_032_r05_s00,formal_u2_family_032_r05,u2_family_032,train,0,2,3,0.3192635774612427,0.6723446846008301,0.3333333333333333,True,0,offline_teacher_to_causal_s623
formal_u2_family_032_r05_s01,formal_u2_family_032_r05,u2_family_032,train,3,5,3,0.7088891863822937,0.9100540280342102,0.6666666666666666,True,1,offline_teacher_to_causal_s623
formal_u2_family_032_r05_s02,formal_u2_family_032_r05,u2_family_032,train,6,8,3,0.9538723230361938,0.6493350863456726,0.3333333333333333,True,0,offline_teacher_to_causal_s623
formal_u2_family_032_r05_s03,formal_u2_family_032_r05,u2_family_032,train,9,24,16,0.4871175289154053,0.9890536665916443,0.9375,True,0,offline_teacher_to_causal_s623
formal_u2_family_032_r05_s04,formal_u2_family_032_r05,u2_family_032,train,25,26,2,0.5795190930366516,0.5897995829582214,1.0,True,0,offline_teacher_to_causal_s623
formal_u2_family_033_r00_s00,formal_u2_family_033_r00,u2_family_033,train,0,2,3,0.31991341710090637,0.6705179810523987,0.3333333333333333,True,0,offline_teacher_to_causal_s623
formal_u2_family_033_r00_s01,formal_u2_family_033_r00,u2_family_033,train,3,8,6,0.708017110824585,0.5008143186569214,1.0,True,0,offline_teacher_to_causal_s623
formal_u2_family_033_r00_s02,formal_u2_family_033_r00,u2_family_033,train,9,13,5,0.49500465393066406,0.6371999979019165,1.0,True,0,offline_teacher_to_causal_s623
formal_u2_family_033_r00_s03,formal_u2_family_033_r00,u2_family_033,train,14,22,9,0.5128815770149231,0.989944577217102,0.8888888888888888,True,0,offline_teacher_to_causal_s623
formal_u2_family_033_r00_s04,formal_u2_family_033_r00,u2_family_033,train,23,24,2,0.5996775031089783,0.5856863260269165,1.0,True,0,offline_teacher_to_causal_s623
formal_u2_family_033_r01_s00,formal_u2_family_033_r01,u2_family_033,train,0,2,3,0.31868383288383484,0.67033451795578,0.3333333333333333,True,0,offline_teacher_to_causal_s623
formal_u2_family_033_r01_s01,formal_u2_family_033_r01,u2_family_033,train,3,7,5,0.7195843458175659,0.501338541507721,1.0,True,0,offline_teacher_to_causal_s623
formal_u2_family_033_r01_s02,formal_u2_family_033_r01,u2_family_033,train,8,13,6,0.5064722299575806,0.6395359635353088,1.0,True,0,offline_teacher_to_causal_s623
formal_u2_family_033_r01_s03,formal_u2_family_033_r01,u2_family_033,train,14,22,9,0.5555053949356079,0.9884421229362488,0.8888888888888888,True,0,offline_teacher_to_causal_s623
formal_u2_family_033_r01_s04,formal_u2_family_033_r01,u2_family_033,train,23,24,2,0.5743370652198792,0.5380319356918335,1.0,True,0,offline_teacher_to_causal_s623
formal_u2_family_033_r02_s00,formal_u2_family_033_r02,u2_family_033,train,0,2,3,0.3166540861129761,0.6701502799987793,0.3333333333333333,True,0,offline_teacher_to_causal_s623
formal_u2_family_033_r02_s01,formal_u2_family_033_r02,u2_family_033,train,3,13,11,0.7118014097213745,0.652791440486908,1.0,True,0,offline_teacher_to_causal_s623
formal_u2_family_033_r02_s02,formal_u2_family_033_r02,u2_family_033,train,14,20,7,0.5633717179298401,0.9889100193977356,0.8571428571428571,True,0,offline_teacher_to_causal_s623
formal_u2_family_033_r02_s03,formal_u2_family_033_r02,u2_family_033,train,21,22,2,0.5766444206237793,0.577792763710022,1.0,True,0,offline_teacher_to_causal_s623
formal_u2_family_033_r03_s00,formal_u2_family_033_r03,u2_family_033,train,0,2,3,0.3177259564399719,0.6743833422660828,0.3333333333333333,True,0,offline_teacher_to_causal_s623
formal_u2_family_033_r03_s01,formal_u2_family_033_r03,u2_family_033,train,3,11,9,0.7079284191131592,0.6416938304901123,1.0,True,0,offline_teacher_to_causal_s623
formal_u2_family_033_r03_s02,formal_u2_family_033_r03,u2_family_033,train,12,21,10,0.5113436579704285,0.988830029964447,0.9,True,0,offline_teacher_to_causal_s623
formal_u2_family_033_r03_s03,formal_u2_family_033_r03,u2_family_033,train,22,23,2,0.5751842856407166,0.5469735860824585,1.0,True,0,offline_teacher_to_causal_s623
formal_u2_family_033_r04_s00,formal_u2_family_033_r04,u2_family_033,train,0,2,3,0.31783029437065125,0.6696276664733887,0.3333333333333333,True,0,offline_teacher_to_causal_s623
formal_u2_family_033_r04_s01,formal_u2_family_033_r04,u2_family_033,train,3,9,7,0.7174830436706543,0.5002158880233765,1.0,True,0,offline_teacher_to_causal_s623
formal_u2_family_033_r04_s02,formal_u2_family_033_r04,u2_family_033,train,10,12,3,0.6663110256195068,0.5270954966545105,1.0,True,0,offline_teacher_to_causal_s623
formal_u2_family_033_r04_s03,formal_u2_family_033_r04,u2_family_033,train,13,21,9,0.48624277114868164,0.9902496933937073,0.8888888888888888,True,0,offline_teacher_to_causal_s623
formal_u2_family_033_r04_s04,formal_u2_family_033_r04,u2_family_033,train,22,23,2,0.606153666973114,0.6113906502723694,1.0,True,0,offline_teacher_to_causal_s623
formal_u2_family_033_r05_s00,formal_u2_family_033_r05,u2_family_033,train,0,2,3,0.3180721402168274,0.6729474067687988,0.3333333333333333,True,0,offline_teacher_to_causal_s623
formal_u2_family_033_r05_s01,formal_u2_family_033_r05,u2_family_033,train,3,8,6,0.7147513628005981,0.6765128374099731,1.0,True,0,offline_teacher_to_causal_s623
formal_u2_family_033_r05_s02,formal_u2_family_033_r05,u2_family_033,train,9,14,6,0.5041833519935608,0.6506943106651306,1.0,True,0,offline_teacher_to_causal_s623
formal_u2_family_033_r05_s03,formal_u2_family_033_r05,u2_family_033,train,15,22,8,0.5631683468818665,0.9887832999229431,0.875,True,0,offline_teacher_to_causal_s623
formal_u2_family_033_r05_s04,formal_u2_family_033_r05,u2_family_033,train,23,24,2,0.5711870789527893,0.5312680006027222,1.0,True,0,offline_teacher_to_causal_s623
formal_u2_family_034_r00_s00,formal_u2_family_034_r00,u2_family_034,train,0,2,3,0.3178446590900421,0.684181272983551,0.3333333333333333,True,0,offline_teacher_to_causal_s623
formal_u2_family_034_r00_s01,formal_u2_family_034_r00,u2_family_034,train,3,5,3,0.5170133113861084,0.5057158470153809,1.0,True,0,offline_teacher_to_causal_s623
formal_u2_family_034_r00_s02,formal_u2_family_034_r00,u2_family_034,train,6,7,2,0.5208030939102173,0.9262242913246155,0.5,True,0,offline_teacher_to_causal_s623
formal_u2_family_034_r01_s00,formal_u2_family_034_r01,u2_family_034,train,0,2,3,0.3227132558822632,0.6835289001464844,0.3333333333333333,True,0,offline_teacher_to_causal_s623
formal_u2_family_034_r01_s01,formal_u2_family_034_r01,u2_family_034,train,3,5,3,0.5180055499076843,0.5063501000404358,1.0,True,0,offline_teacher_to_causal_s623
formal_u2_family_034_r01_s02,formal_u2_family_034_r01,u2_family_034,train,6,7,2,0.5173897743225098,0.9274413585662842,0.5,True,0,offline_teacher_to_causal_s623
formal_u2_family_034_r02_s00,formal_u2_family_034_r02,u2_family_034,train,0,2,3,0.32140591740608215,0.6830106377601624,0.3333333333333333,True,0,offline_teacher_to_causal_s623
formal_u2_family_034_r02_s01,formal_u2_family_034_r02,u2_family_034,train,3,5,3,0.5169128179550171,0.5082330703735352,1.0,True,0,offline_teacher_to_causal_s623
formal_u2_family_034_r02_s02,formal_u2_family_034_r02,u2_family_034,train,6,8,3,0.5187183618545532,0.9195677638053894,0.6666666666666666,True,0,offline_teacher_to_causal_s623
formal_u2_family_034_r03_s00,formal_u2_family_034_r03,u2_family_034,train,0,2,3,0.3179709315299988,0.683952808380127,0.3333333333333333,True,0,offline_teacher_to_causal_s623
formal_u2_family_034_r03_s01,formal_u2_family_034_r03,u2_family_034,train,3,5,3,0.5122808218002319,0.5115295052528381,1.0,True,0,offline_teacher_to_causal_s623
formal_u2_family_034_r03_s02,formal_u2_family_034_r03,u2_family_034,train,6,8,3,0.5198578834533691,0.9187849164009094,0.6666666666666666,True,0,offline_teacher_to_causal_s623
formal_u2_family_034_r04_s00,formal_u2_family_034_r04,u2_family_034,train,0,2,3,0.31870052218437195,0.6830630898475647,0.3333333333333333,True,0,offline_teacher_to_causal_s623
formal_u2_family_034_r04_s01,formal_u2_family_034_r04,u2_family_034,train,3,5,3,0.5145920515060425,0.5014725923538208,1.0,True,0,offline_teacher_to_causal_s623
formal_u2_family_034_r04_s02,formal_u2_family_034_r04,u2_family_034,train,6,7,2,0.5106833577156067,0.9281489253044128,0.5,True,0,offline_teacher_to_causal_s623
formal_u2_family_034_r05_s00,formal_u2_family_034_r05,u2_family_034,train,0,2,3,0.3207515478134155,0.6835353374481201,0.3333333333333333,True,0,offline_teacher_to_causal_s623
formal_u2_family_034_r05_s01,formal_u2_family_034_r05,u2_family_034,train,3,5,3,0.5139303207397461,0.5079575777053833,1.0,True,0,offline_teacher_to_causal_s623
formal_u2_family_034_r05_s02,formal_u2_family_034_r05,u2_family_034,train,6,8,3,0.5190597176551819,0.9174227118492126,0.6666666666666666,True,0,offline_teacher_to_causal_s623
formal_u2_family_035_r00_s00,formal_u2_family_035_r00,u2_family_035,train,0,9,10,0.2529327869415283,0.9729512929916382,0.0,True,0,offline_teacher_to_causal_s623
formal_u2_family_035_r00_s01,formal_u2_family_035_r00,u2_family_035,train,10,12,3,0.6591092944145203,0.5019441843032837,1.0,True,0,offline_teacher_to_causal_s623
formal_u2_family_035_r00_s02,formal_u2_family_035_r00,u2_family_035,train,13,15,3,0.48830869793891907,0.50304114818573,1.0,True,0,offline_teacher_to_causal_s623
formal_u2_family_035_r00_s03,formal_u2_family_035_r00,u2_family_035,train,16,20,5,0.4932943284511566,0.6452355980873108,1.0,True,0,offline_teacher_to_causal_s623
formal_u2_family_035_r00_s04,formal_u2_family_035_r00,u2_family_035,train,21,30,10,0.5208452343940735,0.9888644218444824,0.9,True,0,offline_teacher_to_causal_s623
formal_u2_family_035_r00_s05,formal_u2_family_035_r00,u2_family_035,train,31,32,2,0.5851817727088928,0.5982049703598022,1.0,True,0,offline_teacher_to_causal_s623
formal_u2_family_035_r01_s00,formal_u2_family_035_r01,u2_family_035,train,0,9,10,0.2522173523902893,0.9719869494438171,0.0,True,0,offline_teacher_to_causal_s623
formal_u2_family_035_r01_s01,formal_u2_family_035_r01,u2_family_035,train,10,12,3,0.6539923548698425,0.5037936568260193,1.0,True,0,offline_teacher_to_causal_s623
formal_u2_family_035_r01_s02,formal_u2_family_035_r01,u2_family_035,train,13,17,5,0.49053719639778137,0.6716234683990479,1.0,True,0,offline_teacher_to_causal_s623
formal_u2_family_035_r01_s03,formal_u2_family_035_r01,u2_family_035,train,18,28,11,0.5137454867362976,0.9892321825027466,0.9090909090909091,True,0,offline_teacher_to_causal_s623
formal_u2_family_035_r01_s04,formal_u2_family_035_r01,u2_family_035,train,29,30,2,0.5916002988815308,0.5896742343902588,1.0,True,0,offline_teacher_to_causal_s623
formal_u2_family_035_r02_s00,formal_u2_family_035_r02,u2_family_035,train,0,9,10,0.25249069929122925,0.9727989435195923,0.0,True,0,offline_teacher_to_causal_s623
formal_u2_family_035_r02_s01,formal_u2_family_035_r02,u2_family_035,train,10,12,3,0.6281332969665527,0.5160816311836243,1.0,True,0,offline_teacher_to_causal_s623
formal_u2_family_035_r02_s02,formal_u2_family_035_r02,u2_family_035,train,13,16,4,0.5002142786979675,0.5023468136787415,1.0,True,0,offline_teacher_to_causal_s623
formal_u2_family_035_r02_s03,formal_u2_family_035_r02,u2_family_035,train,17,21,5,0.5021255612373352,0.6330659985542297,1.0,True,0,offline_teacher_to_causal_s623
formal_u2_family_035_r02_s04,formal_u2_family_035_r02,u2_family_035,train,22,29,8,0.5653141140937805,0.9894443154335022,0.875,True,0,offline_teacher_to_causal_s623
formal_u2_family_035_r02_s05,formal_u2_family_035_r02,u2_family_035,train,30,31,2,0.5918666124343872,0.5645482540130615,1.0,True,0,offline_teacher_to_causal_s623
formal_u2_family_035_r03_s00,formal_u2_family_035_r03,u2_family_035,train,0,8,9,0.2522529661655426,0.9647626280784607,0.0,True,0,offline_teacher_to_causal_s623
formal_u2_family_035_r03_s01,formal_u2_family_035_r03,u2_family_035,train,9,11,3,0.6211780309677124,0.5176790952682495,1.0,True,0,offline_teacher_to_causal_s623
formal_u2_family_035_r03_s02,formal_u2_family_035_r03,u2_family_035,train,12,15,4,0.5129002928733826,0.5057250261306763,1.0,True,0,offline_teacher_to_causal_s623
formal_u2_family_035_r03_s03,formal_u2_family_035_r03,u2_family_035,train,16,21,6,0.4988739788532257,0.6384173035621643,1.0,True,0,offline_teacher_to_causal_s623
formal_u2_family_035_r03_s04,formal_u2_family_035_r03,u2_family_035,train,22,30,9,0.5184208154678345,0.989108681678772,0.8888888888888888,True,0,offline_teacher_to_causal_s623
formal_u2_family_035_r03_s05,formal_u2_family_035_r03,u2_family_035,train,31,32,2,0.5865557193756104,0.5787816047668457,1.0,True,0,offline_teacher_to_causal_s623
formal_u2_family_035_r04_s00,formal_u2_family_035_r04,u2_family_035,train,0,9,10,0.252537339925766,0.9734938144683838,0.0,True,0,offline_teacher_to_causal_s623
formal_u2_family_035_r04_s01,formal_u2_family_035_r04,u2_family_035,train,10,12,3,0.6621039509773254,0.5039311647415161,1.0,True,0,offline_teacher_to_causal_s623
formal_u2_family_035_r04_s02,formal_u2_family_035_r04,u2_family_035,train,13,15,3,0.4869641363620758,0.5001236200332642,1.0,True,0,offline_teacher_to_causal_s623
formal_u2_family_035_r04_s03,formal_u2_family_035_r04,u2_family_035,train,16,19,4,0.49158239364624023,0.6479470729827881,1.0,True,0,offline_teacher_to_causal_s623
formal_u2_family_035_r04_s04,formal_u2_family_035_r04,u2_family_035,train,20,22,3,0.5471301078796387,0.5912543535232544,1.0,True,0,offline_teacher_to_causal_s623
formal_u2_family_035_r04_s05,formal_u2_family_035_r04,u2_family_035,train,23,30,8,0.5676271319389343,0.9890656471252441,0.875,True,0,offline_teacher_to_causal_s623
formal_u2_family_035_r04_s06,formal_u2_family_035_r04,u2_family_035,train,31,32,2,0.5854334831237793,0.5623087882995605,1.0,True,0,offline_teacher_to_causal_s623
formal_u2_family_035_r05_s00,formal_u2_family_035_r05,u2_family_035,train,0,9,10,0.253142386674881,0.9701071977615356,0.0,True,0,offline_teacher_to_causal_s623
formal_u2_family_035_r05_s01,formal_u2_family_035_r05,u2_family_035,train,10,12,3,0.6199733018875122,0.5147548913955688,1.0,True,0,offline_teacher_to_causal_s623
formal_u2_family_035_r05_s02,formal_u2_family_035_r05,u2_family_035,train,13,20,8,0.5027795433998108,0.6531130075454712,1.0,True,0,offline_teacher_to_causal_s623
formal_u2_family_035_r05_s03,formal_u2_family_035_r05,u2_family_035,train,21,29,9,0.5600742697715759,0.9886888861656189,0.8888888888888888,True,0,offline_teacher_to_causal_s623
formal_u2_family_035_r05_s04,formal_u2_family_035_r05,u2_family_035,train,30,31,2,0.5787402391433716,0.5805656313896179,1.0,True,0,offline_teacher_to_causal_s623
formal_u2_family_036_r00_s00,formal_u2_family_036_r00,u2_family_036,train,0,2,3,0.3513743281364441,0.6835139393806458,0.3333333333333333,True,0,offline_teacher_to_causal_s623
formal_u2_family_036_r00_s01,formal_u2_family_036_r00,u2_family_036,train,3,5,3,0.5032146573066711,0.9355202317237854,0.6666666666666666,True,0,offline_teacher_to_causal_s623
formal_u2_family_036_r00_s02,formal_u2_family_036_r00,u2_family_036,train,6,16,11,0.35133764147758484,0.5027800798416138,0.36363636363636365,True,0,offline_teacher_to_causal_s623
formal_u2_family_036_r00_s03,formal_u2_family_036_r00,u2_family_036,train,17,19,3,0.4994923770427704,0.6486016511917114,1.0,True,0,offline_teacher_to_causal_s623
formal_u2_family_036_r00_s04,formal_u2_family_036_r00,u2_family_036,train,20,23,4,0.5004600286483765,0.5021256804466248,1.0,True,0,offline_teacher_to_causal_s623
formal_u2_family_036_r00_s05,formal_u2_family_036_r00,u2_family_036,train,24,26,3,0.9848353862762451,0.5604080557823181,0.6666666666666666,True,0,offline_teacher_to_causal_s623
formal_u2_family_036_r01_s00,formal_u2_family_036_r01,u2_family_036,train,0,2,3,0.348856121301651,0.683623731136322,0.3333333333333333,True,0,offline_teacher_to_causal_s623
formal_u2_family_036_r01_s01,formal_u2_family_036_r01,u2_family_036,train,3,5,3,0.49826285243034363,0.9336092472076416,0.6666666666666666,True,0,offline_teacher_to_causal_s623
formal_u2_family_036_r01_s02,formal_u2_family_036_r01,u2_family_036,train,6,16,11,0.35511377453804016,0.5112705826759338,0.5454545454545454,True,0,offline_teacher_to_causal_s623
formal_u2_family_036_r01_s03,formal_u2_family_036_r01,u2_family_036,train,17,22,6,0.6540991067886353,0.9854297637939453,0.8333333333333334,True,0,offline_teacher_to_causal_s623
formal_u2_family_036_r01_s04,formal_u2_family_036_r01,u2_family_036,train,23,24,2,0.5855236649513245,0.5963478684425354,1.0,True,0,offline_teacher_to_causal_s623
formal_u2_family_036_r02_s00,formal_u2_family_036_r02,u2_family_036,train,0,2,3,0.34880441427230835,0.6809239983558655,0.3333333333333333,True,0,offline_teacher_to_causal_s623
formal_u2_family_036_r02_s01,formal_u2_family_036_r02,u2_family_036,train,3,5,3,0.49839961528778076,0.9359797239303589,0.6666666666666666,True,0,offline_teacher_to_causal_s623
formal_u2_family_036_r02_s02,formal_u2_family_036_r02,u2_family_036,train,6,16,11,0.348770409822464,0.5043028593063354,0.36363636363636365,True,0,offline_teacher_to_causal_s623
formal_u2_family_036_r02_s03,formal_u2_family_036_r02,u2_family_036,train,17,19,3,0.5013822913169861,0.5086149573326111,1.0,True,0,offline_teacher_to_causal_s623
formal_u2_family_036_r02_s04,formal_u2_family_036_r02,u2_family_036,train,20,26,7,0.64412921667099,0.9846457839012146,0.8571428571428571,True,0,offline_teacher_to_causal_s623
formal_u2_family_036_r02_s05,formal_u2_family_036_r02,u2_family_036,train,27,28,2,0.5853580236434937,0.5661906599998474,1.0,True,0,offline_teacher_to_causal_s623
formal_u2_family_036_r03_s00,formal_u2_family_036_r03,u2_family_036,train,0,2,3,0.34828075766563416,0.6816093325614929,0.3333333333333333,True,0,offline_teacher_to_causal_s623
formal_u2_family_036_r03_s01,formal_u2_family_036_r03,u2_family_036,train,3,6,4,0.4966262876987457,0.9326459765434265,0.75,True,0,offline_teacher_to_causal_s623
formal_u2_family_036_r03_s02,formal_u2_family_036_r03,u2_family_036,train,7,15,9,0.30553799867630005,0.500769853591919,0.3333333333333333,True,0,offline_teacher_to_causal_s623
formal_u2_family_036_r03_s03,formal_u2_family_036_r03,u2_family_036,train,16,18,3,0.4952910542488098,0.5035574436187744,1.0,True,0,offline_teacher_to_causal_s623
formal_u2_family_036_r03_s04,formal_u2_family_036_r03,u2_family_036,train,19,21,3,0.5060180425643921,0.5084290504455566,1.0,True,0,offline_teacher_to_causal_s623
formal_u2_family_036_r03_s05,formal_u2_family_036_r03,u2_family_036,train,22,24,3,0.9855196475982666,0.5655835270881653,0.6666666666666666,True,0,offline_teacher_to_causal_s623
formal_u2_family_036_r04_s00,formal_u2_family_036_r04,u2_family_036,train,0,2,3,0.3474094271659851,0.6821567416191101,0.3333333333333333,True,0,offline_teacher_to_causal_s623
formal_u2_family_036_r04_s01,formal_u2_family_036_r04,u2_family_036,train,3,6,4,0.4999922513961792,0.9325883388519287,0.75,True,0,offline_teacher_to_causal_s623
formal_u2_family_036_r04_s02,formal_u2_family_036_r04,u2_family_036,train,7,16,10,0.31922823190689087,0.5034177899360657,0.4,True,0,offline_teacher_to_causal_s623
formal_u2_family_036_r04_s03,formal_u2_family_036_r04,u2_family_036,train,17,19,3,0.5017255544662476,0.5080350041389465,1.0,True,0,offline_teacher_to_causal_s623
formal_u2_family_036_r04_s04,formal_u2_family_036_r04,u2_family_036,train,20,25,6,0.6500333547592163,0.9850388765335083,0.8333333333333334,True,0,offline_teacher_to_causal_s623
formal_u2_family_036_r04_s05,formal_u2_family_036_r04,u2_family_036,train,26,27,2,0.5827499628067017,0.5588630437850952,1.0,True,0,offline_teacher_to_causal_s623
formal_u2_family_036_r05_s00,formal_u2_family_036_r05,u2_family_036,train,0,2,3,0.34626254439353943,0.6822570562362671,0.3333333333333333,True,0,offline_teacher_to_causal_s623
formal_u2_family_036_r05_s01,formal_u2_family_036_r05,u2_family_036,train,3,6,4,0.4997818171977997,0.9318313002586365,0.75,True,0,offline_teacher_to_causal_s623
formal_u2_family_036_r05_s02,formal_u2_family_036_r05,u2_family_036,train,7,16,10,0.31773632764816284,0.5190419554710388,0.6,True,0,offline_teacher_to_causal_s623
formal_u2_family_036_r05_s03,formal_u2_family_036_r05,u2_family_036,train,17,19,3,0.6502727270126343,0.5015170574188232,1.0,True,0,offline_teacher_to_causal_s623
formal_u2_family_036_r05_s04,formal_u2_family_036_r05,u2_family_036,train,20,22,3,0.4891323447227478,0.9856276512145996,0.6666666666666666,True,0,offline_teacher_to_causal_s623
formal_u2_family_036_r05_s05,formal_u2_family_036_r05,u2_family_036,train,23,24,2,0.5836183428764343,0.5821817517280579,1.0,True,0,offline_teacher_to_causal_s623
formal_u2_family_037_r00_s00,formal_u2_family_037_r00,u2_family_037,train,0,2,3,0.3475835621356964,0.6791912317276001,0.3333333333333333,True,0,offline_teacher_to_causal_s623
formal_u2_family_037_r00_s01,formal_u2_family_037_r00,u2_family_037,train,3,6,4,0.5005731582641602,0.9327198266983032,0.75,True,0,offline_teacher_to_causal_s623
formal_u2_family_037_r00_s02,formal_u2_family_037_r00,u2_family_037,train,7,17,11,0.3162381947040558,0.6514908075332642,0.5454545454545454,True,0,offline_teacher_to_causal_s623
formal_u2_family_037_r00_s03,formal_u2_family_037_r00,u2_family_037,train,18,21,4,0.5067174434661865,0.9873315691947937,0.75,True,0,offline_teacher_to_causal_s623
formal_u2_family_037_r00_s04,formal_u2_family_037_r00,u2_family_037,train,22,23,2,0.5818564295768738,0.5782022476196289,1.0,True,0,offline_teacher_to_causal_s623
formal_u2_family_037_r01_s00,formal_u2_family_037_r01,u2_family_037,train,0,2,3,0.34961605072021484,0.6786838173866272,0.3333333333333333,True,0,offline_teacher_to_causal_s623
formal_u2_family_037_r01_s01,formal_u2_family_037_r01,u2_family_037,train,3,5,3,0.4954746663570404,0.9649333953857422,0.3333333333333333,True,1,offline_teacher_to_causal_s623
formal_u2_family_037_r01_s02,formal_u2_family_037_r01,u2_family_037,train,6,8,3,0.9445908069610596,0.9229962229728699,0.3333333333333333,True,0,offline_teacher_to_causal_s623
formal_u2_family_037_r01_s03,formal_u2_family_037_r01,u2_family_037,train,9,18,10,0.3968644440174103,0.6388148665428162,0.8,True,0,offline_teacher_to_causal_s623
formal_u2_family_037_r01_s04,formal_u2_family_037_r01,u2_family_037,train,19,21,3,0.49797582626342773,0.5162169337272644,1.0,True,0,offline_teacher_to_causal_s623
formal_u2_family_037_r01_s05,formal_u2_family_037_r01,u2_family_037,train,22,24,3,0.9871404767036438,0.5708326697349548,0.6666666666666666,True,0,offline_teacher_to_causal_s623
formal_u2_family_037_r02_s00,formal_u2_family_037_r02,u2_family_037,train,0,2,3,0.3500479459762573,0.6782321929931641,0.3333333333333333,True,0,offline_teacher_to_causal_s623
formal_u2_family_037_r02_s01,formal_u2_family_037_r02,u2_family_037,train,3,5,3,0.4957233667373657,0.9361481070518494,0.6666666666666666,True,0,offline_teacher_to_causal_s623
formal_u2_family_037_r02_s02,formal_u2_family_037_r02,u2_family_037,train,6,16,11,0.34146177768707275,0.5030753016471863,0.36363636363636365,True,0,offline_teacher_to_causal_s623
formal_u2_family_037_r02_s03,formal_u2_family_037_r02,u2_family_037,train,17,19,3,0.502059280872345,0.6529914736747742,1.0,True,0,offline_teacher_to_causal_s623
formal_u2_family_037_r02_s04,formal_u2_family_037_r02,u2_family_037,train,20,24,5,0.5007786750793457,0.9855360388755798,0.8,True,0,offline_teacher_to_causal_s623
formal_u2_family_037_r02_s05,formal_u2_family_037_r02,u2_family_037,train,25,26,2,0.5872805714607239,0.5655704736709595,1.0,True,0,offline_teacher_to_causal_s623
formal_u2_family_037_r03_s00,formal_u2_family_037_r03,u2_family_037,train,0,2,3,0.35070598125457764,0.682685136795044,0.3333333333333333,True,0,offline_teacher_to_causal_s623
formal_u2_family_037_r03_s01,formal_u2_family_037_r03,u2_family_037,train,3,5,3,0.5048466920852661,0.9662433862686157,0.3333333333333333,True,1,offline_teacher_to_causal_s623
formal_u2_family_037_r03_s02,formal_u2_family_037_r03,u2_family_037,train,6,8,3,0.9427096843719482,0.5055004358291626,0.6666666666666666,True,0,offline_teacher_to_causal_s623
formal_u2_family_037_r03_s03,formal_u2_family_037_r03,u2_family_037,train,9,20,12,0.9379981160163879,0.5005183815956116,0.3333333333333333,True,0,offline_teacher_to_causal_s623
formal_u2_family_037_r03_s04,formal_u2_family_037_r03,u2_family_037,train,21,23,3,0.49684372544288635,0.6474136710166931,1.0,True,0,offline_teacher_to_causal_s623
formal_u2_family_037_r03_s05,formal_u2_family_037_r03,u2_family_037,train,24,27,4,0.49639764428138733,0.5063565373420715,1.0,True,0,offline_teacher_to_causal_s623
formal_u2_family_037_r03_s06,formal_u2_family_037_r03,u2_family_037,train,28,30,3,0.9858183264732361,0.553457498550415,0.6666666666666666,True,0,offline_teacher_to_causal_s623
formal_u2_family_037_r04_s00,formal_u2_family_037_r04,u2_family_037,train,0,2,3,0.35392382740974426,0.6811913251876831,0.3333333333333333,True,0,offline_teacher_to_causal_s623
formal_u2_family_037_r04_s01,formal_u2_family_037_r04,u2_family_037,train,3,5,3,0.4959007203578949,0.9346858263015747,0.6666666666666666,True,0,offline_teacher_to_causal_s623
formal_u2_family_037_r04_s02,formal_u2_family_037_r04,u2_family_037,train,6,16,11,0.3469473421573639,0.5037640929222107,0.36363636363636365,True,0,offline_teacher_to_causal_s623
formal_u2_family_037_r04_s03,formal_u2_family_037_r04,u2_family_037,train,17,19,3,0.4999476671218872,0.6531885266304016,1.0,True,0,offline_teacher_to_causal_s623
formal_u2_family_037_r04_s04,formal_u2_family_037_r04,u2_family_037,train,20,25,6,0.4998241066932678,0.9823662638664246,0.8333333333333334,True,0,offline_teacher_to_causal_s623
formal_u2_family_037_r04_s05,formal_u2_family_037_r04,u2_family_037,train,26,27,2,0.5853762030601501,0.5549486875534058,1.0,True,0,offline_teacher_to_causal_s623
formal_u2_family_037_r05_s00,formal_u2_family_037_r05,u2_family_037,train,0,2,3,0.35018646717071533,0.6799865961074829,0.3333333333333333,True,0,offline_teacher_to_causal_s623
formal_u2_family_037_r05_s01,formal_u2_family_037_r05,u2_family_037,train,3,5,3,0.49906790256500244,0.9658904671669006,0.3333333333333333,True,1,offline_teacher_to_causal_s623
formal_u2_family_037_r05_s02,formal_u2_family_037_r05,u2_family_037,train,6,8,3,0.7885115742683411,0.7026625871658325,0.6666666666666666,False,0,offline_teacher_to_causal_s623
formal_u2_family_037_r05_s03,formal_u2_family_037_r05,u2_family_037,train,9,12,4,0.7309162616729736,0.5918868184089661,0.5,False,0,offline_teacher_to_causal_s623
formal_u2_family_037_r05_s04,formal_u2_family_037_r05,u2_family_037,train,13,15,3,0.6354318857192993,0.6014072895050049,1.0,False,0,offline_teacher_to_causal_s623
formal_u2_family_037_r05_s05,formal_u2_family_037_r05,u2_family_037,train,16,18,3,0.6180733442306519,0.5842167139053345,1.0,False,0,offline_teacher_to_causal_s623
formal_u2_family_037_r05_s06,formal_u2_family_037_r05,u2_family_037,train,19,21,3,0.61276775598526,0.6635907888412476,1.0,False,0,offline_teacher_to_causal_s623
formal_u2_family_037_r05_s07,formal_u2_family_037_r05,u2_family_037,train,22,24,3,0.6105196475982666,0.6348505616188049,1.0,False,0,offline_teacher_to_causal_s623
formal_u2_family_037_r05_s08,formal_u2_family_037_r05,u2_family_037,train,25,29,5,0.7504352331161499,0.510402262210846,0.0,False,0,offline_teacher_to_causal_s623
formal_u2_family_037_r05_s09,formal_u2_family_037_r05,u2_family_037,train,30,32,3,0.5100163817405701,0.5840291380882263,0.6666666666666666,False,0,offline_teacher_to_causal_s623
formal_u2_family_037_r05_s10,formal_u2_family_037_r05,u2_family_037,train,33,35,3,0.6048213243484497,0.535843551158905,1.0,False,0,offline_teacher_to_causal_s623
formal_u2_family_037_r05_s11,formal_u2_family_037_r05,u2_family_037,train,36,38,3,0.5127847194671631,0.545263409614563,1.0,False,0,offline_teacher_to_causal_s623
formal_u2_family_037_r05_s12,formal_u2_family_037_r05,u2_family_037,train,39,41,3,0.5643960237503052,0.5941473841667175,1.0,False,0,offline_teacher_to_causal_s623
formal_u2_family_037_r05_s13,formal_u2_family_037_r05,u2_family_037,train,42,44,3,0.5501813888549805,0.5660287737846375,1.0,False,0,offline_teacher_to_causal_s623
formal_u2_family_037_r05_s14,formal_u2_family_037_r05,u2_family_037,train,45,47,3,0.5884633660316467,0.5903634428977966,1.0,False,0,offline_teacher_to_causal_s623
formal_u2_family_038_r00_s00,formal_u2_family_038_r00,u2_family_038,train,0,2,3,0.3500348627567291,0.6795716881752014,0.3333333333333333,True,0,offline_teacher_to_causal_s623
formal_u2_family_038_r00_s01,formal_u2_family_038_r00,u2_family_038,train,3,5,3,0.9260247349739075,0.9493279457092285,0.0,True,0,offline_teacher_to_causal_s623
formal_u2_family_038_r00_s02,formal_u2_family_038_r00,u2_family_038,train,6,8,3,0.6867097020149231,0.9361801743507385,0.6666666666666666,True,0,offline_teacher_to_causal_s623
formal_u2_family_038_r00_s03,formal_u2_family_038_r00,u2_family_038,train,9,19,11,0.3404449224472046,0.5016620755195618,0.36363636363636365,True,0,offline_teacher_to_causal_s623
formal_u2_family_038_r00_s04,formal_u2_family_038_r00,u2_family_038,train,20,22,3,0.4976089596748352,0.6481969952583313,1.0,True,0,offline_teacher_to_causal_s623
formal_u2_family_038_r00_s05,formal_u2_family_038_r00,u2_family_038,train,23,28,6,0.49510806798934937,0.9849404692649841,0.8333333333333334,True,0,offline_teacher_to_causal_s623
formal_u2_family_038_r00_s06,formal_u2_family_038_r00,u2_family_038,train,29,30,2,0.5855634212493896,0.5783096551895142,1.0,True,0,offline_teacher_to_causal_s623
formal_u2_family_038_r01_s00,formal_u2_family_038_r01,u2_family_038,train,0,2,3,0.34925299882888794,0.6806997656822205,0.3333333333333333,True,0,offline_teacher_to_causal_s623
formal_u2_family_038_r01_s01,formal_u2_family_038_r01,u2_family_038,train,3,5,3,0.9257464408874512,0.951851487159729,0.0,True,0,offline_teacher_to_causal_s623
formal_u2_family_038_r01_s02,formal_u2_family_038_r01,u2_family_038,train,6,8,3,0.724229097366333,0.9384913444519043,0.6666666666666666,True,0,offline_teacher_to_causal_s623
formal_u2_family_038_r01_s03,formal_u2_family_038_r01,u2_family_038,train,9,21,13,0.35973915457725525,0.5081583261489868,0.46153846153846156,True,0,offline_teacher_to_causal_s623
formal_u2_family_038_r01_s04,formal_u2_family_038_r01,u2_family_038,train,22,24,3,0.6489977836608887,0.5015726685523987,1.0,True,0,offline_teacher_to_causal_s623
formal_u2_family_038_r01_s05,formal_u2_family_038_r01,u2_family_038,train,25,27,3,0.49161985516548157,0.9849884510040283,0.6666666666666666,True,0,offline_teacher_to_causal_s623
formal_u2_family_038_r01_s06,formal_u2_family_038_r01,u2_family_038,train,28,29,2,0.5806684494018555,0.5822041034698486,1.0,True,0,offline_teacher_to_causal_s623
formal_u2_family_038_r02_s00,formal_u2_family_038_r02,u2_family_038,train,0,2,3,0.34874749183654785,0.6795110702514648,0.3333333333333333,True,0,offline_teacher_to_causal_s623
formal_u2_family_038_r02_s01,formal_u2_family_038_r02,u2_family_038,train,3,5,3,0.9258676171302795,0.9491439461708069,0.0,True,0,offline_teacher_to_causal_s623
formal_u2_family_038_r02_s02,formal_u2_family_038_r02,u2_family_038,train,6,8,3,0.7104694843292236,0.937523603439331,0.6666666666666666,True,0,offline_teacher_to_causal_s623
formal_u2_family_038_r02_s03,formal_u2_family_038_r02,u2_family_038,train,9,18,10,0.34720805287361145,0.5001046061515808,0.4,True,0,offline_teacher_to_causal_s623
formal_u2_family_038_r02_s04,formal_u2_family_038_r02,u2_family_038,train,19,21,3,0.49281659722328186,0.6520745158195496,1.0,True,0,offline_teacher_to_causal_s623
formal_u2_family_038_r02_s05,formal_u2_family_038_r02,u2_family_038,train,22,26,5,0.49766120314598083,0.9854857921600342,0.8,True,0,offline_teacher_to_causal_s623
formal_u2_family_038_r02_s06,formal_u2_family_038_r02,u2_family_038,train,27,28,2,0.5801337957382202,0.5678291916847229,1.0,True,0,offline_teacher_to_causal_s623
formal_u2_family_038_r03_s00,formal_u2_family_038_r03,u2_family_038,train,0,2,3,0.348520427942276,0.6819092631340027,0.3333333333333333,True,0,offline_teacher_to_causal_s623
formal_u2_family_038_r03_s01,formal_u2_family_038_r03,u2_family_038,train,3,5,3,0.9263994097709656,0.9551674127578735,0.0,True,0,offline_teacher_to_causal_s623
formal_u2_family_038_r03_s02,formal_u2_family_038_r03,u2_family_038,train,6,8,3,0.7330838441848755,0.5034569501876831,1.0,True,0,offline_teacher_to_causal_s623
formal_u2_family_038_r03_s03,formal_u2_family_038_r03,u2_family_038,train,9,20,12,0.930461585521698,0.6436726450920105,0.5,True,0,offline_teacher_to_causal_s623
formal_u2_family_038_r03_s04,formal_u2_family_038_r03,u2_family_038,train,21,23,3,0.5011685490608215,0.501771867275238,1.0,True,0,offline_teacher_to_causal_s623
formal_u2_family_038_r03_s05,formal_u2_family_038_r03,u2_family_038,train,24,26,3,0.5090306401252747,0.5926511883735657,0.6666666666666666,True,0,offline_teacher_to_causal_s623
formal_u2_family_038_r03_s06,formal_u2_family_038_r03,u2_family_038,train,27,27,1,0.5389676094055176,0.5389676094055176,1.0,True,0,offline_teacher_to_causal_s623
formal_u2_family_038_r04_s00,formal_u2_family_038_r04,u2_family_038,train,0,2,3,0.3482454717159271,0.6810123920440674,0.3333333333333333,True,0,offline_teacher_to_causal_s623
formal_u2_family_038_r04_s01,formal_u2_family_038_r04,u2_family_038,train,3,5,3,0.9263168573379517,0.9528943300247192,0.0,True,0,offline_teacher_to_causal_s623
formal_u2_family_038_r04_s02,formal_u2_family_038_r04,u2_family_038,train,6,8,3,0.6814829707145691,0.9375673532485962,0.6666666666666666,True,0,offline_teacher_to_causal_s623
formal_u2_family_038_r04_s03,formal_u2_family_038_r04,u2_family_038,train,9,18,10,0.33844617009162903,0.5001541972160339,0.4,True,0,offline_teacher_to_causal_s623
formal_u2_family_038_r04_s04,formal_u2_family_038_r04,u2_family_038,train,19,21,3,0.4964093267917633,0.5051258206367493,1.0,True,0,offline_teacher_to_causal_s623
formal_u2_family_038_r04_s05,formal_u2_family_038_r04,u2_family_038,train,22,24,3,0.5050055980682373,0.503278374671936,1.0,True,0,offline_teacher_to_causal_s623
formal_u2_family_038_r04_s06,formal_u2_family_038_r04,u2_family_038,train,25,27,3,0.986143946647644,0.5901955962181091,0.6666666666666666,True,0,offline_teacher_to_causal_s623
formal_u2_family_038_r05_s00,formal_u2_family_038_r05,u2_family_038,train,0,2,3,0.3488556742668152,0.6821004748344421,0.3333333333333333,True,0,offline_teacher_to_causal_s623
formal_u2_family_038_r05_s01,formal_u2_family_038_r05,u2_family_038,train,3,5,3,0.9268701076507568,0.9490922689437866,0.0,True,0,offline_teacher_to_causal_s623
formal_u2_family_038_r05_s02,formal_u2_family_038_r05,u2_family_038,train,6,8,3,0.7259232401847839,0.501937985420227,1.0,True,0,offline_teacher_to_causal_s623
formal_u2_family_038_r05_s03,formal_u2_family_038_r05,u2_family_038,train,9,21,13,0.9310609698295593,0.5025156736373901,0.3076923076923077,True,0,offline_teacher_to_causal_s623
formal_u2_family_038_r05_s04,formal_u2_family_038_r05,u2_family_038,train,22,24,3,0.49814656376838684,0.6495206952095032,1.0,True,0,offline_teacher_to_causal_s623
formal_u2_family_038_r05_s05,formal_u2_family_038_r05,u2_family_038,train,25,29,5,0.4965480864048004,0.9851155877113342,0.8,True,0,offline_teacher_to_causal_s623
formal_u2_family_038_r05_s06,formal_u2_family_038_r05,u2_family_038,train,30,31,2,0.5836441516876221,0.5556278228759766,1.0,True,0,offline_teacher_to_causal_s623
formal_u2_family_039_r00_s00,formal_u2_family_039_r00,u2_family_039,train,0,2,3,0.350688099861145,0.6794731020927429,0.3333333333333333,True,0,offline_teacher_to_causal_s623
formal_u2_family_039_r00_s01,formal_u2_family_039_r00,u2_family_039,train,3,6,4,0.49771109223365784,0.9325089454650879,0.75,True,0,offline_teacher_to_causal_s623
formal_u2_family_039_r00_s02,formal_u2_family_039_r00,u2_family_039,train,7,16,10,0.3099757730960846,0.5034828782081604,0.3,True,0,offline_teacher_to_causal_s623
formal_u2_family_039_r00_s03,formal_u2_family_039_r00,u2_family_039,train,17,19,3,0.4987886846065521,0.6543805003166199,1.0,True,0,offline_teacher_to_causal_s623
formal_u2_family_039_r00_s04,formal_u2_family_039_r00,u2_family_039,train,20,23,4,0.49886876344680786,0.9860764741897583,0.75,True,0,offline_teacher_to_causal_s623
formal_u2_family_039_r00_s05,formal_u2_family_039_r00,u2_family_039,train,24,25,2,0.5809178352355957,0.5823433995246887,1.0,True,0,offline_teacher_to_causal_s623
formal_u2_family_039_r01_s00,formal_u2_family_039_r01,u2_family_039,train,0,2,3,0.3500213027000427,0.6794523000717163,0.3333333333333333,True,0,offline_teacher_to_causal_s623
formal_u2_family_039_r01_s01,formal_u2_family_039_r01,u2_family_039,train,3,6,4,0.4940536320209503,0.9322862029075623,0.75,True,0,offline_teacher_to_causal_s623
formal_u2_family_039_r01_s02,formal_u2_family_039_r01,u2_family_039,train,7,15,9,0.30881384015083313,0.5007866024971008,0.4444444444444444,True,0,offline_teacher_to_causal_s623
formal_u2_family_039_r01_s03,formal_u2_family_039_r01,u2_family_039,train,16,18,3,0.4951257109642029,0.6515824794769287,1.0,True,0,offline_teacher_to_causal_s623
formal_u2_family_039_r01_s04,formal_u2_family_039_r01,u2_family_039,train,19,24,6,0.5000848174095154,0.9827134609222412,0.8333333333333334,True,0,offline_teacher_to_causal_s623
formal_u2_family_039_r01_s05,formal_u2_family_039_r01,u2_family_039,train,25,26,2,0.5817974209785461,0.5194061398506165,1.0,True,0,offline_teacher_to_causal_s623
formal_u2_family_039_r02_s00,formal_u2_family_039_r02,u2_family_039,train,0,2,3,0.34645017981529236,0.6771262288093567,0.3333333333333333,True,0,offline_teacher_to_causal_s623
formal_u2_family_039_r02_s01,formal_u2_family_039_r02,u2_family_039,train,3,5,3,0.49335187673568726,0.9367708563804626,0.6666666666666666,True,0,offline_teacher_to_causal_s623
formal_u2_family_039_r02_s02,formal_u2_family_039_r02,u2_family_039,train,6,14,9,0.3396705389022827,0.502983570098877,0.4444444444444444,True,0,offline_teacher_to_causal_s623
formal_u2_family_039_r02_s03,formal_u2_family_039_r02,u2_family_039,train,15,17,3,0.49670469760894775,0.6515935659408569,1.0,True,0,offline_teacher_to_causal_s623
formal_u2_family_039_r02_s04,formal_u2_family_039_r02,u2_family_039,train,18,21,4,0.5010300278663635,0.5000276565551758,1.0,True,0,offline_teacher_to_causal_s623
formal_u2_family_039_r02_s05,formal_u2_family_039_r02,u2_family_039,train,22,24,3,0.9856860041618347,0.5574333071708679,0.6666666666666666,True,0,offline_teacher_to_causal_s623
formal_u2_family_039_r03_s00,formal_u2_family_039_r03,u2_family_039,train,0,2,3,0.3510449230670929,0.6812638640403748,0.3333333333333333,True,0,offline_teacher_to_causal_s623
formal_u2_family_039_r03_s01,formal_u2_family_039_r03,u2_family_039,train,3,5,3,0.4970499277114868,0.9348049759864807,0.6666666666666666,True,0,offline_teacher_to_causal_s623
formal_u2_family_039_r03_s02,formal_u2_family_039_r03,u2_family_039,train,6,16,11,0.34645184874534607,0.5051811337471008,0.36363636363636365,True,0,offline_teacher_to_causal_s623
formal_u2_family_039_r03_s03,formal_u2_family_039_r03,u2_family_039,train,17,19,3,0.49734824895858765,0.6549817323684692,1.0,True,0,offline_teacher_to_causal_s623
formal_u2_family_039_r03_s04,formal_u2_family_039_r03,u2_family_039,train,20,24,5,0.5023000836372375,0.9848864674568176,0.8,True,0,offline_teacher_to_causal_s623
formal_u2_family_039_r03_s05,formal_u2_family_039_r03,u2_family_039,train,25,26,2,0.5803484916687012,0.554621696472168,1.0,True,0,offline_teacher_to_causal_s623
formal_u2_family_039_r04_s00,formal_u2_family_039_r04,u2_family_039,train,0,2,3,0.34754449129104614,0.6810280680656433,0.3333333333333333,True,0,offline_teacher_to_causal_s623
formal_u2_family_039_r04_s01,formal_u2_family_039_r04,u2_family_039,train,3,6,4,0.5006714463233948,0.9325091242790222,0.75,True,0,offline_teacher_to_causal_s623
formal_u2_family_039_r04_s02,formal_u2_family_039_r04,u2_family_039,train,7,16,10,0.3137528896331787,0.5026071667671204,0.3,True,0,offline_teacher_to_causal_s623
formal_u2_family_039_r04_s03,formal_u2_family_039_r04,u2_family_039,train,17,19,3,0.4969872534275055,0.6496696472167969,1.0,True,0,offline_teacher_to_causal_s623
formal_u2_family_039_r04_s04,formal_u2_family_039_r04,u2_family_039,train,20,23,4,0.5006793737411499,0.5016559958457947,1.0,True,0,offline_teacher_to_causal_s623
formal_u2_family_039_r04_s05,formal_u2_family_039_r04,u2_family_039,train,24,26,3,0.49159255623817444,0.5845039486885071,0.6666666666666666,True,0,offline_teacher_to_causal_s623
formal_u2_family_039_r04_s06,formal_u2_family_039_r04,u2_family_039,train,27,27,1,0.5585904121398926,0.5585904121398926,1.0,True,0,offline_teacher_to_causal_s623
formal_u2_family_039_r05_s00,formal_u2_family_039_r05,u2_family_039,train,0,2,3,0.35151293873786926,0.6813957095146179,0.3333333333333333,True,0,offline_teacher_to_causal_s623
formal_u2_family_039_r05_s01,formal_u2_family_039_r05,u2_family_039,train,3,6,4,0.5023937821388245,0.9339180588722229,0.75,True,0,offline_teacher_to_causal_s623
formal_u2_family_039_r05_s02,formal_u2_family_039_r05,u2_family_039,train,7,17,11,0.3212275207042694,0.5026732087135315,0.36363636363636365,True,0,offline_teacher_to_causal_s623
formal_u2_family_039_r05_s03,formal_u2_family_039_r05,u2_family_039,train,18,20,3,0.5007051229476929,0.5054368376731873,1.0,True,0,offline_teacher_to_causal_s623
formal_u2_family_039_r05_s04,formal_u2_family_039_r05,u2_family_039,train,21,23,3,0.5084864497184753,0.9867072105407715,0.6666666666666666,True,0,offline_teacher_to_causal_s623
formal_u2_family_039_r05_s05,formal_u2_family_039_r05,u2_family_039,train,24,25,2,0.5814870595932007,0.5440735220909119,1.0,True,0,offline_teacher_to_causal_s623
formal_u2_family_040_r00_s00,formal_u2_family_040_r00,u2_family_040,train,0,2,3,0.3490600883960724,0.6785308122634888,0.3333333333333333,True,0,offline_teacher_to_causal_s623
formal_u2_family_040_r00_s01,formal_u2_family_040_r00,u2_family_040,train,3,6,4,0.49937042593955994,0.9279894828796387,0.75,True,0,offline_teacher_to_causal_s623
formal_u2_family_040_r01_s00,formal_u2_family_040_r01,u2_family_040,train,0,2,3,0.34888380765914917,0.6773167252540588,0.3333333333333333,True,0,offline_teacher_to_causal_s623
formal_u2_family_040_r01_s01,formal_u2_family_040_r01,u2_family_040,train,3,6,4,0.49836018681526184,0.9285624623298645,0.75,True,0,offline_teacher_to_causal_s623
formal_u2_family_040_r02_s00,formal_u2_family_040_r02,u2_family_040,train,0,2,3,0.3488225042819977,0.6777210831642151,0.3333333333333333,True,0,offline_teacher_to_causal_s623
formal_u2_family_040_r02_s01,formal_u2_family_040_r02,u2_family_040,train,3,6,4,0.4997257888317108,0.9281425476074219,0.75,True,0,offline_teacher_to_causal_s623
formal_u2_family_040_r03_s00,formal_u2_family_040_r03,u2_family_040,train,0,2,3,0.3482776880264282,0.6777945756912231,0.3333333333333333,True,0,offline_teacher_to_causal_s623
formal_u2_family_040_r03_s01,formal_u2_family_040_r03,u2_family_040,train,3,6,4,0.5005729794502258,0.9295628070831299,0.75,True,0,offline_teacher_to_causal_s623
formal_u2_family_040_r04_s00,formal_u2_family_040_r04,u2_family_040,train,0,2,3,0.3483998775482178,0.6785763502120972,0.3333333333333333,True,0,offline_teacher_to_causal_s623
formal_u2_family_040_r04_s01,formal_u2_family_040_r04,u2_family_040,train,3,6,4,0.500486433506012,0.9294408559799194,0.75,True,0,offline_teacher_to_causal_s623
formal_u2_family_040_r05_s00,formal_u2_family_040_r05,u2_family_040,train,0,2,3,0.352768212556839,0.677606463432312,0.3333333333333333,True,0,offline_teacher_to_causal_s623
formal_u2_family_040_r05_s01,formal_u2_family_040_r05,u2_family_040,train,3,6,4,0.4960998594760895,0.9279521107673645,0.75,True,0,offline_teacher_to_causal_s623
formal_u2_family_041_r00_s00,formal_u2_family_041_r00,u2_family_041,train,0,8,9,0.27286043763160706,0.9696933627128601,0.0,True,0,offline_teacher_to_causal_s623
formal_u2_family_041_r00_s01,formal_u2_family_041_r00,u2_family_041,train,9,11,3,0.6338234543800354,0.5098015666007996,1.0,True,0,offline_teacher_to_causal_s623
formal_u2_family_041_r00_s02,formal_u2_family_041_r00,u2_family_041,train,12,23,12,0.49085742235183716,0.5046793222427368,0.4166666666666667,True,0,offline_teacher_to_causal_s623
formal_u2_family_041_r00_s03,formal_u2_family_041_r00,u2_family_041,train,24,26,3,0.502403199672699,0.6502998471260071,1.0,True,0,offline_teacher_to_causal_s623
formal_u2_family_041_r00_s04,formal_u2_family_041_r00,u2_family_041,train,27,31,5,0.4952220618724823,0.9855660796165466,0.8,True,0,offline_teacher_to_causal_s623
formal_u2_family_041_r00_s05,formal_u2_family_041_r00,u2_family_041,train,32,33,2,0.58748459815979,0.5272785425186157,1.0,True,0,offline_teacher_to_causal_s623
formal_u2_family_041_r01_s00,formal_u2_family_041_r01,u2_family_041,train,0,8,9,0.2750052511692047,0.5352661609649658,0.0,False,0,offline_teacher_to_causal_s623
formal_u2_family_041_r01_s01,formal_u2_family_041_r01,u2_family_041,train,9,11,3,0.976129412651062,0.5157573223114014,0.6666666666666666,True,0,offline_teacher_to_causal_s623
formal_u2_family_041_r01_s02,formal_u2_family_041_r01,u2_family_041,train,12,23,12,0.4954143166542053,0.5027498602867126,0.4166666666666667,True,0,offline_teacher_to_causal_s623
formal_u2_family_041_r01_s03,formal_u2_family_041_r01,u2_family_041,train,24,26,3,0.50047367811203,0.508128821849823,1.0,True,0,offline_teacher_to_causal_s623
formal_u2_family_041_r01_s04,formal_u2_family_041_r01,u2_family_041,train,27,33,7,0.6492980718612671,0.9826475977897644,0.8571428571428571,True,0,offline_teacher_to_causal_s623
formal_u2_family_041_r01_s05,formal_u2_family_041_r01,u2_family_041,train,34,35,2,0.5839253067970276,0.5344582796096802,1.0,True,0,offline_teacher_to_causal_s623
formal_u2_family_041_r02_s00,formal_u2_family_041_r02,u2_family_041,train,0,6,7,0.2723490297794342,0.9288308024406433,0.0,True,0,offline_teacher_to_causal_s623
formal_u2_family_041_r02_s01,formal_u2_family_041_r02,u2_family_041,train,7,9,3,0.5741695761680603,0.5077508091926575,1.0,True,0,offline_teacher_to_causal_s623
formal_u2_family_041_r02_s02,formal_u2_family_041_r02,u2_family_041,train,10,12,3,0.5074074268341064,0.5003868341445923,1.0,True,0,offline_teacher_to_causal_s623
formal_u2_family_041_r02_s03,formal_u2_family_041_r02,u2_family_041,train,13,26,14,0.9303777813911438,0.5036249160766602,0.42857142857142855,True,0,offline_teacher_to_causal_s623
formal_u2_family_041_r02_s04,formal_u2_family_041_r02,u2_family_041,train,27,32,6,0.6528734564781189,0.9854377508163452,0.8333333333333334,True,0,offline_teacher_to_causal_s623
formal_u2_family_041_r02_s05,formal_u2_family_041_r02,u2_family_041,train,33,34,2,0.5847720503807068,0.5993645787239075,1.0,True,0,offline_teacher_to_causal_s623
formal_u2_family_041_r03_s00,formal_u2_family_041_r03,u2_family_041,train,0,8,9,0.27168789505958557,0.9671302437782288,0.0,True,0,offline_teacher_to_causal_s623
formal_u2_family_041_r03_s01,formal_u2_family_041_r03,u2_family_041,train,9,11,3,0.626571774482727,0.5382134914398193,1.0,True,0,offline_teacher_to_causal_s623
formal_u2_family_041_r03_s02,formal_u2_family_041_r03,u2_family_041,train,12,14,3,0.5075449347496033,0.5184392929077148,1.0,True,0,offline_teacher_to_causal_s623
formal_u2_family_041_r03_s03,formal_u2_family_041_r03,u2_family_041,train,15,23,9,0.9261219501495361,0.5017324090003967,0.4444444444444444,True,0,offline_teacher_to_causal_s623
formal_u2_family_041_r03_s04,formal_u2_family_041_r03,u2_family_041,train,24,26,3,0.4938853979110718,0.5107918381690979,1.0,True,0,offline_teacher_to_causal_s623
formal_u2_family_041_r03_s05,formal_u2_family_041_r03,u2_family_041,train,27,33,7,0.6388198733329773,0.9836064577102661,0.8571428571428571,True,0,offline_teacher_to_causal_s623
formal_u2_family_041_r03_s06,formal_u2_family_041_r03,u2_family_041,train,34,35,2,0.5836933255195618,0.5485965013504028,1.0,True,0,offline_teacher_to_causal_s623
formal_u2_family_041_r04_s00,formal_u2_family_041_r04,u2_family_041,train,0,8,9,0.2735624313354492,0.5631101727485657,0.0,False,0,offline_teacher_to_causal_s623
formal_u2_family_041_r04_s01,formal_u2_family_041_r04,u2_family_041,train,9,11,3,0.9767235517501831,0.5176564455032349,0.6666666666666666,True,0,offline_teacher_to_causal_s623
formal_u2_family_041_r04_s02,formal_u2_family_041_r04,u2_family_041,train,12,19,8,0.9323493242263794,0.506223738193512,0.5,True,0,offline_teacher_to_causal_s623
formal_u2_family_041_r04_s03,formal_u2_family_041_r04,u2_family_041,train,20,22,3,0.492654412984848,0.514219343662262,1.0,True,0,offline_teacher_to_causal_s623
formal_u2_family_041_r04_s04,formal_u2_family_041_r04,u2_family_041,train,23,31,9,0.5115585923194885,0.984863817691803,0.8888888888888888,True,0,offline_teacher_to_causal_s623
formal_u2_family_041_r04_s05,formal_u2_family_041_r04,u2_family_041,train,32,33,2,0.5751157402992249,0.5236794352531433,1.0,True,0,offline_teacher_to_causal_s623
formal_u2_family_041_r05_s00,formal_u2_family_041_r05,u2_family_041,train,0,8,9,0.27378323674201965,0.5165511965751648,0.0,False,0,offline_teacher_to_causal_s623
formal_u2_family_041_r05_s01,formal_u2_family_041_r05,u2_family_041,train,9,11,3,0.975936770439148,0.515132486820221,0.6666666666666666,True,0,offline_teacher_to_causal_s623
formal_u2_family_041_r05_s02,formal_u2_family_041_r05,u2_family_041,train,12,14,3,0.5008532404899597,0.9318124651908875,0.6666666666666666,True,0,offline_teacher_to_causal_s623
formal_u2_family_041_r05_s03,formal_u2_family_041_r05,u2_family_041,train,15,25,11,0.3277041018009186,0.5027599334716797,0.36363636363636365,True,0,offline_teacher_to_causal_s623
formal_u2_family_041_r05_s04,formal_u2_family_041_r05,u2_family_041,train,26,28,3,0.5047905445098877,0.6519708633422852,1.0,True,0,offline_teacher_to_causal_s623
formal_u2_family_041_r05_s05,formal_u2_family_041_r05,u2_family_041,train,29,33,5,0.4977969825267792,0.9847801923751831,0.8,True,0,offline_teacher_to_causal_s623
formal_u2_family_041_r05_s06,formal_u2_family_041_r05,u2_family_041,train,34,35,2,0.5894317626953125,0.584075927734375,1.0,True,0,offline_teacher_to_causal_s623
formal_u2_family_042_r00_s00,formal_u2_family_042_r00,u2_family_042,train,0,2,3,0.3192547559738159,0.6710702776908875,0.3333333333333333,True,0,offline_teacher_to_causal_s623
formal_u2_family_042_r00_s01,formal_u2_family_042_r00,u2_family_042,train,3,8,6,0.7082775235176086,0.5033038854598999,1.0,True,0,offline_teacher_to_causal_s623
formal_u2_family_042_r00_s02,formal_u2_family_042_r00,u2_family_042,train,9,13,5,0.4988170266151428,0.6485671997070312,1.0,True,0,offline_teacher_to_causal_s623
formal_u2_family_042_r00_s03,formal_u2_family_042_r00,u2_family_042,train,14,23,10,0.5116561651229858,0.9879216551780701,0.9,True,0,offline_teacher_to_causal_s623
formal_u2_family_042_r00_s04,formal_u2_family_042_r00,u2_family_042,train,24,25,2,0.5640887022018433,0.5309773087501526,1.0,True,0,offline_teacher_to_causal_s623
formal_u2_family_042_r01_s00,formal_u2_family_042_r01,u2_family_042,train,0,2,3,0.3204221725463867,0.6719321608543396,0.3333333333333333,True,0,offline_teacher_to_causal_s623
formal_u2_family_042_r01_s01,formal_u2_family_042_r01,u2_family_042,train,3,9,7,0.7063342928886414,0.5020009279251099,1.0,True,0,offline_teacher_to_causal_s623
formal_u2_family_042_r01_s02,formal_u2_family_042_r01,u2_family_042,train,10,15,6,0.5092152953147888,0.624302864074707,1.0,True,0,offline_teacher_to_causal_s623
formal_u2_family_042_r01_s03,formal_u2_family_042_r01,u2_family_042,train,16,22,7,0.5660767555236816,0.9889926314353943,0.8571428571428571,True,0,offline_teacher_to_causal_s623
formal_u2_family_042_r01_s04,formal_u2_family_042_r01,u2_family_042,train,23,24,2,0.5765034556388855,0.5676227807998657,1.0,True,0,offline_teacher_to_causal_s623
formal_u2_family_042_r02_s00,formal_u2_family_042_r02,u2_family_042,train,0,2,3,0.3214603662490845,0.6693934202194214,0.3333333333333333,True,0,offline_teacher_to_causal_s623
formal_u2_family_042_r02_s01,formal_u2_family_042_r02,u2_family_042,train,3,8,6,0.7094285488128662,0.5026828646659851,1.0,True,0,offline_teacher_to_causal_s623
formal_u2_family_042_r02_s02,formal_u2_family_042_r02,u2_family_042,train,9,13,5,0.5071859955787659,0.6259037256240845,1.0,True,0,offline_teacher_to_causal_s623
formal_u2_family_042_r02_s03,formal_u2_family_042_r02,u2_family_042,train,14,23,10,0.5159594416618347,0.9890688061714172,0.9,True,0,offline_teacher_to_causal_s623
formal_u2_family_042_r02_s04,formal_u2_family_042_r02,u2_family_042,train,24,25,2,0.584336519241333,0.6118706464767456,1.0,True,0,offline_teacher_to_causal_s623
formal_u2_family_042_r03_s00,formal_u2_family_042_r03,u2_family_042,train,0,2,3,0.31742990016937256,0.6723286509513855,0.3333333333333333,True,0,offline_teacher_to_causal_s623
formal_u2_family_042_r03_s01,formal_u2_family_042_r03,u2_family_042,train,3,8,6,0.70815110206604,0.5005363821983337,1.0,True,0,offline_teacher_to_causal_s623
formal_u2_family_042_r03_s02,formal_u2_family_042_r03,u2_family_042,train,9,20,12,0.5052151083946228,0.9892177581787109,0.9166666666666666,True,0,offline_teacher_to_causal_s623
formal_u2_family_042_r03_s03,formal_u2_family_042_r03,u2_family_042,train,21,22,2,0.5756345391273499,0.5618252158164978,1.0,True,0,offline_teacher_to_causal_s623
formal_u2_family_042_r04_s00,formal_u2_family_042_r04,u2_family_042,train,0,2,3,0.3191198706626892,0.6734239459037781,0.3333333333333333,True,0,offline_teacher_to_causal_s623
formal_u2_family_042_r04_s01,formal_u2_family_042_r04,u2_family_042,train,3,13,11,0.707120418548584,0.6518110036849976,1.0,True,0,offline_teacher_to_causal_s623
formal_u2_family_042_r04_s02,formal_u2_family_042_r04,u2_family_042,train,14,22,9,0.5143880844116211,0.9893448948860168,0.8888888888888888,True,0,offline_teacher_to_causal_s623
formal_u2_family_042_r04_s03,formal_u2_family_042_r04,u2_family_042,train,23,24,2,0.5874717831611633,0.5957102179527283,1.0,True,0,offline_teacher_to_causal_s623
formal_u2_family_042_r05_s00,formal_u2_family_042_r05,u2_family_042,train,0,2,3,0.3164162337779999,0.6740249991416931,0.3333333333333333,True,0,offline_teacher_to_causal_s623
formal_u2_family_042_r05_s01,formal_u2_family_042_r05,u2_family_042,train,3,8,6,0.7133594155311584,0.5024969577789307,1.0,True,0,offline_teacher_to_causal_s623
formal_u2_family_042_r05_s02,formal_u2_family_042_r05,u2_family_042,train,9,13,5,0.4985838830471039,0.6393365859985352,1.0,True,0,offline_teacher_to_causal_s623
formal_u2_family_042_r05_s03,formal_u2_family_042_r05,u2_family_042,train,14,23,10,0.5149223208427429,0.9890266060829163,0.9,True,0,offline_teacher_to_causal_s623
formal_u2_family_042_r05_s04,formal_u2_family_042_r05,u2_family_042,train,24,25,2,0.5872657895088196,0.618911623954773,1.0,True,0,offline_teacher_to_causal_s623
formal_u2_family_043_r00_s00,formal_u2_family_043_r00,u2_family_043,train,0,2,3,0.32067033648490906,0.6714871525764465,0.3333333333333333,True,0,offline_teacher_to_causal_s623
formal_u2_family_043_r00_s01,formal_u2_family_043_r00,u2_family_043,train,3,8,6,0.7030723690986633,0.5021415948867798,1.0,True,0,offline_teacher_to_causal_s623
formal_u2_family_043_r00_s02,formal_u2_family_043_r00,u2_family_043,train,9,21,13,0.5100136995315552,0.9895602464675903,0.9230769230769231,True,0,offline_teacher_to_causal_s623
formal_u2_family_043_r00_s03,formal_u2_family_043_r00,u2_family_043,train,22,23,2,0.5934541821479797,0.5928980708122253,1.0,True,0,offline_teacher_to_causal_s623
formal_u2_family_043_r01_s00,formal_u2_family_043_r01,u2_family_043,train,0,2,3,0.31850820779800415,0.6724729537963867,0.3333333333333333,True,0,offline_teacher_to_causal_s623
formal_u2_family_043_r01_s01,formal_u2_family_043_r01,u2_family_043,train,3,5,3,0.7084720134735107,0.9598228335380554,0.3333333333333333,True,1,offline_teacher_to_causal_s623
formal_u2_family_043_r01_s02,formal_u2_family_043_r01,u2_family_043,train,6,8,3,0.9384415745735168,0.5006135106086731,0.6666666666666666,True,0,offline_teacher_to_causal_s623
formal_u2_family_043_r01_s03,formal_u2_family_043_r01,u2_family_043,train,9,16,8,0.4899699091911316,0.6555706262588501,1.0,True,0,offline_teacher_to_causal_s623
formal_u2_family_043_r01_s04,formal_u2_family_043_r01,u2_family_043,train,17,26,10,0.5117490887641907,0.9873305559158325,0.9,True,0,offline_teacher_to_causal_s623
formal_u2_family_043_r01_s05,formal_u2_family_043_r01,u2_family_043,train,27,28,2,0.5561940670013428,0.5317994952201843,1.0,True,0,offline_teacher_to_causal_s623
formal_u2_family_043_r02_s00,formal_u2_family_043_r02,u2_family_043,train,0,2,3,0.3200157880783081,0.6705735921859741,0.3333333333333333,True,0,offline_teacher_to_causal_s623
formal_u2_family_043_r02_s01,formal_u2_family_043_r02,u2_family_043,train,3,12,10,0.7071722149848938,0.6526408195495605,1.0,True,0,offline_teacher_to_causal_s623
formal_u2_family_043_r02_s02,formal_u2_family_043_r02,u2_family_043,train,13,21,9,0.5118411183357239,0.9897973537445068,0.8888888888888888,True,0,offline_teacher_to_causal_s623
formal_u2_family_043_r02_s03,formal_u2_family_043_r02,u2_family_043,train,22,23,2,0.5997456312179565,0.5834009647369385,1.0,True,0,offline_teacher_to_causal_s623
formal_u2_family_043_r03_s00,formal_u2_family_043_r03,u2_family_043,train,0,2,3,0.3192191421985626,0.6721685528755188,0.3333333333333333,True,0,offline_teacher_to_causal_s623
formal_u2_family_043_r03_s01,formal_u2_family_043_r03,u2_family_043,train,3,5,3,0.704180896282196,0.9617144465446472,0.3333333333333333,True,1,offline_teacher_to_causal_s623
formal_u2_family_043_r03_s02,formal_u2_family_043_r03,u2_family_043,train,6,8,3,0.9451306462287903,0.5009477734565735,0.6666666666666666,True,0,offline_teacher_to_causal_s623
formal_u2_family_043_r03_s03,formal_u2_family_043_r03,u2_family_043,train,9,13,5,0.4927191734313965,0.5130269527435303,1.0,True,0,offline_teacher_to_causal_s623
formal_u2_family_043_r03_s04,formal_u2_family_043_r03,u2_family_043,train,14,22,9,0.47662609815597534,0.9895074963569641,0.8888888888888888,True,0,offline_teacher_to_causal_s623
formal_u2_family_043_r03_s05,formal_u2_family_043_r03,u2_family_043,train,23,24,2,0.587367832660675,0.5600972771644592,1.0,True,0,offline_teacher_to_causal_s623
formal_u2_family_043_r04_s00,formal_u2_family_043_r04,u2_family_043,train,0,2,3,0.319009006023407,0.6724601984024048,0.3333333333333333,True,0,offline_teacher_to_causal_s623
formal_u2_family_043_r04_s01,formal_u2_family_043_r04,u2_family_043,train,3,5,3,0.7081158757209778,0.9603191018104553,0.3333333333333333,True,1,offline_teacher_to_causal_s623
formal_u2_family_043_r04_s02,formal_u2_family_043_r04,u2_family_043,train,6,8,3,0.9444193840026855,0.502595841884613,0.6666666666666666,True,0,offline_teacher_to_causal_s623
formal_u2_family_043_r04_s03,formal_u2_family_043_r04,u2_family_043,train,9,13,5,0.49334898591041565,0.5217167735099792,1.0,True,0,offline_teacher_to_causal_s623
formal_u2_family_043_r04_s04,formal_u2_family_043_r04,u2_family_043,train,14,22,9,0.47942742705345154,0.9887899160385132,0.8888888888888888,True,0,offline_teacher_to_causal_s623
formal_u2_family_043_r04_s05,formal_u2_family_043_r04,u2_family_043,train,23,24,2,0.5727313160896301,0.5651199221611023,1.0,True,0,offline_teacher_to_causal_s623
formal_u2_family_043_r05_s00,formal_u2_family_043_r05,u2_family_043,train,0,2,3,0.31851717829704285,0.6695103645324707,0.3333333333333333,True,0,offline_teacher_to_causal_s623
formal_u2_family_043_r05_s01,formal_u2_family_043_r05,u2_family_043,train,3,5,3,0.7066136598587036,0.9618104696273804,0.3333333333333333,True,1,offline_teacher_to_causal_s623
formal_u2_family_043_r05_s02,formal_u2_family_043_r05,u2_family_043,train,6,8,3,0.7077027559280396,0.5737683773040771,0.3333333333333333,False,0,offline_teacher_to_causal_s623
formal_u2_family_043_r05_s03,formal_u2_family_043_r05,u2_family_043,train,9,11,3,0.5769980549812317,0.5705242156982422,1.0,False,0,offline_teacher_to_causal_s623
formal_u2_family_043_r05_s04,formal_u2_family_043_r05,u2_family_043,train,12,14,3,0.6430140137672424,0.5898905396461487,1.0,False,0,offline_teacher_to_causal_s623
formal_u2_family_043_r05_s05,formal_u2_family_043_r05,u2_family_043,train,15,17,3,0.6144654750823975,0.663840651512146,1.0,False,0,offline_teacher_to_causal_s623
formal_u2_family_043_r05_s06,formal_u2_family_043_r05,u2_family_043,train,18,20,3,0.6135691404342651,0.5832092761993408,1.0,False,0,offline_teacher_to_causal_s623
formal_u2_family_043_r05_s07,formal_u2_family_043_r05,u2_family_043,train,21,23,3,0.60406094789505,0.6258804202079773,1.0,False,0,offline_teacher_to_causal_s623
formal_u2_family_043_r05_s08,formal_u2_family_043_r05,u2_family_043,train,24,26,3,0.5819481611251831,0.624579906463623,1.0,False,0,offline_teacher_to_causal_s623
formal_u2_family_043_r05_s09,formal_u2_family_043_r05,u2_family_043,train,27,29,3,0.6052559614181519,0.5895313024520874,1.0,False,0,offline_teacher_to_causal_s623
formal_u2_family_043_r05_s10,formal_u2_family_043_r05,u2_family_043,train,30,33,4,0.5822073817253113,0.5706164836883545,1.0,False,0,offline_teacher_to_causal_s623
formal_u2_family_043_r05_s11,formal_u2_family_043_r05,u2_family_043,train,34,37,4,0.5839082598686218,0.5831670165061951,1.0,False,0,offline_teacher_to_causal_s623
formal_u2_family_043_r05_s12,formal_u2_family_043_r05,u2_family_043,train,38,40,3,0.603937029838562,0.5098592042922974,1.0,False,0,offline_teacher_to_causal_s623
formal_u2_family_043_r05_s13,formal_u2_family_043_r05,u2_family_043,train,41,43,3,0.5973520874977112,0.5728233456611633,1.0,False,0,offline_teacher_to_causal_s623
formal_u2_family_043_r05_s14,formal_u2_family_043_r05,u2_family_043,train,44,46,3,0.5431666374206543,0.5852141976356506,1.0,False,0,offline_teacher_to_causal_s623
formal_u2_family_043_r05_s15,formal_u2_family_043_r05,u2_family_043,train,47,47,1,0.5414878129959106,0.5414878129959106,1.0,False,0,offline_teacher_to_causal_s623
formal_u2_family_044_r00_s00,formal_u2_family_044_r00,u2_family_044,train,0,2,3,0.31853240728378296,0.6714516282081604,0.3333333333333333,True,0,offline_teacher_to_causal_s623
formal_u2_family_044_r00_s01,formal_u2_family_044_r00,u2_family_044,train,3,5,3,0.7077913880348206,0.9100464582443237,0.6666666666666666,True,1,offline_teacher_to_causal_s623
formal_u2_family_044_r00_s02,formal_u2_family_044_r00,u2_family_044,train,6,8,3,0.953201174736023,0.6477059125900269,0.3333333333333333,True,0,offline_teacher_to_causal_s623
formal_u2_family_044_r00_s03,formal_u2_family_044_r00,u2_family_044,train,9,16,8,0.4861655831336975,0.6490955948829651,1.0,True,0,offline_teacher_to_causal_s623
formal_u2_family_044_r00_s04,formal_u2_family_044_r00,u2_family_044,train,17,24,8,0.553048849105835,0.9886307716369629,0.875,True,0,offline_teacher_to_causal_s623
formal_u2_family_044_r00_s05,formal_u2_family_044_r00,u2_family_044,train,25,26,2,0.573072612285614,0.5710473656654358,1.0,True,0,offline_teacher_to_causal_s623
formal_u2_family_044_r01_s00,formal_u2_family_044_r01,u2_family_044,train,0,2,3,0.3186419606208801,0.6716369986534119,0.3333333333333333,True,0,offline_teacher_to_causal_s623
formal_u2_family_044_r01_s01,formal_u2_family_044_r01,u2_family_044,train,3,5,3,0.7103607654571533,0.9105935096740723,0.6666666666666666,True,1,offline_teacher_to_causal_s623
formal_u2_family_044_r01_s02,formal_u2_family_044_r01,u2_family_044,train,6,8,3,0.9532417058944702,0.6486943364143372,0.3333333333333333,True,0,offline_teacher_to_causal_s623
formal_u2_family_044_r01_s03,formal_u2_family_044_r01,u2_family_044,train,9,16,8,0.48672735691070557,0.6572626829147339,1.0,True,0,offline_teacher_to_causal_s623
formal_u2_family_044_r01_s04,formal_u2_family_044_r01,u2_family_044,train,17,25,9,0.5147251486778259,0.9882782101631165,0.8888888888888888,True,0,offline_teacher_to_causal_s623
formal_u2_family_044_r01_s05,formal_u2_family_044_r01,u2_family_044,train,26,27,2,0.5688359141349792,0.5601241588592529,1.0,True,0,offline_teacher_to_causal_s623
formal_u2_family_044_r02_s00,formal_u2_family_044_r02,u2_family_044,train,0,2,3,0.3174052834510803,0.6728116869926453,0.3333333333333333,True,0,offline_teacher_to_causal_s623
formal_u2_family_044_r02_s01,formal_u2_family_044_r02,u2_family_044,train,3,5,3,0.7112548351287842,0.9102087616920471,0.6666666666666666,True,1,offline_teacher_to_causal_s623
formal_u2_family_044_r02_s02,formal_u2_family_044_r02,u2_family_044,train,6,8,3,0.9530728459358215,0.6490079164505005,0.3333333333333333,True,0,offline_teacher_to_causal_s623
formal_u2_family_044_r02_s03,formal_u2_family_044_r02,u2_family_044,train,9,16,8,0.4878603219985962,0.6515094637870789,1.0,True,0,offline_teacher_to_causal_s623
formal_u2_family_044_r02_s04,formal_u2_family_044_r02,u2_family_044,train,17,24,8,0.5521060228347778,0.9891543984413147,0.875,True,0,offline_teacher_to_causal_s623
formal_u2_family_044_r02_s05,formal_u2_family_044_r02,u2_family_044,train,25,26,2,0.5840924382209778,0.5951523184776306,1.0,True,0,offline_teacher_to_causal_s623
formal_u2_family_044_r03_s00,formal_u2_family_044_r03,u2_family_044,train,0,2,3,0.31945547461509705,0.673186719417572,0.3333333333333333,True,0,offline_teacher_to_causal_s623
formal_u2_family_044_r03_s01,formal_u2_family_044_r03,u2_family_044,train,3,5,3,0.7053788900375366,0.9095813035964966,0.6666666666666666,True,1,offline_teacher_to_causal_s623
formal_u2_family_044_r03_s02,formal_u2_family_044_r03,u2_family_044,train,6,8,3,0.9531539678573608,0.6477981209754944,0.3333333333333333,True,0,offline_teacher_to_causal_s623
formal_u2_family_044_r03_s03,formal_u2_family_044_r03,u2_family_044,train,9,22,14,0.4832841753959656,0.9891156554222107,0.9285714285714286,True,0,offline_teacher_to_causal_s623
formal_u2_family_044_r03_s04,formal_u2_family_044_r03,u2_family_044,train,23,24,2,0.5786572694778442,0.5481299161911011,1.0,True,0,offline_teacher_to_causal_s623
formal_u2_family_044_r04_s00,formal_u2_family_044_r04,u2_family_044,train,0,2,3,0.3191770613193512,0.6732216477394104,0.3333333333333333,True,0,offline_teacher_to_causal_s623
formal_u2_family_044_r04_s01,formal_u2_family_044_r04,u2_family_044,train,3,5,3,0.7066575288772583,0.9100157618522644,0.6666666666666666,True,1,offline_teacher_to_causal_s623
formal_u2_family_044_r04_s02,formal_u2_family_044_r04,u2_family_044,train,6,8,3,0.9532111287117004,0.6480995416641235,0.3333333333333333,True,0,offline_teacher_to_causal_s623
formal_u2_family_044_r04_s03,formal_u2_family_044_r04,u2_family_044,train,9,16,8,0.4868982434272766,0.657756507396698,1.0,True,0,offline_teacher_to_causal_s623
formal_u2_family_044_r04_s04,formal_u2_family_044_r04,u2_family_044,train,17,25,9,0.5094667673110962,0.9892969727516174,0.8888888888888888,True,0,offline_teacher_to_causal_s623
formal_u2_family_044_r04_s05,formal_u2_family_044_r04,u2_family_044,train,26,27,2,0.5835621356964111,0.5782572031021118,1.0,True,0,offline_teacher_to_causal_s623
formal_u2_family_044_r05_s00,formal_u2_family_044_r05,u2_family_044,train,0,2,3,0.31964540481567383,0.671402633190155,0.3333333333333333,True,0,offline_teacher_to_causal_s623
formal_u2_family_044_r05_s01,formal_u2_family_044_r05,u2_family_044,train,3,5,3,0.7068297863006592,0.9095989465713501,0.6666666666666666,True,1,offline_teacher_to_causal_s623
formal_u2_family_044_r05_s02,formal_u2_family_044_r05,u2_family_044,train,6,8,3,0.9528847932815552,0.647940456867218,0.3333333333333333,True,0,offline_teacher_to_causal_s623
formal_u2_family_044_r05_s03,formal_u2_family_044_r05,u2_family_044,train,9,13,5,0.4842115640640259,0.5018315315246582,1.0,True,0,offline_teacher_to_causal_s623
formal_u2_family_044_r05_s04,formal_u2_family_044_r05,u2_family_044,train,14,24,11,0.4750117063522339,0.9884090423583984,0.9090909090909091,True,0,offline_teacher_to_causal_s623
formal_u2_family_044_r05_s05,formal_u2_family_044_r05,u2_family_044,train,25,26,2,0.5720242857933044,0.5543233156204224,1.0,True,0,offline_teacher_to_causal_s623
formal_u2_family_045_r00_s00,formal_u2_family_045_r00,u2_family_045,train,0,2,3,0.31822413206100464,0.672079861164093,0.3333333333333333,True,0,offline_teacher_to_causal_s623
formal_u2_family_045_r00_s01,formal_u2_family_045_r00,u2_family_045,train,3,8,6,0.7100937366485596,0.5052138566970825,1.0,True,0,offline_teacher_to_causal_s623
formal_u2_family_045_r00_s02,formal_u2_family_045_r00,u2_family_045,train,9,13,5,0.504696786403656,0.6352012157440186,1.0,True,0,offline_teacher_to_causal_s623
formal_u2_family_045_r00_s03,formal_u2_family_045_r00,u2_family_045,train,14,22,9,0.5606520771980286,0.9890182018280029,0.8888888888888888,True,0,offline_teacher_to_causal_s623
formal_u2_family_045_r00_s04,formal_u2_family_045_r00,u2_family_045,train,23,24,2,0.5795049071311951,0.6116110682487488,1.0,True,0,offline_teacher_to_causal_s623
formal_u2_family_045_r01_s00,formal_u2_family_045_r01,u2_family_045,train,0,2,3,0.31782665848731995,0.6713443994522095,0.3333333333333333,True,0,offline_teacher_to_causal_s623
formal_u2_family_045_r01_s01,formal_u2_family_045_r01,u2_family_045,train,3,12,10,0.7115362286567688,0.6519015431404114,1.0,True,0,offline_teacher_to_causal_s623
formal_u2_family_045_r01_s02,formal_u2_family_045_r01,u2_family_045,train,13,21,9,0.5114023685455322,0.9890640377998352,0.8888888888888888,True,0,offline_teacher_to_causal_s623
formal_u2_family_045_r01_s03,formal_u2_family_045_r01,u2_family_045,train,22,23,2,0.5821949243545532,0.5738744735717773,1.0,True,0,offline_teacher_to_causal_s623
formal_u2_family_045_r02_s00,formal_u2_family_045_r02,u2_family_045,train,0,2,3,0.3194451630115509,0.6725936532020569,0.3333333333333333,True,0,offline_teacher_to_causal_s623
formal_u2_family_045_r02_s01,formal_u2_family_045_r02,u2_family_045,train,3,12,10,0.7103381752967834,0.6504074931144714,1.0,True,0,offline_teacher_to_causal_s623
formal_u2_family_045_r02_s02,formal_u2_family_045_r02,u2_family_045,train,13,22,10,0.5120000839233398,0.9885125160217285,0.9,True,0,offline_teacher_to_causal_s623
formal_u2_family_045_r02_s03,formal_u2_family_045_r02,u2_family_045,train,23,24,2,0.5713847279548645,0.5237507224082947,1.0,True,0,offline_teacher_to_causal_s623
formal_u2_family_045_r03_s00,formal_u2_family_045_r03,u2_family_045,train,0,2,3,0.3193853497505188,0.6708937287330627,0.3333333333333333,True,0,offline_teacher_to_causal_s623
formal_u2_family_045_r03_s01,formal_u2_family_045_r03,u2_family_045,train,3,8,6,0.7113642692565918,0.5011763572692871,1.0,True,0,offline_teacher_to_causal_s623
formal_u2_family_045_r03_s02,formal_u2_family_045_r03,u2_family_045,train,9,13,5,0.5013219118118286,0.6352231502532959,1.0,True,0,offline_teacher_to_causal_s623
formal_u2_family_045_r03_s03,formal_u2_family_045_r03,u2_family_045,train,14,22,9,0.5160139799118042,0.9887762665748596,0.8888888888888888,True,0,offline_teacher_to_causal_s623
formal_u2_family_045_r03_s04,formal_u2_family_045_r03,u2_family_045,train,23,24,2,0.5780208110809326,0.5703277587890625,1.0,True,0,offline_teacher_to_causal_s623
formal_u2_family_045_r04_s00,formal_u2_family_045_r04,u2_family_045,train,0,2,3,0.3172251880168915,0.6708824634552002,0.3333333333333333,True,0,offline_teacher_to_causal_s623
formal_u2_family_045_r04_s01,formal_u2_family_045_r04,u2_family_045,train,3,11,9,0.7103766202926636,0.6493682861328125,1.0,True,0,offline_teacher_to_causal_s623
formal_u2_family_045_r04_s02,formal_u2_family_045_r04,u2_family_045,train,12,21,10,0.5122979283332825,0.9890058040618896,0.9,True,0,offline_teacher_to_causal_s623
formal_u2_family_045_r04_s03,formal_u2_family_045_r04,u2_family_045,train,22,23,2,0.5823304653167725,0.5635274052619934,1.0,True,0,offline_teacher_to_causal_s623
formal_u2_family_045_r05_s00,formal_u2_family_045_r05,u2_family_045,train,0,2,3,0.31944772601127625,0.672359049320221,0.3333333333333333,True,0,offline_teacher_to_causal_s623
formal_u2_family_045_r05_s01,formal_u2_family_045_r05,u2_family_045,train,3,11,9,0.712131142616272,0.6505893468856812,1.0,True,0,offline_teacher_to_causal_s623
formal_u2_family_045_r05_s02,formal_u2_family_045_r05,u2_family_045,train,12,21,10,0.5112276077270508,0.9893736243247986,0.9,True,0,offline_teacher_to_causal_s623
formal_u2_family_045_r05_s03,formal_u2_family_045_r05,u2_family_045,train,22,23,2,0.5841066241264343,0.5545440912246704,1.0,True,0,offline_teacher_to_causal_s623
formal_u2_family_046_r00_s00,formal_u2_family_046_r00,u2_family_046,train,0,2,3,0.320198655128479,0.6846250295639038,0.3333333333333333,True,0,offline_teacher_to_causal_s623
formal_u2_family_046_r00_s01,formal_u2_family_046_r00,u2_family_046,train,3,5,3,0.5154014825820923,0.5004978775978088,1.0,True,0,offline_teacher_to_causal_s623
formal_u2_family_046_r00_s02,formal_u2_family_046_r00,u2_family_046,train,6,7,2,0.5156516432762146,0.9269827604293823,0.5,True,0,offline_teacher_to_causal_s623
formal_u2_family_046_r01_s00,formal_u2_family_046_r01,u2_family_046,train,0,2,3,0.31853029131889343,0.6836974024772644,0.3333333333333333,True,0,offline_teacher_to_causal_s623
formal_u2_family_046_r01_s01,formal_u2_family_046_r01,u2_family_046,train,3,5,3,0.5128080248832703,0.5051389336585999,1.0,True,0,offline_teacher_to_causal_s623
formal_u2_family_046_r01_s02,formal_u2_family_046_r01,u2_family_046,train,6,7,2,0.5192312598228455,0.9266157746315002,0.5,True,0,offline_teacher_to_causal_s623
formal_u2_family_046_r02_s00,formal_u2_family_046_r02,u2_family_046,train,0,2,3,0.31955891847610474,0.6842454671859741,0.3333333333333333,True,0,offline_teacher_to_causal_s623
formal_u2_family_046_r02_s01,formal_u2_family_046_r02,u2_family_046,train,3,5,3,0.514388918876648,0.5027992129325867,1.0,True,0,offline_teacher_to_causal_s623
formal_u2_family_046_r02_s02,formal_u2_family_046_r02,u2_family_046,train,6,7,2,0.5150588154792786,0.926520049571991,0.5,True,0,offline_teacher_to_causal_s623
formal_u2_family_046_r03_s00,formal_u2_family_046_r03,u2_family_046,train,0,2,3,0.3187093138694763,0.6835008263587952,0.3333333333333333,True,0,offline_teacher_to_causal_s623
formal_u2_family_046_r03_s01,formal_u2_family_046_r03,u2_family_046,train,3,5,3,0.517342209815979,0.5061349272727966,1.0,True,0,offline_teacher_to_causal_s623
formal_u2_family_046_r03_s02,formal_u2_family_046_r03,u2_family_046,train,6,7,2,0.517141580581665,0.9267332553863525,0.5,True,0,offline_teacher_to_causal_s623
formal_u2_family_046_r04_s00,formal_u2_family_046_r04,u2_family_046,train,0,2,3,0.32021981477737427,0.6832668781280518,0.3333333333333333,True,0,offline_teacher_to_causal_s623
formal_u2_family_046_r04_s01,formal_u2_family_046_r04,u2_family_046,train,3,5,3,0.514888346195221,0.5040759444236755,1.0,True,0,offline_teacher_to_causal_s623
formal_u2_family_046_r04_s02,formal_u2_family_046_r04,u2_family_046,train,6,7,2,0.5170013904571533,0.9270400404930115,0.5,True,0,offline_teacher_to_causal_s623
formal_u2_family_046_r05_s00,formal_u2_family_046_r05,u2_family_046,train,0,2,3,0.31941846013069153,0.6837213635444641,0.3333333333333333,True,0,offline_teacher_to_causal_s623
formal_u2_family_046_r05_s01,formal_u2_family_046_r05,u2_family_046,train,3,5,3,0.513647735118866,0.5025758147239685,1.0,True,0,offline_teacher_to_causal_s623
formal_u2_family_046_r05_s02,formal_u2_family_046_r05,u2_family_046,train,6,7,2,0.5195466876029968,0.9266839623451233,0.5,True,0,offline_teacher_to_causal_s623
formal_u2_family_047_r00_s00,formal_u2_family_047_r00,u2_family_047,train,0,7,8,0.25234344601631165,0.9714182019233704,0.0,True,0,offline_teacher_to_causal_s623
formal_u2_family_047_r00_s01,formal_u2_family_047_r00,u2_family_047,train,8,14,7,0.6556071639060974,0.5043482780456543,1.0,True,0,offline_teacher_to_causal_s623
formal_u2_family_047_r00_s02,formal_u2_family_047_r00,u2_family_047,train,15,26,12,0.5014467835426331,0.9894704818725586,0.9166666666666666,True,0,offline_teacher_to_causal_s623
formal_u2_family_047_r00_s03,formal_u2_family_047_r00,u2_family_047,train,27,28,2,0.5955005884170532,0.5851721167564392,1.0,True,0,offline_teacher_to_causal_s623
formal_u2_family_047_r01_s00,formal_u2_family_047_r01,u2_family_047,train,0,7,8,0.2500990033149719,0.9664809107780457,0.0,True,0,offline_teacher_to_causal_s623
formal_u2_family_047_r01_s01,formal_u2_family_047_r01,u2_family_047,train,8,10,3,0.6122570037841797,0.5094982385635376,1.0,True,0,offline_teacher_to_causal_s623
formal_u2_family_047_r01_s02,formal_u2_family_047_r01,u2_family_047,train,11,14,4,0.5030764937400818,0.6618806719779968,1.0,True,0,offline_teacher_to_causal_s623
formal_u2_family_047_r01_s03,formal_u2_family_047_r01,u2_family_047,train,15,19,5,0.512580394744873,0.6237438917160034,1.0,True,0,offline_teacher_to_causal_s623
formal_u2_family_047_r01_s04,formal_u2_family_047_r01,u2_family_047,train,20,28,9,0.560885488986969,0.9883584380149841,0.8888888888888888,True,0,offline_teacher_to_causal_s623
formal_u2_family_047_r01_s05,formal_u2_family_047_r01,u2_family_047,train,29,30,2,0.5700095891952515,0.5217993855476379,1.0,True,0,offline_teacher_to_causal_s623
formal_u2_family_047_r02_s00,formal_u2_family_047_r02,u2_family_047,train,0,7,8,0.2514064908027649,0.9697348475456238,0.0,True,0,offline_teacher_to_causal_s623
formal_u2_family_047_r02_s01,formal_u2_family_047_r02,u2_family_047,train,8,10,3,0.6140671372413635,0.5113531947135925,1.0,True,0,offline_teacher_to_causal_s623
formal_u2_family_047_r02_s02,formal_u2_family_047_r02,u2_family_047,train,11,25,15,0.4962714910507202,0.9882511496543884,0.9333333333333333,True,0,offline_teacher_to_causal_s623
formal_u2_family_047_r02_s03,formal_u2_family_047_r02,u2_family_047,train,26,27,2,0.5709198713302612,0.553735077381134,1.0,True,0,offline_teacher_to_causal_s623
formal_u2_family_047_r03_s00,formal_u2_family_047_r03,u2_family_047,train,0,7,8,0.2541467845439911,0.9718188047409058,0.0,True,0,offline_teacher_to_causal_s623
formal_u2_family_047_r03_s01,formal_u2_family_047_r03,u2_family_047,train,8,13,6,0.6527890563011169,0.5012929439544678,1.0,True,0,offline_teacher_to_causal_s623
formal_u2_family_047_r03_s02,formal_u2_family_047_r03,u2_family_047,train,14,16,3,0.5002930164337158,0.5016648769378662,1.0,True,0,offline_teacher_to_causal_s623
formal_u2_family_047_r03_s03,formal_u2_family_047_r03,u2_family_047,train,17,19,3,0.5020435452461243,0.6395832896232605,1.0,True,0,offline_teacher_to_causal_s623
formal_u2_family_047_r03_s04,formal_u2_family_047_r03,u2_family_047,train,20,29,10,0.5083953738212585,0.9898569583892822,0.9,True,0,offline_teacher_to_causal_s623
formal_u2_family_047_r03_s05,formal_u2_family_047_r03,u2_family_047,train,30,31,2,0.603477954864502,0.6032692193984985,1.0,True,0,offline_teacher_to_causal_s623
formal_u2_family_047_r04_s00,formal_u2_family_047_r04,u2_family_047,train,0,6,7,0.25205665826797485,0.9598678946495056,0.0,True,0,offline_teacher_to_causal_s623
formal_u2_family_047_r04_s01,formal_u2_family_047_r04,u2_family_047,train,7,9,3,0.611201822757721,0.5110647678375244,1.0,True,0,offline_teacher_to_causal_s623
formal_u2_family_047_r04_s02,formal_u2_family_047_r04,u2_family_047,train,10,13,4,0.5083613395690918,0.5037864446640015,1.0,True,0,offline_teacher_to_causal_s623
formal_u2_family_047_r04_s03,formal_u2_family_047_r04,u2_family_047,train,14,18,5,0.49025750160217285,0.6522066593170166,1.0,True,0,offline_teacher_to_causal_s623
formal_u2_family_047_r04_s04,formal_u2_family_047_r04,u2_family_047,train,19,29,11,0.5124737024307251,0.988658607006073,0.9090909090909091,True,0,offline_teacher_to_causal_s623
formal_u2_family_047_r04_s05,formal_u2_family_047_r04,u2_family_047,train,30,31,2,0.5739694833755493,0.6137613654136658,1.0,True,0,offline_teacher_to_causal_s623
formal_u2_family_047_r05_s00,formal_u2_family_047_r05,u2_family_047,train,0,7,8,0.2540948987007141,0.970893144607544,0.0,True,0,offline_teacher_to_causal_s623
formal_u2_family_047_r05_s01,formal_u2_family_047_r05,u2_family_047,train,8,16,9,0.6480072736740112,0.6646387577056885,1.0,True,0,offline_teacher_to_causal_s623
formal_u2_family_047_r05_s02,formal_u2_family_047_r05,u2_family_047,train,17,26,10,0.5365232229232788,0.989498496055603,0.9,True,0,offline_teacher_to_causal_s623
formal_u2_family_047_r05_s03,formal_u2_family_047_r05,u2_family_047,train,27,28,2,0.5937271118164062,0.610113263130188,1.0,True,0,offline_teacher_to_causal_s623
formal_u2_family_048_r00_s00,formal_u2_family_048_r00,u2_family_048,train,0,2,3,0.3477526903152466,0.6825016140937805,0.3333333333333333,True,0,offline_teacher_to_causal_s623
formal_u2_family_048_r00_s01,formal_u2_family_048_r00,u2_family_048,train,3,6,4,0.5034173130989075,0.9329019784927368,0.75,True,0,offline_teacher_to_causal_s623
formal_u2_family_048_r00_s02,formal_u2_family_048_r00,u2_family_048,train,7,16,10,0.31712061166763306,0.5038152933120728,0.4,True,0,offline_teacher_to_causal_s623
formal_u2_family_048_r00_s03,formal_u2_family_048_r00,u2_family_048,train,17,19,3,0.5013046860694885,0.6520119309425354,1.0,True,0,offline_teacher_to_causal_s623
formal_u2_family_048_r00_s04,formal_u2_family_048_r00,u2_family_048,train,20,24,5,0.4975973069667816,0.9849862456321716,0.8,True,0,offline_teacher_to_causal_s623
formal_u2_family_048_r00_s05,formal_u2_family_048_r00,u2_family_048,train,25,26,2,0.5817891359329224,0.5066010355949402,1.0,True,0,offline_teacher_to_causal_s623
formal_u2_family_048_r01_s00,formal_u2_family_048_r01,u2_family_048,train,0,2,3,0.3485683798789978,0.6797112226486206,0.3333333333333333,True,0,offline_teacher_to_causal_s623
formal_u2_family_048_r01_s01,formal_u2_family_048_r01,u2_family_048,train,3,5,3,0.4962153732776642,0.9358641505241394,0.6666666666666666,True,0,offline_teacher_to_causal_s623
formal_u2_family_048_r01_s02,formal_u2_family_048_r01,u2_family_048,train,6,17,12,0.3466840088367462,0.5030064582824707,0.3333333333333333,True,0,offline_teacher_to_causal_s623
formal_u2_family_048_r01_s03,formal_u2_family_048_r01,u2_family_048,train,18,20,3,0.5007269978523254,0.6500696539878845,1.0,True,0,offline_teacher_to_causal_s623
formal_u2_family_048_r01_s04,formal_u2_family_048_r01,u2_family_048,train,21,25,5,0.49904221296310425,0.9856439828872681,0.8,True,0,offline_teacher_to_causal_s623
formal_u2_family_048_r01_s05,formal_u2_family_048_r01,u2_family_048,train,26,27,2,0.5865156054496765,0.5952191352844238,1.0,True,0,offline_teacher_to_causal_s623
formal_u2_family_048_r02_s00,formal_u2_family_048_r02,u2_family_048,train,0,2,3,0.3490425944328308,0.6792940497398376,0.3333333333333333,True,0,offline_teacher_to_causal_s623
formal_u2_family_048_r02_s01,formal_u2_family_048_r02,u2_family_048,train,3,6,4,0.4983728528022766,0.9331811666488647,0.75,True,0,offline_teacher_to_causal_s623
formal_u2_family_048_r02_s02,formal_u2_family_048_r02,u2_family_048,train,7,17,11,0.31071552634239197,0.6513935923576355,0.5454545454545454,True,0,offline_teacher_to_causal_s623
formal_u2_family_048_r02_s03,formal_u2_family_048_r02,u2_family_048,train,18,21,4,0.5072288513183594,0.5031954050064087,1.0,True,0,offline_teacher_to_causal_s623
formal_u2_family_048_r02_s04,formal_u2_family_048_r02,u2_family_048,train,22,24,3,0.9863741397857666,0.5567843914031982,0.6666666666666666,True,0,offline_teacher_to_causal_s623
formal_u2_family_048_r03_s00,formal_u2_family_048_r03,u2_family_048,train,0,2,3,0.3486899733543396,0.6798983812332153,0.3333333333333333,True,0,offline_teacher_to_causal_s623
formal_u2_family_048_r03_s01,formal_u2_family_048_r03,u2_family_048,train,3,6,4,0.498146116733551,0.9327430725097656,0.75,True,0,offline_teacher_to_causal_s623
formal_u2_family_048_r03_s02,formal_u2_family_048_r03,u2_family_048,train,7,16,10,0.31446516513824463,0.5039228200912476,0.4,True,0,offline_teacher_to_causal_s623
formal_u2_family_048_r03_s03,formal_u2_family_048_r03,u2_family_048,train,17,19,3,0.5005193948745728,0.6522958278656006,1.0,True,0,offline_teacher_to_causal_s623
formal_u2_family_048_r03_s04,formal_u2_family_048_r03,u2_family_048,train,20,24,5,0.4989013969898224,0.9854061603546143,0.8,True,0,offline_teacher_to_causal_s623
formal_u2_family_048_r03_s05,formal_u2_family_048_r03,u2_family_048,train,25,26,2,0.5850642323493958,0.5665777325630188,1.0,True,0,offline_teacher_to_causal_s623
formal_u2_family_048_r04_s00,formal_u2_family_048_r04,u2_family_048,train,0,2,3,0.34873533248901367,0.6813323497772217,0.3333333333333333,True,0,offline_teacher_to_causal_s623
formal_u2_family_048_r04_s01,formal_u2_family_048_r04,u2_family_048,train,3,6,4,0.4974592626094818,0.9329037666320801,0.75,True,0,offline_teacher_to_causal_s623
formal_u2_family_048_r04_s02,formal_u2_family_048_r04,u2_family_048,train,7,15,9,0.3108566999435425,0.5001935362815857,0.4444444444444444,True,0,offline_teacher_to_causal_s623
formal_u2_family_048_r04_s03,formal_u2_family_048_r04,u2_family_048,train,16,18,3,0.4930148422718048,0.6503222584724426,1.0,True,0,offline_teacher_to_causal_s623
formal_u2_family_048_r04_s04,formal_u2_family_048_r04,u2_family_048,train,19,23,5,0.4983648657798767,0.9855329394340515,0.8,True,0,offline_teacher_to_causal_s623
formal_u2_family_048_r04_s05,formal_u2_family_048_r04,u2_family_048,train,24,25,2,0.5844961404800415,0.5594120025634766,1.0,True,0,offline_teacher_to_causal_s623
formal_u2_family_048_r05_s00,formal_u2_family_048_r05,u2_family_048,train,0,2,3,0.34856700897216797,0.680860698223114,0.3333333333333333,True,0,offline_teacher_to_causal_s623
formal_u2_family_048_r05_s01,formal_u2_family_048_r05,u2_family_048,train,3,6,4,0.49761638045310974,0.9326342940330505,0.75,True,0,offline_teacher_to_causal_s623
formal_u2_family_048_r05_s02,formal_u2_family_048_r05,u2_family_048,train,7,17,11,0.3110816180706024,0.5029162168502808,0.36363636363636365,True,0,offline_teacher_to_causal_s623
formal_u2_family_048_r05_s03,formal_u2_family_048_r05,u2_family_048,train,18,20,3,0.5005520582199097,0.6542385816574097,1.0,True,0,offline_teacher_to_causal_s623
formal_u2_family_048_r05_s04,formal_u2_family_048_r05,u2_family_048,train,21,25,5,0.4980795383453369,0.9829822182655334,0.8,True,0,offline_teacher_to_causal_s623
formal_u2_family_048_r05_s05,formal_u2_family_048_r05,u2_family_048,train,26,27,2,0.5814330577850342,0.5151505470275879,1.0,True,0,offline_teacher_to_causal_s623
formal_u2_family_049_r00_s00,formal_u2_family_049_r00,u2_family_049,train,0,2,3,0.35032013058662415,0.6823838949203491,0.3333333333333333,True,0,offline_teacher_to_causal_s623
formal_u2_family_049_r00_s01,formal_u2_family_049_r00,u2_family_049,train,3,5,3,0.5018709897994995,0.9660634398460388,0.3333333333333333,True,1,offline_teacher_to_causal_s623
formal_u2_family_049_r00_s02,formal_u2_family_049_r00,u2_family_049,train,6,9,4,0.9430668354034424,0.9374173879623413,0.5,True,0,offline_teacher_to_causal_s623
formal_u2_family_049_r00_s03,formal_u2_family_049_r00,u2_family_049,train,10,20,11,0.3399362564086914,0.5090854167938232,0.5454545454545454,True,0,offline_teacher_to_causal_s623
formal_u2_family_049_r00_s04,formal_u2_family_049_r00,u2_family_049,train,21,23,3,0.6515141129493713,0.5004783272743225,1.0,True,0,offline_teacher_to_causal_s623
formal_u2_family_049_r00_s05,formal_u2_family_049_r00,u2_family_049,train,24,26,3,0.49023470282554626,0.9835524559020996,0.6666666666666666,True,0,offline_teacher_to_causal_s623
formal_u2_family_049_r00_s06,formal_u2_family_049_r00,u2_family_049,train,27,28,2,0.5803356766700745,0.5417273640632629,1.0,True,0,offline_teacher_to_causal_s623
formal_u2_family_049_r01_s00,formal_u2_family_049_r01,u2_family_049,train,0,2,3,0.3492238223552704,0.6803467273712158,0.3333333333333333,True,0,offline_teacher_to_causal_s623
formal_u2_family_049_r01_s01,formal_u2_family_049_r01,u2_family_049,train,3,5,3,0.4970294237136841,0.965559184551239,0.3333333333333333,True,1,offline_teacher_to_causal_s623
formal_u2_family_049_r01_s02,formal_u2_family_049_r01,u2_family_049,train,6,18,13,0.9424617290496826,0.5014864802360535,0.38461538461538464,True,0,offline_teacher_to_causal_s623
formal_u2_family_049_r01_s03,formal_u2_family_049_r01,u2_family_049,train,19,21,3,0.4939415752887726,0.656373918056488,1.0,True,0,offline_teacher_to_causal_s623
formal_u2_family_049_r01_s04,formal_u2_family_049_r01,u2_family_049,train,22,26,5,0.4984140694141388,0.9840790629386902,0.8,True,0,offline_teacher_to_causal_s623
formal_u2_family_049_r01_s05,formal_u2_family_049_r01,u2_family_049,train,27,28,2,0.58781498670578,0.5334563851356506,1.0,True,0,offline_teacher_to_causal_s623
formal_u2_family_049_r02_s00,formal_u2_family_049_r02,u2_family_049,train,0,2,3,0.3486711382865906,0.6800548434257507,0.3333333333333333,True,0,offline_teacher_to_causal_s623
formal_u2_family_049_r02_s01,formal_u2_family_049_r02,u2_family_049,train,3,5,3,0.49603694677352905,0.9359028935432434,0.6666666666666666,True,0,offline_teacher_to_causal_s623
formal_u2_family_049_r02_s02,formal_u2_family_049_r02,u2_family_049,train,6,16,11,0.347324401140213,0.5036652088165283,0.36363636363636365,True,0,offline_teacher_to_causal_s623
formal_u2_family_049_r02_s03,formal_u2_family_049_r02,u2_family_049,train,17,19,3,0.5020140409469604,0.6547037363052368,1.0,True,0,offline_teacher_to_causal_s623
formal_u2_family_049_r02_s04,formal_u2_family_049_r02,u2_family_049,train,20,24,5,0.4993208944797516,0.9846515655517578,0.8,True,0,offline_teacher_to_causal_s623
formal_u2_family_049_r02_s05,formal_u2_family_049_r02,u2_family_049,train,25,26,2,0.5862554311752319,0.5976784229278564,1.0,True,0,offline_teacher_to_causal_s623
formal_u2_family_049_r03_s00,formal_u2_family_049_r03,u2_family_049,train,0,2,3,0.3504350185394287,0.6795142889022827,0.3333333333333333,True,0,offline_teacher_to_causal_s623
formal_u2_family_049_r03_s01,formal_u2_family_049_r03,u2_family_049,train,3,6,4,0.4967176914215088,0.9324101805686951,0.75,True,0,offline_teacher_to_causal_s623
formal_u2_family_049_r03_s02,formal_u2_family_049_r03,u2_family_049,train,7,16,10,0.31010833382606506,0.5030035376548767,0.4,True,0,offline_teacher_to_causal_s623
formal_u2_family_049_r03_s03,formal_u2_family_049_r03,u2_family_049,train,17,19,3,0.4990268349647522,0.6524322032928467,1.0,True,0,offline_teacher_to_causal_s623
formal_u2_family_049_r03_s04,formal_u2_family_049_r03,u2_family_049,train,20,24,5,0.49792689085006714,0.9839052557945251,0.8,True,0,offline_teacher_to_causal_s623
formal_u2_family_049_r03_s05,formal_u2_family_049_r03,u2_family_049,train,25,26,2,0.579422116279602,0.5052935481071472,1.0,True,0,offline_teacher_to_causal_s623
formal_u2_family_049_r04_s00,formal_u2_family_049_r04,u2_family_049,train,0,2,3,0.3484145402908325,0.6813998818397522,0.3333333333333333,True,0,offline_teacher_to_causal_s623
formal_u2_family_049_r04_s01,formal_u2_family_049_r04,u2_family_049,train,3,6,4,0.49911975860595703,0.9329828023910522,0.75,True,0,offline_teacher_to_causal_s623
formal_u2_family_049_r04_s02,formal_u2_family_049_r04,u2_family_049,train,7,17,11,0.3116379678249359,0.5033848285675049,0.2727272727272727,True,0,offline_teacher_to_causal_s623
formal_u2_family_049_r04_s03,formal_u2_family_049_r04,u2_family_049,train,18,20,3,0.4995875060558319,0.6520138382911682,1.0,True,0,offline_teacher_to_causal_s623
formal_u2_family_049_r04_s04,formal_u2_family_049_r04,u2_family_049,train,21,25,5,0.4981742203235626,0.9851913452148438,0.8,True,0,offline_teacher_to_causal_s623
formal_u2_family_049_r04_s05,formal_u2_family_049_r04,u2_family_049,train,26,27,2,0.5820897221565247,0.5741995573043823,1.0,True,0,offline_teacher_to_causal_s623
formal_u2_family_049_r05_s00,formal_u2_family_049_r05,u2_family_049,train,0,2,3,0.34932610392570496,0.6801058650016785,0.3333333333333333,True,0,offline_teacher_to_causal_s623
formal_u2_family_049_r05_s01,formal_u2_family_049_r05,u2_family_049,train,3,5,3,0.49911561608314514,0.9354795813560486,0.6666666666666666,True,0,offline_teacher_to_causal_s623
formal_u2_family_049_r05_s02,formal_u2_family_049_r05,u2_family_049,train,6,16,11,0.3460770547389984,0.5027284026145935,0.36363636363636365,True,0,offline_teacher_to_causal_s623
formal_u2_family_049_r05_s03,formal_u2_family_049_r05,u2_family_049,train,17,19,3,0.4992324113845825,0.6513199210166931,1.0,True,0,offline_teacher_to_causal_s623
formal_u2_family_049_r05_s04,formal_u2_family_049_r05,u2_family_049,train,20,24,5,0.5001083016395569,0.9848648309707642,0.8,True,0,offline_teacher_to_causal_s623
formal_u2_family_049_r05_s05,formal_u2_family_049_r05,u2_family_049,train,25,26,2,0.5849697589874268,0.5321107506752014,1.0,True,0,offline_teacher_to_causal_s623
formal_u2_family_050_r00_s00,formal_u2_family_050_r00,u2_family_050,train,0,2,3,0.34873485565185547,0.6807471513748169,0.3333333333333333,True,0,offline_teacher_to_causal_s623
formal_u2_family_050_r00_s01,formal_u2_family_050_r00,u2_family_050,train,3,5,3,0.49970853328704834,0.9660124778747559,0.3333333333333333,True,1,offline_teacher_to_causal_s623
formal_u2_family_050_r00_s02,formal_u2_family_050_r00,u2_family_050,train,6,8,3,0.9439281225204468,0.5009269714355469,0.6666666666666666,True,0,offline_teacher_to_causal_s623
formal_u2_family_050_r00_s03,formal_u2_family_050_r00,u2_family_050,train,9,19,11,0.9367993474006653,0.6435627341270447,0.5454545454545454,True,0,offline_teacher_to_causal_s623
formal_u2_family_050_r00_s04,formal_u2_family_050_r00,u2_family_050,train,20,22,3,0.501806378364563,0.50648432970047,1.0,True,0,offline_teacher_to_causal_s623
formal_u2_family_050_r00_s05,formal_u2_family_050_r00,u2_family_050,train,23,25,3,0.9872362017631531,0.5860245823860168,0.6666666666666666,True,0,offline_teacher_to_causal_s623
formal_u2_family_050_r01_s00,formal_u2_family_050_r01,u2_family_050,train,0,2,3,0.3480875492095947,0.6787679195404053,0.3333333333333333,True,0,offline_teacher_to_causal_s623
formal_u2_family_050_r01_s01,formal_u2_family_050_r01,u2_family_050,train,3,5,3,0.4971514940261841,0.9654722809791565,0.3333333333333333,True,1,offline_teacher_to_causal_s623
formal_u2_family_050_r01_s02,formal_u2_family_050_r01,u2_family_050,train,6,8,3,0.9442338943481445,0.924473226070404,0.3333333333333333,True,0,offline_teacher_to_causal_s623
formal_u2_family_050_r01_s03,formal_u2_family_050_r01,u2_family_050,train,9,19,11,0.3991372287273407,0.643179178237915,0.6363636363636364,True,0,offline_teacher_to_causal_s623
formal_u2_family_050_r01_s04,formal_u2_family_050_r01,u2_family_050,train,20,22,3,0.49925497174263,0.5024776458740234,1.0,True,0,offline_teacher_to_causal_s623
formal_u2_family_050_r01_s05,formal_u2_family_050_r01,u2_family_050,train,23,25,3,0.5138055682182312,0.5845314860343933,0.6666666666666666,True,0,offline_teacher_to_causal_s623
formal_u2_family_050_r01_s06,formal_u2_family_050_r01,u2_family_050,train,26,26,1,0.5129318833351135,0.5129318833351135,1.0,True,0,offline_teacher_to_causal_s623
formal_u2_family_050_r02_s00,formal_u2_family_050_r02,u2_family_050,train,0,2,3,0.3495821952819824,0.6806344389915466,0.3333333333333333,True,0,offline_teacher_to_causal_s623
formal_u2_family_050_r02_s01,formal_u2_family_050_r02,u2_family_050,train,3,5,3,0.4966714382171631,0.9657014608383179,0.3333333333333333,True,1,offline_teacher_to_causal_s623
formal_u2_family_050_r02_s02,formal_u2_family_050_r02,u2_family_050,train,6,19,14,0.9399847388267517,0.5025354027748108,0.35714285714285715,True,0,offline_teacher_to_causal_s623
formal_u2_family_050_r02_s03,formal_u2_family_050_r02,u2_family_050,train,20,22,3,0.500214695930481,0.6518449187278748,1.0,True,0,offline_teacher_to_causal_s623
formal_u2_family_050_r02_s04,formal_u2_family_050_r02,u2_family_050,train,23,27,5,0.4981369376182556,0.985171914100647,0.8,True,0,offline_teacher_to_causal_s623
formal_u2_family_050_r02_s05,formal_u2_family_050_r02,u2_family_050,train,28,29,2,0.5853379964828491,0.588104248046875,1.0,True,0,offline_teacher_to_causal_s623
formal_u2_family_050_r03_s00,formal_u2_family_050_r03,u2_family_050,train,0,2,3,0.3487570583820343,0.6810519099235535,0.3333333333333333,True,0,offline_teacher_to_causal_s623
formal_u2_family_050_r03_s01,formal_u2_family_050_r03,u2_family_050,train,3,5,3,0.5009422898292542,0.9659084677696228,0.3333333333333333,True,1,offline_teacher_to_causal_s623
formal_u2_family_050_r03_s02,formal_u2_family_050_r03,u2_family_050,train,6,8,3,0.9443846344947815,0.9238781929016113,0.3333333333333333,True,0,offline_teacher_to_causal_s623
formal_u2_family_050_r03_s03,formal_u2_family_050_r03,u2_family_050,train,9,20,12,0.4060204327106476,0.5016540288925171,0.3333333333333333,True,0,offline_teacher_to_causal_s623
formal_u2_family_050_r03_s04,formal_u2_family_050_r03,u2_family_050,train,21,23,3,0.49932345747947693,0.6530855298042297,1.0,True,0,offline_teacher_to_causal_s623
formal_u2_family_050_r03_s05,formal_u2_family_050_r03,u2_family_050,train,24,29,6,0.49762535095214844,0.9843400716781616,0.8333333333333334,True,0,offline_teacher_to_causal_s623
formal_u2_family_050_r03_s06,formal_u2_family_050_r03,u2_family_050,train,30,31,2,0.5828453302383423,0.5046202540397644,1.0,True,0,offline_teacher_to_causal_s623
formal_u2_family_050_r04_s00,formal_u2_family_050_r04,u2_family_050,train,0,2,3,0.3490999639034271,0.6791451573371887,0.3333333333333333,True,0,offline_teacher_to_causal_s623
formal_u2_family_050_r04_s01,formal_u2_family_050_r04,u2_family_050,train,3,5,3,0.49771228432655334,0.9656134843826294,0.3333333333333333,True,1,offline_teacher_to_causal_s623
formal_u2_family_050_r04_s02,formal_u2_family_050_r04,u2_family_050,train,6,19,14,0.9429641366004944,0.5126001238822937,0.5,True,0,offline_teacher_to_causal_s623
formal_u2_family_050_r04_s03,formal_u2_family_050_r04,u2_family_050,train,20,22,3,0.6504387855529785,0.5124369859695435,1.0,True,0,offline_teacher_to_causal_s623
formal_u2_family_050_r04_s04,formal_u2_family_050_r04,u2_family_050,train,23,25,3,0.5001447796821594,0.9855449795722961,0.6666666666666666,True,0,offline_teacher_to_causal_s623
formal_u2_family_050_r04_s05,formal_u2_family_050_r04,u2_family_050,train,26,27,2,0.5944658517837524,0.5338408350944519,1.0,True,0,offline_teacher_to_causal_s623
formal_u2_family_050_r05_s00,formal_u2_family_050_r05,u2_family_050,train,0,2,3,0.34815463423728943,0.6814427375793457,0.3333333333333333,True,0,offline_teacher_to_causal_s623
formal_u2_family_050_r05_s01,formal_u2_family_050_r05,u2_family_050,train,3,5,3,0.5021951794624329,0.9661255478858948,0.3333333333333333,True,1,offline_teacher_to_causal_s623
formal_u2_family_050_r05_s02,formal_u2_family_050_r05,u2_family_050,train,6,8,3,0.9415419697761536,0.9228283166885376,0.3333333333333333,True,0,offline_teacher_to_causal_s623
formal_u2_family_050_r05_s03,formal_u2_family_050_r05,u2_family_050,train,9,19,11,0.40876275300979614,0.6532517075538635,0.6363636363636364,True,0,offline_teacher_to_causal_s623
formal_u2_family_050_r05_s04,formal_u2_family_050_r05,u2_family_050,train,20,22,3,0.5037412047386169,0.5037393569946289,1.0,True,0,offline_teacher_to_causal_s623
formal_u2_family_050_r05_s05,formal_u2_family_050_r05,u2_family_050,train,23,25,3,0.9866464138031006,0.5666725635528564,0.6666666666666666,True,0,offline_teacher_to_causal_s623
formal_u2_family_051_r00_s00,formal_u2_family_051_r00,u2_family_051,train,0,2,3,0.3543377220630646,0.6779552698135376,0.3333333333333333,True,0,offline_teacher_to_causal_s623
formal_u2_family_051_r00_s01,formal_u2_family_051_r00,u2_family_051,train,3,5,3,0.497494101524353,0.9339883327484131,0.6666666666666666,True,0,offline_teacher_to_causal_s623
formal_u2_family_051_r00_s02,formal_u2_family_051_r00,u2_family_051,train,6,17,12,0.3467845916748047,0.5029255151748657,0.3333333333333333,True,0,offline_teacher_to_causal_s623
formal_u2_family_051_r00_s03,formal_u2_family_051_r00,u2_family_051,train,18,20,3,0.5031428337097168,0.5062896609306335,1.0,True,0,offline_teacher_to_causal_s623
formal_u2_family_051_r00_s04,formal_u2_family_051_r00,u2_family_051,train,21,23,3,0.5039483904838562,0.5047394633293152,1.0,True,0,offline_teacher_to_causal_s623
formal_u2_family_051_r00_s05,formal_u2_family_051_r00,u2_family_051,train,24,26,3,0.9857293367385864,0.5956357717514038,0.6666666666666666,True,0,offline_teacher_to_causal_s623
formal_u2_family_051_r01_s00,formal_u2_family_051_r01,u2_family_051,train,0,2,3,0.34466248750686646,0.6807588934898376,0.3333333333333333,True,0,offline_teacher_to_causal_s623
formal_u2_family_051_r01_s01,formal_u2_family_051_r01,u2_family_051,train,3,7,5,0.5002683997154236,0.9283866286277771,0.8,True,0,offline_teacher_to_causal_s623
formal_u2_family_051_r01_s02,formal_u2_family_051_r01,u2_family_051,train,8,17,10,0.29453539848327637,0.643562912940979,0.6,True,0,offline_teacher_to_causal_s623
formal_u2_family_051_r01_s03,formal_u2_family_051_r01,u2_family_051,train,18,21,4,0.5097367763519287,0.9871702790260315,0.75,True,0,offline_teacher_to_causal_s623
formal_u2_family_051_r01_s04,formal_u2_family_051_r01,u2_family_051,train,22,23,2,0.5829705595970154,0.5863530039787292,1.0,True,0,offline_teacher_to_causal_s623
formal_u2_family_051_r02_s00,formal_u2_family_051_r02,u2_family_051,train,0,2,3,0.34913840889930725,0.6791872978210449,0.3333333333333333,True,0,offline_teacher_to_causal_s623
formal_u2_family_051_r02_s01,formal_u2_family_051_r02,u2_family_051,train,3,6,4,0.49524104595184326,0.9335278868675232,0.75,True,0,offline_teacher_to_causal_s623
formal_u2_family_051_r02_s02,formal_u2_family_051_r02,u2_family_051,train,7,16,10,0.31997647881507874,0.5037232041358948,0.4,True,0,offline_teacher_to_causal_s623
formal_u2_family_051_r02_s03,formal_u2_family_051_r02,u2_family_051,train,17,19,3,0.4973122775554657,0.5084280967712402,1.0,True,0,offline_teacher_to_causal_s623
formal_u2_family_051_r02_s04,formal_u2_family_051_r02,u2_family_051,train,20,27,8,0.6492975950241089,0.9833303093910217,0.875,True,0,offline_teacher_to_causal_s623
formal_u2_family_051_r02_s05,formal_u2_family_051_r02,u2_family_051,train,28,29,2,0.5855110287666321,0.5830392241477966,1.0,True,0,offline_teacher_to_causal_s623
formal_u2_family_051_r03_s00,formal_u2_family_051_r03,u2_family_051,train,0,2,3,0.3462543785572052,0.6793810129165649,0.3333333333333333,True,0,offline_teacher_to_causal_s623
formal_u2_family_051_r03_s01,formal_u2_family_051_r03,u2_family_051,train,3,6,4,0.4957493245601654,0.933335542678833,0.75,True,0,offline_teacher_to_causal_s623
formal_u2_family_051_r03_s02,formal_u2_family_051_r03,u2_family_051,train,7,15,9,0.30380719900131226,0.6500096321105957,0.6666666666666666,True,0,offline_teacher_to_causal_s623
formal_u2_family_051_r03_s03,formal_u2_family_051_r03,u2_family_051,train,16,18,3,0.5036402344703674,0.987282395362854,0.6666666666666666,True,0,offline_teacher_to_causal_s623
formal_u2_family_051_r03_s04,formal_u2_family_051_r03,u2_family_051,train,19,20,2,0.5895276069641113,0.5849837064743042,1.0,True,0,offline_teacher_to_causal_s623
formal_u2_family_051_r04_s00,formal_u2_family_051_r04,u2_family_051,train,0,2,3,0.34742745757102966,0.6833756566047668,0.3333333333333333,True,0,offline_teacher_to_causal_s623
formal_u2_family_051_r04_s01,formal_u2_family_051_r04,u2_family_051,train,3,6,4,0.4997037649154663,0.9312888979911804,0.75,True,0,offline_teacher_to_causal_s623
formal_u2_family_051_r04_s02,formal_u2_family_051_r04,u2_family_051,train,7,17,11,0.3077286183834076,0.5027505159378052,0.2727272727272727,True,0,offline_teacher_to_causal_s623
formal_u2_family_051_r04_s03,formal_u2_family_051_r04,u2_family_051,train,18,20,3,0.5014787912368774,0.6512628793716431,1.0,True,0,offline_teacher_to_causal_s623
formal_u2_family_051_r04_s04,formal_u2_family_051_r04,u2_family_051,train,21,25,5,0.4985943138599396,0.98465895652771,0.8,True,0,offline_teacher_to_causal_s623
formal_u2_family_051_r04_s05,formal_u2_family_051_r04,u2_family_051,train,26,27,2,0.581011176109314,0.5596638917922974,1.0,True,0,offline_teacher_to_causal_s623
formal_u2_family_051_r05_s00,formal_u2_family_051_r05,u2_family_051,train,0,2,3,0.34987959265708923,0.6790968775749207,0.3333333333333333,True,0,offline_teacher_to_causal_s623
formal_u2_family_051_r05_s01,formal_u2_family_051_r05,u2_family_051,train,3,5,3,0.4958308935165405,0.9350202679634094,0.6666666666666666,True,0,offline_teacher_to_causal_s623
formal_u2_family_051_r05_s02,formal_u2_family_051_r05,u2_family_051,train,6,15,10,0.3399888277053833,0.5039259195327759,0.4,True,0,offline_teacher_to_causal_s623
formal_u2_family_051_r05_s03,formal_u2_family_051_r05,u2_family_051,train,16,18,3,0.4971025884151459,0.6495531797409058,1.0,True,0,offline_teacher_to_causal_s623
formal_u2_family_051_r05_s04,formal_u2_family_051_r05,u2_family_051,train,19,23,5,0.4980314075946808,0.9851709008216858,0.8,True,0,offline_teacher_to_causal_s623
formal_u2_family_051_r05_s05,formal_u2_family_051_r05,u2_family_051,train,24,25,2,0.5892181992530823,0.59006267786026,1.0,True,0,offline_teacher_to_causal_s623
formal_u2_family_052_r00_s00,formal_u2_family_052_r00,u2_family_052,train,0,2,3,0.3460010886192322,0.6802178025245667,0.3333333333333333,True,0,offline_teacher_to_causal_s623
formal_u2_family_052_r00_s01,formal_u2_family_052_r00,u2_family_052,train,3,6,4,0.5004183650016785,0.9294097423553467,0.75,True,0,offline_teacher_to_causal_s623
formal_u2_family_052_r01_s00,formal_u2_family_052_r01,u2_family_052,train,0,2,3,0.34794896841049194,0.6747923493385315,0.3333333333333333,True,0,offline_teacher_to_causal_s623
formal_u2_family_052_r01_s01,formal_u2_family_052_r01,u2_family_052,train,3,6,4,0.49809741973876953,0.9288631677627563,0.75,True,0,offline_teacher_to_causal_s623
formal_u2_family_052_r02_s00,formal_u2_family_052_r02,u2_family_052,train,0,2,3,0.34810107946395874,0.6803179979324341,0.3333333333333333,True,0,offline_teacher_to_causal_s623
formal_u2_family_052_r02_s01,formal_u2_family_052_r02,u2_family_052,train,3,6,4,0.5007517337799072,0.9273925423622131,0.75,True,0,offline_teacher_to_causal_s623
formal_u2_family_052_r03_s00,formal_u2_family_052_r03,u2_family_052,train,0,2,3,0.35046249628067017,0.677089512348175,0.3333333333333333,True,0,offline_teacher_to_causal_s623
formal_u2_family_052_r03_s01,formal_u2_family_052_r03,u2_family_052,train,3,5,3,0.49734383821487427,0.9307785034179688,0.6666666666666666,True,0,offline_teacher_to_causal_s623
formal_u2_family_052_r04_s00,formal_u2_family_052_r04,u2_family_052,train,0,2,3,0.347962349653244,0.6801113486289978,0.3333333333333333,True,0,offline_teacher_to_causal_s623
formal_u2_family_052_r04_s01,formal_u2_family_052_r04,u2_family_052,train,3,5,3,0.497881144285202,0.929888904094696,0.6666666666666666,True,0,offline_teacher_to_causal_s623
formal_u2_family_052_r05_s00,formal_u2_family_052_r05,u2_family_052,train,0,2,3,0.34905940294265747,0.6806922554969788,0.3333333333333333,True,0,offline_teacher_to_causal_s623
formal_u2_family_052_r05_s01,formal_u2_family_052_r05,u2_family_052,train,3,6,4,0.5029725432395935,0.9279086589813232,0.75,True,0,offline_teacher_to_causal_s623
formal_u2_family_053_r00_s00,formal_u2_family_053_r00,u2_family_053,train,0,8,9,0.2728939354419708,0.9731281399726868,0.0,True,0,offline_teacher_to_causal_s623
formal_u2_family_053_r00_s01,formal_u2_family_053_r00,u2_family_053,train,9,11,3,0.636847734451294,0.5032444596290588,1.0,True,0,offline_teacher_to_causal_s623
formal_u2_family_053_r00_s02,formal_u2_family_053_r00,u2_family_053,train,12,24,13,0.49309679865837097,0.5033660531044006,0.38461538461538464,True,0,offline_teacher_to_causal_s623
formal_u2_family_053_r00_s03,formal_u2_family_053_r00,u2_family_053,train,25,27,3,0.4997076392173767,0.5098910927772522,1.0,True,0,offline_teacher_to_causal_s623
formal_u2_family_053_r00_s04,formal_u2_family_053_r00,u2_family_053,train,28,30,3,0.5093139410018921,0.9872509241104126,0.6666666666666666,True,0,offline_teacher_to_causal_s623
formal_u2_family_053_r00_s05,formal_u2_family_053_r00,u2_family_053,train,31,32,2,0.581929087638855,0.5919934511184692,1.0,True,0,offline_teacher_to_causal_s623
formal_u2_family_053_r01_s00,formal_u2_family_053_r01,u2_family_053,train,0,7,8,0.27211248874664307,0.9670394659042358,0.0,True,0,offline_teacher_to_causal_s623
formal_u2_family_053_r01_s01,formal_u2_family_053_r01,u2_family_053,train,8,10,3,0.6282140016555786,0.5088570713996887,1.0,True,0,offline_teacher_to_causal_s623
formal_u2_family_053_r01_s02,formal_u2_family_053_r01,u2_family_053,train,11,21,11,0.49071845412254333,0.5014487504959106,0.45454545454545453,True,0,offline_teacher_to_causal_s623
formal_u2_family_053_r01_s03,formal_u2_family_053_r01,u2_family_053,train,22,24,3,0.4994881749153137,0.6549328565597534,1.0,True,0,offline_teacher_to_causal_s623
formal_u2_family_053_r01_s04,formal_u2_family_053_r01,u2_family_053,train,25,29,5,0.5003930926322937,0.9852851033210754,0.8,True,0,offline_teacher_to_causal_s623
formal_u2_family_053_r01_s05,formal_u2_family_053_r01,u2_family_053,train,30,31,2,0.5868285894393921,0.5650716423988342,1.0,True,0,offline_teacher_to_causal_s623
formal_u2_family_053_r02_s00,formal_u2_family_053_r02,u2_family_053,train,0,7,8,0.2729540765285492,0.9664965271949768,0.0,True,0,offline_teacher_to_causal_s623
formal_u2_family_053_r02_s01,formal_u2_family_053_r02,u2_family_053,train,8,10,3,0.6250002980232239,0.5051881074905396,1.0,True,0,offline_teacher_to_causal_s623
formal_u2_family_053_r02_s02,formal_u2_family_053_r02,u2_family_053,train,11,23,13,0.48760363459587097,0.5024408102035522,0.38461538461538464,True,0,offline_teacher_to_causal_s623
formal_u2_family_053_r02_s03,formal_u2_family_053_r02,u2_family_053,train,24,26,3,0.4998078942298889,0.6528149247169495,1.0,True,0,offline_teacher_to_causal_s623
formal_u2_family_053_r02_s04,formal_u2_family_053_r02,u2_family_053,train,27,30,4,0.5004560351371765,0.5023554563522339,1.0,True,0,offline_teacher_to_causal_s623
formal_u2_family_053_r02_s05,formal_u2_family_053_r02,u2_family_053,train,31,33,3,0.9846449494361877,0.5466606616973877,0.6666666666666666,True,0,offline_teacher_to_causal_s623
formal_u2_family_053_r03_s00,formal_u2_family_053_r03,u2_family_053,train,0,7,8,0.2722853720188141,0.9657972455024719,0.0,True,0,offline_teacher_to_causal_s623
formal_u2_family_053_r03_s01,formal_u2_family_053_r03,u2_family_053,train,8,10,3,0.6261511445045471,0.5105933547019958,1.0,True,0,offline_teacher_to_causal_s623
formal_u2_family_053_r03_s02,formal_u2_family_053_r03,u2_family_053,train,11,13,3,0.49061650037765503,0.9312353134155273,0.6666666666666666,True,0,offline_teacher_to_causal_s623
formal_u2_family_053_r03_s03,formal_u2_family_053_r03,u2_family_053,train,14,23,10,0.3097001314163208,0.5031669735908508,0.3,True,0,offline_teacher_to_causal_s623
formal_u2_family_053_r03_s04,formal_u2_family_053_r03,u2_family_053,train,24,26,3,0.4978289008140564,0.655636727809906,1.0,True,0,offline_teacher_to_causal_s623
formal_u2_family_053_r03_s05,formal_u2_family_053_r03,u2_family_053,train,27,31,5,0.4983433783054352,0.9852097630500793,0.8,True,0,offline_teacher_to_causal_s623
formal_u2_family_053_r03_s06,formal_u2_family_053_r03,u2_family_053,train,32,33,2,0.5858747363090515,0.5528815984725952,1.0,True,0,offline_teacher_to_causal_s623
formal_u2_family_053_r04_s00,formal_u2_family_053_r04,u2_family_053,train,0,8,9,0.27338746190071106,0.9729255437850952,0.0,True,0,offline_teacher_to_causal_s623
formal_u2_family_053_r04_s01,formal_u2_family_053_r04,u2_family_053,train,9,12,4,0.6263895034790039,0.9359179139137268,0.75,True,0,offline_teacher_to_causal_s623
formal_u2_family_053_r04_s02,formal_u2_family_053_r04,u2_family_053,train,13,24,12,0.34556907415390015,0.5027598738670349,0.3333333333333333,True,0,offline_teacher_to_causal_s623
formal_u2_family_053_r04_s03,formal_u2_family_053_r04,u2_family_053,train,25,27,3,0.5001553893089294,0.6535665988922119,1.0,True,0,offline_teacher_to_causal_s623
formal_u2_family_053_r04_s04,formal_u2_family_053_r04,u2_family_053,train,28,33,6,0.5006314516067505,0.9834409952163696,0.8333333333333334,True,0,offline_teacher_to_causal_s623
formal_u2_family_053_r04_s05,formal_u2_family_053_r04,u2_family_053,train,34,35,2,0.58539879322052,0.5494062900543213,1.0,True,0,offline_teacher_to_causal_s623
formal_u2_family_053_r05_s00,formal_u2_family_053_r05,u2_family_053,train,0,7,8,0.27236419916152954,0.9659088253974915,0.0,True,0,offline_teacher_to_causal_s623
formal_u2_family_053_r05_s01,formal_u2_family_053_r05,u2_family_053,train,8,10,3,0.6276724934577942,0.5162357091903687,1.0,True,0,offline_teacher_to_causal_s623
formal_u2_family_053_r05_s02,formal_u2_family_053_r05,u2_family_053,train,11,13,3,0.49467724561691284,0.9328805208206177,0.6666666666666666,True,0,offline_teacher_to_causal_s623
formal_u2_family_053_r05_s03,formal_u2_family_053_r05,u2_family_053,train,14,23,10,0.31119388341903687,0.5008038878440857,0.4,True,0,offline_teacher_to_causal_s623
formal_u2_family_053_r05_s04,formal_u2_family_053_r05,u2_family_053,train,24,26,3,0.4992460608482361,0.5060420036315918,1.0,True,0,offline_teacher_to_causal_s623
formal_u2_family_053_r05_s05,formal_u2_family_053_r05,u2_family_053,train,27,29,3,0.5071949362754822,0.5037392973899841,1.0,True,0,offline_teacher_to_causal_s623
formal_u2_family_053_r05_s06,formal_u2_family_053_r05,u2_family_053,train,30,32,3,0.9856644868850708,0.5623199343681335,0.6666666666666666,True,0,offline_teacher_to_causal_s623
formal_u2_family_054_r00_s00,formal_u2_family_054_r00,u2_family_054,train,0,2,3,0.31930890679359436,0.6713066697120667,0.3333333333333333,True,0,offline_teacher_to_causal_s623
formal_u2_family_054_r00_s01,formal_u2_family_054_r00,u2_family_054,train,3,12,10,0.709858238697052,0.6516422629356384,1.0,True,0,offline_teacher_to_causal_s623
formal_u2_family_054_r00_s02,formal_u2_family_054_r00,u2_family_054,train,13,22,10,0.5118358731269836,0.9893444180488586,0.9,True,0,offline_teacher_to_causal_s623
formal_u2_family_054_r00_s03,formal_u2_family_054_r00,u2_family_054,train,23,24,2,0.5876630544662476,0.576356053352356,1.0,True,0,offline_teacher_to_causal_s623
formal_u2_family_054_r01_s00,formal_u2_family_054_r01,u2_family_054,train,0,2,3,0.31803491711616516,0.6714593768119812,0.3333333333333333,True,0,offline_teacher_to_causal_s623
formal_u2_family_054_r01_s01,formal_u2_family_054_r01,u2_family_054,train,3,10,8,0.7074639201164246,0.6401468515396118,1.0,True,0,offline_teacher_to_causal_s623
formal_u2_family_054_r01_s02,formal_u2_family_054_r01,u2_family_054,train,11,21,11,0.508471667766571,0.9898282289505005,0.9090909090909091,True,0,offline_teacher_to_causal_s623
formal_u2_family_054_r01_s03,formal_u2_family_054_r01,u2_family_054,train,22,23,2,0.5959812998771667,0.5709866285324097,1.0,True,0,offline_teacher_to_causal_s623
formal_u2_family_054_r02_s00,formal_u2_family_054_r02,u2_family_054,train,0,2,3,0.3170115351676941,0.6723772883415222,0.3333333333333333,True,0,offline_teacher_to_causal_s623
formal_u2_family_054_r02_s01,formal_u2_family_054_r02,u2_family_054,train,3,10,8,0.714885413646698,0.6692901253700256,1.0,True,0,offline_teacher_to_causal_s623
formal_u2_family_054_r02_s02,formal_u2_family_054_r02,u2_family_054,train,11,21,11,0.504869282245636,0.9890788197517395,0.9090909090909091,True,0,offline_teacher_to_causal_s623
formal_u2_family_054_r02_s03,formal_u2_family_054_r02,u2_family_054,train,22,23,2,0.5853142142295837,0.5611684322357178,1.0,True,0,offline_teacher_to_causal_s623
formal_u2_family_054_r03_s00,formal_u2_family_054_r03,u2_family_054,train,0,2,3,0.32150888442993164,0.6722980737686157,0.3333333333333333,True,0,offline_teacher_to_causal_s623
formal_u2_family_054_r03_s01,formal_u2_family_054_r03,u2_family_054,train,3,9,7,0.7061206102371216,0.5032848119735718,1.0,True,0,offline_teacher_to_causal_s623
formal_u2_family_054_r03_s02,formal_u2_family_054_r03,u2_family_054,train,10,21,12,0.5095402002334595,0.9895461201667786,0.9166666666666666,True,0,offline_teacher_to_causal_s623
formal_u2_family_054_r03_s03,formal_u2_family_054_r03,u2_family_054,train,22,23,2,0.5863527059555054,0.556250810623169,1.0,True,0,offline_teacher_to_causal_s623
formal_u2_family_054_r04_s00,formal_u2_family_054_r04,u2_family_054,train,0,2,3,0.3183249235153198,0.6727102398872375,0.3333333333333333,True,0,offline_teacher_to_causal_s623
formal_u2_family_054_r04_s01,formal_u2_family_054_r04,u2_family_054,train,3,8,6,0.7069099545478821,0.5004419088363647,1.0,True,0,offline_teacher_to_causal_s623
formal_u2_family_054_r04_s02,formal_u2_family_054_r04,u2_family_054,train,9,19,11,0.5063381791114807,0.9904950857162476,0.9090909090909091,True,0,offline_teacher_to_causal_s623
formal_u2_family_054_r04_s03,formal_u2_family_054_r04,u2_family_054,train,20,21,2,0.6133167743682861,0.5935385823249817,1.0,True,0,offline_teacher_to_causal_s623
formal_u2_family_054_r05_s00,formal_u2_family_054_r05,u2_family_054,train,0,2,3,0.32052019238471985,0.6716315150260925,0.3333333333333333,True,0,offline_teacher_to_causal_s623
formal_u2_family_054_r05_s01,formal_u2_family_054_r05,u2_family_054,train,3,8,6,0.7072403430938721,0.5017504096031189,1.0,True,0,offline_teacher_to_causal_s623
formal_u2_family_054_r05_s02,formal_u2_family_054_r05,u2_family_054,train,9,14,6,0.50447678565979,0.6159040331840515,1.0,True,0,offline_teacher_to_causal_s623
formal_u2_family_054_r05_s03,formal_u2_family_054_r05,u2_family_054,train,15,22,8,0.5733163952827454,0.9887353777885437,0.875,True,0,offline_teacher_to_causal_s623
formal_u2_family_054_r05_s04,formal_u2_family_054_r05,u2_family_054,train,23,24,2,0.5765013694763184,0.5165938138961792,1.0,True,0,offline_teacher_to_causal_s623
formal_u2_family_055_r00_s00,formal_u2_family_055_r00,u2_family_055,train,0,2,3,0.31813111901283264,0.6701917052268982,0.3333333333333333,True,0,offline_teacher_to_causal_s623
formal_u2_family_055_r00_s01,formal_u2_family_055_r00,u2_family_055,train,3,5,3,0.7124220132827759,0.9595800042152405,0.3333333333333333,True,1,offline_teacher_to_causal_s623
formal_u2_family_055_r00_s02,formal_u2_family_055_r00,u2_family_055,train,6,8,3,0.9397587776184082,0.5003803372383118,0.6666666666666666,True,0,offline_teacher_to_causal_s623
formal_u2_family_055_r00_s03,formal_u2_family_055_r00,u2_family_055,train,9,14,6,0.4917195737361908,0.6800752878189087,1.0,True,0,offline_teacher_to_causal_s623
formal_u2_family_055_r00_s04,formal_u2_family_055_r00,u2_family_055,train,15,18,4,0.501357913017273,0.5980215668678284,1.0,True,0,offline_teacher_to_causal_s623
formal_u2_family_055_r00_s05,formal_u2_family_055_r00,u2_family_055,train,19,26,8,0.5597407817840576,0.9888529777526855,0.875,True,0,offline_teacher_to_causal_s623
formal_u2_family_055_r00_s06,formal_u2_family_055_r00,u2_family_055,train,27,28,2,0.5721446871757507,0.528579831123352,1.0,True,0,offline_teacher_to_causal_s623
formal_u2_family_055_r01_s00,formal_u2_family_055_r01,u2_family_055,train,0,2,3,0.8763349056243896,0.7086954116821289,0.6666666666666666,True,0,offline_teacher_to_causal_s623
formal_u2_family_055_r01_s01,formal_u2_family_055_r01,u2_family_055,train,3,5,3,0.5282799005508423,0.9588932394981384,0.3333333333333333,True,1,offline_teacher_to_causal_s623
formal_u2_family_055_r01_s02,formal_u2_family_055_r01,u2_family_055,train,6,12,7,0.9501668810844421,0.6482540369033813,0.8571428571428571,True,0,offline_teacher_to_causal_s623
formal_u2_family_055_r01_s03,formal_u2_family_055_r01,u2_family_055,train,13,21,9,0.5230135917663574,0.5007553696632385,1.0,True,0,offline_teacher_to_causal_s623
formal_u2_family_055_r01_s04,formal_u2_family_055_r01,u2_family_055,train,22,24,3,0.9875059127807617,0.5628973245620728,0.6666666666666666,True,0,offline_teacher_to_causal_s623
formal_u2_family_055_r02_s00,formal_u2_family_055_r02,u2_family_055,train,0,2,3,0.3169793486595154,0.6726492643356323,0.3333333333333333,True,0,offline_teacher_to_causal_s623
formal_u2_family_055_r02_s01,formal_u2_family_055_r02,u2_family_055,train,3,6,4,0.5206356048583984,0.5010598301887512,1.0,True,0,offline_teacher_to_causal_s623
formal_u2_family_055_r02_s02,formal_u2_family_055_r02,u2_family_055,train,7,9,3,0.4986153542995453,0.5012230277061462,1.0,True,0,offline_teacher_to_causal_s623
formal_u2_family_055_r02_s03,formal_u2_family_055_r02,u2_family_055,train,10,13,4,0.48543107509613037,0.6543716192245483,1.0,True,0,offline_teacher_to_causal_s623
formal_u2_family_055_r02_s04,formal_u2_family_055_r02,u2_family_055,train,14,22,9,0.5153082013130188,0.9886789917945862,0.8888888888888888,True,0,offline_teacher_to_causal_s623
formal_u2_family_055_r02_s05,formal_u2_family_055_r02,u2_family_055,train,23,24,2,0.5727691650390625,0.5598778128623962,1.0,True,0,offline_teacher_to_causal_s623
formal_u2_family_055_r03_s00,formal_u2_family_055_r03,u2_family_055,train,0,2,3,0.321696400642395,0.6728273630142212,0.3333333333333333,True,0,offline_teacher_to_causal_s623
formal_u2_family_055_r03_s01,formal_u2_family_055_r03,u2_family_055,train,3,9,7,0.7134332656860352,0.6611594557762146,1.0,True,0,offline_teacher_to_causal_s623
formal_u2_family_055_r03_s02,formal_u2_family_055_r03,u2_family_055,train,10,21,12,0.508319079875946,0.989492654800415,0.9166666666666666,True,0,offline_teacher_to_causal_s623
formal_u2_family_055_r03_s03,formal_u2_family_055_r03,u2_family_055,train,22,23,2,0.5931466221809387,0.5462962985038757,1.0,True,0,offline_teacher_to_causal_s623
formal_u2_family_055_r04_s00,formal_u2_family_055_r04,u2_family_055,train,0,2,3,0.31634992361068726,0.6751442551612854,0.3333333333333333,True,0,offline_teacher_to_causal_s623
formal_u2_family_055_r04_s01,formal_u2_family_055_r04,u2_family_055,train,3,5,3,0.7097463607788086,0.9593284726142883,0.3333333333333333,True,1,offline_teacher_to_causal_s623
formal_u2_family_055_r04_s02,formal_u2_family_055_r04,u2_family_055,train,6,25,20,0.9387789964675903,0.9885243773460388,0.9,True,0,offline_teacher_to_causal_s623
formal_u2_family_055_r04_s03,formal_u2_family_055_r04,u2_family_055,train,26,27,2,0.5813536047935486,0.5949000120162964,1.0,True,0,offline_teacher_to_causal_s623
formal_u2_family_055_r05_s00,formal_u2_family_055_r05,u2_family_055,train,0,2,3,0.3153797686100006,0.6702088713645935,0.3333333333333333,True,0,offline_teacher_to_causal_s623
formal_u2_family_055_r05_s01,formal_u2_family_055_r05,u2_family_055,train,3,9,7,0.71077960729599,0.5018941164016724,1.0,True,0,offline_teacher_to_causal_s623
formal_u2_family_055_r05_s02,formal_u2_family_055_r05,u2_family_055,train,10,14,5,0.5119659304618835,0.6166837215423584,1.0,True,0,offline_teacher_to_causal_s623
formal_u2_family_055_r05_s03,formal_u2_family_055_r05,u2_family_055,train,15,21,7,0.5659857392311096,0.990291178226471,0.8571428571428571,True,0,offline_teacher_to_causal_s623
formal_u2_family_055_r05_s04,formal_u2_family_055_r05,u2_family_055,train,22,23,2,0.6114290952682495,0.5966416001319885,1.0,True,0,offline_teacher_to_causal_s623
formal_u2_family_056_r00_s00,formal_u2_family_056_r00,u2_family_056,train,0,2,3,0.3206353783607483,0.6715115308761597,0.3333333333333333,True,0,offline_teacher_to_causal_s623
formal_u2_family_056_r00_s01,formal_u2_family_056_r00,u2_family_056,train,3,5,3,0.9248989820480347,0.953377902507782,0.0,True,0,offline_teacher_to_causal_s623
formal_u2_family_056_r00_s02,formal_u2_family_056_r00,u2_family_056,train,6,15,10,0.7016995549201965,0.6274310350418091,1.0,True,0,offline_teacher_to_causal_s623
formal_u2_family_056_r00_s03,formal_u2_family_056_r00,u2_family_056,train,16,22,7,0.562821626663208,0.9895764589309692,0.8571428571428571,True,0,offline_teacher_to_causal_s623
formal_u2_family_056_r00_s04,formal_u2_family_056_r00,u2_family_056,train,23,24,2,0.593635618686676,0.5995609164237976,1.0,True,0,offline_teacher_to_causal_s623
formal_u2_family_056_r01_s00,formal_u2_family_056_r01,u2_family_056,train,0,2,3,0.31987670063972473,0.67174232006073,0.3333333333333333,True,0,offline_teacher_to_causal_s623
formal_u2_family_056_r01_s01,formal_u2_family_056_r01,u2_family_056,train,3,5,3,0.9259631037712097,0.9559940695762634,0.0,True,0,offline_teacher_to_causal_s623
formal_u2_family_056_r01_s02,formal_u2_family_056_r01,u2_family_056,train,6,15,10,0.7018714547157288,0.6454795598983765,1.0,True,0,offline_teacher_to_causal_s623
formal_u2_family_056_r01_s03,formal_u2_family_056_r01,u2_family_056,train,16,26,11,0.5069634914398193,0.9892041087150574,0.9090909090909091,True,0,offline_teacher_to_causal_s623
formal_u2_family_056_r01_s04,formal_u2_family_056_r01,u2_family_056,train,27,28,2,0.5856186747550964,0.5916382074356079,1.0,True,0,offline_teacher_to_causal_s623
formal_u2_family_056_r02_s00,formal_u2_family_056_r02,u2_family_056,train,0,2,3,0.31871116161346436,0.6711046099662781,0.3333333333333333,True,0,offline_teacher_to_causal_s623
formal_u2_family_056_r02_s01,formal_u2_family_056_r02,u2_family_056,train,3,5,3,0.9245344400405884,0.9534860253334045,0.0,True,0,offline_teacher_to_causal_s623
formal_u2_family_056_r02_s02,formal_u2_family_056_r02,u2_family_056,train,6,14,9,0.6995987296104431,0.6580082774162292,1.0,True,0,offline_teacher_to_causal_s623
formal_u2_family_056_r02_s03,formal_u2_family_056_r02,u2_family_056,train,15,17,3,0.5336048603057861,0.5411413908004761,1.0,True,0,offline_teacher_to_causal_s623
formal_u2_family_056_r02_s04,formal_u2_family_056_r02,u2_family_056,train,18,25,8,0.48767608404159546,0.9884822368621826,0.875,True,0,offline_teacher_to_causal_s623
formal_u2_family_056_r02_s05,formal_u2_family_056_r02,u2_family_056,train,26,27,2,0.5785971283912659,0.5886043906211853,1.0,True,0,offline_teacher_to_causal_s623
formal_u2_family_056_r03_s00,formal_u2_family_056_r03,u2_family_056,train,0,2,3,0.3235296308994293,0.6897063255310059,0.3333333333333333,True,0,offline_teacher_to_causal_s623
formal_u2_family_056_r03_s01,formal_u2_family_056_r03,u2_family_056,train,3,5,3,0.9056325554847717,0.9544622302055359,0.0,True,0,offline_teacher_to_causal_s623
formal_u2_family_056_r03_s02,formal_u2_family_056_r03,u2_family_056,train,6,14,9,0.6525558233261108,0.6615793704986572,1.0,True,0,offline_teacher_to_causal_s623
formal_u2_family_056_r03_s03,formal_u2_family_056_r03,u2_family_056,train,15,23,9,0.516330897808075,0.9876486659049988,0.8888888888888888,True,0,offline_teacher_to_causal_s623
formal_u2_family_056_r03_s04,formal_u2_family_056_r03,u2_family_056,train,24,25,2,0.568591296672821,0.5746617913246155,1.0,True,0,offline_teacher_to_causal_s623
formal_u2_family_056_r04_s00,formal_u2_family_056_r04,u2_family_056,train,0,2,3,0.3210451304912567,0.6733111143112183,0.3333333333333333,True,0,offline_teacher_to_causal_s623
formal_u2_family_056_r04_s01,formal_u2_family_056_r04,u2_family_056,train,3,5,3,0.9256032705307007,0.9577599763870239,0.0,True,0,offline_teacher_to_causal_s623
formal_u2_family_056_r04_s02,formal_u2_family_056_r04,u2_family_056,train,6,8,3,0.6793415546417236,0.512342631816864,1.0,True,0,offline_teacher_to_causal_s623
formal_u2_family_056_r04_s03,formal_u2_family_056_r04,u2_family_056,train,9,11,3,0.4954706132411957,0.5003416538238525,1.0,True,0,offline_teacher_to_causal_s623
formal_u2_family_056_r04_s04,formal_u2_family_056_r04,u2_family_056,train,12,22,11,0.5028972625732422,0.98811274766922,0.9090909090909091,True,0,offline_teacher_to_causal_s623
formal_u2_family_056_r04_s05,formal_u2_family_056_r04,u2_family_056,train,23,24,2,0.5710785388946533,0.5593972206115723,1.0,True,0,offline_teacher_to_causal_s623
formal_u2_family_056_r05_s00,formal_u2_family_056_r05,u2_family_056,train,0,2,3,0.32021862268447876,0.6703471541404724,0.3333333333333333,True,0,offline_teacher_to_causal_s623
formal_u2_family_056_r05_s01,formal_u2_family_056_r05,u2_family_056,train,3,5,3,0.9258372783660889,0.9498100280761719,0.0,True,0,offline_teacher_to_causal_s623
formal_u2_family_056_r05_s02,formal_u2_family_056_r05,u2_family_056,train,6,11,6,0.687046468257904,0.5007764101028442,1.0,True,0,offline_teacher_to_causal_s623
formal_u2_family_056_r05_s03,formal_u2_family_056_r05,u2_family_056,train,12,22,11,0.5163446068763733,0.9903925657272339,0.9090909090909091,True,0,offline_teacher_to_causal_s623
formal_u2_family_056_r05_s04,formal_u2_family_056_r05,u2_family_056,train,23,24,2,0.6085723042488098,0.6091569662094116,1.0,True,0,offline_teacher_to_causal_s623
formal_u2_family_057_r00_s00,formal_u2_family_057_r00,u2_family_057,train,0,2,3,0.3195537030696869,0.6706115007400513,0.3333333333333333,True,0,offline_teacher_to_causal_s623
formal_u2_family_057_r00_s01,formal_u2_family_057_r00,u2_family_057,train,3,8,6,0.7051839232444763,0.5003262758255005,1.0,True,0,offline_teacher_to_causal_s623
formal_u2_family_057_r00_s02,formal_u2_family_057_r00,u2_family_057,train,9,20,12,0.5053241848945618,0.9895750880241394,0.9166666666666666,True,0,offline_teacher_to_causal_s623
formal_u2_family_057_r00_s03,formal_u2_family_057_r00,u2_family_057,train,21,22,2,0.5923276543617249,0.611371636390686,1.0,True,0,offline_teacher_to_causal_s623
formal_u2_family_057_r01_s00,formal_u2_family_057_r01,u2_family_057,train,0,2,3,0.3187788128852844,0.6714950203895569,0.3333333333333333,True,0,offline_teacher_to_causal_s623
formal_u2_family_057_r01_s01,formal_u2_family_057_r01,u2_family_057,train,3,12,10,0.7102418541908264,0.6502639651298523,1.0,True,0,offline_teacher_to_causal_s623
formal_u2_family_057_r01_s02,formal_u2_family_057_r01,u2_family_057,train,13,21,9,0.5528193712234497,0.9892429113388062,0.8888888888888888,True,0,offline_teacher_to_causal_s623
formal_u2_family_057_r01_s03,formal_u2_family_057_r01,u2_family_057,train,22,23,2,0.5901808142662048,0.5755279660224915,1.0,True,0,offline_teacher_to_causal_s623
formal_u2_family_057_r02_s00,formal_u2_family_057_r02,u2_family_057,train,0,2,3,0.31935596466064453,0.6732240915298462,0.3333333333333333,True,0,offline_teacher_to_causal_s623
formal_u2_family_057_r02_s01,formal_u2_family_057_r02,u2_family_057,train,3,8,6,0.7068986892700195,0.5012047290802002,1.0,True,0,offline_teacher_to_causal_s623
formal_u2_family_057_r02_s02,formal_u2_family_057_r02,u2_family_057,train,9,20,12,0.5051661133766174,0.9895820617675781,0.9166666666666666,True,0,offline_teacher_to_causal_s623
formal_u2_family_057_r02_s03,formal_u2_family_057_r02,u2_family_057,train,21,22,2,0.5893010497093201,0.57646244764328,1.0,True,0,offline_teacher_to_causal_s623
formal_u2_family_057_r03_s00,formal_u2_family_057_r03,u2_family_057,train,0,2,3,0.31836023926734924,0.6713436245918274,0.3333333333333333,True,0,offline_teacher_to_causal_s623
formal_u2_family_057_r03_s01,formal_u2_family_057_r03,u2_family_057,train,3,12,10,0.7092328071594238,0.6542223691940308,1.0,True,0,offline_teacher_to_causal_s623
formal_u2_family_057_r03_s02,formal_u2_family_057_r03,u2_family_057,train,13,21,9,0.5527000427246094,0.9888866543769836,0.8888888888888888,True,0,offline_teacher_to_causal_s623
formal_u2_family_057_r03_s03,formal_u2_family_057_r03,u2_family_057,train,22,23,2,0.5757958292961121,0.5465553998947144,1.0,True,0,offline_teacher_to_causal_s623
formal_u2_family_057_r04_s00,formal_u2_family_057_r04,u2_family_057,train,0,2,3,0.31804990768432617,0.671992838382721,0.3333333333333333,True,0,offline_teacher_to_causal_s623
formal_u2_family_057_r04_s01,formal_u2_family_057_r04,u2_family_057,train,3,8,6,0.7065216898918152,0.5006924867630005,1.0,True,0,offline_teacher_to_causal_s623
formal_u2_family_057_r04_s02,formal_u2_family_057_r04,u2_family_057,train,9,21,13,0.5046665668487549,0.989488422870636,0.9230769230769231,True,0,offline_teacher_to_causal_s623
formal_u2_family_057_r04_s03,formal_u2_family_057_r04,u2_family_057,train,22,23,2,0.591627299785614,0.6212677359580994,1.0,True,0,offline_teacher_to_causal_s623
formal_u2_family_057_r05_s00,formal_u2_family_057_r05,u2_family_057,train,0,2,3,0.321114718914032,0.6725069284439087,0.3333333333333333,True,0,offline_teacher_to_causal_s623
formal_u2_family_057_r05_s01,formal_u2_family_057_r05,u2_family_057,train,3,8,6,0.7068703770637512,0.5001856088638306,1.0,True,0,offline_teacher_to_causal_s623
formal_u2_family_057_r05_s02,formal_u2_family_057_r05,u2_family_057,train,9,21,13,0.5008605718612671,0.9890507459640503,0.9230769230769231,True,0,offline_teacher_to_causal_s623
formal_u2_family_057_r05_s03,formal_u2_family_057_r05,u2_family_057,train,22,23,2,0.5774012804031372,0.5497287511825562,1.0,True,0,offline_teacher_to_causal_s623
formal_u2_family_058_r00_s00,formal_u2_family_058_r00,u2_family_058,train,0,2,3,0.31840792298316956,0.6872621178627014,0.3333333333333333,True,0,offline_teacher_to_causal_s623
formal_u2_family_058_r00_s01,formal_u2_family_058_r00,u2_family_058,train,3,5,3,0.5211886763572693,0.5026262402534485,1.0,True,0,offline_teacher_to_causal_s623
formal_u2_family_058_r00_s02,formal_u2_family_058_r00,u2_family_058,train,6,7,2,0.5081711411476135,0.9286677837371826,0.5,True,0,offline_teacher_to_causal_s623
formal_u2_family_058_r01_s00,formal_u2_family_058_r01,u2_family_058,train,0,2,3,0.32489264011383057,0.6831458210945129,0.3333333333333333,True,0,offline_teacher_to_causal_s623
formal_u2_family_058_r01_s01,formal_u2_family_058_r01,u2_family_058,train,3,5,3,0.5126104354858398,0.505214512348175,1.0,True,0,offline_teacher_to_causal_s623
formal_u2_family_058_r01_s02,formal_u2_family_058_r01,u2_family_058,train,6,7,2,0.517845094203949,0.9266322255134583,0.5,True,0,offline_teacher_to_causal_s623
formal_u2_family_058_r02_s00,formal_u2_family_058_r02,u2_family_058,train,0,2,3,0.3214990198612213,0.6821276545524597,0.3333333333333333,True,0,offline_teacher_to_causal_s623
formal_u2_family_058_r02_s01,formal_u2_family_058_r02,u2_family_058,train,3,5,3,0.510762631893158,0.5002568960189819,1.0,True,0,offline_teacher_to_causal_s623
formal_u2_family_058_r02_s02,formal_u2_family_058_r02,u2_family_058,train,6,7,2,0.5145782828330994,0.9244210720062256,0.5,True,0,offline_teacher_to_causal_s623
formal_u2_family_058_r03_s00,formal_u2_family_058_r03,u2_family_058,train,0,2,3,0.3178904056549072,0.682822585105896,0.3333333333333333,True,0,offline_teacher_to_causal_s623
formal_u2_family_058_r03_s01,formal_u2_family_058_r03,u2_family_058,train,3,6,4,0.5118726491928101,0.5149939060211182,1.0,True,0,offline_teacher_to_causal_s623
formal_u2_family_058_r03_s02,formal_u2_family_058_r03,u2_family_058,train,7,7,1,0.9264019727706909,0.9264019727706909,0.0,True,0,offline_teacher_to_causal_s623
formal_u2_family_058_r04_s00,formal_u2_family_058_r04,u2_family_058,train,0,2,3,0.323356568813324,0.6815431714057922,0.3333333333333333,True,0,offline_teacher_to_causal_s623
formal_u2_family_058_r04_s01,formal_u2_family_058_r04,u2_family_058,train,3,5,3,0.5117793679237366,0.508320152759552,1.0,True,0,offline_teacher_to_causal_s623
formal_u2_family_058_r04_s02,formal_u2_family_058_r04,u2_family_058,train,6,7,2,0.5339374542236328,0.9213176965713501,0.5,True,0,offline_teacher_to_causal_s623
formal_u2_family_058_r05_s00,formal_u2_family_058_r05,u2_family_058,train,0,2,3,0.3200625777244568,0.6859468817710876,0.3333333333333333,True,0,offline_teacher_to_causal_s623
formal_u2_family_058_r05_s01,formal_u2_family_058_r05,u2_family_058,train,3,5,3,0.5239086747169495,0.5103964805603027,1.0,True,0,offline_teacher_to_causal_s623
formal_u2_family_058_r05_s02,formal_u2_family_058_r05,u2_family_058,train,6,8,3,0.5179068446159363,0.9193762540817261,0.6666666666666666,True,0,offline_teacher_to_causal_s623
formal_u2_family_059_r00_s00,formal_u2_family_059_r00,u2_family_059,train,0,8,9,0.25153619050979614,0.9609692096710205,0.0,True,0,offline_teacher_to_causal_s623
formal_u2_family_059_r00_s01,formal_u2_family_059_r00,u2_family_059,train,9,11,3,0.6220723986625671,0.7391542196273804,1.0,True,0,offline_teacher_to_causal_s623
formal_u2_family_059_r00_s02,formal_u2_family_059_r00,u2_family_059,train,12,15,4,0.525629460811615,0.5033289790153503,1.0,True,0,offline_teacher_to_causal_s623
formal_u2_family_059_r00_s03,formal_u2_family_059_r00,u2_family_059,train,16,22,7,0.5088270902633667,0.6449670791625977,1.0,True,0,offline_teacher_to_causal_s623
formal_u2_family_059_r00_s04,formal_u2_family_059_r00,u2_family_059,train,23,31,9,0.5223069787025452,0.9890614748001099,0.8888888888888888,True,0,offline_teacher_to_causal_s623
formal_u2_family_059_r00_s05,formal_u2_family_059_r00,u2_family_059,train,32,33,2,0.5859550833702087,0.5817736983299255,1.0,True,0,offline_teacher_to_causal_s623
formal_u2_family_059_r01_s00,formal_u2_family_059_r01,u2_family_059,train,0,9,10,0.2537252604961395,0.9720555543899536,0.0,True,0,offline_teacher_to_causal_s623
formal_u2_family_059_r01_s01,formal_u2_family_059_r01,u2_family_059,train,10,12,3,0.6267392635345459,0.5160234570503235,1.0,True,0,offline_teacher_to_causal_s623
formal_u2_family_059_r01_s02,formal_u2_family_059_r01,u2_family_059,train,13,16,4,0.5015038847923279,0.5050830841064453,1.0,True,0,offline_teacher_to_causal_s623
formal_u2_family_059_r01_s03,formal_u2_family_059_r01,u2_family_059,train,17,21,5,0.5029604434967041,0.6476152539253235,1.0,True,0,offline_teacher_to_causal_s623
formal_u2_family_059_r01_s04,formal_u2_family_059_r01,u2_family_059,train,22,30,9,0.5656948685646057,0.988941490650177,0.8888888888888888,True,0,offline_teacher_to_causal_s623
formal_u2_family_059_r01_s05,formal_u2_family_059_r01,u2_family_059,train,31,32,2,0.5810134410858154,0.5923212170600891,1.0,True,0,offline_teacher_to_causal_s623
formal_u2_family_059_r02_s00,formal_u2_family_059_r02,u2_family_059,train,0,8,9,0.2540905475616455,0.9658403992652893,0.0,True,0,offline_teacher_to_causal_s623
formal_u2_family_059_r02_s01,formal_u2_family_059_r02,u2_family_059,train,9,11,3,0.6412972807884216,0.5093094706535339,1.0,True,0,offline_teacher_to_causal_s623
formal_u2_family_059_r02_s02,formal_u2_family_059_r02,u2_family_059,train,12,16,5,0.4972117841243744,0.6580185890197754,1.0,True,0,offline_teacher_to_causal_s623
formal_u2_family_059_r02_s03,formal_u2_family_059_r02,u2_family_059,train,17,19,3,0.518265962600708,0.617786169052124,1.0,True,0,offline_teacher_to_causal_s623
formal_u2_family_059_r02_s04,formal_u2_family_059_r02,u2_family_059,train,20,29,10,0.5170521140098572,0.989456832408905,0.9,True,0,offline_teacher_to_causal_s623
formal_u2_family_059_r02_s05,formal_u2_family_059_r02,u2_family_059,train,30,31,2,0.5998086333274841,0.5668373107910156,1.0,True,0,offline_teacher_to_causal_s623
formal_u2_family_059_r03_s00,formal_u2_family_059_r03,u2_family_059,train,0,9,10,0.2534219026565552,0.9729946255683899,0.0,True,0,offline_teacher_to_causal_s623
formal_u2_family_059_r03_s01,formal_u2_family_059_r03,u2_family_059,train,10,12,3,0.6287145614624023,0.519119381904602,1.0,True,0,offline_teacher_to_causal_s623
formal_u2_family_059_r03_s02,formal_u2_family_059_r03,u2_family_059,train,13,16,4,0.5033302307128906,0.5046813488006592,1.0,True,0,offline_teacher_to_causal_s623
formal_u2_family_059_r03_s03,formal_u2_family_059_r03,u2_family_059,train,17,22,6,0.50761479139328,0.6321160793304443,1.0,True,0,offline_teacher_to_causal_s623
formal_u2_family_059_r03_s04,formal_u2_family_059_r03,u2_family_059,train,23,31,9,0.5203262567520142,0.9886794686317444,0.8888888888888888,True,0,offline_teacher_to_causal_s623
formal_u2_family_059_r03_s05,formal_u2_family_059_r03,u2_family_059,train,32,33,2,0.586147665977478,0.55399090051651,1.0,True,0,offline_teacher_to_causal_s623
formal_u2_family_059_r04_s00,formal_u2_family_059_r04,u2_family_059,train,0,9,10,0.2536229193210602,0.9733296036720276,0.0,True,0,offline_teacher_to_causal_s623
formal_u2_family_059_r04_s01,formal_u2_family_059_r04,u2_family_059,train,10,21,12,0.6554849147796631,0.6517131924629211,1.0,True,0,offline_teacher_to_causal_s623
formal_u2_family_059_r04_s02,formal_u2_family_059_r04,u2_family_059,train,22,28,7,0.5634998679161072,0.9882921576499939,0.8571428571428571,True,0,offline_teacher_to_causal_s623
formal_u2_family_059_r04_s03,formal_u2_family_059_r04,u2_family_059,train,29,30,2,0.5771110653877258,0.5689692497253418,1.0,True,0,offline_teacher_to_causal_s623
formal_u2_family_059_r05_s00,formal_u2_family_059_r05,u2_family_059,train,0,9,10,0.2523137331008911,0.9742193222045898,0.0,True,0,offline_teacher_to_causal_s623
formal_u2_family_059_r05_s01,formal_u2_family_059_r05,u2_family_059,train,10,19,10,0.660414457321167,0.6335505843162537,1.0,True,0,offline_teacher_to_causal_s623
formal_u2_family_059_r05_s02,formal_u2_family_059_r05,u2_family_059,train,20,28,9,0.5495118498802185,0.9888041615486145,0.8888888888888888,True,0,offline_teacher_to_causal_s623
formal_u2_family_059_r05_s03,formal_u2_family_059_r05,u2_family_059,train,29,30,2,0.5790055990219116,0.5770084857940674,1.0,True,0,offline_teacher_to_causal_s623
formal_u2_family_060_r00_s00,formal_u2_family_060_r00,u2_family_060,train,0,2,3,0.34854933619499207,0.6821646094322205,0.3333333333333333,True,0,offline_teacher_to_causal_s623
formal_u2_family_060_r00_s01,formal_u2_family_060_r00,u2_family_060,train,3,6,4,0.5012463927268982,0.9327142238616943,0.75,True,0,offline_teacher_to_causal_s623
formal_u2_family_060_r00_s02,formal_u2_family_060_r00,u2_family_060,train,7,16,10,0.3146965503692627,0.5042908191680908,0.4,True,0,offline_teacher_to_causal_s623
formal_u2_family_060_r00_s03,formal_u2_family_060_r00,u2_family_060,train,17,19,3,0.4992331266403198,0.5092542767524719,1.0,True,0,offline_teacher_to_causal_s623
formal_u2_family_060_r00_s04,formal_u2_family_060_r00,u2_family_060,train,20,22,3,0.5105609893798828,0.9877467155456543,0.6666666666666666,True,0,offline_teacher_to_causal_s623
formal_u2_family_060_r00_s05,formal_u2_family_060_r00,u2_family_060,train,23,24,2,0.5772004723548889,0.5762450098991394,1.0,True,0,offline_teacher_to_causal_s623
formal_u2_family_060_r01_s00,formal_u2_family_060_r01,u2_family_060,train,0,2,3,0.3492206931114197,0.6800528168678284,0.3333333333333333,True,0,offline_teacher_to_causal_s623
formal_u2_family_060_r01_s01,formal_u2_family_060_r01,u2_family_060,train,3,5,3,0.49614033102989197,0.9357306361198425,0.6666666666666666,True,0,offline_teacher_to_causal_s623
formal_u2_family_060_r01_s02,formal_u2_family_060_r01,u2_family_060,train,6,15,10,0.34592700004577637,0.5026021003723145,0.4,True,0,offline_teacher_to_causal_s623
formal_u2_family_060_r01_s03,formal_u2_family_060_r01,u2_family_060,train,16,18,3,0.4996715486049652,0.6524438858032227,1.0,True,0,offline_teacher_to_causal_s623
formal_u2_family_060_r01_s04,formal_u2_family_060_r01,u2_family_060,train,19,23,5,0.5003300905227661,0.9857308268547058,0.8,True,0,offline_teacher_to_causal_s623
formal_u2_family_060_r01_s05,formal_u2_family_060_r01,u2_family_060,train,24,25,2,0.5846469402313232,0.5755441784858704,1.0,True,0,offline_teacher_to_causal_s623
formal_u2_family_060_r02_s00,formal_u2_family_060_r02,u2_family_060,train,0,2,3,0.3482910692691803,0.6798409223556519,0.3333333333333333,True,0,offline_teacher_to_causal_s623
formal_u2_family_060_r02_s01,formal_u2_family_060_r02,u2_family_060,train,3,6,4,0.49897778034210205,0.9325408935546875,0.75,True,0,offline_teacher_to_causal_s623
formal_u2_family_060_r02_s02,formal_u2_family_060_r02,u2_family_060,train,7,15,9,0.30734410881996155,0.5001782178878784,0.4444444444444444,True,0,offline_teacher_to_causal_s623
formal_u2_family_060_r02_s03,formal_u2_family_060_r02,u2_family_060,train,16,18,3,0.4959559440612793,0.6508105993270874,1.0,True,0,offline_teacher_to_causal_s623
formal_u2_family_060_r02_s04,formal_u2_family_060_r02,u2_family_060,train,19,23,5,0.4975859224796295,0.9842727184295654,0.8,True,0,offline_teacher_to_causal_s623
formal_u2_family_060_r02_s05,formal_u2_family_060_r02,u2_family_060,train,24,25,2,0.582503080368042,0.5444322824478149,1.0,True,0,offline_teacher_to_causal_s623
formal_u2_family_060_r03_s00,formal_u2_family_060_r03,u2_family_060,train,0,2,3,0.35027411580085754,0.6809243559837341,0.3333333333333333,True,0,offline_teacher_to_causal_s623
formal_u2_family_060_r03_s01,formal_u2_family_060_r03,u2_family_060,train,3,5,3,0.4969649910926819,0.9357554912567139,0.6666666666666666,True,0,offline_teacher_to_causal_s623
formal_u2_family_060_r03_s02,formal_u2_family_060_r03,u2_family_060,train,6,16,11,0.34921130537986755,0.5024453997612,0.36363636363636365,True,0,offline_teacher_to_causal_s623
formal_u2_family_060_r03_s03,formal_u2_family_060_r03,u2_family_060,train,17,19,3,0.5011152029037476,0.6545252799987793,1.0,True,0,offline_teacher_to_causal_s623
formal_u2_family_060_r03_s04,formal_u2_family_060_r03,u2_family_060,train,20,24,5,0.49895575642585754,0.9822229146957397,0.8,True,0,offline_teacher_to_causal_s623
formal_u2_family_060_r03_s05,formal_u2_family_060_r03,u2_family_060,train,25,26,2,0.5827088356018066,0.5495137572288513,1.0,True,0,offline_teacher_to_causal_s623
formal_u2_family_060_r04_s00,formal_u2_family_060_r04,u2_family_060,train,0,2,3,0.34919416904449463,0.6793978810310364,0.3333333333333333,True,0,offline_teacher_to_causal_s623
formal_u2_family_060_r04_s01,formal_u2_family_060_r04,u2_family_060,train,3,6,4,0.49735426902770996,0.9331149458885193,0.75,True,0,offline_teacher_to_causal_s623
formal_u2_family_060_r04_s02,formal_u2_family_060_r04,u2_family_060,train,7,15,9,0.31074258685112,0.5002433061599731,0.4444444444444444,True,0,offline_teacher_to_causal_s623
formal_u2_family_060_r04_s03,formal_u2_family_060_r04,u2_family_060,train,16,18,3,0.49422433972358704,0.5070503950119019,1.0,True,0,offline_teacher_to_causal_s623
formal_u2_family_060_r04_s04,formal_u2_family_060_r04,u2_family_060,train,19,21,3,0.507788896560669,0.9873698353767395,0.6666666666666666,True,0,offline_teacher_to_causal_s623
formal_u2_family_060_r04_s05,formal_u2_family_060_r04,u2_family_060,train,22,23,2,0.5816194415092468,0.5725343227386475,1.0,True,0,offline_teacher_to_causal_s623
formal_u2_family_060_r05_s00,formal_u2_family_060_r05,u2_family_060,train,0,2,3,0.34871020913124084,0.6810657978057861,0.3333333333333333,True,0,offline_teacher_to_causal_s623
formal_u2_family_060_r05_s01,formal_u2_family_060_r05,u2_family_060,train,3,6,4,0.4992474317550659,0.9323686957359314,0.75,True,0,offline_teacher_to_causal_s623
formal_u2_family_060_r05_s02,formal_u2_family_060_r05,u2_family_060,train,7,17,11,0.31576022505760193,0.5025199055671692,0.36363636363636365,True,0,offline_teacher_to_causal_s623
formal_u2_family_060_r05_s03,formal_u2_family_060_r05,u2_family_060,train,18,20,3,0.5006083846092224,0.6529871821403503,1.0,True,0,offline_teacher_to_causal_s623
formal_u2_family_060_r05_s04,formal_u2_family_060_r05,u2_family_060,train,21,25,5,0.49654099345207214,0.9841475486755371,0.8,True,0,offline_teacher_to_causal_s623
formal_u2_family_060_r05_s05,formal_u2_family_060_r05,u2_family_060,train,26,27,2,0.5862740278244019,0.6004437208175659,1.0,True,0,offline_teacher_to_causal_s623
formal_u2_family_061_r00_s00,formal_u2_family_061_r00,u2_family_061,train,0,2,3,0.34883153438568115,0.6816216707229614,0.3333333333333333,True,0,offline_teacher_to_causal_s623
formal_u2_family_061_r00_s01,formal_u2_family_061_r00,u2_family_061,train,3,6,4,0.5057905316352844,0.933348536491394,0.75,True,0,offline_teacher_to_causal_s623
formal_u2_family_061_r00_s02,formal_u2_family_061_r00,u2_family_061,train,7,18,12,0.3229624629020691,0.5047398209571838,0.25,True,0,offline_teacher_to_causal_s623
formal_u2_family_061_r00_s03,formal_u2_family_061_r00,u2_family_061,train,19,21,3,0.5030615925788879,0.652770459651947,1.0,True,0,offline_teacher_to_causal_s623
formal_u2_family_061_r00_s04,formal_u2_family_061_r00,u2_family_061,train,22,27,6,0.49865591526031494,0.9858925938606262,0.8333333333333334,True,0,offline_teacher_to_causal_s623
formal_u2_family_061_r00_s05,formal_u2_family_061_r00,u2_family_061,train,28,29,2,0.5891934633255005,0.538591742515564,1.0,True,0,offline_teacher_to_causal_s623
formal_u2_family_061_r01_s00,formal_u2_family_061_r01,u2_family_061,train,0,2,3,0.3490397036075592,0.682057797908783,0.3333333333333333,True,0,offline_teacher_to_causal_s623
formal_u2_family_061_r01_s01,formal_u2_family_061_r01,u2_family_061,train,3,5,3,0.5004681944847107,0.9650431871414185,0.3333333333333333,True,1,offline_teacher_to_causal_s623
formal_u2_family_061_r01_s02,formal_u2_family_061_r01,u2_family_061,train,6,8,3,0.9352549910545349,0.9166779518127441,0.3333333333333333,True,0,offline_teacher_to_causal_s623
formal_u2_family_061_r01_s03,formal_u2_family_061_r01,u2_family_061,train,9,19,11,0.407514750957489,0.5164177417755127,0.6363636363636364,True,0,offline_teacher_to_causal_s623
formal_u2_family_061_r01_s04,formal_u2_family_061_r01,u2_family_061,train,20,25,6,0.6473500728607178,0.9824367761611938,0.8333333333333334,True,0,offline_teacher_to_causal_s623
formal_u2_family_061_r01_s05,formal_u2_family_061_r01,u2_family_061,train,26,27,2,0.5851015448570251,0.5511507987976074,1.0,True,0,offline_teacher_to_causal_s623
formal_u2_family_061_r02_s00,formal_u2_family_061_r02,u2_family_061,train,0,2,3,0.34832054376602173,0.6808319687843323,0.3333333333333333,True,0,offline_teacher_to_causal_s623
formal_u2_family_061_r02_s01,formal_u2_family_061_r02,u2_family_061,train,3,6,4,0.49786376953125,0.9315506219863892,0.75,True,0,offline_teacher_to_causal_s623
formal_u2_family_061_r02_s02,formal_u2_family_061_r02,u2_family_061,train,7,16,10,0.30892840027809143,0.5027843117713928,0.4,True,0,offline_teacher_to_causal_s623
formal_u2_family_061_r02_s03,formal_u2_family_061_r02,u2_family_061,train,17,19,3,0.498352974653244,0.6499588489532471,1.0,True,0,offline_teacher_to_causal_s623
formal_u2_family_061_r02_s04,formal_u2_family_061_r02,u2_family_061,train,20,25,6,0.499647855758667,0.9839733242988586,0.8333333333333334,True,0,offline_teacher_to_causal_s623
formal_u2_family_061_r02_s05,formal_u2_family_061_r02,u2_family_061,train,26,27,2,0.5877773761749268,0.6062854528427124,1.0,True,0,offline_teacher_to_causal_s623
formal_u2_family_061_r03_s00,formal_u2_family_061_r03,u2_family_061,train,0,2,3,0.34876757860183716,0.6814849972724915,0.3333333333333333,True,0,offline_teacher_to_causal_s623
formal_u2_family_061_r03_s01,formal_u2_family_061_r03,u2_family_061,train,3,6,4,0.5006872415542603,0.9316399097442627,0.75,True,0,offline_teacher_to_causal_s623
formal_u2_family_061_r03_s02,formal_u2_family_061_r03,u2_family_061,train,7,17,11,0.3103380501270294,0.503787636756897,0.2727272727272727,True,0,offline_teacher_to_causal_s623
formal_u2_family_061_r03_s03,formal_u2_family_061_r03,u2_family_061,train,18,20,3,0.5017148852348328,0.6514715552330017,1.0,True,0,offline_teacher_to_causal_s623
formal_u2_family_061_r03_s04,formal_u2_family_061_r03,u2_family_061,train,21,26,6,0.4975532293319702,0.9838544726371765,0.8333333333333334,True,0,offline_teacher_to_causal_s623
formal_u2_family_061_r03_s05,formal_u2_family_061_r03,u2_family_061,train,27,28,2,0.5916852355003357,0.5910922288894653,1.0,True,0,offline_teacher_to_causal_s623
formal_u2_family_061_r04_s00,formal_u2_family_061_r04,u2_family_061,train,0,2,3,0.347676157951355,0.6807759404182434,0.3333333333333333,True,0,offline_teacher_to_causal_s623
formal_u2_family_061_r04_s01,formal_u2_family_061_r04,u2_family_061,train,3,5,3,0.497751384973526,0.9657188653945923,0.3333333333333333,True,1,offline_teacher_to_causal_s623
formal_u2_family_061_r04_s02,formal_u2_family_061_r04,u2_family_061,train,6,19,14,0.9404054284095764,0.5030830502510071,0.35714285714285715,True,0,offline_teacher_to_causal_s623
formal_u2_family_061_r04_s03,formal_u2_family_061_r04,u2_family_061,train,20,22,3,0.5000888705253601,0.6518117189407349,1.0,True,0,offline_teacher_to_causal_s623
formal_u2_family_061_r04_s04,formal_u2_family_061_r04,u2_family_061,train,23,29,7,0.5027405619621277,0.9821223020553589,0.8571428571428571,True,0,offline_teacher_to_causal_s623
formal_u2_family_061_r04_s05,formal_u2_family_061_r04,u2_family_061,train,30,31,2,0.5842919945716858,0.5440928936004639,1.0,True,0,offline_teacher_to_causal_s623
formal_u2_family_061_r05_s00,formal_u2_family_061_r05,u2_family_061,train,0,2,3,0.3472834527492523,0.6808999180793762,0.3333333333333333,True,0,offline_teacher_to_causal_s623
formal_u2_family_061_r05_s01,formal_u2_family_061_r05,u2_family_061,train,3,6,4,0.5028516054153442,0.9336145520210266,0.75,True,0,offline_teacher_to_causal_s623
formal_u2_family_061_r05_s02,formal_u2_family_061_r05,u2_family_061,train,7,15,9,0.31425660848617554,0.5024212598800659,0.4444444444444444,True,0,offline_teacher_to_causal_s623
formal_u2_family_061_r05_s03,formal_u2_family_061_r05,u2_family_061,train,16,18,3,0.497690886259079,0.5096136927604675,1.0,True,0,offline_teacher_to_causal_s623
formal_u2_family_061_r05_s04,formal_u2_family_061_r05,u2_family_061,train,19,25,7,0.6435387134552002,0.9830764532089233,0.8571428571428571,True,0,offline_teacher_to_causal_s623
formal_u2_family_061_r05_s05,formal_u2_family_061_r05,u2_family_061,train,26,27,2,0.5843023657798767,0.5574132800102234,1.0,True,0,offline_teacher_to_causal_s623
formal_u2_family_062_r00_s00,formal_u2_family_062_r00,u2_family_062,train,0,2,3,0.3489986062049866,0.6801090240478516,0.3333333333333333,True,0,offline_teacher_to_causal_s623
formal_u2_family_062_r00_s01,formal_u2_family_062_r00,u2_family_062,train,3,5,3,0.925828218460083,0.9498494863510132,0.0,True,0,offline_teacher_to_causal_s623
formal_u2_family_062_r00_s02,formal_u2_family_062_r00,u2_family_062,train,6,8,3,0.7228181958198547,0.9382500052452087,0.6666666666666666,True,0,offline_teacher_to_causal_s623
formal_u2_family_062_r00_s03,formal_u2_family_062_r00,u2_family_062,train,9,18,10,0.35181277990341187,0.5002495050430298,0.4,True,0,offline_teacher_to_causal_s623
formal_u2_family_062_r00_s04,formal_u2_family_062_r00,u2_family_062,train,19,21,3,0.4918142557144165,0.6532219052314758,1.0,True,0,offline_teacher_to_causal_s623
formal_u2_family_062_r00_s05,formal_u2_family_062_r00,u2_family_062,train,22,26,5,0.496127188205719,0.9853519797325134,0.8,True,0,offline_teacher_to_causal_s623
formal_u2_family_062_r00_s06,formal_u2_family_062_r00,u2_family_062,train,27,28,2,0.5865307450294495,0.563374936580658,1.0,True,0,offline_teacher_to_causal_s623
formal_u2_family_062_r01_s00,formal_u2_family_062_r01,u2_family_062,train,0,2,3,0.348397433757782,0.6799728274345398,0.3333333333333333,True,0,offline_teacher_to_causal_s623
formal_u2_family_062_r01_s01,formal_u2_family_062_r01,u2_family_062,train,3,5,3,0.9255304336547852,0.9566309452056885,0.0,True,0,offline_teacher_to_causal_s623
formal_u2_family_062_r01_s02,formal_u2_family_062_r01,u2_family_062,train,6,8,3,0.7310431599617004,0.940346360206604,0.6666666666666666,True,0,offline_teacher_to_causal_s623
formal_u2_family_062_r01_s03,formal_u2_family_062_r01,u2_family_062,train,9,19,11,0.35037219524383545,0.6476532816886902,0.5454545454545454,True,0,offline_teacher_to_causal_s623
formal_u2_family_062_r01_s04,formal_u2_family_062_r01,u2_family_062,train,20,23,4,0.5011810064315796,0.5046136379241943,1.0,True,0,offline_teacher_to_causal_s623
formal_u2_family_062_r01_s05,formal_u2_family_062_r01,u2_family_062,train,24,26,3,0.9848392009735107,0.5707088708877563,0.6666666666666666,True,0,offline_teacher_to_causal_s623
formal_u2_family_062_r02_s00,formal_u2_family_062_r02,u2_family_062,train,0,2,3,0.3481764793395996,0.6797711849212646,0.3333333333333333,True,0,offline_teacher_to_causal_s623
formal_u2_family_062_r02_s01,formal_u2_family_062_r02,u2_family_062,train,3,5,3,0.9260516166687012,0.9541788697242737,0.0,True,0,offline_teacher_to_causal_s623
formal_u2_family_062_r02_s02,formal_u2_family_062_r02,u2_family_062,train,6,8,3,0.7337523698806763,0.9401382207870483,0.6666666666666666,True,0,offline_teacher_to_causal_s623
formal_u2_family_062_r02_s03,formal_u2_family_062_r02,u2_family_062,train,9,20,12,0.36166897416114807,0.5088587999343872,0.5833333333333334,True,0,offline_teacher_to_causal_s623
formal_u2_family_062_r02_s04,formal_u2_family_062_r02,u2_family_062,train,21,23,3,0.6527755260467529,0.5017770528793335,1.0,True,0,offline_teacher_to_causal_s623
formal_u2_family_062_r02_s05,formal_u2_family_062_r02,u2_family_062,train,24,26,3,0.4928825795650482,0.5848677158355713,0.6666666666666666,True,0,offline_teacher_to_causal_s623
formal_u2_family_062_r02_s06,formal_u2_family_062_r02,u2_family_062,train,27,27,1,0.5780885219573975,0.5780885219573975,1.0,True,0,offline_teacher_to_causal_s623
formal_u2_family_062_r03_s00,formal_u2_family_062_r03,u2_family_062,train,0,2,3,0.3493841886520386,0.6816340684890747,0.3333333333333333,True,0,offline_teacher_to_causal_s623
formal_u2_family_062_r03_s01,formal_u2_family_062_r03,u2_family_062,train,3,5,3,0.9262025356292725,0.9533658623695374,0.0,True,0,offline_teacher_to_causal_s623
formal_u2_family_062_r03_s02,formal_u2_family_062_r03,u2_family_062,train,6,8,3,0.7324391603469849,0.9402768015861511,0.6666666666666666,True,0,offline_teacher_to_causal_s623
formal_u2_family_062_r03_s03,formal_u2_family_062_r03,u2_family_062,train,9,19,11,0.35894352197647095,0.6445035934448242,0.6363636363636364,True,0,offline_teacher_to_causal_s623
formal_u2_family_062_r03_s04,formal_u2_family_062_r03,u2_family_062,train,20,22,3,0.5016136765480042,0.5054407715797424,1.0,True,0,offline_teacher_to_causal_s623
formal_u2_family_062_r03_s05,formal_u2_family_062_r03,u2_family_062,train,23,25,3,0.9869486093521118,0.5812690258026123,0.6666666666666666,True,0,offline_teacher_to_causal_s623
formal_u2_family_062_r04_s00,formal_u2_family_062_r04,u2_family_062,train,0,2,3,0.34884271025657654,0.6802591681480408,0.3333333333333333,True,0,offline_teacher_to_causal_s623
formal_u2_family_062_r04_s01,formal_u2_family_062_r04,u2_family_062,train,3,5,3,0.9256663918495178,0.9544321298599243,0.0,True,0,offline_teacher_to_causal_s623
formal_u2_family_062_r04_s02,formal_u2_family_062_r04,u2_family_062,train,6,8,3,0.7293774485588074,0.939841091632843,0.6666666666666666,True,0,offline_teacher_to_causal_s623
formal_u2_family_062_r04_s03,formal_u2_family_062_r04,u2_family_062,train,9,19,11,0.3499962389469147,0.5098711848258972,0.5454545454545454,True,0,offline_teacher_to_causal_s623
formal_u2_family_062_r04_s04,formal_u2_family_062_r04,u2_family_062,train,20,22,3,0.6501091718673706,0.502920925617218,1.0,True,0,offline_teacher_to_causal_s623
formal_u2_family_062_r04_s05,formal_u2_family_062_r04,u2_family_062,train,23,25,3,0.49266308546066284,0.9845433831214905,0.6666666666666666,True,0,offline_teacher_to_causal_s623
formal_u2_family_062_r04_s06,formal_u2_family_062_r04,u2_family_062,train,26,27,2,0.5862810015678406,0.5570037961006165,1.0,True,0,offline_teacher_to_causal_s623
formal_u2_family_062_r05_s00,formal_u2_family_062_r05,u2_family_062,train,0,2,3,0.35112643241882324,0.6794789433479309,0.3333333333333333,True,0,offline_teacher_to_causal_s623
formal_u2_family_062_r05_s01,formal_u2_family_062_r05,u2_family_062,train,3,5,3,0.925855278968811,0.9480437636375427,0.0,True,0,offline_teacher_to_causal_s623
formal_u2_family_062_r05_s02,formal_u2_family_062_r05,u2_family_062,train,6,8,3,0.68660569190979,0.9365291595458984,0.6666666666666666,True,0,offline_teacher_to_causal_s623
formal_u2_family_062_r05_s03,formal_u2_family_062_r05,u2_family_062,train,9,19,11,0.3392758071422577,0.5012238621711731,0.36363636363636365,True,0,offline_teacher_to_causal_s623
formal_u2_family_062_r05_s04,formal_u2_family_062_r05,u2_family_062,train,20,22,3,0.49785271286964417,0.6494464874267578,1.0,True,0,offline_teacher_to_causal_s623
formal_u2_family_062_r05_s05,formal_u2_family_062_r05,u2_family_062,train,23,27,5,0.49611160159111023,0.9850153923034668,0.8,True,0,offline_teacher_to_causal_s623
formal_u2_family_062_r05_s06,formal_u2_family_062_r05,u2_family_062,train,28,29,2,0.5834974646568298,0.5196139216423035,1.0,True,0,offline_teacher_to_causal_s623
formal_u2_family_063_r00_s00,formal_u2_family_063_r00,u2_family_063,train,0,2,3,0.34830769896507263,0.6814902424812317,0.3333333333333333,True,0,offline_teacher_to_causal_s623
formal_u2_family_063_r00_s01,formal_u2_family_063_r00,u2_family_063,train,3,6,4,0.4968898594379425,0.9336560368537903,0.75,True,0,offline_teacher_to_causal_s623
formal_u2_family_063_r00_s02,formal_u2_family_063_r00,u2_family_063,train,7,16,10,0.3137355446815491,0.5117778182029724,0.6,True,0,offline_teacher_to_causal_s623
formal_u2_family_063_r00_s03,formal_u2_family_063_r00,u2_family_063,train,17,19,3,0.6493690609931946,0.500143826007843,1.0,True,0,offline_teacher_to_causal_s623
formal_u2_family_063_r00_s04,formal_u2_family_063_r00,u2_family_063,train,20,23,4,0.48712748289108276,0.9859061241149902,0.75,True,0,offline_teacher_to_causal_s623
formal_u2_family_063_r00_s05,formal_u2_family_063_r00,u2_family_063,train,24,25,2,0.5870739221572876,0.5291747450828552,1.0,True,0,offline_teacher_to_causal_s623
formal_u2_family_063_r01_s00,formal_u2_family_063_r01,u2_family_063,train,0,2,3,0.34669753909111023,0.6791009306907654,0.3333333333333333,True,0,offline_teacher_to_causal_s623
formal_u2_family_063_r01_s01,formal_u2_family_063_r01,u2_family_063,train,3,5,3,0.4971023499965668,0.9360224604606628,0.6666666666666666,True,0,offline_teacher_to_causal_s623
formal_u2_family_063_r01_s02,formal_u2_family_063_r01,u2_family_063,train,6,16,11,0.35138726234436035,0.5049213171005249,0.36363636363636365,True,0,offline_teacher_to_causal_s623
formal_u2_family_063_r01_s03,formal_u2_family_063_r01,u2_family_063,train,17,19,3,0.49912095069885254,0.6499435305595398,1.0,True,0,offline_teacher_to_causal_s623
formal_u2_family_063_r01_s04,formal_u2_family_063_r01,u2_family_063,train,20,22,3,0.5007089972496033,0.5001766085624695,1.0,True,0,offline_teacher_to_causal_s623
formal_u2_family_063_r01_s05,formal_u2_family_063_r01,u2_family_063,train,23,25,3,0.9872444272041321,0.5918291807174683,0.6666666666666666,True,0,offline_teacher_to_causal_s623
formal_u2_family_063_r02_s00,formal_u2_family_063_r02,u2_family_063,train,0,2,3,0.34934133291244507,0.6844826340675354,0.3333333333333333,True,0,offline_teacher_to_causal_s623
formal_u2_family_063_r02_s01,formal_u2_family_063_r02,u2_family_063,train,3,6,4,0.5044674873352051,0.9331616163253784,0.75,True,0,offline_teacher_to_causal_s623
formal_u2_family_063_r02_s02,formal_u2_family_063_r02,u2_family_063,train,7,18,12,0.3186284005641937,0.5042977333068848,0.25,True,0,offline_teacher_to_causal_s623
formal_u2_family_063_r02_s03,formal_u2_family_063_r02,u2_family_063,train,19,21,3,0.5000603795051575,0.5082424879074097,1.0,True,0,offline_teacher_to_causal_s623
formal_u2_family_063_r02_s04,formal_u2_family_063_r02,u2_family_063,train,22,24,3,0.5046029090881348,0.5026728510856628,1.0,True,0,offline_teacher_to_causal_s623
formal_u2_family_063_r02_s05,formal_u2_family_063_r02,u2_family_063,train,25,27,3,0.4962707757949829,0.5859267711639404,0.6666666666666666,True,0,offline_teacher_to_causal_s623
formal_u2_family_063_r02_s06,formal_u2_family_063_r02,u2_family_063,train,28,28,1,0.5137287378311157,0.5137287378311157,1.0,True,0,offline_teacher_to_causal_s623
formal_u2_family_063_r03_s00,formal_u2_family_063_r03,u2_family_063,train,0,2,3,0.3520195186138153,0.6826310753822327,0.3333333333333333,True,0,offline_teacher_to_causal_s623
formal_u2_family_063_r03_s01,formal_u2_family_063_r03,u2_family_063,train,3,5,3,0.49736183881759644,0.9355945587158203,0.6666666666666666,True,0,offline_teacher_to_causal_s623
formal_u2_family_063_r03_s02,formal_u2_family_063_r03,u2_family_063,train,6,16,11,0.33896464109420776,0.5036867260932922,0.2727272727272727,True,0,offline_teacher_to_causal_s623
formal_u2_family_063_r03_s03,formal_u2_family_063_r03,u2_family_063,train,17,19,3,0.503980815410614,0.5112254619598389,1.0,True,0,offline_teacher_to_causal_s623
formal_u2_family_063_r03_s04,formal_u2_family_063_r03,u2_family_063,train,20,26,7,0.6423304080963135,0.9844032526016235,0.8571428571428571,True,0,offline_teacher_to_causal_s623
formal_u2_family_063_r03_s05,formal_u2_family_063_r03,u2_family_063,train,27,28,2,0.5929075479507446,0.5932518243789673,1.0,True,0,offline_teacher_to_causal_s623
formal_u2_family_063_r04_s00,formal_u2_family_063_r04,u2_family_063,train,0,2,3,0.34844183921813965,0.6832461357116699,0.3333333333333333,True,0,offline_teacher_to_causal_s623
formal_u2_family_063_r04_s01,formal_u2_family_063_r04,u2_family_063,train,3,6,4,0.5069265961647034,0.5058801770210266,1.0,True,0,offline_teacher_to_causal_s623
formal_u2_family_063_r04_s02,formal_u2_family_063_r04,u2_family_063,train,7,17,11,0.928348183631897,0.5048450827598572,0.2727272727272727,True,0,offline_teacher_to_causal_s623
formal_u2_family_063_r04_s03,formal_u2_family_063_r04,u2_family_063,train,18,20,3,0.4988112151622772,0.5076651573181152,1.0,True,0,offline_teacher_to_causal_s623
formal_u2_family_063_r04_s04,formal_u2_family_063_r04,u2_family_063,train,21,23,3,0.5105934739112854,0.515522301197052,1.0,True,0,offline_teacher_to_causal_s623
formal_u2_family_063_r04_s05,formal_u2_family_063_r04,u2_family_063,train,24,26,3,0.9872194528579712,0.5221773386001587,0.6666666666666666,True,0,offline_teacher_to_causal_s623
formal_u2_family_063_r05_s00,formal_u2_family_063_r05,u2_family_063,train,0,2,3,0.34593018889427185,0.6842036843299866,0.3333333333333333,True,0,offline_teacher_to_causal_s623
formal_u2_family_063_r05_s01,formal_u2_family_063_r05,u2_family_063,train,3,6,4,0.5058558583259583,0.5068709254264832,1.0,True,0,offline_teacher_to_causal_s623
formal_u2_family_063_r05_s02,formal_u2_family_063_r05,u2_family_063,train,7,17,11,0.9253147840499878,0.5086676478385925,0.45454545454545453,True,0,offline_teacher_to_causal_s623
formal_u2_family_063_r05_s03,formal_u2_family_063_r05,u2_family_063,train,18,26,9,0.5032288432121277,0.9808266162872314,0.8888888888888888,True,0,offline_teacher_to_causal_s623
formal_u2_family_063_r05_s04,formal_u2_family_063_r05,u2_family_063,train,27,28,2,0.5894675850868225,0.5696413516998291,1.0,True,0,offline_teacher_to_causal_s623
formal_u2_family_064_r00_s00,formal_u2_family_064_r00,u2_family_064,train,0,2,3,0.34891706705093384,0.6780126094818115,0.3333333333333333,True,0,offline_teacher_to_causal_s623
formal_u2_family_064_r00_s01,formal_u2_family_064_r00,u2_family_064,train,3,6,4,0.4984978437423706,0.9262412786483765,0.75,True,0,offline_teacher_to_causal_s623
formal_u2_family_064_r01_s00,formal_u2_family_064_r01,u2_family_064,train,0,2,3,0.3472219407558441,0.6778752207756042,0.3333333333333333,True,0,offline_teacher_to_causal_s623
formal_u2_family_064_r01_s01,formal_u2_family_064_r01,u2_family_064,train,3,5,3,0.4990338981151581,0.9311639070510864,0.6666666666666666,True,0,offline_teacher_to_causal_s623
formal_u2_family_064_r02_s00,formal_u2_family_064_r02,u2_family_064,train,0,2,3,0.35303306579589844,0.6783862709999084,0.3333333333333333,True,0,offline_teacher_to_causal_s623
formal_u2_family_064_r02_s01,formal_u2_family_064_r02,u2_family_064,train,3,5,3,0.49767181277275085,0.9306040406227112,0.6666666666666666,True,0,offline_teacher_to_causal_s623
formal_u2_family_064_r03_s00,formal_u2_family_064_r03,u2_family_064,train,0,2,3,0.3477199673652649,0.6804208159446716,0.3333333333333333,True,0,offline_teacher_to_causal_s623
formal_u2_family_064_r03_s01,formal_u2_family_064_r03,u2_family_064,train,3,5,3,0.4956870377063751,0.9292986392974854,0.6666666666666666,True,0,offline_teacher_to_causal_s623
formal_u2_family_064_r04_s00,formal_u2_family_064_r04,u2_family_064,train,0,2,3,0.35331809520721436,0.6760236024856567,0.3333333333333333,True,0,offline_teacher_to_causal_s623
formal_u2_family_064_r04_s01,formal_u2_family_064_r04,u2_family_064,train,3,5,3,0.4951744079589844,0.930515468120575,0.6666666666666666,True,0,offline_teacher_to_causal_s623
formal_u2_family_064_r05_s00,formal_u2_family_064_r05,u2_family_064,train,0,2,3,0.3508720397949219,0.6785150766372681,0.3333333333333333,True,0,offline_teacher_to_causal_s623
formal_u2_family_064_r05_s01,formal_u2_family_064_r05,u2_family_064,train,3,5,3,0.4993917644023895,0.9314342737197876,0.6666666666666666,True,0,offline_teacher_to_causal_s623
formal_u2_family_065_r00_s00,formal_u2_family_065_r00,u2_family_065,train,0,10,11,0.2718989849090576,0.9706953167915344,0.0,True,0,offline_teacher_to_causal_s623
formal_u2_family_065_r00_s01,formal_u2_family_065_r00,u2_family_065,train,11,13,3,0.6371617913246155,0.5173178911209106,1.0,True,0,offline_teacher_to_causal_s623
formal_u2_family_065_r00_s02,formal_u2_family_065_r00,u2_family_065,train,14,16,3,0.49881240725517273,0.9323298335075378,0.6666666666666666,True,0,offline_teacher_to_causal_s623
formal_u2_family_065_r00_s03,formal_u2_family_065_r00,u2_family_065,train,17,26,10,0.30929601192474365,0.5113091468811035,0.6,True,0,offline_teacher_to_causal_s623
formal_u2_family_065_r00_s04,formal_u2_family_065_r00,u2_family_065,train,27,29,3,0.6502825021743774,0.5086346864700317,1.0,True,0,offline_teacher_to_causal_s623
formal_u2_family_065_r00_s05,formal_u2_family_065_r00,u2_family_065,train,30,33,4,0.4974159598350525,0.9838933944702148,0.75,True,0,offline_teacher_to_causal_s623
formal_u2_family_065_r00_s06,formal_u2_family_065_r00,u2_family_065,train,34,35,2,0.584888756275177,0.5294684767723083,1.0,True,0,offline_teacher_to_causal_s623
formal_u2_family_065_r01_s00,formal_u2_family_065_r01,u2_family_065,train,0,10,11,0.27414605021476746,0.5547544956207275,0.0,False,0,offline_teacher_to_causal_s623
formal_u2_family_065_r01_s01,formal_u2_family_065_r01,u2_family_065,train,11,13,3,0.9776104092597961,0.5234570503234863,0.6666666666666666,True,0,offline_teacher_to_causal_s623
formal_u2_family_065_r01_s02,formal_u2_family_065_r01,u2_family_065,train,14,22,9,0.49886295199394226,0.501613974571228,0.5555555555555556,True,0,offline_teacher_to_causal_s623
formal_u2_family_065_r01_s03,formal_u2_family_065_r01,u2_family_065,train,23,25,3,0.49281057715415955,0.5152929425239563,1.0,True,0,offline_teacher_to_causal_s623
formal_u2_family_065_r01_s04,formal_u2_family_065_r01,u2_family_065,train,26,34,9,0.510768473148346,0.9823998212814331,0.8888888888888888,True,0,offline_teacher_to_causal_s623
formal_u2_family_065_r01_s05,formal_u2_family_065_r01,u2_family_065,train,35,36,2,0.5921173095703125,0.5548462867736816,1.0,True,0,offline_teacher_to_causal_s623
formal_u2_family_065_r02_s00,formal_u2_family_065_r02,u2_family_065,train,0,10,11,0.27142205834388733,0.9704365730285645,0.0,True,0,offline_teacher_to_causal_s623
formal_u2_family_065_r02_s01,formal_u2_family_065_r02,u2_family_065,train,11,13,3,0.6440417766571045,0.523198664188385,1.0,True,0,offline_teacher_to_causal_s623
formal_u2_family_065_r02_s02,formal_u2_family_065_r02,u2_family_065,train,14,16,3,0.4987996518611908,0.9314590096473694,0.6666666666666666,True,0,offline_teacher_to_causal_s623
formal_u2_family_065_r02_s03,formal_u2_family_065_r02,u2_family_065,train,17,25,9,0.31861114501953125,0.504278302192688,0.4444444444444444,True,0,offline_teacher_to_causal_s623
formal_u2_family_065_r02_s04,formal_u2_family_065_r02,u2_family_065,train,26,28,3,0.49689751863479614,0.5101786255836487,1.0,True,0,offline_teacher_to_causal_s623
formal_u2_family_065_r02_s05,formal_u2_family_065_r02,u2_family_065,train,29,31,3,0.6537500619888306,0.5005123615264893,1.0,True,0,offline_teacher_to_causal_s623
formal_u2_family_065_r02_s06,formal_u2_family_065_r02,u2_family_065,train,32,36,5,0.47809821367263794,0.9825783967971802,0.8,True,0,offline_teacher_to_causal_s623
formal_u2_family_065_r02_s07,formal_u2_family_065_r02,u2_family_065,train,37,38,2,0.5908944606781006,0.6120303273200989,1.0,True,0,offline_teacher_to_causal_s623
formal_u2_family_065_r03_s00,formal_u2_family_065_r03,u2_family_065,train,0,9,10,0.27215269207954407,0.9367358088493347,0.0,True,0,offline_teacher_to_causal_s623
formal_u2_family_065_r03_s01,formal_u2_family_065_r03,u2_family_065,train,10,12,3,0.6042667627334595,0.5512655377388,1.0,True,0,offline_teacher_to_causal_s623
formal_u2_family_065_r03_s02,formal_u2_family_065_r03,u2_family_065,train,13,15,3,0.527712345123291,0.513059675693512,1.0,True,0,offline_teacher_to_causal_s623
formal_u2_family_065_r03_s03,formal_u2_family_065_r03,u2_family_065,train,16,25,10,0.517937958240509,0.5016246438026428,0.4,True,0,offline_teacher_to_causal_s623
formal_u2_family_065_r03_s04,formal_u2_family_065_r03,u2_family_065,train,26,28,3,0.493545264005661,0.6502758860588074,1.0,True,0,offline_teacher_to_causal_s623
formal_u2_family_065_r03_s05,formal_u2_family_065_r03,u2_family_065,train,29,32,4,0.49771663546562195,0.5070745944976807,1.0,True,0,offline_teacher_to_causal_s623
formal_u2_family_065_r03_s06,formal_u2_family_065_r03,u2_family_065,train,33,35,3,0.9865757822990417,0.5917495489120483,0.6666666666666666,True,0,offline_teacher_to_causal_s623
formal_u2_family_065_r04_s00,formal_u2_family_065_r04,u2_family_065,train,0,10,11,0.2724359631538391,0.5069518685340881,0.0,False,0,offline_teacher_to_causal_s623
formal_u2_family_065_r04_s01,formal_u2_family_065_r04,u2_family_065,train,11,13,3,0.9765955209732056,0.5346072316169739,0.6666666666666666,True,0,offline_teacher_to_causal_s623
formal_u2_family_065_r04_s02,formal_u2_family_065_r04,u2_family_065,train,14,16,3,0.5167878866195679,0.5127249956130981,1.0,True,0,offline_teacher_to_causal_s623
formal_u2_family_065_r04_s03,formal_u2_family_065_r04,u2_family_065,train,17,27,11,0.9296736717224121,0.5080974698066711,0.36363636363636365,True,0,offline_teacher_to_causal_s623
formal_u2_family_065_r04_s04,formal_u2_family_065_r04,u2_family_065,train,28,30,3,0.5032110810279846,0.6516129374504089,1.0,True,0,offline_teacher_to_causal_s623
formal_u2_family_065_r04_s05,formal_u2_family_065_r04,u2_family_065,train,31,34,4,0.5000172853469849,0.5033618211746216,1.0,True,0,offline_teacher_to_causal_s623
formal_u2_family_065_r04_s06,formal_u2_family_065_r04,u2_family_065,train,35,37,3,0.9863603115081787,0.5973623991012573,0.6666666666666666,True,0,offline_teacher_to_causal_s623
formal_u2_family_065_r05_s00,formal_u2_family_065_r05,u2_family_065,train,0,10,11,0.2742057740688324,0.5143849849700928,0.0,False,0,offline_teacher_to_causal_s623
formal_u2_family_065_r05_s01,formal_u2_family_065_r05,u2_family_065,train,11,13,3,0.9757471084594727,0.5263102650642395,0.6666666666666666,True,0,offline_teacher_to_causal_s623
formal_u2_family_065_r05_s02,formal_u2_family_065_r05,u2_family_065,train,14,16,3,0.5122536420822144,0.5076516270637512,1.0,True,0,offline_teacher_to_causal_s623
formal_u2_family_065_r05_s03,formal_u2_family_065_r05,u2_family_065,train,17,26,10,0.5134303569793701,0.5049845576286316,0.4,True,0,offline_teacher_to_causal_s623
formal_u2_family_065_r05_s04,formal_u2_family_065_r05,u2_family_065,train,27,29,3,0.4941907823085785,0.6552252173423767,1.0,True,0,offline_teacher_to_causal_s623
formal_u2_family_065_r05_s05,formal_u2_family_065_r05,u2_family_065,train,30,33,4,0.5026834011077881,0.5051535964012146,1.0,True,0,offline_teacher_to_causal_s623
formal_u2_family_065_r05_s06,formal_u2_family_065_r05,u2_family_065,train,34,36,3,0.9856342673301697,0.5777491331100464,0.6666666666666666,True,0,offline_teacher_to_causal_s623
formal_u2_family_066_r00_s00,formal_u2_family_066_r00,u2_family_066,train,0,2,3,0.31853875517845154,0.6684408783912659,0.3333333333333333,True,0,offline_teacher_to_causal_s623
formal_u2_family_066_r00_s01,formal_u2_family_066_r00,u2_family_066,train,3,9,7,0.7125839591026306,0.6894634366035461,1.0,True,0,offline_teacher_to_causal_s623
formal_u2_family_066_r00_s02,formal_u2_family_066_r00,u2_family_066,train,10,12,3,0.504027783870697,0.5305753350257874,1.0,True,0,offline_teacher_to_causal_s623
formal_u2_family_066_r00_s03,formal_u2_family_066_r00,u2_family_066,train,13,22,10,0.48534247279167175,0.9889814853668213,0.9,True,0,offline_teacher_to_causal_s623
formal_u2_family_066_r00_s04,formal_u2_family_066_r00,u2_family_066,train,23,24,2,0.5780096650123596,0.570421040058136,1.0,True,0,offline_teacher_to_causal_s623
formal_u2_family_066_r01_s00,formal_u2_family_066_r01,u2_family_066,train,0,2,3,0.31739649176597595,0.6696850657463074,0.3333333333333333,True,0,offline_teacher_to_causal_s623
formal_u2_family_066_r01_s01,formal_u2_family_066_r01,u2_family_066,train,3,12,10,0.7064323425292969,0.6517505049705505,1.0,True,0,offline_teacher_to_causal_s623
formal_u2_family_066_r01_s02,formal_u2_family_066_r01,u2_family_066,train,13,21,9,0.5189363956451416,0.9881057739257812,0.8888888888888888,True,0,offline_teacher_to_causal_s623
formal_u2_family_066_r01_s03,formal_u2_family_066_r01,u2_family_066,train,22,23,2,0.5729549527168274,0.5965941548347473,1.0,True,0,offline_teacher_to_causal_s623
formal_u2_family_066_r02_s00,formal_u2_family_066_r02,u2_family_066,train,0,2,3,0.3171277344226837,0.6722229719161987,0.3333333333333333,True,0,offline_teacher_to_causal_s623
formal_u2_family_066_r02_s01,formal_u2_family_066_r02,u2_family_066,train,3,7,5,0.7127155661582947,0.5014640688896179,1.0,True,0,offline_teacher_to_causal_s623
formal_u2_family_066_r02_s02,formal_u2_family_066_r02,u2_family_066,train,8,10,3,0.4890236556529999,0.6384921073913574,1.0,True,0,offline_teacher_to_causal_s623
formal_u2_family_066_r02_s03,formal_u2_family_066_r02,u2_family_066,train,11,14,4,0.5366318225860596,0.6099040508270264,1.0,True,0,offline_teacher_to_causal_s623
formal_u2_family_066_r02_s04,formal_u2_family_066_r02,u2_family_066,train,15,21,7,0.5778253674507141,0.9896672964096069,0.8571428571428571,True,0,offline_teacher_to_causal_s623
formal_u2_family_066_r02_s05,formal_u2_family_066_r02,u2_family_066,train,22,23,2,0.5924704670906067,0.5470921397209167,1.0,True,0,offline_teacher_to_causal_s623
formal_u2_family_066_r03_s00,formal_u2_family_066_r03,u2_family_066,train,0,2,3,0.31517061591148376,0.6744557619094849,0.3333333333333333,True,0,offline_teacher_to_causal_s623
formal_u2_family_066_r03_s01,formal_u2_family_066_r03,u2_family_066,train,3,11,9,0.709750235080719,0.6501205563545227,1.0,True,0,offline_teacher_to_causal_s623
formal_u2_family_066_r03_s02,formal_u2_family_066_r03,u2_family_066,train,12,21,10,0.5119687914848328,0.9885594248771667,0.9,True,0,offline_teacher_to_causal_s623
formal_u2_family_066_r03_s03,formal_u2_family_066_r03,u2_family_066,train,22,23,2,0.5723283886909485,0.559390664100647,1.0,True,0,offline_teacher_to_causal_s623
formal_u2_family_066_r04_s00,formal_u2_family_066_r04,u2_family_066,train,0,2,3,0.3167554438114166,0.6707114577293396,0.3333333333333333,True,0,offline_teacher_to_causal_s623
formal_u2_family_066_r04_s01,formal_u2_family_066_r04,u2_family_066,train,3,20,18,0.7111220955848694,0.9895480871200562,0.9444444444444444,True,0,offline_teacher_to_causal_s623
formal_u2_family_066_r04_s02,formal_u2_family_066_r04,u2_family_066,train,21,22,2,0.59354567527771,0.6232811808586121,1.0,True,0,offline_teacher_to_causal_s623
formal_u2_family_066_r05_s00,formal_u2_family_066_r05,u2_family_066,train,0,2,3,0.3200225532054901,0.6737897992134094,0.3333333333333333,True,0,offline_teacher_to_causal_s623
formal_u2_family_066_r05_s01,formal_u2_family_066_r05,u2_family_066,train,3,7,5,0.7102667689323425,0.5036445260047913,1.0,True,0,offline_teacher_to_causal_s623
formal_u2_family_066_r05_s02,formal_u2_family_066_r05,u2_family_066,train,8,11,4,0.5121296048164368,0.5030605792999268,1.0,True,0,offline_teacher_to_causal_s623
formal_u2_family_066_r05_s03,formal_u2_family_066_r05,u2_family_066,train,12,14,3,0.6511226296424866,0.5336943864822388,1.0,True,0,offline_teacher_to_causal_s623
formal_u2_family_066_r05_s04,formal_u2_family_066_r05,u2_family_066,train,15,23,9,0.4858202636241913,0.9897971153259277,0.8888888888888888,True,0,offline_teacher_to_causal_s623
formal_u2_family_066_r05_s05,formal_u2_family_066_r05,u2_family_066,train,24,25,2,0.597457766532898,0.5946206450462341,1.0,True,0,offline_teacher_to_causal_s623
formal_u2_family_067_r00_s00,formal_u2_family_067_r00,u2_family_067,train,0,2,3,0.31939566135406494,0.6727371215820312,0.3333333333333333,True,0,offline_teacher_to_causal_s623
formal_u2_family_067_r00_s01,formal_u2_family_067_r00,u2_family_067,train,3,5,3,0.7060450315475464,0.9611042141914368,0.3333333333333333,True,1,offline_teacher_to_causal_s623
formal_u2_family_067_r00_s02,formal_u2_family_067_r00,u2_family_067,train,6,8,3,0.9455190300941467,0.5031026601791382,0.6666666666666666,True,0,offline_teacher_to_causal_s623
formal_u2_family_067_r00_s03,formal_u2_family_067_r00,u2_family_067,train,9,13,5,0.4934801459312439,0.5059267282485962,1.0,True,0,offline_teacher_to_causal_s623
formal_u2_family_067_r00_s04,formal_u2_family_067_r00,u2_family_067,train,14,17,4,0.4767913520336151,0.634220540523529,1.0,True,0,offline_teacher_to_causal_s623
formal_u2_family_067_r00_s05,formal_u2_family_067_r00,u2_family_067,train,18,25,8,0.5626688003540039,0.9877424240112305,0.875,True,0,offline_teacher_to_causal_s623
formal_u2_family_067_r00_s06,formal_u2_family_067_r00,u2_family_067,train,26,27,2,0.5624500513076782,0.5977128148078918,1.0,True,0,offline_teacher_to_causal_s623
formal_u2_family_067_r01_s00,formal_u2_family_067_r01,u2_family_067,train,0,2,3,0.3173365890979767,0.6727192401885986,0.3333333333333333,True,0,offline_teacher_to_causal_s623
formal_u2_family_067_r01_s01,formal_u2_family_067_r01,u2_family_067,train,3,5,3,0.7081902027130127,0.9606591463088989,0.3333333333333333,True,1,offline_teacher_to_causal_s623
formal_u2_family_067_r01_s02,formal_u2_family_067_r01,u2_family_067,train,6,13,8,0.9439567923545837,0.5014545321464539,0.875,True,0,offline_teacher_to_causal_s623
formal_u2_family_067_r01_s03,formal_u2_family_067_r01,u2_family_067,train,14,24,11,0.47551366686820984,0.989021360874176,0.9090909090909091,True,0,offline_teacher_to_causal_s623
formal_u2_family_067_r01_s04,formal_u2_family_067_r01,u2_family_067,train,25,26,2,0.5782639384269714,0.579512357711792,1.0,True,0,offline_teacher_to_causal_s623
formal_u2_family_067_r02_s00,formal_u2_family_067_r02,u2_family_067,train,0,2,3,0.3187187612056732,0.6701287031173706,0.3333333333333333,True,0,offline_teacher_to_causal_s623
formal_u2_family_067_r02_s01,formal_u2_family_067_r02,u2_family_067,train,3,11,9,0.7116580009460449,0.6510462164878845,1.0,True,0,offline_teacher_to_causal_s623
formal_u2_family_067_r02_s02,formal_u2_family_067_r02,u2_family_067,train,12,22,11,0.5077308416366577,0.9893144369125366,0.9090909090909091,True,0,offline_teacher_to_causal_s623
formal_u2_family_067_r02_s03,formal_u2_family_067_r02,u2_family_067,train,23,24,2,0.5869454741477966,0.5896070003509521,1.0,True,0,offline_teacher_to_causal_s623
formal_u2_family_067_r03_s00,formal_u2_family_067_r03,u2_family_067,train,0,2,3,0.31857648491859436,0.672214925289154,0.3333333333333333,True,0,offline_teacher_to_causal_s623
formal_u2_family_067_r03_s01,formal_u2_family_067_r03,u2_family_067,train,3,5,3,0.707567572593689,0.9597858786582947,0.3333333333333333,True,1,offline_teacher_to_causal_s623
formal_u2_family_067_r03_s02,formal_u2_family_067_r03,u2_family_067,train,6,16,11,0.9396615028381348,0.6531798243522644,0.9090909090909091,True,0,offline_teacher_to_causal_s623
formal_u2_family_067_r03_s03,formal_u2_family_067_r03,u2_family_067,train,17,24,8,0.5485398769378662,0.9887079000473022,0.875,True,0,offline_teacher_to_causal_s623
formal_u2_family_067_r03_s04,formal_u2_family_067_r03,u2_family_067,train,25,26,2,0.575286328792572,0.5798287391662598,1.0,True,0,offline_teacher_to_causal_s623
formal_u2_family_067_r04_s00,formal_u2_family_067_r04,u2_family_067,train,0,2,3,0.3183080852031708,0.6720697283744812,0.3333333333333333,True,0,offline_teacher_to_causal_s623
formal_u2_family_067_r04_s01,formal_u2_family_067_r04,u2_family_067,train,3,5,3,0.7079650163650513,0.9602121114730835,0.3333333333333333,True,1,offline_teacher_to_causal_s623
formal_u2_family_067_r04_s02,formal_u2_family_067_r04,u2_family_067,train,6,13,8,0.9447146654129028,0.5059455633163452,0.875,True,0,offline_teacher_to_causal_s623
formal_u2_family_067_r04_s03,formal_u2_family_067_r04,u2_family_067,train,14,23,10,0.47749215364456177,0.9894282221794128,0.9,True,0,offline_teacher_to_causal_s623
formal_u2_family_067_r04_s04,formal_u2_family_067_r04,u2_family_067,train,24,25,2,0.5867223739624023,0.5793944001197815,1.0,True,0,offline_teacher_to_causal_s623
formal_u2_family_067_r05_s00,formal_u2_family_067_r05,u2_family_067,train,0,2,3,0.31812018156051636,0.6714638471603394,0.3333333333333333,True,0,offline_teacher_to_causal_s623
formal_u2_family_067_r05_s01,formal_u2_family_067_r05,u2_family_067,train,3,10,8,0.709393322467804,0.6310920715332031,1.0,True,0,offline_teacher_to_causal_s623
formal_u2_family_067_r05_s02,formal_u2_family_067_r05,u2_family_067,train,11,13,3,0.5396499037742615,0.5507916212081909,1.0,True,0,offline_teacher_to_causal_s623
formal_u2_family_067_r05_s03,formal_u2_family_067_r05,u2_family_067,train,14,21,8,0.49003079533576965,0.9898131489753723,0.875,True,0,offline_teacher_to_causal_s623
formal_u2_family_067_r05_s04,formal_u2_family_067_r05,u2_family_067,train,22,23,2,0.5964755415916443,0.5924238562583923,1.0,True,0,offline_teacher_to_causal_s623
formal_u2_family_068_r00_s00,formal_u2_family_068_r00,u2_family_068,train,0,2,3,0.31777840852737427,0.6717103719711304,0.3333333333333333,True,0,offline_teacher_to_causal_s623
formal_u2_family_068_r00_s01,formal_u2_family_068_r00,u2_family_068,train,3,5,3,0.7123478651046753,0.9617471694946289,0.3333333333333333,True,1,offline_teacher_to_causal_s623
formal_u2_family_068_r00_s02,formal_u2_family_068_r00,u2_family_068,train,6,11,6,0.9440344572067261,0.5009379386901855,0.8333333333333334,True,0,offline_teacher_to_causal_s623
formal_u2_family_068_r00_s03,formal_u2_family_068_r00,u2_family_068,train,12,22,11,0.47770431637763977,0.9900512099266052,0.9090909090909091,True,0,offline_teacher_to_causal_s623
formal_u2_family_068_r00_s04,formal_u2_family_068_r00,u2_family_068,train,23,24,2,0.6025074124336243,0.6084449291229248,1.0,True,0,offline_teacher_to_causal_s623
formal_u2_family_068_r01_s00,formal_u2_family_068_r01,u2_family_068,train,0,2,3,0.31755051016807556,0.6724516749382019,0.3333333333333333,True,0,offline_teacher_to_causal_s623
formal_u2_family_068_r01_s01,formal_u2_family_068_r01,u2_family_068,train,3,5,3,0.7092742919921875,0.960258424282074,0.3333333333333333,True,1,offline_teacher_to_causal_s623
formal_u2_family_068_r01_s02,formal_u2_family_068_r01,u2_family_068,train,6,15,10,0.9405580759048462,0.6467538475990295,0.9,True,0,offline_teacher_to_causal_s623
formal_u2_family_068_r01_s03,formal_u2_family_068_r01,u2_family_068,train,16,24,9,0.5096349120140076,0.9887118339538574,0.8888888888888888,True,0,offline_teacher_to_causal_s623
formal_u2_family_068_r01_s04,formal_u2_family_068_r01,u2_family_068,train,25,26,2,0.575265109539032,0.5682632923126221,1.0,True,0,offline_teacher_to_causal_s623
formal_u2_family_068_r02_s00,formal_u2_family_068_r02,u2_family_068,train,0,2,3,0.31717929244041443,0.6735453605651855,0.3333333333333333,True,0,offline_teacher_to_causal_s623
formal_u2_family_068_r02_s01,formal_u2_family_068_r02,u2_family_068,train,3,5,3,0.7100363373756409,0.9600583910942078,0.3333333333333333,True,1,offline_teacher_to_causal_s623
formal_u2_family_068_r02_s02,formal_u2_family_068_r02,u2_family_068,train,6,8,3,0.946781575679779,0.5035563111305237,0.6666666666666666,True,0,offline_teacher_to_causal_s623
formal_u2_family_068_r02_s03,formal_u2_family_068_r02,u2_family_068,train,9,13,5,0.4934130012989044,0.5062623620033264,1.0,True,0,offline_teacher_to_causal_s623
formal_u2_family_068_r02_s04,formal_u2_family_068_r02,u2_family_068,train,14,23,10,0.4770450294017792,0.9898386001586914,0.9,True,0,offline_teacher_to_causal_s623
formal_u2_family_068_r02_s05,formal_u2_family_068_r02,u2_family_068,train,24,25,2,0.5945765376091003,0.6021466851234436,1.0,True,0,offline_teacher_to_causal_s623
formal_u2_family_068_r03_s00,formal_u2_family_068_r03,u2_family_068,train,0,2,3,0.31858861446380615,0.6717621684074402,0.3333333333333333,True,0,offline_teacher_to_causal_s623
formal_u2_family_068_r03_s01,formal_u2_family_068_r03,u2_family_068,train,3,5,3,0.7098072171211243,0.9602720141410828,0.3333333333333333,True,1,offline_teacher_to_causal_s623
formal_u2_family_068_r03_s02,formal_u2_family_068_r03,u2_family_068,train,6,9,4,0.9511922001838684,0.5013152360916138,0.75,True,0,offline_teacher_to_causal_s623
formal_u2_family_068_r03_s03,formal_u2_family_068_r03,u2_family_068,train,10,12,3,0.49295392632484436,0.5193881988525391,1.0,True,0,offline_teacher_to_causal_s623
formal_u2_family_068_r03_s04,formal_u2_family_068_r03,u2_family_068,train,13,23,11,0.48353177309036255,0.9891720414161682,0.9090909090909091,True,0,offline_teacher_to_causal_s623
formal_u2_family_068_r03_s05,formal_u2_family_068_r03,u2_family_068,train,24,25,2,0.5879353284835815,0.5796313881874084,1.0,True,0,offline_teacher_to_causal_s623
formal_u2_family_068_r04_s00,formal_u2_family_068_r04,u2_family_068,train,0,2,3,0.3191729485988617,0.6738840341567993,0.3333333333333333,True,0,offline_teacher_to_causal_s623
formal_u2_family_068_r04_s01,formal_u2_family_068_r04,u2_family_068,train,3,5,3,0.7118088603019714,0.9601592421531677,0.3333333333333333,True,1,offline_teacher_to_causal_s623
formal_u2_family_068_r04_s02,formal_u2_family_068_r04,u2_family_068,train,6,8,3,0.9404810070991516,0.501711905002594,0.6666666666666666,True,0,offline_teacher_to_causal_s623
formal_u2_family_068_r04_s03,formal_u2_family_068_r04,u2_family_068,train,9,17,9,0.48995766043663025,0.6616700291633606,1.0,True,0,offline_teacher_to_causal_s623
formal_u2_family_068_r04_s04,formal_u2_family_068_r04,u2_family_068,train,18,24,7,0.5532835721969604,0.9892818927764893,0.8571428571428571,True,0,offline_teacher_to_causal_s623
formal_u2_family_068_r04_s05,formal_u2_family_068_r04,u2_family_068,train,25,26,2,0.584118127822876,0.5761867761611938,1.0,True,0,offline_teacher_to_causal_s623
formal_u2_family_068_r05_s00,formal_u2_family_068_r05,u2_family_068,train,0,2,3,0.3165923058986664,0.6711152195930481,0.3333333333333333,True,0,offline_teacher_to_causal_s623
formal_u2_family_068_r05_s01,formal_u2_family_068_r05,u2_family_068,train,3,5,3,0.7082265615463257,0.9595282673835754,0.3333333333333333,True,1,offline_teacher_to_causal_s623
formal_u2_family_068_r05_s02,formal_u2_family_068_r05,u2_family_068,train,6,8,3,0.9425374865531921,0.5027872323989868,0.6666666666666666,True,0,offline_teacher_to_causal_s623
formal_u2_family_068_r05_s03,formal_u2_family_068_r05,u2_family_068,train,9,13,5,0.4905146062374115,0.5007360577583313,1.0,True,0,offline_teacher_to_causal_s623
formal_u2_family_068_r05_s04,formal_u2_family_068_r05,u2_family_068,train,14,17,4,0.4750058054924011,0.6379683017730713,1.0,True,0,offline_teacher_to_causal_s623
formal_u2_family_068_r05_s05,formal_u2_family_068_r05,u2_family_068,train,18,24,7,0.5675191283226013,0.9890073537826538,0.8571428571428571,True,0,offline_teacher_to_causal_s623
formal_u2_family_068_r05_s06,formal_u2_family_068_r05,u2_family_068,train,25,26,2,0.5782738327980042,0.5232634544372559,1.0,True,0,offline_teacher_to_causal_s623
formal_u2_family_069_r00_s00,formal_u2_family_069_r00,u2_family_069,train,0,2,3,0.3202201724052429,0.6713371872901917,0.3333333333333333,True,0,offline_teacher_to_causal_s623
formal_u2_family_069_r00_s01,formal_u2_family_069_r00,u2_family_069,train,3,12,10,0.7096912264823914,0.6500534415245056,1.0,True,0,offline_teacher_to_causal_s623
formal_u2_family_069_r00_s02,formal_u2_family_069_r00,u2_family_069,train,13,20,8,0.554751992225647,0.9893385171890259,0.875,True,0,offline_teacher_to_causal_s623
formal_u2_family_069_r00_s03,formal_u2_family_069_r00,u2_family_069,train,21,22,2,0.5883400440216064,0.6132534146308899,1.0,True,0,offline_teacher_to_causal_s623
formal_u2_family_069_r01_s00,formal_u2_family_069_r01,u2_family_069,train,0,2,3,0.3157482445240021,0.6721165776252747,0.3333333333333333,True,0,offline_teacher_to_causal_s623
formal_u2_family_069_r01_s01,formal_u2_family_069_r01,u2_family_069,train,3,10,8,0.7069064378738403,0.665969967842102,1.0,True,0,offline_teacher_to_causal_s623
formal_u2_family_069_r01_s02,formal_u2_family_069_r01,u2_family_069,train,11,21,11,0.5073785185813904,0.988593339920044,0.9090909090909091,True,0,offline_teacher_to_causal_s623
formal_u2_family_069_r01_s03,formal_u2_family_069_r01,u2_family_069,train,22,23,2,0.5823028087615967,0.601665198802948,1.0,True,0,offline_teacher_to_causal_s623
formal_u2_family_069_r02_s00,formal_u2_family_069_r02,u2_family_069,train,0,2,3,0.31683778762817383,0.6731003522872925,0.3333333333333333,True,0,offline_teacher_to_causal_s623
formal_u2_family_069_r02_s01,formal_u2_family_069_r02,u2_family_069,train,3,13,11,0.7085045576095581,0.6341995596885681,1.0,True,0,offline_teacher_to_causal_s623
formal_u2_family_069_r02_s02,formal_u2_family_069_r02,u2_family_069,train,14,24,11,0.5113537311553955,0.9867590069770813,0.9090909090909091,True,0,offline_teacher_to_causal_s623
formal_u2_family_069_r02_s03,formal_u2_family_069_r02,u2_family_069,train,25,26,2,0.5545955896377563,0.5543128848075867,1.0,True,0,offline_teacher_to_causal_s623
formal_u2_family_069_r03_s00,formal_u2_family_069_r03,u2_family_069,train,0,2,3,0.31612497568130493,0.6705714464187622,0.3333333333333333,True,0,offline_teacher_to_causal_s623
formal_u2_family_069_r03_s01,formal_u2_family_069_r03,u2_family_069,train,3,12,10,0.7061901092529297,0.6300786733627319,1.0,True,0,offline_teacher_to_causal_s623
formal_u2_family_069_r03_s02,formal_u2_family_069_r03,u2_family_069,train,13,21,9,0.5145053267478943,0.9891013503074646,0.8888888888888888,True,0,offline_teacher_to_causal_s623
formal_u2_family_069_r03_s03,formal_u2_family_069_r03,u2_family_069,train,22,23,2,0.5823594331741333,0.5896780490875244,1.0,True,0,offline_teacher_to_causal_s623
formal_u2_family_069_r04_s00,formal_u2_family_069_r04,u2_family_069,train,0,2,3,0.3198048174381256,0.6713686585426331,0.3333333333333333,True,0,offline_teacher_to_causal_s623
formal_u2_family_069_r04_s01,formal_u2_family_069_r04,u2_family_069,train,3,8,6,0.7087206840515137,0.5015819668769836,1.0,True,0,offline_teacher_to_causal_s623
formal_u2_family_069_r04_s02,formal_u2_family_069_r04,u2_family_069,train,9,13,5,0.5085634589195251,0.6293153762817383,1.0,True,0,offline_teacher_to_causal_s623
formal_u2_family_069_r04_s03,formal_u2_family_069_r04,u2_family_069,train,14,22,9,0.5604428052902222,0.9893436431884766,0.8888888888888888,True,0,offline_teacher_to_causal_s623
formal_u2_family_069_r04_s04,formal_u2_family_069_r04,u2_family_069,train,23,24,2,0.5882970690727234,0.6048303842544556,1.0,True,0,offline_teacher_to_causal_s623
formal_u2_family_069_r05_s00,formal_u2_family_069_r05,u2_family_069,train,0,2,3,0.3193337917327881,0.6720994114875793,0.3333333333333333,True,0,offline_teacher_to_causal_s623
formal_u2_family_069_r05_s01,formal_u2_family_069_r05,u2_family_069,train,3,14,12,0.7171654105186462,0.654345691204071,1.0,True,0,offline_teacher_to_causal_s623
formal_u2_family_069_r05_s02,formal_u2_family_069_r05,u2_family_069,train,15,21,7,0.5594915151596069,0.9883095026016235,0.8571428571428571,True,0,offline_teacher_to_causal_s623
formal_u2_family_069_r05_s03,formal_u2_family_069_r05,u2_family_069,train,22,23,2,0.5710965991020203,0.5272063612937927,1.0,True,0,offline_teacher_to_causal_s623
formal_u2_family_070_r00_s00,formal_u2_family_070_r00,u2_family_070,train,0,2,3,0.31942862272262573,0.6831535696983337,0.3333333333333333,True,0,offline_teacher_to_causal_s623
formal_u2_family_070_r00_s01,formal_u2_family_070_r00,u2_family_070,train,3,5,3,0.5150413513183594,0.5037043690681458,1.0,True,0,offline_teacher_to_causal_s623
formal_u2_family_070_r00_s02,formal_u2_family_070_r00,u2_family_070,train,6,7,2,0.5184441208839417,0.9268392324447632,0.5,True,0,offline_teacher_to_causal_s623
formal_u2_family_070_r01_s00,formal_u2_family_070_r01,u2_family_070,train,0,2,3,0.3177708685398102,0.6838486194610596,0.3333333333333333,True,0,offline_teacher_to_causal_s623
formal_u2_family_070_r01_s01,formal_u2_family_070_r01,u2_family_070,train,3,5,3,0.5153699517250061,0.5034624934196472,1.0,True,0,offline_teacher_to_causal_s623
formal_u2_family_070_r01_s02,formal_u2_family_070_r01,u2_family_070,train,6,7,2,0.5161578059196472,0.9267065525054932,0.5,True,0,offline_teacher_to_causal_s623
formal_u2_family_070_r02_s00,formal_u2_family_070_r02,u2_family_070,train,0,2,3,0.31960180401802063,0.6840711236000061,0.3333333333333333,True,0,offline_teacher_to_causal_s623
formal_u2_family_070_r02_s01,formal_u2_family_070_r02,u2_family_070,train,3,5,3,0.5137704014778137,0.5016631484031677,1.0,True,0,offline_teacher_to_causal_s623
formal_u2_family_070_r02_s02,formal_u2_family_070_r02,u2_family_070,train,6,7,2,0.5151007175445557,0.9268754124641418,0.5,True,0,offline_teacher_to_causal_s623
formal_u2_family_070_r03_s00,formal_u2_family_070_r03,u2_family_070,train,0,2,3,0.3190217614173889,0.683576226234436,0.3333333333333333,True,0,offline_teacher_to_causal_s623
formal_u2_family_070_r03_s01,formal_u2_family_070_r03,u2_family_070,train,3,5,3,0.5158473253250122,0.5076248049736023,1.0,True,0,offline_teacher_to_causal_s623
formal_u2_family_070_r03_s02,formal_u2_family_070_r03,u2_family_070,train,6,7,2,0.5171995759010315,0.9274276494979858,0.5,True,0,offline_teacher_to_causal_s623
formal_u2_family_070_r04_s00,formal_u2_family_070_r04,u2_family_070,train,0,2,3,0.31838834285736084,0.6851171851158142,0.3333333333333333,True,0,offline_teacher_to_causal_s623
formal_u2_family_070_r04_s01,formal_u2_family_070_r04,u2_family_070,train,3,5,3,0.5168167948722839,0.5070034265518188,1.0,True,0,offline_teacher_to_causal_s623
formal_u2_family_070_r04_s02,formal_u2_family_070_r04,u2_family_070,train,6,8,3,0.5206141471862793,0.9180269241333008,0.6666666666666666,True,0,offline_teacher_to_causal_s623
formal_u2_family_070_r05_s00,formal_u2_family_070_r05,u2_family_070,train,0,2,3,0.31895262002944946,0.6832530498504639,0.3333333333333333,True,0,offline_teacher_to_causal_s623
formal_u2_family_070_r05_s01,formal_u2_family_070_r05,u2_family_070,train,3,5,3,0.5168470144271851,0.5069131255149841,1.0,True,0,offline_teacher_to_causal_s623
formal_u2_family_070_r05_s02,formal_u2_family_070_r05,u2_family_070,train,6,7,2,0.5161460041999817,0.9274473190307617,0.5,True,0,offline_teacher_to_causal_s623
formal_u2_family_071_r00_s00,formal_u2_family_071_r00,u2_family_071,train,0,8,9,0.2520328462123871,0.9690687656402588,0.0,True,0,offline_teacher_to_causal_s623
formal_u2_family_071_r00_s01,formal_u2_family_071_r00,u2_family_071,train,9,11,3,0.6183643341064453,0.5086153149604797,1.0,True,0,offline_teacher_to_causal_s623
formal_u2_family_071_r00_s02,formal_u2_family_071_r00,u2_family_071,train,12,17,6,0.5003275871276855,0.6616328954696655,1.0,True,0,offline_teacher_to_causal_s623
formal_u2_family_071_r00_s03,formal_u2_family_071_r00,u2_family_071,train,18,29,12,0.5148432850837708,0.9883121848106384,0.9166666666666666,True,0,offline_teacher_to_causal_s623
formal_u2_family_071_r00_s04,formal_u2_family_071_r00,u2_family_071,train,30,31,2,0.5760552883148193,0.5810300707817078,1.0,True,0,offline_teacher_to_causal_s623
formal_u2_family_071_r01_s00,formal_u2_family_071_r01,u2_family_071,train,0,7,8,0.2526436746120453,0.9593442678451538,0.0,True,0,offline_teacher_to_causal_s623
formal_u2_family_071_r01_s01,formal_u2_family_071_r01,u2_family_071,train,8,10,3,0.6108985543251038,0.7261973023414612,1.0,True,0,offline_teacher_to_causal_s623
formal_u2_family_071_r01_s02,formal_u2_family_071_r01,u2_family_071,train,11,15,5,0.5218853950500488,0.5009839534759521,1.0,True,0,offline_teacher_to_causal_s623
formal_u2_family_071_r01_s03,formal_u2_family_071_r01,u2_family_071,train,16,28,13,0.5053690075874329,0.989902138710022,0.9230769230769231,True,0,offline_teacher_to_causal_s623
formal_u2_family_071_r01_s04,formal_u2_family_071_r01,u2_family_071,train,29,30,2,0.6063851714134216,0.6230832934379578,1.0,True,0,offline_teacher_to_causal_s623
formal_u2_family_071_r02_s00,formal_u2_family_071_r02,u2_family_071,train,0,7,8,0.2523338794708252,0.9612883925437927,0.0,True,0,offline_teacher_to_causal_s623
formal_u2_family_071_r02_s01,formal_u2_family_071_r02,u2_family_071,train,8,10,3,0.6304147243499756,0.5008335709571838,1.0,True,0,offline_teacher_to_causal_s623
formal_u2_family_071_r02_s02,formal_u2_family_071_r02,u2_family_071,train,11,16,6,0.48346617817878723,0.6605480909347534,1.0,True,0,offline_teacher_to_causal_s623
formal_u2_family_071_r02_s03,formal_u2_family_071_r02,u2_family_071,train,17,28,12,0.531582772731781,0.9887380599975586,0.9166666666666666,True,0,offline_teacher_to_causal_s623
formal_u2_family_071_r02_s04,formal_u2_family_071_r02,u2_family_071,train,29,30,2,0.5845897197723389,0.596998393535614,1.0,True,0,offline_teacher_to_causal_s623
formal_u2_family_071_r03_s00,formal_u2_family_071_r03,u2_family_071,train,0,8,9,0.2530009150505066,0.9735956192016602,0.0,True,0,offline_teacher_to_causal_s623
formal_u2_family_071_r03_s01,formal_u2_family_071_r03,u2_family_071,train,9,17,9,0.6536991000175476,0.5005626678466797,1.0,True,0,offline_teacher_to_causal_s623
formal_u2_family_071_r03_s02,formal_u2_family_071_r03,u2_family_071,train,18,20,3,0.6529675722122192,0.5343254208564758,1.0,True,0,offline_teacher_to_causal_s623
formal_u2_family_071_r03_s03,formal_u2_family_071_r03,u2_family_071,train,21,28,8,0.4897097051143646,0.9884745478630066,0.875,True,0,offline_teacher_to_causal_s623
formal_u2_family_071_r03_s04,formal_u2_family_071_r03,u2_family_071,train,29,30,2,0.5740934610366821,0.5166300535202026,1.0,True,0,offline_teacher_to_causal_s623
formal_u2_family_071_r04_s00,formal_u2_family_071_r04,u2_family_071,train,0,8,9,0.25271302461624146,0.9681714177131653,0.0,True,0,offline_teacher_to_causal_s623
formal_u2_family_071_r04_s01,formal_u2_family_071_r04,u2_family_071,train,9,12,4,0.618106484413147,0.6709668040275574,1.0,True,0,offline_teacher_to_causal_s623
formal_u2_family_071_r04_s02,formal_u2_family_071_r04,u2_family_071,train,13,16,4,0.4927673935890198,0.6650019884109497,1.0,True,0,offline_teacher_to_causal_s623
formal_u2_family_071_r04_s03,formal_u2_family_071_r04,u2_family_071,train,17,28,12,0.509892463684082,0.9890029430389404,0.9166666666666666,True,0,offline_teacher_to_causal_s623
formal_u2_family_071_r04_s04,formal_u2_family_071_r04,u2_family_071,train,29,30,2,0.5844097137451172,0.597175657749176,1.0,True,0,offline_teacher_to_causal_s623
formal_u2_family_071_r05_s00,formal_u2_family_071_r05,u2_family_071,train,0,8,9,0.2530927062034607,0.9707539081573486,0.0,True,0,offline_teacher_to_causal_s623
formal_u2_family_071_r05_s01,formal_u2_family_071_r05,u2_family_071,train,9,11,3,0.62223219871521,0.5145917534828186,1.0,True,0,offline_teacher_to_causal_s623
formal_u2_family_071_r05_s02,formal_u2_family_071_r05,u2_family_071,train,12,15,4,0.4998294711112976,0.5045181512832642,1.0,True,0,offline_teacher_to_causal_s623
formal_u2_family_071_r05_s03,formal_u2_family_071_r05,u2_family_071,train,16,28,13,0.5079023241996765,0.9899382591247559,0.9230769230769231,True,0,offline_teacher_to_causal_s623
formal_u2_family_071_r05_s04,formal_u2_family_071_r05,u2_family_071,train,29,30,2,0.6021531224250793,0.5632728338241577,1.0,True,0,offline_teacher_to_causal_s623
formal_u2_family_072_r00_s00,formal_u2_family_072_r00,u2_family_072,train,0,2,3,0.8863000273704529,0.511515736579895,0.6666666666666666,True,0,offline_teacher_to_causal_s623
formal_u2_family_072_r00_s01,formal_u2_family_072_r00,u2_family_072,train,3,6,4,0.4994203746318817,0.9314150214195251,0.75,True,0,offline_teacher_to_causal_s623
formal_u2_family_072_r00_s02,formal_u2_family_072_r00,u2_family_072,train,7,18,12,0.3147931694984436,0.5011918544769287,0.25,True,0,offline_teacher_to_causal_s623
formal_u2_family_072_r00_s03,formal_u2_family_072_r00,u2_family_072,train,19,21,3,0.4981546103954315,0.6483227610588074,1.0,True,0,offline_teacher_to_causal_s623
formal_u2_family_072_r00_s04,formal_u2_family_072_r00,u2_family_072,train,22,26,5,0.49710795283317566,0.9839206337928772,0.8,True,0,offline_teacher_to_causal_s623
formal_u2_family_072_r00_s05,formal_u2_family_072_r00,u2_family_072,train,27,28,2,0.5844376683235168,0.5388871431350708,1.0,True,0,offline_teacher_to_causal_s623
formal_u2_family_072_r01_s00,formal_u2_family_072_r01,u2_family_072,train,0,2,3,0.3515796363353729,0.6813279390335083,0.3333333333333333,True,0,offline_teacher_to_causal_s623
formal_u2_family_072_r01_s01,formal_u2_family_072_r01,u2_family_072,train,3,5,3,0.4962999224662781,0.935857355594635,0.6666666666666666,True,0,offline_teacher_to_causal_s623
formal_u2_family_072_r01_s02,formal_u2_family_072_r01,u2_family_072,train,6,15,10,0.3487439453601837,0.6561161875724792,0.6,True,0,offline_teacher_to_causal_s623
formal_u2_family_072_r01_s03,formal_u2_family_072_r01,u2_family_072,train,16,18,3,0.5057945251464844,0.9875208139419556,0.6666666666666666,True,0,offline_teacher_to_causal_s623
formal_u2_family_072_r01_s04,formal_u2_family_072_r01,u2_family_072,train,19,20,2,0.59050452709198,0.5853641033172607,1.0,True,0,offline_teacher_to_causal_s623
formal_u2_family_072_r02_s00,formal_u2_family_072_r02,u2_family_072,train,0,2,3,0.8879340887069702,0.5115885138511658,0.6666666666666666,True,0,offline_teacher_to_causal_s623
formal_u2_family_072_r02_s01,formal_u2_family_072_r02,u2_family_072,train,3,5,3,0.4963662326335907,0.9314722418785095,0.6666666666666666,True,0,offline_teacher_to_causal_s623
formal_u2_family_072_r02_s02,formal_u2_family_072_r02,u2_family_072,train,6,14,9,0.3435719311237335,0.5218567252159119,0.6666666666666666,True,0,offline_teacher_to_causal_s623
formal_u2_family_072_r02_s03,formal_u2_family_072_r02,u2_family_072,train,15,17,3,0.506939709186554,0.6415100693702698,1.0,True,0,offline_teacher_to_causal_s623
formal_u2_family_072_r02_s04,formal_u2_family_072_r02,u2_family_072,train,18,24,7,0.4893374443054199,0.98365318775177,0.8571428571428571,True,0,offline_teacher_to_causal_s623
formal_u2_family_072_r02_s05,formal_u2_family_072_r02,u2_family_072,train,25,26,2,0.5829112529754639,0.49800658226013184,1.0,True,0,offline_teacher_to_causal_s623
formal_u2_family_072_r03_s00,formal_u2_family_072_r03,u2_family_072,train,0,2,3,0.3483266234397888,0.681183397769928,0.3333333333333333,True,0,offline_teacher_to_causal_s623
formal_u2_family_072_r03_s01,formal_u2_family_072_r03,u2_family_072,train,3,6,4,0.5013172626495361,0.933381974697113,0.75,True,0,offline_teacher_to_causal_s623
formal_u2_family_072_r03_s02,formal_u2_family_072_r03,u2_family_072,train,7,17,11,0.31910964846611023,0.5025762319564819,0.36363636363636365,True,0,offline_teacher_to_causal_s623
formal_u2_family_072_r03_s03,formal_u2_family_072_r03,u2_family_072,train,18,20,3,0.5019603967666626,0.5056192874908447,1.0,True,0,offline_teacher_to_causal_s623
formal_u2_family_072_r03_s04,formal_u2_family_072_r03,u2_family_072,train,21,23,3,0.5031746029853821,0.5005156993865967,1.0,True,0,offline_teacher_to_causal_s623
formal_u2_family_072_r03_s05,formal_u2_family_072_r03,u2_family_072,train,24,26,3,0.9861392378807068,0.5955194234848022,0.6666666666666666,True,0,offline_teacher_to_causal_s623
formal_u2_family_072_r04_s00,formal_u2_family_072_r04,u2_family_072,train,0,2,3,0.3489971160888672,0.6819651126861572,0.3333333333333333,True,0,offline_teacher_to_causal_s623
formal_u2_family_072_r04_s01,formal_u2_family_072_r04,u2_family_072,train,3,6,4,0.49938586354255676,0.9326446652412415,0.75,True,0,offline_teacher_to_causal_s623
formal_u2_family_072_r04_s02,formal_u2_family_072_r04,u2_family_072,train,7,16,10,0.3138139247894287,0.5034827589988708,0.3,True,0,offline_teacher_to_causal_s623
formal_u2_family_072_r04_s03,formal_u2_family_072_r04,u2_family_072,train,17,19,3,0.4993045926094055,0.507544994354248,1.0,True,0,offline_teacher_to_causal_s623
formal_u2_family_072_r04_s04,formal_u2_family_072_r04,u2_family_072,train,20,25,6,0.6485510468482971,0.9840838313102722,0.8333333333333334,True,0,offline_teacher_to_causal_s623
formal_u2_family_072_r04_s05,formal_u2_family_072_r04,u2_family_072,train,26,27,2,0.579797625541687,0.5418539643287659,1.0,True,0,offline_teacher_to_causal_s623
formal_u2_family_072_r05_s00,formal_u2_family_072_r05,u2_family_072,train,0,2,3,0.35061347484588623,0.6814729571342468,0.3333333333333333,True,0,offline_teacher_to_causal_s623
formal_u2_family_072_r05_s01,formal_u2_family_072_r05,u2_family_072,train,3,6,4,0.5018507838249207,0.9335328936576843,0.75,True,0,offline_teacher_to_causal_s623
formal_u2_family_072_r05_s02,formal_u2_family_072_r05,u2_family_072,train,7,15,9,0.3105478882789612,0.6523231267929077,0.6666666666666666,True,0,offline_teacher_to_causal_s623
formal_u2_family_072_r05_s03,formal_u2_family_072_r05,u2_family_072,train,16,18,3,0.5071061253547668,0.5020421147346497,1.0,True,0,offline_teacher_to_causal_s623
formal_u2_family_072_r05_s04,formal_u2_family_072_r05,u2_family_072,train,19,21,3,0.5067169666290283,0.585442841053009,0.6666666666666666,True,0,offline_teacher_to_causal_s623
formal_u2_family_072_r05_s05,formal_u2_family_072_r05,u2_family_072,train,22,22,1,0.5142112374305725,0.5142112374305725,1.0,True,0,offline_teacher_to_causal_s623
formal_u2_family_073_r00_s00,formal_u2_family_073_r00,u2_family_073,train,0,2,3,0.3459988832473755,0.6807407140731812,0.3333333333333333,True,0,offline_teacher_to_causal_s623
formal_u2_family_073_r00_s01,formal_u2_family_073_r00,u2_family_073,train,3,5,3,0.4995430111885071,0.9662801027297974,0.3333333333333333,True,1,offline_teacher_to_causal_s623
formal_u2_family_073_r00_s02,formal_u2_family_073_r00,u2_family_073,train,6,19,14,0.9424049258232117,0.5143351554870605,0.5,True,0,offline_teacher_to_causal_s623
formal_u2_family_073_r00_s03,formal_u2_family_073_r00,u2_family_073,train,20,22,3,0.6630774140357971,0.5052309036254883,1.0,True,0,offline_teacher_to_causal_s623
formal_u2_family_073_r00_s04,formal_u2_family_073_r00,u2_family_073,train,23,26,4,0.4939669370651245,0.9823300242424011,0.75,True,0,offline_teacher_to_causal_s623
formal_u2_family_073_r00_s05,formal_u2_family_073_r00,u2_family_073,train,27,28,2,0.5800359845161438,0.5321365594863892,1.0,True,0,offline_teacher_to_causal_s623
formal_u2_family_073_r01_s00,formal_u2_family_073_r01,u2_family_073,train,0,2,3,0.890989363193512,0.5123878717422485,0.6666666666666666,True,0,offline_teacher_to_causal_s623
formal_u2_family_073_r01_s01,formal_u2_family_073_r01,u2_family_073,train,3,5,3,0.49714577198028564,0.9317028522491455,0.6666666666666666,True,0,offline_teacher_to_causal_s623
formal_u2_family_073_r01_s02,formal_u2_family_073_r01,u2_family_073,train,6,16,11,0.34005463123321533,0.5106303095817566,0.5454545454545454,True,0,offline_teacher_to_causal_s623
formal_u2_family_073_r01_s03,formal_u2_family_073_r01,u2_family_073,train,17,23,7,0.5057894587516785,0.9835418462753296,0.8571428571428571,True,0,offline_teacher_to_causal_s623
formal_u2_family_073_r01_s04,formal_u2_family_073_r01,u2_family_073,train,24,25,2,0.5736623406410217,0.5400843620300293,1.0,True,0,offline_teacher_to_causal_s623
formal_u2_family_073_r02_s00,formal_u2_family_073_r02,u2_family_073,train,0,2,3,0.34859606623649597,0.6803941130638123,0.3333333333333333,True,0,offline_teacher_to_causal_s623
formal_u2_family_073_r02_s01,formal_u2_family_073_r02,u2_family_073,train,3,5,3,0.49788999557495117,0.9656410813331604,0.3333333333333333,True,1,offline_teacher_to_causal_s623
formal_u2_family_073_r02_s02,formal_u2_family_073_r02,u2_family_073,train,6,8,3,0.7936075329780579,0.716997504234314,0.3333333333333333,False,0,offline_teacher_to_causal_s623
formal_u2_family_073_r02_s03,formal_u2_family_073_r02,u2_family_073,train,9,11,3,0.65395188331604,0.6330161094665527,0.6666666666666666,False,0,offline_teacher_to_causal_s623
formal_u2_family_073_r02_s04,formal_u2_family_073_r02,u2_family_073,train,12,14,3,0.6508434414863586,0.5610690712928772,0.6666666666666666,False,0,offline_teacher_to_causal_s623
formal_u2_family_073_r02_s05,formal_u2_family_073_r02,u2_family_073,train,15,17,3,0.5673153400421143,0.526427149772644,1.0,False,0,offline_teacher_to_causal_s623
formal_u2_family_073_r02_s06,formal_u2_family_073_r02,u2_family_073,train,18,20,3,0.5826013088226318,0.5575786232948303,1.0,False,0,offline_teacher_to_causal_s623
formal_u2_family_073_r02_s07,formal_u2_family_073_r02,u2_family_073,train,21,23,3,0.6276971101760864,0.6518768668174744,1.0,False,0,offline_teacher_to_causal_s623
formal_u2_family_073_r02_s08,formal_u2_family_073_r02,u2_family_073,train,24,26,3,0.5761178135871887,0.5786733627319336,1.0,False,0,offline_teacher_to_causal_s623
formal_u2_family_073_r02_s09,formal_u2_family_073_r02,u2_family_073,train,27,29,3,0.5858816504478455,0.5446542501449585,1.0,False,0,offline_teacher_to_causal_s623
formal_u2_family_073_r02_s10,formal_u2_family_073_r02,u2_family_073,train,30,33,4,0.5694749355316162,0.5560352206230164,1.0,False,0,offline_teacher_to_causal_s623
formal_u2_family_073_r02_s11,formal_u2_family_073_r02,u2_family_073,train,34,36,3,0.5915399789810181,0.6385838985443115,1.0,False,0,offline_teacher_to_causal_s623
formal_u2_family_073_r02_s12,formal_u2_family_073_r02,u2_family_073,train,37,40,4,0.5371217131614685,0.5615527033805847,1.0,False,0,offline_teacher_to_causal_s623
formal_u2_family_073_r02_s13,formal_u2_family_073_r02,u2_family_073,train,41,43,3,0.49241402745246887,0.5499400496482849,1.0,False,0,offline_teacher_to_causal_s623
formal_u2_family_073_r02_s14,formal_u2_family_073_r02,u2_family_073,train,44,47,4,0.5531615614891052,0.5429529547691345,1.0,False,0,offline_teacher_to_causal_s623
formal_u2_family_073_r03_s00,formal_u2_family_073_r03,u2_family_073,train,0,2,3,0.8880918025970459,0.5045314431190491,0.6666666666666666,True,0,offline_teacher_to_causal_s623
formal_u2_family_073_r03_s01,formal_u2_family_073_r03,u2_family_073,train,3,5,3,0.49040791392326355,0.9326260089874268,0.6666666666666666,True,0,offline_teacher_to_causal_s623
formal_u2_family_073_r03_s02,formal_u2_family_073_r03,u2_family_073,train,6,14,9,0.32305991649627686,0.5009089708328247,0.4444444444444444,True,0,offline_teacher_to_causal_s623
formal_u2_family_073_r03_s03,formal_u2_family_073_r03,u2_family_073,train,15,17,3,0.49165084958076477,0.652664065361023,1.0,True,0,offline_teacher_to_causal_s623
formal_u2_family_073_r03_s04,formal_u2_family_073_r03,u2_family_073,train,18,22,5,0.4947636127471924,0.9848281741142273,0.8,True,0,offline_teacher_to_causal_s623
formal_u2_family_073_r03_s05,formal_u2_family_073_r03,u2_family_073,train,23,24,2,0.5798879861831665,0.5449321866035461,1.0,True,0,offline_teacher_to_causal_s623
formal_u2_family_073_r04_s00,formal_u2_family_073_r04,u2_family_073,train,0,2,3,0.3493576943874359,0.6827068328857422,0.3333333333333333,True,0,offline_teacher_to_causal_s623
formal_u2_family_073_r04_s01,formal_u2_family_073_r04,u2_family_073,train,3,5,3,0.4970613420009613,0.9362148642539978,0.6666666666666666,True,0,offline_teacher_to_causal_s623
formal_u2_family_073_r04_s02,formal_u2_family_073_r04,u2_family_073,train,6,16,11,0.34276503324508667,0.5040767788887024,0.36363636363636365,True,0,offline_teacher_to_causal_s623
formal_u2_family_073_r04_s03,formal_u2_family_073_r04,u2_family_073,train,17,19,3,0.5018219947814941,0.6496787667274475,1.0,True,0,offline_teacher_to_causal_s623
formal_u2_family_073_r04_s04,formal_u2_family_073_r04,u2_family_073,train,20,25,6,0.5002431273460388,0.9841201901435852,0.8333333333333334,True,0,offline_teacher_to_causal_s623
formal_u2_family_073_r04_s05,formal_u2_family_073_r04,u2_family_073,train,26,27,2,0.5911597013473511,0.5966672897338867,1.0,True,0,offline_teacher_to_causal_s623
formal_u2_family_073_r05_s00,formal_u2_family_073_r05,u2_family_073,train,0,2,3,0.35072463750839233,0.6815098524093628,0.3333333333333333,True,0,offline_teacher_to_causal_s623
formal_u2_family_073_r05_s01,formal_u2_family_073_r05,u2_family_073,train,3,5,3,0.49952706694602966,0.9655123949050903,0.3333333333333333,True,1,offline_teacher_to_causal_s623
formal_u2_family_073_r05_s02,formal_u2_family_073_r05,u2_family_073,train,6,8,3,0.7702967524528503,0.688227653503418,0.6666666666666666,False,0,offline_teacher_to_causal_s623
formal_u2_family_073_r05_s03,formal_u2_family_073_r05,u2_family_073,train,9,11,3,0.7233542799949646,0.5809518098831177,0.3333333333333333,False,0,offline_teacher_to_causal_s623
formal_u2_family_073_r05_s04,formal_u2_family_073_r05,u2_family_073,train,12,14,3,0.4725196957588196,0.5122429132461548,0.0,False,0,offline_teacher_to_causal_s623
formal_u2_family_073_r05_s05,formal_u2_family_073_r05,u2_family_073,train,15,18,4,0.443999707698822,0.6110458970069885,0.25,False,0,offline_teacher_to_causal_s623
formal_u2_family_073_r05_s06,formal_u2_family_073_r05,u2_family_073,train,19,21,3,0.6236349940299988,0.6018920540809631,1.0,False,0,offline_teacher_to_causal_s623
formal_u2_family_073_r05_s07,formal_u2_family_073_r05,u2_family_073,train,22,24,3,0.6667858958244324,0.6274144053459167,1.0,False,0,offline_teacher_to_causal_s623
formal_u2_family_073_r05_s08,formal_u2_family_073_r05,u2_family_073,train,25,27,3,0.5860236287117004,0.5614402890205383,1.0,False,0,offline_teacher_to_causal_s623
formal_u2_family_073_r05_s09,formal_u2_family_073_r05,u2_family_073,train,28,30,3,0.5533274412155151,0.5567148923873901,1.0,False,0,offline_teacher_to_causal_s623
formal_u2_family_073_r05_s10,formal_u2_family_073_r05,u2_family_073,train,31,33,3,0.5431702136993408,0.6044026017189026,1.0,False,0,offline_teacher_to_causal_s623
formal_u2_family_073_r05_s11,formal_u2_family_073_r05,u2_family_073,train,34,36,3,0.5681107044219971,0.5866329073905945,1.0,False,0,offline_teacher_to_causal_s623
formal_u2_family_073_r05_s12,formal_u2_family_073_r05,u2_family_073,train,37,39,3,0.60352623462677,0.5879543423652649,1.0,False,0,offline_teacher_to_causal_s623
formal_u2_family_073_r05_s13,formal_u2_family_073_r05,u2_family_073,train,40,42,3,0.6241993308067322,0.5377792119979858,1.0,False,0,offline_teacher_to_causal_s623
formal_u2_family_073_r05_s14,formal_u2_family_073_r05,u2_family_073,train,43,45,3,0.5744830369949341,0.6129422783851624,1.0,False,0,offline_teacher_to_causal_s623
formal_u2_family_073_r05_s15,formal_u2_family_073_r05,u2_family_073,train,46,47,2,0.5540080666542053,0.5656533241271973,1.0,False,0,offline_teacher_to_causal_s623
formal_u2_family_074_r00_s00,formal_u2_family_074_r00,u2_family_074,train,0,2,3,0.34978657960891724,0.6823542714118958,0.3333333333333333,True,0,offline_teacher_to_causal_s623
formal_u2_family_074_r00_s01,formal_u2_family_074_r00,u2_family_074,train,3,5,3,0.5016564726829529,0.928672730922699,0.6666666666666666,True,1,offline_teacher_to_causal_s623
formal_u2_family_074_r00_s02,formal_u2_family_074_r00,u2_family_074,train,6,8,3,0.9614790081977844,0.8552359938621521,0.0,True,0,offline_teacher_to_causal_s623
formal_u2_family_074_r00_s03,formal_u2_family_074_r00,u2_family_074,train,9,20,12,0.415914386510849,0.5031201839447021,0.3333333333333333,True,0,offline_teacher_to_causal_s623
formal_u2_family_074_r00_s04,formal_u2_family_074_r00,u2_family_074,train,21,23,3,0.4971630275249481,0.6533958911895752,1.0,True,0,offline_teacher_to_causal_s623
formal_u2_family_074_r00_s05,formal_u2_family_074_r00,u2_family_074,train,24,28,5,0.49974602460861206,0.9854185581207275,0.8,True,0,offline_teacher_to_causal_s623
formal_u2_family_074_r00_s06,formal_u2_family_074_r00,u2_family_074,train,29,30,2,0.5828810334205627,0.5833240747451782,1.0,True,0,offline_teacher_to_causal_s623
formal_u2_family_074_r01_s00,formal_u2_family_074_r01,u2_family_074,train,0,2,3,0.8887922763824463,0.5088159441947937,0.6666666666666666,True,0,offline_teacher_to_causal_s623
formal_u2_family_074_r01_s01,formal_u2_family_074_r01,u2_family_074,train,3,5,3,0.4927836060523987,0.9555945992469788,0.6666666666666666,True,1,offline_teacher_to_causal_s623
formal_u2_family_074_r01_s02,formal_u2_family_074_r01,u2_family_074,train,6,8,3,0.9273669123649597,0.6136342883110046,0.3333333333333333,True,0,offline_teacher_to_causal_s623
formal_u2_family_074_r01_s03,formal_u2_family_074_r01,u2_family_074,train,9,20,12,0.9070801138877869,0.6460412740707397,0.5,True,0,offline_teacher_to_causal_s623
formal_u2_family_074_r01_s04,formal_u2_family_074_r01,u2_family_074,train,21,24,4,0.5013320446014404,0.5045976042747498,1.0,True,0,offline_teacher_to_causal_s623
formal_u2_family_074_r01_s05,formal_u2_family_074_r01,u2_family_074,train,25,27,3,0.9858367443084717,0.5990930795669556,0.6666666666666666,True,0,offline_teacher_to_causal_s623
formal_u2_family_074_r02_s00,formal_u2_family_074_r02,u2_family_074,train,0,2,3,0.3486768901348114,0.6817298531532288,0.3333333333333333,True,0,offline_teacher_to_causal_s623
formal_u2_family_074_r02_s01,formal_u2_family_074_r02,u2_family_074,train,3,5,3,0.5017711520195007,0.9280889630317688,0.6666666666666666,True,1,offline_teacher_to_causal_s623
formal_u2_family_074_r02_s02,formal_u2_family_074_r02,u2_family_074,train,6,8,3,0.9604084491729736,0.6013931632041931,0.0,True,0,offline_teacher_to_causal_s623
formal_u2_family_074_r02_s03,formal_u2_family_074_r02,u2_family_074,train,9,19,11,0.5231361389160156,0.5064274072647095,0.45454545454545453,True,0,offline_teacher_to_causal_s623
formal_u2_family_074_r02_s04,formal_u2_family_074_r02,u2_family_074,train,20,22,3,0.5032116174697876,0.6556341052055359,1.0,True,0,offline_teacher_to_causal_s623
formal_u2_family_074_r02_s05,formal_u2_family_074_r02,u2_family_074,train,23,26,4,0.502044141292572,0.5030583739280701,1.0,True,0,offline_teacher_to_causal_s623
formal_u2_family_074_r02_s06,formal_u2_family_074_r02,u2_family_074,train,27,29,3,0.9846473932266235,0.5235483646392822,0.6666666666666666,True,0,offline_teacher_to_causal_s623
formal_u2_family_074_r03_s00,formal_u2_family_074_r03,u2_family_074,train,0,2,3,0.3498288691043854,0.6800576448440552,0.3333333333333333,True,0,offline_teacher_to_causal_s623
formal_u2_family_074_r03_s01,formal_u2_family_074_r03,u2_family_074,train,3,5,3,0.49944308400154114,0.9273455142974854,0.6666666666666666,True,1,offline_teacher_to_causal_s623
formal_u2_family_074_r03_s02,formal_u2_family_074_r03,u2_family_074,train,6,8,3,0.9713550806045532,0.6246162056922913,0.3333333333333333,True,0,offline_teacher_to_causal_s623
formal_u2_family_074_r03_s03,formal_u2_family_074_r03,u2_family_074,train,9,18,10,0.5124980807304382,0.6481668949127197,0.7,True,0,offline_teacher_to_causal_s623
formal_u2_family_074_r03_s04,formal_u2_family_074_r03,u2_family_074,train,19,21,3,0.5056725740432739,0.514339804649353,1.0,True,0,offline_teacher_to_causal_s623
formal_u2_family_074_r03_s05,formal_u2_family_074_r03,u2_family_074,train,22,24,3,0.9875847697257996,0.570349931716919,0.6666666666666666,True,0,offline_teacher_to_causal_s623
formal_u2_family_074_r04_s00,formal_u2_family_074_r04,u2_family_074,train,0,2,3,0.34793272614479065,0.681681215763092,0.3333333333333333,True,0,offline_teacher_to_causal_s623
formal_u2_family_074_r04_s01,formal_u2_family_074_r04,u2_family_074,train,3,5,3,0.4977506697177887,0.9270740151405334,0.6666666666666666,True,1,offline_teacher_to_causal_s623
formal_u2_family_074_r04_s02,formal_u2_family_074_r04,u2_family_074,train,6,8,3,0.9714206457138062,0.6289035081863403,0.0,True,0,offline_teacher_to_causal_s623
formal_u2_family_074_r04_s03,formal_u2_family_074_r04,u2_family_074,train,9,19,11,0.5115960836410522,0.5179511904716492,0.6363636363636364,True,0,offline_teacher_to_causal_s623
formal_u2_family_074_r04_s04,formal_u2_family_074_r04,u2_family_074,train,20,22,3,0.6600909233093262,0.5050206184387207,1.0,True,0,offline_teacher_to_causal_s623
formal_u2_family_074_r04_s05,formal_u2_family_074_r04,u2_family_074,train,23,25,3,0.49435901641845703,0.9849241971969604,0.6666666666666666,True,0,offline_teacher_to_causal_s623
formal_u2_family_074_r04_s06,formal_u2_family_074_r04,u2_family_074,train,26,27,2,0.5878397822380066,0.5534871816635132,1.0,True,0,offline_teacher_to_causal_s623
formal_u2_family_074_r05_s00,formal_u2_family_074_r05,u2_family_074,train,0,2,3,0.34864771366119385,0.6810513734817505,0.3333333333333333,True,0,offline_teacher_to_causal_s623
formal_u2_family_074_r05_s01,formal_u2_family_074_r05,u2_family_074,train,3,5,3,0.49964702129364014,0.9282156825065613,0.6666666666666666,True,1,offline_teacher_to_causal_s623
formal_u2_family_074_r05_s02,formal_u2_family_074_r05,u2_family_074,train,6,8,3,0.9713203310966492,0.7209823727607727,0.3333333333333333,True,0,offline_teacher_to_causal_s623
formal_u2_family_074_r05_s03,formal_u2_family_074_r05,u2_family_074,train,9,20,12,0.9020099639892578,0.509149432182312,0.5,True,0,offline_teacher_to_causal_s623
formal_u2_family_074_r05_s04,formal_u2_family_074_r05,u2_family_074,train,21,23,3,0.6492151021957397,0.5064418315887451,1.0,True,0,offline_teacher_to_causal_s623
formal_u2_family_074_r05_s05,formal_u2_family_074_r05,u2_family_074,train,24,26,3,0.4946874976158142,0.9853374361991882,0.6666666666666666,True,0,offline_teacher_to_causal_s623
formal_u2_family_074_r05_s06,formal_u2_family_074_r05,u2_family_074,train,27,28,2,0.5852013826370239,0.5447849631309509,1.0,True,0,offline_teacher_to_causal_s623
formal_u2_family_075_r00_s00,formal_u2_family_075_r00,u2_family_075,train,0,2,3,0.34997352957725525,0.6800521016120911,0.3333333333333333,True,0,offline_teacher_to_causal_s623
formal_u2_family_075_r00_s01,formal_u2_family_075_r00,u2_family_075,train,3,6,4,0.49681124091148376,0.9329262375831604,0.75,True,0,offline_teacher_to_causal_s623
formal_u2_family_075_r00_s02,formal_u2_family_075_r00,u2_family_075,train,7,15,9,0.30833280086517334,0.5021723508834839,0.4444444444444444,True,0,offline_teacher_to_causal_s623
formal_u2_family_075_r00_s03,formal_u2_family_075_r00,u2_family_075,train,16,18,3,0.49516451358795166,0.6534764766693115,1.0,True,0,offline_teacher_to_causal_s623
formal_u2_family_075_r00_s04,formal_u2_family_075_r00,u2_family_075,train,19,23,5,0.4993104934692383,0.9844486713409424,0.8,True,0,offline_teacher_to_causal_s623
formal_u2_family_075_r00_s05,formal_u2_family_075_r00,u2_family_075,train,24,25,2,0.5842564105987549,0.5817522406578064,1.0,True,0,offline_teacher_to_causal_s623
formal_u2_family_075_r01_s00,formal_u2_family_075_r01,u2_family_075,train,0,2,3,0.3466953635215759,0.6803039908409119,0.3333333333333333,True,0,offline_teacher_to_causal_s623
formal_u2_family_075_r01_s01,formal_u2_family_075_r01,u2_family_075,train,3,6,4,0.4989074468612671,0.932994544506073,0.75,True,0,offline_teacher_to_causal_s623
formal_u2_family_075_r01_s02,formal_u2_family_075_r01,u2_family_075,train,7,15,9,0.3084854185581207,0.5011550784111023,0.4444444444444444,True,0,offline_teacher_to_causal_s623
formal_u2_family_075_r01_s03,formal_u2_family_075_r01,u2_family_075,train,16,18,3,0.4926002025604248,0.6487122178077698,1.0,True,0,offline_teacher_to_causal_s623
formal_u2_family_075_r01_s04,formal_u2_family_075_r01,u2_family_075,train,19,22,4,0.5016840100288391,0.500449538230896,1.0,True,0,offline_teacher_to_causal_s623
formal_u2_family_075_r01_s05,formal_u2_family_075_r01,u2_family_075,train,23,25,3,0.9857890009880066,0.5079711675643921,0.6666666666666666,True,0,offline_teacher_to_causal_s623
formal_u2_family_075_r02_s00,formal_u2_family_075_r02,u2_family_075,train,0,2,3,0.3506147265434265,0.6797016859054565,0.3333333333333333,True,0,offline_teacher_to_causal_s623
formal_u2_family_075_r02_s01,formal_u2_family_075_r02,u2_family_075,train,3,6,4,0.4982205927371979,0.9326727390289307,0.75,True,0,offline_teacher_to_causal_s623
formal_u2_family_075_r02_s02,formal_u2_family_075_r02,u2_family_075,train,7,16,10,0.3110926151275635,0.5041096806526184,0.4,True,0,offline_teacher_to_causal_s623
formal_u2_family_075_r02_s03,formal_u2_family_075_r02,u2_family_075,train,17,19,3,0.4998925030231476,0.6511656045913696,1.0,True,0,offline_teacher_to_causal_s623
formal_u2_family_075_r02_s04,formal_u2_family_075_r02,u2_family_075,train,20,25,6,0.49948811531066895,0.9855870008468628,0.8333333333333334,True,0,offline_teacher_to_causal_s623
formal_u2_family_075_r02_s05,formal_u2_family_075_r02,u2_family_075,train,26,27,2,0.585424542427063,0.5728909969329834,1.0,True,0,offline_teacher_to_causal_s623
formal_u2_family_075_r03_s00,formal_u2_family_075_r03,u2_family_075,train,0,2,3,0.34672340750694275,0.6818224787712097,0.3333333333333333,True,0,offline_teacher_to_causal_s623
formal_u2_family_075_r03_s01,formal_u2_family_075_r03,u2_family_075,train,3,6,4,0.4999896287918091,0.9329818487167358,0.75,True,0,offline_teacher_to_causal_s623
formal_u2_family_075_r03_s02,formal_u2_family_075_r03,u2_family_075,train,7,17,11,0.3198626637458801,0.5037431716918945,0.2727272727272727,True,0,offline_teacher_to_causal_s623
formal_u2_family_075_r03_s03,formal_u2_family_075_r03,u2_family_075,train,18,20,3,0.5026413202285767,0.649477481842041,1.0,True,0,offline_teacher_to_causal_s623
formal_u2_family_075_r03_s04,formal_u2_family_075_r03,u2_family_075,train,21,25,5,0.5005668997764587,0.9856248497962952,0.8,True,0,offline_teacher_to_causal_s623
formal_u2_family_075_r03_s05,formal_u2_family_075_r03,u2_family_075,train,26,27,2,0.5823531150817871,0.5734152793884277,1.0,True,0,offline_teacher_to_causal_s623
formal_u2_family_075_r04_s00,formal_u2_family_075_r04,u2_family_075,train,0,2,3,0.34659019112586975,0.6800302267074585,0.3333333333333333,True,0,offline_teacher_to_causal_s623
formal_u2_family_075_r04_s01,formal_u2_family_075_r04,u2_family_075,train,3,6,4,0.5012006759643555,0.9330054521560669,0.75,True,0,offline_teacher_to_causal_s623
formal_u2_family_075_r04_s02,formal_u2_family_075_r04,u2_family_075,train,7,18,12,0.31097719073295593,0.5037436485290527,0.25,True,0,offline_teacher_to_causal_s623
formal_u2_family_075_r04_s03,formal_u2_family_075_r04,u2_family_075,train,19,21,3,0.500710666179657,0.5059649348258972,1.0,True,0,offline_teacher_to_causal_s623
formal_u2_family_075_r04_s04,formal_u2_family_075_r04,u2_family_075,train,22,24,3,0.5031483769416809,0.5028626322746277,1.0,True,0,offline_teacher_to_causal_s623
formal_u2_family_075_r04_s05,formal_u2_family_075_r04,u2_family_075,train,25,27,3,0.9850968718528748,0.5661395788192749,0.6666666666666666,True,0,offline_teacher_to_causal_s623
formal_u2_family_075_r05_s00,formal_u2_family_075_r05,u2_family_075,train,0,2,3,0.3512846827507019,0.6795052886009216,0.3333333333333333,True,0,offline_teacher_to_causal_s623
formal_u2_family_075_r05_s01,formal_u2_family_075_r05,u2_family_075,train,3,6,4,0.49680018424987793,0.9327166080474854,0.75,True,0,offline_teacher_to_causal_s623
formal_u2_family_075_r05_s02,formal_u2_family_075_r05,u2_family_075,train,7,16,10,0.31023818254470825,0.504021167755127,0.3,True,0,offline_teacher_to_causal_s623
formal_u2_family_075_r05_s03,formal_u2_family_075_r05,u2_family_075,train,17,19,3,0.49735039472579956,0.6491447687149048,1.0,True,0,offline_teacher_to_causal_s623
formal_u2_family_075_r05_s04,formal_u2_family_075_r05,u2_family_075,train,20,24,5,0.49776095151901245,0.9850257039070129,0.8,True,0,offline_teacher_to_causal_s623
formal_u2_family_075_r05_s05,formal_u2_family_075_r05,u2_family_075,train,25,26,2,0.5861986875534058,0.5921792984008789,1.0,True,0,offline_teacher_to_causal_s623
formal_u2_family_076_r00_s00,formal_u2_family_076_r00,u2_family_076,train,0,2,3,0.3486780524253845,0.6784108281135559,0.3333333333333333,True,0,offline_teacher_to_causal_s623
formal_u2_family_076_r00_s01,formal_u2_family_076_r00,u2_family_076,train,3,5,3,0.5017204284667969,0.929534375667572,0.6666666666666666,True,0,offline_teacher_to_causal_s623
formal_u2_family_076_r01_s00,formal_u2_family_076_r01,u2_family_076,train,0,2,3,0.34888577461242676,0.677760660648346,0.3333333333333333,True,0,offline_teacher_to_causal_s623
formal_u2_family_076_r01_s01,formal_u2_family_076_r01,u2_family_076,train,3,6,4,0.4989112615585327,0.9272465109825134,0.75,True,0,offline_teacher_to_causal_s623
formal_u2_family_076_r02_s00,formal_u2_family_076_r02,u2_family_076,train,0,2,3,0.8865780234336853,0.5091544985771179,0.6666666666666666,True,0,offline_teacher_to_causal_s623
formal_u2_family_076_r02_s01,formal_u2_family_076_r02,u2_family_076,train,3,5,3,0.49540093541145325,0.9268504977226257,0.6666666666666666,True,0,offline_teacher_to_causal_s623
formal_u2_family_076_r03_s00,formal_u2_family_076_r03,u2_family_076,train,0,2,3,0.34411460161209106,0.6804808974266052,0.3333333333333333,True,0,offline_teacher_to_causal_s623
formal_u2_family_076_r03_s01,formal_u2_family_076_r03,u2_family_076,train,3,7,5,0.5050280690193176,0.9228469729423523,0.8,True,0,offline_teacher_to_causal_s623
formal_u2_family_076_r04_s00,formal_u2_family_076_r04,u2_family_076,train,0,2,3,0.348399817943573,0.6788791418075562,0.3333333333333333,True,0,offline_teacher_to_causal_s623
formal_u2_family_076_r04_s01,formal_u2_family_076_r04,u2_family_076,train,3,6,4,0.4991420805454254,0.9285960793495178,0.75,True,0,offline_teacher_to_causal_s623
formal_u2_family_076_r05_s00,formal_u2_family_076_r05,u2_family_076,train,0,2,3,0.35276806354522705,0.6803996562957764,0.3333333333333333,True,0,offline_teacher_to_causal_s623
formal_u2_family_076_r05_s01,formal_u2_family_076_r05,u2_family_076,train,3,6,4,0.5003811717033386,0.9298273921012878,0.75,True,0,offline_teacher_to_causal_s623
formal_u2_family_077_r00_s00,formal_u2_family_077_r00,u2_family_077,train,0,9,10,0.27299389243125916,0.9700930714607239,0.0,True,0,offline_teacher_to_causal_s623
formal_u2_family_077_r00_s01,formal_u2_family_077_r00,u2_family_077,train,10,12,3,0.6353621482849121,0.5124403834342957,1.0,True,0,offline_teacher_to_causal_s623
formal_u2_family_077_r00_s02,formal_u2_family_077_r00,u2_family_077,train,13,25,13,0.4912298321723938,0.5033003687858582,0.38461538461538464,True,0,offline_teacher_to_causal_s623
formal_u2_family_077_r00_s03,formal_u2_family_077_r00,u2_family_077,train,26,28,3,0.5021112561225891,0.6536234617233276,1.0,True,0,offline_teacher_to_causal_s623
formal_u2_family_077_r00_s04,formal_u2_family_077_r00,u2_family_077,train,29,33,5,0.498953640460968,0.9850831031799316,0.8,True,0,offline_teacher_to_causal_s623
formal_u2_family_077_r00_s05,formal_u2_family_077_r00,u2_family_077,train,34,35,2,0.5875450968742371,0.5578462481498718,1.0,True,0,offline_teacher_to_causal_s623
formal_u2_family_077_r01_s00,formal_u2_family_077_r01,u2_family_077,train,0,9,10,0.2727317214012146,0.9685736298561096,0.0,True,0,offline_teacher_to_causal_s623
formal_u2_family_077_r01_s01,formal_u2_family_077_r01,u2_family_077,train,10,12,3,0.6313729286193848,0.5176909565925598,1.0,True,0,offline_teacher_to_causal_s623
formal_u2_family_077_r01_s02,formal_u2_family_077_r01,u2_family_077,train,13,15,3,0.49463820457458496,0.9332306981086731,0.6666666666666666,True,0,offline_teacher_to_causal_s623
formal_u2_family_077_r01_s03,formal_u2_family_077_r01,u2_family_077,train,16,24,9,0.3093020021915436,0.5001230835914612,0.4444444444444444,True,0,offline_teacher_to_causal_s623
formal_u2_family_077_r01_s04,formal_u2_family_077_r01,u2_family_077,train,25,27,3,0.4958861172199249,0.6542243957519531,1.0,True,0,offline_teacher_to_causal_s623
formal_u2_family_077_r01_s05,formal_u2_family_077_r01,u2_family_077,train,28,32,5,0.49981385469436646,0.9842199683189392,0.8,True,0,offline_teacher_to_causal_s623
formal_u2_family_077_r01_s06,formal_u2_family_077_r01,u2_family_077,train,33,34,2,0.5851680040359497,0.5689747929573059,1.0,True,0,offline_teacher_to_causal_s623
formal_u2_family_077_r02_s00,formal_u2_family_077_r02,u2_family_077,train,0,9,10,0.272643119096756,0.5013713836669922,0.0,False,0,offline_teacher_to_causal_s623
formal_u2_family_077_r02_s01,formal_u2_family_077_r02,u2_family_077,train,10,12,3,0.974117636680603,0.5133659839630127,0.6666666666666666,True,0,offline_teacher_to_causal_s623
formal_u2_family_077_r02_s02,formal_u2_family_077_r02,u2_family_077,train,13,15,3,0.5011366605758667,0.9339166879653931,0.6666666666666666,True,0,offline_teacher_to_causal_s623
formal_u2_family_077_r02_s03,formal_u2_family_077_r02,u2_family_077,train,16,26,11,0.3188490867614746,0.6567817330360413,0.5454545454545454,True,0,offline_teacher_to_causal_s623
formal_u2_family_077_r02_s04,formal_u2_family_077_r02,u2_family_077,train,27,30,4,0.5080979466438293,0.9869499802589417,0.75,True,0,offline_teacher_to_causal_s623
formal_u2_family_077_r02_s05,formal_u2_family_077_r02,u2_family_077,train,31,32,2,0.587402880191803,0.568719208240509,1.0,True,0,offline_teacher_to_causal_s623
formal_u2_family_077_r03_s00,formal_u2_family_077_r03,u2_family_077,train,0,9,10,0.27368414402008057,0.5356150269508362,0.0,False,0,offline_teacher_to_causal_s623
formal_u2_family_077_r03_s01,formal_u2_family_077_r03,u2_family_077,train,10,12,3,0.9764957427978516,0.5128257274627686,0.6666666666666666,True,0,offline_teacher_to_causal_s623
formal_u2_family_077_r03_s02,formal_u2_family_077_r03,u2_family_077,train,13,24,12,0.49492648243904114,0.5043887495994568,0.4166666666666667,True,0,offline_teacher_to_causal_s623
formal_u2_family_077_r03_s03,formal_u2_family_077_r03,u2_family_077,train,25,27,3,0.49711140990257263,0.6563659906387329,1.0,True,0,offline_teacher_to_causal_s623
formal_u2_family_077_r03_s04,formal_u2_family_077_r03,u2_family_077,train,28,31,4,0.5032487511634827,0.5027403831481934,1.0,True,0,offline_teacher_to_causal_s623
formal_u2_family_077_r03_s05,formal_u2_family_077_r03,u2_family_077,train,32,34,3,0.9855917692184448,0.5366426706314087,0.6666666666666666,True,0,offline_teacher_to_causal_s623
formal_u2_family_077_r04_s00,formal_u2_family_077_r04,u2_family_077,train,0,9,10,0.2728462815284729,0.5194048881530762,0.0,False,0,offline_teacher_to_causal_s623
formal_u2_family_077_r04_s01,formal_u2_family_077_r04,u2_family_077,train,10,12,3,0.9757835268974304,0.5204810500144958,0.6666666666666666,True,0,offline_teacher_to_causal_s623
formal_u2_family_077_r04_s02,formal_u2_family_077_r04,u2_family_077,train,13,15,3,0.5033397674560547,0.9333747029304504,0.6666666666666666,True,0,offline_teacher_to_causal_s623
formal_u2_family_077_r04_s03,formal_u2_family_077_r04,u2_family_077,train,16,25,10,0.3205822706222534,0.5074831247329712,0.4,True,0,offline_teacher_to_causal_s623
formal_u2_family_077_r04_s04,formal_u2_family_077_r04,u2_family_077,train,26,28,3,0.5017268061637878,0.6583364605903625,1.0,True,0,offline_teacher_to_causal_s623
formal_u2_family_077_r04_s05,formal_u2_family_077_r04,u2_family_077,train,29,32,4,0.501293957233429,0.5028285980224609,1.0,True,0,offline_teacher_to_causal_s623
formal_u2_family_077_r04_s06,formal_u2_family_077_r04,u2_family_077,train,33,35,3,0.9852190017700195,0.5792710185050964,0.6666666666666666,True,0,offline_teacher_to_causal_s623
formal_u2_family_077_r05_s00,formal_u2_family_077_r05,u2_family_077,train,0,9,10,0.2729785442352295,0.5303536057472229,0.0,False,0,offline_teacher_to_causal_s623
formal_u2_family_077_r05_s01,formal_u2_family_077_r05,u2_family_077,train,10,12,3,0.976077139377594,0.5092687010765076,0.6666666666666666,True,0,offline_teacher_to_causal_s623
formal_u2_family_077_r05_s02,formal_u2_family_077_r05,u2_family_077,train,13,24,12,0.4911748468875885,0.6543586254119873,0.5833333333333334,True,0,offline_teacher_to_causal_s623
formal_u2_family_077_r05_s03,formal_u2_family_077_r05,u2_family_077,train,25,27,3,0.505425214767456,0.5083550810813904,1.0,True,0,offline_teacher_to_causal_s623
formal_u2_family_077_r05_s04,formal_u2_family_077_r05,u2_family_077,train,28,30,3,0.9874809384346008,0.5767133235931396,0.6666666666666666,True,0,offline_teacher_to_causal_s623
formal_u2_family_078_r00_s00,formal_u2_family_078_r00,u2_family_078,train,0,2,3,0.3184446692466736,0.6708180904388428,0.3333333333333333,True,0,offline_teacher_to_causal_s623
formal_u2_family_078_r00_s01,formal_u2_family_078_r00,u2_family_078,train,3,11,9,0.7074264287948608,0.6399219632148743,1.0,True,0,offline_teacher_to_causal_s623
formal_u2_family_078_r00_s02,formal_u2_family_078_r00,u2_family_078,train,12,21,10,0.544782817363739,0.9896112680435181,0.9,True,0,offline_teacher_to_causal_s623
formal_u2_family_078_r00_s03,formal_u2_family_078_r00,u2_family_078,train,22,23,2,0.5834380388259888,0.5644900798797607,1.0,True,0,offline_teacher_to_causal_s623
formal_u2_family_078_r01_s00,formal_u2_family_078_r01,u2_family_078,train,0,2,3,0.3212040364742279,0.6759304404258728,0.3333333333333333,True,0,offline_teacher_to_causal_s623
formal_u2_family_078_r01_s01,formal_u2_family_078_r01,u2_family_078,train,3,9,7,0.7126635313034058,0.5045562386512756,1.0,True,0,offline_teacher_to_causal_s623
formal_u2_family_078_r01_s02,formal_u2_family_078_r01,u2_family_078,train,10,12,3,0.5065785050392151,0.6648198962211609,1.0,True,0,offline_teacher_to_causal_s623
formal_u2_family_078_r01_s03,formal_u2_family_078_r01,u2_family_078,train,13,22,10,0.5104644894599915,0.9894315004348755,0.9,True,0,offline_teacher_to_causal_s623
formal_u2_family_078_r01_s04,formal_u2_family_078_r01,u2_family_078,train,23,24,2,0.5961280465126038,0.5916222333908081,1.0,True,0,offline_teacher_to_causal_s623
formal_u2_family_078_r02_s00,formal_u2_family_078_r02,u2_family_078,train,0,2,3,0.3194393217563629,0.6727887988090515,0.3333333333333333,True,0,offline_teacher_to_causal_s623
formal_u2_family_078_r02_s01,formal_u2_family_078_r02,u2_family_078,train,3,8,6,0.7084754109382629,0.5032429099082947,1.0,True,0,offline_teacher_to_causal_s623
formal_u2_family_078_r02_s02,formal_u2_family_078_r02,u2_family_078,train,9,19,11,0.5074731707572937,0.9899210929870605,0.9090909090909091,True,0,offline_teacher_to_causal_s623
formal_u2_family_078_r02_s03,formal_u2_family_078_r02,u2_family_078,train,20,21,2,0.6045193076133728,0.6203198432922363,1.0,True,0,offline_teacher_to_causal_s623
formal_u2_family_078_r03_s00,formal_u2_family_078_r03,u2_family_078,train,0,2,3,0.3190717101097107,0.6711652874946594,0.3333333333333333,True,0,offline_teacher_to_causal_s623
formal_u2_family_078_r03_s01,formal_u2_family_078_r03,u2_family_078,train,3,20,18,0.7048887014389038,0.9888665080070496,0.9444444444444444,True,0,offline_teacher_to_causal_s623
formal_u2_family_078_r03_s02,formal_u2_family_078_r03,u2_family_078,train,21,22,2,0.5721276998519897,0.5388869643211365,1.0,True,0,offline_teacher_to_causal_s623
formal_u2_family_078_r04_s00,formal_u2_family_078_r04,u2_family_078,train,0,2,3,0.31746429204940796,0.6722651124000549,0.3333333333333333,True,0,offline_teacher_to_causal_s623
formal_u2_family_078_r04_s01,formal_u2_family_078_r04,u2_family_078,train,3,5,3,0.718320906162262,0.5013061165809631,1.0,True,0,offline_teacher_to_causal_s623
formal_u2_family_078_r04_s02,formal_u2_family_078_r04,u2_family_078,train,6,10,5,0.4927594065666199,0.6538923978805542,1.0,True,0,offline_teacher_to_causal_s623
formal_u2_family_078_r04_s03,formal_u2_family_078_r04,u2_family_078,train,11,13,3,0.5111502408981323,0.5379760265350342,1.0,True,0,offline_teacher_to_causal_s623
formal_u2_family_078_r04_s04,formal_u2_family_078_r04,u2_family_078,train,14,24,11,0.4851643443107605,0.9897129535675049,0.9090909090909091,True,0,offline_teacher_to_causal_s623
formal_u2_family_078_r04_s05,formal_u2_family_078_r04,u2_family_078,train,25,26,2,0.5923531651496887,0.5951456427574158,1.0,True,0,offline_teacher_to_causal_s623
formal_u2_family_078_r05_s00,formal_u2_family_078_r05,u2_family_078,train,0,2,3,0.3165946900844574,0.6730614900588989,0.3333333333333333,True,0,offline_teacher_to_causal_s623
formal_u2_family_078_r05_s01,formal_u2_family_078_r05,u2_family_078,train,3,8,6,0.7097742557525635,0.5007948279380798,1.0,True,0,offline_teacher_to_causal_s623
formal_u2_family_078_r05_s02,formal_u2_family_078_r05,u2_family_078,train,9,12,4,0.5032222270965576,0.5993214249610901,1.0,True,0,offline_teacher_to_causal_s623
formal_u2_family_078_r05_s03,formal_u2_family_078_r05,u2_family_078,train,13,22,10,0.5143278241157532,0.9895059466362,0.9,True,0,offline_teacher_to_causal_s623
formal_u2_family_078_r05_s04,formal_u2_family_078_r05,u2_family_078,train,23,24,2,0.5899268984794617,0.5646507143974304,1.0,True,0,offline_teacher_to_causal_s623
formal_u2_family_079_r00_s00,formal_u2_family_079_r00,u2_family_079,train,0,2,3,0.3174886703491211,0.6724361777305603,0.3333333333333333,True,0,offline_teacher_to_causal_s623
formal_u2_family_079_r00_s01,formal_u2_family_079_r00,u2_family_079,train,3,10,8,0.7046220898628235,0.5093558430671692,1.0,True,0,offline_teacher_to_causal_s623
formal_u2_family_079_r00_s02,formal_u2_family_079_r00,u2_family_079,train,11,22,12,0.4776650369167328,0.988530695438385,0.9166666666666666,True,0,offline_teacher_to_causal_s623
formal_u2_family_079_r00_s03,formal_u2_family_079_r00,u2_family_079,train,23,24,2,0.5648742914199829,0.5312803983688354,1.0,True,0,offline_teacher_to_causal_s623
formal_u2_family_079_r01_s00,formal_u2_family_079_r01,u2_family_079,train,0,2,3,0.3215135335922241,0.6713844537734985,0.3333333333333333,True,0,offline_teacher_to_causal_s623
formal_u2_family_079_r01_s01,formal_u2_family_079_r01,u2_family_079,train,3,8,6,0.7108653783798218,0.5055803060531616,1.0,True,0,offline_teacher_to_causal_s623
formal_u2_family_079_r01_s02,formal_u2_family_079_r01,u2_family_079,train,9,12,4,0.5006383657455444,0.643089771270752,1.0,True,0,offline_teacher_to_causal_s623
formal_u2_family_079_r01_s03,formal_u2_family_079_r01,u2_family_079,train,13,21,9,0.5097941756248474,0.9893134236335754,0.8888888888888888,True,0,offline_teacher_to_causal_s623
formal_u2_family_079_r01_s04,formal_u2_family_079_r01,u2_family_079,train,22,23,2,0.5797819495201111,0.5645139217376709,1.0,True,0,offline_teacher_to_causal_s623
formal_u2_family_079_r02_s00,formal_u2_family_079_r02,u2_family_079,train,0,2,3,0.31964102387428284,0.6676790714263916,0.3333333333333333,True,0,offline_teacher_to_causal_s623
formal_u2_family_079_r02_s01,formal_u2_family_079_r02,u2_family_079,train,3,12,10,0.7077323794364929,0.648561418056488,1.0,True,0,offline_teacher_to_causal_s623
formal_u2_family_079_r02_s02,formal_u2_family_079_r02,u2_family_079,train,13,20,8,0.5633926391601562,0.9885979890823364,0.875,True,0,offline_teacher_to_causal_s623
formal_u2_family_079_r02_s03,formal_u2_family_079_r02,u2_family_079,train,21,22,2,0.5833158493041992,0.6189461350440979,1.0,True,0,offline_teacher_to_causal_s623
formal_u2_family_079_r03_s00,formal_u2_family_079_r03,u2_family_079,train,0,2,3,0.8762069344520569,0.7029430866241455,0.6666666666666666,True,0,offline_teacher_to_causal_s623
formal_u2_family_079_r03_s01,formal_u2_family_079_r03,u2_family_079,train,3,20,18,0.5232862830162048,0.9898486733436584,0.9444444444444444,True,0,offline_teacher_to_causal_s623
formal_u2_family_079_r03_s02,formal_u2_family_079_r03,u2_family_079,train,21,22,2,0.5947874188423157,0.6076809763908386,1.0,True,0,offline_teacher_to_causal_s623
formal_u2_family_079_r04_s00,formal_u2_family_079_r04,u2_family_079,train,0,2,3,0.8738698363304138,0.708810031414032,0.6666666666666666,True,0,offline_teacher_to_causal_s623
formal_u2_family_079_r04_s01,formal_u2_family_079_r04,u2_family_079,train,3,5,3,0.5251946449279785,0.9587403535842896,0.3333333333333333,True,1,offline_teacher_to_causal_s623
formal_u2_family_079_r04_s02,formal_u2_family_079_r04,u2_family_079,train,6,14,9,0.94761723279953,0.6631173491477966,0.8888888888888888,True,0,offline_teacher_to_causal_s623
formal_u2_family_079_r04_s03,formal_u2_family_079_r04,u2_family_079,train,15,21,7,0.5534539818763733,0.9886936545372009,0.8571428571428571,True,0,offline_teacher_to_causal_s623
formal_u2_family_079_r04_s04,formal_u2_family_079_r04,u2_family_079,train,22,23,2,0.5780943632125854,0.5697405338287354,1.0,True,0,offline_teacher_to_causal_s623
formal_u2_family_079_r05_s00,formal_u2_family_079_r05,u2_family_079,train,0,2,3,0.31454965472221375,0.6748220920562744,0.3333333333333333,True,0,offline_teacher_to_causal_s623
formal_u2_family_079_r05_s01,formal_u2_family_079_r05,u2_family_079,train,3,5,3,0.7194705009460449,0.9606248140335083,0.3333333333333333,True,1,offline_teacher_to_causal_s623
formal_u2_family_079_r05_s02,formal_u2_family_079_r05,u2_family_079,train,6,8,3,0.7108246684074402,0.5672091841697693,0.0,False,0,offline_teacher_to_causal_s623
formal_u2_family_079_r05_s03,formal_u2_family_079_r05,u2_family_079,train,9,11,3,0.561714231967926,0.5938475131988525,0.6666666666666666,False,0,offline_teacher_to_causal_s623
formal_u2_family_079_r05_s04,formal_u2_family_079_r05,u2_family_079,train,12,14,3,0.5671021342277527,0.6646642088890076,0.6666666666666666,False,0,offline_teacher_to_causal_s623
formal_u2_family_079_r05_s05,formal_u2_family_079_r05,u2_family_079,train,15,17,3,0.6387196183204651,0.5831007957458496,1.0,False,0,offline_teacher_to_causal_s623
formal_u2_family_079_r05_s06,formal_u2_family_079_r05,u2_family_079,train,18,20,3,0.6485528945922852,0.5456183552742004,1.0,False,0,offline_teacher_to_causal_s623
formal_u2_family_079_r05_s07,formal_u2_family_079_r05,u2_family_079,train,21,23,3,0.5513134598731995,0.5357708930969238,1.0,False,0,offline_teacher_to_causal_s623
formal_u2_family_079_r05_s08,formal_u2_family_079_r05,u2_family_079,train,24,26,3,0.5595288872718811,0.581540584564209,1.0,False,0,offline_teacher_to_causal_s623
formal_u2_family_079_r05_s09,formal_u2_family_079_r05,u2_family_079,train,27,29,3,0.5420557260513306,0.636937141418457,1.0,False,0,offline_teacher_to_causal_s623
formal_u2_family_079_r05_s10,formal_u2_family_079_r05,u2_family_079,train,30,32,3,0.6004958152770996,0.5953235626220703,1.0,False,0,offline_teacher_to_causal_s623
formal_u2_family_079_r05_s11,formal_u2_family_079_r05,u2_family_079,train,33,36,4,0.5974721312522888,0.5681066513061523,1.0,False,0,offline_teacher_to_causal_s623
formal_u2_family_079_r05_s12,formal_u2_family_079_r05,u2_family_079,train,37,40,4,0.5972504615783691,0.5533654093742371,0.75,False,0,offline_teacher_to_causal_s623
formal_u2_family_079_r05_s13,formal_u2_family_079_r05,u2_family_079,train,41,43,3,0.6197728514671326,0.6341145038604736,1.0,False,0,offline_teacher_to_causal_s623
formal_u2_family_079_r05_s14,formal_u2_family_079_r05,u2_family_079,train,44,46,3,0.5369315147399902,0.5561608672142029,1.0,False,0,offline_teacher_to_causal_s623
formal_u2_family_079_r05_s15,formal_u2_family_079_r05,u2_family_079,train,47,47,1,0.6624612808227539,0.6624612808227539,1.0,False,0,offline_teacher_to_causal_s623
formal_u2_family_080_r00_s00,formal_u2_family_080_r00,u2_family_080,train,0,2,3,0.31746426224708557,0.6736952662467957,0.3333333333333333,True,0,offline_teacher_to_causal_s623
formal_u2_family_080_r00_s01,formal_u2_family_080_r00,u2_family_080,train,3,5,3,0.9257280826568604,0.9522358179092407,0.0,True,0,offline_teacher_to_causal_s623
formal_u2_family_080_r00_s02,formal_u2_family_080_r00,u2_family_080,train,6,12,7,0.7044230103492737,0.5009133219718933,1.0,True,0,offline_teacher_to_causal_s623
formal_u2_family_080_r00_s03,formal_u2_family_080_r00,u2_family_080,train,13,23,11,0.5081846117973328,0.9901835322380066,0.9090909090909091,True,0,offline_teacher_to_causal_s623
formal_u2_family_080_r00_s04,formal_u2_family_080_r00,u2_family_080,train,24,25,2,0.6047302484512329,0.5919923186302185,1.0,True,0,offline_teacher_to_causal_s623
formal_u2_family_080_r01_s00,formal_u2_family_080_r01,u2_family_080,train,0,2,3,0.317099004983902,0.6728165745735168,0.3333333333333333,True,0,offline_teacher_to_causal_s623
formal_u2_family_080_r01_s01,formal_u2_family_080_r01,u2_family_080,train,3,5,3,0.9250797033309937,0.9513311386108398,0.0,True,0,offline_teacher_to_causal_s623
formal_u2_family_080_r01_s02,formal_u2_family_080_r01,u2_family_080,train,6,8,3,0.6897574067115784,0.5009056329727173,1.0,True,0,offline_teacher_to_causal_s623
formal_u2_family_080_r01_s03,formal_u2_family_080_r01,u2_family_080,train,9,11,3,0.49069881439208984,0.5103901028633118,1.0,True,0,offline_teacher_to_causal_s623
formal_u2_family_080_r01_s04,formal_u2_family_080_r01,u2_family_080,train,12,21,10,0.48029226064682007,0.9897095561027527,0.9,True,0,offline_teacher_to_causal_s623
formal_u2_family_080_r01_s05,formal_u2_family_080_r01,u2_family_080,train,22,23,2,0.5893409848213196,0.5884420275688171,1.0,True,0,offline_teacher_to_causal_s623
formal_u2_family_080_r02_s00,formal_u2_family_080_r02,u2_family_080,train,0,2,3,0.31998294591903687,0.6722473502159119,0.3333333333333333,True,0,offline_teacher_to_causal_s623
formal_u2_family_080_r02_s01,formal_u2_family_080_r02,u2_family_080,train,3,5,3,0.9263935089111328,0.9580078721046448,0.0,True,0,offline_teacher_to_causal_s623
formal_u2_family_080_r02_s02,formal_u2_family_080_r02,u2_family_080,train,6,8,3,0.6996297240257263,0.5041115880012512,1.0,True,0,offline_teacher_to_causal_s623
formal_u2_family_080_r02_s03,formal_u2_family_080_r02,u2_family_080,train,9,11,3,0.4887828230857849,0.5016077160835266,1.0,True,0,offline_teacher_to_causal_s623
formal_u2_family_080_r02_s04,formal_u2_family_080_r02,u2_family_080,train,12,24,13,0.5069047212600708,0.9897050261497498,0.9230769230769231,True,0,offline_teacher_to_causal_s623
formal_u2_family_080_r02_s05,formal_u2_family_080_r02,u2_family_080,train,25,26,2,0.5939212441444397,0.6009438037872314,1.0,True,0,offline_teacher_to_causal_s623
formal_u2_family_080_r03_s00,formal_u2_family_080_r03,u2_family_080,train,0,2,3,0.318506121635437,0.6729238033294678,0.3333333333333333,True,0,offline_teacher_to_causal_s623
formal_u2_family_080_r03_s01,formal_u2_family_080_r03,u2_family_080,train,3,5,3,0.9259664416313171,0.9606773853302002,0.0,True,0,offline_teacher_to_causal_s623
formal_u2_family_080_r03_s02,formal_u2_family_080_r03,u2_family_080,train,6,8,3,0.6960628628730774,0.5104509592056274,1.0,True,0,offline_teacher_to_causal_s623
formal_u2_family_080_r03_s03,formal_u2_family_080_r03,u2_family_080,train,9,12,4,0.49318063259124756,0.5008252859115601,1.0,True,0,offline_teacher_to_causal_s623
formal_u2_family_080_r03_s04,formal_u2_family_080_r03,u2_family_080,train,13,23,11,0.5198572278022766,0.9891876578330994,0.9090909090909091,True,0,offline_teacher_to_causal_s623
formal_u2_family_080_r03_s05,formal_u2_family_080_r03,u2_family_080,train,24,25,2,0.5859257578849792,0.5932498574256897,1.0,True,0,offline_teacher_to_causal_s623
formal_u2_family_080_r04_s00,formal_u2_family_080_r04,u2_family_080,train,0,2,3,0.31819891929626465,0.6712274551391602,0.3333333333333333,True,0,offline_teacher_to_causal_s623
formal_u2_family_080_r04_s01,formal_u2_family_080_r04,u2_family_080,train,3,5,3,0.924921989440918,0.9571995735168457,0.0,True,0,offline_teacher_to_causal_s623
formal_u2_family_080_r04_s02,formal_u2_family_080_r04,u2_family_080,train,6,8,3,0.6998066902160645,0.5020185112953186,1.0,True,0,offline_teacher_to_causal_s623
formal_u2_family_080_r04_s03,formal_u2_family_080_r04,u2_family_080,train,9,13,5,0.4882691204547882,0.6576778888702393,1.0,True,0,offline_teacher_to_causal_s623
formal_u2_family_080_r04_s04,formal_u2_family_080_r04,u2_family_080,train,14,23,10,0.5052818059921265,0.9899066090583801,0.9,True,0,offline_teacher_to_causal_s623
formal_u2_family_080_r04_s05,formal_u2_family_080_r04,u2_family_080,train,24,25,2,0.5968322157859802,0.5655391812324524,1.0,True,0,offline_teacher_to_causal_s623
formal_u2_family_080_r05_s00,formal_u2_family_080_r05,u2_family_080,train,0,2,3,0.31965377926826477,0.6692561507225037,0.3333333333333333,True,0,offline_teacher_to_causal_s623
formal_u2_family_080_r05_s01,formal_u2_family_080_r05,u2_family_080,train,3,5,3,0.9261234998703003,0.9600520133972168,0.0,True,0,offline_teacher_to_causal_s623
formal_u2_family_080_r05_s02,formal_u2_family_080_r05,u2_family_080,train,6,14,9,0.6821454167366028,0.621497631072998,1.0,True,0,offline_teacher_to_causal_s623
formal_u2_family_080_r05_s03,formal_u2_family_080_r05,u2_family_080,train,15,21,7,0.555052638053894,0.9889593124389648,0.8571428571428571,True,0,offline_teacher_to_causal_s623
formal_u2_family_080_r05_s04,formal_u2_family_080_r05,u2_family_080,train,22,23,2,0.577082633972168,0.5596362352371216,1.0,True,0,offline_teacher_to_causal_s623
formal_u2_family_081_r00_s00,formal_u2_family_081_r00,u2_family_081,train,0,2,3,0.3182362914085388,0.6722670197486877,0.3333333333333333,True,0,offline_teacher_to_causal_s623
formal_u2_family_081_r00_s01,formal_u2_family_081_r00,u2_family_081,train,3,12,10,0.7133153080940247,0.6547467112541199,1.0,True,0,offline_teacher_to_causal_s623
formal_u2_family_081_r00_s02,formal_u2_family_081_r00,u2_family_081,train,13,22,10,0.5137332677841187,0.9891196489334106,0.9,True,0,offline_teacher_to_causal_s623
formal_u2_family_081_r00_s03,formal_u2_family_081_r00,u2_family_081,train,23,24,2,0.583284854888916,0.6202307343482971,1.0,True,0,offline_teacher_to_causal_s623
formal_u2_family_081_r01_s00,formal_u2_family_081_r01,u2_family_081,train,0,2,3,0.31763139367103577,0.6714282631874084,0.3333333333333333,True,0,offline_teacher_to_causal_s623
formal_u2_family_081_r01_s01,formal_u2_family_081_r01,u2_family_081,train,3,12,10,0.7096164226531982,0.6462633609771729,1.0,True,0,offline_teacher_to_causal_s623
formal_u2_family_081_r01_s02,formal_u2_family_081_r01,u2_family_081,train,13,21,9,0.5125689506530762,0.9897391200065613,0.8888888888888888,True,0,offline_teacher_to_causal_s623
formal_u2_family_081_r01_s03,formal_u2_family_081_r01,u2_family_081,train,22,23,2,0.5958719849586487,0.5835494995117188,1.0,True,0,offline_teacher_to_causal_s623
formal_u2_family_081_r02_s00,formal_u2_family_081_r02,u2_family_081,train,0,2,3,0.31914904713630676,0.6713321208953857,0.3333333333333333,True,0,offline_teacher_to_causal_s623
formal_u2_family_081_r02_s01,formal_u2_family_081_r02,u2_family_081,train,3,12,10,0.7115214467048645,0.6505594253540039,1.0,True,0,offline_teacher_to_causal_s623
formal_u2_family_081_r02_s02,formal_u2_family_081_r02,u2_family_081,train,13,22,10,0.5124940872192383,0.9889617562294006,0.9,True,0,offline_teacher_to_causal_s623
formal_u2_family_081_r02_s03,formal_u2_family_081_r02,u2_family_081,train,23,24,2,0.5796754360198975,0.5589441657066345,1.0,True,0,offline_teacher_to_causal_s623
formal_u2_family_081_r03_s00,formal_u2_family_081_r03,u2_family_081,train,0,2,3,0.31901809573173523,0.671653687953949,0.3333333333333333,True,0,offline_teacher_to_causal_s623
formal_u2_family_081_r03_s01,formal_u2_family_081_r03,u2_family_081,train,3,8,6,0.708884596824646,0.502337634563446,1.0,True,0,offline_teacher_to_causal_s623
formal_u2_family_081_r03_s02,formal_u2_family_081_r03,u2_family_081,train,9,13,5,0.5025421977043152,0.6375946402549744,1.0,True,0,offline_teacher_to_causal_s623
formal_u2_family_081_r03_s03,formal_u2_family_081_r03,u2_family_081,train,14,23,10,0.5123496651649475,0.9883937835693359,0.9,True,0,offline_teacher_to_causal_s623
formal_u2_family_081_r03_s04,formal_u2_family_081_r03,u2_family_081,train,24,25,2,0.5724371671676636,0.5687260031700134,1.0,True,0,offline_teacher_to_causal_s623
formal_u2_family_081_r04_s00,formal_u2_family_081_r04,u2_family_081,train,0,2,3,0.3184450566768646,0.6731157302856445,0.3333333333333333,True,0,offline_teacher_to_causal_s623
formal_u2_family_081_r04_s01,formal_u2_family_081_r04,u2_family_081,train,3,11,9,0.7103040218353271,0.650183379650116,1.0,True,0,offline_teacher_to_causal_s623
formal_u2_family_081_r04_s02,formal_u2_family_081_r04,u2_family_081,train,12,21,10,0.5122745037078857,0.9894025325775146,0.9,True,0,offline_teacher_to_causal_s623
formal_u2_family_081_r04_s03,formal_u2_family_081_r04,u2_family_081,train,22,23,2,0.5922405123710632,0.5786126255989075,1.0,True,0,offline_teacher_to_causal_s623
formal_u2_family_081_r05_s00,formal_u2_family_081_r05,u2_family_081,train,0,2,3,0.31813472509384155,0.6725196838378906,0.3333333333333333,True,0,offline_teacher_to_causal_s623
formal_u2_family_081_r05_s01,formal_u2_family_081_r05,u2_family_081,train,3,11,9,0.7116237282752991,0.6470338702201843,1.0,True,0,offline_teacher_to_causal_s623
formal_u2_family_081_r05_s02,formal_u2_family_081_r05,u2_family_081,train,12,14,3,0.5450047254562378,0.5539507269859314,1.0,True,0,offline_teacher_to_causal_s623
formal_u2_family_081_r05_s03,formal_u2_family_081_r05,u2_family_081,train,15,21,7,0.4912872612476349,0.9893476963043213,0.8571428571428571,True,0,offline_teacher_to_causal_s623
formal_u2_family_081_r05_s04,formal_u2_family_081_r05,u2_family_081,train,22,23,2,0.5859557390213013,0.5725036263465881,1.0,True,0,offline_teacher_to_causal_s623
formal_u2_family_082_r00_s00,formal_u2_family_082_r00,u2_family_082,train,0,2,3,0.320067435503006,0.6837524175643921,0.3333333333333333,True,0,offline_teacher_to_causal_s623
formal_u2_family_082_r00_s01,formal_u2_family_082_r00,u2_family_082,train,3,5,3,0.5157933235168457,0.5056577324867249,1.0,True,0,offline_teacher_to_causal_s623
formal_u2_family_082_r00_s02,formal_u2_family_082_r00,u2_family_082,train,6,7,2,0.5190843343734741,0.9265588521957397,0.5,True,0,offline_teacher_to_causal_s623
formal_u2_family_082_r01_s00,formal_u2_family_082_r01,u2_family_082,train,0,2,3,0.3181384205818176,0.6840443015098572,0.3333333333333333,True,0,offline_teacher_to_causal_s623
formal_u2_family_082_r01_s01,formal_u2_family_082_r01,u2_family_082,train,3,5,3,0.5168396830558777,0.5043402910232544,1.0,True,0,offline_teacher_to_causal_s623
formal_u2_family_082_r01_s02,formal_u2_family_082_r01,u2_family_082,train,6,7,2,0.5172072052955627,0.9277567863464355,0.5,True,0,offline_teacher_to_causal_s623
formal_u2_family_082_r02_s00,formal_u2_family_082_r02,u2_family_082,train,0,2,3,0.3189995288848877,0.6841096878051758,0.3333333333333333,True,0,offline_teacher_to_causal_s623
formal_u2_family_082_r02_s01,formal_u2_family_082_r02,u2_family_082,train,3,5,3,0.5139895677566528,0.5006004571914673,1.0,True,0,offline_teacher_to_causal_s623
formal_u2_family_082_r02_s02,formal_u2_family_082_r02,u2_family_082,train,6,7,2,0.5152729153633118,0.9274367690086365,0.5,True,0,offline_teacher_to_causal_s623
formal_u2_family_082_r03_s00,formal_u2_family_082_r03,u2_family_082,train,0,2,3,0.3207324147224426,0.6849184632301331,0.3333333333333333,True,0,offline_teacher_to_causal_s623
formal_u2_family_082_r03_s01,formal_u2_family_082_r03,u2_family_082,train,3,5,3,0.5148974657058716,0.5062439441680908,1.0,True,0,offline_teacher_to_causal_s623
formal_u2_family_082_r03_s02,formal_u2_family_082_r03,u2_family_082,train,6,7,2,0.5180016756057739,0.9273169040679932,0.5,True,0,offline_teacher_to_causal_s623
formal_u2_family_082_r04_s00,formal_u2_family_082_r04,u2_family_082,train,0,2,3,0.3200429379940033,0.6839940547943115,0.3333333333333333,True,0,offline_teacher_to_causal_s623
formal_u2_family_082_r04_s01,formal_u2_family_082_r04,u2_family_082,train,3,5,3,0.5130773782730103,0.5021109580993652,1.0,True,0,offline_teacher_to_causal_s623
formal_u2_family_082_r04_s02,formal_u2_family_082_r04,u2_family_082,train,6,7,2,0.5142388343811035,0.926801860332489,0.5,True,0,offline_teacher_to_causal_s623
formal_u2_family_082_r05_s00,formal_u2_family_082_r05,u2_family_082,train,0,2,3,0.3185885548591614,0.682330846786499,0.3333333333333333,True,0,offline_teacher_to_causal_s623
formal_u2_family_082_r05_s01,formal_u2_family_082_r05,u2_family_082,train,3,5,3,0.5139386057853699,0.5095144510269165,1.0,True,0,offline_teacher_to_causal_s623
formal_u2_family_082_r05_s02,formal_u2_family_082_r05,u2_family_082,train,6,7,2,0.5259750485420227,0.9263232946395874,0.5,True,0,offline_teacher_to_causal_s623
formal_u2_family_083_r00_s00,formal_u2_family_083_r00,u2_family_083,train,0,9,10,0.25324001908302307,0.5136104226112366,0.0,False,0,offline_teacher_to_causal_s623
formal_u2_family_083_r00_s01,formal_u2_family_083_r00,u2_family_083,train,10,12,3,0.9753919839859009,0.5322997570037842,0.6666666666666666,True,0,offline_teacher_to_causal_s623
formal_u2_family_083_r00_s02,formal_u2_family_083_r00,u2_family_083,train,13,17,5,0.49947360157966614,0.5000899434089661,1.0,True,0,offline_teacher_to_causal_s623
formal_u2_family_083_r00_s03,formal_u2_family_083_r00,u2_family_083,train,18,29,12,0.5055645108222961,0.9899016618728638,0.9166666666666666,True,0,offline_teacher_to_causal_s623
formal_u2_family_083_r00_s04,formal_u2_family_083_r00,u2_family_083,train,30,31,2,0.6041926741600037,0.6005263328552246,1.0,True,0,offline_teacher_to_causal_s623
formal_u2_family_083_r01_s00,formal_u2_family_083_r01,u2_family_083,train,0,9,10,0.25072067975997925,0.5007438659667969,0.0,False,0,offline_teacher_to_causal_s623
formal_u2_family_083_r01_s01,formal_u2_family_083_r01,u2_family_083,train,10,12,3,0.9745813012123108,0.5275095105171204,0.6666666666666666,True,0,offline_teacher_to_causal_s623
formal_u2_family_083_r01_s02,formal_u2_family_083_r01,u2_family_083,train,13,16,4,0.503696084022522,0.5034005045890808,1.0,True,0,offline_teacher_to_causal_s623
formal_u2_family_083_r01_s03,formal_u2_family_083_r01,u2_family_083,train,17,19,3,0.4959154427051544,0.5007712244987488,1.0,True,0,offline_teacher_to_causal_s623
formal_u2_family_083_r01_s04,formal_u2_family_083_r01,u2_family_083,train,20,22,3,0.5031784772872925,0.6470603942871094,1.0,True,0,offline_teacher_to_causal_s623
formal_u2_family_083_r01_s05,formal_u2_family_083_r01,u2_family_083,train,23,32,10,0.520159125328064,0.9888017177581787,0.9,True,0,offline_teacher_to_causal_s623
formal_u2_family_083_r01_s06,formal_u2_family_083_r01,u2_family_083,train,33,34,2,0.5820117592811584,0.5391416549682617,1.0,True,0,offline_teacher_to_causal_s623
formal_u2_family_083_r02_s00,formal_u2_family_083_r02,u2_family_083,train,0,10,11,0.2541863024234772,0.974664032459259,0.0,True,0,offline_teacher_to_causal_s623
formal_u2_family_083_r02_s01,formal_u2_family_083_r02,u2_family_083,train,11,19,9,0.6608583331108093,0.500708281993866,1.0,True,0,offline_teacher_to_causal_s623
formal_u2_family_083_r02_s02,formal_u2_family_083_r02,u2_family_083,train,20,22,3,0.49729931354522705,0.5207479596138,1.0,True,0,offline_teacher_to_causal_s623
formal_u2_family_083_r02_s03,formal_u2_family_083_r02,u2_family_083,train,23,30,8,0.5429194569587708,0.988741934299469,0.875,True,0,offline_teacher_to_causal_s623
formal_u2_family_083_r02_s04,formal_u2_family_083_r02,u2_family_083,train,31,32,2,0.5775912404060364,0.5948444604873657,1.0,True,0,offline_teacher_to_causal_s623
formal_u2_family_083_r03_s00,formal_u2_family_083_r03,u2_family_083,train,0,10,11,0.25440260767936707,0.5061188340187073,0.0,False,0,offline_teacher_to_causal_s623
formal_u2_family_083_r03_s01,formal_u2_family_083_r03,u2_family_083,train,11,13,3,0.9765031337738037,0.5055096745491028,0.6666666666666666,True,0,offline_teacher_to_causal_s623
formal_u2_family_083_r03_s02,formal_u2_family_083_r03,u2_family_083,train,14,21,8,0.49030908942222595,0.6596674919128418,1.0,True,0,offline_teacher_to_causal_s623
formal_u2_family_083_r03_s03,formal_u2_family_083_r03,u2_family_083,train,22,28,7,0.558782160282135,0.989716112613678,0.8571428571428571,True,0,offline_teacher_to_causal_s623
formal_u2_family_083_r03_s04,formal_u2_family_083_r03,u2_family_083,train,29,30,2,0.5941410660743713,0.5788171887397766,1.0,True,0,offline_teacher_to_causal_s623
formal_u2_family_083_r04_s00,formal_u2_family_083_r04,u2_family_083,train,0,10,11,0.25268617272377014,0.9750421047210693,0.0,True,0,offline_teacher_to_causal_s623
formal_u2_family_083_r04_s01,formal_u2_family_083_r04,u2_family_083,train,11,20,10,0.6650032997131348,0.6368616819381714,1.0,True,0,offline_teacher_to_causal_s623
formal_u2_family_083_r04_s02,formal_u2_family_083_r04,u2_family_083,train,21,29,9,0.520500123500824,0.989779531955719,0.8888888888888888,True,0,offline_teacher_to_causal_s623
formal_u2_family_083_r04_s03,formal_u2_family_083_r04,u2_family_083,train,30,31,2,0.6080453395843506,0.5712816119194031,1.0,True,0,offline_teacher_to_causal_s623
formal_u2_family_083_r05_s00,formal_u2_family_083_r05,u2_family_083,train,0,9,10,0.24955999851226807,0.9486032128334045,0.0,True,0,offline_teacher_to_causal_s623
formal_u2_family_083_r05_s01,formal_u2_family_083_r05,u2_family_083,train,10,12,3,0.6269756555557251,0.593559741973877,1.0,True,0,offline_teacher_to_causal_s623
formal_u2_family_083_r05_s02,formal_u2_family_083_r05,u2_family_083,train,13,15,3,0.5817457437515259,0.7465249300003052,1.0,True,0,offline_teacher_to_causal_s623
formal_u2_family_083_r05_s03,formal_u2_family_083_r05,u2_family_083,train,16,18,3,0.5253869295120239,0.5033213496208191,1.0,True,0,offline_teacher_to_causal_s623
formal_u2_family_083_r05_s04,formal_u2_family_083_r05,u2_family_083,train,19,21,3,0.4883454740047455,0.6783021092414856,1.0,True,0,offline_teacher_to_causal_s623
formal_u2_family_083_r05_s05,formal_u2_family_083_r05,u2_family_083,train,22,31,10,0.5201514959335327,0.9878379106521606,0.9,True,0,offline_teacher_to_causal_s623
formal_u2_family_083_r05_s06,formal_u2_family_083_r05,u2_family_083,train,32,33,2,0.5686007738113403,0.5557311773300171,1.0,True,0,offline_teacher_to_causal_s623
formal_u2_family_084_r00_s00,formal_u2_family_084_r00,u2_family_084,val,0,2,3,0.3504621684551239,0.6791901588439941,0.3333333333333333,True,0,offline_teacher_to_causal_s623
formal_u2_family_084_r00_s01,formal_u2_family_084_r00,u2_family_084,val,3,6,4,0.4995432496070862,0.9325075149536133,0.75,True,0,offline_teacher_to_causal_s623
formal_u2_family_084_r00_s02,formal_u2_family_084_r00,u2_family_084,val,7,16,10,0.31017425656318665,0.503801167011261,0.4,True,0,offline_teacher_to_causal_s623
formal_u2_family_084_r00_s03,formal_u2_family_084_r00,u2_family_084,val,17,19,3,0.49980583786964417,0.6502960324287415,1.0,True,0,offline_teacher_to_causal_s623
formal_u2_family_084_r00_s04,formal_u2_family_084_r00,u2_family_084,val,20,25,6,0.49887314438819885,0.9854486584663391,0.8333333333333334,True,0,offline_teacher_to_causal_s623
formal_u2_family_084_r00_s05,formal_u2_family_084_r00,u2_family_084,val,26,27,2,0.5910289883613586,0.5439121723175049,1.0,True,0,offline_teacher_to_causal_s623
formal_u2_family_084_r01_s00,formal_u2_family_084_r01,u2_family_084,val,0,2,3,0.34760579466819763,0.6820743083953857,0.3333333333333333,True,0,offline_teacher_to_causal_s623
formal_u2_family_084_r01_s01,formal_u2_family_084_r01,u2_family_084,val,3,6,4,0.5007392168045044,0.933009922504425,0.75,True,0,offline_teacher_to_causal_s623
formal_u2_family_084_r01_s02,formal_u2_family_084_r01,u2_family_084,val,7,17,11,0.3116675317287445,0.5018914341926575,0.2727272727272727,True,0,offline_teacher_to_causal_s623
formal_u2_family_084_r01_s03,formal_u2_family_084_r01,u2_family_084,val,18,20,3,0.5028154253959656,0.6519294381141663,1.0,True,0,offline_teacher_to_causal_s623
formal_u2_family_084_r01_s04,formal_u2_family_084_r01,u2_family_084,val,21,26,6,0.4986884593963623,0.9846630096435547,0.8333333333333334,True,0,offline_teacher_to_causal_s623
formal_u2_family_084_r01_s05,formal_u2_family_084_r01,u2_family_084,val,27,28,2,0.5817266702651978,0.5610690116882324,1.0,True,0,offline_teacher_to_causal_s623
formal_u2_family_084_r02_s00,formal_u2_family_084_r02,u2_family_084,val,0,2,3,0.3490431010723114,0.6791391372680664,0.3333333333333333,True,0,offline_teacher_to_causal_s623
formal_u2_family_084_r02_s01,formal_u2_family_084_r02,u2_family_084,val,3,5,3,0.4934220016002655,0.9362346529960632,0.6666666666666666,True,0,offline_teacher_to_causal_s623
formal_u2_family_084_r02_s02,formal_u2_family_084_r02,u2_family_084,val,6,16,11,0.33916524052619934,0.5033168196678162,0.36363636363636365,True,0,offline_teacher_to_causal_s623
formal_u2_family_084_r02_s03,formal_u2_family_084_r02,u2_family_084,val,17,19,3,0.5020422339439392,0.6509562730789185,1.0,True,0,offline_teacher_to_causal_s623
formal_u2_family_084_r02_s04,formal_u2_family_084_r02,u2_family_084,val,20,24,5,0.49883773922920227,0.9837779998779297,0.8,True,0,offline_teacher_to_causal_s623
formal_u2_family_084_r02_s05,formal_u2_family_084_r02,u2_family_084,val,25,26,2,0.5845781564712524,0.5573158860206604,1.0,True,0,offline_teacher_to_causal_s623
formal_u2_family_084_r03_s00,formal_u2_family_084_r03,u2_family_084,val,0,2,3,0.34863805770874023,0.6810610294342041,0.3333333333333333,True,0,offline_teacher_to_causal_s623
formal_u2_family_084_r03_s01,formal_u2_family_084_r03,u2_family_084,val,3,6,4,0.5019370317459106,0.9321705102920532,0.75,True,0,offline_teacher_to_causal_s623
formal_u2_family_084_r03_s02,formal_u2_family_084_r03,u2_family_084,val,7,16,10,0.31431853771209717,0.5021919012069702,0.4,True,0,offline_teacher_to_causal_s623
formal_u2_family_084_r03_s03,formal_u2_family_084_r03,u2_family_084,val,17,19,3,0.499761700630188,0.5039539337158203,1.0,True,0,offline_teacher_to_causal_s623
formal_u2_family_084_r03_s04,formal_u2_family_084_r03,u2_family_084,val,20,22,3,0.5041242241859436,0.503656804561615,1.0,True,0,offline_teacher_to_causal_s623
formal_u2_family_084_r03_s05,formal_u2_family_084_r03,u2_family_084,val,23,25,3,0.9864424467086792,0.5868154168128967,0.6666666666666666,True,0,offline_teacher_to_causal_s623
formal_u2_family_084_r04_s00,formal_u2_family_084_r04,u2_family_084,val,0,2,3,0.3492804169654846,0.6810588240623474,0.3333333333333333,True,0,offline_teacher_to_causal_s623
formal_u2_family_084_r04_s01,formal_u2_family_084_r04,u2_family_084,val,3,6,4,0.5032579898834229,0.932783842086792,0.75,True,0,offline_teacher_to_causal_s623
formal_u2_family_084_r04_s02,formal_u2_family_084_r04,u2_family_084,val,7,17,11,0.3209177851676941,0.5042121410369873,0.2727272727272727,True,0,offline_teacher_to_causal_s623
formal_u2_family_084_r04_s03,formal_u2_family_084_r04,u2_family_084,val,18,20,3,0.5001096725463867,0.5075110197067261,1.0,True,0,offline_teacher_to_causal_s623
formal_u2_family_084_r04_s04,formal_u2_family_084_r04,u2_family_084,val,21,26,6,0.6494855284690857,0.9838553071022034,0.8333333333333334,True,0,offline_teacher_to_causal_s623
formal_u2_family_084_r04_s05,formal_u2_family_084_r04,u2_family_084,val,27,28,2,0.5828917026519775,0.5542169809341431,1.0,True,0,offline_teacher_to_causal_s623
formal_u2_family_084_r05_s00,formal_u2_family_084_r05,u2_family_084,val,0,2,3,0.35081157088279724,0.682028591632843,0.3333333333333333,True,0,offline_teacher_to_causal_s623
formal_u2_family_084_r05_s01,formal_u2_family_084_r05,u2_family_084,val,3,6,4,0.4997624158859253,0.9339300990104675,0.75,True,0,offline_teacher_to_causal_s623
formal_u2_family_084_r05_s02,formal_u2_family_084_r05,u2_family_084,val,7,16,10,0.31205102801322937,0.5016446709632874,0.4,True,0,offline_teacher_to_causal_s623
formal_u2_family_084_r05_s03,formal_u2_family_084_r05,u2_family_084,val,17,19,3,0.4998902380466461,0.5045636296272278,1.0,True,0,offline_teacher_to_causal_s623
formal_u2_family_084_r05_s04,formal_u2_family_084_r05,u2_family_084,val,20,22,3,0.5001967549324036,0.501239538192749,1.0,True,0,offline_teacher_to_causal_s623
formal_u2_family_084_r05_s05,formal_u2_family_084_r05,u2_family_084,val,23,25,3,0.9853759407997131,0.5696117877960205,0.6666666666666666,True,0,offline_teacher_to_causal_s623
formal_u2_family_085_r00_s00,formal_u2_family_085_r00,u2_family_085,val,0,2,3,0.3519289195537567,0.6805460453033447,0.3333333333333333,True,0,offline_teacher_to_causal_s623
formal_u2_family_085_r00_s01,formal_u2_family_085_r00,u2_family_085,val,3,6,4,0.5018790364265442,0.9326805472373962,0.75,True,0,offline_teacher_to_causal_s623
formal_u2_family_085_r00_s02,formal_u2_family_085_r00,u2_family_085,val,7,15,9,0.3171765208244324,0.5038727521896362,0.4444444444444444,True,0,offline_teacher_to_causal_s623
formal_u2_family_085_r00_s03,formal_u2_family_085_r00,u2_family_085,val,16,18,3,0.4950753450393677,0.5084474086761475,1.0,True,0,offline_teacher_to_causal_s623
formal_u2_family_085_r00_s04,formal_u2_family_085_r00,u2_family_085,val,19,24,6,0.6469345092773438,0.9826726913452148,0.8333333333333334,True,0,offline_teacher_to_causal_s623
formal_u2_family_085_r00_s05,formal_u2_family_085_r00,u2_family_085,val,25,26,2,0.5773960947990417,0.5183590650558472,1.0,True,0,offline_teacher_to_causal_s623
formal_u2_family_085_r01_s00,formal_u2_family_085_r01,u2_family_085,val,0,2,3,0.34522220492362976,0.6814810037612915,0.3333333333333333,True,0,offline_teacher_to_causal_s623
formal_u2_family_085_r01_s01,formal_u2_family_085_r01,u2_family_085,val,3,5,3,0.5011531710624695,0.966174840927124,0.3333333333333333,True,1,offline_teacher_to_causal_s623
formal_u2_family_085_r01_s02,formal_u2_family_085_r01,u2_family_085,val,6,19,14,0.9428843259811401,0.5046223998069763,0.2857142857142857,True,0,offline_teacher_to_causal_s623
formal_u2_family_085_r01_s03,formal_u2_family_085_r01,u2_family_085,val,20,22,3,0.5005134344100952,0.653223991394043,1.0,True,0,offline_teacher_to_causal_s623
formal_u2_family_085_r01_s04,formal_u2_family_085_r01,u2_family_085,val,23,26,4,0.5027763247489929,0.5050577521324158,1.0,True,0,offline_teacher_to_causal_s623
formal_u2_family_085_r01_s05,formal_u2_family_085_r01,u2_family_085,val,27,29,3,0.9863930344581604,0.564193069934845,0.6666666666666666,True,0,offline_teacher_to_causal_s623
formal_u2_family_085_r02_s00,formal_u2_family_085_r02,u2_family_085,val,0,2,3,0.3473741114139557,0.683064341545105,0.3333333333333333,True,0,offline_teacher_to_causal_s623
formal_u2_family_085_r02_s01,formal_u2_family_085_r02,u2_family_085,val,3,6,4,0.5027483105659485,0.9331884384155273,0.75,True,0,offline_teacher_to_causal_s623
formal_u2_family_085_r02_s02,formal_u2_family_085_r02,u2_family_085,val,7,16,10,0.3227781355381012,0.5013247728347778,0.4,True,0,offline_teacher_to_causal_s623
formal_u2_family_085_r02_s03,formal_u2_family_085_r02,u2_family_085,val,17,19,3,0.4969436824321747,0.6527973413467407,1.0,True,0,offline_teacher_to_causal_s623
formal_u2_family_085_r02_s04,formal_u2_family_085_r02,u2_family_085,val,20,25,6,0.5005724430084229,0.9831030368804932,0.8333333333333334,True,0,offline_teacher_to_causal_s623
formal_u2_family_085_r02_s05,formal_u2_family_085_r02,u2_family_085,val,26,27,2,0.588705837726593,0.5548840165138245,1.0,True,0,offline_teacher_to_causal_s623
formal_u2_family_085_r03_s00,formal_u2_family_085_r03,u2_family_085,val,0,2,3,0.34688806533813477,0.6830493807792664,0.3333333333333333,True,0,offline_teacher_to_causal_s623
formal_u2_family_085_r03_s01,formal_u2_family_085_r03,u2_family_085,val,3,5,3,0.5001994371414185,0.965630829334259,0.3333333333333333,True,1,offline_teacher_to_causal_s623
formal_u2_family_085_r03_s02,formal_u2_family_085_r03,u2_family_085,val,6,17,12,0.9361836314201355,0.5002047419548035,0.4166666666666667,True,0,offline_teacher_to_causal_s623
formal_u2_family_085_r03_s03,formal_u2_family_085_r03,u2_family_085,val,18,20,3,0.493472158908844,0.6616069674491882,1.0,True,0,offline_teacher_to_causal_s623
formal_u2_family_085_r03_s04,formal_u2_family_085_r03,u2_family_085,val,21,26,6,0.4996245205402374,0.982130229473114,0.8333333333333334,True,0,offline_teacher_to_causal_s623
formal_u2_family_085_r03_s05,formal_u2_family_085_r03,u2_family_085,val,27,28,2,0.5896215438842773,0.517715334892273,1.0,True,0,offline_teacher_to_causal_s623
formal_u2_family_085_r04_s00,formal_u2_family_085_r04,u2_family_085,val,0,2,3,0.3545442521572113,0.6821559071540833,0.3333333333333333,True,0,offline_teacher_to_causal_s623
formal_u2_family_085_r04_s01,formal_u2_family_085_r04,u2_family_085,val,3,6,4,0.5050445199012756,0.9320254921913147,0.75,True,0,offline_teacher_to_causal_s623
formal_u2_family_085_r04_s02,formal_u2_family_085_r04,u2_family_085,val,7,15,9,0.3271738886833191,0.504615068435669,0.4444444444444444,True,0,offline_teacher_to_causal_s623
formal_u2_family_085_r04_s03,formal_u2_family_085_r04,u2_family_085,val,16,18,3,0.5006994009017944,0.5077964067459106,1.0,True,0,offline_teacher_to_causal_s623
formal_u2_family_085_r04_s04,formal_u2_family_085_r04,u2_family_085,val,19,21,3,0.653241753578186,0.5017164945602417,1.0,True,0,offline_teacher_to_causal_s623
formal_u2_family_085_r04_s05,formal_u2_family_085_r04,u2_family_085,val,22,25,4,0.4805898368358612,0.9806162118911743,0.75,True,0,offline_teacher_to_causal_s623
formal_u2_family_085_r04_s06,formal_u2_family_085_r04,u2_family_085,val,26,27,2,0.5832472443580627,0.5156249403953552,1.0,True,0,offline_teacher_to_causal_s623
formal_u2_family_085_r05_s00,formal_u2_family_085_r05,u2_family_085,val,0,2,3,0.34542644023895264,0.6827743053436279,0.3333333333333333,True,0,offline_teacher_to_causal_s623
formal_u2_family_085_r05_s01,formal_u2_family_085_r05,u2_family_085,val,3,5,3,0.495987206697464,0.9354925155639648,0.6666666666666666,True,0,offline_teacher_to_causal_s623
formal_u2_family_085_r05_s02,formal_u2_family_085_r05,u2_family_085,val,6,16,11,0.3456093966960907,0.5041993260383606,0.36363636363636365,True,0,offline_teacher_to_causal_s623
formal_u2_family_085_r05_s03,formal_u2_family_085_r05,u2_family_085,val,17,19,3,0.5005799531936646,0.5073431134223938,1.0,True,0,offline_teacher_to_causal_s623
formal_u2_family_085_r05_s04,formal_u2_family_085_r05,u2_family_085,val,20,26,7,0.6479607224464417,0.984452486038208,0.8571428571428571,True,0,offline_teacher_to_causal_s623
formal_u2_family_085_r05_s05,formal_u2_family_085_r05,u2_family_085,val,27,28,2,0.5872499942779541,0.5777952671051025,1.0,True,0,offline_teacher_to_causal_s623
formal_u2_family_086_r00_s00,formal_u2_family_086_r00,u2_family_086,val,0,2,3,0.3468383848667145,0.6814594864845276,0.3333333333333333,True,0,offline_teacher_to_causal_s623
formal_u2_family_086_r00_s01,formal_u2_family_086_r00,u2_family_086,val,3,5,3,0.9257528185844421,0.9524328708648682,0.0,True,0,offline_teacher_to_causal_s623
formal_u2_family_086_r00_s02,formal_u2_family_086_r00,u2_family_086,val,6,8,3,0.6845613718032837,0.9374934434890747,0.6666666666666666,True,0,offline_teacher_to_causal_s623
formal_u2_family_086_r00_s03,formal_u2_family_086_r00,u2_family_086,val,9,20,12,0.33589887619018555,0.5072653293609619,0.5,True,0,offline_teacher_to_causal_s623
formal_u2_family_086_r00_s04,formal_u2_family_086_r00,u2_family_086,val,21,27,7,0.6498339772224426,0.9829486012458801,0.8571428571428571,True,0,offline_teacher_to_causal_s623
formal_u2_family_086_r00_s05,formal_u2_family_086_r00,u2_family_086,val,28,29,2,0.5805705785751343,0.5096046924591064,1.0,True,0,offline_teacher_to_causal_s623
formal_u2_family_086_r01_s00,formal_u2_family_086_r01,u2_family_086,val,0,2,3,0.3500095009803772,0.6797637343406677,0.3333333333333333,True,0,offline_teacher_to_causal_s623
formal_u2_family_086_r01_s01,formal_u2_family_086_r01,u2_family_086,val,3,5,3,0.9260120391845703,0.9504842162132263,0.0,True,0,offline_teacher_to_causal_s623
formal_u2_family_086_r01_s02,formal_u2_family_086_r01,u2_family_086,val,6,8,3,0.7241780757904053,0.9386578798294067,0.6666666666666666,True,0,offline_teacher_to_causal_s623
formal_u2_family_086_r01_s03,formal_u2_family_086_r01,u2_family_086,val,9,19,11,0.3625064492225647,0.5013245940208435,0.36363636363636365,True,0,offline_teacher_to_causal_s623
formal_u2_family_086_r01_s04,formal_u2_family_086_r01,u2_family_086,val,20,22,3,0.49772974848747253,0.5076114535331726,1.0,True,0,offline_teacher_to_causal_s623
formal_u2_family_086_r01_s05,formal_u2_family_086_r01,u2_family_086,val,23,28,6,0.6475681066513062,0.9834640622138977,0.8333333333333334,True,0,offline_teacher_to_causal_s623
formal_u2_family_086_r01_s06,formal_u2_family_086_r01,u2_family_086,val,29,30,2,0.5784087777137756,0.552879273891449,1.0,True,0,offline_teacher_to_causal_s623
formal_u2_family_086_r02_s00,formal_u2_family_086_r02,u2_family_086,val,0,2,3,0.3483738899230957,0.6803202629089355,0.3333333333333333,True,0,offline_teacher_to_causal_s623
formal_u2_family_086_r02_s01,formal_u2_family_086_r02,u2_family_086,val,3,5,3,0.92561274766922,0.9542002081871033,0.0,True,0,offline_teacher_to_causal_s623
formal_u2_family_086_r02_s02,formal_u2_family_086_r02,u2_family_086,val,6,9,4,0.7308261394500732,0.9295250177383423,0.75,True,0,offline_teacher_to_causal_s623
formal_u2_family_086_r02_s03,formal_u2_family_086_r02,u2_family_086,val,10,18,9,0.31247738003730774,0.6505993008613586,0.7777777777777778,True,0,offline_teacher_to_causal_s623
formal_u2_family_086_r02_s04,formal_u2_family_086_r02,u2_family_086,val,19,21,3,0.5003423690795898,0.5010128021240234,1.0,True,0,offline_teacher_to_causal_s623
formal_u2_family_086_r02_s05,formal_u2_family_086_r02,u2_family_086,val,22,24,3,0.5064195990562439,0.5925354957580566,0.6666666666666666,True,0,offline_teacher_to_causal_s623
formal_u2_family_086_r02_s06,formal_u2_family_086_r02,u2_family_086,val,25,25,1,0.5745606422424316,0.5745606422424316,1.0,True,0,offline_teacher_to_causal_s623
formal_u2_family_086_r03_s00,formal_u2_family_086_r03,u2_family_086,val,0,2,3,0.35018032789230347,0.6808171272277832,0.3333333333333333,True,0,offline_teacher_to_causal_s623
formal_u2_family_086_r03_s01,formal_u2_family_086_r03,u2_family_086,val,3,5,3,0.9258098006248474,0.9572616219520569,0.0,True,0,offline_teacher_to_causal_s623
formal_u2_family_086_r03_s02,formal_u2_family_086_r03,u2_family_086,val,6,19,14,0.6763289570808411,0.5039905905723572,0.35714285714285715,True,0,offline_teacher_to_causal_s623
formal_u2_family_086_r03_s03,formal_u2_family_086_r03,u2_family_086,val,20,22,3,0.5007730722427368,0.6531009078025818,1.0,True,0,offline_teacher_to_causal_s623
formal_u2_family_086_r03_s04,formal_u2_family_086_r03,u2_family_086,val,23,27,5,0.4994196593761444,0.9842144250869751,0.8,True,0,offline_teacher_to_causal_s623
formal_u2_family_086_r03_s05,formal_u2_family_086_r03,u2_family_086,val,28,29,2,0.5831782817840576,0.5233675241470337,1.0,True,0,offline_teacher_to_causal_s623
formal_u2_family_086_r04_s00,formal_u2_family_086_r04,u2_family_086,val,0,2,3,0.349258154630661,0.6796164512634277,0.3333333333333333,True,0,offline_teacher_to_causal_s623
formal_u2_family_086_r04_s01,formal_u2_family_086_r04,u2_family_086,val,3,5,3,0.9262346625328064,0.9543337821960449,0.0,True,0,offline_teacher_to_causal_s623
formal_u2_family_086_r04_s02,formal_u2_family_086_r04,u2_family_086,val,6,8,3,0.7331936359405518,0.5019601583480835,1.0,True,0,offline_teacher_to_causal_s623
formal_u2_family_086_r04_s03,formal_u2_family_086_r04,u2_family_086,val,9,19,11,0.9309386610984802,0.5116809010505676,0.5454545454545454,True,0,offline_teacher_to_causal_s623
formal_u2_family_086_r04_s04,formal_u2_family_086_r04,u2_family_086,val,20,22,3,0.6461548209190369,0.5057454109191895,1.0,True,0,offline_teacher_to_causal_s623
formal_u2_family_086_r04_s05,formal_u2_family_086_r04,u2_family_086,val,23,25,3,0.4953262209892273,0.5884856581687927,0.6666666666666666,True,0,offline_teacher_to_causal_s623
formal_u2_family_086_r04_s06,formal_u2_family_086_r04,u2_family_086,val,26,26,1,0.5882173180580139,0.5882173180580139,1.0,True,0,offline_teacher_to_causal_s623
formal_u2_family_086_r05_s00,formal_u2_family_086_r05,u2_family_086,val,0,2,3,0.34941694140434265,0.6810814738273621,0.3333333333333333,True,0,offline_teacher_to_causal_s623
formal_u2_family_086_r05_s01,formal_u2_family_086_r05,u2_family_086,val,3,5,3,0.9264798760414124,0.9517543911933899,0.0,True,0,offline_teacher_to_causal_s623
formal_u2_family_086_r05_s02,formal_u2_family_086_r05,u2_family_086,val,6,8,3,0.7325448393821716,0.5002850294113159,1.0,True,0,offline_teacher_to_causal_s623
formal_u2_family_086_r05_s03,formal_u2_family_086_r05,u2_family_086,val,9,19,11,0.9307944178581238,0.5106207132339478,0.6363636363636364,True,0,offline_teacher_to_causal_s623
formal_u2_family_086_r05_s04,formal_u2_family_086_r05,u2_family_086,val,20,25,6,0.6503475904464722,0.9844557046890259,0.8333333333333334,True,0,offline_teacher_to_causal_s623
formal_u2_family_086_r05_s05,formal_u2_family_086_r05,u2_family_086,val,26,27,2,0.5841286182403564,0.532069206237793,1.0,True,0,offline_teacher_to_causal_s623
formal_u2_family_087_r00_s00,formal_u2_family_087_r00,u2_family_087,val,0,2,3,0.34807288646698,0.6811259388923645,0.3333333333333333,True,0,offline_teacher_to_causal_s623
formal_u2_family_087_r00_s01,formal_u2_family_087_r00,u2_family_087,val,3,5,3,0.4946931004524231,0.935513973236084,0.6666666666666666,True,0,offline_teacher_to_causal_s623
formal_u2_family_087_r00_s02,formal_u2_family_087_r00,u2_family_087,val,6,16,11,0.3431927263736725,0.5021517872810364,0.36363636363636365,True,0,offline_teacher_to_causal_s623
formal_u2_family_087_r00_s03,formal_u2_family_087_r00,u2_family_087,val,17,19,3,0.49995744228363037,0.6552945971488953,1.0,True,0,offline_teacher_to_causal_s623
formal_u2_family_087_r00_s04,formal_u2_family_087_r00,u2_family_087,val,20,24,5,0.49911144375801086,0.9844058156013489,0.8,True,0,offline_teacher_to_causal_s623
formal_u2_family_087_r00_s05,formal_u2_family_087_r00,u2_family_087,val,25,26,2,0.5872788429260254,0.5810210108757019,1.0,True,0,offline_teacher_to_causal_s623
formal_u2_family_087_r01_s00,formal_u2_family_087_r01,u2_family_087,val,0,2,3,0.35030102729797363,0.6808680295944214,0.3333333333333333,True,0,offline_teacher_to_causal_s623
formal_u2_family_087_r01_s01,formal_u2_family_087_r01,u2_family_087,val,3,5,3,0.49764978885650635,0.9354291558265686,0.6666666666666666,True,0,offline_teacher_to_causal_s623
formal_u2_family_087_r01_s02,formal_u2_family_087_r01,u2_family_087,val,6,16,11,0.34852224588394165,0.5033297538757324,0.36363636363636365,True,0,offline_teacher_to_causal_s623
formal_u2_family_087_r01_s03,formal_u2_family_087_r01,u2_family_087,val,17,19,3,0.5012174248695374,0.6549882888793945,1.0,True,0,offline_teacher_to_causal_s623
formal_u2_family_087_r01_s04,formal_u2_family_087_r01,u2_family_087,val,20,24,5,0.5003775358200073,0.984732449054718,0.8,True,0,offline_teacher_to_causal_s623
formal_u2_family_087_r01_s05,formal_u2_family_087_r01,u2_family_087,val,25,26,2,0.5855852961540222,0.5701923966407776,1.0,True,0,offline_teacher_to_causal_s623
formal_u2_family_087_r02_s00,formal_u2_family_087_r02,u2_family_087,val,0,2,3,0.3505287170410156,0.6795917749404907,0.3333333333333333,True,0,offline_teacher_to_causal_s623
formal_u2_family_087_r02_s01,formal_u2_family_087_r02,u2_family_087,val,3,5,3,0.49719056487083435,0.9359338879585266,0.6666666666666666,True,0,offline_teacher_to_causal_s623
formal_u2_family_087_r02_s02,formal_u2_family_087_r02,u2_family_087,val,6,17,12,0.34641894698143005,0.5040910243988037,0.25,True,0,offline_teacher_to_causal_s623
formal_u2_family_087_r02_s03,formal_u2_family_087_r02,u2_family_087,val,18,20,3,0.5004805326461792,0.6526556611061096,1.0,True,0,offline_teacher_to_causal_s623
formal_u2_family_087_r02_s04,formal_u2_family_087_r02,u2_family_087,val,21,26,6,0.5007139444351196,0.9840824604034424,0.8333333333333334,True,0,offline_teacher_to_causal_s623
formal_u2_family_087_r02_s05,formal_u2_family_087_r02,u2_family_087,val,27,28,2,0.5864908695220947,0.509453535079956,1.0,True,0,offline_teacher_to_causal_s623
formal_u2_family_087_r03_s00,formal_u2_family_087_r03,u2_family_087,val,0,2,3,0.35090041160583496,0.6788556575775146,0.3333333333333333,True,0,offline_teacher_to_causal_s623
formal_u2_family_087_r03_s01,formal_u2_family_087_r03,u2_family_087,val,3,5,3,0.494865745306015,0.9361754655838013,0.6666666666666666,True,0,offline_teacher_to_causal_s623
formal_u2_family_087_r03_s02,formal_u2_family_087_r03,u2_family_087,val,6,16,11,0.3411730229854584,0.6511277556419373,0.5454545454545454,True,0,offline_teacher_to_causal_s623
formal_u2_family_087_r03_s03,formal_u2_family_087_r03,u2_family_087,val,17,20,4,0.5053715705871582,0.9873343706130981,0.75,True,0,offline_teacher_to_causal_s623
formal_u2_family_087_r03_s04,formal_u2_family_087_r03,u2_family_087,val,21,22,2,0.5833621025085449,0.5859894156455994,1.0,True,0,offline_teacher_to_causal_s623
formal_u2_family_087_r04_s00,formal_u2_family_087_r04,u2_family_087,val,0,2,3,0.34959110617637634,0.6819057464599609,0.3333333333333333,True,0,offline_teacher_to_causal_s623
formal_u2_family_087_r04_s01,formal_u2_family_087_r04,u2_family_087,val,3,5,3,0.49839654564857483,0.9358028769493103,0.6666666666666666,True,0,offline_teacher_to_causal_s623
formal_u2_family_087_r04_s02,formal_u2_family_087_r04,u2_family_087,val,6,17,12,0.3490321636199951,0.5037103295326233,0.3333333333333333,True,0,offline_teacher_to_causal_s623
formal_u2_family_087_r04_s03,formal_u2_family_087_r04,u2_family_087,val,18,20,3,0.49933135509490967,0.652010977268219,1.0,True,0,offline_teacher_to_causal_s623
formal_u2_family_087_r04_s04,formal_u2_family_087_r04,u2_family_087,val,21,25,5,0.4979194402694702,0.9845759868621826,0.8,True,0,offline_teacher_to_causal_s623
formal_u2_family_087_r04_s05,formal_u2_family_087_r04,u2_family_087,val,26,27,2,0.5821993947029114,0.5121322274208069,1.0,True,0,offline_teacher_to_causal_s623
formal_u2_family_087_r05_s00,formal_u2_family_087_r05,u2_family_087,val,0,2,3,0.34859326481819153,0.6822251677513123,0.3333333333333333,True,0,offline_teacher_to_causal_s623
formal_u2_family_087_r05_s01,formal_u2_family_087_r05,u2_family_087,val,3,6,4,0.5000206828117371,0.9327729344367981,0.75,True,0,offline_teacher_to_causal_s623
formal_u2_family_087_r05_s02,formal_u2_family_087_r05,u2_family_087,val,7,18,12,0.31267139315605164,0.5047683119773865,0.25,True,0,offline_teacher_to_causal_s623
formal_u2_family_087_r05_s03,formal_u2_family_087_r05,u2_family_087,val,19,21,3,0.5001396536827087,0.6484384536743164,1.0,True,0,offline_teacher_to_causal_s623
formal_u2_family_087_r05_s04,formal_u2_family_087_r05,u2_family_087,val,22,25,4,0.5001391172409058,0.9862427711486816,0.75,True,0,offline_teacher_to_causal_s623
formal_u2_family_087_r05_s05,formal_u2_family_087_r05,u2_family_087,val,26,27,2,0.5841432213783264,0.5689824819564819,1.0,True,0,offline_teacher_to_causal_s623
formal_u2_family_088_r00_s00,formal_u2_family_088_r00,u2_family_088,val,0,2,3,0.35000208020210266,0.6787049770355225,0.3333333333333333,True,0,offline_teacher_to_causal_s623
formal_u2_family_088_r00_s01,formal_u2_family_088_r00,u2_family_088,val,3,6,4,0.4994947016239166,0.9288634657859802,0.75,True,0,offline_teacher_to_causal_s623
formal_u2_family_088_r01_s00,formal_u2_family_088_r01,u2_family_088,val,0,2,3,0.3503895699977875,0.6777992844581604,0.3333333333333333,True,0,offline_teacher_to_causal_s623
formal_u2_family_088_r01_s01,formal_u2_family_088_r01,u2_family_088,val,3,6,4,0.5027028322219849,0.928737223148346,0.75,True,0,offline_teacher_to_causal_s623
formal_u2_family_088_r02_s00,formal_u2_family_088_r02,u2_family_088,val,0,2,3,0.3492540121078491,0.6777392029762268,0.3333333333333333,True,0,offline_teacher_to_causal_s623
formal_u2_family_088_r02_s01,formal_u2_family_088_r02,u2_family_088,val,3,6,4,0.499448299407959,0.928159773349762,0.75,True,0,offline_teacher_to_causal_s623
formal_u2_family_088_r03_s00,formal_u2_family_088_r03,u2_family_088,val,0,2,3,0.34632301330566406,0.6809279918670654,0.3333333333333333,True,0,offline_teacher_to_causal_s623
formal_u2_family_088_r03_s01,formal_u2_family_088_r03,u2_family_088,val,3,7,5,0.5039004683494568,0.9247379899024963,0.8,True,0,offline_teacher_to_causal_s623
formal_u2_family_088_r04_s00,formal_u2_family_088_r04,u2_family_088,val,0,2,3,0.34946209192276,0.677232027053833,0.3333333333333333,True,0,offline_teacher_to_causal_s623
formal_u2_family_088_r04_s01,formal_u2_family_088_r04,u2_family_088,val,3,6,4,0.4988521635532379,0.9283381104469299,0.75,True,0,offline_teacher_to_causal_s623
formal_u2_family_088_r05_s00,formal_u2_family_088_r05,u2_family_088,val,0,2,3,0.3491377830505371,0.6762163043022156,0.3333333333333333,True,0,offline_teacher_to_causal_s623
formal_u2_family_088_r05_s01,formal_u2_family_088_r05,u2_family_088,val,3,6,4,0.4968847930431366,0.9276421666145325,0.75,True,0,offline_teacher_to_causal_s623
formal_u2_family_089_r00_s00,formal_u2_family_089_r00,u2_family_089,val,0,7,8,0.27330079674720764,0.9734717011451721,0.0,True,0,offline_teacher_to_causal_s623
formal_u2_family_089_r00_s01,formal_u2_family_089_r00,u2_family_089,val,8,12,5,0.6359727382659912,0.932370662689209,0.8,True,0,offline_teacher_to_causal_s623
formal_u2_family_089_r00_s02,formal_u2_family_089_r00,u2_family_089,val,13,22,10,0.31373682618141174,0.5039909482002258,0.4,True,0,offline_teacher_to_causal_s623
formal_u2_family_089_r00_s03,formal_u2_family_089_r00,u2_family_089,val,23,25,3,0.49760115146636963,0.6544216275215149,1.0,True,0,offline_teacher_to_causal_s623
formal_u2_family_089_r00_s04,formal_u2_family_089_r00,u2_family_089,val,26,30,5,0.4993411600589752,0.9847581386566162,0.8,True,0,offline_teacher_to_causal_s623
formal_u2_family_089_r00_s05,formal_u2_family_089_r00,u2_family_089,val,31,32,2,0.5862325429916382,0.567001461982727,1.0,True,0,offline_teacher_to_causal_s623
formal_u2_family_089_r01_s00,formal_u2_family_089_r01,u2_family_089,val,0,6,7,0.2741633951663971,0.9649714827537537,0.0,True,0,offline_teacher_to_causal_s623
formal_u2_family_089_r01_s01,formal_u2_family_089_r01,u2_family_089,val,7,9,3,0.6213552951812744,0.5080968737602234,1.0,True,0,offline_teacher_to_causal_s623
formal_u2_family_089_r01_s02,formal_u2_family_089_r01,u2_family_089,val,10,12,3,0.4920312762260437,0.9293023943901062,0.6666666666666666,True,0,offline_teacher_to_causal_s623
formal_u2_family_089_r01_s03,formal_u2_family_089_r01,u2_family_089,val,13,21,9,0.3065146505832672,0.5006756782531738,0.3333333333333333,True,0,offline_teacher_to_causal_s623
formal_u2_family_089_r01_s04,formal_u2_family_089_r01,u2_family_089,val,22,24,3,0.49503397941589355,0.6541057229042053,1.0,True,0,offline_teacher_to_causal_s623
formal_u2_family_089_r01_s05,formal_u2_family_089_r01,u2_family_089,val,25,29,5,0.4958316683769226,0.98111492395401,0.8,True,0,offline_teacher_to_causal_s623
formal_u2_family_089_r01_s06,formal_u2_family_089_r01,u2_family_089,val,30,31,2,0.5834581851959229,0.510873556137085,1.0,True,0,offline_teacher_to_causal_s623
formal_u2_family_089_r02_s00,formal_u2_family_089_r02,u2_family_089,val,0,7,8,0.27372294664382935,0.9715338349342346,0.0,True,0,offline_teacher_to_causal_s623
formal_u2_family_089_r02_s01,formal_u2_family_089_r02,u2_family_089,val,8,12,5,0.6256609559059143,0.9344322681427002,0.8,True,0,offline_teacher_to_causal_s623
formal_u2_family_089_r02_s02,formal_u2_family_089_r02,u2_family_089,val,13,22,10,0.31000280380249023,0.510991632938385,0.6,True,0,offline_teacher_to_causal_s623
formal_u2_family_089_r02_s03,formal_u2_family_089_r02,u2_family_089,val,23,25,3,0.6538658142089844,0.5017807483673096,1.0,True,0,offline_teacher_to_causal_s623
formal_u2_family_089_r02_s04,formal_u2_family_089_r02,u2_family_089,val,26,28,3,0.4903831481933594,0.9841530919075012,0.6666666666666666,True,0,offline_teacher_to_causal_s623
formal_u2_family_089_r02_s05,formal_u2_family_089_r02,u2_family_089,val,29,30,2,0.5809895992279053,0.5093284845352173,1.0,True,0,offline_teacher_to_causal_s623
formal_u2_family_089_r03_s00,formal_u2_family_089_r03,u2_family_089,val,0,7,8,0.272867351770401,0.9736821055412292,0.0,True,0,offline_teacher_to_causal_s623
formal_u2_family_089_r03_s01,formal_u2_family_089_r03,u2_family_089,val,8,12,5,0.6346463561058044,0.9320347309112549,0.8,True,0,offline_teacher_to_causal_s623
formal_u2_family_089_r03_s02,formal_u2_family_089_r03,u2_family_089,val,13,22,10,0.3113696277141571,0.512137234210968,0.5,True,0,offline_teacher_to_causal_s623
formal_u2_family_089_r03_s03,formal_u2_family_089_r03,u2_family_089,val,23,25,3,0.652346134185791,0.5009763836860657,1.0,True,0,offline_teacher_to_causal_s623
formal_u2_family_089_r03_s04,formal_u2_family_089_r03,u2_family_089,val,26,28,3,0.4896987974643707,0.9855772852897644,0.6666666666666666,True,0,offline_teacher_to_causal_s623
formal_u2_family_089_r03_s05,formal_u2_family_089_r03,u2_family_089,val,29,30,2,0.5832028985023499,0.5577642321586609,1.0,True,0,offline_teacher_to_causal_s623
formal_u2_family_089_r04_s00,formal_u2_family_089_r04,u2_family_089,val,0,7,8,0.27331221103668213,0.9735692739486694,0.0,True,0,offline_teacher_to_causal_s623
formal_u2_family_089_r04_s01,formal_u2_family_089_r04,u2_family_089,val,8,12,5,0.634867787361145,0.9311951398849487,0.8,True,0,offline_teacher_to_causal_s623
formal_u2_family_089_r04_s02,formal_u2_family_089_r04,u2_family_089,val,13,22,10,0.3136007785797119,0.5014580488204956,0.4,True,0,offline_teacher_to_causal_s623
formal_u2_family_089_r04_s03,formal_u2_family_089_r04,u2_family_089,val,23,25,3,0.4997560977935791,0.5051735639572144,1.0,True,0,offline_teacher_to_causal_s623
formal_u2_family_089_r04_s04,formal_u2_family_089_r04,u2_family_089,val,26,28,3,0.5054799914360046,0.5047423839569092,1.0,True,0,offline_teacher_to_causal_s623
formal_u2_family_089_r04_s05,formal_u2_family_089_r04,u2_family_089,val,29,31,3,0.9849697351455688,0.5588314533233643,0.6666666666666666,True,0,offline_teacher_to_causal_s623
formal_u2_family_089_r05_s00,formal_u2_family_089_r05,u2_family_089,val,0,6,7,0.27423083782196045,0.5060819983482361,0.0,False,0,offline_teacher_to_causal_s623
formal_u2_family_089_r05_s01,formal_u2_family_089_r05,u2_family_089,val,7,9,3,0.9737899303436279,0.5094879865646362,0.6666666666666666,True,0,offline_teacher_to_causal_s623
formal_u2_family_089_r05_s02,formal_u2_family_089_r05,u2_family_089,val,10,22,13,0.495043009519577,0.5039336085319519,0.38461538461538464,True,0,offline_teacher_to_causal_s623
formal_u2_family_089_r05_s03,formal_u2_family_089_r05,u2_family_089,val,23,25,3,0.5014389157295227,0.5074788331985474,1.0,True,0,offline_teacher_to_causal_s623
formal_u2_family_089_r05_s04,formal_u2_family_089_r05,u2_family_089,val,26,28,3,0.6516215205192566,0.5030170679092407,1.0,True,0,offline_teacher_to_causal_s623
formal_u2_family_089_r05_s05,formal_u2_family_089_r05,u2_family_089,val,29,32,4,0.48528531193733215,0.9815475940704346,0.75,True,0,offline_teacher_to_causal_s623
formal_u2_family_089_r05_s06,formal_u2_family_089_r05,u2_family_089,val,33,34,2,0.5870200991630554,0.5398787260055542,1.0,True,0,offline_teacher_to_causal_s623
formal_u2_family_090_r00_s00,formal_u2_family_090_r00,u2_family_090,val,0,2,3,0.3188456594944,0.6719163656234741,0.3333333333333333,True,0,offline_teacher_to_causal_s623
formal_u2_family_090_r00_s01,formal_u2_family_090_r00,u2_family_090,val,3,8,6,0.7136834859848022,0.5065643191337585,1.0,True,0,offline_teacher_to_causal_s623
formal_u2_family_090_r00_s02,formal_u2_family_090_r00,u2_family_090,val,9,13,5,0.5013321042060852,0.6413910984992981,1.0,True,0,offline_teacher_to_causal_s623
formal_u2_family_090_r00_s03,formal_u2_family_090_r00,u2_family_090,val,14,22,9,0.557442307472229,0.9894266128540039,0.8888888888888888,True,0,offline_teacher_to_causal_s623
formal_u2_family_090_r00_s04,formal_u2_family_090_r00,u2_family_090,val,23,24,2,0.5834237933158875,0.5695282816886902,1.0,True,0,offline_teacher_to_causal_s623
formal_u2_family_090_r01_s00,formal_u2_family_090_r01,u2_family_090,val,0,2,3,0.32121774554252625,0.6695171594619751,0.3333333333333333,True,0,offline_teacher_to_causal_s623
formal_u2_family_090_r01_s01,formal_u2_family_090_r01,u2_family_090,val,3,11,9,0.7114155292510986,0.6509180068969727,1.0,True,0,offline_teacher_to_causal_s623
formal_u2_family_090_r01_s02,formal_u2_family_090_r01,u2_family_090,val,12,22,11,0.5108962655067444,0.9887382984161377,0.9090909090909091,True,0,offline_teacher_to_causal_s623
formal_u2_family_090_r01_s03,formal_u2_family_090_r01,u2_family_090,val,23,24,2,0.5785166621208191,0.5598692297935486,1.0,True,0,offline_teacher_to_causal_s623
formal_u2_family_090_r02_s00,formal_u2_family_090_r02,u2_family_090,val,0,2,3,0.31747516989707947,0.6735937595367432,0.3333333333333333,True,0,offline_teacher_to_causal_s623
formal_u2_family_090_r02_s01,formal_u2_family_090_r02,u2_family_090,val,3,11,9,0.7060763239860535,0.6451679468154907,1.0,True,0,offline_teacher_to_causal_s623
formal_u2_family_090_r02_s02,formal_u2_family_090_r02,u2_family_090,val,12,21,10,0.5118418335914612,0.9889937043190002,0.9,True,0,offline_teacher_to_causal_s623
formal_u2_family_090_r02_s03,formal_u2_family_090_r02,u2_family_090,val,22,23,2,0.5810635089874268,0.5631195306777954,1.0,True,0,offline_teacher_to_causal_s623
formal_u2_family_090_r03_s00,formal_u2_family_090_r03,u2_family_090,val,0,2,3,0.3184811472892761,0.6701641082763672,0.3333333333333333,True,0,offline_teacher_to_causal_s623
formal_u2_family_090_r03_s01,formal_u2_family_090_r03,u2_family_090,val,3,8,6,0.7071573734283447,0.5015996098518372,1.0,True,0,offline_teacher_to_causal_s623
formal_u2_family_090_r03_s02,formal_u2_family_090_r03,u2_family_090,val,9,21,13,0.5047234296798706,0.989736795425415,0.9230769230769231,True,0,offline_teacher_to_causal_s623
formal_u2_family_090_r03_s03,formal_u2_family_090_r03,u2_family_090,val,22,23,2,0.5971543192863464,0.554739236831665,1.0,True,0,offline_teacher_to_causal_s623
formal_u2_family_090_r04_s00,formal_u2_family_090_r04,u2_family_090,val,0,2,3,0.318800151348114,0.6724429130554199,0.3333333333333333,True,0,offline_teacher_to_causal_s623
formal_u2_family_090_r04_s01,formal_u2_family_090_r04,u2_family_090,val,3,14,12,0.7147594094276428,0.6542233824729919,1.0,True,0,offline_teacher_to_causal_s623
formal_u2_family_090_r04_s02,formal_u2_family_090_r04,u2_family_090,val,15,21,7,0.561216413974762,0.9888457655906677,0.8571428571428571,True,0,offline_teacher_to_causal_s623
formal_u2_family_090_r04_s03,formal_u2_family_090_r04,u2_family_090,val,22,23,2,0.5783722996711731,0.5739169716835022,1.0,True,0,offline_teacher_to_causal_s623
formal_u2_family_090_r05_s00,formal_u2_family_090_r05,u2_family_090,val,0,2,3,0.31884557008743286,0.6712639927864075,0.3333333333333333,True,0,offline_teacher_to_causal_s623
formal_u2_family_090_r05_s01,formal_u2_family_090_r05,u2_family_090,val,3,11,9,0.7074963450431824,0.64505535364151,1.0,True,0,offline_teacher_to_causal_s623
formal_u2_family_090_r05_s02,formal_u2_family_090_r05,u2_family_090,val,12,20,9,0.5461603999137878,0.9898052215576172,0.8888888888888888,True,0,offline_teacher_to_causal_s623
formal_u2_family_090_r05_s03,formal_u2_family_090_r05,u2_family_090,val,21,22,2,0.5944010019302368,0.5935871601104736,1.0,True,0,offline_teacher_to_causal_s623
formal_u2_family_091_r00_s00,formal_u2_family_091_r00,u2_family_091,val,0,2,3,0.31554800271987915,0.6718822717666626,0.3333333333333333,True,0,offline_teacher_to_causal_s623
formal_u2_family_091_r00_s01,formal_u2_family_091_r00,u2_family_091,val,3,5,3,0.7140408754348755,0.9592470526695251,0.3333333333333333,True,1,offline_teacher_to_causal_s623
formal_u2_family_091_r00_s02,formal_u2_family_091_r00,u2_family_091,val,6,8,3,0.943749725818634,0.5027815699577332,0.6666666666666666,True,0,offline_teacher_to_causal_s623
formal_u2_family_091_r00_s03,formal_u2_family_091_r00,u2_family_091,val,9,16,8,0.48994460701942444,0.650829017162323,1.0,True,0,offline_teacher_to_causal_s623
formal_u2_family_091_r00_s04,formal_u2_family_091_r00,u2_family_091,val,17,25,9,0.5129508376121521,0.9887307286262512,0.8888888888888888,True,0,offline_teacher_to_causal_s623
formal_u2_family_091_r00_s05,formal_u2_family_091_r00,u2_family_091,val,26,27,2,0.5728842616081238,0.5609229207038879,1.0,True,0,offline_teacher_to_causal_s623
formal_u2_family_091_r01_s00,formal_u2_family_091_r01,u2_family_091,val,0,2,3,0.31898534297943115,0.6714892387390137,0.3333333333333333,True,0,offline_teacher_to_causal_s623
formal_u2_family_091_r01_s01,formal_u2_family_091_r01,u2_family_091,val,3,12,10,0.7113059759140015,0.6562995314598083,1.0,True,0,offline_teacher_to_causal_s623
formal_u2_family_091_r01_s02,formal_u2_family_091_r01,u2_family_091,val,13,22,10,0.5080404281616211,0.9891013503074646,0.9,True,0,offline_teacher_to_causal_s623
formal_u2_family_091_r01_s03,formal_u2_family_091_r01,u2_family_091,val,23,24,2,0.5788971781730652,0.5786439180374146,1.0,True,0,offline_teacher_to_causal_s623
formal_u2_family_091_r02_s00,formal_u2_family_091_r02,u2_family_091,val,0,2,3,0.31774598360061646,0.6718677878379822,0.3333333333333333,True,0,offline_teacher_to_causal_s623
formal_u2_family_091_r02_s01,formal_u2_family_091_r02,u2_family_091,val,3,8,6,0.7120553851127625,0.5035030245780945,1.0,True,0,offline_teacher_to_causal_s623
formal_u2_family_091_r02_s02,formal_u2_family_091_r02,u2_family_091,val,9,14,6,0.5057433247566223,0.6265470385551453,1.0,True,0,offline_teacher_to_causal_s623
formal_u2_family_091_r02_s03,formal_u2_family_091_r02,u2_family_091,val,15,21,7,0.5708020329475403,0.9896397590637207,0.8571428571428571,True,0,offline_teacher_to_causal_s623
formal_u2_family_091_r02_s04,formal_u2_family_091_r02,u2_family_091,val,22,23,2,0.5935806035995483,0.5787343382835388,1.0,True,0,offline_teacher_to_causal_s623
formal_u2_family_091_r03_s00,formal_u2_family_091_r03,u2_family_091,val,0,2,3,0.3182532787322998,0.6716275215148926,0.3333333333333333,True,0,offline_teacher_to_causal_s623
formal_u2_family_091_r03_s01,formal_u2_family_091_r03,u2_family_091,val,3,5,3,0.7086130380630493,0.9604236483573914,0.3333333333333333,True,1,offline_teacher_to_causal_s623
formal_u2_family_091_r03_s02,formal_u2_family_091_r03,u2_family_091,val,6,8,3,0.9456304311752319,0.5031768679618835,0.6666666666666666,True,0,offline_teacher_to_causal_s623
formal_u2_family_091_r03_s03,formal_u2_family_091_r03,u2_family_091,val,9,13,5,0.4920763075351715,0.5070897936820984,1.0,True,0,offline_teacher_to_causal_s623
formal_u2_family_091_r03_s04,formal_u2_family_091_r03,u2_family_091,val,14,23,10,0.4779357612133026,0.9892547130584717,0.9,True,0,offline_teacher_to_causal_s623
formal_u2_family_091_r03_s05,formal_u2_family_091_r03,u2_family_091,val,24,25,2,0.5827614665031433,0.5649865865707397,1.0,True,0,offline_teacher_to_causal_s623
formal_u2_family_091_r04_s00,formal_u2_family_091_r04,u2_family_091,val,0,2,3,0.31786060333251953,0.6715520024299622,0.3333333333333333,True,0,offline_teacher_to_causal_s623
formal_u2_family_091_r04_s01,formal_u2_family_091_r04,u2_family_091,val,3,10,8,0.7114759087562561,0.5008313059806824,1.0,True,0,offline_teacher_to_causal_s623
formal_u2_family_091_r04_s02,formal_u2_family_091_r04,u2_family_091,val,11,13,3,0.6671712398529053,0.5332418084144592,1.0,True,0,offline_teacher_to_causal_s623
formal_u2_family_091_r04_s03,formal_u2_family_091_r04,u2_family_091,val,14,22,9,0.4927906095981598,0.9886366724967957,0.8888888888888888,True,0,offline_teacher_to_causal_s623
formal_u2_family_091_r04_s04,formal_u2_family_091_r04,u2_family_091,val,23,24,2,0.5746369957923889,0.5525810122489929,1.0,True,0,offline_teacher_to_causal_s623
formal_u2_family_091_r05_s00,formal_u2_family_091_r05,u2_family_091,val,0,2,3,0.31797730922698975,0.673824667930603,0.3333333333333333,True,0,offline_teacher_to_causal_s623
formal_u2_family_091_r05_s01,formal_u2_family_091_r05,u2_family_091,val,3,12,10,0.707635223865509,0.6457492113113403,1.0,True,0,offline_teacher_to_causal_s623
formal_u2_family_091_r05_s02,formal_u2_family_091_r05,u2_family_091,val,13,21,9,0.5148131847381592,0.9895423650741577,0.8888888888888888,True,0,offline_teacher_to_causal_s623
formal_u2_family_091_r05_s03,formal_u2_family_091_r05,u2_family_091,val,22,23,2,0.5910868644714355,0.5817745327949524,1.0,True,0,offline_teacher_to_causal_s623
formal_u2_family_092_r00_s00,formal_u2_family_092_r00,u2_family_092,val,0,2,3,0.3177609443664551,0.6722837090492249,0.3333333333333333,True,0,offline_teacher_to_causal_s623
formal_u2_family_092_r00_s01,formal_u2_family_092_r00,u2_family_092,val,3,5,3,0.7097432017326355,0.9600426554679871,0.3333333333333333,True,1,offline_teacher_to_causal_s623
formal_u2_family_092_r00_s02,formal_u2_family_092_r00,u2_family_092,val,6,16,11,0.9449121952056885,0.6454654335975647,0.9090909090909091,True,0,offline_teacher_to_causal_s623
formal_u2_family_092_r00_s03,formal_u2_family_092_r00,u2_family_092,val,17,23,7,0.5575093626976013,0.9893777966499329,0.8571428571428571,True,0,offline_teacher_to_causal_s623
formal_u2_family_092_r00_s04,formal_u2_family_092_r00,u2_family_092,val,24,25,2,0.5851409435272217,0.5612994432449341,1.0,True,0,offline_teacher_to_causal_s623
formal_u2_family_092_r01_s00,formal_u2_family_092_r01,u2_family_092,val,0,2,3,0.31866341829299927,0.6720960140228271,0.3333333333333333,True,0,offline_teacher_to_causal_s623
formal_u2_family_092_r01_s01,formal_u2_family_092_r01,u2_family_092,val,3,5,3,0.7088222503662109,0.9596853852272034,0.3333333333333333,True,1,offline_teacher_to_causal_s623
formal_u2_family_092_r01_s02,formal_u2_family_092_r01,u2_family_092,val,6,8,3,0.9427183866500854,0.5000392198562622,0.6666666666666666,True,0,offline_teacher_to_causal_s623
formal_u2_family_092_r01_s03,formal_u2_family_092_r01,u2_family_092,val,9,13,5,0.4891710877418518,0.5022105574607849,1.0,True,0,offline_teacher_to_causal_s623
formal_u2_family_092_r01_s04,formal_u2_family_092_r01,u2_family_092,val,14,23,10,0.4757365882396698,0.9896266460418701,0.9,True,0,offline_teacher_to_causal_s623
formal_u2_family_092_r01_s05,formal_u2_family_092_r01,u2_family_092,val,24,25,2,0.5894257426261902,0.590843677520752,1.0,True,0,offline_teacher_to_causal_s623
formal_u2_family_092_r02_s00,formal_u2_family_092_r02,u2_family_092,val,0,2,3,0.3186766803264618,0.6726603507995605,0.3333333333333333,True,0,offline_teacher_to_causal_s623
formal_u2_family_092_r02_s01,formal_u2_family_092_r02,u2_family_092,val,3,5,3,0.7108792066574097,0.9588642120361328,0.3333333333333333,True,1,offline_teacher_to_causal_s623
formal_u2_family_092_r02_s02,formal_u2_family_092_r02,u2_family_092,val,6,8,3,0.9468206167221069,0.5005233883857727,0.6666666666666666,True,0,offline_teacher_to_causal_s623
formal_u2_family_092_r02_s03,formal_u2_family_092_r02,u2_family_092,val,9,23,15,0.49359816312789917,0.9889442920684814,0.9333333333333333,True,0,offline_teacher_to_causal_s623
formal_u2_family_092_r02_s04,formal_u2_family_092_r02,u2_family_092,val,24,25,2,0.5821079611778259,0.5762521624565125,1.0,True,0,offline_teacher_to_causal_s623
formal_u2_family_092_r03_s00,formal_u2_family_092_r03,u2_family_092,val,0,2,3,0.3183971345424652,0.6716837286949158,0.3333333333333333,True,0,offline_teacher_to_causal_s623
formal_u2_family_092_r03_s01,formal_u2_family_092_r03,u2_family_092,val,3,5,3,0.7062287926673889,0.9597072601318359,0.3333333333333333,True,1,offline_teacher_to_causal_s623
formal_u2_family_092_r03_s02,formal_u2_family_092_r03,u2_family_092,val,6,16,11,0.9381949305534363,0.6535397171974182,0.9090909090909091,True,0,offline_teacher_to_causal_s623
formal_u2_family_092_r03_s03,formal_u2_family_092_r03,u2_family_092,val,17,24,8,0.5544531345367432,0.9884761571884155,0.875,True,0,offline_teacher_to_causal_s623
formal_u2_family_092_r03_s04,formal_u2_family_092_r03,u2_family_092,val,25,26,2,0.5733364820480347,0.5233578085899353,1.0,True,0,offline_teacher_to_causal_s623
formal_u2_family_092_r04_s00,formal_u2_family_092_r04,u2_family_092,val,0,2,3,0.31884530186653137,0.671309232711792,0.3333333333333333,True,0,offline_teacher_to_causal_s623
formal_u2_family_092_r04_s01,formal_u2_family_092_r04,u2_family_092,val,3,5,3,0.7095217704772949,0.9596223831176758,0.3333333333333333,True,1,offline_teacher_to_causal_s623
formal_u2_family_092_r04_s02,formal_u2_family_092_r04,u2_family_092,val,6,23,18,0.9439869523048401,0.9894910454750061,0.8888888888888888,True,0,offline_teacher_to_causal_s623
formal_u2_family_092_r04_s03,formal_u2_family_092_r04,u2_family_092,val,24,25,2,0.5880911946296692,0.583432674407959,1.0,True,0,offline_teacher_to_causal_s623
formal_u2_family_092_r05_s00,formal_u2_family_092_r05,u2_family_092,val,0,2,3,0.31946420669555664,0.6705759167671204,0.3333333333333333,True,0,offline_teacher_to_causal_s623
formal_u2_family_092_r05_s01,formal_u2_family_092_r05,u2_family_092,val,3,5,3,0.7093931436538696,0.9599164128303528,0.3333333333333333,True,1,offline_teacher_to_causal_s623
formal_u2_family_092_r05_s02,formal_u2_family_092_r05,u2_family_092,val,6,16,11,0.9432851076126099,0.6470070481300354,0.9090909090909091,True,0,offline_teacher_to_causal_s623
formal_u2_family_092_r05_s03,formal_u2_family_092_r05,u2_family_092,val,17,23,7,0.5606269836425781,0.9890387058258057,0.8571428571428571,True,0,offline_teacher_to_causal_s623
formal_u2_family_092_r05_s04,formal_u2_family_092_r05,u2_family_092,val,24,25,2,0.5833717584609985,0.5977499485015869,1.0,True,0,offline_teacher_to_causal_s623
formal_u2_family_093_r00_s00,formal_u2_family_093_r00,u2_family_093,val,0,2,3,0.31922388076782227,0.6720344424247742,0.3333333333333333,True,0,offline_teacher_to_causal_s623
formal_u2_family_093_r00_s01,formal_u2_family_093_r00,u2_family_093,val,3,9,7,0.7034416198730469,0.5081338882446289,1.0,True,0,offline_teacher_to_causal_s623
formal_u2_family_093_r00_s02,formal_u2_family_093_r00,u2_family_093,val,10,20,11,0.4790066182613373,0.988872230052948,0.9090909090909091,True,0,offline_teacher_to_causal_s623
formal_u2_family_093_r00_s03,formal_u2_family_093_r00,u2_family_093,val,21,22,2,0.5808528065681458,0.534061849117279,1.0,True,0,offline_teacher_to_causal_s623
formal_u2_family_093_r01_s00,formal_u2_family_093_r01,u2_family_093,val,0,2,3,0.32403191924095154,0.6712814569473267,0.3333333333333333,True,0,offline_teacher_to_causal_s623
formal_u2_family_093_r01_s01,formal_u2_family_093_r01,u2_family_093,val,3,8,6,0.7051852345466614,0.5001769065856934,1.0,True,0,offline_teacher_to_causal_s623
formal_u2_family_093_r01_s02,formal_u2_family_093_r01,u2_family_093,val,9,13,5,0.5001591444015503,0.6356300711631775,1.0,True,0,offline_teacher_to_causal_s623
formal_u2_family_093_r01_s03,formal_u2_family_093_r01,u2_family_093,val,14,23,10,0.5107795000076294,0.9891000390052795,0.9,True,0,offline_teacher_to_causal_s623
formal_u2_family_093_r01_s04,formal_u2_family_093_r01,u2_family_093,val,24,25,2,0.5819011330604553,0.5364797711372375,1.0,True,0,offline_teacher_to_causal_s623
formal_u2_family_093_r02_s00,formal_u2_family_093_r02,u2_family_093,val,0,2,3,0.3213558495044708,0.6683468818664551,0.3333333333333333,True,0,offline_teacher_to_causal_s623
formal_u2_family_093_r02_s01,formal_u2_family_093_r02,u2_family_093,val,3,9,7,0.7023168206214905,0.5059298276901245,1.0,True,0,offline_teacher_to_causal_s623
formal_u2_family_093_r02_s02,formal_u2_family_093_r02,u2_family_093,val,10,20,11,0.47780564427375793,0.9892715215682983,0.9090909090909091,True,0,offline_teacher_to_causal_s623
formal_u2_family_093_r02_s03,formal_u2_family_093_r02,u2_family_093,val,21,22,2,0.5820881724357605,0.6189056038856506,1.0,True,0,offline_teacher_to_causal_s623
formal_u2_family_093_r03_s00,formal_u2_family_093_r03,u2_family_093,val,0,2,3,0.3187723159790039,0.6707292199134827,0.3333333333333333,True,0,offline_teacher_to_causal_s623
formal_u2_family_093_r03_s01,formal_u2_family_093_r03,u2_family_093,val,3,8,6,0.7080928087234497,0.5021240711212158,1.0,True,0,offline_teacher_to_causal_s623
formal_u2_family_093_r03_s02,formal_u2_family_093_r03,u2_family_093,val,9,21,13,0.5060224533081055,0.9885181784629822,0.9230769230769231,True,0,offline_teacher_to_causal_s623
formal_u2_family_093_r03_s03,formal_u2_family_093_r03,u2_family_093,val,22,23,2,0.5728367567062378,0.629082977771759,1.0,True,0,offline_teacher_to_causal_s623
formal_u2_family_093_r04_s00,formal_u2_family_093_r04,u2_family_093,val,0,2,3,0.3179984390735626,0.674848735332489,0.3333333333333333,True,0,offline_teacher_to_causal_s623
formal_u2_family_093_r04_s01,formal_u2_family_093_r04,u2_family_093,val,3,8,6,0.7110986709594727,0.5018479824066162,1.0,True,0,offline_teacher_to_causal_s623
formal_u2_family_093_r04_s02,formal_u2_family_093_r04,u2_family_093,val,9,21,13,0.5067052245140076,0.989134669303894,0.9230769230769231,True,0,offline_teacher_to_causal_s623
formal_u2_family_093_r04_s03,formal_u2_family_093_r04,u2_family_093,val,22,23,2,0.583045482635498,0.5945096015930176,1.0,True,0,offline_teacher_to_causal_s623
formal_u2_family_093_r05_s00,formal_u2_family_093_r05,u2_family_093,val,0,2,3,0.3210025727748871,0.672252357006073,0.3333333333333333,True,0,offline_teacher_to_causal_s623
formal_u2_family_093_r05_s01,formal_u2_family_093_r05,u2_family_093,val,3,8,6,0.7055442929267883,0.5001994967460632,1.0,True,0,offline_teacher_to_causal_s623
formal_u2_family_093_r05_s02,formal_u2_family_093_r05,u2_family_093,val,9,20,12,0.506241500377655,0.9900760054588318,0.9166666666666666,True,0,offline_teacher_to_causal_s623
formal_u2_family_093_r05_s03,formal_u2_family_093_r05,u2_family_093,val,21,22,2,0.6037087440490723,0.551859974861145,1.0,True,0,offline_teacher_to_causal_s623
formal_u2_family_094_r00_s00,formal_u2_family_094_r00,u2_family_094,val,0,2,3,0.32079970836639404,0.6839536428451538,0.3333333333333333,True,0,offline_teacher_to_causal_s623
formal_u2_family_094_r00_s01,formal_u2_family_094_r00,u2_family_094,val,3,5,3,0.5186368227005005,0.505400538444519,1.0,True,0,offline_teacher_to_causal_s623
formal_u2_family_094_r00_s02,formal_u2_family_094_r00,u2_family_094,val,6,8,3,0.5157017111778259,0.9213936924934387,0.6666666666666666,True,0,offline_teacher_to_causal_s623
formal_u2_family_094_r01_s00,formal_u2_family_094_r01,u2_family_094,val,0,2,3,0.8727551102638245,0.5225682854652405,0.6666666666666666,True,0,offline_teacher_to_causal_s623
formal_u2_family_094_r01_s01,formal_u2_family_094_r01,u2_family_094,val,3,5,3,0.5132686495780945,0.5190382599830627,1.0,True,0,offline_teacher_to_causal_s623
formal_u2_family_094_r01_s02,formal_u2_family_094_r01,u2_family_094,val,6,6,1,0.9283506274223328,0.9283506274223328,0.0,True,0,offline_teacher_to_causal_s623
formal_u2_family_094_r02_s00,formal_u2_family_094_r02,u2_family_094,val,0,2,3,0.3186267018318176,0.6822229027748108,0.3333333333333333,True,0,offline_teacher_to_causal_s623
formal_u2_family_094_r02_s01,formal_u2_family_094_r02,u2_family_094,val,3,5,3,0.5126786231994629,0.5059955716133118,1.0,True,0,offline_teacher_to_causal_s623
formal_u2_family_094_r02_s02,formal_u2_family_094_r02,u2_family_094,val,6,7,2,0.5183029770851135,0.9257479906082153,0.5,True,0,offline_teacher_to_causal_s623
formal_u2_family_094_r03_s00,formal_u2_family_094_r03,u2_family_094,val,0,2,3,0.3227359652519226,0.685739278793335,0.3333333333333333,True,0,offline_teacher_to_causal_s623
formal_u2_family_094_r03_s01,formal_u2_family_094_r03,u2_family_094,val,3,5,3,0.5215185284614563,0.5067578554153442,1.0,True,0,offline_teacher_to_causal_s623
formal_u2_family_094_r03_s02,formal_u2_family_094_r03,u2_family_094,val,6,8,3,0.5207949280738831,0.9217708706855774,0.6666666666666666,True,0,offline_teacher_to_causal_s623
formal_u2_family_094_r04_s00,formal_u2_family_094_r04,u2_family_094,val,0,2,3,0.31956321001052856,0.6846140027046204,0.3333333333333333,True,0,offline_teacher_to_causal_s623
formal_u2_family_094_r04_s01,formal_u2_family_094_r04,u2_family_094,val,3,5,3,0.5214022397994995,0.5103232860565186,1.0,True,0,offline_teacher_to_causal_s623
formal_u2_family_094_r04_s02,formal_u2_family_094_r04,u2_family_094,val,6,8,3,0.5206053853034973,0.917865514755249,0.6666666666666666,True,0,offline_teacher_to_causal_s623
formal_u2_family_094_r05_s00,formal_u2_family_094_r05,u2_family_094,val,0,2,3,0.31952783465385437,0.6870148777961731,0.3333333333333333,True,0,offline_teacher_to_causal_s623
formal_u2_family_094_r05_s01,formal_u2_family_094_r05,u2_family_094,val,3,5,3,0.5250745415687561,0.506762683391571,1.0,True,0,offline_teacher_to_causal_s623
formal_u2_family_094_r05_s02,formal_u2_family_094_r05,u2_family_094,val,6,8,3,0.5118246674537659,0.9228240251541138,0.6666666666666666,True,0,offline_teacher_to_causal_s623
formal_u2_family_095_r00_s00,formal_u2_family_095_r00,u2_family_095,val,0,8,9,0.25255995988845825,0.9649532437324524,0.0,True,0,offline_teacher_to_causal_s623
formal_u2_family_095_r00_s01,formal_u2_family_095_r00,u2_family_095,val,9,11,3,0.618487536907196,0.5165107846260071,1.0,True,0,offline_teacher_to_causal_s623
formal_u2_family_095_r00_s02,formal_u2_family_095_r00,u2_family_095,val,12,15,4,0.5123701095581055,0.504250168800354,1.0,True,0,offline_teacher_to_causal_s623
formal_u2_family_095_r00_s03,formal_u2_family_095_r00,u2_family_095,val,16,20,5,0.4947364032268524,0.63858562707901,1.0,True,0,offline_teacher_to_causal_s623
formal_u2_family_095_r00_s04,formal_u2_family_095_r00,u2_family_095,val,21,28,8,0.564919114112854,0.9895433187484741,0.875,True,0,offline_teacher_to_causal_s623
formal_u2_family_095_r00_s05,formal_u2_family_095_r00,u2_family_095,val,29,30,2,0.5979381799697876,0.5867477655410767,1.0,True,0,offline_teacher_to_causal_s623
formal_u2_family_095_r01_s00,formal_u2_family_095_r01,u2_family_095,val,0,9,10,0.2524225115776062,0.9734665155410767,0.0,True,0,offline_teacher_to_causal_s623
formal_u2_family_095_r01_s01,formal_u2_family_095_r01,u2_family_095,val,10,12,3,0.6597304940223694,0.5006017684936523,1.0,True,0,offline_teacher_to_causal_s623
formal_u2_family_095_r01_s02,formal_u2_family_095_r01,u2_family_095,val,13,19,7,0.4839301109313965,0.6410126090049744,1.0,True,0,offline_teacher_to_causal_s623
formal_u2_family_095_r01_s03,formal_u2_family_095_r01,u2_family_095,val,20,28,9,0.5504748225212097,0.9896224737167358,0.8888888888888888,True,0,offline_teacher_to_causal_s623
formal_u2_family_095_r01_s04,formal_u2_family_095_r01,u2_family_095,val,29,30,2,0.6006510853767395,0.5960403680801392,1.0,True,0,offline_teacher_to_causal_s623
formal_u2_family_095_r02_s00,formal_u2_family_095_r02,u2_family_095,val,0,8,9,0.2513275444507599,0.9570176601409912,0.0,True,0,offline_teacher_to_causal_s623
formal_u2_family_095_r02_s01,formal_u2_family_095_r02,u2_family_095,val,9,11,3,0.6140339374542236,0.5567439198493958,1.0,True,0,offline_teacher_to_causal_s623
formal_u2_family_095_r02_s02,formal_u2_family_095_r02,u2_family_095,val,12,14,3,0.7321656942367554,0.5141923427581787,1.0,True,0,offline_teacher_to_causal_s623
formal_u2_family_095_r02_s03,formal_u2_family_095_r02,u2_family_095,val,15,17,3,0.5029586553573608,0.5006429553031921,1.0,True,0,offline_teacher_to_causal_s623
formal_u2_family_095_r02_s04,formal_u2_family_095_r02,u2_family_095,val,18,20,3,0.48193472623825073,0.6484620571136475,1.0,True,0,offline_teacher_to_causal_s623
formal_u2_family_095_r02_s05,formal_u2_family_095_r02,u2_family_095,val,21,29,9,0.55769282579422,0.9885793924331665,0.8888888888888888,True,0,offline_teacher_to_causal_s623
formal_u2_family_095_r02_s06,formal_u2_family_095_r02,u2_family_095,val,30,31,2,0.5792092084884644,0.5783101320266724,1.0,True,0,offline_teacher_to_causal_s623
formal_u2_family_095_r03_s00,formal_u2_family_095_r03,u2_family_095,val,0,9,10,0.2523081302642822,0.9714109897613525,0.0,True,0,offline_teacher_to_causal_s623
formal_u2_family_095_r03_s01,formal_u2_family_095_r03,u2_family_095,val,10,12,3,0.6273316144943237,0.7148196697235107,1.0,True,0,offline_teacher_to_causal_s623
formal_u2_family_095_r03_s02,formal_u2_family_095_r03,u2_family_095,val,13,15,3,0.5160263776779175,0.5010294318199158,1.0,True,0,offline_teacher_to_causal_s623
formal_u2_family_095_r03_s03,formal_u2_family_095_r03,u2_family_095,val,16,18,3,0.5035576224327087,0.5123351216316223,1.0,True,0,offline_teacher_to_causal_s623
formal_u2_family_095_r03_s04,formal_u2_family_095_r03,u2_family_095,val,19,22,4,0.48440471291542053,0.6354097127914429,1.0,True,0,offline_teacher_to_causal_s623
formal_u2_family_095_r03_s05,formal_u2_family_095_r03,u2_family_095,val,23,30,8,0.5702459216117859,0.9893934726715088,0.875,True,0,offline_teacher_to_causal_s623
formal_u2_family_095_r03_s06,formal_u2_family_095_r03,u2_family_095,val,31,32,2,0.5925689935684204,0.6129088401794434,1.0,True,0,offline_teacher_to_causal_s623
formal_u2_family_095_r04_s00,formal_u2_family_095_r04,u2_family_095,val,0,8,9,0.2516356408596039,0.9632133841514587,0.0,True,0,offline_teacher_to_causal_s623
formal_u2_family_095_r04_s01,formal_u2_family_095_r04,u2_family_095,val,9,11,3,0.6212741136550903,0.7325839996337891,1.0,True,0,offline_teacher_to_causal_s623
formal_u2_family_095_r04_s02,formal_u2_family_095_r04,u2_family_095,val,12,16,5,0.522311806678772,0.5043261051177979,1.0,True,0,offline_teacher_to_causal_s623
formal_u2_family_095_r04_s03,formal_u2_family_095_r04,u2_family_095,val,17,29,13,0.5085877776145935,0.9899382591247559,0.9230769230769231,True,0,offline_teacher_to_causal_s623
formal_u2_family_095_r04_s04,formal_u2_family_095_r04,u2_family_095,val,30,31,2,0.5998539328575134,0.5766243934631348,1.0,True,0,offline_teacher_to_causal_s623
formal_u2_family_095_r05_s00,formal_u2_family_095_r05,u2_family_095,val,0,9,10,0.253033846616745,0.9686509370803833,0.0,True,0,offline_teacher_to_causal_s623
formal_u2_family_095_r05_s01,formal_u2_family_095_r05,u2_family_095,val,10,12,3,0.6159155368804932,0.5108926296234131,1.0,True,0,offline_teacher_to_causal_s623
formal_u2_family_095_r05_s02,formal_u2_family_095_r05,u2_family_095,val,13,16,4,0.5040345788002014,0.6583831906318665,1.0,True,0,offline_teacher_to_causal_s623
formal_u2_family_095_r05_s03,formal_u2_family_095_r05,u2_family_095,val,17,28,12,0.5146962404251099,0.9896690249443054,0.9166666666666666,True,0,offline_teacher_to_causal_s623
formal_u2_family_095_r05_s04,formal_u2_family_095_r05,u2_family_095,val,29,30,2,0.600585401058197,0.6207936406135559,1.0,True,0,offline_teacher_to_causal_s623
formal_u2_family_096_r00_s00,formal_u2_family_096_r00,u2_family_096,val,0,2,3,0.34668436646461487,0.6785732507705688,0.3333333333333333,True,0,offline_teacher_to_causal_s623
formal_u2_family_096_r00_s01,formal_u2_family_096_r00,u2_family_096,val,3,5,3,0.49796122312545776,0.9362753033638,0.6666666666666666,True,0,offline_teacher_to_causal_s623
formal_u2_family_096_r00_s02,formal_u2_family_096_r00,u2_family_096,val,6,16,11,0.3468901216983795,0.5032175779342651,0.36363636363636365,True,0,offline_teacher_to_causal_s623
formal_u2_family_096_r00_s03,formal_u2_family_096_r00,u2_family_096,val,17,19,3,0.499738484621048,0.6538184881210327,1.0,True,0,offline_teacher_to_causal_s623
formal_u2_family_096_r00_s04,formal_u2_family_096_r00,u2_family_096,val,20,25,6,0.4994944632053375,0.9840055704116821,0.8333333333333334,True,0,offline_teacher_to_causal_s623
formal_u2_family_096_r00_s05,formal_u2_family_096_r00,u2_family_096,val,26,27,2,0.5863699316978455,0.564110517501831,1.0,True,0,offline_teacher_to_causal_s623
formal_u2_family_096_r01_s00,formal_u2_family_096_r01,u2_family_096,val,0,2,3,0.34700527787208557,0.6816831827163696,0.3333333333333333,True,0,offline_teacher_to_causal_s623
formal_u2_family_096_r01_s01,formal_u2_family_096_r01,u2_family_096,val,3,6,4,0.49934712052345276,0.9312337636947632,0.75,True,0,offline_teacher_to_causal_s623
formal_u2_family_096_r01_s02,formal_u2_family_096_r01,u2_family_096,val,7,17,11,0.31179171800613403,0.5032767653465271,0.36363636363636365,True,0,offline_teacher_to_causal_s623
formal_u2_family_096_r01_s03,formal_u2_family_096_r01,u2_family_096,val,18,20,3,0.5017285346984863,0.6516947150230408,1.0,True,0,offline_teacher_to_causal_s623
formal_u2_family_096_r01_s04,formal_u2_family_096_r01,u2_family_096,val,21,26,6,0.5003607273101807,0.9805353283882141,0.8333333333333334,True,0,offline_teacher_to_causal_s623
formal_u2_family_096_r01_s05,formal_u2_family_096_r01,u2_family_096,val,27,28,2,0.5833302736282349,0.5232375860214233,1.0,True,0,offline_teacher_to_causal_s623
formal_u2_family_096_r02_s00,formal_u2_family_096_r02,u2_family_096,val,0,2,3,0.34699907898902893,0.6824127435684204,0.3333333333333333,True,0,offline_teacher_to_causal_s623
formal_u2_family_096_r02_s01,formal_u2_family_096_r02,u2_family_096,val,3,5,3,0.5006124377250671,0.9364632964134216,0.6666666666666666,True,0,offline_teacher_to_causal_s623
formal_u2_family_096_r02_s02,formal_u2_family_096_r02,u2_family_096,val,6,17,12,0.3465859889984131,0.504531979560852,0.25,True,0,offline_teacher_to_causal_s623
formal_u2_family_096_r02_s03,formal_u2_family_096_r02,u2_family_096,val,18,20,3,0.4990881681442261,0.5097589492797852,1.0,True,0,offline_teacher_to_causal_s623
formal_u2_family_096_r02_s04,formal_u2_family_096_r02,u2_family_096,val,21,27,7,0.6502861380577087,0.9856735467910767,0.8571428571428571,True,0,offline_teacher_to_causal_s623
formal_u2_family_096_r02_s05,formal_u2_family_096_r02,u2_family_096,val,28,29,2,0.5865078568458557,0.5778299570083618,1.0,True,0,offline_teacher_to_causal_s623
formal_u2_family_096_r03_s00,formal_u2_family_096_r03,u2_family_096,val,0,2,3,0.34650352597236633,0.67868971824646,0.3333333333333333,True,0,offline_teacher_to_causal_s623
formal_u2_family_096_r03_s01,formal_u2_family_096_r03,u2_family_096,val,3,5,3,0.49585628509521484,0.9357931613922119,0.6666666666666666,True,0,offline_teacher_to_causal_s623
formal_u2_family_096_r03_s02,formal_u2_family_096_r03,u2_family_096,val,6,17,12,0.3461616337299347,0.5035715699195862,0.25,True,0,offline_teacher_to_causal_s623
formal_u2_family_096_r03_s03,formal_u2_family_096_r03,u2_family_096,val,18,20,3,0.49958181381225586,0.6529520153999329,1.0,True,0,offline_teacher_to_causal_s623
formal_u2_family_096_r03_s04,formal_u2_family_096_r03,u2_family_096,val,21,26,6,0.5048073530197144,0.9849439263343811,0.8333333333333334,True,0,offline_teacher_to_causal_s623
formal_u2_family_096_r03_s05,formal_u2_family_096_r03,u2_family_096,val,27,28,2,0.5815896987915039,0.5578550696372986,1.0,True,0,offline_teacher_to_causal_s623
formal_u2_family_096_r04_s00,formal_u2_family_096_r04,u2_family_096,val,0,2,3,0.34577932953834534,0.6824955344200134,0.3333333333333333,True,0,offline_teacher_to_causal_s623
formal_u2_family_096_r04_s01,formal_u2_family_096_r04,u2_family_096,val,3,6,4,0.5035384893417358,0.9335955381393433,0.75,True,0,offline_teacher_to_causal_s623
formal_u2_family_096_r04_s02,formal_u2_family_096_r04,u2_family_096,val,7,16,10,0.32175078988075256,0.5001500248908997,0.4,True,0,offline_teacher_to_causal_s623
formal_u2_family_096_r04_s03,formal_u2_family_096_r04,u2_family_096,val,17,19,3,0.49931666254997253,0.5054698586463928,1.0,True,0,offline_teacher_to_causal_s623
formal_u2_family_096_r04_s04,formal_u2_family_096_r04,u2_family_096,val,20,22,3,0.5097663998603821,0.5094793438911438,1.0,True,0,offline_teacher_to_causal_s623
formal_u2_family_096_r04_s05,formal_u2_family_096_r04,u2_family_096,val,23,25,3,0.9853025674819946,0.5564631819725037,0.6666666666666666,True,0,offline_teacher_to_causal_s623
formal_u2_family_096_r05_s00,formal_u2_family_096_r05,u2_family_096,val,0,2,3,0.3506581485271454,0.6817538738250732,0.3333333333333333,True,0,offline_teacher_to_causal_s623
formal_u2_family_096_r05_s01,formal_u2_family_096_r05,u2_family_096,val,3,5,3,0.4999297857284546,0.9367208480834961,0.6666666666666666,True,0,offline_teacher_to_causal_s623
formal_u2_family_096_r05_s02,formal_u2_family_096_r05,u2_family_096,val,6,16,11,0.34334397315979004,0.5051287412643433,0.2727272727272727,True,0,offline_teacher_to_causal_s623
formal_u2_family_096_r05_s03,formal_u2_family_096_r05,u2_family_096,val,17,19,3,0.5016897916793823,0.6523502469062805,1.0,True,0,offline_teacher_to_causal_s623
formal_u2_family_096_r05_s04,formal_u2_family_096_r05,u2_family_096,val,20,23,4,0.4994630515575409,0.5001567006111145,1.0,True,0,offline_teacher_to_causal_s623
formal_u2_family_096_r05_s05,formal_u2_family_096_r05,u2_family_096,val,24,26,3,0.9862698912620544,0.5119296908378601,0.6666666666666666,True,0,offline_teacher_to_causal_s623
formal_u2_family_097_r00_s00,formal_u2_family_097_r00,u2_family_097,val,0,2,3,0.34861648082733154,0.6814404726028442,0.3333333333333333,True,0,offline_teacher_to_causal_s623
formal_u2_family_097_r00_s01,formal_u2_family_097_r00,u2_family_097,val,3,6,4,0.5027931332588196,0.9331315159797668,0.75,True,0,offline_teacher_to_causal_s623
formal_u2_family_097_r00_s02,formal_u2_family_097_r00,u2_family_097,val,7,18,12,0.31532707810401917,0.5042282938957214,0.25,True,0,offline_teacher_to_causal_s623
formal_u2_family_097_r00_s03,formal_u2_family_097_r00,u2_family_097,val,19,21,3,0.5019034743309021,0.6498856544494629,1.0,True,0,offline_teacher_to_causal_s623
formal_u2_family_097_r00_s04,formal_u2_family_097_r00,u2_family_097,val,22,27,6,0.49938392639160156,0.9849640727043152,0.8333333333333334,True,0,offline_teacher_to_causal_s623
formal_u2_family_097_r00_s05,formal_u2_family_097_r00,u2_family_097,val,28,29,2,0.5820279717445374,0.5482134222984314,1.0,True,0,offline_teacher_to_causal_s623
formal_u2_family_097_r01_s00,formal_u2_family_097_r01,u2_family_097,val,0,2,3,0.3474140465259552,0.6799585819244385,0.3333333333333333,True,0,offline_teacher_to_causal_s623
formal_u2_family_097_r01_s01,formal_u2_family_097_r01,u2_family_097,val,3,5,3,0.4968454837799072,0.9654517769813538,0.3333333333333333,True,1,offline_teacher_to_causal_s623
formal_u2_family_097_r01_s02,formal_u2_family_097_r01,u2_family_097,val,6,18,13,0.9434914588928223,0.501154899597168,0.38461538461538464,True,0,offline_teacher_to_causal_s623
formal_u2_family_097_r01_s03,formal_u2_family_097_r01,u2_family_097,val,19,21,3,0.49441659450531006,0.6514153480529785,1.0,True,0,offline_teacher_to_causal_s623
formal_u2_family_097_r01_s04,formal_u2_family_097_r01,u2_family_097,val,22,25,4,0.4991210699081421,0.5060027241706848,1.0,True,0,offline_teacher_to_causal_s623
formal_u2_family_097_r01_s05,formal_u2_family_097_r01,u2_family_097,val,26,28,3,0.9838849306106567,0.5229970812797546,0.6666666666666666,True,0,offline_teacher_to_causal_s623
formal_u2_family_097_r02_s00,formal_u2_family_097_r02,u2_family_097,val,0,2,3,0.8873010277748108,0.5089231133460999,0.6666666666666666,True,0,offline_teacher_to_causal_s623
formal_u2_family_097_r02_s01,formal_u2_family_097_r02,u2_family_097,val,3,5,3,0.49283573031425476,0.9611415266990662,0.3333333333333333,True,1,offline_teacher_to_causal_s623
formal_u2_family_097_r02_s02,formal_u2_family_097_r02,u2_family_097,val,6,9,4,0.7893329858779907,0.5706079602241516,0.0,False,0,offline_teacher_to_causal_s623
formal_u2_family_097_r02_s03,formal_u2_family_097_r02,u2_family_097,val,10,13,4,0.5845167636871338,0.575269877910614,0.0,False,0,offline_teacher_to_causal_s623
formal_u2_family_097_r02_s04,formal_u2_family_097_r02,u2_family_097,val,14,16,3,0.5940283536911011,0.5296040773391724,0.0,False,0,offline_teacher_to_causal_s623
formal_u2_family_097_r02_s05,formal_u2_family_097_r02,u2_family_097,val,17,19,3,0.5290704369544983,0.526871383190155,0.0,False,0,offline_teacher_to_causal_s623
formal_u2_family_097_r02_s06,formal_u2_family_097_r02,u2_family_097,val,20,22,3,0.4886937439441681,0.5615063309669495,0.0,False,0,offline_teacher_to_causal_s623
formal_u2_family_097_r02_s07,formal_u2_family_097_r02,u2_family_097,val,23,25,3,0.5078296065330505,0.5212675333023071,0.0,False,0,offline_teacher_to_causal_s623
formal_u2_family_097_r02_s08,formal_u2_family_097_r02,u2_family_097,val,26,29,4,0.5743424296379089,0.5374598503112793,0.0,False,0,offline_teacher_to_causal_s623
formal_u2_family_097_r02_s09,formal_u2_family_097_r02,u2_family_097,val,30,33,4,0.5403473377227783,0.5256268978118896,0.0,False,0,offline_teacher_to_causal_s623
formal_u2_family_097_r02_s10,formal_u2_family_097_r02,u2_family_097,val,34,37,4,0.5302712321281433,0.504975438117981,0.0,False,0,offline_teacher_to_causal_s623
formal_u2_family_097_r02_s11,formal_u2_family_097_r02,u2_family_097,val,38,42,5,0.5081776976585388,0.5227691531181335,0.0,False,0,offline_teacher_to_causal_s623
formal_u2_family_097_r02_s12,formal_u2_family_097_r02,u2_family_097,val,43,46,4,0.44698038697242737,0.523430585861206,0.0,False,0,offline_teacher_to_causal_s623
formal_u2_family_097_r02_s13,formal_u2_family_097_r02,u2_family_097,val,47,47,1,0.43413153290748596,0.43413153290748596,0.0,False,0,offline_teacher_to_causal_s623
formal_u2_family_097_r03_s00,formal_u2_family_097_r03,u2_family_097,val,0,2,3,0.34544289112091064,0.6810030937194824,0.3333333333333333,True,0,offline_teacher_to_causal_s623
formal_u2_family_097_r03_s01,formal_u2_family_097_r03,u2_family_097,val,3,6,4,0.5014659762382507,0.9322790503501892,0.75,True,0,offline_teacher_to_causal_s623
formal_u2_family_097_r03_s02,formal_u2_family_097_r03,u2_family_097,val,7,17,11,0.3189198076725006,0.5049034357070923,0.2727272727272727,True,0,offline_teacher_to_causal_s623
formal_u2_family_097_r03_s03,formal_u2_family_097_r03,u2_family_097,val,18,20,3,0.4997516870498657,0.6510360240936279,1.0,True,0,offline_teacher_to_causal_s623
formal_u2_family_097_r03_s04,formal_u2_family_097_r03,u2_family_097,val,21,24,4,0.5010350942611694,0.500714898109436,1.0,True,0,offline_teacher_to_causal_s623
formal_u2_family_097_r03_s05,formal_u2_family_097_r03,u2_family_097,val,25,27,3,0.9853894114494324,0.5167937278747559,0.6666666666666666,True,0,offline_teacher_to_causal_s623
formal_u2_family_097_r04_s00,formal_u2_family_097_r04,u2_family_097,val,0,2,3,0.3485865294933319,0.6815195679664612,0.3333333333333333,True,0,offline_teacher_to_causal_s623
formal_u2_family_097_r04_s01,formal_u2_family_097_r04,u2_family_097,val,3,6,4,0.4960613548755646,0.9333478212356567,0.75,True,0,offline_teacher_to_causal_s623
formal_u2_family_097_r04_s02,formal_u2_family_097_r04,u2_family_097,val,7,16,10,0.308248907327652,0.5031711459159851,0.4,True,0,offline_teacher_to_causal_s623
formal_u2_family_097_r04_s03,formal_u2_family_097_r04,u2_family_097,val,17,19,3,0.5003536343574524,0.6495341062545776,1.0,True,0,offline_teacher_to_causal_s623
formal_u2_family_097_r04_s04,formal_u2_family_097_r04,u2_family_097,val,20,24,5,0.49970608949661255,0.984970211982727,0.8,True,0,offline_teacher_to_causal_s623
formal_u2_family_097_r04_s05,formal_u2_family_097_r04,u2_family_097,val,25,26,2,0.5830660462379456,0.5765730738639832,1.0,True,0,offline_teacher_to_causal_s623
formal_u2_family_097_r05_s00,formal_u2_family_097_r05,u2_family_097,val,0,2,3,0.34836867451667786,0.67851722240448,0.3333333333333333,True,0,offline_teacher_to_causal_s623
formal_u2_family_097_r05_s01,formal_u2_family_097_r05,u2_family_097,val,3,5,3,0.49662017822265625,0.9655807018280029,0.3333333333333333,True,1,offline_teacher_to_causal_s623
formal_u2_family_097_r05_s02,formal_u2_family_097_r05,u2_family_097,val,6,8,3,0.7907782196998596,0.7151505351066589,0.6666666666666666,False,0,offline_teacher_to_causal_s623
formal_u2_family_097_r05_s03,formal_u2_family_097_r05,u2_family_097,val,9,11,3,0.7243734002113342,0.5951595902442932,1.0,False,0,offline_teacher_to_causal_s623
formal_u2_family_097_r05_s04,formal_u2_family_097_r05,u2_family_097,val,12,14,3,0.6122758984565735,0.5324828028678894,1.0,False,0,offline_teacher_to_causal_s623
formal_u2_family_097_r05_s05,formal_u2_family_097_r05,u2_family_097,val,15,17,3,0.5928901433944702,0.5928044319152832,1.0,False,0,offline_teacher_to_causal_s623
formal_u2_family_097_r05_s06,formal_u2_family_097_r05,u2_family_097,val,18,20,3,0.5398961901664734,0.634977400302887,1.0,False,0,offline_teacher_to_causal_s623
formal_u2_family_097_r05_s07,formal_u2_family_097_r05,u2_family_097,val,21,23,3,0.6110804677009583,0.594157338142395,1.0,False,0,offline_teacher_to_causal_s623
formal_u2_family_097_r05_s08,formal_u2_family_097_r05,u2_family_097,val,24,26,3,0.5931267142295837,0.6048043966293335,1.0,False,0,offline_teacher_to_causal_s623
formal_u2_family_097_r05_s09,formal_u2_family_097_r05,u2_family_097,val,27,29,3,0.5884726047515869,0.5656719207763672,1.0,False,0,offline_teacher_to_causal_s623
formal_u2_family_097_r05_s10,formal_u2_family_097_r05,u2_family_097,val,30,32,3,0.5337750315666199,0.5607467889785767,1.0,False,0,offline_teacher_to_causal_s623
formal_u2_family_097_r05_s11,formal_u2_family_097_r05,u2_family_097,val,33,35,3,0.5326694846153259,0.5398769974708557,1.0,False,0,offline_teacher_to_causal_s623
formal_u2_family_097_r05_s12,formal_u2_family_097_r05,u2_family_097,val,36,38,3,0.5207488536834717,0.6237149238586426,1.0,False,0,offline_teacher_to_causal_s623
formal_u2_family_097_r05_s13,formal_u2_family_097_r05,u2_family_097,val,39,41,3,0.5848061442375183,0.5947772860527039,1.0,False,0,offline_teacher_to_causal_s623
formal_u2_family_097_r05_s14,formal_u2_family_097_r05,u2_family_097,val,42,44,3,0.627518355846405,0.5342538952827454,1.0,False,0,offline_teacher_to_causal_s623
formal_u2_family_097_r05_s15,formal_u2_family_097_r05,u2_family_097,val,45,47,3,0.5833777785301208,0.5669509768486023,1.0,False,0,offline_teacher_to_causal_s623
formal_u2_family_098_r00_s00,formal_u2_family_098_r00,u2_family_098,val,0,2,3,0.3469896614551544,0.6807936429977417,0.3333333333333333,True,0,offline_teacher_to_causal_s623
formal_u2_family_098_r00_s01,formal_u2_family_098_r00,u2_family_098,val,3,5,3,0.9265395998954773,0.9525313377380371,0.0,True,0,offline_teacher_to_causal_s623
formal_u2_family_098_r00_s02,formal_u2_family_098_r00,u2_family_098,val,6,8,3,0.7342857718467712,0.5022223591804504,1.0,True,0,offline_teacher_to_causal_s623
formal_u2_family_098_r00_s03,formal_u2_family_098_r00,u2_family_098,val,9,20,12,0.9304398894309998,0.5092599987983704,0.5,True,0,offline_teacher_to_causal_s623
formal_u2_family_098_r00_s04,formal_u2_family_098_r00,u2_family_098,val,21,26,6,0.6495264172554016,0.984706699848175,0.8333333333333334,True,0,offline_teacher_to_causal_s623
formal_u2_family_098_r00_s05,formal_u2_family_098_r00,u2_family_098,val,27,28,2,0.5848978757858276,0.5603370070457458,1.0,True,0,offline_teacher_to_causal_s623
formal_u2_family_098_r01_s00,formal_u2_family_098_r01,u2_family_098,val,0,2,3,0.35255610942840576,0.6798368692398071,0.3333333333333333,True,0,offline_teacher_to_causal_s623
formal_u2_family_098_r01_s01,formal_u2_family_098_r01,u2_family_098,val,3,5,3,0.9258031845092773,0.9537943601608276,0.0,True,0,offline_teacher_to_causal_s623
formal_u2_family_098_r01_s02,formal_u2_family_098_r01,u2_family_098,val,6,18,13,0.6825522780418396,0.5016816854476929,0.38461538461538464,True,0,offline_teacher_to_causal_s623
formal_u2_family_098_r01_s03,formal_u2_family_098_r01,u2_family_098,val,19,21,3,0.500442385673523,0.647598147392273,1.0,True,0,offline_teacher_to_causal_s623
formal_u2_family_098_r01_s04,formal_u2_family_098_r01,u2_family_098,val,22,27,6,0.49843794107437134,0.9838919639587402,0.8333333333333334,True,0,offline_teacher_to_causal_s623
formal_u2_family_098_r01_s05,formal_u2_family_098_r01,u2_family_098,val,28,29,2,0.5723376274108887,0.5551110506057739,1.0,True,0,offline_teacher_to_causal_s623
formal_u2_family_098_r02_s00,formal_u2_family_098_r02,u2_family_098,val,0,2,3,0.3467320501804352,0.6812341809272766,0.3333333333333333,True,0,offline_teacher_to_causal_s623
formal_u2_family_098_r02_s01,formal_u2_family_098_r02,u2_family_098,val,3,5,3,0.9260010123252869,0.94472336769104,0.0,True,0,offline_teacher_to_causal_s623
formal_u2_family_098_r02_s02,formal_u2_family_098_r02,u2_family_098,val,6,8,3,0.6878492832183838,0.9367885589599609,0.6666666666666666,True,0,offline_teacher_to_causal_s623
formal_u2_family_098_r02_s03,formal_u2_family_098_r02,u2_family_098,val,9,19,11,0.34665587544441223,0.5124558806419373,0.5454545454545454,True,0,offline_teacher_to_causal_s623
formal_u2_family_098_r02_s04,formal_u2_family_098_r02,u2_family_098,val,20,22,3,0.6496397256851196,0.5020984411239624,1.0,True,0,offline_teacher_to_causal_s623
formal_u2_family_098_r02_s05,formal_u2_family_098_r02,u2_family_098,val,23,25,3,0.4891277849674225,0.9853124022483826,0.6666666666666666,True,0,offline_teacher_to_causal_s623
formal_u2_family_098_r02_s06,formal_u2_family_098_r02,u2_family_098,val,26,27,2,0.5840708613395691,0.5799011588096619,1.0,True,0,offline_teacher_to_causal_s623
formal_u2_family_098_r03_s00,formal_u2_family_098_r03,u2_family_098,val,0,2,3,0.3500732481479645,0.6798107624053955,0.3333333333333333,True,0,offline_teacher_to_causal_s623
formal_u2_family_098_r03_s01,formal_u2_family_098_r03,u2_family_098,val,3,5,3,0.9259329438209534,0.9521719217300415,0.0,True,0,offline_teacher_to_causal_s623
formal_u2_family_098_r03_s02,formal_u2_family_098_r03,u2_family_098,val,6,8,3,0.730829119682312,0.939508855342865,0.6666666666666666,True,0,offline_teacher_to_causal_s623
formal_u2_family_098_r03_s03,formal_u2_family_098_r03,u2_family_098,val,9,19,11,0.3544435203075409,0.5015461444854736,0.36363636363636365,True,0,offline_teacher_to_causal_s623
formal_u2_family_098_r03_s04,formal_u2_family_098_r03,u2_family_098,val,20,22,3,0.49782806634902954,0.6469955444335938,1.0,True,0,offline_teacher_to_causal_s623
formal_u2_family_098_r03_s05,formal_u2_family_098_r03,u2_family_098,val,23,27,5,0.4971398711204529,0.9850388765335083,0.8,True,0,offline_teacher_to_causal_s623
formal_u2_family_098_r03_s06,formal_u2_family_098_r03,u2_family_098,val,28,29,2,0.5835225582122803,0.566576361656189,1.0,True,0,offline_teacher_to_causal_s623
formal_u2_family_098_r04_s00,formal_u2_family_098_r04,u2_family_098,val,0,2,3,0.3473668098449707,0.6814675331115723,0.3333333333333333,True,0,offline_teacher_to_causal_s623
formal_u2_family_098_r04_s01,formal_u2_family_098_r04,u2_family_098,val,3,5,3,0.9274582862854004,0.9542969465255737,0.0,True,0,offline_teacher_to_causal_s623
formal_u2_family_098_r04_s02,formal_u2_family_098_r04,u2_family_098,val,6,8,3,0.7328828573226929,0.5106484889984131,1.0,True,0,offline_teacher_to_causal_s623
formal_u2_family_098_r04_s03,formal_u2_family_098_r04,u2_family_098,val,9,21,13,0.496290385723114,0.5039516687393188,0.38461538461538464,True,0,offline_teacher_to_causal_s623
formal_u2_family_098_r04_s04,formal_u2_family_098_r04,u2_family_098,val,22,24,3,0.5017842650413513,0.6472530364990234,1.0,True,0,offline_teacher_to_causal_s623
formal_u2_family_098_r04_s05,formal_u2_family_098_r04,u2_family_098,val,25,30,6,0.4971141815185547,0.9850843548774719,0.8333333333333334,True,0,offline_teacher_to_causal_s623
formal_u2_family_098_r04_s06,formal_u2_family_098_r04,u2_family_098,val,31,32,2,0.5815039277076721,0.5370055437088013,1.0,True,0,offline_teacher_to_causal_s623
formal_u2_family_098_r05_s00,formal_u2_family_098_r05,u2_family_098,val,0,2,3,0.3468855321407318,0.6815153360366821,0.3333333333333333,True,0,offline_teacher_to_causal_s623
formal_u2_family_098_r05_s01,formal_u2_family_098_r05,u2_family_098,val,3,5,3,0.9264087677001953,0.9513582587242126,0.0,True,0,offline_teacher_to_causal_s623
formal_u2_family_098_r05_s02,formal_u2_family_098_r05,u2_family_098,val,6,8,3,0.7297839522361755,0.5006831288337708,1.0,True,0,offline_teacher_to_causal_s623
formal_u2_family_098_r05_s03,formal_u2_family_098_r05,u2_family_098,val,9,19,11,0.9306384921073914,0.6494196057319641,0.5454545454545454,True,0,offline_teacher_to_causal_s623
formal_u2_family_098_r05_s04,formal_u2_family_098_r05,u2_family_098,val,20,22,3,0.5023059844970703,0.5020869970321655,1.0,True,0,offline_teacher_to_causal_s623
formal_u2_family_098_r05_s05,formal_u2_family_098_r05,u2_family_098,val,23,25,3,0.9864999651908875,0.5698776245117188,0.6666666666666666,True,0,offline_teacher_to_causal_s623
formal_u2_family_099_r00_s00,formal_u2_family_099_r00,u2_family_099,val,0,2,3,0.3516361117362976,0.6782060861587524,0.3333333333333333,True,0,offline_teacher_to_causal_s623
formal_u2_family_099_r00_s01,formal_u2_family_099_r00,u2_family_099,val,3,5,3,0.4976411759853363,0.9357064366340637,0.6666666666666666,True,0,offline_teacher_to_causal_s623
formal_u2_family_099_r00_s02,formal_u2_family_099_r00,u2_family_099,val,6,16,11,0.35142573714256287,0.5028827786445618,0.36363636363636365,True,0,offline_teacher_to_causal_s623
formal_u2_family_099_r00_s03,formal_u2_family_099_r00,u2_family_099,val,17,19,3,0.5010174512863159,0.6518433094024658,1.0,True,0,offline_teacher_to_causal_s623
formal_u2_family_099_r00_s04,formal_u2_family_099_r00,u2_family_099,val,20,25,6,0.5021991729736328,0.9861136078834534,0.8333333333333334,True,0,offline_teacher_to_causal_s623
formal_u2_family_099_r00_s05,formal_u2_family_099_r00,u2_family_099,val,26,27,2,0.5892270803451538,0.5390931963920593,1.0,True,0,offline_teacher_to_causal_s623
formal_u2_family_099_r01_s00,formal_u2_family_099_r01,u2_family_099,val,0,2,3,0.350772887468338,0.6803823113441467,0.3333333333333333,True,0,offline_teacher_to_causal_s623
formal_u2_family_099_r01_s01,formal_u2_family_099_r01,u2_family_099,val,3,5,3,0.49675899744033813,0.9361157417297363,0.6666666666666666,True,0,offline_teacher_to_causal_s623
formal_u2_family_099_r01_s02,formal_u2_family_099_r01,u2_family_099,val,6,15,10,0.34264713525772095,0.5049713253974915,0.4,True,0,offline_teacher_to_causal_s623
formal_u2_family_099_r01_s03,formal_u2_family_099_r01,u2_family_099,val,16,18,3,0.5012263059616089,0.5110810399055481,1.0,True,0,offline_teacher_to_causal_s623
formal_u2_family_099_r01_s04,formal_u2_family_099_r01,u2_family_099,val,19,25,7,0.6455949544906616,0.9839053750038147,0.8571428571428571,True,0,offline_teacher_to_causal_s623
formal_u2_family_099_r01_s05,formal_u2_family_099_r01,u2_family_099,val,26,27,2,0.5824969410896301,0.5450038313865662,1.0,True,0,offline_teacher_to_causal_s623
formal_u2_family_099_r02_s00,formal_u2_family_099_r02,u2_family_099,val,0,2,3,0.3509463667869568,0.6813310384750366,0.3333333333333333,True,0,offline_teacher_to_causal_s623
formal_u2_family_099_r02_s01,formal_u2_family_099_r02,u2_family_099,val,3,5,3,0.5009821057319641,0.9358307123184204,0.6666666666666666,True,0,offline_teacher_to_causal_s623
formal_u2_family_099_r02_s02,formal_u2_family_099_r02,u2_family_099,val,6,16,11,0.35185667872428894,0.5038883686065674,0.36363636363636365,True,0,offline_teacher_to_causal_s623
formal_u2_family_099_r02_s03,formal_u2_family_099_r02,u2_family_099,val,17,19,3,0.5018529295921326,0.5104097127914429,1.0,True,0,offline_teacher_to_causal_s623
formal_u2_family_099_r02_s04,formal_u2_family_099_r02,u2_family_099,val,20,27,8,0.6435022354125977,0.9828673601150513,0.875,True,0,offline_teacher_to_causal_s623
formal_u2_family_099_r02_s05,formal_u2_family_099_r02,u2_family_099,val,28,29,2,0.5888515710830688,0.5837417244911194,1.0,True,0,offline_teacher_to_causal_s623
formal_u2_family_099_r03_s00,formal_u2_family_099_r03,u2_family_099,val,0,2,3,0.3523140251636505,0.6814993619918823,0.3333333333333333,True,0,offline_teacher_to_causal_s623
formal_u2_family_099_r03_s01,formal_u2_family_099_r03,u2_family_099,val,3,6,4,0.49913063645362854,0.9316025972366333,0.75,True,0,offline_teacher_to_causal_s623
formal_u2_family_099_r03_s02,formal_u2_family_099_r03,u2_family_099,val,7,16,10,0.31210094690322876,0.5037615895271301,0.4,True,0,offline_teacher_to_causal_s623
formal_u2_family_099_r03_s03,formal_u2_family_099_r03,u2_family_099,val,17,19,3,0.497737854719162,0.504619836807251,1.0,True,0,offline_teacher_to_causal_s623
formal_u2_family_099_r03_s04,formal_u2_family_099_r03,u2_family_099,val,20,27,8,0.6448684334754944,0.9851042628288269,0.875,True,0,offline_teacher_to_causal_s623
formal_u2_family_099_r03_s05,formal_u2_family_099_r03,u2_family_099,val,28,29,2,0.5916489362716675,0.5687521696090698,1.0,True,0,offline_teacher_to_causal_s623
formal_u2_family_099_r04_s00,formal_u2_family_099_r04,u2_family_099,val,0,2,3,0.8915982246398926,0.5049382448196411,0.6666666666666666,True,0,offline_teacher_to_causal_s623
formal_u2_family_099_r04_s01,formal_u2_family_099_r04,u2_family_099,val,3,15,13,0.4838978946208954,0.5158901810646057,0.5384615384615384,True,0,offline_teacher_to_causal_s623
formal_u2_family_099_r04_s02,formal_u2_family_099_r04,u2_family_099,val,16,22,7,0.654282808303833,0.9827256202697754,0.8571428571428571,True,0,offline_teacher_to_causal_s623
formal_u2_family_099_r04_s03,formal_u2_family_099_r04,u2_family_099,val,23,24,2,0.5829579830169678,0.5035404562950134,1.0,True,0,offline_teacher_to_causal_s623
formal_u2_family_099_r05_s00,formal_u2_family_099_r05,u2_family_099,val,0,2,3,0.3483586311340332,0.6793678402900696,0.3333333333333333,True,0,offline_teacher_to_causal_s623
formal_u2_family_099_r05_s01,formal_u2_family_099_r05,u2_family_099,val,3,6,4,0.5035796761512756,0.9347363114356995,0.75,True,0,offline_teacher_to_causal_s623
formal_u2_family_099_r05_s02,formal_u2_family_099_r05,u2_family_099,val,7,16,10,0.3183400630950928,0.5029820203781128,0.4,True,0,offline_teacher_to_causal_s623
formal_u2_family_099_r05_s03,formal_u2_family_099_r05,u2_family_099,val,17,19,3,0.49996161460876465,0.5056220889091492,1.0,True,0,offline_teacher_to_causal_s623
formal_u2_family_099_r05_s04,formal_u2_family_099_r05,u2_family_099,val,20,22,3,0.501286506652832,0.5030379891395569,1.0,True,0,offline_teacher_to_causal_s623
formal_u2_family_099_r05_s05,formal_u2_family_099_r05,u2_family_099,val,23,25,3,0.4838504493236542,0.5847339034080505,0.6666666666666666,True,0,offline_teacher_to_causal_s623
formal_u2_family_099_r05_s06,formal_u2_family_099_r05,u2_family_099,val,26,26,1,0.5594280362129211,0.5594280362129211,1.0,True,0,offline_teacher_to_causal_s623
formal_u2_family_100_r00_s00,formal_u2_family_100_r00,u2_family_100,val,0,2,3,0.3503422141075134,0.6760718822479248,0.3333333333333333,True,0,offline_teacher_to_causal_s623
formal_u2_family_100_r00_s01,formal_u2_family_100_r00,u2_family_100,val,3,5,3,0.4932044744491577,0.9287993907928467,0.6666666666666666,True,0,offline_teacher_to_causal_s623
formal_u2_family_100_r01_s00,formal_u2_family_100_r01,u2_family_100,val,0,2,3,0.3487614393234253,0.678860604763031,0.3333333333333333,True,0,offline_teacher_to_causal_s623
formal_u2_family_100_r01_s01,formal_u2_family_100_r01,u2_family_100,val,3,6,4,0.49770796298980713,0.9280031323432922,0.75,True,0,offline_teacher_to_causal_s623
formal_u2_family_100_r02_s00,formal_u2_family_100_r02,u2_family_100,val,0,2,3,0.3468363583087921,0.6778043508529663,0.3333333333333333,True,0,offline_teacher_to_causal_s623
formal_u2_family_100_r02_s01,formal_u2_family_100_r02,u2_family_100,val,3,6,4,0.5060440897941589,0.9311355948448181,0.75,True,0,offline_teacher_to_causal_s623
formal_u2_family_100_r03_s00,formal_u2_family_100_r03,u2_family_100,val,0,2,3,0.3475402891635895,0.6787106990814209,0.3333333333333333,True,0,offline_teacher_to_causal_s623
formal_u2_family_100_r03_s01,formal_u2_family_100_r03,u2_family_100,val,3,6,4,0.4984174072742462,0.9274467825889587,0.75,True,0,offline_teacher_to_causal_s623
formal_u2_family_100_r04_s00,formal_u2_family_100_r04,u2_family_100,val,0,2,3,0.35002821683883667,0.6801102757453918,0.3333333333333333,True,0,offline_teacher_to_causal_s623
formal_u2_family_100_r04_s01,formal_u2_family_100_r04,u2_family_100,val,3,6,4,0.5016291737556458,0.5033970475196838,1.0,True,0,offline_teacher_to_causal_s623
formal_u2_family_100_r04_s02,formal_u2_family_100_r04,u2_family_100,val,7,7,1,0.9231961369514465,0.9231961369514465,0.0,True,0,offline_teacher_to_causal_s623
formal_u2_family_100_r05_s00,formal_u2_family_100_r05,u2_family_100,val,0,2,3,0.34736862778663635,0.6779769062995911,0.3333333333333333,True,0,offline_teacher_to_causal_s623
formal_u2_family_100_r05_s01,formal_u2_family_100_r05,u2_family_100,val,3,6,4,0.5027886629104614,0.9303111433982849,0.75,True,0,offline_teacher_to_causal_s623
formal_u2_family_101_r00_s00,formal_u2_family_101_r00,u2_family_101,val,0,7,8,0.27336618304252625,0.9741859436035156,0.0,True,0,offline_teacher_to_causal_s623
formal_u2_family_101_r00_s01,formal_u2_family_101_r00,u2_family_101,val,8,11,4,0.6286248564720154,0.9355536103248596,0.75,True,0,offline_teacher_to_causal_s623
formal_u2_family_101_r00_s02,formal_u2_family_101_r00,u2_family_101,val,12,21,10,0.3489595651626587,0.5006672739982605,0.4,True,0,offline_teacher_to_causal_s623
formal_u2_family_101_r00_s03,formal_u2_family_101_r00,u2_family_101,val,22,24,3,0.498588502407074,0.6564446091651917,1.0,True,0,offline_teacher_to_causal_s623
formal_u2_family_101_r00_s04,formal_u2_family_101_r00,u2_family_101,val,25,30,6,0.49959203600883484,0.9846407175064087,0.8333333333333334,True,0,offline_teacher_to_causal_s623
formal_u2_family_101_r00_s05,formal_u2_family_101_r00,u2_family_101,val,31,32,2,0.5889815092086792,0.5314674973487854,1.0,True,0,offline_teacher_to_causal_s623
formal_u2_family_101_r01_s00,formal_u2_family_101_r01,u2_family_101,val,0,6,7,0.2708815336227417,0.9596619009971619,0.0,True,0,offline_teacher_to_causal_s623
formal_u2_family_101_r01_s01,formal_u2_family_101_r01,u2_family_101,val,7,9,3,0.6090067028999329,0.5304214954376221,1.0,True,0,offline_teacher_to_causal_s623
formal_u2_family_101_r01_s02,formal_u2_family_101_r01,u2_family_101,val,10,12,3,0.5040223002433777,0.9358784556388855,0.6666666666666666,True,0,offline_teacher_to_causal_s623
formal_u2_family_101_r01_s03,formal_u2_family_101_r01,u2_family_101,val,13,22,10,0.32082727551460266,0.5000830888748169,0.4,True,0,offline_teacher_to_causal_s623
formal_u2_family_101_r01_s04,formal_u2_family_101_r01,u2_family_101,val,23,25,3,0.49634501338005066,0.6543833613395691,1.0,True,0,offline_teacher_to_causal_s623
formal_u2_family_101_r01_s05,formal_u2_family_101_r01,u2_family_101,val,26,30,5,0.4997321665287018,0.984569251537323,0.8,True,0,offline_teacher_to_causal_s623
formal_u2_family_101_r01_s06,formal_u2_family_101_r01,u2_family_101,val,31,32,2,0.5884699821472168,0.594585657119751,1.0,True,0,offline_teacher_to_causal_s623
formal_u2_family_101_r02_s00,formal_u2_family_101_r02,u2_family_101,val,0,6,7,0.2711968421936035,0.965973436832428,0.0,True,0,offline_teacher_to_causal_s623
formal_u2_family_101_r02_s01,formal_u2_family_101_r02,u2_family_101,val,7,9,3,0.6247495412826538,0.5084846019744873,1.0,True,0,offline_teacher_to_causal_s623
formal_u2_family_101_r02_s02,formal_u2_family_101_r02,u2_family_101,val,10,22,13,0.48930421471595764,0.5042296648025513,0.38461538461538464,True,0,offline_teacher_to_causal_s623
formal_u2_family_101_r02_s03,formal_u2_family_101_r02,u2_family_101,val,23,25,3,0.4986545443534851,0.5073976516723633,1.0,True,0,offline_teacher_to_causal_s623
formal_u2_family_101_r02_s04,formal_u2_family_101_r02,u2_family_101,val,26,32,7,0.646796703338623,0.9841422438621521,0.8571428571428571,True,0,offline_teacher_to_causal_s623
formal_u2_family_101_r02_s05,formal_u2_family_101_r02,u2_family_101,val,33,34,2,0.587447464466095,0.5841767191886902,1.0,True,0,offline_teacher_to_causal_s623
formal_u2_family_101_r03_s00,formal_u2_family_101_r03,u2_family_101,val,0,7,8,0.2734050452709198,0.9726980328559875,0.0,True,0,offline_teacher_to_causal_s623
formal_u2_family_101_r03_s01,formal_u2_family_101_r03,u2_family_101,val,8,12,5,0.630120038986206,0.9330158233642578,0.8,True,0,offline_teacher_to_causal_s623
formal_u2_family_101_r03_s02,formal_u2_family_101_r03,u2_family_101,val,13,24,12,0.32960963249206543,0.5012838840484619,0.3333333333333333,True,0,offline_teacher_to_causal_s623
formal_u2_family_101_r03_s03,formal_u2_family_101_r03,u2_family_101,val,25,27,3,0.5009200572967529,0.5042605400085449,1.0,True,0,offline_teacher_to_causal_s623
formal_u2_family_101_r03_s04,formal_u2_family_101_r03,u2_family_101,val,28,30,3,0.5042135715484619,0.5035669207572937,1.0,True,0,offline_teacher_to_causal_s623
formal_u2_family_101_r03_s05,formal_u2_family_101_r03,u2_family_101,val,31,33,3,0.985162079334259,0.5607190132141113,0.6666666666666666,True,0,offline_teacher_to_causal_s623
formal_u2_family_101_r04_s00,formal_u2_family_101_r04,u2_family_101,val,0,6,7,0.2733743488788605,0.9645829200744629,0.0,True,0,offline_teacher_to_causal_s623
formal_u2_family_101_r04_s01,formal_u2_family_101_r04,u2_family_101,val,7,9,3,0.6218666434288025,0.5123195648193359,1.0,True,0,offline_teacher_to_causal_s623
formal_u2_family_101_r04_s02,formal_u2_family_101_r04,u2_family_101,val,10,23,14,0.4892219305038452,0.5024916529655457,0.35714285714285715,True,0,offline_teacher_to_causal_s623
formal_u2_family_101_r04_s03,formal_u2_family_101_r04,u2_family_101,val,24,26,3,0.5022144317626953,0.654059648513794,1.0,True,0,offline_teacher_to_causal_s623
formal_u2_family_101_r04_s04,formal_u2_family_101_r04,u2_family_101,val,27,31,5,0.49801141023635864,0.9830638766288757,0.8,True,0,offline_teacher_to_causal_s623
formal_u2_family_101_r04_s05,formal_u2_family_101_r04,u2_family_101,val,32,33,2,0.5903099179267883,0.5786910057067871,1.0,True,0,offline_teacher_to_causal_s623
formal_u2_family_101_r05_s00,formal_u2_family_101_r05,u2_family_101,val,0,6,7,0.2733682692050934,0.965390145778656,0.0,True,0,offline_teacher_to_causal_s623
formal_u2_family_101_r05_s01,formal_u2_family_101_r05,u2_family_101,val,7,9,3,0.6228088736534119,0.5106258988380432,1.0,True,0,offline_teacher_to_causal_s623
formal_u2_family_101_r05_s02,formal_u2_family_101_r05,u2_family_101,val,10,12,3,0.49414950609207153,0.9307539463043213,0.6666666666666666,True,0,offline_teacher_to_causal_s623
formal_u2_family_101_r05_s03,formal_u2_family_101_r05,u2_family_101,val,13,23,11,0.31067317724227905,0.6529892086982727,0.5454545454545454,True,0,offline_teacher_to_causal_s623
formal_u2_family_101_r05_s04,formal_u2_family_101_r05,u2_family_101,val,24,27,4,0.5076096057891846,0.986289381980896,0.75,True,0,offline_teacher_to_causal_s623
formal_u2_family_101_r05_s05,formal_u2_family_101_r05,u2_family_101,val,28,29,2,0.58286052942276,0.5574341416358948,1.0,True,0,offline_teacher_to_causal_s623
formal_u2_family_102_r00_s00,formal_u2_family_102_r00,u2_family_102,test,0,2,3,0.3193044364452362,0.6718670129776001,0.3333333333333333,True,0,offline_teacher_to_causal_s623
formal_u2_family_102_r00_s01,formal_u2_family_102_r00,u2_family_102,test,3,11,9,0.7099363207817078,0.6499099135398865,1.0,True,0,offline_teacher_to_causal_s623
formal_u2_family_102_r00_s02,formal_u2_family_102_r00,u2_family_102,test,12,21,10,0.5124195218086243,0.9892264008522034,0.9,True,0,offline_teacher_to_causal_s623
formal_u2_family_102_r00_s03,formal_u2_family_102_r00,u2_family_102,test,22,23,2,0.58935546875,0.601509153842926,1.0,True,0,offline_teacher_to_causal_s623
formal_u2_family_102_r01_s00,formal_u2_family_102_r01,u2_family_102,test,0,2,3,0.3192720115184784,0.6736515760421753,0.3333333333333333,True,0,offline_teacher_to_causal_s623
formal_u2_family_102_r01_s01,formal_u2_family_102_r01,u2_family_102,test,3,8,6,0.7051615715026855,0.5004055500030518,1.0,True,0,offline_teacher_to_causal_s623
formal_u2_family_102_r01_s02,formal_u2_family_102_r01,u2_family_102,test,9,13,5,0.5031360387802124,0.6275372505187988,1.0,True,0,offline_teacher_to_causal_s623
formal_u2_family_102_r01_s03,formal_u2_family_102_r01,u2_family_102,test,14,20,7,0.5705471038818359,0.9894006848335266,0.8571428571428571,True,0,offline_teacher_to_causal_s623
formal_u2_family_102_r01_s04,formal_u2_family_102_r01,u2_family_102,test,21,22,2,0.5928019881248474,0.5788344740867615,1.0,True,0,offline_teacher_to_causal_s623
formal_u2_family_102_r02_s00,formal_u2_family_102_r02,u2_family_102,test,0,2,3,0.3200334310531616,0.6723730564117432,0.3333333333333333,True,0,offline_teacher_to_causal_s623
formal_u2_family_102_r02_s01,formal_u2_family_102_r02,u2_family_102,test,3,8,6,0.7038384675979614,0.500832736492157,1.0,True,0,offline_teacher_to_causal_s623
formal_u2_family_102_r02_s02,formal_u2_family_102_r02,u2_family_102,test,9,14,6,0.5033357739448547,0.6281288266181946,1.0,True,0,offline_teacher_to_causal_s623
formal_u2_family_102_r02_s03,formal_u2_family_102_r02,u2_family_102,test,15,22,8,0.5640260577201843,0.9893056154251099,0.875,True,0,offline_teacher_to_causal_s623
formal_u2_family_102_r02_s04,formal_u2_family_102_r02,u2_family_102,test,23,24,2,0.5868774652481079,0.5600444674491882,1.0,True,0,offline_teacher_to_causal_s623
formal_u2_family_102_r03_s00,formal_u2_family_102_r03,u2_family_102,test,0,2,3,0.3174891173839569,0.6711427569389343,0.3333333333333333,True,0,offline_teacher_to_causal_s623
formal_u2_family_102_r03_s01,formal_u2_family_102_r03,u2_family_102,test,3,10,8,0.7109891176223755,0.5002086758613586,1.0,True,0,offline_teacher_to_causal_s623
formal_u2_family_102_r03_s02,formal_u2_family_102_r03,u2_family_102,test,11,13,3,0.6639425754547119,0.5376488566398621,1.0,True,0,offline_teacher_to_causal_s623
formal_u2_family_102_r03_s03,formal_u2_family_102_r03,u2_family_102,test,14,21,8,0.4938814342021942,0.9887803792953491,0.875,True,0,offline_teacher_to_causal_s623
formal_u2_family_102_r03_s04,formal_u2_family_102_r03,u2_family_102,test,22,23,2,0.5790053606033325,0.5679398775100708,1.0,True,0,offline_teacher_to_causal_s623
formal_u2_family_102_r04_s00,formal_u2_family_102_r04,u2_family_102,test,0,2,3,0.3191944658756256,0.6722221374511719,0.3333333333333333,True,0,offline_teacher_to_causal_s623
formal_u2_family_102_r04_s01,formal_u2_family_102_r04,u2_family_102,test,3,12,10,0.7048866152763367,0.6474121809005737,1.0,True,0,offline_teacher_to_causal_s623
formal_u2_family_102_r04_s02,formal_u2_family_102_r04,u2_family_102,test,13,21,9,0.5148734450340271,0.9887434244155884,0.8888888888888888,True,0,offline_teacher_to_causal_s623
formal_u2_family_102_r04_s03,formal_u2_family_102_r04,u2_family_102,test,22,23,2,0.581100583076477,0.5669280290603638,1.0,True,0,offline_teacher_to_causal_s623
formal_u2_family_102_r05_s00,formal_u2_family_102_r05,u2_family_102,test,0,2,3,0.3189155161380768,0.670969545841217,0.3333333333333333,True,0,offline_teacher_to_causal_s623
formal_u2_family_102_r05_s01,formal_u2_family_102_r05,u2_family_102,test,3,12,10,0.7090281248092651,0.6469501256942749,1.0,True,0,offline_teacher_to_causal_s623
formal_u2_family_102_r05_s02,formal_u2_family_102_r05,u2_family_102,test,13,21,9,0.5579013228416443,0.9893755912780762,0.8888888888888888,True,0,offline_teacher_to_causal_s623
formal_u2_family_102_r05_s03,formal_u2_family_102_r05,u2_family_102,test,22,23,2,0.588330090045929,0.5861391425132751,1.0,True,0,offline_teacher_to_causal_s623
formal_u2_family_103_r00_s00,formal_u2_family_103_r00,u2_family_103,test,0,2,3,0.3178904354572296,0.6732220649719238,0.3333333333333333,True,0,offline_teacher_to_causal_s623
formal_u2_family_103_r00_s01,formal_u2_family_103_r00,u2_family_103,test,3,5,3,0.7078810334205627,0.9599822163581848,0.3333333333333333,True,1,offline_teacher_to_causal_s623
formal_u2_family_103_r00_s02,formal_u2_family_103_r00,u2_family_103,test,6,13,8,0.9438023567199707,0.5064003467559814,0.875,True,0,offline_teacher_to_causal_s623
formal_u2_family_103_r00_s03,formal_u2_family_103_r00,u2_family_103,test,14,23,10,0.4756849408149719,0.9901025295257568,0.9,True,0,offline_teacher_to_causal_s623
formal_u2_family_103_r00_s04,formal_u2_family_103_r00,u2_family_103,test,24,25,2,0.6026446223258972,0.5969763398170471,1.0,True,0,offline_teacher_to_causal_s623
formal_u2_family_103_r01_s00,formal_u2_family_103_r01,u2_family_103,test,0,2,3,0.31988975405693054,0.6747643351554871,0.3333333333333333,True,0,offline_teacher_to_causal_s623
formal_u2_family_103_r01_s01,formal_u2_family_103_r01,u2_family_103,test,3,5,3,0.708114743232727,0.9604157209396362,0.3333333333333333,True,1,offline_teacher_to_causal_s623
formal_u2_family_103_r01_s02,formal_u2_family_103_r01,u2_family_103,test,6,8,3,0.9467107653617859,0.500562310218811,0.6666666666666666,True,0,offline_teacher_to_causal_s623
formal_u2_family_103_r01_s03,formal_u2_family_103_r01,u2_family_103,test,9,16,8,0.489958792924881,0.6541446447372437,1.0,True,0,offline_teacher_to_causal_s623
formal_u2_family_103_r01_s04,formal_u2_family_103_r01,u2_family_103,test,17,25,9,0.5115372538566589,0.9896161556243896,0.8888888888888888,True,0,offline_teacher_to_causal_s623
formal_u2_family_103_r01_s05,formal_u2_family_103_r01,u2_family_103,test,26,27,2,0.5859270095825195,0.5716065764427185,1.0,True,0,offline_teacher_to_causal_s623
formal_u2_family_103_r02_s00,formal_u2_family_103_r02,u2_family_103,test,0,2,3,0.3170679807662964,0.6745587587356567,0.3333333333333333,True,0,offline_teacher_to_causal_s623
formal_u2_family_103_r02_s01,formal_u2_family_103_r02,u2_family_103,test,3,7,5,0.7094348073005676,0.5005108714103699,1.0,True,0,offline_teacher_to_causal_s623
formal_u2_family_103_r02_s02,formal_u2_family_103_r02,u2_family_103,test,8,14,7,0.5081303715705872,0.633342981338501,1.0,True,0,offline_teacher_to_causal_s623
formal_u2_family_103_r02_s03,formal_u2_family_103_r02,u2_family_103,test,15,23,9,0.5114960074424744,0.9888525009155273,0.8888888888888888,True,0,offline_teacher_to_causal_s623
formal_u2_family_103_r02_s04,formal_u2_family_103_r02,u2_family_103,test,24,25,2,0.5799053311347961,0.5678044557571411,1.0,True,0,offline_teacher_to_causal_s623
formal_u2_family_103_r03_s00,formal_u2_family_103_r03,u2_family_103,test,0,2,3,0.3184472620487213,0.6722512245178223,0.3333333333333333,True,0,offline_teacher_to_causal_s623
formal_u2_family_103_r03_s01,formal_u2_family_103_r03,u2_family_103,test,3,5,3,0.7038305997848511,0.962029755115509,0.3333333333333333,True,1,offline_teacher_to_causal_s623
formal_u2_family_103_r03_s02,formal_u2_family_103_r03,u2_family_103,test,6,9,4,0.9512826204299927,0.5042191743850708,0.75,True,0,offline_teacher_to_causal_s623
formal_u2_family_103_r03_s03,formal_u2_family_103_r03,u2_family_103,test,10,12,3,0.49246305227279663,0.5173183679580688,1.0,True,0,offline_teacher_to_causal_s623
formal_u2_family_103_r03_s04,formal_u2_family_103_r03,u2_family_103,test,13,20,8,0.47843918204307556,0.9898520112037659,0.875,True,0,offline_teacher_to_causal_s623
formal_u2_family_103_r03_s05,formal_u2_family_103_r03,u2_family_103,test,21,22,2,0.597088098526001,0.5873843431472778,1.0,True,0,offline_teacher_to_causal_s623
formal_u2_family_103_r04_s00,formal_u2_family_103_r04,u2_family_103,test,0,2,3,0.3186791241168976,0.6707791090011597,0.3333333333333333,True,0,offline_teacher_to_causal_s623
formal_u2_family_103_r04_s01,formal_u2_family_103_r04,u2_family_103,test,3,5,3,0.7108355760574341,0.959387481212616,0.3333333333333333,True,1,offline_teacher_to_causal_s623
formal_u2_family_103_r04_s02,formal_u2_family_103_r04,u2_family_103,test,6,9,4,0.9520000219345093,0.5024207234382629,0.75,True,0,offline_teacher_to_causal_s623
formal_u2_family_103_r04_s03,formal_u2_family_103_r04,u2_family_103,test,10,12,3,0.4924888610839844,0.514927864074707,1.0,True,0,offline_teacher_to_causal_s623
formal_u2_family_103_r04_s04,formal_u2_family_103_r04,u2_family_103,test,13,21,9,0.481975257396698,0.9893689751625061,0.8888888888888888,True,0,offline_teacher_to_causal_s623
formal_u2_family_103_r04_s05,formal_u2_family_103_r04,u2_family_103,test,22,23,2,0.5847017168998718,0.5762147307395935,1.0,True,0,offline_teacher_to_causal_s623
formal_u2_family_103_r05_s00,formal_u2_family_103_r05,u2_family_103,test,0,2,3,0.31762582063674927,0.6724492311477661,0.3333333333333333,True,0,offline_teacher_to_causal_s623
formal_u2_family_103_r05_s01,formal_u2_family_103_r05,u2_family_103,test,3,10,8,0.706331193447113,0.6399502754211426,1.0,True,0,offline_teacher_to_causal_s623
formal_u2_family_103_r05_s02,formal_u2_family_103_r05,u2_family_103,test,11,22,12,0.5118375420570374,0.989446759223938,0.9166666666666666,True,0,offline_teacher_to_causal_s623
formal_u2_family_103_r05_s03,formal_u2_family_103_r05,u2_family_103,test,23,24,2,0.5954725742340088,0.5952969789505005,1.0,True,0,offline_teacher_to_causal_s623
formal_u2_family_104_r00_s00,formal_u2_family_104_r00,u2_family_104,test,0,2,3,0.31922265887260437,0.6716873645782471,0.3333333333333333,True,0,offline_teacher_to_causal_s623
formal_u2_family_104_r00_s01,formal_u2_family_104_r00,u2_family_104,test,3,5,3,0.9255794286727905,0.9548379182815552,0.0,True,0,offline_teacher_to_causal_s623
formal_u2_family_104_r00_s02,formal_u2_family_104_r00,u2_family_104,test,6,15,10,0.7014408707618713,0.6392378211021423,1.0,True,0,offline_teacher_to_causal_s623
formal_u2_family_104_r00_s03,formal_u2_family_104_r00,u2_family_104,test,16,24,9,0.5119801163673401,0.9894106984138489,0.8888888888888888,True,0,offline_teacher_to_causal_s623
formal_u2_family_104_r00_s04,formal_u2_family_104_r00,u2_family_104,test,25,26,2,0.5883777737617493,0.5796440839767456,1.0,True,0,offline_teacher_to_causal_s623
formal_u2_family_104_r01_s00,formal_u2_family_104_r01,u2_family_104,test,0,2,3,0.3189775347709656,0.6718130111694336,0.3333333333333333,True,0,offline_teacher_to_causal_s623
formal_u2_family_104_r01_s01,formal_u2_family_104_r01,u2_family_104,test,3,5,3,0.9259634017944336,0.9554117918014526,0.0,True,0,offline_teacher_to_causal_s623
formal_u2_family_104_r01_s02,formal_u2_family_104_r01,u2_family_104,test,6,15,10,0.6952389478683472,0.6305936574935913,1.0,True,0,offline_teacher_to_causal_s623
formal_u2_family_104_r01_s03,formal_u2_family_104_r01,u2_family_104,test,16,22,7,0.5654462575912476,0.9893335700035095,0.8571428571428571,True,0,offline_teacher_to_causal_s623
formal_u2_family_104_r01_s04,formal_u2_family_104_r01,u2_family_104,test,23,24,2,0.5857435464859009,0.5655059814453125,1.0,True,0,offline_teacher_to_causal_s623
formal_u2_family_104_r02_s00,formal_u2_family_104_r02,u2_family_104,test,0,2,3,0.31858357787132263,0.6720364093780518,0.3333333333333333,True,0,offline_teacher_to_causal_s623
formal_u2_family_104_r02_s01,formal_u2_family_104_r02,u2_family_104,test,3,5,3,0.9261060953140259,0.953829824924469,0.0,True,0,offline_teacher_to_causal_s623
formal_u2_family_104_r02_s02,formal_u2_family_104_r02,u2_family_104,test,6,16,11,0.6923914551734924,0.6355555057525635,1.0,True,0,offline_teacher_to_causal_s623
formal_u2_family_104_r02_s03,formal_u2_family_104_r02,u2_family_104,test,17,24,8,0.5639786124229431,0.9890137314796448,0.875,True,0,offline_teacher_to_causal_s623
formal_u2_family_104_r02_s04,formal_u2_family_104_r02,u2_family_104,test,25,26,2,0.5814663767814636,0.5507004261016846,1.0,True,0,offline_teacher_to_causal_s623
formal_u2_family_104_r03_s00,formal_u2_family_104_r03,u2_family_104,test,0,2,3,0.31876739859580994,0.6721452474594116,0.3333333333333333,True,0,offline_teacher_to_causal_s623
formal_u2_family_104_r03_s01,formal_u2_family_104_r03,u2_family_104,test,3,5,3,0.925967276096344,0.9507423639297485,0.0,True,0,offline_teacher_to_causal_s623
formal_u2_family_104_r03_s02,formal_u2_family_104_r03,u2_family_104,test,6,8,3,0.6872191429138184,0.5006414651870728,1.0,True,0,offline_teacher_to_causal_s623
formal_u2_family_104_r03_s03,formal_u2_family_104_r03,u2_family_104,test,9,16,8,0.4885142147541046,0.6334537267684937,1.0,True,0,offline_teacher_to_causal_s623
formal_u2_family_104_r03_s04,formal_u2_family_104_r03,u2_family_104,test,17,24,8,0.5666680932044983,0.9891224503517151,0.875,True,0,offline_teacher_to_causal_s623
formal_u2_family_104_r03_s05,formal_u2_family_104_r03,u2_family_104,test,25,26,2,0.5781121253967285,0.5581958293914795,1.0,True,0,offline_teacher_to_causal_s623
formal_u2_family_104_r04_s00,formal_u2_family_104_r04,u2_family_104,test,0,2,3,0.3189055621623993,0.6732510328292847,0.3333333333333333,True,0,offline_teacher_to_causal_s623
formal_u2_family_104_r04_s01,formal_u2_family_104_r04,u2_family_104,test,3,5,3,0.9253508448600769,0.9550929069519043,0.0,True,0,offline_teacher_to_causal_s623
formal_u2_family_104_r04_s02,formal_u2_family_104_r04,u2_family_104,test,6,15,10,0.7015955448150635,0.6421259641647339,1.0,True,0,offline_teacher_to_causal_s623
formal_u2_family_104_r04_s03,formal_u2_family_104_r04,u2_family_104,test,16,25,10,0.5151767730712891,0.9876911640167236,0.9,True,0,offline_teacher_to_causal_s623
formal_u2_family_104_r04_s04,formal_u2_family_104_r04,u2_family_104,test,26,27,2,0.5637735724449158,0.5821003913879395,1.0,True,0,offline_teacher_to_causal_s623
formal_u2_family_104_r05_s00,formal_u2_family_104_r05,u2_family_104,test,0,2,3,0.31776562333106995,0.6721018552780151,0.3333333333333333,True,0,offline_teacher_to_causal_s623
formal_u2_family_104_r05_s01,formal_u2_family_104_r05,u2_family_104,test,3,5,3,0.9250834584236145,0.951372504234314,0.0,True,0,offline_teacher_to_causal_s623
formal_u2_family_104_r05_s02,formal_u2_family_104_r05,u2_family_104,test,6,8,3,0.6897166967391968,0.5021581649780273,1.0,True,0,offline_teacher_to_causal_s623
formal_u2_family_104_r05_s03,formal_u2_family_104_r05,u2_family_104,test,9,11,3,0.4887670874595642,0.5020434856414795,1.0,True,0,offline_teacher_to_causal_s623
formal_u2_family_104_r05_s04,formal_u2_family_104_r05,u2_family_104,test,12,16,5,0.47929030656814575,0.6288328766822815,1.0,True,0,offline_teacher_to_causal_s623
formal_u2_family_104_r05_s05,formal_u2_family_104_r05,u2_family_104,test,17,24,8,0.5684946775436401,0.989154040813446,0.875,True,0,offline_teacher_to_causal_s623
formal_u2_family_104_r05_s06,formal_u2_family_104_r05,u2_family_104,test,25,26,2,0.5807129740715027,0.5876505970954895,1.0,True,0,offline_teacher_to_causal_s623
formal_u2_family_105_r00_s00,formal_u2_family_105_r00,u2_family_105,test,0,2,3,0.319165974855423,0.6736923456192017,0.3333333333333333,True,0,offline_teacher_to_causal_s623
formal_u2_family_105_r00_s01,formal_u2_family_105_r00,u2_family_105,test,3,12,10,0.7138863801956177,0.6567162275314331,1.0,True,0,offline_teacher_to_causal_s623
formal_u2_family_105_r00_s02,formal_u2_family_105_r00,u2_family_105,test,13,15,3,0.5533185601234436,0.56191086769104,1.0,True,0,offline_teacher_to_causal_s623
formal_u2_family_105_r00_s03,formal_u2_family_105_r00,u2_family_105,test,16,22,7,0.48070016503334045,0.9875637888908386,0.8571428571428571,True,0,offline_teacher_to_causal_s623
formal_u2_family_105_r00_s04,formal_u2_family_105_r00,u2_family_105,test,23,24,2,0.5659632682800293,0.5542891025543213,1.0,True,0,offline_teacher_to_causal_s623
formal_u2_family_105_r01_s00,formal_u2_family_105_r01,u2_family_105,test,0,2,3,0.31526893377304077,0.6721621155738831,0.3333333333333333,True,0,offline_teacher_to_causal_s623
formal_u2_family_105_r01_s01,formal_u2_family_105_r01,u2_family_105,test,3,10,8,0.713598906993866,0.501746416091919,1.0,True,0,offline_teacher_to_causal_s623
formal_u2_family_105_r01_s02,formal_u2_family_105_r01,u2_family_105,test,11,13,3,0.6709604263305664,0.5378595590591431,1.0,True,0,offline_teacher_to_causal_s623
formal_u2_family_105_r01_s03,formal_u2_family_105_r01,u2_family_105,test,14,21,8,0.4957907497882843,0.9883508682250977,0.875,True,0,offline_teacher_to_causal_s623
formal_u2_family_105_r01_s04,formal_u2_family_105_r01,u2_family_105,test,22,23,2,0.5735378861427307,0.5336135029792786,1.0,True,0,offline_teacher_to_causal_s623
formal_u2_family_105_r02_s00,formal_u2_family_105_r02,u2_family_105,test,0,2,3,0.31828826665878296,0.6730507612228394,0.3333333333333333,True,0,offline_teacher_to_causal_s623
formal_u2_family_105_r02_s01,formal_u2_family_105_r02,u2_family_105,test,3,11,9,0.7070844769477844,0.6522355675697327,1.0,True,0,offline_teacher_to_causal_s623
formal_u2_family_105_r02_s02,formal_u2_family_105_r02,u2_family_105,test,12,22,11,0.507079541683197,0.9888725876808167,0.9090909090909091,True,0,offline_teacher_to_causal_s623
formal_u2_family_105_r02_s03,formal_u2_family_105_r02,u2_family_105,test,23,24,2,0.572485089302063,0.5456565022468567,1.0,True,0,offline_teacher_to_causal_s623
formal_u2_family_105_r03_s00,formal_u2_family_105_r03,u2_family_105,test,0,2,3,0.31726574897766113,0.6740861535072327,0.3333333333333333,True,0,offline_teacher_to_causal_s623
formal_u2_family_105_r03_s01,formal_u2_family_105_r03,u2_family_105,test,3,8,6,0.7127234935760498,0.506226122379303,1.0,True,0,offline_teacher_to_causal_s623
formal_u2_family_105_r03_s02,formal_u2_family_105_r03,u2_family_105,test,9,11,3,0.5013426542282104,0.6207652688026428,1.0,True,0,offline_teacher_to_causal_s623
formal_u2_family_105_r03_s03,formal_u2_family_105_r03,u2_family_105,test,12,21,10,0.5127653479576111,0.9903958439826965,0.9,True,0,offline_teacher_to_causal_s623
formal_u2_family_105_r03_s04,formal_u2_family_105_r03,u2_family_105,test,22,23,2,0.612797737121582,0.6046966314315796,1.0,True,0,offline_teacher_to_causal_s623
formal_u2_family_105_r04_s00,formal_u2_family_105_r04,u2_family_105,test,0,2,3,0.3167659640312195,0.6739874482154846,0.3333333333333333,True,0,offline_teacher_to_causal_s623
formal_u2_family_105_r04_s01,formal_u2_family_105_r04,u2_family_105,test,3,8,6,0.7117191553115845,0.5039640665054321,1.0,True,0,offline_teacher_to_causal_s623
formal_u2_family_105_r04_s02,formal_u2_family_105_r04,u2_family_105,test,9,14,6,0.5021602511405945,0.6428948640823364,1.0,True,0,offline_teacher_to_causal_s623
formal_u2_family_105_r04_s03,formal_u2_family_105_r04,u2_family_105,test,15,22,8,0.5111054182052612,0.9885882139205933,0.875,True,0,offline_teacher_to_causal_s623
formal_u2_family_105_r04_s04,formal_u2_family_105_r04,u2_family_105,test,23,24,2,0.5728181600570679,0.5535604953765869,1.0,True,0,offline_teacher_to_causal_s623
formal_u2_family_105_r05_s00,formal_u2_family_105_r05,u2_family_105,test,0,2,3,0.3141545057296753,0.6724600791931152,0.3333333333333333,True,0,offline_teacher_to_causal_s623
formal_u2_family_105_r05_s01,formal_u2_family_105_r05,u2_family_105,test,3,9,7,0.7162256240844727,0.5949904322624207,1.0,True,0,offline_teacher_to_causal_s623
formal_u2_family_105_r05_s02,formal_u2_family_105_r05,u2_family_105,test,10,13,4,0.5252951979637146,0.6289762854576111,1.0,True,0,offline_teacher_to_causal_s623
formal_u2_family_105_r05_s03,formal_u2_family_105_r05,u2_family_105,test,14,23,10,0.5186401605606079,0.9878883957862854,0.9,True,0,offline_teacher_to_causal_s623
formal_u2_family_105_r05_s04,formal_u2_family_105_r05,u2_family_105,test,24,25,2,0.5633615851402283,0.5583255290985107,1.0,True,0,offline_teacher_to_causal_s623
formal_u2_family_106_r00_s00,formal_u2_family_106_r00,u2_family_106,test,0,2,3,0.31842899322509766,0.6839735507965088,0.3333333333333333,True,0,offline_teacher_to_causal_s623
formal_u2_family_106_r00_s01,formal_u2_family_106_r00,u2_family_106,test,3,5,3,0.5165184736251831,0.5067271590232849,1.0,True,0,offline_teacher_to_causal_s623
formal_u2_family_106_r00_s02,formal_u2_family_106_r00,u2_family_106,test,6,7,2,0.5170695185661316,0.9275674223899841,0.5,True,0,offline_teacher_to_causal_s623
formal_u2_family_106_r01_s00,formal_u2_family_106_r01,u2_family_106,test,0,2,3,0.3200714886188507,0.6823192834854126,0.3333333333333333,True,0,offline_teacher_to_causal_s623
formal_u2_family_106_r01_s01,formal_u2_family_106_r01,u2_family_106,test,3,5,3,0.5116245746612549,0.5025105476379395,1.0,True,0,offline_teacher_to_causal_s623
formal_u2_family_106_r01_s02,formal_u2_family_106_r01,u2_family_106,test,6,7,2,0.5190101265907288,0.9252946972846985,0.5,True,0,offline_teacher_to_causal_s623
formal_u2_family_106_r02_s00,formal_u2_family_106_r02,u2_family_106,test,0,2,3,0.31916698813438416,0.6843826770782471,0.3333333333333333,True,0,offline_teacher_to_causal_s623
formal_u2_family_106_r02_s01,formal_u2_family_106_r02,u2_family_106,test,3,5,3,0.5167613625526428,0.5055898427963257,1.0,True,0,offline_teacher_to_causal_s623
formal_u2_family_106_r02_s02,formal_u2_family_106_r02,u2_family_106,test,6,7,2,0.5166693329811096,0.9271869659423828,0.5,True,0,offline_teacher_to_causal_s623
formal_u2_family_106_r03_s00,formal_u2_family_106_r03,u2_family_106,test,0,2,3,0.31863075494766235,0.6836748123168945,0.3333333333333333,True,0,offline_teacher_to_causal_s623
formal_u2_family_106_r03_s01,formal_u2_family_106_r03,u2_family_106,test,3,5,3,0.5171164274215698,0.5061485171318054,1.0,True,0,offline_teacher_to_causal_s623
formal_u2_family_106_r03_s02,formal_u2_family_106_r03,u2_family_106,test,6,7,2,0.518700361251831,0.9281125664710999,0.5,True,0,offline_teacher_to_causal_s623
formal_u2_family_106_r04_s00,formal_u2_family_106_r04,u2_family_106,test,0,2,3,0.32061704993247986,0.6844839453697205,0.3333333333333333,True,0,offline_teacher_to_causal_s623
formal_u2_family_106_r04_s01,formal_u2_family_106_r04,u2_family_106,test,3,5,3,0.5136527419090271,0.5029714703559875,1.0,True,0,offline_teacher_to_causal_s623
formal_u2_family_106_r04_s02,formal_u2_family_106_r04,u2_family_106,test,6,7,2,0.5195096135139465,0.925699770450592,0.5,True,0,offline_teacher_to_causal_s623
formal_u2_family_106_r05_s00,formal_u2_family_106_r05,u2_family_106,test,0,2,3,0.32188063859939575,0.684975802898407,0.3333333333333333,True,0,offline_teacher_to_causal_s623
formal_u2_family_106_r05_s01,formal_u2_family_106_r05,u2_family_106,test,3,5,3,0.5132772326469421,0.5033852458000183,1.0,True,0,offline_teacher_to_causal_s623
formal_u2_family_106_r05_s02,formal_u2_family_106_r05,u2_family_106,test,6,7,2,0.5151242017745972,0.9273398518562317,0.5,True,0,offline_teacher_to_causal_s623
formal_u2_family_107_r00_s00,formal_u2_family_107_r00,u2_family_107,test,0,10,11,0.25171130895614624,0.9754844307899475,0.0,True,0,offline_teacher_to_causal_s623
formal_u2_family_107_r00_s01,formal_u2_family_107_r00,u2_family_107,test,11,13,3,0.6325209140777588,0.5228561758995056,1.0,True,0,offline_teacher_to_causal_s623
formal_u2_family_107_r00_s02,formal_u2_family_107_r00,u2_family_107,test,14,17,4,0.5040356516838074,0.5062171220779419,1.0,True,0,offline_teacher_to_causal_s623
formal_u2_family_107_r00_s03,formal_u2_family_107_r00,u2_family_107,test,18,21,4,0.510699987411499,0.5016153454780579,1.0,True,0,offline_teacher_to_causal_s623
formal_u2_family_107_r00_s04,formal_u2_family_107_r00,u2_family_107,test,22,31,10,0.4974187910556793,0.9900728464126587,0.9,True,0,offline_teacher_to_causal_s623
formal_u2_family_107_r00_s05,formal_u2_family_107_r00,u2_family_107,test,32,33,2,0.6100205779075623,0.6111688017845154,1.0,True,0,offline_teacher_to_causal_s623
formal_u2_family_107_r01_s00,formal_u2_family_107_r01,u2_family_107,test,0,9,10,0.2514035999774933,0.9652227163314819,0.0,True,0,offline_teacher_to_causal_s623
formal_u2_family_107_r01_s01,formal_u2_family_107_r01,u2_family_107,test,10,12,3,0.6183515191078186,0.5161778330802917,1.0,True,0,offline_teacher_to_causal_s623
formal_u2_family_107_r01_s02,formal_u2_family_107_r01,u2_family_107,test,13,16,4,0.5047933459281921,0.500369668006897,1.0,True,0,offline_teacher_to_causal_s623
formal_u2_family_107_r01_s03,formal_u2_family_107_r01,u2_family_107,test,17,28,12,0.49800682067871094,0.989077091217041,0.9166666666666666,True,0,offline_teacher_to_causal_s623
formal_u2_family_107_r01_s04,formal_u2_family_107_r01,u2_family_107,test,29,30,2,0.5872552990913391,0.588921844959259,1.0,True,0,offline_teacher_to_causal_s623
formal_u2_family_107_r02_s00,formal_u2_family_107_r02,u2_family_107,test,0,9,10,0.25247836112976074,0.9670131802558899,0.0,True,0,offline_teacher_to_causal_s623
formal_u2_family_107_r02_s01,formal_u2_family_107_r02,u2_family_107,test,10,12,3,0.6263821721076965,0.5235797762870789,1.0,True,0,offline_teacher_to_causal_s623
formal_u2_family_107_r02_s02,formal_u2_family_107_r02,u2_family_107,test,13,17,5,0.5210242867469788,0.5076637864112854,1.0,True,0,offline_teacher_to_causal_s623
formal_u2_family_107_r02_s03,formal_u2_family_107_r02,u2_family_107,test,18,20,3,0.5084629058837891,0.5434899926185608,1.0,True,0,offline_teacher_to_causal_s623
formal_u2_family_107_r02_s04,formal_u2_family_107_r02,u2_family_107,test,21,23,3,0.49422574043273926,0.5775967836380005,1.0,True,0,offline_teacher_to_causal_s623
formal_u2_family_107_r02_s05,formal_u2_family_107_r02,u2_family_107,test,24,29,6,0.4939042329788208,0.9891574382781982,0.8333333333333334,True,0,offline_teacher_to_causal_s623
formal_u2_family_107_r02_s06,formal_u2_family_107_r02,u2_family_107,test,30,31,2,0.5913481116294861,0.6001256704330444,1.0,True,0,offline_teacher_to_causal_s623
formal_u2_family_107_r03_s00,formal_u2_family_107_r03,u2_family_107,test,0,10,11,0.25207260251045227,0.9737231135368347,0.0,True,0,offline_teacher_to_causal_s623
formal_u2_family_107_r03_s01,formal_u2_family_107_r03,u2_family_107,test,11,13,3,0.6327950358390808,0.5241056680679321,1.0,True,0,offline_teacher_to_causal_s623
formal_u2_family_107_r03_s02,formal_u2_family_107_r03,u2_family_107,test,14,18,5,0.5097075700759888,0.6774792671203613,1.0,True,0,offline_teacher_to_causal_s623
formal_u2_family_107_r03_s03,formal_u2_family_107_r03,u2_family_107,test,19,23,5,0.5111306309700012,0.6508947610855103,1.0,True,0,offline_teacher_to_causal_s623
formal_u2_family_107_r03_s04,formal_u2_family_107_r03,u2_family_107,test,24,26,3,0.514441967010498,0.5529981255531311,1.0,True,0,offline_teacher_to_causal_s623
formal_u2_family_107_r03_s05,formal_u2_family_107_r03,u2_family_107,test,27,34,8,0.483376145362854,0.9892451763153076,0.875,True,0,offline_teacher_to_causal_s623
formal_u2_family_107_r03_s06,formal_u2_family_107_r03,u2_family_107,test,35,36,2,0.5903675556182861,0.586564838886261,1.0,True,0,offline_teacher_to_causal_s623
formal_u2_family_107_r04_s00,formal_u2_family_107_r04,u2_family_107,test,0,6,7,0.2528490722179413,0.9213570952415466,0.0,True,0,offline_teacher_to_causal_s623
formal_u2_family_107_r04_s01,formal_u2_family_107_r04,u2_family_107,test,7,10,4,0.57145094871521,0.5425941348075867,1.0,True,0,offline_teacher_to_causal_s623
formal_u2_family_107_r04_s02,formal_u2_family_107_r04,u2_family_107,test,11,13,3,0.713607907295227,0.5078363418579102,1.0,True,0,offline_teacher_to_causal_s623
formal_u2_family_107_r04_s03,formal_u2_family_107_r04,u2_family_107,test,14,16,3,0.4927044212818146,0.5020772218704224,1.0,True,0,offline_teacher_to_causal_s623
formal_u2_family_107_r04_s04,formal_u2_family_107_r04,u2_family_107,test,17,29,13,0.5063779354095459,0.9891740083694458,0.9230769230769231,True,0,offline_teacher_to_causal_s623
formal_u2_family_107_r04_s05,formal_u2_family_107_r04,u2_family_107,test,30,31,2,0.5881842374801636,0.536449670791626,1.0,True,0,offline_teacher_to_causal_s623
formal_u2_family_107_r05_s00,formal_u2_family_107_r05,u2_family_107,test,0,9,10,0.25087085366249084,0.9656553864479065,0.0,True,0,offline_teacher_to_causal_s623
formal_u2_family_107_r05_s01,formal_u2_family_107_r05,u2_family_107,test,10,12,3,0.6309549808502197,0.7333170175552368,1.0,True,0,offline_teacher_to_causal_s623
formal_u2_family_107_r05_s02,formal_u2_family_107_r05,u2_family_107,test,13,15,3,0.5264089107513428,0.5017291307449341,1.0,True,0,offline_teacher_to_causal_s623
formal_u2_family_107_r05_s03,formal_u2_family_107_r05,u2_family_107,test,16,18,3,0.50725257396698,0.5058919191360474,1.0,True,0,offline_teacher_to_causal_s623
formal_u2_family_107_r05_s04,formal_u2_family_107_r05,u2_family_107,test,19,23,5,0.48781687021255493,0.6336475610733032,1.0,True,0,offline_teacher_to_causal_s623
formal_u2_family_107_r05_s05,formal_u2_family_107_r05,u2_family_107,test,24,30,7,0.578159511089325,0.9898269176483154,0.8571428571428571,True,0,offline_teacher_to_causal_s623
formal_u2_family_107_r05_s06,formal_u2_family_107_r05,u2_family_107,test,31,32,2,0.6004731059074402,0.5907477736473083,1.0,True,0,offline_teacher_to_causal_s623
formal_u2_family_108_r00_s00,formal_u2_family_108_r00,u2_family_108,test,0,2,3,0.34747400879859924,0.6809850931167603,0.3333333333333333,True,0,offline_teacher_to_causal_s623
formal_u2_family_108_r00_s01,formal_u2_family_108_r00,u2_family_108,test,3,5,3,0.49116724729537964,0.9358145594596863,0.6666666666666666,True,0,offline_teacher_to_causal_s623
formal_u2_family_108_r00_s02,formal_u2_family_108_r00,u2_family_108,test,6,15,10,0.3394225239753723,0.5047056078910828,0.4,True,0,offline_teacher_to_causal_s623
formal_u2_family_108_r00_s03,formal_u2_family_108_r00,u2_family_108,test,16,18,3,0.49850043654441833,0.506550133228302,1.0,True,0,offline_teacher_to_causal_s623
formal_u2_family_108_r00_s04,formal_u2_family_108_r00,u2_family_108,test,19,29,11,0.5069732666015625,0.9842467308044434,0.9090909090909091,True,0,offline_teacher_to_causal_s623
formal_u2_family_108_r00_s05,formal_u2_family_108_r00,u2_family_108,test,30,31,2,0.6011211276054382,0.6076977252960205,1.0,True,0,offline_teacher_to_causal_s623
formal_u2_family_108_r01_s00,formal_u2_family_108_r01,u2_family_108,test,0,2,3,0.34674742817878723,0.6821269989013672,0.3333333333333333,True,0,offline_teacher_to_causal_s623
formal_u2_family_108_r01_s01,formal_u2_family_108_r01,u2_family_108,test,3,6,4,0.50169837474823,0.9323654770851135,0.75,True,0,offline_teacher_to_causal_s623
formal_u2_family_108_r01_s02,formal_u2_family_108_r01,u2_family_108,test,7,15,9,0.3096742331981659,0.5024158358573914,0.3333333333333333,True,0,offline_teacher_to_causal_s623
formal_u2_family_108_r01_s03,formal_u2_family_108_r01,u2_family_108,test,16,18,3,0.49639177322387695,0.6471037864685059,1.0,True,0,offline_teacher_to_causal_s623
formal_u2_family_108_r01_s04,formal_u2_family_108_r01,u2_family_108,test,19,24,6,0.4979963004589081,0.9819918274879456,0.8333333333333334,True,0,offline_teacher_to_causal_s623
formal_u2_family_108_r01_s05,formal_u2_family_108_r01,u2_family_108,test,25,26,2,0.5844323635101318,0.5618311166763306,1.0,True,0,offline_teacher_to_causal_s623
formal_u2_family_108_r02_s00,formal_u2_family_108_r02,u2_family_108,test,0,2,3,0.3477226197719574,0.6799595355987549,0.3333333333333333,True,0,offline_teacher_to_causal_s623
formal_u2_family_108_r02_s01,formal_u2_family_108_r02,u2_family_108,test,3,6,4,0.5025156140327454,0.9340845346450806,0.75,True,0,offline_teacher_to_causal_s623
formal_u2_family_108_r02_s02,formal_u2_family_108_r02,u2_family_108,test,7,17,11,0.3173491060733795,0.5029667019844055,0.36363636363636365,True,0,offline_teacher_to_causal_s623
formal_u2_family_108_r02_s03,formal_u2_family_108_r02,u2_family_108,test,18,20,3,0.5018804669380188,0.6502435803413391,1.0,True,0,offline_teacher_to_causal_s623
formal_u2_family_108_r02_s04,formal_u2_family_108_r02,u2_family_108,test,21,26,6,0.4962093234062195,0.9852081537246704,0.8333333333333334,True,0,offline_teacher_to_causal_s623
formal_u2_family_108_r02_s05,formal_u2_family_108_r02,u2_family_108,test,27,28,2,0.5924803614616394,0.5435065031051636,1.0,True,0,offline_teacher_to_causal_s623
formal_u2_family_108_r03_s00,formal_u2_family_108_r03,u2_family_108,test,0,2,3,0.3502735495567322,0.6851365566253662,0.3333333333333333,True,0,offline_teacher_to_causal_s623
formal_u2_family_108_r03_s01,formal_u2_family_108_r03,u2_family_108,test,3,6,4,0.5003206133842468,0.9323422908782959,0.75,True,0,offline_teacher_to_causal_s623
formal_u2_family_108_r03_s02,formal_u2_family_108_r03,u2_family_108,test,7,16,10,0.31261128187179565,0.5026987195014954,0.4,True,0,offline_teacher_to_causal_s623
formal_u2_family_108_r03_s03,formal_u2_family_108_r03,u2_family_108,test,17,19,3,0.5020594000816345,0.5050937533378601,1.0,True,0,offline_teacher_to_causal_s623
formal_u2_family_108_r03_s04,formal_u2_family_108_r03,u2_family_108,test,20,22,3,0.5061580538749695,0.5036392211914062,1.0,True,0,offline_teacher_to_causal_s623
formal_u2_family_108_r03_s05,formal_u2_family_108_r03,u2_family_108,test,23,25,3,0.985442042350769,0.5733085870742798,0.6666666666666666,True,0,offline_teacher_to_causal_s623
formal_u2_family_108_r04_s00,formal_u2_family_108_r04,u2_family_108,test,0,2,3,0.34952467679977417,0.6795608997344971,0.3333333333333333,True,0,offline_teacher_to_causal_s623
formal_u2_family_108_r04_s01,formal_u2_family_108_r04,u2_family_108,test,3,5,3,0.4967806339263916,0.9338458180427551,0.6666666666666666,True,0,offline_teacher_to_causal_s623
formal_u2_family_108_r04_s02,formal_u2_family_108_r04,u2_family_108,test,6,14,9,0.3489900231361389,0.5013322234153748,0.4444444444444444,True,0,offline_teacher_to_causal_s623
formal_u2_family_108_r04_s03,formal_u2_family_108_r04,u2_family_108,test,15,17,3,0.4945470094680786,0.6520336270332336,1.0,True,0,offline_teacher_to_causal_s623
formal_u2_family_108_r04_s04,formal_u2_family_108_r04,u2_family_108,test,18,21,4,0.49880197644233704,0.5005278587341309,1.0,True,0,offline_teacher_to_causal_s623
formal_u2_family_108_r04_s05,formal_u2_family_108_r04,u2_family_108,test,22,24,3,0.9858911633491516,0.5218667984008789,0.6666666666666666,True,0,offline_teacher_to_causal_s623
formal_u2_family_108_r05_s00,formal_u2_family_108_r05,u2_family_108,test,0,2,3,0.3508172631263733,0.6774430274963379,0.3333333333333333,True,0,offline_teacher_to_causal_s623
formal_u2_family_108_r05_s01,formal_u2_family_108_r05,u2_family_108,test,3,5,3,0.4942437708377838,0.934977650642395,0.6666666666666666,True,0,offline_teacher_to_causal_s623
formal_u2_family_108_r05_s02,formal_u2_family_108_r05,u2_family_108,test,6,16,11,0.3450395166873932,0.6601274609565735,0.5454545454545454,True,0,offline_teacher_to_causal_s623
formal_u2_family_108_r05_s03,formal_u2_family_108_r05,u2_family_108,test,17,22,6,0.5077553987503052,0.9843347668647766,0.8333333333333334,True,0,offline_teacher_to_causal_s623
formal_u2_family_108_r05_s04,formal_u2_family_108_r05,u2_family_108,test,23,24,2,0.5883435606956482,0.5358492732048035,1.0,True,0,offline_teacher_to_causal_s623
formal_u2_family_109_r00_s00,formal_u2_family_109_r00,u2_family_109,test,0,2,3,0.35103166103363037,0.6815400123596191,0.3333333333333333,True,0,offline_teacher_to_causal_s623
formal_u2_family_109_r00_s01,formal_u2_family_109_r00,u2_family_109,test,3,5,3,0.4957221448421478,0.9361844658851624,0.6666666666666666,True,0,offline_teacher_to_causal_s623
formal_u2_family_109_r00_s02,formal_u2_family_109_r00,u2_family_109,test,6,15,10,0.33858755230903625,0.5025619268417358,0.4,True,0,offline_teacher_to_causal_s623
formal_u2_family_109_r00_s03,formal_u2_family_109_r00,u2_family_109,test,16,18,3,0.49937939643859863,0.6533483862876892,1.0,True,0,offline_teacher_to_causal_s623
formal_u2_family_109_r00_s04,formal_u2_family_109_r00,u2_family_109,test,19,24,6,0.5011324882507324,0.9852944612503052,0.8333333333333334,True,0,offline_teacher_to_causal_s623
formal_u2_family_109_r00_s05,formal_u2_family_109_r00,u2_family_109,test,25,26,2,0.5864856839179993,0.5975520610809326,1.0,True,0,offline_teacher_to_causal_s623
formal_u2_family_109_r01_s00,formal_u2_family_109_r01,u2_family_109,test,0,2,3,0.8873377442359924,0.5068793296813965,0.6666666666666666,True,0,offline_teacher_to_causal_s623
formal_u2_family_109_r01_s01,formal_u2_family_109_r01,u2_family_109,test,3,5,3,0.491624116897583,0.9333811402320862,0.6666666666666666,True,0,offline_teacher_to_causal_s623
formal_u2_family_109_r01_s02,formal_u2_family_109_r01,u2_family_109,test,6,16,11,0.3343590795993805,0.5103021264076233,0.5454545454545454,True,0,offline_teacher_to_causal_s623
formal_u2_family_109_r01_s03,formal_u2_family_109_r01,u2_family_109,test,17,22,6,0.6509461998939514,0.9845603704452515,0.8333333333333334,True,0,offline_teacher_to_causal_s623
formal_u2_family_109_r01_s04,formal_u2_family_109_r01,u2_family_109,test,23,24,2,0.5806352496147156,0.5566000938415527,1.0,True,0,offline_teacher_to_causal_s623
formal_u2_family_109_r02_s00,formal_u2_family_109_r02,u2_family_109,test,0,2,3,0.3491063714027405,0.6804269552230835,0.3333333333333333,True,0,offline_teacher_to_causal_s623
formal_u2_family_109_r02_s01,formal_u2_family_109_r02,u2_family_109,test,3,5,3,0.501808226108551,0.9655429124832153,0.3333333333333333,True,1,offline_teacher_to_causal_s623
formal_u2_family_109_r02_s02,formal_u2_family_109_r02,u2_family_109,test,6,8,3,0.7974094748497009,0.628264844417572,0.3333333333333333,False,0,offline_teacher_to_causal_s623
formal_u2_family_109_r02_s03,formal_u2_family_109_r02,u2_family_109,test,9,11,3,0.6057769060134888,0.601246178150177,1.0,False,0,offline_teacher_to_causal_s623
formal_u2_family_109_r02_s04,formal_u2_family_109_r02,u2_family_109,test,12,14,3,0.5819383859634399,0.6110614538192749,1.0,False,0,offline_teacher_to_causal_s623
formal_u2_family_109_r02_s05,formal_u2_family_109_r02,u2_family_109,test,15,17,3,0.6143180727958679,0.6083418130874634,1.0,False,0,offline_teacher_to_causal_s623
formal_u2_family_109_r02_s06,formal_u2_family_109_r02,u2_family_109,test,18,20,3,0.6516650319099426,0.5571537613868713,1.0,False,0,offline_teacher_to_causal_s623
formal_u2_family_109_r02_s07,formal_u2_family_109_r02,u2_family_109,test,21,23,3,0.592003583908081,0.6254547834396362,1.0,False,0,offline_teacher_to_causal_s623
formal_u2_family_109_r02_s08,formal_u2_family_109_r02,u2_family_109,test,24,26,3,0.5903170108795166,0.5820640325546265,1.0,False,0,offline_teacher_to_causal_s623
formal_u2_family_109_r02_s09,formal_u2_family_109_r02,u2_family_109,test,27,29,3,0.5399727821350098,0.5581356883049011,1.0,False,0,offline_teacher_to_causal_s623
formal_u2_family_109_r02_s10,formal_u2_family_109_r02,u2_family_109,test,30,32,3,0.5389732122421265,0.6054861545562744,1.0,False,0,offline_teacher_to_causal_s623
formal_u2_family_109_r02_s11,formal_u2_family_109_r02,u2_family_109,test,33,35,3,0.5727696418762207,0.529024064540863,0.6666666666666666,False,0,offline_teacher_to_causal_s623
formal_u2_family_109_r02_s12,formal_u2_family_109_r02,u2_family_109,test,36,38,3,0.5026951432228088,0.6504652500152588,0.6666666666666666,False,0,offline_teacher_to_causal_s623
formal_u2_family_109_r02_s13,formal_u2_family_109_r02,u2_family_109,test,39,43,5,0.5685872435569763,0.5589903593063354,1.0,False,0,offline_teacher_to_causal_s623
formal_u2_family_109_r02_s14,formal_u2_family_109_r02,u2_family_109,test,44,46,3,0.5293720364570618,0.5047764182090759,1.0,False,0,offline_teacher_to_causal_s623
formal_u2_family_109_r02_s15,formal_u2_family_109_r02,u2_family_109,test,47,47,1,0.5386323928833008,0.5386323928833008,1.0,False,0,offline_teacher_to_causal_s623
formal_u2_family_109_r03_s00,formal_u2_family_109_r03,u2_family_109,test,0,2,3,0.34944310784339905,0.6812493205070496,0.3333333333333333,True,0,offline_teacher_to_causal_s623
formal_u2_family_109_r03_s01,formal_u2_family_109_r03,u2_family_109,test,3,5,3,0.4987359941005707,0.9657406806945801,0.3333333333333333,True,1,offline_teacher_to_causal_s623
formal_u2_family_109_r03_s02,formal_u2_family_109_r03,u2_family_109,test,6,9,4,0.9455613493919373,0.936494767665863,0.5,True,0,offline_teacher_to_causal_s623
formal_u2_family_109_r03_s03,formal_u2_family_109_r03,u2_family_109,test,10,18,9,0.3192048966884613,0.6299920082092285,0.7777777777777778,True,0,offline_teacher_to_causal_s623
formal_u2_family_109_r03_s04,formal_u2_family_109_r03,u2_family_109,test,19,21,3,0.49524644017219543,0.5118097066879272,1.0,True,0,offline_teacher_to_causal_s623
formal_u2_family_109_r03_s05,formal_u2_family_109_r03,u2_family_109,test,22,24,3,0.9883040189743042,0.5908125042915344,0.6666666666666666,True,0,offline_teacher_to_causal_s623
formal_u2_family_109_r04_s00,formal_u2_family_109_r04,u2_family_109,test,0,2,3,0.3466816246509552,0.6810531616210938,0.3333333333333333,True,0,offline_teacher_to_causal_s623
formal_u2_family_109_r04_s01,formal_u2_family_109_r04,u2_family_109,test,3,6,4,0.5015844106674194,0.9331194162368774,0.75,True,0,offline_teacher_to_causal_s623
formal_u2_family_109_r04_s02,formal_u2_family_109_r04,u2_family_109,test,7,17,11,0.3179703950881958,0.5035942196846008,0.2727272727272727,True,0,offline_teacher_to_causal_s623
formal_u2_family_109_r04_s03,formal_u2_family_109_r04,u2_family_109,test,18,20,3,0.5002174973487854,0.6522932052612305,1.0,True,0,offline_teacher_to_causal_s623
formal_u2_family_109_r04_s04,formal_u2_family_109_r04,u2_family_109,test,21,24,4,0.4995195269584656,0.9859011769294739,0.75,True,0,offline_teacher_to_causal_s623
formal_u2_family_109_r04_s05,formal_u2_family_109_r04,u2_family_109,test,25,26,2,0.5821207165718079,0.5873952507972717,1.0,True,0,offline_teacher_to_causal_s623
formal_u2_family_109_r05_s00,formal_u2_family_109_r05,u2_family_109,test,0,2,3,0.34691375494003296,0.6817765831947327,0.3333333333333333,True,0,offline_teacher_to_causal_s623
formal_u2_family_109_r05_s01,formal_u2_family_109_r05,u2_family_109,test,3,6,4,0.4951772689819336,0.932290256023407,0.75,True,0,offline_teacher_to_causal_s623
formal_u2_family_109_r05_s02,formal_u2_family_109_r05,u2_family_109,test,7,16,10,0.3124559223651886,0.5000713467597961,0.4,True,0,offline_teacher_to_causal_s623
formal_u2_family_109_r05_s03,formal_u2_family_109_r05,u2_family_109,test,17,19,3,0.49167367815971375,0.6543776392936707,1.0,True,0,offline_teacher_to_causal_s623
formal_u2_family_109_r05_s04,formal_u2_family_109_r05,u2_family_109,test,20,24,5,0.5011164546012878,0.9850047826766968,0.8,True,0,offline_teacher_to_causal_s623
formal_u2_family_109_r05_s05,formal_u2_family_109_r05,u2_family_109,test,25,26,2,0.5836476683616638,0.5955187082290649,1.0,True,0,offline_teacher_to_causal_s623
formal_u2_family_110_r00_s00,formal_u2_family_110_r00,u2_family_110,test,0,2,3,0.3496112823486328,0.679797887802124,0.3333333333333333,True,0,offline_teacher_to_causal_s623
formal_u2_family_110_r00_s01,formal_u2_family_110_r00,u2_family_110,test,3,5,3,0.4964343011379242,0.9269742369651794,0.6666666666666666,True,1,offline_teacher_to_causal_s623
formal_u2_family_110_r00_s02,formal_u2_family_110_r00,u2_family_110,test,6,8,3,0.9710874557495117,0.6254003643989563,0.0,True,0,offline_teacher_to_causal_s623
formal_u2_family_110_r00_s03,formal_u2_family_110_r00,u2_family_110,test,9,18,10,0.5085132122039795,0.6554459929466248,0.7,True,0,offline_teacher_to_causal_s623
formal_u2_family_110_r00_s04,formal_u2_family_110_r00,u2_family_110,test,19,21,3,0.5062241554260254,0.5102430582046509,1.0,True,0,offline_teacher_to_causal_s623
formal_u2_family_110_r00_s05,formal_u2_family_110_r00,u2_family_110,test,22,24,3,0.9870815873146057,0.5758097767829895,0.6666666666666666,True,0,offline_teacher_to_causal_s623
formal_u2_family_110_r01_s00,formal_u2_family_110_r01,u2_family_110,test,0,2,3,0.348998486995697,0.6794247031211853,0.3333333333333333,True,0,offline_teacher_to_causal_s623
formal_u2_family_110_r01_s01,formal_u2_family_110_r01,u2_family_110,test,3,5,3,0.49896106123924255,0.9281913042068481,0.6666666666666666,True,1,offline_teacher_to_causal_s623
formal_u2_family_110_r01_s02,formal_u2_family_110_r01,u2_family_110,test,6,8,3,0.9708284139633179,0.7220615744590759,0.3333333333333333,True,0,offline_teacher_to_causal_s623
formal_u2_family_110_r01_s03,formal_u2_family_110_r01,u2_family_110,test,9,20,12,0.900429368019104,0.5029705762863159,0.25,True,0,offline_teacher_to_causal_s623
formal_u2_family_110_r01_s04,formal_u2_family_110_r01,u2_family_110,test,21,23,3,0.5004288554191589,0.6525958776473999,1.0,True,0,offline_teacher_to_causal_s623
formal_u2_family_110_r01_s05,formal_u2_family_110_r01,u2_family_110,test,24,28,5,0.49927374720573425,0.9840302467346191,0.8,True,0,offline_teacher_to_causal_s623
formal_u2_family_110_r01_s06,formal_u2_family_110_r01,u2_family_110,test,29,30,2,0.5827266573905945,0.5621638894081116,1.0,True,0,offline_teacher_to_causal_s623
formal_u2_family_110_r02_s00,formal_u2_family_110_r02,u2_family_110,test,0,2,3,0.3459737002849579,0.6806229948997498,0.3333333333333333,True,0,offline_teacher_to_causal_s623
formal_u2_family_110_r02_s01,formal_u2_family_110_r02,u2_family_110,test,3,5,3,0.5001589059829712,0.9279345273971558,0.6666666666666666,True,1,offline_teacher_to_causal_s623
formal_u2_family_110_r02_s02,formal_u2_family_110_r02,u2_family_110,test,6,8,3,0.9614433646202087,0.5921761989593506,0.0,True,0,offline_teacher_to_causal_s623
formal_u2_family_110_r02_s03,formal_u2_family_110_r02,u2_family_110,test,9,19,11,0.521156370639801,0.5058541297912598,0.45454545454545453,True,0,offline_teacher_to_causal_s623
formal_u2_family_110_r02_s04,formal_u2_family_110_r02,u2_family_110,test,20,22,3,0.49955710768699646,0.6529138088226318,1.0,True,0,offline_teacher_to_causal_s623
formal_u2_family_110_r02_s05,formal_u2_family_110_r02,u2_family_110,test,23,26,4,0.5006002187728882,0.5018013715744019,1.0,True,0,offline_teacher_to_causal_s623
formal_u2_family_110_r02_s06,formal_u2_family_110_r02,u2_family_110,test,27,29,3,0.9862639904022217,0.5696125626564026,0.6666666666666666,True,0,offline_teacher_to_causal_s623
formal_u2_family_110_r03_s00,formal_u2_family_110_r03,u2_family_110,test,0,2,3,0.3466896116733551,0.6793238520622253,0.3333333333333333,True,0,offline_teacher_to_causal_s623
formal_u2_family_110_r03_s01,formal_u2_family_110_r03,u2_family_110,test,3,5,3,0.49830713868141174,0.927541971206665,0.6666666666666666,True,1,offline_teacher_to_causal_s623
formal_u2_family_110_r03_s02,formal_u2_family_110_r03,u2_family_110,test,6,8,3,0.9709129333496094,0.7206019759178162,0.3333333333333333,True,0,offline_teacher_to_causal_s623
formal_u2_family_110_r03_s03,formal_u2_family_110_r03,u2_family_110,test,9,20,12,0.8977548480033875,0.5088037252426147,0.5,True,0,offline_teacher_to_causal_s623
formal_u2_family_110_r03_s04,formal_u2_family_110_r03,u2_family_110,test,21,23,3,0.6522955298423767,0.5051938891410828,1.0,True,0,offline_teacher_to_causal_s623
formal_u2_family_110_r03_s05,formal_u2_family_110_r03,u2_family_110,test,24,26,3,0.49487870931625366,0.5855256915092468,0.6666666666666666,True,0,offline_teacher_to_causal_s623
formal_u2_family_110_r03_s06,formal_u2_family_110_r03,u2_family_110,test,27,27,1,0.5631042718887329,0.5631042718887329,1.0,True,0,offline_teacher_to_causal_s623
formal_u2_family_110_r04_s00,formal_u2_family_110_r04,u2_family_110,test,0,2,3,0.3477645516395569,0.6805716753005981,0.3333333333333333,True,0,offline_teacher_to_causal_s623
formal_u2_family_110_r04_s01,formal_u2_family_110_r04,u2_family_110,test,3,5,3,0.49950161576271057,0.9280354380607605,0.6666666666666666,True,1,offline_teacher_to_causal_s623
formal_u2_family_110_r04_s02,formal_u2_family_110_r04,u2_family_110,test,6,8,3,0.9606226086616516,0.5975805521011353,0.0,True,0,offline_teacher_to_causal_s623
formal_u2_family_110_r04_s03,formal_u2_family_110_r04,u2_family_110,test,9,19,11,0.5215461850166321,0.5046365261077881,0.5454545454545454,True,0,offline_teacher_to_causal_s623
formal_u2_family_110_r04_s04,formal_u2_family_110_r04,u2_family_110,test,20,22,3,0.49884361028671265,0.6583812236785889,1.0,True,0,offline_teacher_to_causal_s623
formal_u2_family_110_r04_s05,formal_u2_family_110_r04,u2_family_110,test,23,26,4,0.501083493232727,0.985949695110321,0.75,True,0,offline_teacher_to_causal_s623
formal_u2_family_110_r04_s06,formal_u2_family_110_r04,u2_family_110,test,27,28,2,0.5838091969490051,0.5749033689498901,1.0,True,0,offline_teacher_to_causal_s623
formal_u2_family_110_r05_s00,formal_u2_family_110_r05,u2_family_110,test,0,2,3,0.34883853793144226,0.6820803880691528,0.3333333333333333,True,0,offline_teacher_to_causal_s623
formal_u2_family_110_r05_s01,formal_u2_family_110_r05,u2_family_110,test,3,5,3,0.4991847574710846,0.9279158711433411,0.6666666666666666,True,1,offline_teacher_to_causal_s623
formal_u2_family_110_r05_s02,formal_u2_family_110_r05,u2_family_110,test,6,8,3,0.9711345434188843,0.7205221056938171,0.3333333333333333,True,0,offline_teacher_to_causal_s623
formal_u2_family_110_r05_s03,formal_u2_family_110_r05,u2_family_110,test,9,19,11,0.902230978012085,0.5004218816757202,0.36363636363636365,True,0,offline_teacher_to_causal_s623
formal_u2_family_110_r05_s04,formal_u2_family_110_r05,u2_family_110,test,20,22,3,0.49476417899131775,0.6520759463310242,1.0,True,0,offline_teacher_to_causal_s623
formal_u2_family_110_r05_s05,formal_u2_family_110_r05,u2_family_110,test,23,26,4,0.49797794222831726,0.5008091926574707,1.0,True,0,offline_teacher_to_causal_s623
formal_u2_family_110_r05_s06,formal_u2_family_110_r05,u2_family_110,test,27,29,3,0.9858646392822266,0.5093841552734375,0.6666666666666666,True,0,offline_teacher_to_causal_s623
formal_u2_family_111_r00_s00,formal_u2_family_111_r00,u2_family_111,test,0,2,3,0.35081058740615845,0.6767697930335999,0.3333333333333333,True,0,offline_teacher_to_causal_s623
formal_u2_family_111_r00_s01,formal_u2_family_111_r00,u2_family_111,test,3,6,4,0.4935919940471649,0.9321702122688293,0.75,True,0,offline_teacher_to_causal_s623
formal_u2_family_111_r00_s02,formal_u2_family_111_r00,u2_family_111,test,7,16,10,0.30580198764801025,0.5019629001617432,0.4,True,0,offline_teacher_to_causal_s623
formal_u2_family_111_r00_s03,formal_u2_family_111_r00,u2_family_111,test,17,19,3,0.49683335423469543,0.647400975227356,1.0,True,0,offline_teacher_to_causal_s623
formal_u2_family_111_r00_s04,formal_u2_family_111_r00,u2_family_111,test,20,23,4,0.4999743700027466,0.9871180057525635,0.75,True,0,offline_teacher_to_causal_s623
formal_u2_family_111_r00_s05,formal_u2_family_111_r00,u2_family_111,test,24,25,2,0.575294554233551,0.597758412361145,1.0,True,0,offline_teacher_to_causal_s623
formal_u2_family_111_r01_s00,formal_u2_family_111_r01,u2_family_111,test,0,2,3,0.3494504690170288,0.6769596934318542,0.3333333333333333,True,0,offline_teacher_to_causal_s623
formal_u2_family_111_r01_s01,formal_u2_family_111_r01,u2_family_111,test,3,6,4,0.4982411861419678,0.5039775967597961,1.0,True,0,offline_teacher_to_causal_s623
formal_u2_family_111_r01_s02,formal_u2_family_111_r01,u2_family_111,test,7,17,11,0.9273580312728882,0.5084729194641113,0.45454545454545453,True,0,offline_teacher_to_causal_s623
formal_u2_family_111_r01_s03,formal_u2_family_111_r01,u2_family_111,test,18,24,7,0.6520187258720398,0.983157217502594,0.8571428571428571,True,0,offline_teacher_to_causal_s623
formal_u2_family_111_r01_s04,formal_u2_family_111_r01,u2_family_111,test,25,26,2,0.5773817300796509,0.5221331715583801,1.0,True,0,offline_teacher_to_causal_s623
formal_u2_family_111_r02_s00,formal_u2_family_111_r02,u2_family_111,test,0,2,3,0.35137873888015747,0.6785876750946045,0.3333333333333333,True,0,offline_teacher_to_causal_s623
formal_u2_family_111_r02_s01,formal_u2_family_111_r02,u2_family_111,test,3,6,4,0.5024610161781311,0.505682647228241,1.0,True,0,offline_teacher_to_causal_s623
formal_u2_family_111_r02_s02,formal_u2_family_111_r02,u2_family_111,test,7,17,11,0.9263718128204346,0.5035578608512878,0.2727272727272727,True,0,offline_teacher_to_causal_s623
formal_u2_family_111_r02_s03,formal_u2_family_111_r02,u2_family_111,test,18,20,3,0.49878963828086853,0.6505795121192932,1.0,True,0,offline_teacher_to_causal_s623
formal_u2_family_111_r02_s04,formal_u2_family_111_r02,u2_family_111,test,21,25,5,0.49807411432266235,0.9835145473480225,0.8,True,0,offline_teacher_to_causal_s623
formal_u2_family_111_r02_s05,formal_u2_family_111_r02,u2_family_111,test,26,27,2,0.5825989246368408,0.5374582409858704,1.0,True,0,offline_teacher_to_causal_s623
formal_u2_family_111_r03_s00,formal_u2_family_111_r03,u2_family_111,test,0,2,3,0.34935715794563293,0.6802611947059631,0.3333333333333333,True,0,offline_teacher_to_causal_s623
formal_u2_family_111_r03_s01,formal_u2_family_111_r03,u2_family_111,test,3,5,3,0.49875059723854065,0.936598002910614,0.6666666666666666,True,0,offline_teacher_to_causal_s623
formal_u2_family_111_r03_s02,formal_u2_family_111_r03,u2_family_111,test,6,16,11,0.34598034620285034,0.5032007694244385,0.36363636363636365,True,0,offline_teacher_to_causal_s623
formal_u2_family_111_r03_s03,formal_u2_family_111_r03,u2_family_111,test,17,19,3,0.5032415390014648,0.5053128004074097,1.0,True,0,offline_teacher_to_causal_s623
formal_u2_family_111_r03_s04,formal_u2_family_111_r03,u2_family_111,test,20,22,3,0.5031382441520691,0.5074173808097839,1.0,True,0,offline_teacher_to_causal_s623
formal_u2_family_111_r03_s05,formal_u2_family_111_r03,u2_family_111,test,23,25,3,0.9864962697029114,0.5919349789619446,0.6666666666666666,True,0,offline_teacher_to_causal_s623
formal_u2_family_111_r04_s00,formal_u2_family_111_r04,u2_family_111,test,0,2,3,0.3499298691749573,0.6753495335578918,0.3333333333333333,True,0,offline_teacher_to_causal_s623
formal_u2_family_111_r04_s01,formal_u2_family_111_r04,u2_family_111,test,3,6,4,0.49856626987457275,0.9323550462722778,0.75,True,0,offline_teacher_to_causal_s623
formal_u2_family_111_r04_s02,formal_u2_family_111_r04,u2_family_111,test,7,17,11,0.3112873435020447,0.5091588497161865,0.5454545454545454,True,0,offline_teacher_to_causal_s623
formal_u2_family_111_r04_s03,formal_u2_family_111_r04,u2_family_111,test,18,20,3,0.6503183245658875,0.5063791871070862,1.0,True,0,offline_teacher_to_causal_s623
formal_u2_family_111_r04_s04,formal_u2_family_111_r04,u2_family_111,test,21,23,3,0.4990069270133972,0.5856295228004456,0.6666666666666666,True,0,offline_teacher_to_causal_s623
formal_u2_family_111_r04_s05,formal_u2_family_111_r04,u2_family_111,test,24,24,1,0.538939356803894,0.538939356803894,1.0,True,0,offline_teacher_to_causal_s623
formal_u2_family_111_r05_s00,formal_u2_family_111_r05,u2_family_111,test,0,2,3,0.34663206338882446,0.6815699934959412,0.3333333333333333,True,0,offline_teacher_to_causal_s623
formal_u2_family_111_r05_s01,formal_u2_family_111_r05,u2_family_111,test,3,6,4,0.502717912197113,0.9301490783691406,0.75,True,0,offline_teacher_to_causal_s623
formal_u2_family_111_r05_s02,formal_u2_family_111_r05,u2_family_111,test,7,15,9,0.31648746132850647,0.522188127040863,0.6666666666666666,True,0,offline_teacher_to_causal_s623
formal_u2_family_111_r05_s03,formal_u2_family_111_r05,u2_family_111,test,16,21,6,0.6430843472480774,0.9848783612251282,0.8333333333333334,True,0,offline_teacher_to_causal_s623
formal_u2_family_111_r05_s04,formal_u2_family_111_r05,u2_family_111,test,22,23,2,0.5831801295280457,0.5557166337966919,1.0,True,0,offline_teacher_to_causal_s623
formal_u2_family_112_r00_s00,formal_u2_family_112_r00,u2_family_112,test,0,2,3,0.3468565344810486,0.6797411441802979,0.3333333333333333,True,0,offline_teacher_to_causal_s623
formal_u2_family_112_r00_s01,formal_u2_family_112_r00,u2_family_112,test,3,6,4,0.49716514348983765,0.9284022450447083,0.75,True,0,offline_teacher_to_causal_s623
formal_u2_family_112_r01_s00,formal_u2_family_112_r01,u2_family_112,test,0,2,3,0.3493098020553589,0.6751090884208679,0.3333333333333333,True,0,offline_teacher_to_causal_s623
formal_u2_family_112_r01_s01,formal_u2_family_112_r01,u2_family_112,test,3,6,4,0.49795058369636536,0.9284258484840393,0.75,True,0,offline_teacher_to_causal_s623
formal_u2_family_112_r02_s00,formal_u2_family_112_r02,u2_family_112,test,0,2,3,0.35289376974105835,0.6772510409355164,0.3333333333333333,True,0,offline_teacher_to_causal_s623
formal_u2_family_112_r02_s01,formal_u2_family_112_r02,u2_family_112,test,3,6,4,0.4985438883304596,0.9299253225326538,0.75,True,0,offline_teacher_to_causal_s623
formal_u2_family_112_r03_s00,formal_u2_family_112_r03,u2_family_112,test,0,2,3,0.352374404668808,0.6776348948478699,0.3333333333333333,True,0,offline_teacher_to_causal_s623
formal_u2_family_112_r03_s01,formal_u2_family_112_r03,u2_family_112,test,3,6,4,0.5001919269561768,0.9290567636489868,0.75,True,0,offline_teacher_to_causal_s623
formal_u2_family_112_r04_s00,formal_u2_family_112_r04,u2_family_112,test,0,2,3,0.34860584139823914,0.6789542436599731,0.3333333333333333,True,0,offline_teacher_to_causal_s623
formal_u2_family_112_r04_s01,formal_u2_family_112_r04,u2_family_112,test,3,6,4,0.5005848407745361,0.9302812218666077,0.75,True,0,offline_teacher_to_causal_s623
formal_u2_family_112_r05_s00,formal_u2_family_112_r05,u2_family_112,test,0,2,3,0.34982678294181824,0.6775482296943665,0.3333333333333333,True,0,offline_teacher_to_causal_s623
formal_u2_family_112_r05_s01,formal_u2_family_112_r05,u2_family_112,test,3,6,4,0.5018655061721802,0.9277742505073547,0.75,True,0,offline_teacher_to_causal_s623
formal_u2_family_113_r00_s00,formal_u2_family_113_r00,u2_family_113,test,0,8,9,0.27163636684417725,0.9723518490791321,0.0,True,0,offline_teacher_to_causal_s623
formal_u2_family_113_r00_s01,formal_u2_family_113_r00,u2_family_113,test,9,13,5,0.6260455846786499,0.9341781735420227,0.8,True,0,offline_teacher_to_causal_s623
formal_u2_family_113_r00_s02,formal_u2_family_113_r00,u2_family_113,test,14,23,10,0.3111761510372162,0.6523330807685852,0.6,True,0,offline_teacher_to_causal_s623
formal_u2_family_113_r00_s03,formal_u2_family_113_r00,u2_family_113,test,24,26,3,0.5032740831375122,0.5009327530860901,1.0,True,0,offline_teacher_to_causal_s623
formal_u2_family_113_r00_s04,formal_u2_family_113_r00,u2_family_113,test,27,29,3,0.9869483709335327,0.5652275681495667,0.6666666666666666,True,0,offline_teacher_to_causal_s623
formal_u2_family_113_r01_s00,formal_u2_family_113_r01,u2_family_113,test,0,7,8,0.27276238799095154,0.5016853213310242,0.0,False,0,offline_teacher_to_causal_s623
formal_u2_family_113_r01_s01,formal_u2_family_113_r01,u2_family_113,test,8,10,3,0.9741601347923279,0.5123719573020935,0.6666666666666666,True,0,offline_teacher_to_causal_s623
formal_u2_family_113_r01_s02,formal_u2_family_113_r01,u2_family_113,test,11,13,3,0.49782976508140564,0.93259197473526,0.6666666666666666,True,0,offline_teacher_to_causal_s623
formal_u2_family_113_r01_s03,formal_u2_family_113_r01,u2_family_113,test,14,24,11,0.31780076026916504,0.5026032328605652,0.36363636363636365,True,0,offline_teacher_to_causal_s623
formal_u2_family_113_r01_s04,formal_u2_family_113_r01,u2_family_113,test,25,27,3,0.5007121562957764,0.6552128791809082,1.0,True,0,offline_teacher_to_causal_s623
formal_u2_family_113_r01_s05,formal_u2_family_113_r01,u2_family_113,test,28,32,5,0.49929219484329224,0.9850205183029175,0.8,True,0,offline_teacher_to_causal_s623
formal_u2_family_113_r01_s06,formal_u2_family_113_r01,u2_family_113,test,33,34,2,0.5875809788703918,0.5677000284194946,1.0,True,0,offline_teacher_to_causal_s623
formal_u2_family_113_r02_s00,formal_u2_family_113_r02,u2_family_113,test,0,8,9,0.27242937684059143,0.9736641049385071,0.0,True,0,offline_teacher_to_causal_s623
formal_u2_family_113_r02_s01,formal_u2_family_113_r02,u2_family_113,test,9,13,5,0.6327183842658997,0.9339751601219177,0.8,True,0,offline_teacher_to_causal_s623
formal_u2_family_113_r02_s02,formal_u2_family_113_r02,u2_family_113,test,14,23,10,0.3172753155231476,0.5033109188079834,0.4,True,0,offline_teacher_to_causal_s623
formal_u2_family_113_r02_s03,formal_u2_family_113_r02,u2_family_113,test,24,26,3,0.5007749795913696,0.6563739776611328,1.0,True,0,offline_teacher_to_causal_s623
formal_u2_family_113_r02_s04,formal_u2_family_113_r02,u2_family_113,test,27,30,4,0.49977388978004456,0.5004757642745972,1.0,True,0,offline_teacher_to_causal_s623
formal_u2_family_113_r02_s05,formal_u2_family_113_r02,u2_family_113,test,31,33,3,0.9834412336349487,0.550950288772583,0.6666666666666666,True,0,offline_teacher_to_causal_s623
formal_u2_family_113_r03_s00,formal_u2_family_113_r03,u2_family_113,test,0,7,8,0.2735653221607208,0.5017531514167786,0.0,False,0,offline_teacher_to_causal_s623
formal_u2_family_113_r03_s01,formal_u2_family_113_r03,u2_family_113,test,8,10,3,0.9739677309989929,0.5092174410820007,0.6666666666666666,True,0,offline_teacher_to_causal_s623
formal_u2_family_113_r03_s02,formal_u2_family_113_r03,u2_family_113,test,11,13,3,0.4974929094314575,0.93282151222229,0.6666666666666666,True,0,offline_teacher_to_causal_s623
formal_u2_family_113_r03_s03,formal_u2_family_113_r03,u2_family_113,test,14,23,10,0.3150123357772827,0.5022838115692139,0.4,True,0,offline_teacher_to_causal_s623
formal_u2_family_113_r03_s04,formal_u2_family_113_r03,u2_family_113,test,24,26,3,0.4989205598831177,0.6544449925422668,1.0,True,0,offline_teacher_to_causal_s623
formal_u2_family_113_r03_s05,formal_u2_family_113_r03,u2_family_113,test,27,32,6,0.4988516867160797,0.9834331274032593,0.8333333333333334,True,0,offline_teacher_to_causal_s623
formal_u2_family_113_r03_s06,formal_u2_family_113_r03,u2_family_113,test,33,34,2,0.5877565145492554,0.6014431715011597,1.0,True,0,offline_teacher_to_causal_s623
formal_u2_family_113_r04_s00,formal_u2_family_113_r04,u2_family_113,test,0,8,9,0.2738739252090454,0.9738963842391968,0.0,True,0,offline_teacher_to_causal_s623
formal_u2_family_113_r04_s01,formal_u2_family_113_r04,u2_family_113,test,9,13,5,0.6305148005485535,0.933250904083252,0.8,True,0,offline_teacher_to_causal_s623
formal_u2_family_113_r04_s02,formal_u2_family_113_r04,u2_family_113,test,14,23,10,0.3100212812423706,0.5098074078559875,0.6,True,0,offline_teacher_to_causal_s623
formal_u2_family_113_r04_s03,formal_u2_family_113_r04,u2_family_113,test,24,26,3,0.6523335576057434,0.505277156829834,1.0,True,0,offline_teacher_to_causal_s623
formal_u2_family_113_r04_s04,formal_u2_family_113_r04,u2_family_113,test,27,29,3,0.49443209171295166,0.9851506352424622,0.6666666666666666,True,0,offline_teacher_to_causal_s623
formal_u2_family_113_r04_s05,formal_u2_family_113_r04,u2_family_113,test,30,31,2,0.5834195613861084,0.5406338572502136,1.0,True,0,offline_teacher_to_causal_s623
formal_u2_family_113_r05_s00,formal_u2_family_113_r05,u2_family_113,test,0,8,9,0.27267101407051086,0.9740503430366516,0.0,True,0,offline_teacher_to_causal_s623
formal_u2_family_113_r05_s01,formal_u2_family_113_r05,u2_family_113,test,9,11,3,0.6350706815719604,0.5022971034049988,1.0,True,0,offline_teacher_to_causal_s623
formal_u2_family_113_r05_s02,formal_u2_family_113_r05,u2_family_113,test,12,23,12,0.4929578900337219,0.5033040046691895,0.4166666666666667,True,0,offline_teacher_to_causal_s623
formal_u2_family_113_r05_s03,formal_u2_family_113_r05,u2_family_113,test,24,26,3,0.5000883936882019,0.6552973389625549,1.0,True,0,offline_teacher_to_causal_s623
formal_u2_family_113_r05_s04,formal_u2_family_113_r05,u2_family_113,test,27,31,5,0.501118004322052,0.9850185513496399,0.8,True,0,offline_teacher_to_causal_s623
formal_u2_family_113_r05_s05,formal_u2_family_113_r05,u2_family_113,test,32,33,2,0.5878140330314636,0.4993217885494232,1.0,True,0,offline_teacher_to_causal_s623
formal_u2_family_114_r00_s00,formal_u2_family_114_r00,u2_family_114,test,0,2,3,0.3220280110836029,0.6693906784057617,0.3333333333333333,True,0,offline_teacher_to_causal_s623
formal_u2_family_114_r00_s01,formal_u2_family_114_r00,u2_family_114,test,3,12,10,0.709784984588623,0.6487299203872681,1.0,True,0,offline_teacher_to_causal_s623
formal_u2_family_114_r00_s02,formal_u2_family_114_r00,u2_family_114,test,13,19,7,0.5581283569335938,0.9891579151153564,0.8571428571428571,True,0,offline_teacher_to_causal_s623
formal_u2_family_114_r00_s03,formal_u2_family_114_r00,u2_family_114,test,20,21,2,0.5785036087036133,0.5514782667160034,1.0,True,0,offline_teacher_to_causal_s623
formal_u2_family_114_r01_s00,formal_u2_family_114_r01,u2_family_114,test,0,2,3,0.32141682505607605,0.671667754650116,0.3333333333333333,True,0,offline_teacher_to_causal_s623
formal_u2_family_114_r01_s01,formal_u2_family_114_r01,u2_family_114,test,3,9,7,0.7087891101837158,0.5005441308021545,1.0,True,0,offline_teacher_to_causal_s623
formal_u2_family_114_r01_s02,formal_u2_family_114_r01,u2_family_114,test,10,14,5,0.5026165246963501,0.6262944340705872,1.0,True,0,offline_teacher_to_causal_s623
formal_u2_family_114_r01_s03,formal_u2_family_114_r01,u2_family_114,test,15,21,7,0.5626644492149353,0.9896794557571411,0.8571428571428571,True,0,offline_teacher_to_causal_s623
formal_u2_family_114_r01_s04,formal_u2_family_114_r01,u2_family_114,test,22,23,2,0.5902942419052124,0.5648629069328308,1.0,True,0,offline_teacher_to_causal_s623
formal_u2_family_114_r02_s00,formal_u2_family_114_r02,u2_family_114,test,0,2,3,0.321791410446167,0.6743009090423584,0.3333333333333333,True,0,offline_teacher_to_causal_s623
formal_u2_family_114_r02_s01,formal_u2_family_114_r02,u2_family_114,test,3,8,6,0.7055358290672302,0.5009298920631409,1.0,True,0,offline_teacher_to_causal_s623
formal_u2_family_114_r02_s02,formal_u2_family_114_r02,u2_family_114,test,9,20,12,0.5009194612503052,0.9891234040260315,0.9166666666666666,True,0,offline_teacher_to_causal_s623
formal_u2_family_114_r02_s03,formal_u2_family_114_r02,u2_family_114,test,21,22,2,0.570716381072998,0.5360302925109863,1.0,True,0,offline_teacher_to_causal_s623
formal_u2_family_114_r03_s00,formal_u2_family_114_r03,u2_family_114,test,0,2,3,0.3149417042732239,0.6732646226882935,0.3333333333333333,True,0,offline_teacher_to_causal_s623
formal_u2_family_114_r03_s01,formal_u2_family_114_r03,u2_family_114,test,3,11,9,0.7115164995193481,0.651370644569397,1.0,True,0,offline_teacher_to_causal_s623
formal_u2_family_114_r03_s02,formal_u2_family_114_r03,u2_family_114,test,12,23,12,0.5077890157699585,0.9891185760498047,0.9166666666666666,True,0,offline_teacher_to_causal_s623
formal_u2_family_114_r03_s03,formal_u2_family_114_r03,u2_family_114,test,24,25,2,0.5815277099609375,0.5921850800514221,1.0,True,0,offline_teacher_to_causal_s623
formal_u2_family_114_r04_s00,formal_u2_family_114_r04,u2_family_114,test,0,2,3,0.32115060091018677,0.6745635271072388,0.3333333333333333,True,0,offline_teacher_to_causal_s623
formal_u2_family_114_r04_s01,formal_u2_family_114_r04,u2_family_114,test,3,8,6,0.709885835647583,0.5062865614891052,1.0,True,0,offline_teacher_to_causal_s623
formal_u2_family_114_r04_s02,formal_u2_family_114_r04,u2_family_114,test,9,12,4,0.5047957897186279,0.630416750907898,1.0,True,0,offline_teacher_to_causal_s623
formal_u2_family_114_r04_s03,formal_u2_family_114_r04,u2_family_114,test,13,22,10,0.5147722363471985,0.9902938604354858,0.9,True,0,offline_teacher_to_causal_s623
formal_u2_family_114_r04_s04,formal_u2_family_114_r04,u2_family_114,test,23,24,2,0.6154951453208923,0.5732573866844177,1.0,True,0,offline_teacher_to_causal_s623
formal_u2_family_114_r05_s00,formal_u2_family_114_r05,u2_family_114,test,0,2,3,0.8767181634902954,0.7057714462280273,0.6666666666666666,True,0,offline_teacher_to_causal_s623
formal_u2_family_114_r05_s01,formal_u2_family_114_r05,u2_family_114,test,3,11,9,0.5274982452392578,0.6476214528083801,1.0,True,0,offline_teacher_to_causal_s623
formal_u2_family_114_r05_s02,formal_u2_family_114_r05,u2_family_114,test,12,21,10,0.5075219869613647,0.9891217350959778,0.9,True,0,offline_teacher_to_causal_s623
formal_u2_family_114_r05_s03,formal_u2_family_114_r05,u2_family_114,test,22,23,2,0.5815407037734985,0.5492108464241028,1.0,True,0,offline_teacher_to_causal_s623
formal_u2_family_115_r00_s00,formal_u2_family_115_r00,u2_family_115,test,0,2,3,0.32043012976646423,0.6719042658805847,0.3333333333333333,True,0,offline_teacher_to_causal_s623
formal_u2_family_115_r00_s01,formal_u2_family_115_r00,u2_family_115,test,3,12,10,0.7102908492088318,0.6580870747566223,1.0,True,0,offline_teacher_to_causal_s623
formal_u2_family_115_r00_s02,formal_u2_family_115_r00,u2_family_115,test,13,22,10,0.5057129859924316,0.9893355965614319,0.9,True,0,offline_teacher_to_causal_s623
formal_u2_family_115_r00_s03,formal_u2_family_115_r00,u2_family_115,test,23,24,2,0.5842722654342651,0.5898192524909973,1.0,True,0,offline_teacher_to_causal_s623
formal_u2_family_115_r01_s00,formal_u2_family_115_r01,u2_family_115,test,0,2,3,0.32019996643066406,0.6706740260124207,0.3333333333333333,True,0,offline_teacher_to_causal_s623
formal_u2_family_115_r01_s01,formal_u2_family_115_r01,u2_family_115,test,3,5,3,0.7079260945320129,0.9618832468986511,0.3333333333333333,True,1,offline_teacher_to_causal_s623
formal_u2_family_115_r01_s02,formal_u2_family_115_r01,u2_family_115,test,6,8,3,0.946999728679657,0.5000485777854919,0.6666666666666666,True,0,offline_teacher_to_causal_s623
formal_u2_family_115_r01_s03,formal_u2_family_115_r01,u2_family_115,test,9,23,15,0.49240559339523315,0.9883943796157837,0.9333333333333333,True,0,offline_teacher_to_causal_s623
formal_u2_family_115_r01_s04,formal_u2_family_115_r01,u2_family_115,test,24,25,2,0.5723294019699097,0.5450148582458496,1.0,True,0,offline_teacher_to_causal_s623
formal_u2_family_115_r02_s00,formal_u2_family_115_r02,u2_family_115,test,0,2,3,0.3177984654903412,0.6711474657058716,0.3333333333333333,True,0,offline_teacher_to_causal_s623
formal_u2_family_115_r02_s01,formal_u2_family_115_r02,u2_family_115,test,3,5,3,0.7125241160392761,0.9597336053848267,0.3333333333333333,True,1,offline_teacher_to_causal_s623
formal_u2_family_115_r02_s02,formal_u2_family_115_r02,u2_family_115,test,6,8,3,0.7229558825492859,0.5665106177330017,0.3333333333333333,False,0,offline_teacher_to_causal_s623
formal_u2_family_115_r02_s03,formal_u2_family_115_r02,u2_family_115,test,9,11,3,0.6596555709838867,0.639665961265564,1.0,False,0,offline_teacher_to_causal_s623
formal_u2_family_115_r02_s04,formal_u2_family_115_r02,u2_family_115,test,12,14,3,0.5780664682388306,0.5671477317810059,1.0,False,0,offline_teacher_to_causal_s623
formal_u2_family_115_r02_s05,formal_u2_family_115_r02,u2_family_115,test,15,17,3,0.6201492547988892,0.6397261619567871,1.0,False,0,offline_teacher_to_causal_s623
formal_u2_family_115_r02_s06,formal_u2_family_115_r02,u2_family_115,test,18,20,3,0.5594511032104492,0.6505361795425415,1.0,False,0,offline_teacher_to_causal_s623
formal_u2_family_115_r02_s07,formal_u2_family_115_r02,u2_family_115,test,21,23,3,0.6075888276100159,0.5922046303749084,1.0,False,0,offline_teacher_to_causal_s623
formal_u2_family_115_r02_s08,formal_u2_family_115_r02,u2_family_115,test,24,26,3,0.5630564093589783,0.6395907402038574,1.0,False,0,offline_teacher_to_causal_s623
formal_u2_family_115_r02_s09,formal_u2_family_115_r02,u2_family_115,test,27,29,3,0.5921227931976318,0.6028810739517212,1.0,False,0,offline_teacher_to_causal_s623
formal_u2_family_115_r02_s10,formal_u2_family_115_r02,u2_family_115,test,30,32,3,0.6476540565490723,0.5329437851905823,1.0,False,0,offline_teacher_to_causal_s623
formal_u2_family_115_r02_s11,formal_u2_family_115_r02,u2_family_115,test,33,35,3,0.6017110347747803,0.5890911221504211,1.0,False,0,offline_teacher_to_causal_s623
formal_u2_family_115_r02_s12,formal_u2_family_115_r02,u2_family_115,test,36,38,3,0.5194095373153687,0.636380672454834,1.0,False,0,offline_teacher_to_causal_s623
formal_u2_family_115_r02_s13,formal_u2_family_115_r02,u2_family_115,test,39,41,3,0.570079505443573,0.5901888608932495,1.0,False,0,offline_teacher_to_causal_s623
formal_u2_family_115_r02_s14,formal_u2_family_115_r02,u2_family_115,test,42,45,4,0.6178011894226074,0.592046320438385,1.0,False,0,offline_teacher_to_causal_s623
formal_u2_family_115_r02_s15,formal_u2_family_115_r02,u2_family_115,test,46,47,2,0.6135356426239014,0.5683820843696594,1.0,False,0,offline_teacher_to_causal_s623
formal_u2_family_115_r03_s00,formal_u2_family_115_r03,u2_family_115,test,0,2,3,0.3183198571205139,0.6724358797073364,0.3333333333333333,True,0,offline_teacher_to_causal_s623
formal_u2_family_115_r03_s01,formal_u2_family_115_r03,u2_family_115,test,3,8,6,0.7088267803192139,0.5024383068084717,1.0,True,0,offline_teacher_to_causal_s623
formal_u2_family_115_r03_s02,formal_u2_family_115_r03,u2_family_115,test,9,13,5,0.4993361830711365,0.6338570713996887,1.0,True,0,offline_teacher_to_causal_s623
formal_u2_family_115_r03_s03,formal_u2_family_115_r03,u2_family_115,test,14,22,9,0.5160614252090454,0.9889189600944519,0.8888888888888888,True,0,offline_teacher_to_causal_s623
formal_u2_family_115_r03_s04,formal_u2_family_115_r03,u2_family_115,test,23,24,2,0.5782108902931213,0.5411077737808228,1.0,True,0,offline_teacher_to_causal_s623
formal_u2_family_115_r04_s00,formal_u2_family_115_r04,u2_family_115,test,0,2,3,0.3192908465862274,0.6716344356536865,0.3333333333333333,True,0,offline_teacher_to_causal_s623
formal_u2_family_115_r04_s01,formal_u2_family_115_r04,u2_family_115,test,3,13,11,0.7111104130744934,0.651012659072876,1.0,True,0,offline_teacher_to_causal_s623
formal_u2_family_115_r04_s02,formal_u2_family_115_r04,u2_family_115,test,14,21,8,0.5660243630409241,0.9891484379768372,0.875,True,0,offline_teacher_to_causal_s623
formal_u2_family_115_r04_s03,formal_u2_family_115_r04,u2_family_115,test,22,23,2,0.5800450444221497,0.5501194596290588,1.0,True,0,offline_teacher_to_causal_s623
formal_u2_family_115_r05_s00,formal_u2_family_115_r05,u2_family_115,test,0,2,3,0.3178686499595642,0.6724421381950378,0.3333333333333333,True,0,offline_teacher_to_causal_s623
formal_u2_family_115_r05_s01,formal_u2_family_115_r05,u2_family_115,test,3,5,3,0.7063031196594238,0.960574209690094,0.3333333333333333,True,1,offline_teacher_to_causal_s623
formal_u2_family_115_r05_s02,formal_u2_family_115_r05,u2_family_115,test,6,8,3,0.7270646095275879,0.5838050246238708,0.3333333333333333,False,0,offline_teacher_to_causal_s623
formal_u2_family_115_r05_s03,formal_u2_family_115_r05,u2_family_115,test,9,11,3,0.631160318851471,0.6283619999885559,1.0,False,0,offline_teacher_to_causal_s623
formal_u2_family_115_r05_s04,formal_u2_family_115_r05,u2_family_115,test,12,14,3,0.6002101302146912,0.6068899035453796,1.0,False,0,offline_teacher_to_causal_s623
formal_u2_family_115_r05_s05,formal_u2_family_115_r05,u2_family_115,test,15,17,3,0.6105230450630188,0.5874136090278625,1.0,False,0,offline_teacher_to_causal_s623
formal_u2_family_115_r05_s06,formal_u2_family_115_r05,u2_family_115,test,18,20,3,0.5277324914932251,0.5545436143875122,1.0,False,0,offline_teacher_to_causal_s623
formal_u2_family_115_r05_s07,formal_u2_family_115_r05,u2_family_115,test,21,23,3,0.5545156002044678,0.5230132937431335,1.0,False,0,offline_teacher_to_causal_s623
formal_u2_family_115_r05_s08,formal_u2_family_115_r05,u2_family_115,test,24,26,3,0.5983932614326477,0.5796146988868713,1.0,False,0,offline_teacher_to_causal_s623
formal_u2_family_115_r05_s09,formal_u2_family_115_r05,u2_family_115,test,27,29,3,0.5513514280319214,0.6237640380859375,1.0,False,0,offline_teacher_to_causal_s623
formal_u2_family_115_r05_s10,formal_u2_family_115_r05,u2_family_115,test,30,32,3,0.5788663625717163,0.5875560641288757,1.0,False,0,offline_teacher_to_causal_s623
formal_u2_family_115_r05_s11,formal_u2_family_115_r05,u2_family_115,test,33,35,3,0.6186429858207703,0.5383768677711487,1.0,False,0,offline_teacher_to_causal_s623
formal_u2_family_115_r05_s12,formal_u2_family_115_r05,u2_family_115,test,36,38,3,0.5955517888069153,0.5803197026252747,1.0,False,0,offline_teacher_to_causal_s623
formal_u2_family_115_r05_s13,formal_u2_family_115_r05,u2_family_115,test,39,41,3,0.5202253460884094,0.6221312880516052,1.0,False,0,offline_teacher_to_causal_s623
formal_u2_family_115_r05_s14,formal_u2_family_115_r05,u2_family_115,test,42,44,3,0.5651317834854126,0.5914512276649475,1.0,False,0,offline_teacher_to_causal_s623
formal_u2_family_115_r05_s15,formal_u2_family_115_r05,u2_family_115,test,45,47,3,0.6249130368232727,0.5177785754203796,1.0,False,0,offline_teacher_to_causal_s623
formal_u2_family_116_r00_s00,formal_u2_family_116_r00,u2_family_116,test,0,2,3,0.31966540217399597,0.6735243201255798,0.3333333333333333,True,0,offline_teacher_to_causal_s623
formal_u2_family_116_r00_s01,formal_u2_family_116_r00,u2_family_116,test,3,5,3,0.9253412485122681,0.9563145637512207,0.0,True,0,offline_teacher_to_causal_s623
formal_u2_family_116_r00_s02,formal_u2_family_116_r00,u2_family_116,test,6,8,3,0.700667679309845,0.5008442997932434,1.0,True,0,offline_teacher_to_causal_s623
formal_u2_family_116_r00_s03,formal_u2_family_116_r00,u2_family_116,test,9,12,4,0.48317989706993103,0.5018216967582703,1.0,True,0,offline_teacher_to_causal_s623
formal_u2_family_116_r00_s04,formal_u2_family_116_r00,u2_family_116,test,13,16,4,0.475579172372818,0.6263324022293091,1.0,True,0,offline_teacher_to_causal_s623
formal_u2_family_116_r00_s05,formal_u2_family_116_r00,u2_family_116,test,17,24,8,0.5633042454719543,0.9896451234817505,0.875,True,0,offline_teacher_to_causal_s623
formal_u2_family_116_r00_s06,formal_u2_family_116_r00,u2_family_116,test,25,26,2,0.5951778292655945,0.5178427696228027,1.0,True,0,offline_teacher_to_causal_s623
formal_u2_family_116_r01_s00,formal_u2_family_116_r01,u2_family_116,test,0,2,3,0.31917810440063477,0.6711075305938721,0.3333333333333333,True,0,offline_teacher_to_causal_s623
formal_u2_family_116_r01_s01,formal_u2_family_116_r01,u2_family_116,test,3,5,3,0.9256126284599304,0.953483521938324,0.0,True,0,offline_teacher_to_causal_s623
formal_u2_family_116_r01_s02,formal_u2_family_116_r01,u2_family_116,test,6,12,7,0.6927317976951599,0.511540412902832,1.0,True,0,offline_teacher_to_causal_s623
formal_u2_family_116_r01_s03,formal_u2_family_116_r01,u2_family_116,test,13,22,10,0.47575417160987854,0.9902198910713196,0.9,True,0,offline_teacher_to_causal_s623
formal_u2_family_116_r01_s04,formal_u2_family_116_r01,u2_family_116,test,23,24,2,0.6071656346321106,0.5962278842926025,1.0,True,0,offline_teacher_to_causal_s623
formal_u2_family_116_r02_s00,formal_u2_family_116_r02,u2_family_116,test,0,2,3,0.3172503411769867,0.6726964712142944,0.3333333333333333,True,0,offline_teacher_to_causal_s623
formal_u2_family_116_r02_s01,formal_u2_family_116_r02,u2_family_116,test,3,5,3,0.92535799741745,0.9481798410415649,0.0,True,0,offline_teacher_to_causal_s623
formal_u2_family_116_r02_s02,formal_u2_family_116_r02,u2_family_116,test,6,16,11,0.6908323168754578,0.6456833481788635,1.0,True,0,offline_teacher_to_causal_s623
formal_u2_family_116_r02_s03,formal_u2_family_116_r02,u2_family_116,test,17,25,9,0.5511004328727722,0.9895626902580261,0.8888888888888888,True,0,offline_teacher_to_causal_s623
formal_u2_family_116_r02_s04,formal_u2_family_116_r02,u2_family_116,test,26,27,2,0.5921224355697632,0.6092734932899475,1.0,True,0,offline_teacher_to_causal_s623
formal_u2_family_116_r03_s00,formal_u2_family_116_r03,u2_family_116,test,0,2,3,0.3173984885215759,0.6718823313713074,0.3333333333333333,True,0,offline_teacher_to_causal_s623
formal_u2_family_116_r03_s01,formal_u2_family_116_r03,u2_family_116,test,3,5,3,0.9254390597343445,0.9556784629821777,0.0,True,0,offline_teacher_to_causal_s623
formal_u2_family_116_r03_s02,formal_u2_family_116_r03,u2_family_116,test,6,16,11,0.700149655342102,0.641704261302948,1.0,True,0,offline_teacher_to_causal_s623
formal_u2_family_116_r03_s03,formal_u2_family_116_r03,u2_family_116,test,17,23,7,0.5584737658500671,0.9894806146621704,0.8571428571428571,True,0,offline_teacher_to_causal_s623
formal_u2_family_116_r03_s04,formal_u2_family_116_r03,u2_family_116,test,24,25,2,0.5883700847625732,0.590570867061615,1.0,True,0,offline_teacher_to_causal_s623
formal_u2_family_116_r04_s00,formal_u2_family_116_r04,u2_family_116,test,0,2,3,0.3175693154335022,0.6718533635139465,0.3333333333333333,True,0,offline_teacher_to_causal_s623
formal_u2_family_116_r04_s01,formal_u2_family_116_r04,u2_family_116,test,3,5,3,0.9252852201461792,0.9540268182754517,0.0,True,0,offline_teacher_to_causal_s623
formal_u2_family_116_r04_s02,formal_u2_family_116_r04,u2_family_116,test,6,8,3,0.6966097354888916,0.5046988725662231,1.0,True,0,offline_teacher_to_causal_s623
formal_u2_family_116_r04_s03,formal_u2_family_116_r04,u2_family_116,test,9,11,3,0.48995769023895264,0.5042335391044617,1.0,True,0,offline_teacher_to_causal_s623
formal_u2_family_116_r04_s04,formal_u2_family_116_r04,u2_family_116,test,12,16,5,0.4781050682067871,0.6281736493110657,1.0,True,0,offline_teacher_to_causal_s623
formal_u2_family_116_r04_s05,formal_u2_family_116_r04,u2_family_116,test,17,23,7,0.5693565011024475,0.9895311594009399,0.8571428571428571,True,0,offline_teacher_to_causal_s623
formal_u2_family_116_r04_s06,formal_u2_family_116_r04,u2_family_116,test,24,25,2,0.5961267352104187,0.5814193487167358,1.0,True,0,offline_teacher_to_causal_s623
formal_u2_family_116_r05_s00,formal_u2_family_116_r05,u2_family_116,test,0,2,3,0.3184112310409546,0.673304557800293,0.3333333333333333,True,0,offline_teacher_to_causal_s623
formal_u2_family_116_r05_s01,formal_u2_family_116_r05,u2_family_116,test,3,5,3,0.9246671199798584,0.9559536576271057,0.0,True,0,offline_teacher_to_causal_s623
formal_u2_family_116_r05_s02,formal_u2_family_116_r05,u2_family_116,test,6,8,3,0.6681486368179321,0.5048611164093018,1.0,True,0,offline_teacher_to_causal_s623
formal_u2_family_116_r05_s03,formal_u2_family_116_r05,u2_family_116,test,9,14,6,0.48760589957237244,0.5211454033851624,1.0,True,0,offline_teacher_to_causal_s623
formal_u2_family_116_r05_s04,formal_u2_family_116_r05,u2_family_116,test,15,24,10,0.4774021506309509,0.9894130825996399,0.9,True,0,offline_teacher_to_causal_s623
formal_u2_family_116_r05_s05,formal_u2_family_116_r05,u2_family_116,test,25,26,2,0.5941303372383118,0.5997146964073181,1.0,True,0,offline_teacher_to_causal_s623
formal_u2_family_117_r00_s00,formal_u2_family_117_r00,u2_family_117,test,0,2,3,0.8768976330757141,0.7087902426719666,0.6666666666666666,True,0,offline_teacher_to_causal_s623
formal_u2_family_117_r00_s01,formal_u2_family_117_r00,u2_family_117,test,3,9,7,0.5236251354217529,0.5086446404457092,1.0,True,0,offline_teacher_to_causal_s623
formal_u2_family_117_r00_s02,formal_u2_family_117_r00,u2_family_117,test,10,18,9,0.47827017307281494,0.9882646799087524,0.8888888888888888,True,0,offline_teacher_to_causal_s623
formal_u2_family_117_r00_s03,formal_u2_family_117_r00,u2_family_117,test,19,20,2,0.5746672749519348,0.5320946574211121,1.0,True,0,offline_teacher_to_causal_s623
formal_u2_family_117_r01_s00,formal_u2_family_117_r01,u2_family_117,test,0,2,3,0.8772826194763184,0.7083530426025391,0.6666666666666666,True,0,offline_teacher_to_causal_s623
formal_u2_family_117_r01_s01,formal_u2_family_117_r01,u2_family_117,test,3,5,3,0.5294933319091797,0.5021989941596985,1.0,True,0,offline_teacher_to_causal_s623
formal_u2_family_117_r01_s02,formal_u2_family_117_r01,u2_family_117,test,6,8,3,0.5151806473731995,0.5041454434394836,1.0,True,0,offline_teacher_to_causal_s623
formal_u2_family_117_r01_s03,formal_u2_family_117_r01,u2_family_117,test,9,12,4,0.5047286152839661,0.6079824566841125,1.0,True,0,offline_teacher_to_causal_s623
formal_u2_family_117_r01_s04,formal_u2_family_117_r01,u2_family_117,test,13,22,10,0.5135408639907837,0.9884821176528931,0.9,True,0,offline_teacher_to_causal_s623
formal_u2_family_117_r01_s05,formal_u2_family_117_r01,u2_family_117,test,23,24,2,0.5723244547843933,0.5722758173942566,1.0,True,0,offline_teacher_to_causal_s623
formal_u2_family_117_r02_s00,formal_u2_family_117_r02,u2_family_117,test,0,2,3,0.32496821880340576,0.6948958039283752,0.3333333333333333,True,0,offline_teacher_to_causal_s623
formal_u2_family_117_r02_s01,formal_u2_family_117_r02,u2_family_117,test,3,9,7,0.538841187953949,0.6559943556785583,1.0,True,0,offline_teacher_to_causal_s623
formal_u2_family_117_r02_s02,formal_u2_family_117_r02,u2_family_117,test,10,12,3,0.5083139538764954,0.5293014645576477,1.0,True,0,offline_teacher_to_causal_s623
formal_u2_family_117_r02_s03,formal_u2_family_117_r02,u2_family_117,test,13,21,9,0.4788714647293091,0.9898914098739624,0.8888888888888888,True,0,offline_teacher_to_causal_s623
formal_u2_family_117_r02_s04,formal_u2_family_117_r02,u2_family_117,test,22,23,2,0.6035224199295044,0.5426110029220581,1.0,True,0,offline_teacher_to_causal_s623
formal_u2_family_117_r03_s00,formal_u2_family_117_r03,u2_family_117,test,0,2,3,0.3183538615703583,0.6738429069519043,0.3333333333333333,True,0,offline_teacher_to_causal_s623
formal_u2_family_117_r03_s01,formal_u2_family_117_r03,u2_family_117,test,3,19,17,0.7077749371528625,0.9893262386322021,0.9411764705882353,True,0,offline_teacher_to_causal_s623
formal_u2_family_117_r03_s02,formal_u2_family_117_r03,u2_family_117,test,20,21,2,0.5823063254356384,0.5497245192527771,1.0,True,0,offline_teacher_to_causal_s623
formal_u2_family_117_r04_s00,formal_u2_family_117_r04,u2_family_117,test,0,2,3,0.31399261951446533,0.6731197834014893,0.3333333333333333,True,0,offline_teacher_to_causal_s623
formal_u2_family_117_r04_s01,formal_u2_family_117_r04,u2_family_117,test,3,9,7,0.7044357061386108,0.6410511136054993,1.0,True,0,offline_teacher_to_causal_s623
formal_u2_family_117_r04_s02,formal_u2_family_117_r04,u2_family_117,test,10,18,9,0.5132030248641968,0.9904592037200928,0.8888888888888888,True,0,offline_teacher_to_causal_s623
formal_u2_family_117_r04_s03,formal_u2_family_117_r04,u2_family_117,test,19,20,2,0.613497793674469,0.5813664793968201,1.0,True,0,offline_teacher_to_causal_s623
formal_u2_family_117_r05_s00,formal_u2_family_117_r05,u2_family_117,test,0,2,3,0.32190462946891785,0.6903703808784485,0.3333333333333333,True,0,offline_teacher_to_causal_s623
formal_u2_family_117_r05_s01,formal_u2_family_117_r05,u2_family_117,test,3,11,9,0.5327000021934509,0.6597203612327576,1.0,True,0,offline_teacher_to_causal_s623
formal_u2_family_117_r05_s02,formal_u2_family_117_r05,u2_family_117,test,12,14,3,0.5117403268814087,0.5199609398841858,1.0,True,0,offline_teacher_to_causal_s623
formal_u2_family_117_r05_s03,formal_u2_family_117_r05,u2_family_117,test,15,24,10,0.5523889064788818,0.9886571764945984,0.9,True,0,offline_teacher_to_causal_s623
formal_u2_family_117_r05_s04,formal_u2_family_117_r05,u2_family_117,test,25,26,2,0.5754783749580383,0.5931736826896667,1.0,True,0,offline_teacher_to_causal_s623
formal_u2_family_118_r00_s00,formal_u2_family_118_r00,u2_family_118,test,0,2,3,0.8766283988952637,0.5237234234809875,0.6666666666666666,True,0,offline_teacher_to_causal_s623
formal_u2_family_118_r00_s01,formal_u2_family_118_r00,u2_family_118,test,3,5,3,0.5209272503852844,0.5200585722923279,1.0,True,0,offline_teacher_to_causal_s623
formal_u2_family_118_r00_s02,formal_u2_family_118_r00,u2_family_118,test,6,7,2,0.5232556462287903,0.922099232673645,0.5,True,0,offline_teacher_to_causal_s623
formal_u2_family_118_r01_s00,formal_u2_family_118_r01,u2_family_118,test,0,2,3,0.31401708722114563,0.6851950287818909,0.3333333333333333,True,0,offline_teacher_to_causal_s623
formal_u2_family_118_r01_s01,formal_u2_family_118_r01,u2_family_118,test,3,5,3,0.5296308994293213,0.5123079419136047,1.0,True,0,offline_teacher_to_causal_s623
formal_u2_family_118_r01_s02,formal_u2_family_118_r01,u2_family_118,test,6,8,3,0.5219845175743103,0.9233203530311584,0.6666666666666666,True,0,offline_teacher_to_causal_s623
formal_u2_family_118_r02_s00,formal_u2_family_118_r02,u2_family_118,test,0,2,3,0.321073979139328,0.6811766028404236,0.3333333333333333,True,0,offline_teacher_to_causal_s623
formal_u2_family_118_r02_s01,formal_u2_family_118_r02,u2_family_118,test,3,5,3,0.5156958699226379,0.5093474984169006,1.0,True,0,offline_teacher_to_causal_s623
formal_u2_family_118_r02_s02,formal_u2_family_118_r02,u2_family_118,test,6,7,2,0.5223263502120972,0.92684006690979,0.5,True,0,offline_teacher_to_causal_s623
formal_u2_family_118_r03_s00,formal_u2_family_118_r03,u2_family_118,test,0,2,3,0.3158990144729614,0.6842644810676575,0.3333333333333333,True,0,offline_teacher_to_causal_s623
formal_u2_family_118_r03_s01,formal_u2_family_118_r03,u2_family_118,test,3,5,3,0.5120317339897156,0.503090500831604,1.0,True,0,offline_teacher_to_causal_s623
formal_u2_family_118_r03_s02,formal_u2_family_118_r03,u2_family_118,test,6,7,2,0.5205701589584351,0.9257996678352356,0.5,True,0,offline_teacher_to_causal_s623
formal_u2_family_118_r04_s00,formal_u2_family_118_r04,u2_family_118,test,0,2,3,0.31916090846061707,0.6840397715568542,0.3333333333333333,True,0,offline_teacher_to_causal_s623
formal_u2_family_118_r04_s01,formal_u2_family_118_r04,u2_family_118,test,3,5,3,0.5078717470169067,0.5037868022918701,1.0,True,0,offline_teacher_to_causal_s623
formal_u2_family_118_r04_s02,formal_u2_family_118_r04,u2_family_118,test,6,6,1,0.9320014715194702,0.9320014715194702,0.0,True,0,offline_teacher_to_causal_s623
formal_u2_family_118_r05_s00,formal_u2_family_118_r05,u2_family_118,test,0,2,3,0.31831374764442444,0.6845300793647766,0.3333333333333333,True,0,offline_teacher_to_causal_s623
formal_u2_family_118_r05_s01,formal_u2_family_118_r05,u2_family_118,test,3,5,3,0.5147625207901001,0.5129699110984802,1.0,True,0,offline_teacher_to_causal_s623
formal_u2_family_118_r05_s02,formal_u2_family_118_r05,u2_family_118,test,6,8,3,0.5214501023292542,0.9197832345962524,0.6666666666666666,True,0,offline_teacher_to_causal_s623
formal_u2_family_119_r00_s00,formal_u2_family_119_r00,u2_family_119,test,0,7,8,0.2522995173931122,0.957912266254425,0.0,True,0,offline_teacher_to_causal_s623
formal_u2_family_119_r00_s01,formal_u2_family_119_r00,u2_family_119,test,8,10,3,0.6131237149238586,0.7325989603996277,1.0,True,0,offline_teacher_to_causal_s623
formal_u2_family_119_r00_s02,formal_u2_family_119_r00,u2_family_119,test,11,14,4,0.523662805557251,0.502828061580658,1.0,True,0,offline_teacher_to_causal_s623
formal_u2_family_119_r00_s03,formal_u2_family_119_r00,u2_family_119,test,15,18,4,0.49315229058265686,0.6552679538726807,1.0,True,0,offline_teacher_to_causal_s623
formal_u2_family_119_r00_s04,formal_u2_family_119_r00,u2_family_119,test,19,29,11,0.5103435516357422,0.9895389676094055,0.9090909090909091,True,0,offline_teacher_to_causal_s623
formal_u2_family_119_r00_s05,formal_u2_family_119_r00,u2_family_119,test,30,31,2,0.5986365675926208,0.5543772578239441,1.0,True,0,offline_teacher_to_causal_s623
formal_u2_family_119_r01_s00,formal_u2_family_119_r01,u2_family_119,test,0,7,8,0.25188612937927246,0.9622612595558167,0.0,True,0,offline_teacher_to_causal_s623
formal_u2_family_119_r01_s01,formal_u2_family_119_r01,u2_family_119,test,8,10,3,0.6189562082290649,0.5191631317138672,1.0,True,0,offline_teacher_to_causal_s623
formal_u2_family_119_r01_s02,formal_u2_family_119_r01,u2_family_119,test,11,13,3,0.5179998874664307,0.5039214491844177,1.0,True,0,offline_teacher_to_causal_s623
formal_u2_family_119_r01_s03,formal_u2_family_119_r01,u2_family_119,test,14,17,4,0.4849409759044647,0.6652625203132629,1.0,True,0,offline_teacher_to_causal_s623
formal_u2_family_119_r01_s04,formal_u2_family_119_r01,u2_family_119,test,18,28,11,0.5120797753334045,0.9898067116737366,0.9090909090909091,True,0,offline_teacher_to_causal_s623
formal_u2_family_119_r01_s05,formal_u2_family_119_r01,u2_family_119,test,29,30,2,0.6021565794944763,0.6021636724472046,1.0,True,0,offline_teacher_to_causal_s623
formal_u2_family_119_r02_s00,formal_u2_family_119_r02,u2_family_119,test,0,7,8,0.25215017795562744,0.9632647037506104,0.0,True,0,offline_teacher_to_causal_s623
formal_u2_family_119_r02_s01,formal_u2_family_119_r02,u2_family_119,test,8,10,3,0.6183277368545532,0.5184846520423889,1.0,True,0,offline_teacher_to_causal_s623
formal_u2_family_119_r02_s02,formal_u2_family_119_r02,u2_family_119,test,11,14,4,0.5135793685913086,0.5037407875061035,1.0,True,0,offline_teacher_to_causal_s623
formal_u2_family_119_r02_s03,formal_u2_family_119_r02,u2_family_119,test,15,21,7,0.5071455240249634,0.6343204975128174,1.0,True,0,offline_teacher_to_causal_s623
formal_u2_family_119_r02_s04,formal_u2_family_119_r02,u2_family_119,test,22,29,8,0.5701586604118347,0.9896343946456909,0.875,True,0,offline_teacher_to_causal_s623
formal_u2_family_119_r02_s05,formal_u2_family_119_r02,u2_family_119,test,30,31,2,0.601257860660553,0.6208800077438354,1.0,True,0,offline_teacher_to_causal_s623
formal_u2_family_119_r03_s00,formal_u2_family_119_r03,u2_family_119,test,0,8,9,0.2518056333065033,0.9698628783226013,0.0,True,0,offline_teacher_to_causal_s623
formal_u2_family_119_r03_s01,formal_u2_family_119_r03,u2_family_119,test,9,11,3,0.6205795407295227,0.5152068734169006,1.0,True,0,offline_teacher_to_causal_s623
formal_u2_family_119_r03_s02,formal_u2_family_119_r03,u2_family_119,test,12,17,6,0.5072163939476013,0.6708027124404907,1.0,True,0,offline_teacher_to_causal_s623
formal_u2_family_119_r03_s03,formal_u2_family_119_r03,u2_family_119,test,18,28,11,0.5141744017601013,0.9893510937690735,0.9090909090909091,True,0,offline_teacher_to_causal_s623
formal_u2_family_119_r03_s04,formal_u2_family_119_r03,u2_family_119,test,29,30,2,0.589836061000824,0.5957579612731934,1.0,True,0,offline_teacher_to_causal_s623
formal_u2_family_119_r04_s00,formal_u2_family_119_r04,u2_family_119,test,0,8,9,0.2534980773925781,0.9725027084350586,0.0,True,0,offline_teacher_to_causal_s623
formal_u2_family_119_r04_s01,formal_u2_family_119_r04,u2_family_119,test,9,16,8,0.6541993021965027,0.5009003281593323,1.0,True,0,offline_teacher_to_causal_s623
formal_u2_family_119_r04_s02,formal_u2_family_119_r04,u2_family_119,test,17,20,4,0.6604657173156738,0.6010938286781311,1.0,True,0,offline_teacher_to_causal_s623
formal_u2_family_119_r04_s03,formal_u2_family_119_r04,u2_family_119,test,21,30,10,0.5225828289985657,0.9878984093666077,0.9,True,0,offline_teacher_to_causal_s623
formal_u2_family_119_r04_s04,formal_u2_family_119_r04,u2_family_119,test,31,32,2,0.5765610337257385,0.6069797277450562,1.0,True,0,offline_teacher_to_causal_s623
formal_u2_family_119_r05_s00,formal_u2_family_119_r05,u2_family_119,test,0,8,9,0.2522442936897278,0.9712801575660706,0.0,True,0,offline_teacher_to_causal_s623
formal_u2_family_119_r05_s01,formal_u2_family_119_r05,u2_family_119,test,9,19,11,0.6507594585418701,0.6426572799682617,1.0,True,0,offline_teacher_to_causal_s623
formal_u2_family_119_r05_s02,formal_u2_family_119_r05,u2_family_119,test,20,29,10,0.5139448642730713,0.9890350103378296,0.9,True,0,offline_teacher_to_causal_s623
formal_u2_family_119_r05_s03,formal_u2_family_119_r05,u2_family_119,test,30,31,2,0.588492214679718,0.5739707350730896,1.0,True,0,offline_teacher_to_causal_s623
