2026-09-21T13:57:25Z pid=3911710 b2_t=100 b2_ep=12 b2_succ=2 full_t=0 full_ep=0 full_succ=0 | [2026-09-21T13:52:11Z] B2 training start target_updates=8
2026-09-21T13:58:25Z pid=3911710 b2_t=118 b2_ep=14 b2_succ=3 full_t=0 full_ep=0 full_succ=0 | [2026-09-21T13:52:11Z] B2 training start target_updates=8
2026-09-21T13:59:25Z pid=3911710 b2_t=136 b2_ep=17 b2_succ=3 full_t=0 full_ep=0 full_succ=0 | [2026-09-21T13:52:11Z] B2 training start target_updates=8
2026-09-21T14:00:25Z pid=3911710 b2_t=155 b2_ep=20 b2_succ=5 full_t=0 full_ep=0 full_succ=0 | [2026-09-21T13:52:11Z] B2 training start target_updates=8
2026-09-21T14:01:25Z pid=3911710 b2_t=174 b2_ep=22 b2_succ=6 full_t=0 full_ep=0 full_succ=0 | [2026-09-21T13:52:11Z] B2 training start target_updates=8
2026-09-21T14:02:25Z pid=3911710 b2_t=192 b2_ep=25 b2_succ=6 full_t=0 full_ep=0 full_succ=0 | [2026-09-21T13:52:11Z] B2 training start target_updates=8
2026-09-21T14:03:25Z pid=3911710 b2_t=210 b2_ep=28 b2_succ=7 full_t=0 full_ep=0 full_succ=0 | [2026-09-21T13:52:11Z] B2 training start target_updates=8
2026-09-21T14:04:25Z pid=3911710 b2_t=227 b2_ep=30 b2_succ=7 full_t=0 full_ep=0 full_succ=0 | [2026-09-21T13:52:11Z] B2 training start target_updates=8
2026-09-21T14:05:26Z PROCESS_EXIT
[2026-09-21T13:28:44Z] startup gate B: B2 effective prior empty at input layer
[2026-09-21T13:28:49Z] startup gate C: Full DP/Delta on frozen nonempty prior
[2026-09-21T13:28:56Z] startup gate D: independent init, seeds, pytest, cache immutability
[2026-09-21T13:28:56Z] running Stage 0B pytest marker=pure or torch_runtime
[2026-09-21T13:29:14Z] train B2 to 8 updates
[2026-09-21T13:29:15Z] B2 eval step0
[2026-09-21T13:33:18Z] B2 training start target_updates=8
[2026-09-21T13:35:22Z] training exception: Invalid independently confirmed reward event
[2026-09-21T13:47:29Z] Stage 1A start gpu=0 only_gates=False resume=False max_updates=16
[2026-09-21T13:47:29Z] device=cuda:0 name=NVIDIA A100-SXM4-40GB visible=2
[2026-09-21T13:47:31Z] startup gate A: corrected dry-run fields
[2026-09-21T13:47:44Z] startup gate B: B2 effective prior empty at input layer
[2026-09-21T13:47:50Z] startup gate C: Full DP/Delta on frozen nonempty prior
[2026-09-21T13:47:57Z] startup gate D: independent init, seeds, pytest, cache immutability
[2026-09-21T13:47:57Z] running Stage 0B pytest marker=pure or torch_runtime
[2026-09-21T13:48:14Z] train B2 to 8 updates
[2026-09-21T13:48:15Z] B2 eval step0
[2026-09-21T13:52:11Z] B2 training start target_updates=8
[2026-09-21T14:04:51Z] training exception: Runtime repeatedly exposes no executable skill
[2026-09-21T14:04:53Z] Stage 1A finished status=NEEDS_RERUN next=1B
2026-09-21T14:10:17Z pid=4111523 b2_t=0 b2_ep=0 b2_succ=0 full_t=0 full_ep=0 full_succ=0 | [2026-09-21T14:10:08Z] startup gate A: corrected dry-run fields
2026-09-21T14:11:17Z pid=4111523 b2_t=0 b2_ep=0 b2_succ=0 full_t=0 full_ep=0 full_succ=0 | [2026-09-21T14:11:09Z] B2 eval step0
2026-09-21T14:12:17Z pid=4111523 b2_t=0 b2_ep=0 b2_succ=0 full_t=0 full_ep=0 full_succ=0 | [2026-09-21T14:11:09Z] B2 eval step0
2026-09-21T14:13:17Z pid=4111523 b2_t=0 b2_ep=0 b2_succ=0 full_t=0 full_ep=0 full_succ=0 | [2026-09-21T14:11:09Z] B2 eval step0
2026-09-21T14:14:17Z pid=4111523 b2_t=0 b2_ep=0 b2_succ=0 full_t=0 full_ep=0 full_succ=0 | [2026-09-21T14:11:09Z] B2 eval step0
2026-09-21T14:15:18Z pid=4111523 b2_t=0 b2_ep=0 b2_succ=0 full_t=0 full_ep=0 full_succ=0 | [2026-09-21T14:11:09Z] B2 eval step0
2026-09-21T14:16:18Z pid=4111523 b2_t=12 b2_ep=1 b2_succ=0 full_t=0 full_ep=0 full_succ=0 | [2026-09-21T14:15:36Z] B2 training start target_updates=8
2026-09-21T14:17:18Z pid=4111523 b2_t=31 b2_ep=3 b2_succ=0 full_t=0 full_ep=0 full_succ=0 | [2026-09-21T14:15:36Z] B2 training start target_updates=8
2026-09-21T14:18:18Z pid=4111523 b2_t=50 b2_ep=6 b2_succ=1 full_t=0 full_ep=0 full_succ=0 | [2026-09-21T14:15:36Z] B2 training start target_updates=8
2026-09-21T14:19:18Z pid=4111523 b2_t=70 b2_ep=8 b2_succ=1 full_t=0 full_ep=0 full_succ=0 | [2026-09-21T14:15:36Z] B2 training start target_updates=8
2026-09-21T14:20:18Z pid=4111523 b2_t=89 b2_ep=10 b2_succ=2 full_t=0 full_ep=0 full_succ=0 | [2026-09-21T14:15:36Z] B2 training start target_updates=8
2026-09-21T14:21:18Z pid=4111523 b2_t=108 b2_ep=13 b2_succ=3 full_t=0 full_ep=0 full_succ=0 | [2026-09-21T14:15:36Z] B2 training start target_updates=8
2026-09-21T14:22:18Z pid=4111523 b2_t=127 b2_ep=15 b2_succ=3 full_t=0 full_ep=0 full_succ=0 | [2026-09-21T14:15:36Z] B2 training start target_updates=8
2026-09-21T14:23:18Z pid=4111523 b2_t=145 b2_ep=18 b2_succ=3 full_t=0 full_ep=0 full_succ=0 | [2026-09-21T14:15:36Z] B2 training start target_updates=8
2026-09-21T14:24:18Z pid=4111523 b2_t=162 b2_ep=21 b2_succ=5 full_t=0 full_ep=0 full_succ=0 | [2026-09-21T14:15:36Z] B2 training start target_updates=8
2026-09-21T14:25:18Z pid=4111523 b2_t=181 b2_ep=23 b2_succ=6 full_t=0 full_ep=0 full_succ=0 | [2026-09-21T14:15:36Z] B2 training start target_updates=8
2026-09-21T14:26:18Z pid=4111523 b2_t=197 b2_ep=26 b2_succ=6 full_t=0 full_ep=0 full_succ=0 | [2026-09-21T14:15:36Z] B2 training start target_updates=8
2026-09-21T14:27:19Z pid=4111523 b2_t=216 b2_ep=28 b2_succ=7 full_t=0 full_ep=0 full_succ=0 | [2026-09-21T14:15:36Z] B2 training start target_updates=8
2026-09-21T14:28:19Z pid=4111523 b2_t=233 b2_ep=31 b2_succ=8 full_t=0 full_ep=0 full_succ=0 | [2026-09-21T14:15:36Z] B2 training start target_updates=8
2026-09-21T14:29:19Z pid=4111523 b2_t=251 b2_ep=33 b2_succ=8 full_t=0 full_ep=0 full_succ=0 | [2026-09-21T14:15:36Z] B2 training start target_updates=8
2026-09-21T14:30:19Z pid=4111523 b2_t=270 b2_ep=36 b2_succ=8 full_t=0 full_ep=0 full_succ=0 | [2026-09-21T14:15:36Z] B2 training start target_updates=8
2026-09-21T14:31:19Z pid=4111523 b2_t=289 b2_ep=38 b2_succ=8 full_t=0 full_ep=0 full_succ=0 | [2026-09-21T14:15:36Z] B2 training start target_updates=8
2026-09-21T14:32:19Z pid=4111523 b2_t=308 b2_ep=40 b2_succ=8 full_t=0 full_ep=0 full_succ=0 | [2026-09-21T14:15:36Z] B2 training start target_updates=8
2026-09-21T14:33:19Z pid=4111523 b2_t=327 b2_ep=41 b2_succ=8 full_t=0 full_ep=0 full_succ=0 | [2026-09-21T14:15:36Z] B2 training start target_updates=8
2026-09-21T14:34:19Z pid=4111523 b2_t=341 b2_ep=44 b2_succ=9 full_t=0 full_ep=0 full_succ=0 | [2026-09-21T14:15:36Z] B2 training start target_updates=8
2026-09-21T14:35:19Z pid=4111523 b2_t=359 b2_ep=47 b2_succ=10 full_t=0 full_ep=0 full_succ=0 | [2026-09-21T14:15:36Z] B2 training start target_updates=8
2026-09-21T14:36:19Z pid=4111523 b2_t=381 b2_ep=50 b2_succ=11 full_t=0 full_ep=0 full_succ=0 | [2026-09-21T14:15:36Z] B2 training start target_updates=8
2026-09-21T14:37:19Z pid=4111523 b2_t=400 b2_ep=52 b2_succ=11 full_t=0 full_ep=0 full_succ=0 | [2026-09-21T14:15:36Z] B2 training start target_updates=8
2026-09-21T14:38:19Z pid=4111523 b2_t=419 b2_ep=55 b2_succ=11 full_t=0 full_ep=0 full_succ=0 | [2026-09-21T14:15:36Z] B2 training start target_updates=8
2026-09-21T14:39:20Z pid=4111523 b2_t=441 b2_ep=58 b2_succ=12 full_t=0 full_ep=0 full_succ=0 | [2026-09-21T14:15:36Z] B2 training start target_updates=8
2026-09-21T14:40:20Z pid=4111523 b2_t=462 b2_ep=60 b2_succ=13 full_t=0 full_ep=0 full_succ=0 | [2026-09-21T14:15:36Z] B2 training start target_updates=8
2026-09-21T14:41:20Z pid=4111523 b2_t=482 b2_ep=62 b2_succ=13 full_t=0 full_ep=0 full_succ=0 | [2026-09-21T14:15:36Z] B2 training start target_updates=8
2026-09-21T14:42:20Z pid=4111523 b2_t=502 b2_ep=65 b2_succ=14 full_t=0 full_ep=0 full_succ=0 | [2026-09-21T14:15:36Z] B2 training start target_updates=8
2026-09-21T14:43:20Z pid=4111523 b2_t=524 b2_ep=67 b2_succ=15 full_t=0 full_ep=0 full_succ=0 | [2026-09-21T14:15:36Z] B2 training start target_updates=8
2026-09-21T14:44:20Z pid=4111523 b2_t=544 b2_ep=70 b2_succ=16 full_t=0 full_ep=0 full_succ=0 | [2026-09-21T14:15:36Z] B2 training start target_updates=8
2026-09-21T14:45:20Z pid=4111523 b2_t=563 b2_ep=72 b2_succ=17 full_t=0 full_ep=0 full_succ=0 | [2026-09-21T14:15:36Z] B2 training start target_updates=8
2026-09-21T14:46:20Z pid=4111523 b2_t=586 b2_ep=75 b2_succ=18 full_t=0 full_ep=0 full_succ=0 | [2026-09-21T14:15:36Z] B2 training start target_updates=8
2026-09-21T14:47:20Z pid=4111523 b2_t=605 b2_ep=77 b2_succ=19 full_t=0 full_ep=0 full_succ=0 | [2026-09-21T14:15:36Z] B2 training start target_updates=8
2026-09-21T14:48:20Z pid=4111523 b2_t=626 b2_ep=80 b2_succ=19 full_t=0 full_ep=0 full_succ=0 | [2026-09-21T14:15:36Z] B2 training start target_updates=8
2026-09-21T14:49:21Z pid=4111523 b2_t=646 b2_ep=82 b2_succ=20 full_t=0 full_ep=0 full_succ=0 | [2026-09-21T14:15:36Z] B2 training start target_updates=8
2026-09-21T14:50:21Z pid=4111523 b2_t=664 b2_ep=84 b2_succ=20 full_t=0 full_ep=0 full_succ=0 | [2026-09-21T14:15:36Z] B2 training start target_updates=8
2026-09-21T14:51:21Z pid=4111523 b2_t=687 b2_ep=87 b2_succ=21 full_t=0 full_ep=0 full_succ=0 | [2026-09-21T14:15:36Z] B2 training start target_updates=8
2026-09-21T14:52:21Z pid=4111523 b2_t=706 b2_ep=90 b2_succ=22 full_t=0 full_ep=0 full_succ=0 | [2026-09-21T14:15:36Z] B2 training start target_updates=8
2026-09-21T14:53:21Z pid=4111523 b2_t=725 b2_ep=93 b2_succ=22 full_t=0 full_ep=0 full_succ=0 | [2026-09-21T14:15:36Z] B2 training start target_updates=8
2026-09-21T14:54:21Z pid=4111523 b2_t=744 b2_ep=96 b2_succ=24 full_t=0 full_ep=0 full_succ=0 | [2026-09-21T14:15:36Z] B2 training start target_updates=8
2026-09-21T14:55:21Z pid=4111523 b2_t=765 b2_ep=98 b2_succ=24 full_t=0 full_ep=0 full_succ=0 | [2026-09-21T14:15:36Z] B2 training start target_updates=8
2026-09-21T14:56:21Z pid=4111523 b2_t=786 b2_ep=100 b2_succ=24 full_t=0 full_ep=0 full_succ=0 | [2026-09-21T14:15:36Z] B2 training start target_updates=8
2026-09-21T14:57:21Z pid=4111523 b2_t=804 b2_ep=103 b2_succ=25 full_t=0 full_ep=0 full_succ=0 | [2026-09-21T14:15:36Z] B2 training start target_updates=8
2026-09-21T14:58:21Z pid=4111523 b2_t=824 b2_ep=106 b2_succ=27 full_t=0 full_ep=0 full_succ=0 | [2026-09-21T14:15:36Z] B2 training start target_updates=8
2026-09-21T14:59:21Z pid=4111523 b2_t=843 b2_ep=109 b2_succ=27 full_t=0 full_ep=0 full_succ=0 | [2026-09-21T14:15:36Z] B2 training start target_updates=8
2026-09-21T15:00:21Z pid=4111523 b2_t=862 b2_ep=111 b2_succ=28 full_t=0 full_ep=0 full_succ=0 | [2026-09-21T14:15:36Z] B2 training start target_updates=8
2026-09-21T15:01:22Z pid=4111523 b2_t=882 b2_ep=113 b2_succ=28 full_t=0 full_ep=0 full_succ=0 | [2026-09-21T14:15:36Z] B2 training start target_updates=8
2026-09-21T15:02:22Z pid=4111523 b2_t=901 b2_ep=116 b2_succ=28 full_t=0 full_ep=0 full_succ=0 | [2026-09-21T14:15:36Z] B2 training start target_updates=8
2026-09-21T15:03:22Z pid=4111523 b2_t=920 b2_ep=118 b2_succ=28 full_t=0 full_ep=0 full_succ=0 | [2026-09-21T14:15:36Z] B2 training start target_updates=8
2026-09-21T15:04:22Z pid=4111523 b2_t=941 b2_ep=121 b2_succ=29 full_t=0 full_ep=0 full_succ=0 | [2026-09-21T14:15:36Z] B2 training start target_updates=8
2026-09-21T15:05:22Z pid=4111523 b2_t=960 b2_ep=123 b2_succ=29 full_t=0 full_ep=0 full_succ=0 | [2026-09-21T14:15:36Z] B2 training start target_updates=8
2026-09-21T15:06:22Z pid=4111523 b2_t=982 b2_ep=126 b2_succ=29 full_t=0 full_ep=0 full_succ=0 | [2026-09-21T14:15:36Z] B2 training start target_updates=8
2026-09-21T15:07:22Z pid=4111523 b2_t=1001 b2_ep=128 b2_succ=30 full_t=0 full_ep=0 full_succ=0 | [2026-09-21T14:15:36Z] B2 training start target_updates=8
2026-09-21T15:08:22Z pid=4111523 b2_t=1020 b2_ep=131 b2_succ=30 full_t=0 full_ep=0 full_succ=0 | [2026-09-21T14:15:36Z] B2 training start target_updates=8
2026-09-21T15:09:22Z pid=4111523 b2_t=1024 b2_ep=131 b2_succ=30 full_t=0 full_ep=0 full_succ=0 | [2026-09-21T15:08:35Z] B2 PPO update 1 transitions=1024
2026-09-21T15:10:22Z pid=4111523 b2_t=1024 b2_ep=131 b2_succ=30 full_t=0 full_ep=0 full_succ=0 | [2026-09-21T15:08:35Z] B2 PPO update 1 transitions=1024
2026-09-21T15:11:23Z pid=4111523 b2_t=1024 b2_ep=131 b2_succ=30 full_t=0 full_ep=0 full_succ=0 | [2026-09-21T15:08:35Z] B2 PPO update 1 transitions=1024
2026-09-21T15:12:23Z pid=4111523 b2_t=1024 b2_ep=131 b2_succ=30 full_t=0 full_ep=0 full_succ=0 | [2026-09-21T15:08:35Z] B2 PPO update 1 transitions=1024
2026-09-21T15:13:23Z pid=4111523 b2_t=1024 b2_ep=131 b2_succ=30 full_t=0 full_ep=0 full_succ=0 | [2026-09-21T15:08:35Z] B2 PPO update 1 transitions=1024
2026-09-21T15:14:23Z pid=4111523 b2_t=1024 b2_ep=131 b2_succ=30 full_t=0 full_ep=0 full_succ=0 | [2026-09-21T15:08:35Z] B2 PPO update 1 transitions=1024
2026-09-21T15:15:23Z pid=4111523 b2_t=1024 b2_ep=131 b2_succ=30 full_t=0 full_ep=0 full_succ=0 | [2026-09-21T15:08:35Z] B2 PPO update 1 transitions=1024
2026-09-21T15:16:23Z pid=4111523 b2_t=1024 b2_ep=131 b2_succ=30 full_t=0 full_ep=0 full_succ=0 | [2026-09-21T15:08:35Z] B2 PPO update 1 transitions=1024
2026-09-21T15:17:38Z pid=4111523 b2_t=1024 b2_ep=131 b2_succ=30 full_t=0 full_ep=0 full_succ=0 | [2026-09-21T15:08:35Z] B2 PPO update 1 transitions=1024
2026-09-21T15:18:38Z pid=4111523 b2_t=1024 b2_ep=131 b2_succ=30 full_t=0 full_ep=0 full_succ=0 | [2026-09-21T15:08:35Z] B2 PPO update 1 transitions=1024
2026-09-21T15:19:38Z pid=4111523 b2_t=1024 b2_ep=131 b2_succ=30 full_t=0 full_ep=0 full_succ=0 | [2026-09-21T15:08:35Z] B2 PPO update 1 transitions=1024
2026-09-21T15:20:38Z pid=4111523 b2_t=1024 b2_ep=131 b2_succ=30 full_t=0 full_ep=0 full_succ=0 | [2026-09-21T15:08:35Z] B2 PPO update 1 transitions=1024
2026-09-21T15:21:39Z pid=4111523 b2_t=1024 b2_ep=131 b2_succ=30 full_t=0 full_ep=0 full_succ=0 | [2026-09-21T15:08:35Z] B2 PPO update 1 transitions=1024
2026-09-21T15:22:39Z pid=4111523 b2_t=1024 b2_ep=131 b2_succ=30 full_t=0 full_ep=0 full_succ=0 | [2026-09-21T15:08:35Z] B2 PPO update 1 transitions=1024
2026-09-21T15:23:39Z pid=4111523 b2_t=1024 b2_ep=131 b2_succ=30 full_t=0 full_ep=0 full_succ=0 | [2026-09-21T15:08:35Z] B2 PPO update 1 transitions=1024
2026-09-21T15:24:39Z pid=4111523 b2_t=1024 b2_ep=131 b2_succ=30 full_t=0 full_ep=0 full_succ=0 | [2026-09-21T15:08:35Z] B2 PPO update 1 transitions=1024
2026-09-21T15:25:39Z pid=4111523 b2_t=1024 b2_ep=131 b2_succ=30 full_t=0 full_ep=0 full_succ=0 | [2026-09-21T15:08:35Z] B2 PPO update 1 transitions=1024
2026-09-21T15:26:39Z pid=4111523 b2_t=1024 b2_ep=131 b2_succ=30 full_t=0 full_ep=0 full_succ=0 | [2026-09-21T15:08:35Z] B2 PPO update 1 transitions=1024
2026-09-21T15:27:39Z pid=4111523 b2_t=1024 b2_ep=131 b2_succ=30 full_t=0 full_ep=0 full_succ=0 | [2026-09-21T15:08:35Z] B2 PPO update 1 transitions=1024
2026-09-21T15:28:39Z pid=4111523 b2_t=1024 b2_ep=131 b2_succ=30 full_t=0 full_ep=0 full_succ=0 | [2026-09-21T15:08:35Z] B2 PPO update 1 transitions=1024
2026-09-21T15:29:39Z pid=4111523 b2_t=1024 b2_ep=131 b2_succ=30 full_t=0 full_ep=0 full_succ=0 | [2026-09-21T15:08:35Z] B2 PPO update 1 transitions=1024
2026-09-21T15:30:39Z pid=4111523 b2_t=1024 b2_ep=131 b2_succ=30 full_t=0 full_ep=0 full_succ=0 | [2026-09-21T15:08:35Z] B2 PPO update 1 transitions=1024
2026-09-21T15:31:40Z pid=4111523 b2_t=1024 b2_ep=131 b2_succ=30 full_t=0 full_ep=0 full_succ=0 | [2026-09-21T15:08:35Z] B2 PPO update 1 transitions=1024
2026-09-21T15:32:40Z pid=4111523 b2_t=1024 b2_ep=131 b2_succ=30 full_t=0 full_ep=0 full_succ=0 | [2026-09-21T15:08:35Z] B2 PPO update 1 transitions=1024
2026-09-21T15:33:40Z pid=4111523 b2_t=1024 b2_ep=131 b2_succ=30 full_t=0 full_ep=0 full_succ=0 | [2026-09-21T15:08:35Z] B2 PPO update 1 transitions=1024
2026-09-21T15:34:40Z pid=4111523 b2_t=1024 b2_ep=131 b2_succ=30 full_t=0 full_ep=0 full_succ=0 | [2026-09-21T15:08:35Z] B2 PPO update 1 transitions=1024
2026-09-21T15:35:40Z pid=4111523 b2_t=1024 b2_ep=131 b2_succ=30 full_t=0 full_ep=0 full_succ=0 | [2026-09-21T15:08:35Z] B2 PPO update 1 transitions=1024
2026-09-21T15:36:40Z pid=4111523 b2_t=1024 b2_ep=131 b2_succ=30 full_t=0 full_ep=0 full_succ=0 | [2026-09-21T15:08:35Z] B2 PPO update 1 transitions=1024
2026-09-21T15:37:40Z pid=4111523 b2_t=1024 b2_ep=131 b2_succ=30 full_t=0 full_ep=0 full_succ=0 | [2026-09-21T15:08:35Z] B2 PPO update 1 transitions=1024
2026-09-21T15:38:40Z pid=4111523 b2_t=1024 b2_ep=131 b2_succ=30 full_t=0 full_ep=0 full_succ=0 | [2026-09-21T15:08:35Z] B2 PPO update 1 transitions=1024
2026-09-21T15:39:40Z pid=4111523 b2_t=1024 b2_ep=131 b2_succ=30 full_t=0 full_ep=0 full_succ=0 | [2026-09-21T15:08:35Z] B2 PPO update 1 transitions=1024
2026-09-21T15:40:40Z pid=4111523 b2_t=1024 b2_ep=131 b2_succ=30 full_t=0 full_ep=0 full_succ=0 | [2026-09-21T15:08:35Z] B2 PPO update 1 transitions=1024
2026-09-21T15:41:40Z pid=4111523 b2_t=1024 b2_ep=131 b2_succ=30 full_t=0 full_ep=0 full_succ=0 | [2026-09-21T15:08:35Z] B2 PPO update 1 transitions=1024
2026-09-21T15:42:40Z pid=4111523 b2_t=1024 b2_ep=131 b2_succ=30 full_t=0 full_ep=0 full_succ=0 | [2026-09-21T15:08:35Z] B2 PPO update 1 transitions=1024
2026-09-21T15:43:41Z pid=4111523 b2_t=1024 b2_ep=131 b2_succ=30 full_t=0 full_ep=0 full_succ=0 | [2026-09-21T15:08:35Z] B2 PPO update 1 transitions=1024
2026-09-21T15:44:41Z pid=4111523 b2_t=1024 b2_ep=131 b2_succ=30 full_t=0 full_ep=0 full_succ=0 | [2026-09-21T15:08:35Z] B2 PPO update 1 transitions=1024
2026-09-21T15:45:41Z pid=4111523 b2_t=1024 b2_ep=131 b2_succ=30 full_t=0 full_ep=0 full_succ=0 | [2026-09-21T15:08:35Z] B2 PPO update 1 transitions=1024
2026-09-21T15:46:41Z pid=4111523 b2_t=1024 b2_ep=131 b2_succ=30 full_t=0 full_ep=0 full_succ=0 | [2026-09-21T15:08:35Z] B2 PPO update 1 transitions=1024
2026-09-21T15:47:41Z pid=4111523 b2_t=1039 b2_ep=134 b2_succ=30 full_t=0 full_ep=0 full_succ=0 | [2026-09-21T15:08:35Z] B2 PPO update 1 transitions=1024
2026-09-21T15:48:41Z pid=4111523 b2_t=1057 b2_ep=137 b2_succ=32 full_t=0 full_ep=0 full_succ=0 | [2026-09-21T15:08:35Z] B2 PPO update 1 transitions=1024
2026-09-21T15:49:41Z pid=4111523 b2_t=1077 b2_ep=140 b2_succ=33 full_t=0 full_ep=0 full_succ=0 | [2026-09-21T15:08:35Z] B2 PPO update 1 transitions=1024
2026-09-21T15:50:41Z pid=4111523 b2_t=1097 b2_ep=143 b2_succ=34 full_t=0 full_ep=0 full_succ=0 | [2026-09-21T15:08:35Z] B2 PPO update 1 transitions=1024
2026-09-21T15:51:41Z pid=4111523 b2_t=1116 b2_ep=146 b2_succ=36 full_t=0 full_ep=0 full_succ=0 | [2026-09-21T15:08:35Z] B2 PPO update 1 transitions=1024
2026-09-21T15:52:41Z pid=4111523 b2_t=1134 b2_ep=149 b2_succ=38 full_t=0 full_ep=0 full_succ=0 | [2026-09-21T15:08:35Z] B2 PPO update 1 transitions=1024
2026-09-21T15:53:41Z pid=4111523 b2_t=1156 b2_ep=153 b2_succ=40 full_t=0 full_ep=0 full_succ=0 | [2026-09-21T15:08:35Z] B2 PPO update 1 transitions=1024
2026-09-21T15:54:41Z pid=4111523 b2_t=1185 b2_ep=157 b2_succ=43 full_t=0 full_ep=0 full_succ=0 | [2026-09-21T15:08:35Z] B2 PPO update 1 transitions=1024
2026-09-21T15:55:42Z pid=4111523 b2_t=1210 b2_ep=160 b2_succ=44 full_t=0 full_ep=0 full_succ=0 | [2026-09-21T15:08:35Z] B2 PPO update 1 transitions=1024
2026-09-21T15:56:42Z pid=4111523 b2_t=1238 b2_ep=163 b2_succ=45 full_t=0 full_ep=0 full_succ=0 | [2026-09-21T15:08:35Z] B2 PPO update 1 transitions=1024
2026-09-21T15:57:42Z pid=4111523 b2_t=1263 b2_ep=166 b2_succ=46 full_t=0 full_ep=0 full_succ=0 | [2026-09-21T15:08:35Z] B2 PPO update 1 transitions=1024
2026-09-21T15:58:42Z pid=4111523 b2_t=1289 b2_ep=170 b2_succ=48 full_t=0 full_ep=0 full_succ=0 | [2026-09-21T15:08:35Z] B2 PPO update 1 transitions=1024
2026-09-21T15:59:42Z pid=4111523 b2_t=1316 b2_ep=173 b2_succ=50 full_t=0 full_ep=0 full_succ=0 | [2026-09-21T15:08:35Z] B2 PPO update 1 transitions=1024
2026-09-21T16:00:42Z pid=4111523 b2_t=1343 b2_ep=177 b2_succ=51 full_t=0 full_ep=0 full_succ=0 | [2026-09-21T15:08:35Z] B2 PPO update 1 transitions=1024
2026-09-21T16:01:42Z pid=4111523 b2_t=1369 b2_ep=181 b2_succ=53 full_t=0 full_ep=0 full_succ=0 | [2026-09-21T15:08:35Z] B2 PPO update 1 transitions=1024
2026-09-21T16:02:42Z pid=4111523 b2_t=1394 b2_ep=184 b2_succ=54 full_t=0 full_ep=0 full_succ=0 | [2026-09-21T15:08:35Z] B2 PPO update 1 transitions=1024
2026-09-21T16:03:42Z pid=4111523 b2_t=1418 b2_ep=187 b2_succ=54 full_t=0 full_ep=0 full_succ=0 | [2026-09-21T15:08:35Z] B2 PPO update 1 transitions=1024
2026-09-21T16:04:42Z pid=4111523 b2_t=1442 b2_ep=191 b2_succ=56 full_t=0 full_ep=0 full_succ=0 | [2026-09-21T15:08:35Z] B2 PPO update 1 transitions=1024
2026-09-21T16:05:42Z pid=4111523 b2_t=1470 b2_ep=195 b2_succ=60 full_t=0 full_ep=0 full_succ=0 | [2026-09-21T15:08:35Z] B2 PPO update 1 transitions=1024
2026-09-21T16:06:43Z pid=4111523 b2_t=1496 b2_ep=199 b2_succ=62 full_t=0 full_ep=0 full_succ=0 | [2026-09-21T15:08:35Z] B2 PPO update 1 transitions=1024
2026-09-21T16:07:43Z pid=4111523 b2_t=1521 b2_ep=203 b2_succ=63 full_t=0 full_ep=0 full_succ=0 | [2026-09-21T15:08:35Z] B2 PPO update 1 transitions=1024
2026-09-21T16:08:43Z pid=4111523 b2_t=1546 b2_ep=206 b2_succ=63 full_t=0 full_ep=0 full_succ=0 | [2026-09-21T15:08:35Z] B2 PPO update 1 transitions=1024
2026-09-21T16:09:43Z pid=4111523 b2_t=1572 b2_ep=210 b2_succ=65 full_t=0 full_ep=0 full_succ=0 | [2026-09-21T15:08:35Z] B2 PPO update 1 transitions=1024
2026-09-21T16:10:43Z pid=4111523 b2_t=1597 b2_ep=214 b2_succ=67 full_t=0 full_ep=0 full_succ=0 | [2026-09-21T15:08:35Z] B2 PPO update 1 transitions=1024
2026-09-21T16:11:43Z pid=4111523 b2_t=1621 b2_ep=218 b2_succ=68 full_t=0 full_ep=0 full_succ=0 | [2026-09-21T15:08:35Z] B2 PPO update 1 transitions=1024
2026-09-21T16:12:43Z pid=4111523 b2_t=1648 b2_ep=221 b2_succ=68 full_t=0 full_ep=0 full_succ=0 | [2026-09-21T15:08:35Z] B2 PPO update 1 transitions=1024
2026-09-21T16:13:43Z pid=4111523 b2_t=1674 b2_ep=224 b2_succ=70 full_t=0 full_ep=0 full_succ=0 | [2026-09-21T15:08:35Z] B2 PPO update 1 transitions=1024
2026-09-21T16:14:43Z pid=4111523 b2_t=1699 b2_ep=228 b2_succ=72 full_t=0 full_ep=0 full_succ=0 | [2026-09-21T15:08:35Z] B2 PPO update 1 transitions=1024
2026-09-21T16:15:43Z pid=4111523 b2_t=1726 b2_ep=232 b2_succ=74 full_t=0 full_ep=0 full_succ=0 | [2026-09-21T15:08:35Z] B2 PPO update 1 transitions=1024
2026-09-21T16:16:43Z pid=4111523 b2_t=1754 b2_ep=236 b2_succ=76 full_t=0 full_ep=0 full_succ=0 | [2026-09-21T15:08:35Z] B2 PPO update 1 transitions=1024
2026-09-21T16:17:43Z pid=4111523 b2_t=1779 b2_ep=239 b2_succ=76 full_t=0 full_ep=0 full_succ=0 | [2026-09-21T15:08:35Z] B2 PPO update 1 transitions=1024
2026-09-21T16:18:44Z pid=4111523 b2_t=1805 b2_ep=244 b2_succ=78 full_t=0 full_ep=0 full_succ=0 | [2026-09-21T15:08:35Z] B2 PPO update 1 transitions=1024
2026-09-21T16:19:44Z pid=4111523 b2_t=1830 b2_ep=247 b2_succ=80 full_t=0 full_ep=0 full_succ=0 | [2026-09-21T15:08:35Z] B2 PPO update 1 transitions=1024
2026-09-21T16:20:44Z pid=4111523 b2_t=1856 b2_ep=251 b2_succ=83 full_t=0 full_ep=0 full_succ=0 | [2026-09-21T15:08:35Z] B2 PPO update 1 transitions=1024
2026-09-21T16:21:44Z pid=4111523 b2_t=1883 b2_ep=254 b2_succ=84 full_t=0 full_ep=0 full_succ=0 | [2026-09-21T15:08:35Z] B2 PPO update 1 transitions=1024
2026-09-21T16:22:44Z pid=4111523 b2_t=1908 b2_ep=258 b2_succ=86 full_t=0 full_ep=0 full_succ=0 | [2026-09-21T15:08:35Z] B2 PPO update 1 transitions=1024
2026-09-21T16:23:44Z pid=4111523 b2_t=1935 b2_ep=262 b2_succ=89 full_t=0 full_ep=0 full_succ=0 | [2026-09-21T15:08:35Z] B2 PPO update 1 transitions=1024
2026-09-21T16:24:44Z pid=4111523 b2_t=1961 b2_ep=266 b2_succ=92 full_t=0 full_ep=0 full_succ=0 | [2026-09-21T15:08:35Z] B2 PPO update 1 transitions=1024
2026-09-21T16:25:44Z pid=4111523 b2_t=1987 b2_ep=269 b2_succ=93 full_t=0 full_ep=0 full_succ=0 | [2026-09-21T15:08:35Z] B2 PPO update 1 transitions=1024
2026-09-21T16:26:44Z pid=4111523 b2_t=2015 b2_ep=273 b2_succ=95 full_t=0 full_ep=0 full_succ=0 | [2026-09-21T15:08:35Z] B2 PPO update 1 transitions=1024
2026-09-21T16:27:44Z pid=4111523 b2_t=2041 b2_ep=276 b2_succ=96 full_t=0 full_ep=0 full_succ=0 | [2026-09-21T15:08:35Z] B2 PPO update 1 transitions=1024
2026-09-21T16:28:44Z pid=4111523 b2_t=2048 b2_ep=277 b2_succ=96 full_t=0 full_ep=0 full_succ=0 | [2026-09-21T16:27:59Z] B2 PPO update 2 transitions=1024
2026-09-21T16:29:44Z pid=4111523 b2_t=2048 b2_ep=277 b2_succ=96 full_t=0 full_ep=0 full_succ=0 | [2026-09-21T16:27:59Z] B2 PPO update 2 transitions=1024
2026-09-21T16:30:45Z pid=4111523 b2_t=2048 b2_ep=277 b2_succ=96 full_t=0 full_ep=0 full_succ=0 | [2026-09-21T16:27:59Z] B2 PPO update 2 transitions=1024
2026-09-21T16:31:45Z pid=4111523 b2_t=2048 b2_ep=277 b2_succ=96 full_t=0 full_ep=0 full_succ=0 | [2026-09-21T16:27:59Z] B2 PPO update 2 transitions=1024
2026-09-21T16:32:45Z pid=4111523 b2_t=2048 b2_ep=277 b2_succ=96 full_t=0 full_ep=0 full_succ=0 | [2026-09-21T16:27:59Z] B2 PPO update 2 transitions=1024
2026-09-21T16:33:45Z pid=4111523 b2_t=2048 b2_ep=277 b2_succ=96 full_t=0 full_ep=0 full_succ=0 | [2026-09-21T16:27:59Z] B2 PPO update 2 transitions=1024
2026-09-21T16:34:45Z pid=4111523 b2_t=2048 b2_ep=277 b2_succ=96 full_t=0 full_ep=0 full_succ=0 | [2026-09-21T16:27:59Z] B2 PPO update 2 transitions=1024
2026-09-21T16:35:45Z pid=4111523 b2_t=2048 b2_ep=277 b2_succ=96 full_t=0 full_ep=0 full_succ=0 | [2026-09-21T16:27:59Z] B2 PPO update 2 transitions=1024
2026-09-21T16:36:45Z pid=4111523 b2_t=2048 b2_ep=277 b2_succ=96 full_t=0 full_ep=0 full_succ=0 | [2026-09-21T16:27:59Z] B2 PPO update 2 transitions=1024
2026-09-21T16:37:45Z pid=4111523 b2_t=2048 b2_ep=277 b2_succ=96 full_t=0 full_ep=0 full_succ=0 | [2026-09-21T16:27:59Z] B2 PPO update 2 transitions=1024
2026-09-21T16:38:45Z pid=4111523 b2_t=2048 b2_ep=277 b2_succ=96 full_t=0 full_ep=0 full_succ=0 | [2026-09-21T16:27:59Z] B2 PPO update 2 transitions=1024
2026-09-21T16:39:45Z pid=4111523 b2_t=2048 b2_ep=277 b2_succ=96 full_t=0 full_ep=0 full_succ=0 | [2026-09-21T16:27:59Z] B2 PPO update 2 transitions=1024
2026-09-21T16:40:45Z pid=4111523 b2_t=2048 b2_ep=277 b2_succ=96 full_t=0 full_ep=0 full_succ=0 | [2026-09-21T16:27:59Z] B2 PPO update 2 transitions=1024
2026-09-21T16:41:45Z pid=4111523 b2_t=2048 b2_ep=277 b2_succ=96 full_t=0 full_ep=0 full_succ=0 | [2026-09-21T16:27:59Z] B2 PPO update 2 transitions=1024
2026-09-21T16:42:46Z pid=4111523 b2_t=2048 b2_ep=277 b2_succ=96 full_t=0 full_ep=0 full_succ=0 | [2026-09-21T16:27:59Z] B2 PPO update 2 transitions=1024
2026-09-21T16:43:46Z pid=4111523 b2_t=2048 b2_ep=277 b2_succ=96 full_t=0 full_ep=0 full_succ=0 | [2026-09-21T16:27:59Z] B2 PPO update 2 transitions=1024
2026-09-21T16:44:46Z pid=4111523 b2_t=2048 b2_ep=277 b2_succ=96 full_t=0 full_ep=0 full_succ=0 | [2026-09-21T16:27:59Z] B2 PPO update 2 transitions=1024
2026-09-21T16:45:46Z pid=4111523 b2_t=2048 b2_ep=277 b2_succ=96 full_t=0 full_ep=0 full_succ=0 | [2026-09-21T16:27:59Z] B2 PPO update 2 transitions=1024
2026-09-21T16:46:46Z pid=4111523 b2_t=2048 b2_ep=277 b2_succ=96 full_t=0 full_ep=0 full_succ=0 | [2026-09-21T16:27:59Z] B2 PPO update 2 transitions=1024
2026-09-21T16:47:46Z pid=4111523 b2_t=2048 b2_ep=277 b2_succ=96 full_t=0 full_ep=0 full_succ=0 | [2026-09-21T16:27:59Z] B2 PPO update 2 transitions=1024
2026-09-21T16:48:46Z pid=4111523 b2_t=2048 b2_ep=277 b2_succ=96 full_t=0 full_ep=0 full_succ=0 | [2026-09-21T16:27:59Z] B2 PPO update 2 transitions=1024
2026-09-21T16:49:46Z pid=4111523 b2_t=2048 b2_ep=277 b2_succ=96 full_t=0 full_ep=0 full_succ=0 | [2026-09-21T16:27:59Z] B2 PPO update 2 transitions=1024
2026-09-21T16:50:46Z pid=4111523 b2_t=2048 b2_ep=277 b2_succ=96 full_t=0 full_ep=0 full_succ=0 | [2026-09-21T16:27:59Z] B2 PPO update 2 transitions=1024
2026-09-21T16:51:46Z pid=4111523 b2_t=2069 b2_ep=282 b2_succ=101 full_t=0 full_ep=0 full_succ=0 | [2026-09-21T16:27:59Z] B2 PPO update 2 transitions=1024
2026-09-21T16:52:46Z pid=4111523 b2_t=2093 b2_ep=285 b2_succ=102 full_t=0 full_ep=0 full_succ=0 | [2026-09-21T16:27:59Z] B2 PPO update 2 transitions=1024
2026-09-21T16:53:47Z pid=4111523 b2_t=2119 b2_ep=289 b2_succ=105 full_t=0 full_ep=0 full_succ=0 | [2026-09-21T16:27:59Z] B2 PPO update 2 transitions=1024
2026-09-21T16:54:47Z pid=4111523 b2_t=2146 b2_ep=293 b2_succ=108 full_t=0 full_ep=0 full_succ=0 | [2026-09-21T16:27:59Z] B2 PPO update 2 transitions=1024
2026-09-21T16:55:47Z pid=4111523 b2_t=2170 b2_ep=297 b2_succ=110 full_t=0 full_ep=0 full_succ=0 | [2026-09-21T16:27:59Z] B2 PPO update 2 transitions=1024
2026-09-21T16:56:47Z pid=4111523 b2_t=2193 b2_ep=300 b2_succ=111 full_t=0 full_ep=0 full_succ=0 | [2026-09-21T16:27:59Z] B2 PPO update 2 transitions=1024
2026-09-21T16:57:47Z pid=4111523 b2_t=2219 b2_ep=304 b2_succ=112 full_t=0 full_ep=0 full_succ=0 | [2026-09-21T16:27:59Z] B2 PPO update 2 transitions=1024
2026-09-21T16:58:47Z pid=4111523 b2_t=2244 b2_ep=308 b2_succ=114 full_t=0 full_ep=0 full_succ=0 | [2026-09-21T16:27:59Z] B2 PPO update 2 transitions=1024
2026-09-21T16:59:47Z pid=4111523 b2_t=2269 b2_ep=311 b2_succ=115 full_t=0 full_ep=0 full_succ=0 | [2026-09-21T16:27:59Z] B2 PPO update 2 transitions=1024
2026-09-21T17:00:47Z pid=4111523 b2_t=2298 b2_ep=315 b2_succ=116 full_t=0 full_ep=0 full_succ=0 | [2026-09-21T16:27:59Z] B2 PPO update 2 transitions=1024
2026-09-21T17:01:47Z pid=4111523 b2_t=2323 b2_ep=319 b2_succ=118 full_t=0 full_ep=0 full_succ=0 | [2026-09-21T16:27:59Z] B2 PPO update 2 transitions=1024
2026-09-21T17:02:47Z pid=4111523 b2_t=2348 b2_ep=322 b2_succ=119 full_t=0 full_ep=0 full_succ=0 | [2026-09-21T16:27:59Z] B2 PPO update 2 transitions=1024
2026-09-21T17:03:47Z pid=4111523 b2_t=2375 b2_ep=326 b2_succ=122 full_t=0 full_ep=0 full_succ=0 | [2026-09-21T16:27:59Z] B2 PPO update 2 transitions=1024
2026-09-21T17:04:47Z pid=4111523 b2_t=2400 b2_ep=331 b2_succ=127 full_t=0 full_ep=0 full_succ=0 | [2026-09-21T16:27:59Z] B2 PPO update 2 transitions=1024
2026-09-21T17:05:48Z pid=4111523 b2_t=2427 b2_ep=335 b2_succ=130 full_t=0 full_ep=0 full_succ=0 | [2026-09-21T16:27:59Z] B2 PPO update 2 transitions=1024
2026-09-21T17:06:48Z pid=4111523 b2_t=2452 b2_ep=340 b2_succ=135 full_t=0 full_ep=0 full_succ=0 | [2026-09-21T16:27:59Z] B2 PPO update 2 transitions=1024
2026-09-21T17:07:48Z pid=4111523 b2_t=2478 b2_ep=344 b2_succ=137 full_t=0 full_ep=0 full_succ=0 | [2026-09-21T16:27:59Z] B2 PPO update 2 transitions=1024
2026-09-21T17:08:48Z pid=4111523 b2_t=2503 b2_ep=348 b2_succ=138 full_t=0 full_ep=0 full_succ=0 | [2026-09-21T16:27:59Z] B2 PPO update 2 transitions=1024
2026-09-21T17:09:48Z pid=4111523 b2_t=2529 b2_ep=352 b2_succ=141 full_t=0 full_ep=0 full_succ=0 | [2026-09-21T16:27:59Z] B2 PPO update 2 transitions=1024
2026-09-21T17:10:48Z pid=4111523 b2_t=2555 b2_ep=356 b2_succ=143 full_t=0 full_ep=0 full_succ=0 | [2026-09-21T16:27:59Z] B2 PPO update 2 transitions=1024
2026-09-21T17:11:48Z pid=4111523 b2_t=2582 b2_ep=359 b2_succ=145 full_t=0 full_ep=0 full_succ=0 | [2026-09-21T16:27:59Z] B2 PPO update 2 transitions=1024
2026-09-21T17:12:48Z pid=4111523 b2_t=2607 b2_ep=363 b2_succ=147 full_t=0 full_ep=0 full_succ=0 | [2026-09-21T16:27:59Z] B2 PPO update 2 transitions=1024
2026-09-21T17:13:48Z pid=4111523 b2_t=2632 b2_ep=370 b2_succ=152 full_t=0 full_ep=0 full_succ=0 | [2026-09-21T16:27:59Z] B2 PPO update 2 transitions=1024
2026-09-21T17:14:48Z pid=4111523 b2_t=2658 b2_ep=374 b2_succ=155 full_t=0 full_ep=0 full_succ=0 | [2026-09-21T16:27:59Z] B2 PPO update 2 transitions=1024
2026-09-21T17:15:48Z pid=4111523 b2_t=2684 b2_ep=377 b2_succ=156 full_t=0 full_ep=0 full_succ=0 | [2026-09-21T16:27:59Z] B2 PPO update 2 transitions=1024
2026-09-21T17:16:48Z pid=4111523 b2_t=2709 b2_ep=383 b2_succ=160 full_t=0 full_ep=0 full_succ=0 | [2026-09-21T16:27:59Z] B2 PPO update 2 transitions=1024
2026-09-21T17:17:49Z pid=4111523 b2_t=2735 b2_ep=387 b2_succ=163 full_t=0 full_ep=0 full_succ=0 | [2026-09-21T16:27:59Z] B2 PPO update 2 transitions=1024
2026-09-21T17:18:49Z pid=4111523 b2_t=2761 b2_ep=393 b2_succ=168 full_t=0 full_ep=0 full_succ=0 | [2026-09-21T16:27:59Z] B2 PPO update 2 transitions=1024
2026-09-21T17:19:49Z pid=4111523 b2_t=2786 b2_ep=398 b2_succ=172 full_t=0 full_ep=0 full_succ=0 | [2026-09-21T16:27:59Z] B2 PPO update 2 transitions=1024
2026-09-21T17:20:49Z pid=4111523 b2_t=2812 b2_ep=401 b2_succ=172 full_t=0 full_ep=0 full_succ=0 | [2026-09-21T16:27:59Z] B2 PPO update 2 transitions=1024
2026-09-21T17:21:49Z pid=4111523 b2_t=2839 b2_ep=406 b2_succ=173 full_t=0 full_ep=0 full_succ=0 | [2026-09-21T16:27:59Z] B2 PPO update 2 transitions=1024
2026-09-21T17:22:49Z pid=4111523 b2_t=2866 b2_ep=409 b2_succ=173 full_t=0 full_ep=0 full_succ=0 | [2026-09-21T16:27:59Z] B2 PPO update 2 transitions=1024
2026-09-21T17:23:49Z pid=4111523 b2_t=2894 b2_ep=413 b2_succ=175 full_t=0 full_ep=0 full_succ=0 | [2026-09-21T16:27:59Z] B2 PPO update 2 transitions=1024
2026-09-21T17:24:49Z pid=4111523 b2_t=2921 b2_ep=417 b2_succ=176 full_t=0 full_ep=0 full_succ=0 | [2026-09-21T16:27:59Z] B2 PPO update 2 transitions=1024
2026-09-21T17:25:49Z pid=4111523 b2_t=2946 b2_ep=421 b2_succ=178 full_t=0 full_ep=0 full_succ=0 | [2026-09-21T16:27:59Z] B2 PPO update 2 transitions=1024
2026-09-21T17:26:49Z pid=4111523 b2_t=2971 b2_ep=425 b2_succ=181 full_t=0 full_ep=0 full_succ=0 | [2026-09-21T16:27:59Z] B2 PPO update 2 transitions=1024
2026-09-21T17:27:49Z pid=4111523 b2_t=2998 b2_ep=430 b2_succ=184 full_t=0 full_ep=0 full_succ=0 | [2026-09-21T16:27:59Z] B2 PPO update 2 transitions=1024
2026-09-21T17:28:49Z pid=4111523 b2_t=3024 b2_ep=434 b2_succ=187 full_t=0 full_ep=0 full_succ=0 | [2026-09-21T16:27:59Z] B2 PPO update 2 transitions=1024
2026-09-21T17:29:50Z pid=4111523 b2_t=3051 b2_ep=439 b2_succ=191 full_t=0 full_ep=0 full_succ=0 | [2026-09-21T16:27:59Z] B2 PPO update 2 transitions=1024
2026-09-21T17:30:50Z pid=4111523 b2_t=3072 b2_ep=442 b2_succ=193 full_t=0 full_ep=0 full_succ=0 | [2026-09-21T17:30:33Z] B2 PPO update 3 transitions=1024
2026-09-21T17:31:50Z pid=4111523 b2_t=3072 b2_ep=442 b2_succ=193 full_t=0 full_ep=0 full_succ=0 | [2026-09-21T17:30:33Z] B2 PPO update 3 transitions=1024
2026-09-21T17:32:50Z pid=4111523 b2_t=3072 b2_ep=442 b2_succ=193 full_t=0 full_ep=0 full_succ=0 | [2026-09-21T17:30:33Z] B2 PPO update 3 transitions=1024
2026-09-21T17:33:50Z pid=4111523 b2_t=3072 b2_ep=442 b2_succ=193 full_t=0 full_ep=0 full_succ=0 | [2026-09-21T17:30:33Z] B2 PPO update 3 transitions=1024
2026-09-21T17:34:50Z pid=4111523 b2_t=3072 b2_ep=442 b2_succ=193 full_t=0 full_ep=0 full_succ=0 | [2026-09-21T17:30:33Z] B2 PPO update 3 transitions=1024
2026-09-21T17:35:50Z pid=4111523 b2_t=3072 b2_ep=442 b2_succ=193 full_t=0 full_ep=0 full_succ=0 | [2026-09-21T17:30:33Z] B2 PPO update 3 transitions=1024
2026-09-21T17:36:50Z pid=4111523 b2_t=3072 b2_ep=442 b2_succ=193 full_t=0 full_ep=0 full_succ=0 | [2026-09-21T17:30:33Z] B2 PPO update 3 transitions=1024
2026-09-21T17:37:50Z pid=4111523 b2_t=3072 b2_ep=442 b2_succ=193 full_t=0 full_ep=0 full_succ=0 | [2026-09-21T17:30:33Z] B2 PPO update 3 transitions=1024
2026-09-21T17:38:50Z pid=4111523 b2_t=3072 b2_ep=442 b2_succ=193 full_t=0 full_ep=0 full_succ=0 | [2026-09-21T17:30:33Z] B2 PPO update 3 transitions=1024
2026-09-21T17:39:50Z pid=4111523 b2_t=3072 b2_ep=442 b2_succ=193 full_t=0 full_ep=0 full_succ=0 | [2026-09-21T17:30:33Z] B2 PPO update 3 transitions=1024
2026-09-21T17:40:50Z pid=4111523 b2_t=3072 b2_ep=442 b2_succ=193 full_t=0 full_ep=0 full_succ=0 | [2026-09-21T17:30:33Z] B2 PPO update 3 transitions=1024
2026-09-21T17:41:51Z pid=4111523 b2_t=3072 b2_ep=442 b2_succ=193 full_t=0 full_ep=0 full_succ=0 | [2026-09-21T17:30:33Z] B2 PPO update 3 transitions=1024
2026-09-21T17:42:51Z pid=4111523 b2_t=3072 b2_ep=442 b2_succ=193 full_t=0 full_ep=0 full_succ=0 | [2026-09-21T17:30:33Z] B2 PPO update 3 transitions=1024
2026-09-21T17:43:51Z pid=4111523 b2_t=3072 b2_ep=442 b2_succ=193 full_t=0 full_ep=0 full_succ=0 | [2026-09-21T17:30:33Z] B2 PPO update 3 transitions=1024
2026-09-21T17:44:51Z pid=4111523 b2_t=3072 b2_ep=442 b2_succ=193 full_t=0 full_ep=0 full_succ=0 | [2026-09-21T17:30:33Z] B2 PPO update 3 transitions=1024
2026-09-21T17:45:51Z pid=4111523 b2_t=3097 b2_ep=447 b2_succ=198 full_t=0 full_ep=0 full_succ=0 | [2026-09-21T17:30:33Z] B2 PPO update 3 transitions=1024
2026-09-21T17:46:51Z pid=4111523 b2_t=3128 b2_ep=453 b2_succ=204 full_t=0 full_ep=0 full_succ=0 | [2026-09-21T17:30:33Z] B2 PPO update 3 transitions=1024
2026-09-21T17:47:51Z pid=4111523 b2_t=3159 b2_ep=460 b2_succ=210 full_t=0 full_ep=0 full_succ=0 | [2026-09-21T17:30:33Z] B2 PPO update 3 transitions=1024
2026-09-21T17:48:51Z pid=4111523 b2_t=3191 b2_ep=466 b2_succ=215 full_t=0 full_ep=0 full_succ=0 | [2026-09-21T17:30:33Z] B2 PPO update 3 transitions=1024
2026-09-21T17:49:51Z pid=4111523 b2_t=3223 b2_ep=473 b2_succ=220 full_t=0 full_ep=0 full_succ=0 | [2026-09-21T17:30:33Z] B2 PPO update 3 transitions=1024
2026-09-21T17:50:51Z pid=4111523 b2_t=3252 b2_ep=480 b2_succ=225 full_t=0 full_ep=0 full_succ=0 | [2026-09-21T17:30:33Z] B2 PPO update 3 transitions=1024
2026-09-21T17:51:51Z pid=4111523 b2_t=3285 b2_ep=485 b2_succ=229 full_t=0 full_ep=0 full_succ=0 | [2026-09-21T17:30:33Z] B2 PPO update 3 transitions=1024
2026-09-21T17:52:51Z pid=4111523 b2_t=3316 b2_ep=491 b2_succ=234 full_t=0 full_ep=0 full_succ=0 | [2026-09-21T17:30:33Z] B2 PPO update 3 transitions=1024
2026-09-21T17:53:51Z pid=4111523 b2_t=3346 b2_ep=497 b2_succ=238 full_t=0 full_ep=0 full_succ=0 | [2026-09-21T17:30:33Z] B2 PPO update 3 transitions=1024
2026-09-21T17:54:52Z pid=4111523 b2_t=3376 b2_ep=505 b2_succ=245 full_t=0 full_ep=0 full_succ=0 | [2026-09-21T17:30:33Z] B2 PPO update 3 transitions=1024
2026-09-21T17:55:52Z pid=4111523 b2_t=3408 b2_ep=510 b2_succ=248 full_t=0 full_ep=0 full_succ=0 | [2026-09-21T17:30:33Z] B2 PPO update 3 transitions=1024
2026-09-21T17:56:52Z pid=4111523 b2_t=3439 b2_ep=515 b2_succ=252 full_t=0 full_ep=0 full_succ=0 | [2026-09-21T17:30:33Z] B2 PPO update 3 transitions=1024
2026-09-21T17:57:52Z pid=4111523 b2_t=3470 b2_ep=522 b2_succ=258 full_t=0 full_ep=0 full_succ=0 | [2026-09-21T17:30:33Z] B2 PPO update 3 transitions=1024
2026-09-21T17:58:52Z pid=4111523 b2_t=3503 b2_ep=528 b2_succ=263 full_t=0 full_ep=0 full_succ=0 | [2026-09-21T17:30:33Z] B2 PPO update 3 transitions=1024
2026-09-21T17:59:52Z pid=4111523 b2_t=3533 b2_ep=535 b2_succ=268 full_t=0 full_ep=0 full_succ=0 | [2026-09-21T17:30:33Z] B2 PPO update 3 transitions=1024
2026-09-21T18:00:52Z pid=4111523 b2_t=3565 b2_ep=542 b2_succ=275 full_t=0 full_ep=0 full_succ=0 | [2026-09-21T17:30:33Z] B2 PPO update 3 transitions=1024
2026-09-21T18:01:52Z pid=4111523 b2_t=3597 b2_ep=547 b2_succ=277 full_t=0 full_ep=0 full_succ=0 | [2026-09-21T17:30:33Z] B2 PPO update 3 transitions=1024
2026-09-21T18:02:52Z pid=4111523 b2_t=3628 b2_ep=552 b2_succ=280 full_t=0 full_ep=0 full_succ=0 | [2026-09-21T17:30:33Z] B2 PPO update 3 transitions=1024
2026-09-21T18:03:52Z pid=4111523 b2_t=3659 b2_ep=558 b2_succ=285 full_t=0 full_ep=0 full_succ=0 | [2026-09-21T17:30:33Z] B2 PPO update 3 transitions=1024
2026-09-21T18:04:52Z pid=4111523 b2_t=3693 b2_ep=564 b2_succ=290 full_t=0 full_ep=0 full_succ=0 | [2026-09-21T17:30:33Z] B2 PPO update 3 transitions=1024
2026-09-21T18:05:52Z pid=4111523 b2_t=3722 b2_ep=571 b2_succ=296 full_t=0 full_ep=0 full_succ=0 | [2026-09-21T17:30:33Z] B2 PPO update 3 transitions=1024
2026-09-21T18:06:53Z pid=4111523 b2_t=3752 b2_ep=577 b2_succ=300 full_t=0 full_ep=0 full_succ=0 | [2026-09-21T17:30:33Z] B2 PPO update 3 transitions=1024
2026-09-21T18:07:53Z pid=4111523 b2_t=3783 b2_ep=583 b2_succ=305 full_t=0 full_ep=0 full_succ=0 | [2026-09-21T17:30:33Z] B2 PPO update 3 transitions=1024
2026-09-21T18:08:53Z pid=4111523 b2_t=3816 b2_ep=588 b2_succ=310 full_t=0 full_ep=0 full_succ=0 | [2026-09-21T17:30:33Z] B2 PPO update 3 transitions=1024
2026-09-21T18:09:53Z pid=4111523 b2_t=3847 b2_ep=595 b2_succ=317 full_t=0 full_ep=0 full_succ=0 | [2026-09-21T17:30:33Z] B2 PPO update 3 transitions=1024
2026-09-21T18:10:53Z pid=4111523 b2_t=3879 b2_ep=601 b2_succ=322 full_t=0 full_ep=0 full_succ=0 | [2026-09-21T17:30:33Z] B2 PPO update 3 transitions=1024
2026-09-21T18:11:53Z pid=4111523 b2_t=3908 b2_ep=608 b2_succ=328 full_t=0 full_ep=0 full_succ=0 | [2026-09-21T17:30:33Z] B2 PPO update 3 transitions=1024
2026-09-21T18:12:53Z pid=4111523 b2_t=3940 b2_ep=614 b2_succ=333 full_t=0 full_ep=0 full_succ=0 | [2026-09-21T17:30:33Z] B2 PPO update 3 transitions=1024
2026-09-21T18:13:53Z pid=4111523 b2_t=3969 b2_ep=620 b2_succ=338 full_t=0 full_ep=0 full_succ=0 | [2026-09-21T17:30:33Z] B2 PPO update 3 transitions=1024
2026-09-21T18:14:53Z pid=4111523 b2_t=4001 b2_ep=627 b2_succ=344 full_t=0 full_ep=0 full_succ=0 | [2026-09-21T17:30:33Z] B2 PPO update 3 transitions=1024
2026-09-21T18:15:53Z pid=4111523 b2_t=4030 b2_ep=634 b2_succ=350 full_t=0 full_ep=0 full_succ=0 | [2026-09-21T17:30:33Z] B2 PPO update 3 transitions=1024
2026-09-21T18:16:53Z pid=4111523 b2_t=4059 b2_ep=641 b2_succ=357 full_t=0 full_ep=0 full_succ=0 | [2026-09-21T17:30:33Z] B2 PPO update 3 transitions=1024
2026-09-21T18:17:53Z pid=4111523 b2_t=4089 b2_ep=646 b2_succ=361 full_t=0 full_ep=0 full_succ=0 | [2026-09-21T17:30:33Z] B2 PPO update 3 transitions=1024
2026-09-21T18:18:53Z pid=4111523 b2_t=4096 b2_ep=648 b2_succ=362 full_t=0 full_ep=0 full_succ=0 | [2026-09-21T18:18:04Z] B2 PPO update 4 transitions=1024
2026-09-21T18:19:54Z pid=4111523 b2_t=4096 b2_ep=648 b2_succ=362 full_t=0 full_ep=0 full_succ=0 | [2026-09-21T18:18:04Z] B2 PPO update 4 transitions=1024
2026-09-21T18:20:54Z pid=4111523 b2_t=4096 b2_ep=648 b2_succ=362 full_t=0 full_ep=0 full_succ=0 | [2026-09-21T18:18:04Z] B2 PPO update 4 transitions=1024
2026-09-21T18:21:54Z pid=4111523 b2_t=4096 b2_ep=648 b2_succ=362 full_t=0 full_ep=0 full_succ=0 | [2026-09-21T18:18:04Z] B2 PPO update 4 transitions=1024
2026-09-21T18:22:54Z pid=4111523 b2_t=4096 b2_ep=648 b2_succ=362 full_t=0 full_ep=0 full_succ=0 | [2026-09-21T18:18:04Z] B2 PPO update 4 transitions=1024
2026-09-21T18:23:54Z pid=4111523 b2_t=4096 b2_ep=648 b2_succ=362 full_t=0 full_ep=0 full_succ=0 | [2026-09-21T18:18:04Z] B2 PPO update 4 transitions=1024
2026-09-21T18:24:54Z pid=4111523 b2_t=4096 b2_ep=648 b2_succ=362 full_t=0 full_ep=0 full_succ=0 | [2026-09-21T18:18:04Z] B2 PPO update 4 transitions=1024
2026-09-21T18:25:54Z pid=4111523 b2_t=4096 b2_ep=648 b2_succ=362 full_t=0 full_ep=0 full_succ=0 | [2026-09-21T18:18:04Z] B2 PPO update 4 transitions=1024
2026-09-21T18:26:54Z pid=4111523 b2_t=4096 b2_ep=648 b2_succ=362 full_t=0 full_ep=0 full_succ=0 | [2026-09-21T18:18:04Z] B2 PPO update 4 transitions=1024
2026-09-21T18:27:54Z pid=4111523 b2_t=4096 b2_ep=648 b2_succ=362 full_t=0 full_ep=0 full_succ=0 | [2026-09-21T18:18:04Z] B2 PPO update 4 transitions=1024
2026-09-21T18:28:54Z pid=4111523 b2_t=4096 b2_ep=648 b2_succ=362 full_t=0 full_ep=0 full_succ=0 | [2026-09-21T18:18:04Z] B2 PPO update 4 transitions=1024
2026-09-21T18:29:54Z pid=4111523 b2_t=4096 b2_ep=648 b2_succ=362 full_t=0 full_ep=0 full_succ=0 | [2026-09-21T18:18:04Z] B2 PPO update 4 transitions=1024
2026-09-21T18:30:54Z pid=4111523 b2_t=4096 b2_ep=648 b2_succ=362 full_t=0 full_ep=0 full_succ=0 | [2026-09-21T18:18:04Z] B2 PPO update 4 transitions=1024
2026-09-21T18:31:55Z pid=4111523 b2_t=4096 b2_ep=648 b2_succ=362 full_t=0 full_ep=0 full_succ=0 | [2026-09-21T18:18:04Z] B2 PPO update 4 transitions=1024
2026-09-21T18:32:55Z pid=4111523 b2_t=4096 b2_ep=648 b2_succ=362 full_t=0 full_ep=0 full_succ=0 | [2026-09-21T18:18:04Z] B2 PPO update 4 transitions=1024
2026-09-21T18:33:55Z pid=4111523 b2_t=4096 b2_ep=648 b2_succ=362 full_t=0 full_ep=0 full_succ=0 | [2026-09-21T18:33:43Z] B2 eval update 4
2026-09-21T18:34:55Z pid=4111523 b2_t=4099 b2_ep=648 b2_succ=362 full_t=0 full_ep=0 full_succ=0 | [2026-09-21T18:33:43Z] B2 eval update 4
2026-09-21T18:35:55Z pid=4111523 b2_t=4129 b2_ep=655 b2_succ=368 full_t=0 full_ep=0 full_succ=0 | [2026-09-21T18:33:43Z] B2 eval update 4
2026-09-21T18:36:55Z pid=4111523 b2_t=4157 b2_ep=662 b2_succ=375 full_t=0 full_ep=0 full_succ=0 | [2026-09-21T18:33:43Z] B2 eval update 4
2026-09-21T18:37:55Z pid=4111523 b2_t=4187 b2_ep=669 b2_succ=382 full_t=0 full_ep=0 full_succ=0 | [2026-09-21T18:33:43Z] B2 eval update 4
2026-09-21T18:38:55Z pid=4111523 b2_t=4215 b2_ep=675 b2_succ=387 full_t=0 full_ep=0 full_succ=0 | [2026-09-21T18:33:43Z] B2 eval update 4
2026-09-21T18:39:55Z pid=4111523 b2_t=4245 b2_ep=683 b2_succ=395 full_t=0 full_ep=0 full_succ=0 | [2026-09-21T18:33:43Z] B2 eval update 4
2026-09-21T18:40:55Z pid=4111523 b2_t=4276 b2_ep=689 b2_succ=401 full_t=0 full_ep=0 full_succ=0 | [2026-09-21T18:33:43Z] B2 eval update 4
2026-09-21T18:41:55Z pid=4111523 b2_t=4304 b2_ep=696 b2_succ=407 full_t=0 full_ep=0 full_succ=0 | [2026-09-21T18:33:43Z] B2 eval update 4
2026-09-21T18:42:55Z pid=4111523 b2_t=4334 b2_ep=704 b2_succ=415 full_t=0 full_ep=0 full_succ=0 | [2026-09-21T18:33:43Z] B2 eval update 4
2026-09-21T18:43:56Z pid=4111523 b2_t=4364 b2_ep=710 b2_succ=420 full_t=0 full_ep=0 full_succ=0 | [2026-09-21T18:33:43Z] B2 eval update 4
2026-09-21T18:44:56Z pid=4111523 b2_t=4393 b2_ep=717 b2_succ=426 full_t=0 full_ep=0 full_succ=0 | [2026-09-21T18:33:43Z] B2 eval update 4
2026-09-21T18:45:56Z pid=4111523 b2_t=4422 b2_ep=725 b2_succ=433 full_t=0 full_ep=0 full_succ=0 | [2026-09-21T18:33:43Z] B2 eval update 4
2026-09-21T18:46:56Z pid=4111523 b2_t=4452 b2_ep=732 b2_succ=439 full_t=0 full_ep=0 full_succ=0 | [2026-09-21T18:33:43Z] B2 eval update 4
2026-09-21T18:47:56Z pid=4111523 b2_t=4483 b2_ep=739 b2_succ=445 full_t=0 full_ep=0 full_succ=0 | [2026-09-21T18:33:43Z] B2 eval update 4
2026-09-21T18:48:56Z pid=4111523 b2_t=4512 b2_ep=746 b2_succ=452 full_t=0 full_ep=0 full_succ=0 | [2026-09-21T18:33:43Z] B2 eval update 4
2026-09-21T18:49:56Z pid=4111523 b2_t=4542 b2_ep=753 b2_succ=457 full_t=0 full_ep=0 full_succ=0 | [2026-09-21T18:33:43Z] B2 eval update 4
2026-09-21T18:50:56Z pid=4111523 b2_t=4571 b2_ep=761 b2_succ=464 full_t=0 full_ep=0 full_succ=0 | [2026-09-21T18:33:43Z] B2 eval update 4
2026-09-21T18:51:56Z pid=4111523 b2_t=4599 b2_ep=767 b2_succ=470 full_t=0 full_ep=0 full_succ=0 | [2026-09-21T18:33:43Z] B2 eval update 4
2026-09-21T18:52:56Z pid=4111523 b2_t=4628 b2_ep=775 b2_succ=477 full_t=0 full_ep=0 full_succ=0 | [2026-09-21T18:33:43Z] B2 eval update 4
2026-09-21T18:53:56Z pid=4111523 b2_t=4656 b2_ep=782 b2_succ=484 full_t=0 full_ep=0 full_succ=0 | [2026-09-21T18:33:43Z] B2 eval update 4
2026-09-21T18:54:56Z pid=4111523 b2_t=4685 b2_ep=789 b2_succ=490 full_t=0 full_ep=0 full_succ=0 | [2026-09-21T18:33:43Z] B2 eval update 4
2026-09-21T18:55:57Z pid=4111523 b2_t=4716 b2_ep=795 b2_succ=496 full_t=0 full_ep=0 full_succ=0 | [2026-09-21T18:33:43Z] B2 eval update 4
2026-09-21T18:56:57Z pid=4111523 b2_t=4745 b2_ep=801 b2_succ=501 full_t=0 full_ep=0 full_succ=0 | [2026-09-21T18:33:43Z] B2 eval update 4
2026-09-21T18:57:57Z pid=4111523 b2_t=4773 b2_ep=809 b2_succ=508 full_t=0 full_ep=0 full_succ=0 | [2026-09-21T18:33:43Z] B2 eval update 4
2026-09-21T18:58:57Z pid=4111523 b2_t=4803 b2_ep=816 b2_succ=513 full_t=0 full_ep=0 full_succ=0 | [2026-09-21T18:33:43Z] B2 eval update 4
2026-09-21T18:59:57Z pid=4111523 b2_t=4832 b2_ep=824 b2_succ=520 full_t=0 full_ep=0 full_succ=0 | [2026-09-21T18:33:43Z] B2 eval update 4
2026-09-21T19:00:57Z pid=4111523 b2_t=4862 b2_ep=831 b2_succ=527 full_t=0 full_ep=0 full_succ=0 | [2026-09-21T18:33:43Z] B2 eval update 4
2026-09-21T19:01:57Z pid=4111523 b2_t=4894 b2_ep=837 b2_succ=533 full_t=0 full_ep=0 full_succ=0 | [2026-09-21T18:33:43Z] B2 eval update 4
2026-09-21T19:02:57Z pid=4111523 b2_t=4923 b2_ep=844 b2_succ=539 full_t=0 full_ep=0 full_succ=0 | [2026-09-21T18:33:43Z] B2 eval update 4
2026-09-21T19:03:57Z pid=4111523 b2_t=4954 b2_ep=849 b2_succ=543 full_t=0 full_ep=0 full_succ=0 | [2026-09-21T18:33:43Z] B2 eval update 4
2026-09-21T19:04:57Z pid=4111523 b2_t=4985 b2_ep=855 b2_succ=548 full_t=0 full_ep=0 full_succ=0 | [2026-09-21T18:33:43Z] B2 eval update 4
2026-09-21T19:05:57Z pid=4111523 b2_t=5013 b2_ep=864 b2_succ=554 full_t=0 full_ep=0 full_succ=0 | [2026-09-21T18:33:43Z] B2 eval update 4
2026-09-21T19:06:57Z pid=4111523 b2_t=5043 b2_ep=872 b2_succ=562 full_t=0 full_ep=0 full_succ=0 | [2026-09-21T18:33:43Z] B2 eval update 4
2026-09-21T19:07:58Z pid=4111523 b2_t=5071 b2_ep=879 b2_succ=568 full_t=0 full_ep=0 full_succ=0 | [2026-09-21T18:33:43Z] B2 eval update 4
2026-09-21T19:08:58Z pid=4111523 b2_t=5104 b2_ep=885 b2_succ=574 full_t=0 full_ep=0 full_succ=0 | [2026-09-21T18:33:43Z] B2 eval update 4
2026-09-21T19:09:58Z pid=4111523 b2_t=5120 b2_ep=889 b2_succ=578 full_t=0 full_ep=0 full_succ=0 | [2026-09-21T19:09:30Z] B2 PPO update 5 transitions=1024
2026-09-21T19:10:58Z pid=4111523 b2_t=5120 b2_ep=889 b2_succ=578 full_t=0 full_ep=0 full_succ=0 | [2026-09-21T19:09:30Z] B2 PPO update 5 transitions=1024
2026-09-21T19:11:58Z pid=4111523 b2_t=5120 b2_ep=889 b2_succ=578 full_t=0 full_ep=0 full_succ=0 | [2026-09-21T19:09:30Z] B2 PPO update 5 transitions=1024
2026-09-21T19:12:58Z pid=4111523 b2_t=5120 b2_ep=889 b2_succ=578 full_t=0 full_ep=0 full_succ=0 | [2026-09-21T19:09:30Z] B2 PPO update 5 transitions=1024
2026-09-21T19:13:58Z pid=4111523 b2_t=5120 b2_ep=889 b2_succ=578 full_t=0 full_ep=0 full_succ=0 | [2026-09-21T19:09:30Z] B2 PPO update 5 transitions=1024
2026-09-21T19:14:58Z pid=4111523 b2_t=5120 b2_ep=889 b2_succ=578 full_t=0 full_ep=0 full_succ=0 | [2026-09-21T19:09:30Z] B2 PPO update 5 transitions=1024
2026-09-21T19:15:58Z pid=4111523 b2_t=5120 b2_ep=889 b2_succ=578 full_t=0 full_ep=0 full_succ=0 | [2026-09-21T19:09:30Z] B2 PPO update 5 transitions=1024
2026-09-21T19:16:58Z pid=4111523 b2_t=5120 b2_ep=889 b2_succ=578 full_t=0 full_ep=0 full_succ=0 | [2026-09-21T19:09:30Z] B2 PPO update 5 transitions=1024
2026-09-21T19:17:58Z pid=4111523 b2_t=5120 b2_ep=889 b2_succ=578 full_t=0 full_ep=0 full_succ=0 | [2026-09-21T19:09:30Z] B2 PPO update 5 transitions=1024
2026-09-21T19:18:58Z pid=4111523 b2_t=5120 b2_ep=889 b2_succ=578 full_t=0 full_ep=0 full_succ=0 | [2026-09-21T19:09:30Z] B2 PPO update 5 transitions=1024
2026-09-21T19:19:59Z pid=4111523 b2_t=5120 b2_ep=889 b2_succ=578 full_t=0 full_ep=0 full_succ=0 | [2026-09-21T19:09:30Z] B2 PPO update 5 transitions=1024
2026-09-21T19:20:59Z pid=4111523 b2_t=5120 b2_ep=889 b2_succ=578 full_t=0 full_ep=0 full_succ=0 | [2026-09-21T19:09:30Z] B2 PPO update 5 transitions=1024
2026-09-21T19:21:59Z pid=4111523 b2_t=5120 b2_ep=889 b2_succ=578 full_t=0 full_ep=0 full_succ=0 | [2026-09-21T19:09:30Z] B2 PPO update 5 transitions=1024
2026-09-21T19:22:59Z pid=4111523 b2_t=5120 b2_ep=889 b2_succ=578 full_t=0 full_ep=0 full_succ=0 | [2026-09-21T19:09:30Z] B2 PPO update 5 transitions=1024
2026-09-21T19:23:59Z pid=4111523 b2_t=5120 b2_ep=889 b2_succ=578 full_t=0 full_ep=0 full_succ=0 | [2026-09-21T19:09:30Z] B2 PPO update 5 transitions=1024
2026-09-21T19:24:59Z pid=4111523 b2_t=5120 b2_ep=889 b2_succ=578 full_t=0 full_ep=0 full_succ=0 | [2026-09-21T19:09:30Z] B2 PPO update 5 transitions=1024
2026-09-21T19:25:59Z pid=4111523 b2_t=5138 b2_ep=893 b2_succ=582 full_t=0 full_ep=0 full_succ=0 | [2026-09-21T19:09:30Z] B2 PPO update 5 transitions=1024
2026-09-21T19:26:59Z pid=4111523 b2_t=5168 b2_ep=900 b2_succ=589 full_t=0 full_ep=0 full_succ=0 | [2026-09-21T19:09:30Z] B2 PPO update 5 transitions=1024
2026-09-21T19:27:59Z pid=4111523 b2_t=5196 b2_ep=908 b2_succ=596 full_t=0 full_ep=0 full_succ=0 | [2026-09-21T19:09:30Z] B2 PPO update 5 transitions=1024
2026-09-21T19:28:59Z pid=4111523 b2_t=5227 b2_ep=916 b2_succ=604 full_t=0 full_ep=0 full_succ=0 | [2026-09-21T19:09:30Z] B2 PPO update 5 transitions=1024
2026-09-21T19:29:59Z pid=4111523 b2_t=5255 b2_ep=924 b2_succ=612 full_t=0 full_ep=0 full_succ=0 | [2026-09-21T19:09:30Z] B2 PPO update 5 transitions=1024
2026-09-21T19:30:59Z pid=4111523 b2_t=5282 b2_ep=932 b2_succ=619 full_t=0 full_ep=0 full_succ=0 | [2026-09-21T19:09:30Z] B2 PPO update 5 transitions=1024
2026-09-21T19:32:00Z pid=4111523 b2_t=5311 b2_ep=941 b2_succ=627 full_t=0 full_ep=0 full_succ=0 | [2026-09-21T19:09:30Z] B2 PPO update 5 transitions=1024
2026-09-21T19:33:00Z pid=4111523 b2_t=5338 b2_ep=950 b2_succ=634 full_t=0 full_ep=0 full_succ=0 | [2026-09-21T19:09:30Z] B2 PPO update 5 transitions=1024
2026-09-21T19:34:00Z pid=4111523 b2_t=5366 b2_ep=958 b2_succ=642 full_t=0 full_ep=0 full_succ=0 | [2026-09-21T19:09:30Z] B2 PPO update 5 transitions=1024
2026-09-21T19:35:00Z pid=4111523 b2_t=5397 b2_ep=965 b2_succ=649 full_t=0 full_ep=0 full_succ=0 | [2026-09-21T19:09:30Z] B2 PPO update 5 transitions=1024
2026-09-21T19:36:00Z pid=4111523 b2_t=5425 b2_ep=974 b2_succ=657 full_t=0 full_ep=0 full_succ=0 | [2026-09-21T19:09:30Z] B2 PPO update 5 transitions=1024
2026-09-21T19:37:00Z pid=4111523 b2_t=5453 b2_ep=980 b2_succ=663 full_t=0 full_ep=0 full_succ=0 | [2026-09-21T19:09:30Z] B2 PPO update 5 transitions=1024
2026-09-21T19:38:00Z pid=4111523 b2_t=5482 b2_ep=988 b2_succ=671 full_t=0 full_ep=0 full_succ=0 | [2026-09-21T19:09:30Z] B2 PPO update 5 transitions=1024
2026-09-21T19:39:00Z pid=4111523 b2_t=5509 b2_ep=996 b2_succ=678 full_t=0 full_ep=0 full_succ=0 | [2026-09-21T19:09:30Z] B2 PPO update 5 transitions=1024
2026-09-21T19:40:00Z pid=4111523 b2_t=5537 b2_ep=1004 b2_succ=685 full_t=0 full_ep=0 full_succ=0 | [2026-09-21T19:09:30Z] B2 PPO update 5 transitions=1024
2026-09-21T19:41:00Z pid=4111523 b2_t=5565 b2_ep=1013 b2_succ=692 full_t=0 full_ep=0 full_succ=0 | [2026-09-21T19:09:30Z] B2 PPO update 5 transitions=1024
2026-09-21T19:42:00Z pid=4111523 b2_t=5594 b2_ep=1020 b2_succ=699 full_t=0 full_ep=0 full_succ=0 | [2026-09-21T19:09:30Z] B2 PPO update 5 transitions=1024
2026-09-21T19:43:00Z pid=4111523 b2_t=5624 b2_ep=1028 b2_succ=707 full_t=0 full_ep=0 full_succ=0 | [2026-09-21T19:09:30Z] B2 PPO update 5 transitions=1024
2026-09-21T19:44:01Z pid=4111523 b2_t=5652 b2_ep=1037 b2_succ=715 full_t=0 full_ep=0 full_succ=0 | [2026-09-21T19:09:30Z] B2 PPO update 5 transitions=1024
2026-09-21T19:45:01Z pid=4111523 b2_t=5681 b2_ep=1042 b2_succ=719 full_t=0 full_ep=0 full_succ=0 | [2026-09-21T19:09:30Z] B2 PPO update 5 transitions=1024
2026-09-21T19:46:01Z pid=4111523 b2_t=5709 b2_ep=1051 b2_succ=726 full_t=0 full_ep=0 full_succ=0 | [2026-09-21T19:09:30Z] B2 PPO update 5 transitions=1024
2026-09-21T19:47:01Z pid=4111523 b2_t=5738 b2_ep=1059 b2_succ=733 full_t=0 full_ep=0 full_succ=0 | [2026-09-21T19:09:30Z] B2 PPO update 5 transitions=1024
2026-09-21T19:48:01Z pid=4111523 b2_t=5768 b2_ep=1066 b2_succ=740 full_t=0 full_ep=0 full_succ=0 | [2026-09-21T19:09:30Z] B2 PPO update 5 transitions=1024
2026-09-21T19:49:01Z pid=4111523 b2_t=5794 b2_ep=1075 b2_succ=745 full_t=0 full_ep=0 full_succ=0 | [2026-09-21T19:09:30Z] B2 PPO update 5 transitions=1024
2026-09-21T19:50:01Z pid=4111523 b2_t=5822 b2_ep=1083 b2_succ=753 full_t=0 full_ep=0 full_succ=0 | [2026-09-21T19:09:30Z] B2 PPO update 5 transitions=1024
2026-09-21T19:51:01Z pid=4111523 b2_t=5851 b2_ep=1091 b2_succ=761 full_t=0 full_ep=0 full_succ=0 | [2026-09-21T19:09:30Z] B2 PPO update 5 transitions=1024
2026-09-21T19:52:01Z pid=4111523 b2_t=5881 b2_ep=1098 b2_succ=767 full_t=0 full_ep=0 full_succ=0 | [2026-09-21T19:09:30Z] B2 PPO update 5 transitions=1024
2026-09-21T19:53:01Z pid=4111523 b2_t=5910 b2_ep=1105 b2_succ=773 full_t=0 full_ep=0 full_succ=0 | [2026-09-21T19:09:30Z] B2 PPO update 5 transitions=1024
2026-09-21T19:54:01Z pid=4111523 b2_t=5938 b2_ep=1113 b2_succ=781 full_t=0 full_ep=0 full_succ=0 | [2026-09-21T19:09:30Z] B2 PPO update 5 transitions=1024
2026-09-21T19:55:01Z pid=4111523 b2_t=5967 b2_ep=1121 b2_succ=789 full_t=0 full_ep=0 full_succ=0 | [2026-09-21T19:09:30Z] B2 PPO update 5 transitions=1024
2026-09-21T19:56:02Z pid=4111523 b2_t=5995 b2_ep=1129 b2_succ=797 full_t=0 full_ep=0 full_succ=0 | [2026-09-21T19:09:30Z] B2 PPO update 5 transitions=1024
2026-09-21T19:57:02Z pid=4111523 b2_t=6023 b2_ep=1138 b2_succ=805 full_t=0 full_ep=0 full_succ=0 | [2026-09-21T19:09:30Z] B2 PPO update 5 transitions=1024
2026-09-21T19:58:02Z pid=4111523 b2_t=6052 b2_ep=1145 b2_succ=812 full_t=0 full_ep=0 full_succ=0 | [2026-09-21T19:09:30Z] B2 PPO update 5 transitions=1024
2026-09-21T19:59:02Z pid=4111523 b2_t=6082 b2_ep=1153 b2_succ=820 full_t=0 full_ep=0 full_succ=0 | [2026-09-21T19:09:30Z] B2 PPO update 5 transitions=1024
2026-09-21T20:00:02Z pid=4111523 b2_t=6112 b2_ep=1160 b2_succ=827 full_t=0 full_ep=0 full_succ=0 | [2026-09-21T19:09:30Z] B2 PPO update 5 transitions=1024
2026-09-21T20:01:02Z pid=4111523 b2_t=6141 b2_ep=1169 b2_succ=836 full_t=0 full_ep=0 full_succ=0 | [2026-09-21T19:09:30Z] B2 PPO update 5 transitions=1024
2026-09-21T20:02:02Z pid=4111523 b2_t=6144 b2_ep=1169 b2_succ=836 full_t=0 full_ep=0 full_succ=0 | [2026-09-21T20:01:08Z] B2 PPO update 6 transitions=1024
2026-09-21T20:03:02Z pid=4111523 b2_t=6144 b2_ep=1169 b2_succ=836 full_t=0 full_ep=0 full_succ=0 | [2026-09-21T20:01:08Z] B2 PPO update 6 transitions=1024
2026-09-21T20:04:02Z pid=4111523 b2_t=6144 b2_ep=1169 b2_succ=836 full_t=0 full_ep=0 full_succ=0 | [2026-09-21T20:01:08Z] B2 PPO update 6 transitions=1024
2026-09-21T20:05:02Z pid=4111523 b2_t=6144 b2_ep=1169 b2_succ=836 full_t=0 full_ep=0 full_succ=0 | [2026-09-21T20:01:08Z] B2 PPO update 6 transitions=1024
2026-09-21T20:06:02Z pid=4111523 b2_t=6144 b2_ep=1169 b2_succ=836 full_t=0 full_ep=0 full_succ=0 | [2026-09-21T20:01:08Z] B2 PPO update 6 transitions=1024
2026-09-21T20:07:02Z pid=4111523 b2_t=6144 b2_ep=1169 b2_succ=836 full_t=0 full_ep=0 full_succ=0 | [2026-09-21T20:01:08Z] B2 PPO update 6 transitions=1024
2026-09-21T20:08:03Z pid=4111523 b2_t=6144 b2_ep=1169 b2_succ=836 full_t=0 full_ep=0 full_succ=0 | [2026-09-21T20:01:08Z] B2 PPO update 6 transitions=1024
2026-09-21T20:09:03Z pid=4111523 b2_t=6144 b2_ep=1169 b2_succ=836 full_t=0 full_ep=0 full_succ=0 | [2026-09-21T20:01:08Z] B2 PPO update 6 transitions=1024
2026-09-21T20:10:03Z pid=4111523 b2_t=6144 b2_ep=1169 b2_succ=836 full_t=0 full_ep=0 full_succ=0 | [2026-09-21T20:01:08Z] B2 PPO update 6 transitions=1024
2026-09-21T20:11:03Z pid=4111523 b2_t=6144 b2_ep=1169 b2_succ=836 full_t=0 full_ep=0 full_succ=0 | [2026-09-21T20:01:08Z] B2 PPO update 6 transitions=1024
2026-09-21T20:12:03Z pid=4111523 b2_t=6144 b2_ep=1169 b2_succ=836 full_t=0 full_ep=0 full_succ=0 | [2026-09-21T20:01:08Z] B2 PPO update 6 transitions=1024
2026-09-21T20:13:03Z pid=4111523 b2_t=6144 b2_ep=1169 b2_succ=836 full_t=0 full_ep=0 full_succ=0 | [2026-09-21T20:01:08Z] B2 PPO update 6 transitions=1024
2026-09-21T20:14:03Z pid=4111523 b2_t=6144 b2_ep=1169 b2_succ=836 full_t=0 full_ep=0 full_succ=0 | [2026-09-21T20:01:08Z] B2 PPO update 6 transitions=1024
2026-09-21T20:15:03Z pid=4111523 b2_t=6144 b2_ep=1169 b2_succ=836 full_t=0 full_ep=0 full_succ=0 | [2026-09-21T20:01:08Z] B2 PPO update 6 transitions=1024
2026-09-21T20:16:03Z pid=4111523 b2_t=6144 b2_ep=1169 b2_succ=836 full_t=0 full_ep=0 full_succ=0 | [2026-09-21T20:01:08Z] B2 PPO update 6 transitions=1024
2026-09-21T20:17:03Z pid=4111523 b2_t=6144 b2_ep=1169 b2_succ=836 full_t=0 full_ep=0 full_succ=0 | [2026-09-21T20:01:08Z] B2 PPO update 6 transitions=1024
2026-09-21T20:18:03Z pid=4111523 b2_t=6164 b2_ep=1176 b2_succ=842 full_t=0 full_ep=0 full_succ=0 | [2026-09-21T20:01:08Z] B2 PPO update 6 transitions=1024
2026-09-21T20:19:03Z pid=4111523 b2_t=6192 b2_ep=1185 b2_succ=850 full_t=0 full_ep=0 full_succ=0 | [2026-09-21T20:01:08Z] B2 PPO update 6 transitions=1024
2026-09-21T20:20:04Z pid=4111523 b2_t=6221 b2_ep=1194 b2_succ=859 full_t=0 full_ep=0 full_succ=0 | [2026-09-21T20:01:08Z] B2 PPO update 6 transitions=1024
2026-09-21T20:21:04Z pid=4111523 b2_t=6247 b2_ep=1203 b2_succ=866 full_t=0 full_ep=0 full_succ=0 | [2026-09-21T20:01:08Z] B2 PPO update 6 transitions=1024
2026-09-21T20:22:04Z pid=4111523 b2_t=6275 b2_ep=1212 b2_succ=875 full_t=0 full_ep=0 full_succ=0 | [2026-09-21T20:01:08Z] B2 PPO update 6 transitions=1024
2026-09-21T20:23:04Z pid=4111523 b2_t=6304 b2_ep=1220 b2_succ=883 full_t=0 full_ep=0 full_succ=0 | [2026-09-21T20:01:08Z] B2 PPO update 6 transitions=1024
2026-09-21T20:24:04Z pid=4111523 b2_t=6333 b2_ep=1229 b2_succ=891 full_t=0 full_ep=0 full_succ=0 | [2026-09-21T20:01:08Z] B2 PPO update 6 transitions=1024
2026-09-21T20:25:04Z pid=4111523 b2_t=6359 b2_ep=1238 b2_succ=899 full_t=0 full_ep=0 full_succ=0 | [2026-09-21T20:01:08Z] B2 PPO update 6 transitions=1024
2026-09-21T20:26:04Z pid=4111523 b2_t=6389 b2_ep=1246 b2_succ=907 full_t=0 full_ep=0 full_succ=0 | [2026-09-21T20:01:08Z] B2 PPO update 6 transitions=1024
2026-09-21T20:27:04Z pid=4111523 b2_t=6415 b2_ep=1255 b2_succ=915 full_t=0 full_ep=0 full_succ=0 | [2026-09-21T20:01:08Z] B2 PPO update 6 transitions=1024
2026-09-21T20:28:04Z pid=4111523 b2_t=6442 b2_ep=1264 b2_succ=923 full_t=0 full_ep=0 full_succ=0 | [2026-09-21T20:01:08Z] B2 PPO update 6 transitions=1024
2026-09-21T20:29:04Z pid=4111523 b2_t=6471 b2_ep=1273 b2_succ=931 full_t=0 full_ep=0 full_succ=0 | [2026-09-21T20:01:08Z] B2 PPO update 6 transitions=1024
2026-09-21T20:30:04Z pid=4111523 b2_t=6498 b2_ep=1281 b2_succ=939 full_t=0 full_ep=0 full_succ=0 | [2026-09-21T20:01:08Z] B2 PPO update 6 transitions=1024
2026-09-21T20:31:04Z pid=4111523 b2_t=6526 b2_ep=1290 b2_succ=947 full_t=0 full_ep=0 full_succ=0 | [2026-09-21T20:01:08Z] B2 PPO update 6 transitions=1024
2026-09-21T20:32:04Z pid=4111523 b2_t=6554 b2_ep=1299 b2_succ=956 full_t=0 full_ep=0 full_succ=0 | [2026-09-21T20:01:08Z] B2 PPO update 6 transitions=1024
2026-09-21T20:33:05Z pid=4111523 b2_t=6583 b2_ep=1307 b2_succ=963 full_t=0 full_ep=0 full_succ=0 | [2026-09-21T20:01:08Z] B2 PPO update 6 transitions=1024
2026-09-21T20:34:05Z pid=4111523 b2_t=6612 b2_ep=1315 b2_succ=970 full_t=0 full_ep=0 full_succ=0 | [2026-09-21T20:01:08Z] B2 PPO update 6 transitions=1024
2026-09-21T20:35:05Z pid=4111523 b2_t=6642 b2_ep=1323 b2_succ=978 full_t=0 full_ep=0 full_succ=0 | [2026-09-21T20:01:08Z] B2 PPO update 6 transitions=1024
2026-09-21T20:36:05Z pid=4111523 b2_t=6669 b2_ep=1332 b2_succ=985 full_t=0 full_ep=0 full_succ=0 | [2026-09-21T20:01:08Z] B2 PPO update 6 transitions=1024
2026-09-21T20:37:05Z pid=4111523 b2_t=6698 b2_ep=1340 b2_succ=993 full_t=0 full_ep=0 full_succ=0 | [2026-09-21T20:01:08Z] B2 PPO update 6 transitions=1024
2026-09-21T20:38:05Z pid=4111523 b2_t=6728 b2_ep=1348 b2_succ=1001 full_t=0 full_ep=0 full_succ=0 | [2026-09-21T20:01:08Z] B2 PPO update 6 transitions=1024
2026-09-21T20:39:05Z pid=4111523 b2_t=6757 b2_ep=1356 b2_succ=1008 full_t=0 full_ep=0 full_succ=0 | [2026-09-21T20:01:08Z] B2 PPO update 6 transitions=1024
2026-09-21T20:40:05Z pid=4111523 b2_t=6785 b2_ep=1366 b2_succ=1017 full_t=0 full_ep=0 full_succ=0 | [2026-09-21T20:01:08Z] B2 PPO update 6 transitions=1024
2026-09-21T20:41:05Z pid=4111523 b2_t=6812 b2_ep=1375 b2_succ=1026 full_t=0 full_ep=0 full_succ=0 | [2026-09-21T20:01:08Z] B2 PPO update 6 transitions=1024
2026-09-21T20:42:05Z pid=4111523 b2_t=6840 b2_ep=1383 b2_succ=1033 full_t=0 full_ep=0 full_succ=0 | [2026-09-21T20:01:08Z] B2 PPO update 6 transitions=1024
2026-09-21T20:43:05Z pid=4111523 b2_t=6869 b2_ep=1391 b2_succ=1040 full_t=0 full_ep=0 full_succ=0 | [2026-09-21T20:01:08Z] B2 PPO update 6 transitions=1024
2026-09-21T20:44:05Z pid=4111523 b2_t=6897 b2_ep=1400 b2_succ=1048 full_t=0 full_ep=0 full_succ=0 | [2026-09-21T20:01:08Z] B2 PPO update 6 transitions=1024
2026-09-21T20:45:06Z pid=4111523 b2_t=6925 b2_ep=1409 b2_succ=1057 full_t=0 full_ep=0 full_succ=0 | [2026-09-21T20:01:08Z] B2 PPO update 6 transitions=1024
2026-09-21T20:46:06Z pid=4111523 b2_t=6953 b2_ep=1418 b2_succ=1065 full_t=0 full_ep=0 full_succ=0 | [2026-09-21T20:01:08Z] B2 PPO update 6 transitions=1024
2026-09-21T20:47:06Z pid=4111523 b2_t=6982 b2_ep=1427 b2_succ=1074 full_t=0 full_ep=0 full_succ=0 | [2026-09-21T20:01:08Z] B2 PPO update 6 transitions=1024
2026-09-21T20:48:06Z pid=4111523 b2_t=7007 b2_ep=1435 b2_succ=1081 full_t=0 full_ep=0 full_succ=0 | [2026-09-21T20:01:08Z] B2 PPO update 6 transitions=1024
2026-09-21T20:49:06Z pid=4111523 b2_t=7032 b2_ep=1443 b2_succ=1088 full_t=0 full_ep=0 full_succ=0 | [2026-09-21T20:01:08Z] B2 PPO update 6 transitions=1024
2026-09-21T20:50:06Z pid=4111523 b2_t=7054 b2_ep=1449 b2_succ=1094 full_t=0 full_ep=0 full_succ=0 | [2026-09-21T20:01:08Z] B2 PPO update 6 transitions=1024
2026-09-21T20:51:06Z pid=4111523 b2_t=7077 b2_ep=1457 b2_succ=1101 full_t=0 full_ep=0 full_succ=0 | [2026-09-21T20:01:08Z] B2 PPO update 6 transitions=1024
2026-09-21T20:52:06Z pid=4111523 b2_t=7101 b2_ep=1464 b2_succ=1107 full_t=0 full_ep=0 full_succ=0 | [2026-09-21T20:01:08Z] B2 PPO update 6 transitions=1024
2026-09-21T20:53:06Z pid=4111523 b2_t=7125 b2_ep=1471 b2_succ=1114 full_t=0 full_ep=0 full_succ=0 | [2026-09-21T20:01:08Z] B2 PPO update 6 transitions=1024
2026-09-21T20:54:06Z pid=4111523 b2_t=7149 b2_ep=1479 b2_succ=1121 full_t=0 full_ep=0 full_succ=0 | [2026-09-21T20:01:08Z] B2 PPO update 6 transitions=1024
2026-09-21T20:55:06Z pid=4111523 b2_t=7168 b2_ep=1485 b2_succ=1127 full_t=0 full_ep=0 full_succ=0 | [2026-09-21T20:54:55Z] B2 PPO update 7 transitions=1024
2026-09-21T20:56:07Z pid=4111523 b2_t=7168 b2_ep=1485 b2_succ=1127 full_t=0 full_ep=0 full_succ=0 | [2026-09-21T20:54:55Z] B2 PPO update 7 transitions=1024
2026-09-21T20:57:07Z pid=4111523 b2_t=7168 b2_ep=1485 b2_succ=1127 full_t=0 full_ep=0 full_succ=0 | [2026-09-21T20:54:55Z] B2 PPO update 7 transitions=1024
2026-09-21T20:58:07Z pid=4111523 b2_t=7168 b2_ep=1485 b2_succ=1127 full_t=0 full_ep=0 full_succ=0 | [2026-09-21T20:54:55Z] B2 PPO update 7 transitions=1024
2026-09-21T20:59:07Z pid=4111523 b2_t=7168 b2_ep=1485 b2_succ=1127 full_t=0 full_ep=0 full_succ=0 | [2026-09-21T20:54:55Z] B2 PPO update 7 transitions=1024
2026-09-21T21:00:07Z pid=4111523 b2_t=7168 b2_ep=1485 b2_succ=1127 full_t=0 full_ep=0 full_succ=0 | [2026-09-21T20:54:55Z] B2 PPO update 7 transitions=1024
2026-09-21T21:01:07Z pid=4111523 b2_t=7168 b2_ep=1485 b2_succ=1127 full_t=0 full_ep=0 full_succ=0 | [2026-09-21T20:54:55Z] B2 PPO update 7 transitions=1024
2026-09-21T21:02:07Z pid=4111523 b2_t=7168 b2_ep=1485 b2_succ=1127 full_t=0 full_ep=0 full_succ=0 | [2026-09-21T20:54:55Z] B2 PPO update 7 transitions=1024
2026-09-21T21:03:07Z pid=4111523 b2_t=7168 b2_ep=1485 b2_succ=1127 full_t=0 full_ep=0 full_succ=0 | [2026-09-21T20:54:55Z] B2 PPO update 7 transitions=1024
2026-09-21T21:04:07Z pid=4111523 b2_t=7168 b2_ep=1485 b2_succ=1127 full_t=0 full_ep=0 full_succ=0 | [2026-09-21T20:54:55Z] B2 PPO update 7 transitions=1024
2026-09-21T21:05:07Z pid=4111523 b2_t=7168 b2_ep=1485 b2_succ=1127 full_t=0 full_ep=0 full_succ=0 | [2026-09-21T20:54:55Z] B2 PPO update 7 transitions=1024
2026-09-21T21:06:07Z pid=4111523 b2_t=7168 b2_ep=1485 b2_succ=1127 full_t=0 full_ep=0 full_succ=0 | [2026-09-21T20:54:55Z] B2 PPO update 7 transitions=1024
2026-09-21T21:07:07Z pid=4111523 b2_t=7168 b2_ep=1485 b2_succ=1127 full_t=0 full_ep=0 full_succ=0 | [2026-09-21T20:54:55Z] B2 PPO update 7 transitions=1024
2026-09-21T21:08:08Z pid=4111523 b2_t=7168 b2_ep=1485 b2_succ=1127 full_t=0 full_ep=0 full_succ=0 | [2026-09-21T20:54:55Z] B2 PPO update 7 transitions=1024
2026-09-21T21:09:08Z pid=4111523 b2_t=7168 b2_ep=1485 b2_succ=1127 full_t=0 full_ep=0 full_succ=0 | [2026-09-21T20:54:55Z] B2 PPO update 7 transitions=1024
2026-09-21T21:10:08Z pid=4111523 b2_t=7168 b2_ep=1485 b2_succ=1127 full_t=0 full_ep=0 full_succ=0 | [2026-09-21T20:54:55Z] B2 PPO update 7 transitions=1024
2026-09-21T21:11:08Z pid=4111523 b2_t=7168 b2_ep=1485 b2_succ=1127 full_t=0 full_ep=0 full_succ=0 | [2026-09-21T20:54:55Z] B2 PPO update 7 transitions=1024
2026-09-21T21:12:08Z pid=4111523 b2_t=7168 b2_ep=1485 b2_succ=1127 full_t=0 full_ep=0 full_succ=0 | [2026-09-21T20:54:55Z] B2 PPO update 7 transitions=1024
2026-09-21T21:13:08Z pid=4111523 b2_t=7168 b2_ep=1485 b2_succ=1127 full_t=0 full_ep=0 full_succ=0 | [2026-09-21T20:54:55Z] B2 PPO update 7 transitions=1024
2026-09-21T21:14:08Z pid=4111523 b2_t=7168 b2_ep=1485 b2_succ=1127 full_t=0 full_ep=0 full_succ=0 | [2026-09-21T20:54:55Z] B2 PPO update 7 transitions=1024
2026-09-21T21:15:08Z pid=4111523 b2_t=7168 b2_ep=1485 b2_succ=1127 full_t=0 full_ep=0 full_succ=0 | [2026-09-21T20:54:55Z] B2 PPO update 7 transitions=1024
2026-09-21T21:16:08Z pid=4111523 b2_t=7168 b2_ep=1485 b2_succ=1127 full_t=0 full_ep=0 full_succ=0 | [2026-09-21T20:54:55Z] B2 PPO update 7 transitions=1024
2026-09-21T21:17:08Z pid=4111523 b2_t=7168 b2_ep=1485 b2_succ=1127 full_t=0 full_ep=0 full_succ=0 | [2026-09-21T20:54:55Z] B2 PPO update 7 transitions=1024
2026-09-21T21:18:08Z pid=4111523 b2_t=7168 b2_ep=1485 b2_succ=1127 full_t=0 full_ep=0 full_succ=0 | [2026-09-21T20:54:55Z] B2 PPO update 7 transitions=1024
2026-09-21T21:19:08Z pid=4111523 b2_t=7168 b2_ep=1485 b2_succ=1127 full_t=0 full_ep=0 full_succ=0 | [2026-09-21T20:54:55Z] B2 PPO update 7 transitions=1024
2026-09-21T21:20:09Z pid=4111523 b2_t=7168 b2_ep=1485 b2_succ=1127 full_t=0 full_ep=0 full_succ=0 | [2026-09-21T20:54:55Z] B2 PPO update 7 transitions=1024
2026-09-21T21:21:09Z pid=4111523 b2_t=7187 b2_ep=1490 b2_succ=1132 full_t=0 full_ep=0 full_succ=0 | [2026-09-21T20:54:55Z] B2 PPO update 7 transitions=1024
2026-09-21T21:22:09Z pid=4111523 b2_t=7212 b2_ep=1497 b2_succ=1138 full_t=0 full_ep=0 full_succ=0 | [2026-09-21T20:54:55Z] B2 PPO update 7 transitions=1024
2026-09-21T21:23:09Z pid=4111523 b2_t=7235 b2_ep=1504 b2_succ=1144 full_t=0 full_ep=0 full_succ=0 | [2026-09-21T20:54:55Z] B2 PPO update 7 transitions=1024
2026-09-21T21:24:09Z pid=4111523 b2_t=7260 b2_ep=1510 b2_succ=1150 full_t=0 full_ep=0 full_succ=0 | [2026-09-21T20:54:55Z] B2 PPO update 7 transitions=1024
2026-09-21T21:25:09Z pid=4111523 b2_t=7283 b2_ep=1516 b2_succ=1155 full_t=0 full_ep=0 full_succ=0 | [2026-09-21T20:54:55Z] B2 PPO update 7 transitions=1024
2026-09-21T21:26:09Z pid=4111523 b2_t=7307 b2_ep=1524 b2_succ=1161 full_t=0 full_ep=0 full_succ=0 | [2026-09-21T20:54:55Z] B2 PPO update 7 transitions=1024
2026-09-21T21:27:09Z pid=4111523 b2_t=7332 b2_ep=1530 b2_succ=1167 full_t=0 full_ep=0 full_succ=0 | [2026-09-21T20:54:55Z] B2 PPO update 7 transitions=1024
2026-09-21T21:28:09Z pid=4111523 b2_t=7354 b2_ep=1538 b2_succ=1175 full_t=0 full_ep=0 full_succ=0 | [2026-09-21T20:54:55Z] B2 PPO update 7 transitions=1024
2026-09-21T21:29:09Z pid=4111523 b2_t=7378 b2_ep=1545 b2_succ=1181 full_t=0 full_ep=0 full_succ=0 | [2026-09-21T20:54:55Z] B2 PPO update 7 transitions=1024
2026-09-21T21:30:09Z pid=4111523 b2_t=7402 b2_ep=1551 b2_succ=1187 full_t=0 full_ep=0 full_succ=0 | [2026-09-21T20:54:55Z] B2 PPO update 7 transitions=1024
2026-09-21T21:31:09Z pid=4111523 b2_t=7426 b2_ep=1558 b2_succ=1193 full_t=0 full_ep=0 full_succ=0 | [2026-09-21T20:54:55Z] B2 PPO update 7 transitions=1024
2026-09-21T21:32:09Z pid=4111523 b2_t=7448 b2_ep=1566 b2_succ=1201 full_t=0 full_ep=0 full_succ=0 | [2026-09-21T20:54:55Z] B2 PPO update 7 transitions=1024
2026-09-21T21:33:10Z pid=4111523 b2_t=7472 b2_ep=1573 b2_succ=1207 full_t=0 full_ep=0 full_succ=0 | [2026-09-21T20:54:55Z] B2 PPO update 7 transitions=1024
2026-09-21T21:34:10Z pid=4111523 b2_t=7496 b2_ep=1580 b2_succ=1213 full_t=0 full_ep=0 full_succ=0 | [2026-09-21T20:54:55Z] B2 PPO update 7 transitions=1024
2026-09-21T21:35:10Z pid=4111523 b2_t=7520 b2_ep=1587 b2_succ=1219 full_t=0 full_ep=0 full_succ=0 | [2026-09-21T20:54:55Z] B2 PPO update 7 transitions=1024
2026-09-21T21:36:10Z pid=4111523 b2_t=7542 b2_ep=1594 b2_succ=1226 full_t=0 full_ep=0 full_succ=0 | [2026-09-21T20:54:55Z] B2 PPO update 7 transitions=1024
2026-09-21T21:37:10Z pid=4111523 b2_t=7566 b2_ep=1602 b2_succ=1234 full_t=0 full_ep=0 full_succ=0 | [2026-09-21T20:54:55Z] B2 PPO update 7 transitions=1024
2026-09-21T21:38:10Z pid=4111523 b2_t=7589 b2_ep=1608 b2_succ=1238 full_t=0 full_ep=0 full_succ=0 | [2026-09-21T20:54:55Z] B2 PPO update 7 transitions=1024
2026-09-21T21:39:10Z pid=4111523 b2_t=7614 b2_ep=1614 b2_succ=1244 full_t=0 full_ep=0 full_succ=0 | [2026-09-21T20:54:55Z] B2 PPO update 7 transitions=1024
2026-09-21T21:40:10Z pid=4111523 b2_t=7638 b2_ep=1621 b2_succ=1250 full_t=0 full_ep=0 full_succ=0 | [2026-09-21T20:54:55Z] B2 PPO update 7 transitions=1024
2026-09-21T21:41:10Z pid=4111523 b2_t=7661 b2_ep=1628 b2_succ=1256 full_t=0 full_ep=0 full_succ=0 | [2026-09-21T20:54:55Z] B2 PPO update 7 transitions=1024
2026-09-21T21:42:10Z pid=4111523 b2_t=7686 b2_ep=1634 b2_succ=1261 full_t=0 full_ep=0 full_succ=0 | [2026-09-21T20:54:55Z] B2 PPO update 7 transitions=1024
2026-09-21T21:43:10Z pid=4111523 b2_t=7710 b2_ep=1641 b2_succ=1268 full_t=0 full_ep=0 full_succ=0 | [2026-09-21T20:54:55Z] B2 PPO update 7 transitions=1024
2026-09-21T21:44:10Z pid=4111523 b2_t=7734 b2_ep=1647 b2_succ=1273 full_t=0 full_ep=0 full_succ=0 | [2026-09-21T20:54:55Z] B2 PPO update 7 transitions=1024
2026-09-21T21:45:11Z pid=4111523 b2_t=7758 b2_ep=1653 b2_succ=1278 full_t=0 full_ep=0 full_succ=0 | [2026-09-21T20:54:55Z] B2 PPO update 7 transitions=1024
2026-09-21T21:46:11Z pid=4111523 b2_t=7781 b2_ep=1660 b2_succ=1285 full_t=0 full_ep=0 full_succ=0 | [2026-09-21T20:54:55Z] B2 PPO update 7 transitions=1024
2026-09-21T21:47:11Z pid=4111523 b2_t=7806 b2_ep=1667 b2_succ=1292 full_t=0 full_ep=0 full_succ=0 | [2026-09-21T20:54:55Z] B2 PPO update 7 transitions=1024
2026-09-21T21:48:11Z pid=4111523 b2_t=7829 b2_ep=1674 b2_succ=1298 full_t=0 full_ep=0 full_succ=0 | [2026-09-21T20:54:55Z] B2 PPO update 7 transitions=1024
2026-09-21T21:49:11Z pid=4111523 b2_t=7855 b2_ep=1680 b2_succ=1304 full_t=0 full_ep=0 full_succ=0 | [2026-09-21T20:54:55Z] B2 PPO update 7 transitions=1024
2026-09-21T21:50:11Z pid=4111523 b2_t=7877 b2_ep=1687 b2_succ=1310 full_t=0 full_ep=0 full_succ=0 | [2026-09-21T20:54:55Z] B2 PPO update 7 transitions=1024
2026-09-21T21:51:11Z pid=4111523 b2_t=7901 b2_ep=1694 b2_succ=1317 full_t=0 full_ep=0 full_succ=0 | [2026-09-21T20:54:55Z] B2 PPO update 7 transitions=1024
2026-09-21T21:52:11Z pid=4111523 b2_t=7925 b2_ep=1701 b2_succ=1324 full_t=0 full_ep=0 full_succ=0 | [2026-09-21T20:54:55Z] B2 PPO update 7 transitions=1024
2026-09-21T21:53:11Z pid=4111523 b2_t=7948 b2_ep=1708 b2_succ=1330 full_t=0 full_ep=0 full_succ=0 | [2026-09-21T20:54:55Z] B2 PPO update 7 transitions=1024
2026-09-21T21:54:11Z pid=4111523 b2_t=7971 b2_ep=1715 b2_succ=1336 full_t=0 full_ep=0 full_succ=0 | [2026-09-21T20:54:55Z] B2 PPO update 7 transitions=1024
2026-09-21T21:55:11Z pid=4111523 b2_t=7994 b2_ep=1723 b2_succ=1344 full_t=0 full_ep=0 full_succ=0 | [2026-09-21T20:54:55Z] B2 PPO update 7 transitions=1024
2026-09-21T21:56:11Z pid=4111523 b2_t=8019 b2_ep=1729 b2_succ=1350 full_t=0 full_ep=0 full_succ=0 | [2026-09-21T20:54:55Z] B2 PPO update 7 transitions=1024
2026-09-21T21:57:12Z pid=4111523 b2_t=8042 b2_ep=1736 b2_succ=1356 full_t=0 full_ep=0 full_succ=0 | [2026-09-21T20:54:55Z] B2 PPO update 7 transitions=1024
2026-09-21T21:58:12Z pid=4111523 b2_t=8066 b2_ep=1742 b2_succ=1362 full_t=0 full_ep=0 full_succ=0 | [2026-09-21T20:54:55Z] B2 PPO update 7 transitions=1024
2026-09-21T21:59:12Z pid=4111523 b2_t=8090 b2_ep=1748 b2_succ=1368 full_t=0 full_ep=0 full_succ=0 | [2026-09-21T20:54:55Z] B2 PPO update 7 transitions=1024
2026-09-21T22:00:12Z pid=4111523 b2_t=8113 b2_ep=1754 b2_succ=1373 full_t=0 full_ep=0 full_succ=0 | [2026-09-21T20:54:55Z] B2 PPO update 7 transitions=1024
2026-09-21T22:01:12Z pid=4111523 b2_t=8138 b2_ep=1761 b2_succ=1379 full_t=0 full_ep=0 full_succ=0 | [2026-09-21T20:54:55Z] B2 PPO update 7 transitions=1024
2026-09-21T22:02:12Z pid=4111523 b2_t=8160 b2_ep=1768 b2_succ=1386 full_t=0 full_ep=0 full_succ=0 | [2026-09-21T20:54:55Z] B2 PPO update 7 transitions=1024
2026-09-21T22:03:12Z pid=4111523 b2_t=8185 b2_ep=1775 b2_succ=1393 full_t=0 full_ep=0 full_succ=0 | [2026-09-21T20:54:55Z] B2 PPO update 7 transitions=1024
2026-09-21T22:04:12Z pid=4111523 b2_t=8192 b2_ep=1777 b2_succ=1395 full_t=0 full_ep=0 full_succ=0 | [2026-09-21T22:03:30Z] B2 PPO update 8 transitions=1024
2026-09-21T22:05:12Z pid=4111523 b2_t=8192 b2_ep=1777 b2_succ=1395 full_t=0 full_ep=0 full_succ=0 | [2026-09-21T22:03:30Z] B2 PPO update 8 transitions=1024
2026-09-21T22:06:12Z pid=4111523 b2_t=8192 b2_ep=1777 b2_succ=1395 full_t=0 full_ep=0 full_succ=0 | [2026-09-21T22:03:30Z] B2 PPO update 8 transitions=1024
2026-09-21T22:07:12Z pid=4111523 b2_t=8192 b2_ep=1777 b2_succ=1395 full_t=0 full_ep=0 full_succ=0 | [2026-09-21T22:03:30Z] B2 PPO update 8 transitions=1024
2026-09-21T22:08:12Z pid=4111523 b2_t=8192 b2_ep=1777 b2_succ=1395 full_t=0 full_ep=0 full_succ=0 | [2026-09-21T22:03:30Z] B2 PPO update 8 transitions=1024
2026-09-21T22:09:13Z pid=4111523 b2_t=8192 b2_ep=1777 b2_succ=1395 full_t=0 full_ep=0 full_succ=0 | [2026-09-21T22:03:30Z] B2 PPO update 8 transitions=1024
2026-09-21T22:10:13Z pid=4111523 b2_t=8192 b2_ep=1777 b2_succ=1395 full_t=0 full_ep=0 full_succ=0 | [2026-09-21T22:03:30Z] B2 PPO update 8 transitions=1024
2026-09-21T22:11:13Z pid=4111523 b2_t=8192 b2_ep=1777 b2_succ=1395 full_t=0 full_ep=0 full_succ=0 | [2026-09-21T22:03:30Z] B2 PPO update 8 transitions=1024
2026-09-21T22:12:13Z pid=4111523 b2_t=8192 b2_ep=1777 b2_succ=1395 full_t=0 full_ep=0 full_succ=0 | [2026-09-21T22:03:30Z] B2 PPO update 8 transitions=1024
2026-09-21T22:13:13Z pid=4111523 b2_t=8192 b2_ep=1777 b2_succ=1395 full_t=0 full_ep=0 full_succ=0 | [2026-09-21T22:03:30Z] B2 PPO update 8 transitions=1024
2026-09-21T22:14:13Z pid=4111523 b2_t=8192 b2_ep=1777 b2_succ=1395 full_t=0 full_ep=0 full_succ=0 | [2026-09-21T22:03:30Z] B2 PPO update 8 transitions=1024
2026-09-21T22:15:13Z pid=4111523 b2_t=8192 b2_ep=1777 b2_succ=1395 full_t=0 full_ep=0 full_succ=0 | [2026-09-21T22:03:30Z] B2 PPO update 8 transitions=1024
2026-09-21T22:16:13Z pid=4111523 b2_t=8192 b2_ep=1777 b2_succ=1395 full_t=0 full_ep=0 full_succ=0 | [2026-09-21T22:03:30Z] B2 PPO update 8 transitions=1024
2026-09-21T22:17:13Z pid=4111523 b2_t=8192 b2_ep=1777 b2_succ=1395 full_t=0 full_ep=0 full_succ=0 | [2026-09-21T22:03:30Z] B2 PPO update 8 transitions=1024
2026-09-21T22:18:13Z pid=4111523 b2_t=8192 b2_ep=1777 b2_succ=1395 full_t=0 full_ep=0 full_succ=0 | [2026-09-21T22:03:30Z] B2 PPO update 8 transitions=1024
2026-09-21T22:19:13Z pid=4111523 b2_t=8192 b2_ep=1777 b2_succ=1395 full_t=0 full_ep=0 full_succ=0 | [2026-09-21T22:03:30Z] B2 PPO update 8 transitions=1024
2026-09-21T22:20:13Z pid=4111523 b2_t=8192 b2_ep=1777 b2_succ=1395 full_t=0 full_ep=0 full_succ=0 | [2026-09-21T22:03:30Z] B2 PPO update 8 transitions=1024
2026-09-21T22:21:14Z pid=4111523 b2_t=8192 b2_ep=1777 b2_succ=1395 full_t=0 full_ep=0 full_succ=0 | [2026-09-21T22:03:30Z] B2 PPO update 8 transitions=1024
2026-09-21T22:22:14Z pid=4111523 b2_t=8192 b2_ep=1777 b2_succ=1395 full_t=0 full_ep=0 full_succ=0 | [2026-09-21T22:03:30Z] B2 PPO update 8 transitions=1024
2026-09-21T22:23:14Z pid=4111523 b2_t=8192 b2_ep=1777 b2_succ=1395 full_t=0 full_ep=0 full_succ=0 | [2026-09-21T22:03:30Z] B2 PPO update 8 transitions=1024
2026-09-21T22:24:14Z pid=4111523 b2_t=8192 b2_ep=1777 b2_succ=1395 full_t=0 full_ep=0 full_succ=0 | [2026-09-21T22:03:30Z] B2 PPO update 8 transitions=1024
2026-09-21T22:25:14Z pid=4111523 b2_t=8192 b2_ep=1777 b2_succ=1395 full_t=0 full_ep=0 full_succ=0 | [2026-09-21T22:03:30Z] B2 PPO update 8 transitions=1024
2026-09-21T22:26:14Z pid=4111523 b2_t=8192 b2_ep=1777 b2_succ=1395 full_t=0 full_ep=0 full_succ=0 | [2026-09-21T22:03:30Z] B2 PPO update 8 transitions=1024
2026-09-21T22:27:14Z pid=4111523 b2_t=8192 b2_ep=1777 b2_succ=1395 full_t=0 full_ep=0 full_succ=0 | [2026-09-21T22:03:30Z] B2 PPO update 8 transitions=1024
2026-09-21T22:28:14Z pid=4111523 b2_t=8192 b2_ep=1777 b2_succ=1395 full_t=0 full_ep=0 full_succ=0 | [2026-09-21T22:03:30Z] B2 PPO update 8 transitions=1024
2026-09-21T22:29:14Z pid=4111523 b2_t=8192 b2_ep=1777 b2_succ=1395 full_t=0 full_ep=0 full_succ=0 | [2026-09-21T22:03:30Z] B2 PPO update 8 transitions=1024
2026-09-21T22:30:14Z pid=4111523 b2_t=8192 b2_ep=1777 b2_succ=1395 full_t=0 full_ep=0 full_succ=0 | [2026-09-21T22:29:15Z] B2 eval update 8
2026-09-21T22:31:14Z pid=4111523 b2_t=8192 b2_ep=1777 b2_succ=1395 full_t=0 full_ep=0 full_succ=0 | [2026-09-21T22:30:31Z] Full eval step0
2026-09-21T22:32:14Z pid=4111523 b2_t=8192 b2_ep=1777 b2_succ=1395 full_t=0 full_ep=0 full_succ=0 | [2026-09-21T22:30:31Z] Full eval step0
2026-09-21T22:33:15Z pid=4111523 b2_t=8192 b2_ep=1777 b2_succ=1395 full_t=0 full_ep=0 full_succ=0 | [2026-09-21T22:30:31Z] Full eval step0
2026-09-21T22:34:15Z pid=4111523 b2_t=8192 b2_ep=1777 b2_succ=1395 full_t=8 full_ep=1 full_succ=0 | [2026-09-21T22:33:54Z] Full training start target_updates=8
2026-09-21T22:35:15Z pid=4111523 b2_t=8192 b2_ep=1777 b2_succ=1395 full_t=35 full_ep=4 full_succ=0 | [2026-09-21T22:33:54Z] Full training start target_updates=8
2026-09-21T22:36:15Z pid=4111523 b2_t=8192 b2_ep=1777 b2_succ=1395 full_t=63 full_ep=7 full_succ=1 | [2026-09-21T22:33:54Z] Full training start target_updates=8
2026-09-21T22:37:15Z pid=4111523 b2_t=8192 b2_ep=1777 b2_succ=1395 full_t=90 full_ep=11 full_succ=2 | [2026-09-21T22:33:54Z] Full training start target_updates=8
2026-09-21T22:38:15Z pid=4111523 b2_t=8192 b2_ep=1777 b2_succ=1395 full_t=116 full_ep=14 full_succ=3 | [2026-09-21T22:33:54Z] Full training start target_updates=8
2026-09-21T22:39:15Z pid=4111523 b2_t=8192 b2_ep=1777 b2_succ=1395 full_t=144 full_ep=17 full_succ=3 | [2026-09-21T22:33:54Z] Full training start target_updates=8
2026-09-21T22:40:15Z pid=4111523 b2_t=8192 b2_ep=1777 b2_succ=1395 full_t=169 full_ep=22 full_succ=6 | [2026-09-21T22:33:54Z] Full training start target_updates=8
2026-09-21T22:41:15Z pid=4111523 b2_t=8192 b2_ep=1777 b2_succ=1395 full_t=194 full_ep=26 full_succ=6 | [2026-09-21T22:33:54Z] Full training start target_updates=8
2026-09-21T22:42:15Z pid=4111523 b2_t=8192 b2_ep=1777 b2_succ=1395 full_t=219 full_ep=29 full_succ=7 | [2026-09-21T22:33:54Z] Full training start target_updates=8
2026-09-21T22:43:15Z pid=4111523 b2_t=8192 b2_ep=1777 b2_succ=1395 full_t=243 full_ep=33 full_succ=8 | [2026-09-21T22:33:54Z] Full training start target_updates=8
2026-09-21T22:44:16Z pid=4111523 b2_t=8192 b2_ep=1777 b2_succ=1395 full_t=268 full_ep=35 full_succ=8 | [2026-09-21T22:33:54Z] Full training start target_updates=8
2026-09-21T22:45:16Z pid=4111523 b2_t=8192 b2_ep=1777 b2_succ=1395 full_t=296 full_ep=38 full_succ=8 | [2026-09-21T22:33:54Z] Full training start target_updates=8
2026-09-21T22:46:16Z pid=4111523 b2_t=8192 b2_ep=1777 b2_succ=1395 full_t=325 full_ep=41 full_succ=8 | [2026-09-21T22:33:54Z] Full training start target_updates=8
2026-09-21T22:47:16Z pid=4111523 b2_t=8192 b2_ep=1777 b2_succ=1395 full_t=348 full_ep=45 full_succ=9 | [2026-09-21T22:33:54Z] Full training start target_updates=8
2026-09-21T22:48:16Z pid=4111523 b2_t=8192 b2_ep=1777 b2_succ=1395 full_t=375 full_ep=48 full_succ=10 | [2026-09-21T22:33:54Z] Full training start target_updates=8
2026-09-21T22:49:16Z pid=4111523 b2_t=8192 b2_ep=1777 b2_succ=1395 full_t=400 full_ep=52 full_succ=11 | [2026-09-21T22:33:54Z] Full training start target_updates=8
2026-09-21T22:50:16Z pid=4111523 b2_t=8192 b2_ep=1777 b2_succ=1395 full_t=426 full_ep=56 full_succ=11 | [2026-09-21T22:33:54Z] Full training start target_updates=8
2026-09-21T22:51:16Z pid=4111523 b2_t=8192 b2_ep=1777 b2_succ=1395 full_t=453 full_ep=59 full_succ=12 | [2026-09-21T22:33:54Z] Full training start target_updates=8
2026-09-21T22:52:16Z pid=4111523 b2_t=8192 b2_ep=1777 b2_succ=1395 full_t=480 full_ep=62 full_succ=13 | [2026-09-21T22:33:54Z] Full training start target_updates=8
2026-09-21T22:53:16Z pid=4111523 b2_t=8192 b2_ep=1777 b2_succ=1395 full_t=505 full_ep=65 full_succ=14 | [2026-09-21T22:33:54Z] Full training start target_updates=8
2026-09-21T22:54:16Z pid=4111523 b2_t=8192 b2_ep=1777 b2_succ=1395 full_t=533 full_ep=69 full_succ=15 | [2026-09-21T22:33:54Z] Full training start target_updates=8
2026-09-21T22:55:17Z pid=4111523 b2_t=8192 b2_ep=1777 b2_succ=1395 full_t=563 full_ep=72 full_succ=17 | [2026-09-21T22:33:54Z] Full training start target_updates=8
2026-09-21T22:56:17Z pid=4111523 b2_t=8192 b2_ep=1777 b2_succ=1395 full_t=590 full_ep=75 full_succ=18 | [2026-09-21T22:33:54Z] Full training start target_updates=8
2026-09-21T22:57:17Z pid=4111523 b2_t=8192 b2_ep=1777 b2_succ=1395 full_t=615 full_ep=78 full_succ=19 | [2026-09-21T22:33:54Z] Full training start target_updates=8
2026-09-21T22:58:17Z pid=4111523 b2_t=8192 b2_ep=1777 b2_succ=1395 full_t=640 full_ep=82 full_succ=20 | [2026-09-21T22:33:54Z] Full training start target_updates=8
2026-09-21T22:59:17Z pid=4111523 b2_t=8192 b2_ep=1777 b2_succ=1395 full_t=665 full_ep=85 full_succ=20 | [2026-09-21T22:33:54Z] Full training start target_updates=8
2026-09-21T23:00:17Z pid=4111523 b2_t=8192 b2_ep=1777 b2_succ=1395 full_t=693 full_ep=89 full_succ=22 | [2026-09-21T22:33:54Z] Full training start target_updates=8
2026-09-21T23:01:17Z pid=4111523 b2_t=8192 b2_ep=1777 b2_succ=1395 full_t=721 full_ep=92 full_succ=22 | [2026-09-21T22:33:54Z] Full training start target_updates=8
2026-09-21T23:02:17Z pid=4111523 b2_t=8192 b2_ep=1777 b2_succ=1395 full_t=744 full_ep=96 full_succ=24 | [2026-09-21T22:33:54Z] Full training start target_updates=8
2026-09-21T23:03:17Z pid=4111523 b2_t=8192 b2_ep=1777 b2_succ=1395 full_t=770 full_ep=99 full_succ=24 | [2026-09-21T22:33:54Z] Full training start target_updates=8
2026-09-21T23:04:17Z pid=4111523 b2_t=8192 b2_ep=1777 b2_succ=1395 full_t=796 full_ep=102 full_succ=25 | [2026-09-21T22:33:54Z] Full training start target_updates=8
2026-09-21T23:05:17Z pid=4111523 b2_t=8192 b2_ep=1777 b2_succ=1395 full_t=823 full_ep=106 full_succ=27 | [2026-09-21T22:33:54Z] Full training start target_updates=8
2026-09-21T23:06:18Z pid=4111523 b2_t=8192 b2_ep=1777 b2_succ=1395 full_t=847 full_ep=109 full_succ=27 | [2026-09-21T22:33:54Z] Full training start target_updates=8
2026-09-21T23:07:18Z pid=4111523 b2_t=8192 b2_ep=1777 b2_succ=1395 full_t=875 full_ep=113 full_succ=28 | [2026-09-21T22:33:54Z] Full training start target_updates=8
2026-09-21T23:08:18Z pid=4111523 b2_t=8192 b2_ep=1777 b2_succ=1395 full_t=900 full_ep=116 full_succ=28 | [2026-09-21T22:33:54Z] Full training start target_updates=8
2026-09-21T23:09:18Z pid=4111523 b2_t=8192 b2_ep=1777 b2_succ=1395 full_t=925 full_ep=119 full_succ=28 | [2026-09-21T22:33:54Z] Full training start target_updates=8
2026-09-21T23:10:18Z pid=4111523 b2_t=8192 b2_ep=1777 b2_succ=1395 full_t=952 full_ep=122 full_succ=29 | [2026-09-21T22:33:54Z] Full training start target_updates=8
2026-09-21T23:11:18Z pid=4111523 b2_t=8192 b2_ep=1777 b2_succ=1395 full_t=979 full_ep=125 full_succ=29 | [2026-09-21T22:33:54Z] Full training start target_updates=8
2026-09-21T23:12:18Z pid=4111523 b2_t=8192 b2_ep=1777 b2_succ=1395 full_t=1002 full_ep=128 full_succ=30 | [2026-09-21T22:33:54Z] Full training start target_updates=8
2026-09-21T23:13:18Z pid=4111523 b2_t=8192 b2_ep=1777 b2_succ=1395 full_t=1024 full_ep=131 full_succ=30 | [2026-09-21T23:13:11Z] Full PPO update 1 transitions=1024
2026-09-21T23:14:18Z pid=4111523 b2_t=8192 b2_ep=1777 b2_succ=1395 full_t=1024 full_ep=131 full_succ=30 | [2026-09-21T23:13:11Z] Full PPO update 1 transitions=1024
2026-09-21T23:15:18Z pid=4111523 b2_t=8192 b2_ep=1777 b2_succ=1395 full_t=1024 full_ep=131 full_succ=30 | [2026-09-21T23:13:11Z] Full PPO update 1 transitions=1024
2026-09-21T23:16:18Z pid=4111523 b2_t=8192 b2_ep=1777 b2_succ=1395 full_t=1024 full_ep=131 full_succ=30 | [2026-09-21T23:13:11Z] Full PPO update 1 transitions=1024
2026-09-21T23:17:19Z pid=4111523 b2_t=8192 b2_ep=1777 b2_succ=1395 full_t=1024 full_ep=131 full_succ=30 | [2026-09-21T23:13:11Z] Full PPO update 1 transitions=1024
2026-09-21T23:18:19Z pid=4111523 b2_t=8192 b2_ep=1777 b2_succ=1395 full_t=1024 full_ep=131 full_succ=30 | [2026-09-21T23:13:11Z] Full PPO update 1 transitions=1024
2026-09-21T23:19:19Z pid=4111523 b2_t=8192 b2_ep=1777 b2_succ=1395 full_t=1024 full_ep=131 full_succ=30 | [2026-09-21T23:13:11Z] Full PPO update 1 transitions=1024
2026-09-21T23:20:19Z pid=4111523 b2_t=8192 b2_ep=1777 b2_succ=1395 full_t=1024 full_ep=131 full_succ=30 | [2026-09-21T23:13:11Z] Full PPO update 1 transitions=1024
2026-09-21T23:21:19Z pid=4111523 b2_t=8192 b2_ep=1777 b2_succ=1395 full_t=1024 full_ep=131 full_succ=30 | [2026-09-21T23:13:11Z] Full PPO update 1 transitions=1024
2026-09-21T23:22:19Z pid=4111523 b2_t=8192 b2_ep=1777 b2_succ=1395 full_t=1024 full_ep=131 full_succ=30 | [2026-09-21T23:13:11Z] Full PPO update 1 transitions=1024
2026-09-21T23:23:19Z pid=4111523 b2_t=8192 b2_ep=1777 b2_succ=1395 full_t=1024 full_ep=131 full_succ=30 | [2026-09-21T23:13:11Z] Full PPO update 1 transitions=1024
2026-09-21T23:24:19Z pid=4111523 b2_t=8192 b2_ep=1777 b2_succ=1395 full_t=1024 full_ep=131 full_succ=30 | [2026-09-21T23:13:11Z] Full PPO update 1 transitions=1024
2026-09-21T23:25:19Z pid=4111523 b2_t=8192 b2_ep=1777 b2_succ=1395 full_t=1024 full_ep=131 full_succ=30 | [2026-09-21T23:13:11Z] Full PPO update 1 transitions=1024
2026-09-21T23:26:19Z pid=4111523 b2_t=8192 b2_ep=1777 b2_succ=1395 full_t=1024 full_ep=131 full_succ=30 | [2026-09-21T23:13:11Z] Full PPO update 1 transitions=1024
2026-09-21T23:27:19Z pid=4111523 b2_t=8192 b2_ep=1777 b2_succ=1395 full_t=1024 full_ep=131 full_succ=30 | [2026-09-21T23:13:11Z] Full PPO update 1 transitions=1024
2026-09-21T23:28:19Z pid=4111523 b2_t=8192 b2_ep=1777 b2_succ=1395 full_t=1024 full_ep=131 full_succ=30 | [2026-09-21T23:13:11Z] Full PPO update 1 transitions=1024
2026-09-21T23:29:20Z pid=4111523 b2_t=8192 b2_ep=1777 b2_succ=1395 full_t=1024 full_ep=131 full_succ=30 | [2026-09-21T23:13:11Z] Full PPO update 1 transitions=1024
2026-09-21T23:30:20Z pid=4111523 b2_t=8192 b2_ep=1777 b2_succ=1395 full_t=1024 full_ep=131 full_succ=30 | [2026-09-21T23:13:11Z] Full PPO update 1 transitions=1024
2026-09-21T23:31:20Z pid=4111523 b2_t=8192 b2_ep=1777 b2_succ=1395 full_t=1024 full_ep=131 full_succ=30 | [2026-09-21T23:13:11Z] Full PPO update 1 transitions=1024
2026-09-21T23:32:20Z pid=4111523 b2_t=8192 b2_ep=1777 b2_succ=1395 full_t=1024 full_ep=131 full_succ=30 | [2026-09-21T23:13:11Z] Full PPO update 1 transitions=1024
2026-09-21T23:33:20Z pid=4111523 b2_t=8192 b2_ep=1777 b2_succ=1395 full_t=1024 full_ep=131 full_succ=30 | [2026-09-21T23:13:11Z] Full PPO update 1 transitions=1024
2026-09-21T23:34:20Z pid=4111523 b2_t=8192 b2_ep=1777 b2_succ=1395 full_t=1024 full_ep=131 full_succ=30 | [2026-09-21T23:13:11Z] Full PPO update 1 transitions=1024
2026-09-21T23:35:20Z pid=4111523 b2_t=8192 b2_ep=1777 b2_succ=1395 full_t=1024 full_ep=131 full_succ=30 | [2026-09-21T23:13:11Z] Full PPO update 1 transitions=1024
2026-09-21T23:36:20Z pid=4111523 b2_t=8192 b2_ep=1777 b2_succ=1395 full_t=1024 full_ep=131 full_succ=30 | [2026-09-21T23:13:11Z] Full PPO update 1 transitions=1024
2026-09-21T23:37:20Z pid=4111523 b2_t=8192 b2_ep=1777 b2_succ=1395 full_t=1024 full_ep=132 full_succ=30 | [2026-09-21T23:13:11Z] Full PPO update 1 transitions=1024
2026-09-21T23:38:20Z pid=4111523 b2_t=8192 b2_ep=1777 b2_succ=1395 full_t=1051 full_ep=136 full_succ=30 | [2026-09-21T23:13:11Z] Full PPO update 1 transitions=1024
2026-09-21T23:39:20Z pid=4111523 b2_t=8192 b2_ep=1777 b2_succ=1395 full_t=1078 full_ep=139 full_succ=31 | [2026-09-21T23:13:11Z] Full PPO update 1 transitions=1024
2026-09-21T23:40:21Z pid=4111523 b2_t=8192 b2_ep=1777 b2_succ=1395 full_t=1104 full_ep=142 full_succ=32 | [2026-09-21T23:13:11Z] Full PPO update 1 transitions=1024
2026-09-21T23:41:21Z pid=4111523 b2_t=8192 b2_ep=1777 b2_succ=1395 full_t=1129 full_ep=146 full_succ=35 | [2026-09-21T23:13:11Z] Full PPO update 1 transitions=1024
2026-09-21T23:42:21Z pid=4111523 b2_t=8192 b2_ep=1777 b2_succ=1395 full_t=1154 full_ep=150 full_succ=36 | [2026-09-21T23:13:11Z] Full PPO update 1 transitions=1024
2026-09-21T23:43:21Z pid=4111523 b2_t=8192 b2_ep=1777 b2_succ=1395 full_t=1182 full_ep=152 full_succ=36 | [2026-09-21T23:13:11Z] Full PPO update 1 transitions=1024
2026-09-21T23:44:21Z pid=4111523 b2_t=8192 b2_ep=1777 b2_succ=1395 full_t=1207 full_ep=156 full_succ=36 | [2026-09-21T23:13:11Z] Full PPO update 1 transitions=1024
2026-09-21T23:45:21Z pid=4111523 b2_t=8192 b2_ep=1777 b2_succ=1395 full_t=1232 full_ep=160 full_succ=38 | [2026-09-21T23:13:11Z] Full PPO update 1 transitions=1024
2026-09-21T23:46:21Z pid=4111523 b2_t=8192 b2_ep=1777 b2_succ=1395 full_t=1258 full_ep=163 full_succ=40 | [2026-09-21T23:13:11Z] Full PPO update 1 transitions=1024
2026-09-21T23:47:21Z pid=4111523 b2_t=8192 b2_ep=1777 b2_succ=1395 full_t=1285 full_ep=167 full_succ=42 | [2026-09-21T23:13:11Z] Full PPO update 1 transitions=1024
2026-09-21T23:48:21Z pid=4111523 b2_t=8192 b2_ep=1777 b2_succ=1395 full_t=1312 full_ep=170 full_succ=42 | [2026-09-21T23:13:11Z] Full PPO update 1 transitions=1024
2026-09-21T23:49:21Z pid=4111523 b2_t=8192 b2_ep=1777 b2_succ=1395 full_t=1338 full_ep=173 full_succ=44 | [2026-09-21T23:13:11Z] Full PPO update 1 transitions=1024
2026-09-21T23:50:21Z pid=4111523 b2_t=8192 b2_ep=1777 b2_succ=1395 full_t=1365 full_ep=177 full_succ=46 | [2026-09-21T23:13:11Z] Full PPO update 1 transitions=1024
2026-09-21T23:51:22Z pid=4111523 b2_t=8192 b2_ep=1777 b2_succ=1395 full_t=1390 full_ep=181 full_succ=48 | [2026-09-21T23:13:11Z] Full PPO update 1 transitions=1024
2026-09-21T23:52:22Z pid=4111523 b2_t=8192 b2_ep=1777 b2_succ=1395 full_t=1415 full_ep=184 full_succ=48 | [2026-09-21T23:13:11Z] Full PPO update 1 transitions=1024
2026-09-21T23:53:22Z pid=4111523 b2_t=8192 b2_ep=1777 b2_succ=1395 full_t=1440 full_ep=189 full_succ=51 | [2026-09-21T23:13:11Z] Full PPO update 1 transitions=1024
2026-09-21T23:54:22Z pid=4111523 b2_t=8192 b2_ep=1777 b2_succ=1395 full_t=1464 full_ep=193 full_succ=54 | [2026-09-21T23:13:11Z] Full PPO update 1 transitions=1024
2026-09-21T23:55:22Z pid=4111523 b2_t=8192 b2_ep=1777 b2_succ=1395 full_t=1493 full_ep=196 full_succ=55 | [2026-09-21T23:13:11Z] Full PPO update 1 transitions=1024
2026-09-21T23:56:22Z pid=4111523 b2_t=8192 b2_ep=1777 b2_succ=1395 full_t=1518 full_ep=200 full_succ=56 | [2026-09-21T23:13:11Z] Full PPO update 1 transitions=1024
2026-09-21T23:57:22Z pid=4111523 b2_t=8192 b2_ep=1777 b2_succ=1395 full_t=1542 full_ep=204 full_succ=57 | [2026-09-21T23:13:11Z] Full PPO update 1 transitions=1024
2026-09-21T23:58:22Z pid=4111523 b2_t=8192 b2_ep=1777 b2_succ=1395 full_t=1570 full_ep=208 full_succ=59 | [2026-09-21T23:13:11Z] Full PPO update 1 transitions=1024
2026-09-21T23:59:22Z pid=4111523 b2_t=8192 b2_ep=1777 b2_succ=1395 full_t=1594 full_ep=211 full_succ=59 | [2026-09-21T23:13:11Z] Full PPO update 1 transitions=1024
2026-09-22T00:00:22Z pid=4111523 b2_t=8192 b2_ep=1777 b2_succ=1395 full_t=1621 full_ep=215 full_succ=62 | [2026-09-21T23:13:11Z] Full PPO update 1 transitions=1024
2026-09-22T00:01:22Z pid=4111523 b2_t=8192 b2_ep=1777 b2_succ=1395 full_t=1648 full_ep=220 full_succ=64 | [2026-09-21T23:13:11Z] Full PPO update 1 transitions=1024
2026-09-22T00:02:23Z pid=4111523 b2_t=8192 b2_ep=1777 b2_succ=1395 full_t=1674 full_ep=224 full_succ=66 | [2026-09-21T23:13:11Z] Full PPO update 1 transitions=1024
2026-09-22T00:03:23Z pid=4111523 b2_t=8192 b2_ep=1777 b2_succ=1395 full_t=1697 full_ep=227 full_succ=67 | [2026-09-21T23:13:11Z] Full PPO update 1 transitions=1024
2026-09-22T00:04:23Z pid=4111523 b2_t=8192 b2_ep=1777 b2_succ=1395 full_t=1724 full_ep=230 full_succ=68 | [2026-09-21T23:13:11Z] Full PPO update 1 transitions=1024
2026-09-22T00:05:23Z pid=4111523 b2_t=8192 b2_ep=1777 b2_succ=1395 full_t=1751 full_ep=233 full_succ=70 | [2026-09-21T23:13:11Z] Full PPO update 1 transitions=1024
2026-09-22T00:06:23Z pid=4111523 b2_t=8192 b2_ep=1777 b2_succ=1395 full_t=1776 full_ep=237 full_succ=71 | [2026-09-21T23:13:11Z] Full PPO update 1 transitions=1024
2026-09-22T00:07:23Z pid=4111523 b2_t=8192 b2_ep=1777 b2_succ=1395 full_t=1803 full_ep=241 full_succ=73 | [2026-09-21T23:13:11Z] Full PPO update 1 transitions=1024
2026-09-22T00:08:23Z pid=4111523 b2_t=8192 b2_ep=1777 b2_succ=1395 full_t=1830 full_ep=244 full_succ=75 | [2026-09-21T23:13:11Z] Full PPO update 1 transitions=1024
2026-09-22T00:09:23Z pid=4111523 b2_t=8192 b2_ep=1777 b2_succ=1395 full_t=1854 full_ep=247 full_succ=76 | [2026-09-21T23:13:11Z] Full PPO update 1 transitions=1024
2026-09-22T00:10:23Z pid=4111523 b2_t=8192 b2_ep=1777 b2_succ=1395 full_t=1881 full_ep=251 full_succ=79 | [2026-09-21T23:13:11Z] Full PPO update 1 transitions=1024
2026-09-22T00:11:23Z pid=4111523 b2_t=8192 b2_ep=1777 b2_succ=1395 full_t=1906 full_ep=254 full_succ=81 | [2026-09-21T23:13:11Z] Full PPO update 1 transitions=1024
2026-09-22T00:12:23Z pid=4111523 b2_t=8192 b2_ep=1777 b2_succ=1395 full_t=1932 full_ep=257 full_succ=83 | [2026-09-21T23:13:11Z] Full PPO update 1 transitions=1024
2026-09-22T00:13:24Z pid=4111523 b2_t=8192 b2_ep=1777 b2_succ=1395 full_t=1957 full_ep=261 full_succ=84 | [2026-09-21T23:13:11Z] Full PPO update 1 transitions=1024
2026-09-22T00:14:24Z pid=4111523 b2_t=8192 b2_ep=1777 b2_succ=1395 full_t=1982 full_ep=265 full_succ=86 | [2026-09-21T23:13:11Z] Full PPO update 1 transitions=1024
2026-09-22T00:15:24Z pid=4111523 b2_t=8192 b2_ep=1777 b2_succ=1395 full_t=2006 full_ep=269 full_succ=88 | [2026-09-21T23:13:11Z] Full PPO update 1 transitions=1024
2026-09-22T00:16:24Z pid=4111523 b2_t=8192 b2_ep=1777 b2_succ=1395 full_t=2034 full_ep=272 full_succ=88 | [2026-09-21T23:13:11Z] Full PPO update 1 transitions=1024
2026-09-22T00:17:24Z pid=4111523 b2_t=8192 b2_ep=1777 b2_succ=1395 full_t=2048 full_ep=274 full_succ=88 | [2026-09-22T00:16:55Z] Full PPO update 2 transitions=1024
2026-09-22T00:18:24Z pid=4111523 b2_t=8192 b2_ep=1777 b2_succ=1395 full_t=2048 full_ep=274 full_succ=88 | [2026-09-22T00:16:55Z] Full PPO update 2 transitions=1024
2026-09-22T00:19:24Z pid=4111523 b2_t=8192 b2_ep=1777 b2_succ=1395 full_t=2048 full_ep=274 full_succ=88 | [2026-09-22T00:16:55Z] Full PPO update 2 transitions=1024
2026-09-22T00:20:24Z pid=4111523 b2_t=8192 b2_ep=1777 b2_succ=1395 full_t=2048 full_ep=274 full_succ=88 | [2026-09-22T00:16:55Z] Full PPO update 2 transitions=1024
2026-09-22T00:21:24Z pid=4111523 b2_t=8192 b2_ep=1777 b2_succ=1395 full_t=2048 full_ep=274 full_succ=88 | [2026-09-22T00:16:55Z] Full PPO update 2 transitions=1024
2026-09-22T00:22:24Z pid=4111523 b2_t=8192 b2_ep=1777 b2_succ=1395 full_t=2048 full_ep=274 full_succ=88 | [2026-09-22T00:16:55Z] Full PPO update 2 transitions=1024
2026-09-22T00:23:24Z pid=4111523 b2_t=8192 b2_ep=1777 b2_succ=1395 full_t=2048 full_ep=274 full_succ=88 | [2026-09-22T00:16:55Z] Full PPO update 2 transitions=1024
2026-09-22T00:24:25Z pid=4111523 b2_t=8192 b2_ep=1777 b2_succ=1395 full_t=2048 full_ep=274 full_succ=88 | [2026-09-22T00:16:55Z] Full PPO update 2 transitions=1024
2026-09-22T00:25:25Z pid=4111523 b2_t=8192 b2_ep=1777 b2_succ=1395 full_t=2048 full_ep=274 full_succ=88 | [2026-09-22T00:16:55Z] Full PPO update 2 transitions=1024
2026-09-22T00:26:25Z pid=4111523 b2_t=8192 b2_ep=1777 b2_succ=1395 full_t=2048 full_ep=274 full_succ=88 | [2026-09-22T00:16:55Z] Full PPO update 2 transitions=1024
2026-09-22T00:27:25Z pid=4111523 b2_t=8192 b2_ep=1777 b2_succ=1395 full_t=2048 full_ep=274 full_succ=88 | [2026-09-22T00:16:55Z] Full PPO update 2 transitions=1024
2026-09-22T00:28:25Z pid=4111523 b2_t=8192 b2_ep=1777 b2_succ=1395 full_t=2048 full_ep=274 full_succ=88 | [2026-09-22T00:16:55Z] Full PPO update 2 transitions=1024
2026-09-22T00:29:25Z pid=4111523 b2_t=8192 b2_ep=1777 b2_succ=1395 full_t=2048 full_ep=274 full_succ=88 | [2026-09-22T00:16:55Z] Full PPO update 2 transitions=1024
2026-09-22T00:30:25Z pid=4111523 b2_t=8192 b2_ep=1777 b2_succ=1395 full_t=2048 full_ep=274 full_succ=88 | [2026-09-22T00:16:55Z] Full PPO update 2 transitions=1024
2026-09-22T00:31:25Z pid=4111523 b2_t=8192 b2_ep=1777 b2_succ=1395 full_t=2048 full_ep=274 full_succ=88 | [2026-09-22T00:16:55Z] Full PPO update 2 transitions=1024
2026-09-22T00:32:25Z pid=4111523 b2_t=8192 b2_ep=1777 b2_succ=1395 full_t=2060 full_ep=276 full_succ=90 | [2026-09-22T00:16:55Z] Full PPO update 2 transitions=1024
2026-09-22T00:33:25Z pid=4111523 b2_t=8192 b2_ep=1777 b2_succ=1395 full_t=2092 full_ep=282 full_succ=91 | [2026-09-22T00:16:55Z] Full PPO update 2 transitions=1024
2026-09-22T00:34:25Z pid=4111523 b2_t=8192 b2_ep=1777 b2_succ=1395 full_t=2172 full_ep=285 full_succ=94 | [2026-09-22T00:16:55Z] Full PPO update 2 transitions=1024
2026-09-22T00:35:25Z pid=4111523 b2_t=8192 b2_ep=1777 b2_succ=1395 full_t=2496 full_ep=285 full_succ=94 | [2026-09-22T00:16:55Z] Full PPO update 2 transitions=1024
2026-09-22T00:36:26Z pid=4111523 b2_t=8192 b2_ep=1777 b2_succ=1395 full_t=2752 full_ep=285 full_succ=94 | [2026-09-22T00:16:55Z] Full PPO update 2 transitions=1024
2026-09-22T00:37:26Z pid=4111523 b2_t=8192 b2_ep=1777 b2_succ=1395 full_t=2969 full_ep=285 full_succ=94 | [2026-09-22T00:16:55Z] Full PPO update 2 transitions=1024
2026-09-22T00:38:26Z pid=4111523 b2_t=8192 b2_ep=1777 b2_succ=1395 full_t=3072 full_ep=285 full_succ=94 | [2026-09-22T00:37:57Z] Full PPO update 3 transitions=1024
2026-09-22T00:39:26Z pid=4111523 b2_t=8192 b2_ep=1777 b2_succ=1395 full_t=3072 full_ep=285 full_succ=94 | [2026-09-22T00:37:57Z] Full PPO update 3 transitions=1024
2026-09-22T00:40:26Z pid=4111523 b2_t=8192 b2_ep=1777 b2_succ=1395 full_t=3072 full_ep=285 full_succ=94 | [2026-09-22T00:37:57Z] Full PPO update 3 transitions=1024
2026-09-22T00:41:26Z pid=4111523 b2_t=8192 b2_ep=1777 b2_succ=1395 full_t=3072 full_ep=285 full_succ=94 | [2026-09-22T00:37:57Z] Full PPO update 3 transitions=1024
2026-09-22T00:42:26Z pid=4111523 b2_t=8192 b2_ep=1777 b2_succ=1395 full_t=3072 full_ep=285 full_succ=94 | [2026-09-22T00:37:57Z] Full PPO update 3 transitions=1024
2026-09-22T00:43:26Z pid=4111523 b2_t=8192 b2_ep=1777 b2_succ=1395 full_t=3072 full_ep=285 full_succ=94 | [2026-09-22T00:37:57Z] Full PPO update 3 transitions=1024
2026-09-22T00:44:26Z pid=4111523 b2_t=8192 b2_ep=1777 b2_succ=1395 full_t=3072 full_ep=285 full_succ=94 | [2026-09-22T00:37:57Z] Full PPO update 3 transitions=1024
2026-09-22T00:45:26Z pid=4111523 b2_t=8192 b2_ep=1777 b2_succ=1395 full_t=3072 full_ep=285 full_succ=94 | [2026-09-22T00:37:57Z] Full PPO update 3 transitions=1024
2026-09-22T00:46:26Z pid=4111523 b2_t=8192 b2_ep=1777 b2_succ=1395 full_t=3072 full_ep=285 full_succ=94 | [2026-09-22T00:37:57Z] Full PPO update 3 transitions=1024
2026-09-22T00:47:27Z pid=4111523 b2_t=8192 b2_ep=1777 b2_succ=1395 full_t=3213 full_ep=285 full_succ=94 | [2026-09-22T00:37:57Z] Full PPO update 3 transitions=1024
2026-09-22T00:48:27Z pid=4111523 b2_t=8192 b2_ep=1777 b2_succ=1395 full_t=3385 full_ep=285 full_succ=94 | [2026-09-22T00:37:57Z] Full PPO update 3 transitions=1024
2026-09-22T00:49:27Z pid=4111523 b2_t=8192 b2_ep=1777 b2_succ=1395 full_t=3544 full_ep=285 full_succ=94 | [2026-09-22T00:37:57Z] Full PPO update 3 transitions=1024
2026-09-22T00:50:27Z pid=4111523 b2_t=8192 b2_ep=1777 b2_succ=1395 full_t=3691 full_ep=285 full_succ=94 | [2026-09-22T00:37:57Z] Full PPO update 3 transitions=1024
2026-09-22T00:51:27Z pid=4111523 b2_t=8192 b2_ep=1777 b2_succ=1395 full_t=3831 full_ep=285 full_succ=94 | [2026-09-22T00:37:57Z] Full PPO update 3 transitions=1024
2026-09-22T00:52:27Z pid=4111523 b2_t=8192 b2_ep=1777 b2_succ=1395 full_t=3963 full_ep=285 full_succ=94 | [2026-09-22T00:37:57Z] Full PPO update 3 transitions=1024
2026-09-22T00:53:27Z pid=4111523 b2_t=8192 b2_ep=1777 b2_succ=1395 full_t=4088 full_ep=285 full_succ=94 | [2026-09-22T00:37:57Z] Full PPO update 3 transitions=1024
2026-09-22T00:54:27Z pid=4111523 b2_t=8192 b2_ep=1777 b2_succ=1395 full_t=4096 full_ep=285 full_succ=94 | [2026-09-22T00:53:31Z] Full PPO update 4 transitions=1024
2026-09-22T00:55:27Z pid=4111523 b2_t=8192 b2_ep=1777 b2_succ=1395 full_t=4096 full_ep=285 full_succ=94 | [2026-09-22T00:53:31Z] Full PPO update 4 transitions=1024
2026-09-22T00:56:27Z pid=4111523 b2_t=8192 b2_ep=1777 b2_succ=1395 full_t=4096 full_ep=285 full_succ=94 | [2026-09-22T00:53:31Z] Full PPO update 4 transitions=1024
2026-09-22T00:57:27Z pid=4111523 b2_t=8192 b2_ep=1777 b2_succ=1395 full_t=4096 full_ep=285 full_succ=94 | [2026-09-22T00:53:31Z] Full PPO update 4 transitions=1024
2026-09-22T00:58:28Z pid=4111523 b2_t=8192 b2_ep=1777 b2_succ=1395 full_t=4096 full_ep=285 full_succ=94 | [2026-09-22T00:53:31Z] Full PPO update 4 transitions=1024
2026-09-22T00:59:28Z pid=4111523 b2_t=8192 b2_ep=1777 b2_succ=1395 full_t=4096 full_ep=285 full_succ=94 | [2026-09-22T00:53:31Z] Full PPO update 4 transitions=1024
2026-09-22T01:00:28Z pid=4111523 b2_t=8192 b2_ep=1777 b2_succ=1395 full_t=4096 full_ep=285 full_succ=94 | [2026-09-22T00:53:31Z] Full PPO update 4 transitions=1024
2026-09-22T01:01:28Z pid=4111523 b2_t=8192 b2_ep=1777 b2_succ=1395 full_t=4096 full_ep=285 full_succ=94 | [2026-09-22T00:53:31Z] Full PPO update 4 transitions=1024
2026-09-22T01:02:28Z pid=4111523 b2_t=8192 b2_ep=1777 b2_succ=1395 full_t=4096 full_ep=285 full_succ=94 | [2026-09-22T01:02:28Z] Full eval update 4
2026-09-22T01:03:28Z pid=4111523 b2_t=8192 b2_ep=1777 b2_succ=1395 full_t=4096 full_ep=285 full_succ=94 | [2026-09-22T01:02:28Z] Full eval update 4
2026-09-22T01:04:28Z pid=4111523 b2_t=8192 b2_ep=1777 b2_succ=1395 full_t=4217 full_ep=285 full_succ=94 | [2026-09-22T01:02:28Z] Full eval update 4
2026-09-22T01:05:28Z pid=4111523 b2_t=8192 b2_ep=1777 b2_succ=1395 full_t=4335 full_ep=285 full_succ=94 | [2026-09-22T01:02:28Z] Full eval update 4
2026-09-22T01:06:28Z pid=4111523 b2_t=8192 b2_ep=1777 b2_succ=1395 full_t=4448 full_ep=285 full_succ=94 | [2026-09-22T01:02:28Z] Full eval update 4
2026-09-22T01:07:28Z pid=4111523 b2_t=8192 b2_ep=1777 b2_succ=1395 full_t=4557 full_ep=285 full_succ=94 | [2026-09-22T01:02:28Z] Full eval update 4
2026-09-22T01:08:28Z pid=4111523 b2_t=8192 b2_ep=1777 b2_succ=1395 full_t=4663 full_ep=285 full_succ=94 | [2026-09-22T01:02:28Z] Full eval update 4
2026-09-22T01:09:29Z pid=4111523 b2_t=8192 b2_ep=1777 b2_succ=1395 full_t=4766 full_ep=285 full_succ=94 | [2026-09-22T01:02:28Z] Full eval update 4
2026-09-22T01:10:29Z pid=4111523 b2_t=8192 b2_ep=1777 b2_succ=1395 full_t=4866 full_ep=285 full_succ=94 | [2026-09-22T01:02:28Z] Full eval update 4
2026-09-22T01:11:29Z pid=4111523 b2_t=8192 b2_ep=1777 b2_succ=1395 full_t=4964 full_ep=285 full_succ=94 | [2026-09-22T01:02:28Z] Full eval update 4
2026-09-22T01:12:29Z pid=4111523 b2_t=8192 b2_ep=1777 b2_succ=1395 full_t=5060 full_ep=285 full_succ=94 | [2026-09-22T01:02:28Z] Full eval update 4
2026-09-22T01:13:29Z pid=4111523 b2_t=8192 b2_ep=1777 b2_succ=1395 full_t=5120 full_ep=285 full_succ=94 | [2026-09-22T01:13:07Z] Full PPO update 5 transitions=1024
2026-09-22T01:14:29Z pid=4111523 b2_t=8192 b2_ep=1777 b2_succ=1395 full_t=5120 full_ep=285 full_succ=94 | [2026-09-22T01:13:07Z] Full PPO update 5 transitions=1024
2026-09-22T01:15:29Z pid=4111523 b2_t=8192 b2_ep=1777 b2_succ=1395 full_t=5120 full_ep=285 full_succ=94 | [2026-09-22T01:13:07Z] Full PPO update 5 transitions=1024
2026-09-22T01:16:29Z pid=4111523 b2_t=8192 b2_ep=1777 b2_succ=1395 full_t=5120 full_ep=285 full_succ=94 | [2026-09-22T01:13:07Z] Full PPO update 5 transitions=1024
2026-09-22T01:17:29Z pid=4111523 b2_t=8192 b2_ep=1777 b2_succ=1395 full_t=5120 full_ep=285 full_succ=94 | [2026-09-22T01:13:07Z] Full PPO update 5 transitions=1024
2026-09-22T01:18:29Z pid=4111523 b2_t=8192 b2_ep=1777 b2_succ=1395 full_t=5120 full_ep=285 full_succ=94 | [2026-09-22T01:13:07Z] Full PPO update 5 transitions=1024
2026-09-22T01:19:29Z pid=4111523 b2_t=8192 b2_ep=1777 b2_succ=1395 full_t=5120 full_ep=285 full_succ=94 | [2026-09-22T01:13:07Z] Full PPO update 5 transitions=1024
2026-09-22T01:20:29Z pid=4111523 b2_t=8192 b2_ep=1777 b2_succ=1395 full_t=5120 full_ep=285 full_succ=94 | [2026-09-22T01:13:07Z] Full PPO update 5 transitions=1024
2026-09-22T01:21:30Z pid=4111523 b2_t=8192 b2_ep=1777 b2_succ=1395 full_t=5120 full_ep=285 full_succ=94 | [2026-09-22T01:13:07Z] Full PPO update 5 transitions=1024
2026-09-22T01:22:30Z pid=4111523 b2_t=8192 b2_ep=1777 b2_succ=1395 full_t=5120 full_ep=285 full_succ=94 | [2026-09-22T01:13:07Z] Full PPO update 5 transitions=1024
2026-09-22T01:23:30Z pid=4111523 b2_t=8192 b2_ep=1777 b2_succ=1395 full_t=5198 full_ep=285 full_succ=94 | [2026-09-22T01:13:07Z] Full PPO update 5 transitions=1024
2026-09-22T01:24:30Z pid=4111523 b2_t=8192 b2_ep=1777 b2_succ=1395 full_t=5289 full_ep=285 full_succ=94 | [2026-09-22T01:13:07Z] Full PPO update 5 transitions=1024
2026-09-22T01:25:30Z pid=4111523 b2_t=8192 b2_ep=1777 b2_succ=1395 full_t=5378 full_ep=285 full_succ=94 | [2026-09-22T01:13:07Z] Full PPO update 5 transitions=1024
2026-09-22T01:26:30Z pid=4111523 b2_t=8192 b2_ep=1777 b2_succ=1395 full_t=5464 full_ep=285 full_succ=94 | [2026-09-22T01:13:07Z] Full PPO update 5 transitions=1024
2026-09-22T01:27:30Z pid=4111523 b2_t=8192 b2_ep=1777 b2_succ=1395 full_t=5550 full_ep=285 full_succ=94 | [2026-09-22T01:13:07Z] Full PPO update 5 transitions=1024
2026-09-22T01:28:30Z pid=4111523 b2_t=8192 b2_ep=1777 b2_succ=1395 full_t=5633 full_ep=285 full_succ=94 | [2026-09-22T01:13:07Z] Full PPO update 5 transitions=1024
2026-09-22T01:29:30Z pid=4111523 b2_t=8192 b2_ep=1777 b2_succ=1395 full_t=5715 full_ep=285 full_succ=94 | [2026-09-22T01:13:07Z] Full PPO update 5 transitions=1024
2026-09-22T01:30:30Z pid=4111523 b2_t=8192 b2_ep=1777 b2_succ=1395 full_t=5795 full_ep=285 full_succ=94 | [2026-09-22T01:13:07Z] Full PPO update 5 transitions=1024
2026-09-22T01:31:30Z pid=4111523 b2_t=8192 b2_ep=1777 b2_succ=1395 full_t=5874 full_ep=285 full_succ=94 | [2026-09-22T01:13:07Z] Full PPO update 5 transitions=1024
2026-09-22T01:32:31Z pid=4111523 b2_t=8192 b2_ep=1777 b2_succ=1395 full_t=5951 full_ep=285 full_succ=94 | [2026-09-22T01:13:07Z] Full PPO update 5 transitions=1024
2026-09-22T01:33:31Z pid=4111523 b2_t=8192 b2_ep=1777 b2_succ=1395 full_t=6030 full_ep=285 full_succ=94 | [2026-09-22T01:13:07Z] Full PPO update 5 transitions=1024
2026-09-22T01:34:31Z pid=4111523 b2_t=8192 b2_ep=1777 b2_succ=1395 full_t=6107 full_ep=285 full_succ=94 | [2026-09-22T01:13:07Z] Full PPO update 5 transitions=1024
2026-09-22T01:35:31Z pid=4111523 b2_t=8192 b2_ep=1777 b2_succ=1395 full_t=6144 full_ep=285 full_succ=94 | [2026-09-22T01:35:00Z] Full PPO update 6 transitions=1024
2026-09-22T01:36:31Z pid=4111523 b2_t=8192 b2_ep=1777 b2_succ=1395 full_t=6144 full_ep=285 full_succ=94 | [2026-09-22T01:35:00Z] Full PPO update 6 transitions=1024
2026-09-22T01:37:31Z pid=4111523 b2_t=8192 b2_ep=1777 b2_succ=1395 full_t=6144 full_ep=285 full_succ=94 | [2026-09-22T01:35:00Z] Full PPO update 6 transitions=1024
2026-09-22T01:38:31Z pid=4111523 b2_t=8192 b2_ep=1777 b2_succ=1395 full_t=6144 full_ep=285 full_succ=94 | [2026-09-22T01:35:00Z] Full PPO update 6 transitions=1024
2026-09-22T01:39:31Z pid=4111523 b2_t=8192 b2_ep=1777 b2_succ=1395 full_t=6144 full_ep=285 full_succ=94 | [2026-09-22T01:35:00Z] Full PPO update 6 transitions=1024
2026-09-22T01:40:31Z pid=4111523 b2_t=8192 b2_ep=1777 b2_succ=1395 full_t=6144 full_ep=285 full_succ=94 | [2026-09-22T01:35:00Z] Full PPO update 6 transitions=1024
2026-09-22T01:41:31Z pid=4111523 b2_t=8192 b2_ep=1777 b2_succ=1395 full_t=6144 full_ep=285 full_succ=94 | [2026-09-22T01:35:00Z] Full PPO update 6 transitions=1024
2026-09-22T01:42:31Z pid=4111523 b2_t=8192 b2_ep=1777 b2_succ=1395 full_t=6144 full_ep=285 full_succ=94 | [2026-09-22T01:35:00Z] Full PPO update 6 transitions=1024
2026-09-22T01:43:32Z pid=4111523 b2_t=8192 b2_ep=1777 b2_succ=1395 full_t=6144 full_ep=285 full_succ=94 | [2026-09-22T01:35:00Z] Full PPO update 6 transitions=1024
2026-09-22T01:44:32Z pid=4111523 b2_t=8192 b2_ep=1777 b2_succ=1395 full_t=6144 full_ep=285 full_succ=94 | [2026-09-22T01:35:00Z] Full PPO update 6 transitions=1024
2026-09-22T01:45:32Z pid=4111523 b2_t=8192 b2_ep=1777 b2_succ=1395 full_t=6144 full_ep=285 full_succ=94 | [2026-09-22T01:35:00Z] Full PPO update 6 transitions=1024
2026-09-22T01:46:32Z pid=4111523 b2_t=8192 b2_ep=1777 b2_succ=1395 full_t=6146 full_ep=285 full_succ=94 | [2026-09-22T01:35:00Z] Full PPO update 6 transitions=1024
2026-09-22T01:47:32Z pid=4111523 b2_t=8192 b2_ep=1777 b2_succ=1395 full_t=6187 full_ep=285 full_succ=94 | [2026-09-22T01:35:00Z] Full PPO update 6 transitions=1024
2026-09-22T01:48:32Z pid=4111523 b2_t=8192 b2_ep=1777 b2_succ=1395 full_t=6229 full_ep=285 full_succ=94 | [2026-09-22T01:35:00Z] Full PPO update 6 transitions=1024
2026-09-22T01:49:32Z pid=4111523 b2_t=8192 b2_ep=1777 b2_succ=1395 full_t=6262 full_ep=285 full_succ=94 | [2026-09-22T01:35:00Z] Full PPO update 6 transitions=1024
2026-09-22T01:50:32Z pid=4111523 b2_t=8192 b2_ep=1777 b2_succ=1395 full_t=6301 full_ep=285 full_succ=94 | [2026-09-22T01:35:00Z] Full PPO update 6 transitions=1024
2026-09-22T01:51:32Z pid=4111523 b2_t=8192 b2_ep=1777 b2_succ=1395 full_t=6341 full_ep=285 full_succ=94 | [2026-09-22T01:35:00Z] Full PPO update 6 transitions=1024
2026-09-22T01:52:32Z pid=4111523 b2_t=8192 b2_ep=1777 b2_succ=1395 full_t=6374 full_ep=285 full_succ=94 | [2026-09-22T01:35:00Z] Full PPO update 6 transitions=1024
2026-09-22T01:53:32Z pid=4111523 b2_t=8192 b2_ep=1777 b2_succ=1395 full_t=6412 full_ep=285 full_succ=94 | [2026-09-22T01:35:00Z] Full PPO update 6 transitions=1024
2026-09-22T01:54:33Z pid=4111523 b2_t=8192 b2_ep=1777 b2_succ=1395 full_t=6451 full_ep=285 full_succ=94 | [2026-09-22T01:35:00Z] Full PPO update 6 transitions=1024
2026-09-22T01:55:33Z pid=4111523 b2_t=8192 b2_ep=1777 b2_succ=1395 full_t=6482 full_ep=285 full_succ=94 | [2026-09-22T01:35:00Z] Full PPO update 6 transitions=1024
2026-09-22T01:56:33Z pid=4111523 b2_t=8192 b2_ep=1777 b2_succ=1395 full_t=6519 full_ep=285 full_succ=94 | [2026-09-22T01:35:00Z] Full PPO update 6 transitions=1024
2026-09-22T01:57:33Z pid=4111523 b2_t=8192 b2_ep=1777 b2_succ=1395 full_t=6558 full_ep=285 full_succ=94 | [2026-09-22T01:35:00Z] Full PPO update 6 transitions=1024
2026-09-22T01:58:33Z pid=4111523 b2_t=8192 b2_ep=1777 b2_succ=1395 full_t=6588 full_ep=285 full_succ=94 | [2026-09-22T01:35:00Z] Full PPO update 6 transitions=1024
2026-09-22T01:59:33Z pid=4111523 b2_t=8192 b2_ep=1777 b2_succ=1395 full_t=6624 full_ep=285 full_succ=94 | [2026-09-22T01:35:00Z] Full PPO update 6 transitions=1024
2026-09-22T02:00:33Z pid=4111523 b2_t=8192 b2_ep=1777 b2_succ=1395 full_t=6661 full_ep=285 full_succ=94 | [2026-09-22T01:35:00Z] Full PPO update 6 transitions=1024
2026-09-22T02:01:33Z pid=4111523 b2_t=8192 b2_ep=1777 b2_succ=1395 full_t=6690 full_ep=285 full_succ=94 | [2026-09-22T01:35:00Z] Full PPO update 6 transitions=1024
2026-09-22T02:02:33Z pid=4111523 b2_t=8192 b2_ep=1777 b2_succ=1395 full_t=6727 full_ep=285 full_succ=94 | [2026-09-22T01:35:00Z] Full PPO update 6 transitions=1024
2026-09-22T02:03:33Z pid=4111523 b2_t=8192 b2_ep=1777 b2_succ=1395 full_t=6763 full_ep=285 full_succ=94 | [2026-09-22T01:35:00Z] Full PPO update 6 transitions=1024
2026-09-22T02:04:33Z pid=4111523 b2_t=8192 b2_ep=1777 b2_succ=1395 full_t=6793 full_ep=285 full_succ=94 | [2026-09-22T01:35:00Z] Full PPO update 6 transitions=1024
2026-09-22T02:05:34Z pid=4111523 b2_t=8192 b2_ep=1777 b2_succ=1395 full_t=6828 full_ep=285 full_succ=94 | [2026-09-22T01:35:00Z] Full PPO update 6 transitions=1024
2026-09-22T02:06:34Z pid=4111523 b2_t=8192 b2_ep=1777 b2_succ=1395 full_t=6864 full_ep=285 full_succ=94 | [2026-09-22T01:35:00Z] Full PPO update 6 transitions=1024
2026-09-22T02:07:34Z pid=4111523 b2_t=8192 b2_ep=1777 b2_succ=1395 full_t=6893 full_ep=285 full_succ=94 | [2026-09-22T01:35:00Z] Full PPO update 6 transitions=1024
2026-09-22T02:08:34Z pid=4111523 b2_t=8192 b2_ep=1777 b2_succ=1395 full_t=6929 full_ep=285 full_succ=94 | [2026-09-22T01:35:00Z] Full PPO update 6 transitions=1024
2026-09-22T02:09:34Z pid=4111523 b2_t=8192 b2_ep=1777 b2_succ=1395 full_t=6963 full_ep=285 full_succ=94 | [2026-09-22T01:35:00Z] Full PPO update 6 transitions=1024
2026-09-22T02:10:34Z pid=4111523 b2_t=8192 b2_ep=1777 b2_succ=1395 full_t=6996 full_ep=285 full_succ=94 | [2026-09-22T01:35:00Z] Full PPO update 6 transitions=1024
2026-09-22T02:11:34Z pid=4111523 b2_t=8192 b2_ep=1777 b2_succ=1395 full_t=7024 full_ep=285 full_succ=94 | [2026-09-22T01:35:00Z] Full PPO update 6 transitions=1024
2026-09-22T02:12:34Z pid=4111523 b2_t=8192 b2_ep=1777 b2_succ=1395 full_t=7060 full_ep=285 full_succ=94 | [2026-09-22T01:35:00Z] Full PPO update 6 transitions=1024
2026-09-22T02:13:34Z pid=4111523 b2_t=8192 b2_ep=1777 b2_succ=1395 full_t=7094 full_ep=285 full_succ=94 | [2026-09-22T01:35:00Z] Full PPO update 6 transitions=1024
2026-09-22T02:14:34Z pid=4111523 b2_t=8192 b2_ep=1777 b2_succ=1395 full_t=7124 full_ep=285 full_succ=94 | [2026-09-22T01:35:00Z] Full PPO update 6 transitions=1024
2026-09-22T02:15:34Z pid=4111523 b2_t=8192 b2_ep=1777 b2_succ=1395 full_t=7155 full_ep=285 full_succ=94 | [2026-09-22T01:35:00Z] Full PPO update 6 transitions=1024
2026-09-22T02:16:35Z pid=4111523 b2_t=8192 b2_ep=1777 b2_succ=1395 full_t=7168 full_ep=285 full_succ=94 | [2026-09-22T02:15:58Z] Full PPO update 7 transitions=1024
2026-09-22T02:17:35Z pid=4111523 b2_t=8192 b2_ep=1777 b2_succ=1395 full_t=7168 full_ep=285 full_succ=94 | [2026-09-22T02:15:58Z] Full PPO update 7 transitions=1024
2026-09-22T02:18:35Z pid=4111523 b2_t=8192 b2_ep=1777 b2_succ=1395 full_t=7168 full_ep=285 full_succ=94 | [2026-09-22T02:15:58Z] Full PPO update 7 transitions=1024
2026-09-22T02:19:35Z pid=4111523 b2_t=8192 b2_ep=1777 b2_succ=1395 full_t=7168 full_ep=285 full_succ=94 | [2026-09-22T02:15:58Z] Full PPO update 7 transitions=1024
2026-09-22T02:20:35Z pid=4111523 b2_t=8192 b2_ep=1777 b2_succ=1395 full_t=7168 full_ep=285 full_succ=94 | [2026-09-22T02:15:58Z] Full PPO update 7 transitions=1024
2026-09-22T02:21:35Z pid=4111523 b2_t=8192 b2_ep=1777 b2_succ=1395 full_t=7168 full_ep=285 full_succ=94 | [2026-09-22T02:15:58Z] Full PPO update 7 transitions=1024
2026-09-22T02:22:35Z pid=4111523 b2_t=8192 b2_ep=1777 b2_succ=1395 full_t=7168 full_ep=285 full_succ=94 | [2026-09-22T02:15:58Z] Full PPO update 7 transitions=1024
2026-09-22T02:23:35Z pid=4111523 b2_t=8192 b2_ep=1777 b2_succ=1395 full_t=7168 full_ep=285 full_succ=94 | [2026-09-22T02:15:58Z] Full PPO update 7 transitions=1024
2026-09-22T02:24:35Z pid=4111523 b2_t=8192 b2_ep=1777 b2_succ=1395 full_t=7168 full_ep=285 full_succ=94 | [2026-09-22T02:15:58Z] Full PPO update 7 transitions=1024
2026-09-22T02:25:35Z pid=4111523 b2_t=8192 b2_ep=1777 b2_succ=1395 full_t=7168 full_ep=285 full_succ=94 | [2026-09-22T02:15:58Z] Full PPO update 7 transitions=1024
2026-09-22T02:26:35Z pid=4111523 b2_t=8192 b2_ep=1777 b2_succ=1395 full_t=7168 full_ep=285 full_succ=94 | [2026-09-22T02:15:58Z] Full PPO update 7 transitions=1024
2026-09-22T02:27:36Z pid=4111523 b2_t=8192 b2_ep=1777 b2_succ=1395 full_t=7168 full_ep=285 full_succ=94 | [2026-09-22T02:15:58Z] Full PPO update 7 transitions=1024
2026-09-22T02:28:36Z pid=4111523 b2_t=8192 b2_ep=1777 b2_succ=1395 full_t=7168 full_ep=285 full_succ=94 | [2026-09-22T02:15:58Z] Full PPO update 7 transitions=1024
2026-09-22T02:29:36Z pid=4111523 b2_t=8192 b2_ep=1777 b2_succ=1395 full_t=7168 full_ep=285 full_succ=94 | [2026-09-22T02:15:58Z] Full PPO update 7 transitions=1024
2026-09-22T02:30:36Z pid=4111523 b2_t=8192 b2_ep=1777 b2_succ=1395 full_t=7168 full_ep=285 full_succ=94 | [2026-09-22T02:15:58Z] Full PPO update 7 transitions=1024
2026-09-22T02:31:36Z pid=4111523 b2_t=8192 b2_ep=1777 b2_succ=1395 full_t=7168 full_ep=285 full_succ=94 | [2026-09-22T02:15:58Z] Full PPO update 7 transitions=1024
2026-09-22T02:32:36Z pid=4111523 b2_t=8192 b2_ep=1777 b2_succ=1395 full_t=7168 full_ep=285 full_succ=94 | [2026-09-22T02:15:58Z] Full PPO update 7 transitions=1024
2026-09-22T02:33:36Z pid=4111523 b2_t=8192 b2_ep=1777 b2_succ=1395 full_t=7168 full_ep=285 full_succ=94 | [2026-09-22T02:15:58Z] Full PPO update 7 transitions=1024
2026-09-22T02:34:36Z pid=4111523 b2_t=8192 b2_ep=1777 b2_succ=1395 full_t=7197 full_ep=285 full_succ=94 | [2026-09-22T02:15:58Z] Full PPO update 7 transitions=1024
2026-09-22T02:35:36Z pid=4111523 b2_t=8192 b2_ep=1777 b2_succ=1395 full_t=7229 full_ep=285 full_succ=94 | [2026-09-22T02:15:58Z] Full PPO update 7 transitions=1024
2026-09-22T02:36:36Z pid=4111523 b2_t=8192 b2_ep=1777 b2_succ=1395 full_t=7262 full_ep=285 full_succ=94 | [2026-09-22T02:15:58Z] Full PPO update 7 transitions=1024
2026-09-22T02:37:36Z pid=4111523 b2_t=8192 b2_ep=1777 b2_succ=1395 full_t=7289 full_ep=285 full_succ=94 | [2026-09-22T02:15:58Z] Full PPO update 7 transitions=1024
2026-09-22T02:38:36Z pid=4111523 b2_t=8192 b2_ep=1777 b2_succ=1395 full_t=7321 full_ep=285 full_succ=94 | [2026-09-22T02:15:58Z] Full PPO update 7 transitions=1024
2026-09-22T02:39:37Z pid=4111523 b2_t=8192 b2_ep=1777 b2_succ=1395 full_t=7353 full_ep=285 full_succ=94 | [2026-09-22T02:15:58Z] Full PPO update 7 transitions=1024
2026-09-22T02:40:37Z pid=4111523 b2_t=8192 b2_ep=1777 b2_succ=1395 full_t=7384 full_ep=285 full_succ=94 | [2026-09-22T02:15:58Z] Full PPO update 7 transitions=1024
2026-09-22T02:41:37Z pid=4111523 b2_t=8192 b2_ep=1777 b2_succ=1395 full_t=7410 full_ep=285 full_succ=94 | [2026-09-22T02:15:58Z] Full PPO update 7 transitions=1024
2026-09-22T02:42:37Z pid=4111523 b2_t=8192 b2_ep=1777 b2_succ=1395 full_t=7443 full_ep=285 full_succ=94 | [2026-09-22T02:15:58Z] Full PPO update 7 transitions=1024
2026-09-22T02:43:37Z pid=4111523 b2_t=8192 b2_ep=1777 b2_succ=1395 full_t=7475 full_ep=285 full_succ=94 | [2026-09-22T02:15:58Z] Full PPO update 7 transitions=1024
2026-09-22T02:44:37Z pid=4111523 b2_t=8192 b2_ep=1777 b2_succ=1395 full_t=7504 full_ep=285 full_succ=94 | [2026-09-22T02:15:58Z] Full PPO update 7 transitions=1024
2026-09-22T02:45:37Z pid=4111523 b2_t=8192 b2_ep=1777 b2_succ=1395 full_t=7532 full_ep=285 full_succ=94 | [2026-09-22T02:15:58Z] Full PPO update 7 transitions=1024
2026-09-22T02:46:37Z pid=4111523 b2_t=8192 b2_ep=1777 b2_succ=1395 full_t=7563 full_ep=285 full_succ=94 | [2026-09-22T02:15:58Z] Full PPO update 7 transitions=1024
2026-09-22T02:47:37Z pid=4111523 b2_t=8192 b2_ep=1777 b2_succ=1395 full_t=7594 full_ep=285 full_succ=94 | [2026-09-22T02:15:58Z] Full PPO update 7 transitions=1024
2026-09-22T02:48:37Z pid=4111523 b2_t=8192 b2_ep=1777 b2_succ=1395 full_t=7621 full_ep=285 full_succ=94 | [2026-09-22T02:15:58Z] Full PPO update 7 transitions=1024
2026-09-22T02:49:38Z pid=4111523 b2_t=8192 b2_ep=1777 b2_succ=1395 full_t=7650 full_ep=285 full_succ=94 | [2026-09-22T02:15:58Z] Full PPO update 7 transitions=1024
2026-09-22T02:50:38Z pid=4111523 b2_t=8192 b2_ep=1777 b2_succ=1395 full_t=7680 full_ep=285 full_succ=94 | [2026-09-22T02:15:58Z] Full PPO update 7 transitions=1024
2026-09-22T02:51:38Z pid=4111523 b2_t=8192 b2_ep=1777 b2_succ=1395 full_t=7711 full_ep=285 full_succ=94 | [2026-09-22T02:15:58Z] Full PPO update 7 transitions=1024
2026-09-22T02:52:38Z pid=4111523 b2_t=8192 b2_ep=1777 b2_succ=1395 full_t=7735 full_ep=285 full_succ=94 | [2026-09-22T02:15:58Z] Full PPO update 7 transitions=1024
2026-09-22T02:53:38Z pid=4111523 b2_t=8192 b2_ep=1777 b2_succ=1395 full_t=7765 full_ep=285 full_succ=94 | [2026-09-22T02:15:58Z] Full PPO update 7 transitions=1024
2026-09-22T02:54:38Z pid=4111523 b2_t=8192 b2_ep=1777 b2_succ=1395 full_t=7795 full_ep=285 full_succ=94 | [2026-09-22T02:15:58Z] Full PPO update 7 transitions=1024
2026-09-22T02:55:38Z pid=4111523 b2_t=8192 b2_ep=1777 b2_succ=1395 full_t=7823 full_ep=285 full_succ=94 | [2026-09-22T02:15:58Z] Full PPO update 7 transitions=1024
2026-09-22T02:56:38Z pid=4111523 b2_t=8192 b2_ep=1777 b2_succ=1395 full_t=7848 full_ep=285 full_succ=94 | [2026-09-22T02:15:58Z] Full PPO update 7 transitions=1024
2026-09-22T02:57:38Z pid=4111523 b2_t=8192 b2_ep=1777 b2_succ=1395 full_t=7887 full_ep=285 full_succ=94 | [2026-09-22T02:15:58Z] Full PPO update 7 transitions=1024
2026-09-22T02:58:38Z pid=4111523 b2_t=8192 b2_ep=1777 b2_succ=1395 full_t=7916 full_ep=285 full_succ=94 | [2026-09-22T02:15:58Z] Full PPO update 7 transitions=1024
2026-09-22T02:59:38Z pid=4111523 b2_t=8192 b2_ep=1777 b2_succ=1395 full_t=7940 full_ep=285 full_succ=94 | [2026-09-22T02:15:58Z] Full PPO update 7 transitions=1024
2026-09-22T03:00:39Z pid=4111523 b2_t=8192 b2_ep=1777 b2_succ=1395 full_t=7967 full_ep=285 full_succ=94 | [2026-09-22T02:15:58Z] Full PPO update 7 transitions=1024
2026-09-22T03:01:39Z pid=4111523 b2_t=8192 b2_ep=1777 b2_succ=1395 full_t=7995 full_ep=285 full_succ=94 | [2026-09-22T02:15:58Z] Full PPO update 7 transitions=1024
2026-09-22T03:02:39Z pid=4111523 b2_t=8192 b2_ep=1777 b2_succ=1395 full_t=8018 full_ep=285 full_succ=94 | [2026-09-22T02:15:58Z] Full PPO update 7 transitions=1024
2026-09-22T03:03:39Z pid=4111523 b2_t=8192 b2_ep=1777 b2_succ=1395 full_t=8047 full_ep=285 full_succ=94 | [2026-09-22T02:15:58Z] Full PPO update 7 transitions=1024
2026-09-22T03:04:39Z pid=4111523 b2_t=8192 b2_ep=1777 b2_succ=1395 full_t=8074 full_ep=285 full_succ=94 | [2026-09-22T02:15:58Z] Full PPO update 7 transitions=1024
2026-09-22T03:05:39Z pid=4111523 b2_t=8192 b2_ep=1777 b2_succ=1395 full_t=8097 full_ep=285 full_succ=94 | [2026-09-22T02:15:58Z] Full PPO update 7 transitions=1024
2026-09-22T03:06:39Z pid=4111523 b2_t=8192 b2_ep=1777 b2_succ=1395 full_t=8126 full_ep=285 full_succ=94 | [2026-09-22T02:15:58Z] Full PPO update 7 transitions=1024
2026-09-22T03:07:39Z pid=4111523 b2_t=8192 b2_ep=1777 b2_succ=1395 full_t=8152 full_ep=285 full_succ=94 | [2026-09-22T02:15:58Z] Full PPO update 7 transitions=1024
2026-09-22T03:08:39Z pid=4111523 b2_t=8192 b2_ep=1777 b2_succ=1395 full_t=8175 full_ep=285 full_succ=94 | [2026-09-22T02:15:58Z] Full PPO update 7 transitions=1024
2026-09-22T03:09:39Z pid=4111523 b2_t=8192 b2_ep=1777 b2_succ=1395 full_t=8192 full_ep=285 full_succ=94 | [2026-09-22T03:09:13Z] Full PPO update 8 transitions=1024
2026-09-22T03:10:39Z pid=4111523 b2_t=8192 b2_ep=1777 b2_succ=1395 full_t=8192 full_ep=285 full_succ=94 | [2026-09-22T03:09:13Z] Full PPO update 8 transitions=1024
2026-09-22T03:11:40Z pid=4111523 b2_t=8192 b2_ep=1777 b2_succ=1395 full_t=8192 full_ep=285 full_succ=94 | [2026-09-22T03:09:13Z] Full PPO update 8 transitions=1024
2026-09-22T03:12:40Z pid=4111523 b2_t=8192 b2_ep=1777 b2_succ=1395 full_t=8192 full_ep=285 full_succ=94 | [2026-09-22T03:09:13Z] Full PPO update 8 transitions=1024
2026-09-22T03:13:40Z pid=4111523 b2_t=8192 b2_ep=1777 b2_succ=1395 full_t=8192 full_ep=285 full_succ=94 | [2026-09-22T03:09:13Z] Full PPO update 8 transitions=1024
2026-09-22T03:14:40Z pid=4111523 b2_t=8192 b2_ep=1777 b2_succ=1395 full_t=8192 full_ep=285 full_succ=94 | [2026-09-22T03:09:13Z] Full PPO update 8 transitions=1024
2026-09-22T03:15:40Z pid=4111523 b2_t=8192 b2_ep=1777 b2_succ=1395 full_t=8192 full_ep=285 full_succ=94 | [2026-09-22T03:09:13Z] Full PPO update 8 transitions=1024
2026-09-22T03:16:40Z pid=4111523 b2_t=8192 b2_ep=1777 b2_succ=1395 full_t=8192 full_ep=285 full_succ=94 | [2026-09-22T03:09:13Z] Full PPO update 8 transitions=1024
2026-09-22T03:17:40Z pid=4111523 b2_t=8192 b2_ep=1777 b2_succ=1395 full_t=8192 full_ep=285 full_succ=94 | [2026-09-22T03:09:13Z] Full PPO update 8 transitions=1024
2026-09-22T03:18:40Z pid=4111523 b2_t=8192 b2_ep=1777 b2_succ=1395 full_t=8192 full_ep=285 full_succ=94 | [2026-09-22T03:09:13Z] Full PPO update 8 transitions=1024
2026-09-22T03:19:40Z pid=4111523 b2_t=8192 b2_ep=1777 b2_succ=1395 full_t=8192 full_ep=285 full_succ=94 | [2026-09-22T03:09:13Z] Full PPO update 8 transitions=1024
2026-09-22T03:20:40Z pid=4111523 b2_t=8192 b2_ep=1777 b2_succ=1395 full_t=8192 full_ep=285 full_succ=94 | [2026-09-22T03:09:13Z] Full PPO update 8 transitions=1024
2026-09-22T03:21:40Z pid=4111523 b2_t=8192 b2_ep=1777 b2_succ=1395 full_t=8192 full_ep=285 full_succ=94 | [2026-09-22T03:09:13Z] Full PPO update 8 transitions=1024
2026-09-22T03:22:41Z pid=4111523 b2_t=8192 b2_ep=1777 b2_succ=1395 full_t=8192 full_ep=285 full_succ=94 | [2026-09-22T03:09:13Z] Full PPO update 8 transitions=1024
2026-09-22T03:23:41Z pid=4111523 b2_t=8192 b2_ep=1777 b2_succ=1395 full_t=8192 full_ep=285 full_succ=94 | [2026-09-22T03:09:13Z] Full PPO update 8 transitions=1024
2026-09-22T03:24:41Z pid=4111523 b2_t=8192 b2_ep=1777 b2_succ=1395 full_t=8192 full_ep=285 full_succ=94 | [2026-09-22T03:09:13Z] Full PPO update 8 transitions=1024
2026-09-22T03:25:41Z pid=4111523 b2_t=8192 b2_ep=1777 b2_succ=1395 full_t=8192 full_ep=285 full_succ=94 | [2026-09-22T03:09:13Z] Full PPO update 8 transitions=1024
2026-09-22T03:26:41Z pid=4111523 b2_t=8192 b2_ep=1777 b2_succ=1395 full_t=8192 full_ep=285 full_succ=94 | [2026-09-22T03:09:13Z] Full PPO update 8 transitions=1024
2026-09-22T03:27:41Z pid=4111523 b2_t=8192 b2_ep=1777 b2_succ=1395 full_t=8192 full_ep=285 full_succ=94 | [2026-09-22T03:09:13Z] Full PPO update 8 transitions=1024
2026-09-22T03:28:41Z pid=4111523 b2_t=8192 b2_ep=1777 b2_succ=1395 full_t=8192 full_ep=285 full_succ=94 | [2026-09-22T03:09:13Z] Full PPO update 8 transitions=1024
2026-09-22T03:29:41Z pid=4111523 b2_t=8192 b2_ep=1777 b2_succ=1395 full_t=8192 full_ep=285 full_succ=94 | [2026-09-22T03:29:00Z] Full eval update 8
2026-09-22T03:30:41Z PROCESS_EXIT
[2026-09-21T19:09:30Z] B2 PPO update 5 transitions=1024
[2026-09-21T20:01:08Z] B2 PPO update 6 transitions=1024
[2026-09-21T20:54:55Z] B2 PPO update 7 transitions=1024
[2026-09-21T22:03:30Z] B2 PPO update 8 transitions=1024
[2026-09-21T22:29:15Z] B2 eval update 8
[2026-09-21T22:30:30Z] train Full to 8 updates
[2026-09-21T22:30:31Z] Full eval step0
[2026-09-21T22:33:54Z] Full training start target_updates=8
[2026-09-21T23:13:11Z] Full PPO update 1 transitions=1024
[2026-09-22T00:16:55Z] Full PPO update 2 transitions=1024
[2026-09-22T00:37:57Z] Full PPO update 3 transitions=1024
[2026-09-22T00:53:31Z] Full PPO update 4 transitions=1024
[2026-09-22T01:02:28Z] Full eval update 4
[2026-09-22T01:13:07Z] Full PPO update 5 transitions=1024
[2026-09-22T01:35:00Z] Full PPO update 6 transitions=1024
[2026-09-22T02:15:58Z] Full PPO update 7 transitions=1024
[2026-09-22T03:09:13Z] Full PPO update 8 transitions=1024
[2026-09-22T03:29:00Z] Full eval update 8
[2026-09-22T03:30:10Z] stop-gate at 8 updates: True []
[2026-09-22T03:30:12Z] Stage 1A finished status=PASS next=2A
