rollout_id,source_capture_order,candidate_capture_order,time,synthetic_duplicate,fault_role,jpeg_sha256
L2RAR2_R22_CANON_00_890000__T11_transport_strong_phase_40ms_rgb_dropout,0,0,0.0,False,,86f8c4563d16ebaecc56cc7e76c62ada6128772c5fb9367644bb99bedb12d8dc
L2RAR2_R22_CANON_00_890000__T11_transport_strong_phase_40ms_rgb_dropout,1,1,0.05,False,,e61f6249e44620e61c3e071d015ca329f177a3089ddef8e4c5c1fc2d78c7392a
L2RAR2_R22_CANON_00_890000__T11_transport_strong_phase_40ms_rgb_dropout,2,2,0.09999999999999999,False,,95be33b093a37dfccd77f762992bbf0c5ebc5a38dd64f0004ef6d8594ac953a5
L2RAR2_R22_CANON_00_890000__T11_transport_strong_phase_40ms_rgb_dropout,3,3,0.15,False,,5c0aeeba714a80f0d377f0a9f0629e05092aaff6bf66a1ba16e27f2e92ab608b
L2RAR2_R22_CANON_00_890000__T11_transport_strong_phase_40ms_rgb_dropout,4,4,0.20000000000000004,False,,64c30cef9767b95f30635138870c60a4372d17f1825948050526dd1346aedd2a
L2RAR2_R22_CANON_00_890000__T11_transport_strong_phase_40ms_rgb_dropout,5,5,0.20000000000000004,False,,64c30cef9767b95f30635138870c60a4372d17f1825948050526dd1346aedd2a
L2RAR2_R22_CANON_00_890000__T11_transport_strong_phase_40ms_rgb_dropout,6,6,0.25000000000000006,False,,05c603c04bbc47044a9136a4eb4a06b0d66fb5686537755999d03e1f55e1b780
L2RAR2_R22_CANON_00_890000__T11_transport_strong_phase_40ms_rgb_dropout,7,7,0.3000000000000001,False,,c1b8f95e6f4f59f43825fda101d0d8ed57a16b0682ad4377dfb7194f1793a45b
L2RAR2_R22_CANON_00_890000__T11_transport_strong_phase_40ms_rgb_dropout,8,8,0.3000000000000001,False,,c1b8f95e6f4f59f43825fda101d0d8ed57a16b0682ad4377dfb7194f1793a45b
L2RAR2_R22_CANON_00_890000__T11_transport_strong_phase_40ms_rgb_dropout,9,9,0.35000000000000014,False,,1614b8091cd8bd8dd21c2ae0f8851ee9ee03265665379aab492f23ccc395a494
L2RAR2_R22_CANON_00_890000__T11_transport_strong_phase_40ms_rgb_dropout,10,10,0.4000000000000002,False,,0338b91edd24e5653bc5202db2f577cc4df4dd211fb738c3bf142d4ba445ecf6
L2RAR2_R22_CANON_00_890000__T11_transport_strong_phase_40ms_rgb_dropout,11,11,0.45000000000000023,False,,d797fb5a11443c0b44080b7647117b0e740d395dc61c099da661823ea84cc334
L2RAR2_R22_CANON_00_890000__T11_transport_strong_phase_40ms_rgb_dropout,12,12,0.5000000000000002,False,,cda32b46cafa8d549fb68fecbf8ccf26aba527751c0e4d332bd0053753c55e20
L2RAR2_R22_CANON_00_890000__T11_transport_strong_phase_40ms_rgb_dropout,13,13,0.5000000000000002,False,,cda32b46cafa8d549fb68fecbf8ccf26aba527751c0e4d332bd0053753c55e20
L2RAR2_R22_CANON_00_890000__T11_transport_strong_phase_40ms_rgb_dropout,14,14,0.5500000000000003,False,,4636409d907b85e331cd47b12f47d7ef2462953cee784b8de78b0d1adb95d429
L2RAR2_R22_CANON_00_890000__T11_transport_strong_phase_40ms_rgb_dropout,15,15,0.6000000000000003,False,,9df4bb91b4faa592ddac571b928456021dfd0b7ff43d34067d91ee77daa8cd63
L2RAR2_R22_CANON_00_890000__T11_transport_strong_phase_40ms_rgb_dropout,16,16,0.6500000000000004,False,,a7cd8035c729a18234286d103bce85c1d3690409cd2cb0f2d32d0c470e89b148
L2RAR2_R22_CANON_00_890000__T11_transport_strong_phase_40ms_rgb_dropout,17,17,0.7000000000000004,False,,f7347eb5950e44e871b7f2ec92d6fc81daae491be893f5d2d9c6d5ff4dbf6b20
L2RAR2_R22_CANON_00_890000__T11_transport_strong_phase_40ms_rgb_dropout,18,18,0.7500000000000004,False,,4c99bee9ed1e21d49d190e3d6d7a50954781a00e91143c13041a02c52acc8f17
L2RAR2_R22_CANON_00_890000__T11_transport_strong_phase_40ms_rgb_dropout,19,19,0.8000000000000005,False,,faeaab45ead49e71cb8ff3b2f488bd81814ec4960784500d8877e3663c5a6a21
L2RAR2_R22_CANON_00_890000__T11_transport_strong_phase_40ms_rgb_dropout,20,20,0.8500000000000005,False,,cea5a3cf1f6e84ea908cb9b3012025d5ead5b4512c9f787ef3382c25b6b0b27d
L2RAR2_R22_CANON_00_890000__T11_transport_strong_phase_40ms_rgb_dropout,21,21,0.9000000000000006,False,,81ff552628d418eddd3c0d7f4f1d672b22f941c1f52c0b946fdb65d3fecafa4c
L2RAR2_R22_CANON_00_890000__T11_transport_strong_phase_40ms_rgb_dropout,22,22,0.9500000000000006,False,,2682c5b37a7a2ccebad46accf5ff339187b8b7df15064fd52f72a616d9e46c94
L2RAR2_R22_CANON_00_890000__T11_transport_strong_phase_40ms_rgb_dropout,23,23,1.0000000000000007,False,,e910d9ed3d7f7990948c49338395e83bf0bc7362bad4dd73eb762a7d8314cc94
L2RAR2_R22_CANON_00_890000__T11_transport_strong_phase_40ms_rgb_dropout,24,24,1.0500000000000007,False,,8df423f89562426d9cf3aa8a8b261d75936635d30ff248d7515c373310a0a2c7
L2RAR2_R22_CANON_00_890000__T11_transport_strong_phase_40ms_rgb_dropout,25,25,1.1000000000000008,False,,599f5024b2a42476414d88e13ec2510d00d48b5430a56c419aa8180d2aed9de4
L2RAR2_R22_CANON_00_890000__T11_transport_strong_phase_40ms_rgb_dropout,26,26,1.1500000000000008,False,,7694dc0a661344ddffe314e7c7facbb346b596d444fa93899b9ed29a218aabec
L2RAR2_R22_CANON_00_890000__T11_transport_strong_phase_40ms_rgb_dropout,27,27,1.2000000000000008,False,,7fa5c6d6544399797025a77052e7e52be28aeb62a1730872eab8254f2aa6f796
L2RAR2_R22_CANON_00_890000__T11_transport_strong_phase_40ms_rgb_dropout,28,28,1.2500000000000009,False,,b62cd234e656718e44eeec173ffacb0b302bd333f3064d1863bcc0bfe07d41b0
L2RAR2_R22_CANON_00_890000__T11_transport_strong_phase_40ms_rgb_dropout,29,29,1.300000000000001,False,,c47f040f64be2286d8599614bd2163a09d62028acc888bfda471c6b27fca02a6
L2RAR2_R22_CANON_00_890000__T11_transport_strong_phase_40ms_rgb_dropout,30,30,1.350000000000001,False,,68d094bd82756aa4b493870c41d4b66df389f1e6dd09150bba3148fced5cc541
L2RAR2_R22_CANON_00_890000__T11_transport_strong_phase_40ms_rgb_dropout,31,31,1.400000000000001,False,,45b339617669a77e1ddf75ec049156f6901522c647b0ccda9ccbb87ef1f48555
L2RAR2_R22_CANON_00_890000__T11_transport_strong_phase_40ms_rgb_dropout,32,32,1.450000000000001,False,,
L2RAR2_R22_CANON_00_890000__T11_transport_strong_phase_40ms_rgb_dropout,33,33,1.500000000000001,False,,
L2RAR2_R22_CANON_00_890000__T11_transport_strong_phase_40ms_rgb_dropout,34,34,1.5400000000000011,False,,cf13a0101451801f709faf2d00cca0dec291e9b2a3581b7a25755123a246633e
L2RAR2_R22_CANON_00_890000__T11_transport_strong_phase_40ms_rgb_dropout,35,35,1.5500000000000012,False,,
L2RAR2_R22_CANON_00_890000__T11_transport_strong_phase_40ms_rgb_dropout,36,36,1.6000000000000012,False,,047728c8b614dc90bf871b726ff8a58cce980eaf62583a1a674723b33699e6a0
L2RAR2_R22_CANON_00_890000__T11_transport_strong_phase_40ms_rgb_dropout,37,37,1.6500000000000012,False,,02ee73b9dcc748a4c2d6076225d65711d1a395821052f2129af6ebdaea8bdcb7
L2RAR2_R22_CANON_00_890000__T11_transport_strong_phase_40ms_rgb_dropout,38,38,1.7000000000000013,False,,ee86d74a5bc1ac80d83479b4ef136f39f7340bb1d6a10873ba2c247d7c9bcdef
L2RAR2_R22_CANON_00_890000__T11_transport_strong_phase_40ms_rgb_dropout,39,39,1.7400000000000013,False,,e21cc4083b8584299dc5a9aa5aeb8a9990a7e55267cbf83d5376460b92181b53
L2RAR2_R22_CANON_00_890000__T11_transport_strong_phase_40ms_rgb_dropout,40,40,1.7500000000000013,False,,3056dd718b22258170d04d6e148f57d172ba070aca8cffdb941f1ec5fc0be51e
L2RAR2_R22_CANON_00_890000__T11_transport_strong_phase_40ms_rgb_dropout,41,41,1.8000000000000014,False,,0d4b117493e931daf9087ed995a79217a95f54866d86153c265adcd97dfeeb61
L2RAR2_R22_CANON_00_890000__T11_transport_strong_phase_40ms_rgb_dropout,42,42,1.8500000000000014,False,,63e9155dccf5167a82ad3a86172864f24dc7fb02e8eb86bbd8ffc1e54d8bc54e
L2RAR2_R22_CANON_00_890000__T11_transport_strong_phase_40ms_rgb_dropout,43,43,1.9000000000000015,False,,e3cb1aef0cd48a0f0db911deb180f0b07437d9ed2b54297b634e1b498191196a
L2RAR2_R22_CANON_00_890000__T11_transport_strong_phase_40ms_rgb_dropout,44,44,1.9500000000000015,False,,0c63e7e2602c34581641fba5e8d2e78a642d6f3444d7bd507fc77a39cd87edd5
L2RAR2_R22_CANON_00_890000__T11_transport_strong_phase_40ms_rgb_dropout,45,45,2.0000000000000013,False,,5143d793b6b48e2789eef45dfe2310d01884e02fc6c705d4f3107a45a7a0a365
L2RAR2_R22_CANON_00_890000__T11_transport_strong_phase_40ms_rgb_dropout,46,46,2.0500000000000003,False,,f74ddd71395c184f1391286b4016dd2be6ddbd36def80c22074f508321974446
L2RAR2_R22_CANON_00_890000__T11_transport_strong_phase_40ms_rgb_dropout,47,47,2.099999999999999,False,,ba2dcc807677dc4968f62e095f4409dbf78ab6a734c4bb48faeadfeefd265b33
L2RAR2_R22_CANON_00_890000__T11_transport_strong_phase_40ms_rgb_dropout,48,48,2.149999999999998,False,,f232b1ceafc0fa70a4a38537a46b3105b6db938afba1831deeb43e0d53cad7ad
L2RAR2_R22_CANON_00_890000__T11_transport_strong_phase_40ms_rgb_dropout,49,49,2.199999999999997,False,,63f5ea74ce061db6e93341224ccf5ec64270573fac3375aa0f891d1fcac26418
L2RAR2_R22_CANON_00_890000__T11_transport_strong_phase_40ms_rgb_dropout,50,50,2.249999999999996,False,,e4ffc60f1b95267afe094b4add99d93500f49b27ebed76472f7b937cca1c1a6e
L2RAR2_R22_CANON_00_890000__T11_transport_strong_phase_40ms_rgb_dropout,51,51,2.299999999999995,False,,48c48bac3288d3da23feaa0a2cf607f008a6575019166b1125ca5fc64da4a00c
L2RAR2_R22_CANON_00_890000__T11_transport_strong_phase_40ms_rgb_dropout,52,52,2.349999999999994,False,,b717cb899352eda2f0b6fb277268f79156151101528a1a4efe53917b7ad313be
L2RAR2_R22_CANON_00_890000__T11_transport_strong_phase_40ms_rgb_dropout,53,53,2.399999999999993,False,,5f010bb2ea1782592c2c4b2484602838aa800e24ad1e4c644627ee067ce4f5f0
L2RAR2_R22_CANON_00_890000__T11_transport_strong_phase_40ms_rgb_dropout,54,54,2.4499999999999917,False,,9cf201cf819f68c8866bfac3773d0c01177a313ee88c5d15bc6b3d879efbf2e5
L2RAR2_R22_CANON_00_890000__T11_transport_strong_phase_40ms_rgb_dropout,55,55,2.4999999999999907,False,,12889e5e4bd513637bcb7e9e8b289d5952a50c6a8654fc813e3d024cfc0d731e
L2RAR2_R22_CANON_00_890000__T11_transport_strong_phase_40ms_rgb_dropout,56,56,2.5499999999999896,False,,0b62978001f9fb738892ae7b355a9df10ff88bfc300faafc1758ad93fa62ed4f
L2RAR2_R22_CANON_00_890000__T11_transport_strong_phase_40ms_rgb_dropout,57,57,2.5999999999999885,False,,ff746fadb3d9e84c7dff1314921050b833bb6f62917d6654e0a24058d1ffc8e0
L2RAR2_R22_CANON_00_890000__T11_transport_strong_phase_40ms_rgb_dropout,58,58,2.6499999999999875,False,,f619585d8a66c636d144b9fdfbedc0f65ee0ad4287b515f2b69b5f4e57a5552e
L2RAR2_R22_CANON_00_890000__T11_transport_strong_phase_40ms_rgb_dropout,59,59,2.6999999999999864,False,,0da55369cce4f2a17bbc4798ac9d8c6bd37dbdfa450188423678cad725ff43cd
L2RAR2_R22_CANON_00_890000__T11_transport_strong_phase_40ms_rgb_dropout,60,60,2.7399999999999856,False,,d8a9be523ea5acd62087e09f653ca2605ea342138376ad28d17b798d1eefffaa
L2RAR2_R22_CANON_00_890000__T12_transport_commanded_release,0,0,0.0,False,,86f8c4563d16ebaecc56cc7e76c62ada6128772c5fb9367644bb99bedb12d8dc
L2RAR2_R22_CANON_00_890000__T12_transport_commanded_release,1,1,0.05,False,,e61f6249e44620e61c3e071d015ca329f177a3089ddef8e4c5c1fc2d78c7392a
L2RAR2_R22_CANON_00_890000__T12_transport_commanded_release,2,2,0.09999999999999999,False,,95be33b093a37dfccd77f762992bbf0c5ebc5a38dd64f0004ef6d8594ac953a5
L2RAR2_R22_CANON_00_890000__T12_transport_commanded_release,3,3,0.15,False,,5c0aeeba714a80f0d377f0a9f0629e05092aaff6bf66a1ba16e27f2e92ab608b
L2RAR2_R22_CANON_00_890000__T12_transport_commanded_release,4,4,0.20000000000000004,False,,64c30cef9767b95f30635138870c60a4372d17f1825948050526dd1346aedd2a
L2RAR2_R22_CANON_00_890000__T12_transport_commanded_release,5,5,0.20000000000000004,False,,64c30cef9767b95f30635138870c60a4372d17f1825948050526dd1346aedd2a
L2RAR2_R22_CANON_00_890000__T12_transport_commanded_release,6,6,0.25000000000000006,False,,05c603c04bbc47044a9136a4eb4a06b0d66fb5686537755999d03e1f55e1b780
L2RAR2_R22_CANON_00_890000__T12_transport_commanded_release,7,7,0.3000000000000001,False,,c1b8f95e6f4f59f43825fda101d0d8ed57a16b0682ad4377dfb7194f1793a45b
L2RAR2_R22_CANON_00_890000__T12_transport_commanded_release,8,8,0.3000000000000001,False,,c1b8f95e6f4f59f43825fda101d0d8ed57a16b0682ad4377dfb7194f1793a45b
L2RAR2_R22_CANON_00_890000__T12_transport_commanded_release,9,9,0.35000000000000014,False,,1614b8091cd8bd8dd21c2ae0f8851ee9ee03265665379aab492f23ccc395a494
L2RAR2_R22_CANON_00_890000__T12_transport_commanded_release,10,10,0.4000000000000002,False,,0338b91edd24e5653bc5202db2f577cc4df4dd211fb738c3bf142d4ba445ecf6
L2RAR2_R22_CANON_00_890000__T12_transport_commanded_release,11,11,0.45000000000000023,False,,d797fb5a11443c0b44080b7647117b0e740d395dc61c099da661823ea84cc334
L2RAR2_R22_CANON_00_890000__T12_transport_commanded_release,12,12,0.5000000000000002,False,,cda32b46cafa8d549fb68fecbf8ccf26aba527751c0e4d332bd0053753c55e20
L2RAR2_R22_CANON_00_890000__T12_transport_commanded_release,13,13,0.5000000000000002,False,,cda32b46cafa8d549fb68fecbf8ccf26aba527751c0e4d332bd0053753c55e20
L2RAR2_R22_CANON_00_890000__T12_transport_commanded_release,14,14,0.5500000000000003,False,,4636409d907b85e331cd47b12f47d7ef2462953cee784b8de78b0d1adb95d429
L2RAR2_R22_CANON_00_890000__T12_transport_commanded_release,15,15,0.6000000000000003,False,,9df4bb91b4faa592ddac571b928456021dfd0b7ff43d34067d91ee77daa8cd63
L2RAR2_R22_CANON_00_890000__T12_transport_commanded_release,16,16,0.6500000000000004,False,,a7cd8035c729a18234286d103bce85c1d3690409cd2cb0f2d32d0c470e89b148
L2RAR2_R22_CANON_00_890000__T12_transport_commanded_release,17,17,0.7000000000000004,False,,f7347eb5950e44e871b7f2ec92d6fc81daae491be893f5d2d9c6d5ff4dbf6b20
L2RAR2_R22_CANON_00_890000__T12_transport_commanded_release,18,18,0.7500000000000004,False,,4c99bee9ed1e21d49d190e3d6d7a50954781a00e91143c13041a02c52acc8f17
L2RAR2_R22_CANON_00_890000__T12_transport_commanded_release,19,19,0.8000000000000005,False,,faeaab45ead49e71cb8ff3b2f488bd81814ec4960784500d8877e3663c5a6a21
L2RAR2_R22_CANON_00_890000__T12_transport_commanded_release,20,20,0.8500000000000005,False,,cea5a3cf1f6e84ea908cb9b3012025d5ead5b4512c9f787ef3382c25b6b0b27d
L2RAR2_R22_CANON_00_890000__T12_transport_commanded_release,21,21,0.9000000000000006,False,,81ff552628d418eddd3c0d7f4f1d672b22f941c1f52c0b946fdb65d3fecafa4c
L2RAR2_R22_CANON_00_890000__T12_transport_commanded_release,22,22,0.9500000000000006,False,,2682c5b37a7a2ccebad46accf5ff339187b8b7df15064fd52f72a616d9e46c94
L2RAR2_R22_CANON_00_890000__T12_transport_commanded_release,23,23,1.0000000000000007,False,,e910d9ed3d7f7990948c49338395e83bf0bc7362bad4dd73eb762a7d8314cc94
L2RAR2_R22_CANON_00_890000__T12_transport_commanded_release,24,24,1.0500000000000007,False,,8df423f89562426d9cf3aa8a8b261d75936635d30ff248d7515c373310a0a2c7
L2RAR2_R22_CANON_00_890000__T12_transport_commanded_release,25,25,1.1000000000000008,False,,599f5024b2a42476414d88e13ec2510d00d48b5430a56c419aa8180d2aed9de4
L2RAR2_R22_CANON_00_890000__T12_transport_commanded_release,26,26,1.1500000000000008,False,,7694dc0a661344ddffe314e7c7facbb346b596d444fa93899b9ed29a218aabec
L2RAR2_R22_CANON_00_890000__T12_transport_commanded_release,27,27,1.2000000000000008,False,,7fa5c6d6544399797025a77052e7e52be28aeb62a1730872eab8254f2aa6f796
L2RAR2_R22_CANON_00_890000__T12_transport_commanded_release,28,28,1.2500000000000009,False,,b62cd234e656718e44eeec173ffacb0b302bd333f3064d1863bcc0bfe07d41b0
L2RAR2_R22_CANON_00_890000__T12_transport_commanded_release,29,29,1.300000000000001,False,,c47f040f64be2286d8599614bd2163a09d62028acc888bfda471c6b27fca02a6
L2RAR2_R22_CANON_00_890000__T12_transport_commanded_release,30,30,1.350000000000001,False,,c67cf1034b618f574fafdfa78622f8c05c83c8811734ad598b98315d7de93af7
L2RAR2_R22_CANON_00_890000__T12_transport_commanded_release,31,31,1.400000000000001,False,,27f490635f7627229d0eeaa1e0b44f30e2a02aa8bd8576a415a955f1381b2754
L2RAR2_R22_CANON_00_890000__T12_transport_commanded_release,32,32,1.450000000000001,False,,ef614cba91aa92f084bdf019de15caefafc12e9fb28f5d859e45835cf809aa68
L2RAR2_R22_CANON_00_890000__T12_transport_commanded_release,33,33,1.500000000000001,False,,06efd80d4477a6a5e59e550147be46c6fbbcb802261da689dd3f9b4deade684d
L2RAR2_R22_CANON_00_890000__T12_transport_commanded_release,34,34,1.5500000000000012,False,,ea4e49842b0ac7576d202dafb719f0647bff79a5d27760006235fe7f6869ece4
L2RAR2_R22_CANON_00_890000__T12_transport_commanded_release,35,35,1.6000000000000012,False,,e43b32ecbd7c0ed1866ced232205330bf26d1d955f397713ba17d6d8c6ab7f5c
L2RAR2_R22_CANON_00_890000__T12_transport_commanded_release,36,36,1.6500000000000012,False,,8ff7d2dd5547fb3f761340252b4082083b237de2bfe2beebdd780f7811a7c352
L2RAR2_R22_CANON_00_890000__T12_transport_commanded_release,37,37,1.7000000000000013,False,,f918604f2eb6879216878e0a56a3f6dcf29076e3e92afada9c8dd5ab9983217e
L2RAR2_R22_CANON_00_890000__T12_transport_commanded_release,38,38,1.7500000000000013,False,,3d29cd008d1370af0c6c506b6a9959b3416db7ec6f54bbd0bdaa259f36e80a15
L2RAR2_R22_CANON_00_890000__T12_transport_commanded_release,39,39,1.8000000000000014,False,,9814f81f4418d42853b9671aa74d37586768e6b1fb3c5fd5d12a65afaa1fbc12
L2RAR2_R22_CANON_00_890000__T12_transport_commanded_release,40,40,1.8200000000000014,False,,1fda646a1e225284fd0bf3989a110eb233df03c26edc2fec1457137408dd5d9f
L2RAR2_R22_CANON_00_890000__T12_transport_commanded_release,41,41,1.8500000000000014,False,,8766ffa9e2596a04f5cb755731f43d38100b3c5e129b2336ac7ff38be9724315
L2RAR2_R22_CANON_00_890000__T12_transport_commanded_release,42,42,1.9000000000000015,False,,bb530c8ea1545f203b7f01f3135c3894abe9dbf55df4bc6f99afe119c4a74e00
L2RAR2_R22_CANON_00_890000__T12_transport_commanded_release,43,43,1.9500000000000015,False,,e8eb298e623a20a712d83b454d2f8e05fca6190ac3562f174c1f51381abd19ea
L2RAR2_R22_CANON_00_890000__T12_transport_commanded_release,44,44,2.0000000000000013,False,,a5b92b7e506752ea6f951f8ad09cbb9525aab7b398d200cc1555a9eda030cf1e
L2RAR2_R22_CANON_00_890000__T12_transport_commanded_release,45,45,2.020000000000001,False,,92f3c41a55bcae95c8d24832f61d266f64da970dc61cdbaa86064257dcd8dd7a
L2RAR2_R22_CANON_00_890000__T12_transport_commanded_release,46,46,2.0500000000000003,False,,a5b92b7e506752ea6f951f8ad09cbb9525aab7b398d200cc1555a9eda030cf1e
L2RAR2_R22_CANON_00_890000__T12_transport_commanded_release,47,47,2.099999999999999,False,,ef41a7f6b9edb55f84bccf6b9c7f9274bebc8428ed6b0bab68cd2dbca5ba2f39
L2RAR2_R22_CANON_00_890000__T12_transport_commanded_release,48,48,2.149999999999998,False,,a5b92b7e506752ea6f951f8ad09cbb9525aab7b398d200cc1555a9eda030cf1e
L2RAR2_R22_CANON_00_890000__T12_transport_commanded_release,49,49,2.199999999999997,False,,948cad6c1926f21b71cb0b738e67481599a5633edbe76d650b26d42693c7fb6b
L2RAR2_R22_CANON_00_890000__T12_transport_commanded_release,50,50,2.249999999999996,False,,948cad6c1926f21b71cb0b738e67481599a5633edbe76d650b26d42693c7fb6b
L2RAR2_R22_CANON_00_890000__T12_transport_commanded_release,51,51,2.299999999999995,False,,6b3dffac9fc126c68ac5e4f27d72c8a34ddf81057d6aa4b2a6de078f02d9f46e
L2RAR2_R22_CANON_00_890000__T12_transport_commanded_release,52,52,2.349999999999994,False,,44e320726ec468ab9b4c8a74e3e1726de75ebcbdddb57235975ab2b5384285cb
L2RAR2_R22_CANON_00_890000__T12_transport_commanded_release,53,53,2.399999999999993,False,,5301ef8b337732cac5a9580dfccaf5043f5c4a0e9d1e56dbad862576e5be6b74
L2RAR2_R22_CANON_00_890000__T12_transport_commanded_release,54,54,2.4499999999999917,False,,44e320726ec468ab9b4c8a74e3e1726de75ebcbdddb57235975ab2b5384285cb
L2RAR2_R22_CANON_00_890000__T12_transport_commanded_release,55,55,2.4999999999999907,False,,5301ef8b337732cac5a9580dfccaf5043f5c4a0e9d1e56dbad862576e5be6b74
L2RAR2_R22_CANON_00_890000__T12_transport_commanded_release,56,56,2.5499999999999896,False,,cba8969723ec4db28d737730f7fb2579d96da76102bf89dd46b151231181af9c
L2RAR2_R22_CANON_00_890000__T12_transport_commanded_release,57,57,2.5999999999999885,False,,45cb51facd378dce1c18ee53093f0b9519606cf310d64b6cdd56e6562ab9fc1e
L2RAR2_R22_CANON_00_890000__T12_transport_commanded_release,58,58,2.6499999999999875,False,,06b8142019df93632b71c1f6c540239d6187363c7754c65d13183bf11f0db272
L2RAR2_R22_CANON_00_890000__T12_transport_commanded_release,59,59,2.6999999999999864,False,,4ce4d077b2f9f407742062788231dad66a2952ca71b9ed37c4553ab3f80602af
L2RAR2_R22_CANON_00_890000__T12_transport_commanded_release,60,60,2.7499999999999853,False,,3a8bdd1363d3734490ae50bac99b558c99b6c3135f739cc6b148529660f2ca6e
L2RAR2_R22_CANON_00_890000__T12_transport_commanded_release,61,61,2.7999999999999843,False,,51005b0146570ef5d0548950c3152960ad50b470f68b824a2bb8ac6201fe27a3
L2RAR2_R22_CANON_00_890000__T12_transport_commanded_release,62,62,2.849999999999983,False,,db8645a8debd105e7b1578198dbc906b48d8180b803e91f9e1c5033869c389e7
L2RAR2_R22_CANON_00_890000__T12_transport_commanded_release,63,63,2.899999999999982,False,,e97a07c2957336cb0dbf8ca32e636345b8dde46dd67308bf10356a5ccbbd9fac
L2RAR2_R22_CANON_00_890000__T12_transport_commanded_release,64,64,2.949999999999981,False,,da93c15389c6f67bc71f1bf1c23e158039d5aa2255e0b4bbb4d7bda4b9ff1c88
L2RAR2_R22_CANON_00_890000__T12_transport_commanded_release,65,65,2.99999999999998,False,,367244f1df3a0461147b04c1f8925780265fbe9110e05f17661c5f1b703ec11e
L2RAR2_R22_CANON_00_890000__T12_transport_commanded_release,66,66,3.0199999999999796,False,,367244f1df3a0461147b04c1f8925780265fbe9110e05f17661c5f1b703ec11e
L2RAR2_R22_CANON_00_890000__T1_transport_stable_clean,0,0,0.0,False,,86f8c4563d16ebaecc56cc7e76c62ada6128772c5fb9367644bb99bedb12d8dc
L2RAR2_R22_CANON_00_890000__T1_transport_stable_clean,1,1,0.05,False,,e61f6249e44620e61c3e071d015ca329f177a3089ddef8e4c5c1fc2d78c7392a
L2RAR2_R22_CANON_00_890000__T1_transport_stable_clean,2,2,0.09999999999999999,False,,95be33b093a37dfccd77f762992bbf0c5ebc5a38dd64f0004ef6d8594ac953a5
L2RAR2_R22_CANON_00_890000__T1_transport_stable_clean,3,3,0.15,False,,5c0aeeba714a80f0d377f0a9f0629e05092aaff6bf66a1ba16e27f2e92ab608b
L2RAR2_R22_CANON_00_890000__T1_transport_stable_clean,4,4,0.20000000000000004,False,,64c30cef9767b95f30635138870c60a4372d17f1825948050526dd1346aedd2a
L2RAR2_R22_CANON_00_890000__T1_transport_stable_clean,5,5,0.20000000000000004,False,,64c30cef9767b95f30635138870c60a4372d17f1825948050526dd1346aedd2a
L2RAR2_R22_CANON_00_890000__T1_transport_stable_clean,6,6,0.25000000000000006,False,,05c603c04bbc47044a9136a4eb4a06b0d66fb5686537755999d03e1f55e1b780
L2RAR2_R22_CANON_00_890000__T1_transport_stable_clean,7,7,0.3000000000000001,False,,c1b8f95e6f4f59f43825fda101d0d8ed57a16b0682ad4377dfb7194f1793a45b
L2RAR2_R22_CANON_00_890000__T1_transport_stable_clean,8,8,0.3000000000000001,False,,c1b8f95e6f4f59f43825fda101d0d8ed57a16b0682ad4377dfb7194f1793a45b
L2RAR2_R22_CANON_00_890000__T1_transport_stable_clean,9,9,0.35000000000000014,False,,1614b8091cd8bd8dd21c2ae0f8851ee9ee03265665379aab492f23ccc395a494
L2RAR2_R22_CANON_00_890000__T1_transport_stable_clean,10,10,0.4000000000000002,False,,0338b91edd24e5653bc5202db2f577cc4df4dd211fb738c3bf142d4ba445ecf6
L2RAR2_R22_CANON_00_890000__T1_transport_stable_clean,11,11,0.45000000000000023,False,,d797fb5a11443c0b44080b7647117b0e740d395dc61c099da661823ea84cc334
L2RAR2_R22_CANON_00_890000__T1_transport_stable_clean,12,12,0.5000000000000002,False,,cda32b46cafa8d549fb68fecbf8ccf26aba527751c0e4d332bd0053753c55e20
L2RAR2_R22_CANON_00_890000__T1_transport_stable_clean,13,13,0.5000000000000002,False,,cda32b46cafa8d549fb68fecbf8ccf26aba527751c0e4d332bd0053753c55e20
L2RAR2_R22_CANON_00_890000__T1_transport_stable_clean,14,14,0.5500000000000003,False,,4636409d907b85e331cd47b12f47d7ef2462953cee784b8de78b0d1adb95d429
L2RAR2_R22_CANON_00_890000__T1_transport_stable_clean,15,15,0.6000000000000003,False,,9df4bb91b4faa592ddac571b928456021dfd0b7ff43d34067d91ee77daa8cd63
L2RAR2_R22_CANON_00_890000__T1_transport_stable_clean,16,16,0.6500000000000004,False,,a7cd8035c729a18234286d103bce85c1d3690409cd2cb0f2d32d0c470e89b148
L2RAR2_R22_CANON_00_890000__T1_transport_stable_clean,17,17,0.7000000000000004,False,,f7347eb5950e44e871b7f2ec92d6fc81daae491be893f5d2d9c6d5ff4dbf6b20
L2RAR2_R22_CANON_00_890000__T1_transport_stable_clean,18,18,0.7500000000000004,False,,4c99bee9ed1e21d49d190e3d6d7a50954781a00e91143c13041a02c52acc8f17
L2RAR2_R22_CANON_00_890000__T1_transport_stable_clean,19,19,0.8000000000000005,False,,faeaab45ead49e71cb8ff3b2f488bd81814ec4960784500d8877e3663c5a6a21
L2RAR2_R22_CANON_00_890000__T1_transport_stable_clean,20,20,0.8500000000000005,False,,cea5a3cf1f6e84ea908cb9b3012025d5ead5b4512c9f787ef3382c25b6b0b27d
L2RAR2_R22_CANON_00_890000__T1_transport_stable_clean,21,21,0.9000000000000006,False,,81ff552628d418eddd3c0d7f4f1d672b22f941c1f52c0b946fdb65d3fecafa4c
L2RAR2_R22_CANON_00_890000__T1_transport_stable_clean,22,22,0.9500000000000006,False,,2682c5b37a7a2ccebad46accf5ff339187b8b7df15064fd52f72a616d9e46c94
L2RAR2_R22_CANON_00_890000__T1_transport_stable_clean,23,23,1.0000000000000007,False,,e910d9ed3d7f7990948c49338395e83bf0bc7362bad4dd73eb762a7d8314cc94
L2RAR2_R22_CANON_00_890000__T1_transport_stable_clean,24,24,1.0500000000000007,False,,8df423f89562426d9cf3aa8a8b261d75936635d30ff248d7515c373310a0a2c7
L2RAR2_R22_CANON_00_890000__T1_transport_stable_clean,25,25,1.1000000000000008,False,,599f5024b2a42476414d88e13ec2510d00d48b5430a56c419aa8180d2aed9de4
L2RAR2_R22_CANON_00_890000__T1_transport_stable_clean,26,26,1.1500000000000008,False,,7694dc0a661344ddffe314e7c7facbb346b596d444fa93899b9ed29a218aabec
L2RAR2_R22_CANON_00_890000__T1_transport_stable_clean,27,27,1.2000000000000008,False,,7fa5c6d6544399797025a77052e7e52be28aeb62a1730872eab8254f2aa6f796
L2RAR2_R22_CANON_00_890000__T1_transport_stable_clean,28,28,1.2500000000000009,False,,b62cd234e656718e44eeec173ffacb0b302bd333f3064d1863bcc0bfe07d41b0
L2RAR2_R22_CANON_00_890000__T1_transport_stable_clean,29,29,1.300000000000001,False,,c47f040f64be2286d8599614bd2163a09d62028acc888bfda471c6b27fca02a6
L2RAR2_R22_CANON_00_890000__T1_transport_stable_clean,30,30,1.350000000000001,False,,9b541237b989433c48865fc5ef1313d6261f4c9ac6de3f2b4b610b63f7c17f88
L2RAR2_R22_CANON_00_890000__T1_transport_stable_clean,31,31,1.400000000000001,False,,9a0f23ccef3e8ffecea0e9594b775071fddd987853a7cda362ac5494efd7ac11
L2RAR2_R22_CANON_00_890000__T1_transport_stable_clean,32,32,1.450000000000001,False,,0c47eda9d01fc971eb37f685411922488e74bcb82f6804dc946c696b34479f6e
L2RAR2_R22_CANON_00_890000__T1_transport_stable_clean,33,33,1.500000000000001,False,,1c178e5d442a7b5b0df46790bc3d23579fcd8a701e39788ecb14818aa85e6897
L2RAR2_R22_CANON_00_890000__T1_transport_stable_clean,34,34,1.500000000000001,False,,1c178e5d442a7b5b0df46790bc3d23579fcd8a701e39788ecb14818aa85e6897
L2RAR2_R22_CANON_00_890000__T1_transport_stable_clean,35,35,1.5500000000000012,False,,1680350a219d46e742a816c252a59bfde2b69778bdf969591eadcab48c1e54d7
L2RAR2_R22_CANON_00_890000__T1_transport_stable_clean,36,36,1.6000000000000012,False,,9d15e153b7ce954e85ad481671e9a0c83b0347d539eef358979356d4ab47ef8b
L2RAR2_R22_CANON_00_890000__T1_transport_stable_clean,37,37,1.6500000000000012,False,,4bf90893ccfdf65a83fb4d6df1348657c17f2fd55505e16e5b5c57dde8523a90
L2RAR2_R22_CANON_00_890000__T1_transport_stable_clean,38,38,1.7000000000000013,False,,3ad069f123850ed881f416a55f149750340b556ce8bfd26d673a97190383df99
L2RAR2_R22_CANON_00_890000__T1_transport_stable_clean,39,39,1.7500000000000013,False,,7110327cea47c0441d8481f11b083eb1bb4056f9e57879480f53c885530a6937
L2RAR2_R22_CANON_00_890000__T1_transport_stable_clean,40,40,1.8000000000000014,False,,7110327cea47c0441d8481f11b083eb1bb4056f9e57879480f53c885530a6937
L2RAR2_R22_CANON_00_890000__T1_transport_stable_clean,41,41,1.8500000000000014,False,,7c111c3b5708a222d575816f1f2a2e9a75632b8117db6ca92454f5c4894593e9
L2RAR2_R22_CANON_00_890000__T1_transport_stable_clean,42,42,1.9000000000000015,False,,a8e68cee83c8b1b0d12fa0778c005b386adf33da98ab2289444643c2d2839189
L2RAR2_R22_CANON_00_890000__T1_transport_stable_clean,43,43,1.9500000000000015,False,,a8e68cee83c8b1b0d12fa0778c005b386adf33da98ab2289444643c2d2839189
L2RAR2_R22_CANON_00_890000__T1_transport_stable_clean,44,44,2.0000000000000013,False,,a8e68cee83c8b1b0d12fa0778c005b386adf33da98ab2289444643c2d2839189
L2RAR2_R22_CANON_00_890000__T1_transport_stable_clean,45,45,2.0500000000000003,False,,a8e68cee83c8b1b0d12fa0778c005b386adf33da98ab2289444643c2d2839189
L2RAR2_R22_CANON_00_890000__T1_transport_stable_clean,46,46,2.099999999999999,False,,a86898f24faf64e507503a4e53fe37b7f744cd75ba6650624c5d2ddd0b9bb7ef
L2RAR2_R22_CANON_00_890000__T1_transport_stable_clean,47,47,2.149999999999998,False,,a86898f24faf64e507503a4e53fe37b7f744cd75ba6650624c5d2ddd0b9bb7ef
L2RAR2_R22_CANON_00_890000__T1_transport_stable_clean,48,48,2.199999999999997,False,,a86898f24faf64e507503a4e53fe37b7f744cd75ba6650624c5d2ddd0b9bb7ef
L2RAR2_R22_CANON_00_890000__T1_transport_stable_clean,49,49,2.249999999999996,False,,a86898f24faf64e507503a4e53fe37b7f744cd75ba6650624c5d2ddd0b9bb7ef
L2RAR2_R22_CANON_00_890000__T1_transport_stable_clean,50,50,2.299999999999995,False,,60d3fc81b66c185029cf145a1ac9b5476e2c00876d45b2bb68a6101ab4d3078a
L2RAR2_R22_CANON_00_890000__T1_transport_stable_clean,51,51,2.349999999999994,False,,a95dc1cf9b3f793524b51ad1d33d0e221c0031a5e668d2b88cd57deff165e329
L2RAR2_R22_CANON_00_890000__T1_transport_stable_clean,52,52,2.399999999999993,False,,bad269d85f181e054ce493564a30dda582f6e69578471951e5cc4bc2cc51fb6d
L2RAR2_R22_CANON_00_890000__T1_transport_stable_clean,53,53,2.4499999999999917,False,,60d3fc81b66c185029cf145a1ac9b5476e2c00876d45b2bb68a6101ab4d3078a
L2RAR2_R22_CANON_00_890000__T1_transport_stable_clean,54,54,2.4999999999999907,False,,3d276cb938cc37600d3a332d3cf561ee8a37ec18772afa374f8306c649094db1
L2RAR2_R22_CANON_00_890000__T1_transport_stable_clean,55,55,2.4999999999999907,False,,3d276cb938cc37600d3a332d3cf561ee8a37ec18772afa374f8306c649094db1
L2RAR2_R22_CANON_00_890000__T3_transport_single_contact_proxy_dropout,0,0,0.0,False,,86f8c4563d16ebaecc56cc7e76c62ada6128772c5fb9367644bb99bedb12d8dc
L2RAR2_R22_CANON_00_890000__T3_transport_single_contact_proxy_dropout,1,1,0.05,False,,e61f6249e44620e61c3e071d015ca329f177a3089ddef8e4c5c1fc2d78c7392a
L2RAR2_R22_CANON_00_890000__T3_transport_single_contact_proxy_dropout,2,2,0.09999999999999999,False,,95be33b093a37dfccd77f762992bbf0c5ebc5a38dd64f0004ef6d8594ac953a5
L2RAR2_R22_CANON_00_890000__T3_transport_single_contact_proxy_dropout,3,3,0.15,False,,5c0aeeba714a80f0d377f0a9f0629e05092aaff6bf66a1ba16e27f2e92ab608b
L2RAR2_R22_CANON_00_890000__T3_transport_single_contact_proxy_dropout,4,4,0.20000000000000004,False,,64c30cef9767b95f30635138870c60a4372d17f1825948050526dd1346aedd2a
L2RAR2_R22_CANON_00_890000__T3_transport_single_contact_proxy_dropout,5,5,0.20000000000000004,False,,64c30cef9767b95f30635138870c60a4372d17f1825948050526dd1346aedd2a
L2RAR2_R22_CANON_00_890000__T3_transport_single_contact_proxy_dropout,6,6,0.25000000000000006,False,,05c603c04bbc47044a9136a4eb4a06b0d66fb5686537755999d03e1f55e1b780
L2RAR2_R22_CANON_00_890000__T3_transport_single_contact_proxy_dropout,7,7,0.3000000000000001,False,,c1b8f95e6f4f59f43825fda101d0d8ed57a16b0682ad4377dfb7194f1793a45b
L2RAR2_R22_CANON_00_890000__T3_transport_single_contact_proxy_dropout,8,8,0.3000000000000001,False,,c1b8f95e6f4f59f43825fda101d0d8ed57a16b0682ad4377dfb7194f1793a45b
L2RAR2_R22_CANON_00_890000__T3_transport_single_contact_proxy_dropout,9,9,0.35000000000000014,False,,1614b8091cd8bd8dd21c2ae0f8851ee9ee03265665379aab492f23ccc395a494
L2RAR2_R22_CANON_00_890000__T3_transport_single_contact_proxy_dropout,10,10,0.4000000000000002,False,,0338b91edd24e5653bc5202db2f577cc4df4dd211fb738c3bf142d4ba445ecf6
L2RAR2_R22_CANON_00_890000__T3_transport_single_contact_proxy_dropout,11,11,0.45000000000000023,False,,d797fb5a11443c0b44080b7647117b0e740d395dc61c099da661823ea84cc334
L2RAR2_R22_CANON_00_890000__T3_transport_single_contact_proxy_dropout,12,12,0.5000000000000002,False,,cda32b46cafa8d549fb68fecbf8ccf26aba527751c0e4d332bd0053753c55e20
L2RAR2_R22_CANON_00_890000__T3_transport_single_contact_proxy_dropout,13,13,0.5000000000000002,False,,cda32b46cafa8d549fb68fecbf8ccf26aba527751c0e4d332bd0053753c55e20
L2RAR2_R22_CANON_00_890000__T3_transport_single_contact_proxy_dropout,14,14,0.5500000000000003,False,,4636409d907b85e331cd47b12f47d7ef2462953cee784b8de78b0d1adb95d429
L2RAR2_R22_CANON_00_890000__T3_transport_single_contact_proxy_dropout,15,15,0.6000000000000003,False,,9df4bb91b4faa592ddac571b928456021dfd0b7ff43d34067d91ee77daa8cd63
L2RAR2_R22_CANON_00_890000__T3_transport_single_contact_proxy_dropout,16,16,0.6500000000000004,False,,a7cd8035c729a18234286d103bce85c1d3690409cd2cb0f2d32d0c470e89b148
L2RAR2_R22_CANON_00_890000__T3_transport_single_contact_proxy_dropout,17,17,0.7000000000000004,False,,f7347eb5950e44e871b7f2ec92d6fc81daae491be893f5d2d9c6d5ff4dbf6b20
L2RAR2_R22_CANON_00_890000__T3_transport_single_contact_proxy_dropout,18,18,0.7500000000000004,False,,4c99bee9ed1e21d49d190e3d6d7a50954781a00e91143c13041a02c52acc8f17
L2RAR2_R22_CANON_00_890000__T3_transport_single_contact_proxy_dropout,19,19,0.8000000000000005,False,,faeaab45ead49e71cb8ff3b2f488bd81814ec4960784500d8877e3663c5a6a21
L2RAR2_R22_CANON_00_890000__T3_transport_single_contact_proxy_dropout,20,20,0.8500000000000005,False,,cea5a3cf1f6e84ea908cb9b3012025d5ead5b4512c9f787ef3382c25b6b0b27d
L2RAR2_R22_CANON_00_890000__T3_transport_single_contact_proxy_dropout,21,21,0.9000000000000006,False,,81ff552628d418eddd3c0d7f4f1d672b22f941c1f52c0b946fdb65d3fecafa4c
L2RAR2_R22_CANON_00_890000__T3_transport_single_contact_proxy_dropout,22,22,0.9500000000000006,False,,2682c5b37a7a2ccebad46accf5ff339187b8b7df15064fd52f72a616d9e46c94
L2RAR2_R22_CANON_00_890000__T3_transport_single_contact_proxy_dropout,23,23,1.0000000000000007,False,,e910d9ed3d7f7990948c49338395e83bf0bc7362bad4dd73eb762a7d8314cc94
L2RAR2_R22_CANON_00_890000__T3_transport_single_contact_proxy_dropout,24,24,1.0500000000000007,False,,8df423f89562426d9cf3aa8a8b261d75936635d30ff248d7515c373310a0a2c7
L2RAR2_R22_CANON_00_890000__T3_transport_single_contact_proxy_dropout,25,25,1.1000000000000008,False,,599f5024b2a42476414d88e13ec2510d00d48b5430a56c419aa8180d2aed9de4
L2RAR2_R22_CANON_00_890000__T3_transport_single_contact_proxy_dropout,26,26,1.1500000000000008,False,,7694dc0a661344ddffe314e7c7facbb346b596d444fa93899b9ed29a218aabec
L2RAR2_R22_CANON_00_890000__T3_transport_single_contact_proxy_dropout,27,27,1.2000000000000008,False,,7fa5c6d6544399797025a77052e7e52be28aeb62a1730872eab8254f2aa6f796
L2RAR2_R22_CANON_00_890000__T3_transport_single_contact_proxy_dropout,28,28,1.2500000000000009,False,,b62cd234e656718e44eeec173ffacb0b302bd333f3064d1863bcc0bfe07d41b0
L2RAR2_R22_CANON_00_890000__T3_transport_single_contact_proxy_dropout,29,29,1.300000000000001,False,T3_SINGLE_FALSE,c47f040f64be2286d8599614bd2163a09d62028acc888bfda471c6b27fca02a6
L2RAR2_R22_CANON_00_890000__T3_transport_single_contact_proxy_dropout,30,30,1.350000000000001,False,,9b541237b989433c48865fc5ef1313d6261f4c9ac6de3f2b4b610b63f7c17f88
L2RAR2_R22_CANON_00_890000__T3_transport_single_contact_proxy_dropout,31,31,1.400000000000001,False,,9a0f23ccef3e8ffecea0e9594b775071fddd987853a7cda362ac5494efd7ac11
L2RAR2_R22_CANON_00_890000__T3_transport_single_contact_proxy_dropout,32,32,1.450000000000001,False,,0c47eda9d01fc971eb37f685411922488e74bcb82f6804dc946c696b34479f6e
L2RAR2_R22_CANON_00_890000__T3_transport_single_contact_proxy_dropout,33,33,1.500000000000001,False,,1c178e5d442a7b5b0df46790bc3d23579fcd8a701e39788ecb14818aa85e6897
L2RAR2_R22_CANON_00_890000__T3_transport_single_contact_proxy_dropout,34,34,1.500000000000001,False,,1c178e5d442a7b5b0df46790bc3d23579fcd8a701e39788ecb14818aa85e6897
L2RAR2_R22_CANON_00_890000__T3_transport_single_contact_proxy_dropout,35,35,1.5500000000000012,False,,1680350a219d46e742a816c252a59bfde2b69778bdf969591eadcab48c1e54d7
L2RAR2_R22_CANON_00_890000__T3_transport_single_contact_proxy_dropout,36,36,1.6000000000000012,False,,9d15e153b7ce954e85ad481671e9a0c83b0347d539eef358979356d4ab47ef8b
L2RAR2_R22_CANON_00_890000__T3_transport_single_contact_proxy_dropout,37,37,1.6500000000000012,False,,4bf90893ccfdf65a83fb4d6df1348657c17f2fd55505e16e5b5c57dde8523a90
L2RAR2_R22_CANON_00_890000__T3_transport_single_contact_proxy_dropout,38,38,1.7000000000000013,False,,3ad069f123850ed881f416a55f149750340b556ce8bfd26d673a97190383df99
L2RAR2_R22_CANON_00_890000__T3_transport_single_contact_proxy_dropout,39,39,1.7500000000000013,False,,7110327cea47c0441d8481f11b083eb1bb4056f9e57879480f53c885530a6937
L2RAR2_R22_CANON_00_890000__T3_transport_single_contact_proxy_dropout,40,40,1.8000000000000014,False,,7110327cea47c0441d8481f11b083eb1bb4056f9e57879480f53c885530a6937
L2RAR2_R22_CANON_00_890000__T3_transport_single_contact_proxy_dropout,41,41,1.8500000000000014,False,,7c111c3b5708a222d575816f1f2a2e9a75632b8117db6ca92454f5c4894593e9
L2RAR2_R22_CANON_00_890000__T3_transport_single_contact_proxy_dropout,42,42,1.9000000000000015,False,,a8e68cee83c8b1b0d12fa0778c005b386adf33da98ab2289444643c2d2839189
L2RAR2_R22_CANON_00_890000__T3_transport_single_contact_proxy_dropout,43,43,1.9500000000000015,False,,a8e68cee83c8b1b0d12fa0778c005b386adf33da98ab2289444643c2d2839189
L2RAR2_R22_CANON_00_890000__T3_transport_single_contact_proxy_dropout,44,44,2.0000000000000013,False,,a8e68cee83c8b1b0d12fa0778c005b386adf33da98ab2289444643c2d2839189
L2RAR2_R22_CANON_00_890000__T3_transport_single_contact_proxy_dropout,45,45,2.0500000000000003,False,,a8e68cee83c8b1b0d12fa0778c005b386adf33da98ab2289444643c2d2839189
L2RAR2_R22_CANON_00_890000__T3_transport_single_contact_proxy_dropout,46,46,2.099999999999999,False,,a86898f24faf64e507503a4e53fe37b7f744cd75ba6650624c5d2ddd0b9bb7ef
L2RAR2_R22_CANON_00_890000__T3_transport_single_contact_proxy_dropout,47,47,2.149999999999998,False,,a86898f24faf64e507503a4e53fe37b7f744cd75ba6650624c5d2ddd0b9bb7ef
L2RAR2_R22_CANON_00_890000__T3_transport_single_contact_proxy_dropout,48,48,2.199999999999997,False,,a86898f24faf64e507503a4e53fe37b7f744cd75ba6650624c5d2ddd0b9bb7ef
L2RAR2_R22_CANON_00_890000__T3_transport_single_contact_proxy_dropout,49,49,2.249999999999996,False,,a86898f24faf64e507503a4e53fe37b7f744cd75ba6650624c5d2ddd0b9bb7ef
L2RAR2_R22_CANON_00_890000__T3_transport_single_contact_proxy_dropout,50,50,2.299999999999995,False,,60d3fc81b66c185029cf145a1ac9b5476e2c00876d45b2bb68a6101ab4d3078a
L2RAR2_R22_CANON_00_890000__T3_transport_single_contact_proxy_dropout,51,51,2.349999999999994,False,,a95dc1cf9b3f793524b51ad1d33d0e221c0031a5e668d2b88cd57deff165e329
L2RAR2_R22_CANON_00_890000__T3_transport_single_contact_proxy_dropout,52,52,2.399999999999993,False,,bad269d85f181e054ce493564a30dda582f6e69578471951e5cc4bc2cc51fb6d
L2RAR2_R22_CANON_00_890000__T3_transport_single_contact_proxy_dropout,53,53,2.4499999999999917,False,,60d3fc81b66c185029cf145a1ac9b5476e2c00876d45b2bb68a6101ab4d3078a
L2RAR2_R22_CANON_00_890000__T3_transport_single_contact_proxy_dropout,54,54,2.4999999999999907,False,,3d276cb938cc37600d3a332d3cf561ee8a37ec18772afa374f8306c649094db1
L2RAR2_R22_CANON_00_890000__T3_transport_single_contact_proxy_dropout,55,55,2.4999999999999907,False,,3d276cb938cc37600d3a332d3cf561ee8a37ec18772afa374f8306c649094db1
L2RAR2_R22_CANON_00_890000__T4_transport_same_time_contact_false_then_true,0,0,0.0,False,,86f8c4563d16ebaecc56cc7e76c62ada6128772c5fb9367644bb99bedb12d8dc
L2RAR2_R22_CANON_00_890000__T4_transport_same_time_contact_false_then_true,1,1,0.05,False,,e61f6249e44620e61c3e071d015ca329f177a3089ddef8e4c5c1fc2d78c7392a
L2RAR2_R22_CANON_00_890000__T4_transport_same_time_contact_false_then_true,2,2,0.09999999999999999,False,,95be33b093a37dfccd77f762992bbf0c5ebc5a38dd64f0004ef6d8594ac953a5
L2RAR2_R22_CANON_00_890000__T4_transport_same_time_contact_false_then_true,3,3,0.15,False,,5c0aeeba714a80f0d377f0a9f0629e05092aaff6bf66a1ba16e27f2e92ab608b
L2RAR2_R22_CANON_00_890000__T4_transport_same_time_contact_false_then_true,4,4,0.20000000000000004,False,,64c30cef9767b95f30635138870c60a4372d17f1825948050526dd1346aedd2a
L2RAR2_R22_CANON_00_890000__T4_transport_same_time_contact_false_then_true,5,5,0.20000000000000004,False,,64c30cef9767b95f30635138870c60a4372d17f1825948050526dd1346aedd2a
L2RAR2_R22_CANON_00_890000__T4_transport_same_time_contact_false_then_true,6,6,0.25000000000000006,False,,05c603c04bbc47044a9136a4eb4a06b0d66fb5686537755999d03e1f55e1b780
L2RAR2_R22_CANON_00_890000__T4_transport_same_time_contact_false_then_true,7,7,0.3000000000000001,False,,c1b8f95e6f4f59f43825fda101d0d8ed57a16b0682ad4377dfb7194f1793a45b
L2RAR2_R22_CANON_00_890000__T4_transport_same_time_contact_false_then_true,8,8,0.3000000000000001,False,,c1b8f95e6f4f59f43825fda101d0d8ed57a16b0682ad4377dfb7194f1793a45b
L2RAR2_R22_CANON_00_890000__T4_transport_same_time_contact_false_then_true,9,9,0.35000000000000014,False,,1614b8091cd8bd8dd21c2ae0f8851ee9ee03265665379aab492f23ccc395a494
L2RAR2_R22_CANON_00_890000__T4_transport_same_time_contact_false_then_true,10,10,0.4000000000000002,False,,0338b91edd24e5653bc5202db2f577cc4df4dd211fb738c3bf142d4ba445ecf6
L2RAR2_R22_CANON_00_890000__T4_transport_same_time_contact_false_then_true,11,11,0.45000000000000023,False,,d797fb5a11443c0b44080b7647117b0e740d395dc61c099da661823ea84cc334
L2RAR2_R22_CANON_00_890000__T4_transport_same_time_contact_false_then_true,12,12,0.5000000000000002,False,,cda32b46cafa8d549fb68fecbf8ccf26aba527751c0e4d332bd0053753c55e20
L2RAR2_R22_CANON_00_890000__T4_transport_same_time_contact_false_then_true,13,13,0.5000000000000002,False,,cda32b46cafa8d549fb68fecbf8ccf26aba527751c0e4d332bd0053753c55e20
L2RAR2_R22_CANON_00_890000__T4_transport_same_time_contact_false_then_true,14,14,0.5500000000000003,False,,4636409d907b85e331cd47b12f47d7ef2462953cee784b8de78b0d1adb95d429
L2RAR2_R22_CANON_00_890000__T4_transport_same_time_contact_false_then_true,15,15,0.6000000000000003,False,,9df4bb91b4faa592ddac571b928456021dfd0b7ff43d34067d91ee77daa8cd63
L2RAR2_R22_CANON_00_890000__T4_transport_same_time_contact_false_then_true,16,16,0.6500000000000004,False,,a7cd8035c729a18234286d103bce85c1d3690409cd2cb0f2d32d0c470e89b148
L2RAR2_R22_CANON_00_890000__T4_transport_same_time_contact_false_then_true,17,17,0.7000000000000004,False,,f7347eb5950e44e871b7f2ec92d6fc81daae491be893f5d2d9c6d5ff4dbf6b20
L2RAR2_R22_CANON_00_890000__T4_transport_same_time_contact_false_then_true,18,18,0.7500000000000004,False,,4c99bee9ed1e21d49d190e3d6d7a50954781a00e91143c13041a02c52acc8f17
L2RAR2_R22_CANON_00_890000__T4_transport_same_time_contact_false_then_true,19,19,0.8000000000000005,False,,faeaab45ead49e71cb8ff3b2f488bd81814ec4960784500d8877e3663c5a6a21
L2RAR2_R22_CANON_00_890000__T4_transport_same_time_contact_false_then_true,20,20,0.8500000000000005,False,,cea5a3cf1f6e84ea908cb9b3012025d5ead5b4512c9f787ef3382c25b6b0b27d
L2RAR2_R22_CANON_00_890000__T4_transport_same_time_contact_false_then_true,21,21,0.9000000000000006,False,,81ff552628d418eddd3c0d7f4f1d672b22f941c1f52c0b946fdb65d3fecafa4c
L2RAR2_R22_CANON_00_890000__T4_transport_same_time_contact_false_then_true,22,22,0.9500000000000006,False,,2682c5b37a7a2ccebad46accf5ff339187b8b7df15064fd52f72a616d9e46c94
L2RAR2_R22_CANON_00_890000__T4_transport_same_time_contact_false_then_true,23,23,1.0000000000000007,False,,e910d9ed3d7f7990948c49338395e83bf0bc7362bad4dd73eb762a7d8314cc94
L2RAR2_R22_CANON_00_890000__T4_transport_same_time_contact_false_then_true,24,24,1.0500000000000007,False,,8df423f89562426d9cf3aa8a8b261d75936635d30ff248d7515c373310a0a2c7
L2RAR2_R22_CANON_00_890000__T4_transport_same_time_contact_false_then_true,25,25,1.1000000000000008,False,,599f5024b2a42476414d88e13ec2510d00d48b5430a56c419aa8180d2aed9de4
L2RAR2_R22_CANON_00_890000__T4_transport_same_time_contact_false_then_true,26,26,1.1500000000000008,False,,7694dc0a661344ddffe314e7c7facbb346b596d444fa93899b9ed29a218aabec
L2RAR2_R22_CANON_00_890000__T4_transport_same_time_contact_false_then_true,27,27,1.2000000000000008,False,,7fa5c6d6544399797025a77052e7e52be28aeb62a1730872eab8254f2aa6f796
L2RAR2_R22_CANON_00_890000__T4_transport_same_time_contact_false_then_true,28,28,1.2500000000000009,False,,b62cd234e656718e44eeec173ffacb0b302bd333f3064d1863bcc0bfe07d41b0
L2RAR2_R22_CANON_00_890000__T4_transport_same_time_contact_false_then_true,29,29,1.300000000000001,False,T4_FALSE_A,c47f040f64be2286d8599614bd2163a09d62028acc888bfda471c6b27fca02a6
L2RAR2_R22_CANON_00_890000__T4_transport_same_time_contact_false_then_true,29,30,1.300000000000001,True,T4_TRUE_B,c47f040f64be2286d8599614bd2163a09d62028acc888bfda471c6b27fca02a6
L2RAR2_R22_CANON_00_890000__T4_transport_same_time_contact_false_then_true,30,31,1.350000000000001,False,,9b541237b989433c48865fc5ef1313d6261f4c9ac6de3f2b4b610b63f7c17f88
L2RAR2_R22_CANON_00_890000__T4_transport_same_time_contact_false_then_true,31,32,1.400000000000001,False,,9a0f23ccef3e8ffecea0e9594b775071fddd987853a7cda362ac5494efd7ac11
L2RAR2_R22_CANON_00_890000__T4_transport_same_time_contact_false_then_true,32,33,1.450000000000001,False,,0c47eda9d01fc971eb37f685411922488e74bcb82f6804dc946c696b34479f6e
L2RAR2_R22_CANON_00_890000__T4_transport_same_time_contact_false_then_true,33,34,1.500000000000001,False,,1c178e5d442a7b5b0df46790bc3d23579fcd8a701e39788ecb14818aa85e6897
L2RAR2_R22_CANON_00_890000__T4_transport_same_time_contact_false_then_true,34,35,1.500000000000001,False,,1c178e5d442a7b5b0df46790bc3d23579fcd8a701e39788ecb14818aa85e6897
L2RAR2_R22_CANON_00_890000__T4_transport_same_time_contact_false_then_true,35,36,1.5500000000000012,False,,1680350a219d46e742a816c252a59bfde2b69778bdf969591eadcab48c1e54d7
L2RAR2_R22_CANON_00_890000__T4_transport_same_time_contact_false_then_true,36,37,1.6000000000000012,False,,9d15e153b7ce954e85ad481671e9a0c83b0347d539eef358979356d4ab47ef8b
L2RAR2_R22_CANON_00_890000__T4_transport_same_time_contact_false_then_true,37,38,1.6500000000000012,False,,4bf90893ccfdf65a83fb4d6df1348657c17f2fd55505e16e5b5c57dde8523a90
L2RAR2_R22_CANON_00_890000__T4_transport_same_time_contact_false_then_true,38,39,1.7000000000000013,False,,3ad069f123850ed881f416a55f149750340b556ce8bfd26d673a97190383df99
L2RAR2_R22_CANON_00_890000__T4_transport_same_time_contact_false_then_true,39,40,1.7500000000000013,False,,7110327cea47c0441d8481f11b083eb1bb4056f9e57879480f53c885530a6937
L2RAR2_R22_CANON_00_890000__T4_transport_same_time_contact_false_then_true,40,41,1.8000000000000014,False,,7110327cea47c0441d8481f11b083eb1bb4056f9e57879480f53c885530a6937
L2RAR2_R22_CANON_00_890000__T4_transport_same_time_contact_false_then_true,41,42,1.8500000000000014,False,,7c111c3b5708a222d575816f1f2a2e9a75632b8117db6ca92454f5c4894593e9
L2RAR2_R22_CANON_00_890000__T4_transport_same_time_contact_false_then_true,42,43,1.9000000000000015,False,,a8e68cee83c8b1b0d12fa0778c005b386adf33da98ab2289444643c2d2839189
L2RAR2_R22_CANON_00_890000__T4_transport_same_time_contact_false_then_true,43,44,1.9500000000000015,False,,a8e68cee83c8b1b0d12fa0778c005b386adf33da98ab2289444643c2d2839189
L2RAR2_R22_CANON_00_890000__T4_transport_same_time_contact_false_then_true,44,45,2.0000000000000013,False,,a8e68cee83c8b1b0d12fa0778c005b386adf33da98ab2289444643c2d2839189
L2RAR2_R22_CANON_00_890000__T4_transport_same_time_contact_false_then_true,45,46,2.0500000000000003,False,,a8e68cee83c8b1b0d12fa0778c005b386adf33da98ab2289444643c2d2839189
L2RAR2_R22_CANON_00_890000__T4_transport_same_time_contact_false_then_true,46,47,2.099999999999999,False,,a86898f24faf64e507503a4e53fe37b7f744cd75ba6650624c5d2ddd0b9bb7ef
L2RAR2_R22_CANON_00_890000__T4_transport_same_time_contact_false_then_true,47,48,2.149999999999998,False,,a86898f24faf64e507503a4e53fe37b7f744cd75ba6650624c5d2ddd0b9bb7ef
L2RAR2_R22_CANON_00_890000__T4_transport_same_time_contact_false_then_true,48,49,2.199999999999997,False,,a86898f24faf64e507503a4e53fe37b7f744cd75ba6650624c5d2ddd0b9bb7ef
L2RAR2_R22_CANON_00_890000__T4_transport_same_time_contact_false_then_true,49,50,2.249999999999996,False,,a86898f24faf64e507503a4e53fe37b7f744cd75ba6650624c5d2ddd0b9bb7ef
L2RAR2_R22_CANON_00_890000__T4_transport_same_time_contact_false_then_true,50,51,2.299999999999995,False,,60d3fc81b66c185029cf145a1ac9b5476e2c00876d45b2bb68a6101ab4d3078a
L2RAR2_R22_CANON_00_890000__T4_transport_same_time_contact_false_then_true,51,52,2.349999999999994,False,,a95dc1cf9b3f793524b51ad1d33d0e221c0031a5e668d2b88cd57deff165e329
L2RAR2_R22_CANON_00_890000__T4_transport_same_time_contact_false_then_true,52,53,2.399999999999993,False,,bad269d85f181e054ce493564a30dda582f6e69578471951e5cc4bc2cc51fb6d
L2RAR2_R22_CANON_00_890000__T4_transport_same_time_contact_false_then_true,53,54,2.4499999999999917,False,,60d3fc81b66c185029cf145a1ac9b5476e2c00876d45b2bb68a6101ab4d3078a
L2RAR2_R22_CANON_00_890000__T4_transport_same_time_contact_false_then_true,54,55,2.4999999999999907,False,,3d276cb938cc37600d3a332d3cf561ee8a37ec18772afa374f8306c649094db1
L2RAR2_R22_CANON_00_890000__T4_transport_same_time_contact_false_then_true,55,56,2.4999999999999907,False,,3d276cb938cc37600d3a332d3cf561ee8a37ec18772afa374f8306c649094db1
L2RAR2_R22_CANON_00_890000__T7_transport_strong_phase_00ms,0,0,0.0,False,,86f8c4563d16ebaecc56cc7e76c62ada6128772c5fb9367644bb99bedb12d8dc
L2RAR2_R22_CANON_00_890000__T7_transport_strong_phase_00ms,1,1,0.05,False,,e61f6249e44620e61c3e071d015ca329f177a3089ddef8e4c5c1fc2d78c7392a
L2RAR2_R22_CANON_00_890000__T7_transport_strong_phase_00ms,2,2,0.09999999999999999,False,,95be33b093a37dfccd77f762992bbf0c5ebc5a38dd64f0004ef6d8594ac953a5
L2RAR2_R22_CANON_00_890000__T7_transport_strong_phase_00ms,3,3,0.15,False,,5c0aeeba714a80f0d377f0a9f0629e05092aaff6bf66a1ba16e27f2e92ab608b
L2RAR2_R22_CANON_00_890000__T7_transport_strong_phase_00ms,4,4,0.20000000000000004,False,,64c30cef9767b95f30635138870c60a4372d17f1825948050526dd1346aedd2a
L2RAR2_R22_CANON_00_890000__T7_transport_strong_phase_00ms,5,5,0.20000000000000004,False,,64c30cef9767b95f30635138870c60a4372d17f1825948050526dd1346aedd2a
L2RAR2_R22_CANON_00_890000__T7_transport_strong_phase_00ms,6,6,0.25000000000000006,False,,05c603c04bbc47044a9136a4eb4a06b0d66fb5686537755999d03e1f55e1b780
L2RAR2_R22_CANON_00_890000__T7_transport_strong_phase_00ms,7,7,0.3000000000000001,False,,c1b8f95e6f4f59f43825fda101d0d8ed57a16b0682ad4377dfb7194f1793a45b
L2RAR2_R22_CANON_00_890000__T7_transport_strong_phase_00ms,8,8,0.3000000000000001,False,,c1b8f95e6f4f59f43825fda101d0d8ed57a16b0682ad4377dfb7194f1793a45b
L2RAR2_R22_CANON_00_890000__T7_transport_strong_phase_00ms,9,9,0.35000000000000014,False,,1614b8091cd8bd8dd21c2ae0f8851ee9ee03265665379aab492f23ccc395a494
L2RAR2_R22_CANON_00_890000__T7_transport_strong_phase_00ms,10,10,0.4000000000000002,False,,0338b91edd24e5653bc5202db2f577cc4df4dd211fb738c3bf142d4ba445ecf6
L2RAR2_R22_CANON_00_890000__T7_transport_strong_phase_00ms,11,11,0.45000000000000023,False,,d797fb5a11443c0b44080b7647117b0e740d395dc61c099da661823ea84cc334
L2RAR2_R22_CANON_00_890000__T7_transport_strong_phase_00ms,12,12,0.5000000000000002,False,,cda32b46cafa8d549fb68fecbf8ccf26aba527751c0e4d332bd0053753c55e20
L2RAR2_R22_CANON_00_890000__T7_transport_strong_phase_00ms,13,13,0.5000000000000002,False,,cda32b46cafa8d549fb68fecbf8ccf26aba527751c0e4d332bd0053753c55e20
L2RAR2_R22_CANON_00_890000__T7_transport_strong_phase_00ms,14,14,0.5500000000000003,False,,4636409d907b85e331cd47b12f47d7ef2462953cee784b8de78b0d1adb95d429
L2RAR2_R22_CANON_00_890000__T7_transport_strong_phase_00ms,15,15,0.6000000000000003,False,,9df4bb91b4faa592ddac571b928456021dfd0b7ff43d34067d91ee77daa8cd63
L2RAR2_R22_CANON_00_890000__T7_transport_strong_phase_00ms,16,16,0.6500000000000004,False,,a7cd8035c729a18234286d103bce85c1d3690409cd2cb0f2d32d0c470e89b148
L2RAR2_R22_CANON_00_890000__T7_transport_strong_phase_00ms,17,17,0.7000000000000004,False,,f7347eb5950e44e871b7f2ec92d6fc81daae491be893f5d2d9c6d5ff4dbf6b20
L2RAR2_R22_CANON_00_890000__T7_transport_strong_phase_00ms,18,18,0.7500000000000004,False,,4c99bee9ed1e21d49d190e3d6d7a50954781a00e91143c13041a02c52acc8f17
L2RAR2_R22_CANON_00_890000__T7_transport_strong_phase_00ms,19,19,0.8000000000000005,False,,faeaab45ead49e71cb8ff3b2f488bd81814ec4960784500d8877e3663c5a6a21
L2RAR2_R22_CANON_00_890000__T7_transport_strong_phase_00ms,20,20,0.8500000000000005,False,,cea5a3cf1f6e84ea908cb9b3012025d5ead5b4512c9f787ef3382c25b6b0b27d
L2RAR2_R22_CANON_00_890000__T7_transport_strong_phase_00ms,21,21,0.9000000000000006,False,,81ff552628d418eddd3c0d7f4f1d672b22f941c1f52c0b946fdb65d3fecafa4c
L2RAR2_R22_CANON_00_890000__T7_transport_strong_phase_00ms,22,22,0.9500000000000006,False,,2682c5b37a7a2ccebad46accf5ff339187b8b7df15064fd52f72a616d9e46c94
L2RAR2_R22_CANON_00_890000__T7_transport_strong_phase_00ms,23,23,1.0000000000000007,False,,e910d9ed3d7f7990948c49338395e83bf0bc7362bad4dd73eb762a7d8314cc94
L2RAR2_R22_CANON_00_890000__T7_transport_strong_phase_00ms,24,24,1.0500000000000007,False,,8df423f89562426d9cf3aa8a8b261d75936635d30ff248d7515c373310a0a2c7
L2RAR2_R22_CANON_00_890000__T7_transport_strong_phase_00ms,25,25,1.1000000000000008,False,,599f5024b2a42476414d88e13ec2510d00d48b5430a56c419aa8180d2aed9de4
L2RAR2_R22_CANON_00_890000__T7_transport_strong_phase_00ms,26,26,1.1500000000000008,False,,7694dc0a661344ddffe314e7c7facbb346b596d444fa93899b9ed29a218aabec
L2RAR2_R22_CANON_00_890000__T7_transport_strong_phase_00ms,27,27,1.2000000000000008,False,,7fa5c6d6544399797025a77052e7e52be28aeb62a1730872eab8254f2aa6f796
L2RAR2_R22_CANON_00_890000__T7_transport_strong_phase_00ms,28,28,1.2500000000000009,False,,b62cd234e656718e44eeec173ffacb0b302bd333f3064d1863bcc0bfe07d41b0
L2RAR2_R22_CANON_00_890000__T7_transport_strong_phase_00ms,29,29,1.300000000000001,False,,c47f040f64be2286d8599614bd2163a09d62028acc888bfda471c6b27fca02a6
L2RAR2_R22_CANON_00_890000__T7_transport_strong_phase_00ms,30,30,1.350000000000001,False,,adf43eb16fd3837f67d9451a06ec609362f4f9212c3dab4b924be5d3759689f6
L2RAR2_R22_CANON_00_890000__T7_transport_strong_phase_00ms,31,31,1.400000000000001,False,,d39b502664adae76b85e8cb338cd0ffa21bc851d19a052e5685c0345c9a28706
L2RAR2_R22_CANON_00_890000__T7_transport_strong_phase_00ms,32,32,1.450000000000001,False,,ad554f9b469710f40d4136880ae16cf409e2fae23cbcf527b8dcbfb4b2f5a9f4
L2RAR2_R22_CANON_00_890000__T7_transport_strong_phase_00ms,33,33,1.500000000000001,False,,cddd0f26562a97fd686b45a556d397e682d690c3bba419cfafe90187f98aab0a
L2RAR2_R22_CANON_00_890000__T7_transport_strong_phase_00ms,34,34,1.500000000000001,False,,358ee6578a0775af7cd3a6c520b24099e5c43f499042524e2a9edd2f548e3105
L2RAR2_R22_CANON_00_890000__T7_transport_strong_phase_00ms,35,35,1.5500000000000012,False,,b5f64b5ab82162c0af207387afb10c2563124116cb1d3ec6f7ea5119c7b54730
L2RAR2_R22_CANON_00_890000__T7_transport_strong_phase_00ms,36,36,1.6000000000000012,False,,086884cda7c3fbba63d71ba9a1a5bf6a65d9472369631b31def1bbc71d84058e
L2RAR2_R22_CANON_00_890000__T7_transport_strong_phase_00ms,37,37,1.6500000000000012,False,,5a2a75bd6fb6934c7c02da5b0abcbac64bdd79248123d3083bc33b58cdcaf4c3
L2RAR2_R22_CANON_00_890000__T7_transport_strong_phase_00ms,38,38,1.7000000000000013,False,,262f20e3d5bd06c561a9954e2b07cedf02afdb50a9017204360798d0aa4644e5
L2RAR2_R22_CANON_00_890000__T7_transport_strong_phase_00ms,39,39,1.7000000000000013,False,,262f20e3d5bd06c561a9954e2b07cedf02afdb50a9017204360798d0aa4644e5
L2RAR2_R22_CANON_00_890000__T7_transport_strong_phase_00ms,40,40,1.7500000000000013,False,,8cbf108516cf695b445d7e389937c4c21b2e04cefd5c4162bb8464a5b64457ac
L2RAR2_R22_CANON_00_890000__T7_transport_strong_phase_00ms,41,41,1.8000000000000014,False,,e08459e8a09aa29a61e0e1c8d3e811e4683ecd009dd2ca46124adcc9331ade49
L2RAR2_R22_CANON_00_890000__T7_transport_strong_phase_00ms,42,42,1.8500000000000014,False,,51d5a0df970a4a526d803c0f35bc68c4fb83a70c73c86809488fdbd218f5af94
L2RAR2_R22_CANON_00_890000__T7_transport_strong_phase_00ms,43,43,1.9000000000000015,False,,2ee2a305ad2ae907f2cfa9d8a603295ed846e183f72ea25fdece6ff4648a0575
L2RAR2_R22_CANON_00_890000__T7_transport_strong_phase_00ms,44,44,1.9500000000000015,False,,d9b4507d0108758d57e77f360639c738ef0dd12c54fa7d397bbb8266e32f3259
L2RAR2_R22_CANON_00_890000__T7_transport_strong_phase_00ms,45,45,2.0000000000000013,False,,42e709ea1477eaec7e03b2fd682273dc2107dd1399b2a7a52f828f0e62f1fa6b
L2RAR2_R22_CANON_00_890000__T7_transport_strong_phase_00ms,46,46,2.0500000000000003,False,,5951fb10157f10623e502f8760894d82e5f2409d6f7cd8b1c6c55ab6c00eaef0
L2RAR2_R22_CANON_00_890000__T7_transport_strong_phase_00ms,47,47,2.099999999999999,False,,154bd1953c8827d40d489873b85704147b2e7a1db88629fa796b1a3a7b73b56f
L2RAR2_R22_CANON_00_890000__T7_transport_strong_phase_00ms,48,48,2.149999999999998,False,,fd06794f2b409131369b6bf7c8c35608f5bca1f9eb92e0e309e6af40b1f9b24d
L2RAR2_R22_CANON_00_890000__T7_transport_strong_phase_00ms,49,49,2.199999999999997,False,,4d061e35553ee741b6bfc806cec4630edee305f2162c48977268ff6be9bca67a
L2RAR2_R22_CANON_00_890000__T7_transport_strong_phase_00ms,50,50,2.249999999999996,False,,1df6276dbee007c115b5d963bf3d997cbdfaeb92fb1cbfcd254697e0116cd433
L2RAR2_R22_CANON_00_890000__T7_transport_strong_phase_00ms,51,51,2.299999999999995,False,,901c8197620c28fd635aa2e9369bc278c6e8aa36300388808f8c7d6270814f20
L2RAR2_R22_CANON_00_890000__T7_transport_strong_phase_00ms,52,52,2.349999999999994,False,,d7411d9fd23f66158113609a28d2b95d8797866034a63f5a2ab4b568fd19c093
L2RAR2_R22_CANON_00_890000__T7_transport_strong_phase_00ms,53,53,2.399999999999993,False,,b980476baa50f595222ba22b9fdefbe9a55f99e57b565db3a65fa835fbce703f
L2RAR2_R22_CANON_00_890000__T7_transport_strong_phase_00ms,54,54,2.4499999999999917,False,,b038c9feda6b6ef8a15d207134ddcce2fcaf6dcc14810449c4c8da95bf37a6df
L2RAR2_R22_CANON_00_890000__T7_transport_strong_phase_00ms,55,55,2.4999999999999907,False,,ded6a5d106a6e020d49b964aa508f702abc758e8ffcec5c6d7ea1c8d91ecf0e1
L2RAR2_R22_CANON_00_890000__T7_transport_strong_phase_00ms,56,56,2.5499999999999896,False,,9738c23d816635ea6e84bf3532066d77d5bdd650c670ed7770ed2fe499541616
L2RAR2_R22_CANON_00_890000__T7_transport_strong_phase_00ms,57,57,2.5999999999999885,False,,5acf1d7b8b14eb22d6dfd30e2db005a4ad01ccd6dad4d29230cefadd78f2c876
L2RAR2_R22_CANON_00_890000__T7_transport_strong_phase_00ms,58,58,2.6499999999999875,False,,4d2d7f6367e8a2bcf7cc2025c3ff80b7e0085328a595efa19272ddd8698e353b
L2RAR2_R22_CANON_00_890000__T7_transport_strong_phase_00ms,59,59,2.6999999999999864,False,,803d30de71c1461ee5d95cd583769f3e12ed1d0472c6eebf2aeb433ec140d994
L2RAR2_R22_CANON_00_890000__T7_transport_strong_phase_00ms,60,60,2.6999999999999864,False,,803d30de71c1461ee5d95cd583769f3e12ed1d0472c6eebf2aeb433ec140d994
L2RAR2_R22_CANON_01_890001__T11_transport_strong_phase_40ms_rgb_dropout,0,0,0.0,False,,b078b491debb78cc0cb42ba30480d016fd937e6cbc20c6d04e94a2432664726a
L2RAR2_R22_CANON_01_890001__T11_transport_strong_phase_40ms_rgb_dropout,1,1,0.05,False,,93e716521e9bd32c83548dc18c8eddbc5f08fd08230551528a5fdbf82bf1ecbf
L2RAR2_R22_CANON_01_890001__T11_transport_strong_phase_40ms_rgb_dropout,2,2,0.09999999999999999,False,,d72868ea1005dda34753498ae98e7738b47d2ec6ddaf9a85b688df4a093e26d9
L2RAR2_R22_CANON_01_890001__T11_transport_strong_phase_40ms_rgb_dropout,3,3,0.15,False,,348374a947b9de563eaa19124e37acb30094f3d888868c9a74c2c0fc842fa8f8
L2RAR2_R22_CANON_01_890001__T11_transport_strong_phase_40ms_rgb_dropout,4,4,0.20000000000000004,False,,47a86ac909bc8b9909707bcaf7d55854dd8d9f65aa8465e624765c79ace4d759
L2RAR2_R22_CANON_01_890001__T11_transport_strong_phase_40ms_rgb_dropout,5,5,0.20000000000000004,False,,47a86ac909bc8b9909707bcaf7d55854dd8d9f65aa8465e624765c79ace4d759
L2RAR2_R22_CANON_01_890001__T11_transport_strong_phase_40ms_rgb_dropout,6,6,0.25000000000000006,False,,b88991adfdecb5ea8a3b4c96b9b26b8d071098935c3926d61b481670efbb6de9
L2RAR2_R22_CANON_01_890001__T11_transport_strong_phase_40ms_rgb_dropout,7,7,0.3000000000000001,False,,983c26dc1bc465906f3c51130ed529ac51a2c489c64bb61d2773c4eced2bd0bd
L2RAR2_R22_CANON_01_890001__T11_transport_strong_phase_40ms_rgb_dropout,8,8,0.3000000000000001,False,,983c26dc1bc465906f3c51130ed529ac51a2c489c64bb61d2773c4eced2bd0bd
L2RAR2_R22_CANON_01_890001__T11_transport_strong_phase_40ms_rgb_dropout,9,9,0.35000000000000014,False,,52dd540a19034536353060df9cfffa44e13fc5c740dfda6e9daefc834bf71e96
L2RAR2_R22_CANON_01_890001__T11_transport_strong_phase_40ms_rgb_dropout,10,10,0.4000000000000002,False,,7b72ea191813becc860c8acacd7bf7baad0995e0d21d8d603875a22b88ab7531
L2RAR2_R22_CANON_01_890001__T11_transport_strong_phase_40ms_rgb_dropout,11,11,0.45000000000000023,False,,3eee65db0171e4d86566f6b1fb25ecad577dd84f74859b236ed3ca03cb4642b4
L2RAR2_R22_CANON_01_890001__T11_transport_strong_phase_40ms_rgb_dropout,12,12,0.5000000000000002,False,,e7ae355cb342c9e9ebc5fc34cfa3b610e991a8f04e5c918e21a89da7b74cdf39
L2RAR2_R22_CANON_01_890001__T11_transport_strong_phase_40ms_rgb_dropout,13,13,0.5000000000000002,False,,e7ae355cb342c9e9ebc5fc34cfa3b610e991a8f04e5c918e21a89da7b74cdf39
L2RAR2_R22_CANON_01_890001__T11_transport_strong_phase_40ms_rgb_dropout,14,14,0.5500000000000003,False,,612e6db7fcccb5ab8eabb1ded05c02e785705a2aabf2705e579e45beb83ff88c
L2RAR2_R22_CANON_01_890001__T11_transport_strong_phase_40ms_rgb_dropout,15,15,0.6000000000000003,False,,a18ae1d30b709074a2c24fdc37bba593a993c5526aa9e332a81fcf9e663e5066
L2RAR2_R22_CANON_01_890001__T11_transport_strong_phase_40ms_rgb_dropout,16,16,0.6500000000000004,False,,4fa609f0fbff7e5e2faf7809f98e57338be10f3b40c5630951d213a9b3f54adf
L2RAR2_R22_CANON_01_890001__T11_transport_strong_phase_40ms_rgb_dropout,17,17,0.7000000000000004,False,,af688a150ba57c7de87e2cea9c1ca53fb0b1de2995b30eb6a88d5e510d8da1eb
L2RAR2_R22_CANON_01_890001__T11_transport_strong_phase_40ms_rgb_dropout,18,18,0.7500000000000004,False,,5dda472c2e49f88ad3ce8f9c67fdd4c88c624746531586f1e9fac7954dc71dfa
L2RAR2_R22_CANON_01_890001__T11_transport_strong_phase_40ms_rgb_dropout,19,19,0.8000000000000005,False,,bc091247673b2a762610b9fdebb44c38bfc3210a1d547d0ddc5e1877f4da4514
L2RAR2_R22_CANON_01_890001__T11_transport_strong_phase_40ms_rgb_dropout,20,20,0.8500000000000005,False,,a1ce1c6fd0eafd3ad2b6f9e1c72b3e0791a703c85f6c064492d2f72728ef9e9d
L2RAR2_R22_CANON_01_890001__T11_transport_strong_phase_40ms_rgb_dropout,21,21,0.9000000000000006,False,,1e11e4af679217da2d8c3c649b27450a69342b73f106db7897562a4d8128e198
L2RAR2_R22_CANON_01_890001__T11_transport_strong_phase_40ms_rgb_dropout,22,22,0.9500000000000006,False,,768f620ce71404e38aa725e557cafbc53caebf2f0edc0a250c3b1dd45e292c22
L2RAR2_R22_CANON_01_890001__T11_transport_strong_phase_40ms_rgb_dropout,23,23,1.0000000000000007,False,,768f620ce71404e38aa725e557cafbc53caebf2f0edc0a250c3b1dd45e292c22
L2RAR2_R22_CANON_01_890001__T11_transport_strong_phase_40ms_rgb_dropout,24,24,1.0500000000000007,False,,007e631b0cfafdb774879849716a9aaf86dd940b18435a851932cb6ef7b7c7cb
L2RAR2_R22_CANON_01_890001__T11_transport_strong_phase_40ms_rgb_dropout,25,25,1.1000000000000008,False,,007e631b0cfafdb774879849716a9aaf86dd940b18435a851932cb6ef7b7c7cb
L2RAR2_R22_CANON_01_890001__T11_transport_strong_phase_40ms_rgb_dropout,26,26,1.1500000000000008,False,,08e72128e207dd60f02c0a59dbf5eba760eb03767ad939efa746d88ed6563447
L2RAR2_R22_CANON_01_890001__T11_transport_strong_phase_40ms_rgb_dropout,27,27,1.2000000000000008,False,,7f50a96894fcb06059911642319def94eddb609129a80661b2664139e11ad4d1
L2RAR2_R22_CANON_01_890001__T11_transport_strong_phase_40ms_rgb_dropout,28,28,1.2500000000000009,False,,61243020c1562bda8563ea78b61f8d3fdb12fbc5a586043578d1da377313017d
L2RAR2_R22_CANON_01_890001__T11_transport_strong_phase_40ms_rgb_dropout,29,29,1.300000000000001,False,,b248b0af072ffa97aab7344a883f7b89931dc48034813dd73ba3a06a33045f1d
L2RAR2_R22_CANON_01_890001__T11_transport_strong_phase_40ms_rgb_dropout,30,30,1.350000000000001,False,,ecc9335502292e846724bde7f0594bd7c614b0b3f6a33672fb24c615354dc807
L2RAR2_R22_CANON_01_890001__T11_transport_strong_phase_40ms_rgb_dropout,31,31,1.400000000000001,False,,1d7d7b52c7e0b24fa9624972d18e80dad4bf90358a429272de57a20f60256350
L2RAR2_R22_CANON_01_890001__T11_transport_strong_phase_40ms_rgb_dropout,32,32,1.450000000000001,False,,
L2RAR2_R22_CANON_01_890001__T11_transport_strong_phase_40ms_rgb_dropout,33,33,1.500000000000001,False,,
L2RAR2_R22_CANON_01_890001__T11_transport_strong_phase_40ms_rgb_dropout,34,34,1.5400000000000011,False,,b8b117483b1ed2a2fe8521fec80238ec793946e635fff9ca07b338c99a1c1b45
L2RAR2_R22_CANON_01_890001__T11_transport_strong_phase_40ms_rgb_dropout,35,35,1.5500000000000012,False,,
L2RAR2_R22_CANON_01_890001__T11_transport_strong_phase_40ms_rgb_dropout,36,36,1.6000000000000012,False,,f30bc2ec22677debb227f26b6d95e6cbf65e2f8f222d433ea5b41a25afa0d34a
L2RAR2_R22_CANON_01_890001__T11_transport_strong_phase_40ms_rgb_dropout,37,37,1.6500000000000012,False,,5fe9766d4c2865c17cc5e189258c20aca4277cbe8923ed0d7ac126364d7f295b
L2RAR2_R22_CANON_01_890001__T11_transport_strong_phase_40ms_rgb_dropout,38,38,1.7000000000000013,False,,126f1639fb3f55ac580bcebd938da3293bbffd0e591d8c2f444c7874e5823d41
L2RAR2_R22_CANON_01_890001__T11_transport_strong_phase_40ms_rgb_dropout,39,39,1.7400000000000013,False,,53f81154eb50ad9710f5283f74f0b9158fa35996516661a6b7b596d9e45ac76a
L2RAR2_R22_CANON_01_890001__T11_transport_strong_phase_40ms_rgb_dropout,40,40,1.7500000000000013,False,,d304062bde02f237a43aaf73877c53c847334ffbae2cf5f2e568a248ceb30e79
L2RAR2_R22_CANON_01_890001__T11_transport_strong_phase_40ms_rgb_dropout,41,41,1.8000000000000014,False,,7a577e6a0c7f49d473bec8c8fce6f790d7ca8ad1b04623a2036669ecef2f8fd3
L2RAR2_R22_CANON_01_890001__T11_transport_strong_phase_40ms_rgb_dropout,42,42,1.8500000000000014,False,,4dce1997ba4e592df26953dc94e3567309fd8ff8f04181d3800ae36c3198df01
L2RAR2_R22_CANON_01_890001__T11_transport_strong_phase_40ms_rgb_dropout,43,43,1.9000000000000015,False,,1cd613fe321b187503124eac91a68875aeb98590b063e80162b1123cb581d395
L2RAR2_R22_CANON_01_890001__T11_transport_strong_phase_40ms_rgb_dropout,44,44,1.9500000000000015,False,,11ea94d84959fa6ad19a14042aab6d75d5be437084d4179b67a9bdf3f93a0514
L2RAR2_R22_CANON_01_890001__T11_transport_strong_phase_40ms_rgb_dropout,45,45,2.0000000000000013,False,,b08b0cf7b98a318dee7f6671d3d01f846ac1d38ce1dd925d17e2e9b4710ced80
L2RAR2_R22_CANON_01_890001__T11_transport_strong_phase_40ms_rgb_dropout,46,46,2.0500000000000003,False,,3e8b66d2ec2d11e35fff57fc29182d0c9a9c0e48ea424fe7322eec80d51c02f0
L2RAR2_R22_CANON_01_890001__T11_transport_strong_phase_40ms_rgb_dropout,47,47,2.099999999999999,False,,f62d23069252de04c7c2218cc6d529d77994e59f52c7e1c6f994266b100e42a4
L2RAR2_R22_CANON_01_890001__T11_transport_strong_phase_40ms_rgb_dropout,48,48,2.149999999999998,False,,207dd8db6e0e94080ec4398c9da8a65270a4970c332093598e9aa7aff3e74518
L2RAR2_R22_CANON_01_890001__T11_transport_strong_phase_40ms_rgb_dropout,49,49,2.199999999999997,False,,d3cdbb0591340520236dc709fd2c33230c4b299f473a7a4569cf8f0f3b791949
L2RAR2_R22_CANON_01_890001__T11_transport_strong_phase_40ms_rgb_dropout,50,50,2.249999999999996,False,,c8606426fe031566936efe49d5a91cfcb2b972dcae83d1daf544f92c3bdc4f40
L2RAR2_R22_CANON_01_890001__T11_transport_strong_phase_40ms_rgb_dropout,51,51,2.299999999999995,False,,3a98002377e164bb5dba3b69f497e0930fefd9ab3ace78631d2a651139382a58
L2RAR2_R22_CANON_01_890001__T11_transport_strong_phase_40ms_rgb_dropout,52,52,2.349999999999994,False,,89e6f99405c19cf03b5faad4ccb00430fc5e15bd98cb5747f99806573900fd40
L2RAR2_R22_CANON_01_890001__T11_transport_strong_phase_40ms_rgb_dropout,53,53,2.399999999999993,False,,1d9cbf0b885ffe3ed8c9954ad1e9141ea8a501f035daa11e98ab00110a48ddbc
L2RAR2_R22_CANON_01_890001__T11_transport_strong_phase_40ms_rgb_dropout,54,54,2.4499999999999917,False,,67bbc8c2735203d36a9a65a0b149ffb55bcf46a0c51e494c1b9c539374e8e569
L2RAR2_R22_CANON_01_890001__T11_transport_strong_phase_40ms_rgb_dropout,55,55,2.4999999999999907,False,,e483adf94f41e3317797f638d229aa7dee017c7f9161319e6ba1297e1cff776f
L2RAR2_R22_CANON_01_890001__T11_transport_strong_phase_40ms_rgb_dropout,56,56,2.5499999999999896,False,,921781bd8521b40ba934ebe47baa71621b0eeaab255e9030be584d54b4c20d0c
L2RAR2_R22_CANON_01_890001__T11_transport_strong_phase_40ms_rgb_dropout,57,57,2.5999999999999885,False,,9484cb8034b0906d8f4d1768b2d5945447ad7cb2f4541654ea1fe3a2ece229b3
L2RAR2_R22_CANON_01_890001__T11_transport_strong_phase_40ms_rgb_dropout,58,58,2.6499999999999875,False,,6dad0d63886cb79e01ac36f64eba18192247b2b57c9a9b0985e32352fb5d2042
L2RAR2_R22_CANON_01_890001__T11_transport_strong_phase_40ms_rgb_dropout,59,59,2.6999999999999864,False,,355d800d12676b9c23718140b997b6e369bd0878fd07d3bceacc282838fd3ad2
L2RAR2_R22_CANON_01_890001__T11_transport_strong_phase_40ms_rgb_dropout,60,60,2.7399999999999856,False,,db40d0515404a4d31a2e23c3d268ca0add3cd7e8728675ae895991899eb3db54
L2RAR2_R22_CANON_01_890001__T12_transport_commanded_release,0,0,0.0,False,,b078b491debb78cc0cb42ba30480d016fd937e6cbc20c6d04e94a2432664726a
L2RAR2_R22_CANON_01_890001__T12_transport_commanded_release,1,1,0.05,False,,93e716521e9bd32c83548dc18c8eddbc5f08fd08230551528a5fdbf82bf1ecbf
L2RAR2_R22_CANON_01_890001__T12_transport_commanded_release,2,2,0.09999999999999999,False,,d72868ea1005dda34753498ae98e7738b47d2ec6ddaf9a85b688df4a093e26d9
L2RAR2_R22_CANON_01_890001__T12_transport_commanded_release,3,3,0.15,False,,348374a947b9de563eaa19124e37acb30094f3d888868c9a74c2c0fc842fa8f8
L2RAR2_R22_CANON_01_890001__T12_transport_commanded_release,4,4,0.20000000000000004,False,,47a86ac909bc8b9909707bcaf7d55854dd8d9f65aa8465e624765c79ace4d759
L2RAR2_R22_CANON_01_890001__T12_transport_commanded_release,5,5,0.20000000000000004,False,,47a86ac909bc8b9909707bcaf7d55854dd8d9f65aa8465e624765c79ace4d759
L2RAR2_R22_CANON_01_890001__T12_transport_commanded_release,6,6,0.25000000000000006,False,,b88991adfdecb5ea8a3b4c96b9b26b8d071098935c3926d61b481670efbb6de9
L2RAR2_R22_CANON_01_890001__T12_transport_commanded_release,7,7,0.3000000000000001,False,,983c26dc1bc465906f3c51130ed529ac51a2c489c64bb61d2773c4eced2bd0bd
L2RAR2_R22_CANON_01_890001__T12_transport_commanded_release,8,8,0.3000000000000001,False,,983c26dc1bc465906f3c51130ed529ac51a2c489c64bb61d2773c4eced2bd0bd
L2RAR2_R22_CANON_01_890001__T12_transport_commanded_release,9,9,0.35000000000000014,False,,52dd540a19034536353060df9cfffa44e13fc5c740dfda6e9daefc834bf71e96
L2RAR2_R22_CANON_01_890001__T12_transport_commanded_release,10,10,0.4000000000000002,False,,7b72ea191813becc860c8acacd7bf7baad0995e0d21d8d603875a22b88ab7531
L2RAR2_R22_CANON_01_890001__T12_transport_commanded_release,11,11,0.45000000000000023,False,,3eee65db0171e4d86566f6b1fb25ecad577dd84f74859b236ed3ca03cb4642b4
L2RAR2_R22_CANON_01_890001__T12_transport_commanded_release,12,12,0.5000000000000002,False,,e7ae355cb342c9e9ebc5fc34cfa3b610e991a8f04e5c918e21a89da7b74cdf39
L2RAR2_R22_CANON_01_890001__T12_transport_commanded_release,13,13,0.5000000000000002,False,,e7ae355cb342c9e9ebc5fc34cfa3b610e991a8f04e5c918e21a89da7b74cdf39
L2RAR2_R22_CANON_01_890001__T12_transport_commanded_release,14,14,0.5500000000000003,False,,612e6db7fcccb5ab8eabb1ded05c02e785705a2aabf2705e579e45beb83ff88c
L2RAR2_R22_CANON_01_890001__T12_transport_commanded_release,15,15,0.6000000000000003,False,,a18ae1d30b709074a2c24fdc37bba593a993c5526aa9e332a81fcf9e663e5066
L2RAR2_R22_CANON_01_890001__T12_transport_commanded_release,16,16,0.6500000000000004,False,,4fa609f0fbff7e5e2faf7809f98e57338be10f3b40c5630951d213a9b3f54adf
L2RAR2_R22_CANON_01_890001__T12_transport_commanded_release,17,17,0.7000000000000004,False,,af688a150ba57c7de87e2cea9c1ca53fb0b1de2995b30eb6a88d5e510d8da1eb
L2RAR2_R22_CANON_01_890001__T12_transport_commanded_release,18,18,0.7500000000000004,False,,5dda472c2e49f88ad3ce8f9c67fdd4c88c624746531586f1e9fac7954dc71dfa
L2RAR2_R22_CANON_01_890001__T12_transport_commanded_release,19,19,0.8000000000000005,False,,bc091247673b2a762610b9fdebb44c38bfc3210a1d547d0ddc5e1877f4da4514
L2RAR2_R22_CANON_01_890001__T12_transport_commanded_release,20,20,0.8500000000000005,False,,a1ce1c6fd0eafd3ad2b6f9e1c72b3e0791a703c85f6c064492d2f72728ef9e9d
L2RAR2_R22_CANON_01_890001__T12_transport_commanded_release,21,21,0.9000000000000006,False,,1e11e4af679217da2d8c3c649b27450a69342b73f106db7897562a4d8128e198
L2RAR2_R22_CANON_01_890001__T12_transport_commanded_release,22,22,0.9500000000000006,False,,768f620ce71404e38aa725e557cafbc53caebf2f0edc0a250c3b1dd45e292c22
L2RAR2_R22_CANON_01_890001__T12_transport_commanded_release,23,23,1.0000000000000007,False,,768f620ce71404e38aa725e557cafbc53caebf2f0edc0a250c3b1dd45e292c22
L2RAR2_R22_CANON_01_890001__T12_transport_commanded_release,24,24,1.0500000000000007,False,,007e631b0cfafdb774879849716a9aaf86dd940b18435a851932cb6ef7b7c7cb
L2RAR2_R22_CANON_01_890001__T12_transport_commanded_release,25,25,1.1000000000000008,False,,007e631b0cfafdb774879849716a9aaf86dd940b18435a851932cb6ef7b7c7cb
L2RAR2_R22_CANON_01_890001__T12_transport_commanded_release,26,26,1.1500000000000008,False,,08e72128e207dd60f02c0a59dbf5eba760eb03767ad939efa746d88ed6563447
L2RAR2_R22_CANON_01_890001__T12_transport_commanded_release,27,27,1.2000000000000008,False,,7f50a96894fcb06059911642319def94eddb609129a80661b2664139e11ad4d1
L2RAR2_R22_CANON_01_890001__T12_transport_commanded_release,28,28,1.2500000000000009,False,,61243020c1562bda8563ea78b61f8d3fdb12fbc5a586043578d1da377313017d
L2RAR2_R22_CANON_01_890001__T12_transport_commanded_release,29,29,1.300000000000001,False,,b248b0af072ffa97aab7344a883f7b89931dc48034813dd73ba3a06a33045f1d
L2RAR2_R22_CANON_01_890001__T12_transport_commanded_release,30,30,1.350000000000001,False,,657a7389574298fcf2153f7d2959fa0c5f0b3b25a914d5536f36180b27def35c
L2RAR2_R22_CANON_01_890001__T12_transport_commanded_release,31,31,1.400000000000001,False,,caa7644c8fed8841ef02d21483e47377ca8b1d7def5b279ed70520f550784a1b
L2RAR2_R22_CANON_01_890001__T12_transport_commanded_release,32,32,1.450000000000001,False,,e3a379d747dd19787bfb347bd5eb7c9d59380d2a59cf62a87347abeeab6fc9f8
L2RAR2_R22_CANON_01_890001__T12_transport_commanded_release,33,33,1.500000000000001,False,,10f141cf94d29e2a151560ca7b65997812c0da187c334b682d22bd6c6fa14742
L2RAR2_R22_CANON_01_890001__T12_transport_commanded_release,34,34,1.5500000000000012,False,,f079b2159492091508386125e8540912da17235e0b189d746bb8a84bc093ea26
L2RAR2_R22_CANON_01_890001__T12_transport_commanded_release,35,35,1.6000000000000012,False,,402a42f2b6df3105b4338afcd54f1099a034c6d55d1a1d90531c06154322068d
L2RAR2_R22_CANON_01_890001__T12_transport_commanded_release,36,36,1.6500000000000012,False,,a13bc2507736a725be7e17c97616cc6b6cf6d29a0baaa14486ffe1f3f17d15f3
L2RAR2_R22_CANON_01_890001__T12_transport_commanded_release,37,37,1.7000000000000013,False,,a7563499dc9f75d778834e6a745a102db73a65a66c39089712b844d8e1e9eba4
L2RAR2_R22_CANON_01_890001__T12_transport_commanded_release,38,38,1.7500000000000013,False,,41b59eedd2ace06744481a83e9a56b8f5f6b93b3aed2e76a431a8a1ebab63110
L2RAR2_R22_CANON_01_890001__T12_transport_commanded_release,39,39,1.8000000000000014,False,,1a29a56398b44b97c5de8ea5641a85fde4f483f2cac8f30612fd114518993226
L2RAR2_R22_CANON_01_890001__T12_transport_commanded_release,40,40,1.8200000000000014,False,,1a29a56398b44b97c5de8ea5641a85fde4f483f2cac8f30612fd114518993226
L2RAR2_R22_CANON_01_890001__T12_transport_commanded_release,41,41,1.8500000000000014,False,,4d0224173573e145060c8f8e079818c7a10b9bc5b865c369bb3d5fb1da9d2fe8
L2RAR2_R22_CANON_01_890001__T12_transport_commanded_release,42,42,1.9000000000000015,False,,ee5fe4d747420bad64d9c4d1ed529d0bd5504865e36ce3df13b3b9e70a32d00e
L2RAR2_R22_CANON_01_890001__T12_transport_commanded_release,43,43,1.9500000000000015,False,,aad8c27e25fceb00fb6479f7280ba7e43fde80eccdf49953e2161f16cd8891e6
L2RAR2_R22_CANON_01_890001__T12_transport_commanded_release,44,44,2.0000000000000013,False,,8071635771ccf77cf862e40affb5d1d11c1894b521373788effd3476a14f076f
L2RAR2_R22_CANON_01_890001__T12_transport_commanded_release,45,45,2.020000000000001,False,,8071635771ccf77cf862e40affb5d1d11c1894b521373788effd3476a14f076f
L2RAR2_R22_CANON_01_890001__T12_transport_commanded_release,46,46,2.0500000000000003,False,,6613a35ea7b85f294e1662b8fa5054302d2387893559fa13a2dce2ea1e60f048
L2RAR2_R22_CANON_01_890001__T12_transport_commanded_release,47,47,2.099999999999999,False,,584aec4f740c2a5d86875854462dea42ecbba6873409eda180d658f1219db380
L2RAR2_R22_CANON_01_890001__T12_transport_commanded_release,48,48,2.149999999999998,False,,1c8355660e9c18b8bd04228f52e156d2429caeab3b1691188082b413fd8c49eb
L2RAR2_R22_CANON_01_890001__T12_transport_commanded_release,49,49,2.199999999999997,False,,ccf0d855732506eab14e2a9d692bfa0270b002e8c730721e06bd3e7bd25e59f6
L2RAR2_R22_CANON_01_890001__T12_transport_commanded_release,50,50,2.249999999999996,False,,e98b738d23522f9f926dfae0202896fb2c72813940cd3da44a641ce2cb2a1db6
L2RAR2_R22_CANON_01_890001__T12_transport_commanded_release,51,51,2.299999999999995,False,,3bc7844afb9ac5566cfbfa76f5d2485c56b88d47738d3df9bfc9f921253edf65
L2RAR2_R22_CANON_01_890001__T12_transport_commanded_release,52,52,2.349999999999994,False,,f283da55fe94f4933ffc065ca6131ed0ffa20a12713d22e8bdc224373778f15a
L2RAR2_R22_CANON_01_890001__T12_transport_commanded_release,53,53,2.399999999999993,False,,484339a697eaf364303249ca11df1f22e78daa649f63d111f42b266c4efce76a
L2RAR2_R22_CANON_01_890001__T12_transport_commanded_release,54,54,2.4499999999999917,False,,a03165f494c0b9a5afb7787990a8fe649dbfd33dc20ac2952acf458586e4f0df
L2RAR2_R22_CANON_01_890001__T12_transport_commanded_release,55,55,2.4999999999999907,False,,b2dd5a54b67b618795bd53a7507756cd210a82390ff9a481f17e4b67b35aad3f
L2RAR2_R22_CANON_01_890001__T12_transport_commanded_release,56,56,2.5499999999999896,False,,cf0f6dac5cbaf662bf9acf166edc921c1965eaeb147755613e1d924fc878ddd9
L2RAR2_R22_CANON_01_890001__T12_transport_commanded_release,57,57,2.5999999999999885,False,,0e264186aeddd9ab214dc4deb73cbc9c24a5cea4ef5aa7d37b0bbebbd813614c
L2RAR2_R22_CANON_01_890001__T12_transport_commanded_release,58,58,2.6499999999999875,False,,5bce80a0aa91b9cefee7e3adde3b2082c87c2d1733b67fc9e912fc1a3fa4a7ad
L2RAR2_R22_CANON_01_890001__T12_transport_commanded_release,59,59,2.6999999999999864,False,,49397ad3cb16f4b13bf22d907e869583b5e7c6707a1b7670b98c917b6588fbab
L2RAR2_R22_CANON_01_890001__T12_transport_commanded_release,60,60,2.7499999999999853,False,,20d906b6304de504563bc7b9dc679b724c6cf8697a84203e8a52bb1989a27c36
L2RAR2_R22_CANON_01_890001__T12_transport_commanded_release,61,61,2.7999999999999843,False,,e2d14aea69172aed808184167651a372070edbbc4badec6288759535d489da72
L2RAR2_R22_CANON_01_890001__T12_transport_commanded_release,62,62,2.849999999999983,False,,0e49c72faf79801e9c02393e02406e62e744360ff60da8980dd3ee503ea83019
L2RAR2_R22_CANON_01_890001__T12_transport_commanded_release,63,63,2.899999999999982,False,,02df302325cc0b853ba1fa51a401a5cb937e49f5754b9aaefa452e6b11057485
L2RAR2_R22_CANON_01_890001__T12_transport_commanded_release,64,64,2.949999999999981,False,,64990f9bc7ea606ffda22dfff4c7e925077d520cbef2ffb48d038046b6de38e5
L2RAR2_R22_CANON_01_890001__T12_transport_commanded_release,65,65,2.99999999999998,False,,4481f8bbc62b74e79b27abbe5686dcff4e8966d5c9495a5f29a85ab35dc7f854
L2RAR2_R22_CANON_01_890001__T12_transport_commanded_release,66,66,3.0199999999999796,False,,0eb6c4dc84e10db6c0857ed13bfc49d45afd6e673c4c60c6ebb6efc37277d1d5
L2RAR2_R22_CANON_01_890001__T1_transport_stable_clean,0,0,0.0,False,,b078b491debb78cc0cb42ba30480d016fd937e6cbc20c6d04e94a2432664726a
L2RAR2_R22_CANON_01_890001__T1_transport_stable_clean,1,1,0.05,False,,93e716521e9bd32c83548dc18c8eddbc5f08fd08230551528a5fdbf82bf1ecbf
L2RAR2_R22_CANON_01_890001__T1_transport_stable_clean,2,2,0.09999999999999999,False,,d72868ea1005dda34753498ae98e7738b47d2ec6ddaf9a85b688df4a093e26d9
L2RAR2_R22_CANON_01_890001__T1_transport_stable_clean,3,3,0.15,False,,348374a947b9de563eaa19124e37acb30094f3d888868c9a74c2c0fc842fa8f8
L2RAR2_R22_CANON_01_890001__T1_transport_stable_clean,4,4,0.20000000000000004,False,,47a86ac909bc8b9909707bcaf7d55854dd8d9f65aa8465e624765c79ace4d759
L2RAR2_R22_CANON_01_890001__T1_transport_stable_clean,5,5,0.20000000000000004,False,,47a86ac909bc8b9909707bcaf7d55854dd8d9f65aa8465e624765c79ace4d759
L2RAR2_R22_CANON_01_890001__T1_transport_stable_clean,6,6,0.25000000000000006,False,,b88991adfdecb5ea8a3b4c96b9b26b8d071098935c3926d61b481670efbb6de9
L2RAR2_R22_CANON_01_890001__T1_transport_stable_clean,7,7,0.3000000000000001,False,,983c26dc1bc465906f3c51130ed529ac51a2c489c64bb61d2773c4eced2bd0bd
L2RAR2_R22_CANON_01_890001__T1_transport_stable_clean,8,8,0.3000000000000001,False,,983c26dc1bc465906f3c51130ed529ac51a2c489c64bb61d2773c4eced2bd0bd
L2RAR2_R22_CANON_01_890001__T1_transport_stable_clean,9,9,0.35000000000000014,False,,52dd540a19034536353060df9cfffa44e13fc5c740dfda6e9daefc834bf71e96
L2RAR2_R22_CANON_01_890001__T1_transport_stable_clean,10,10,0.4000000000000002,False,,7b72ea191813becc860c8acacd7bf7baad0995e0d21d8d603875a22b88ab7531
L2RAR2_R22_CANON_01_890001__T1_transport_stable_clean,11,11,0.45000000000000023,False,,3eee65db0171e4d86566f6b1fb25ecad577dd84f74859b236ed3ca03cb4642b4
L2RAR2_R22_CANON_01_890001__T1_transport_stable_clean,12,12,0.5000000000000002,False,,e7ae355cb342c9e9ebc5fc34cfa3b610e991a8f04e5c918e21a89da7b74cdf39
L2RAR2_R22_CANON_01_890001__T1_transport_stable_clean,13,13,0.5000000000000002,False,,e7ae355cb342c9e9ebc5fc34cfa3b610e991a8f04e5c918e21a89da7b74cdf39
L2RAR2_R22_CANON_01_890001__T1_transport_stable_clean,14,14,0.5500000000000003,False,,612e6db7fcccb5ab8eabb1ded05c02e785705a2aabf2705e579e45beb83ff88c
L2RAR2_R22_CANON_01_890001__T1_transport_stable_clean,15,15,0.6000000000000003,False,,a18ae1d30b709074a2c24fdc37bba593a993c5526aa9e332a81fcf9e663e5066
L2RAR2_R22_CANON_01_890001__T1_transport_stable_clean,16,16,0.6500000000000004,False,,4fa609f0fbff7e5e2faf7809f98e57338be10f3b40c5630951d213a9b3f54adf
L2RAR2_R22_CANON_01_890001__T1_transport_stable_clean,17,17,0.7000000000000004,False,,af688a150ba57c7de87e2cea9c1ca53fb0b1de2995b30eb6a88d5e510d8da1eb
L2RAR2_R22_CANON_01_890001__T1_transport_stable_clean,18,18,0.7500000000000004,False,,5dda472c2e49f88ad3ce8f9c67fdd4c88c624746531586f1e9fac7954dc71dfa
L2RAR2_R22_CANON_01_890001__T1_transport_stable_clean,19,19,0.8000000000000005,False,,bc091247673b2a762610b9fdebb44c38bfc3210a1d547d0ddc5e1877f4da4514
L2RAR2_R22_CANON_01_890001__T1_transport_stable_clean,20,20,0.8500000000000005,False,,a1ce1c6fd0eafd3ad2b6f9e1c72b3e0791a703c85f6c064492d2f72728ef9e9d
L2RAR2_R22_CANON_01_890001__T1_transport_stable_clean,21,21,0.9000000000000006,False,,1e11e4af679217da2d8c3c649b27450a69342b73f106db7897562a4d8128e198
L2RAR2_R22_CANON_01_890001__T1_transport_stable_clean,22,22,0.9500000000000006,False,,768f620ce71404e38aa725e557cafbc53caebf2f0edc0a250c3b1dd45e292c22
L2RAR2_R22_CANON_01_890001__T1_transport_stable_clean,23,23,1.0000000000000007,False,,768f620ce71404e38aa725e557cafbc53caebf2f0edc0a250c3b1dd45e292c22
L2RAR2_R22_CANON_01_890001__T1_transport_stable_clean,24,24,1.0500000000000007,False,,007e631b0cfafdb774879849716a9aaf86dd940b18435a851932cb6ef7b7c7cb
L2RAR2_R22_CANON_01_890001__T1_transport_stable_clean,25,25,1.1000000000000008,False,,007e631b0cfafdb774879849716a9aaf86dd940b18435a851932cb6ef7b7c7cb
L2RAR2_R22_CANON_01_890001__T1_transport_stable_clean,26,26,1.1500000000000008,False,,08e72128e207dd60f02c0a59dbf5eba760eb03767ad939efa746d88ed6563447
L2RAR2_R22_CANON_01_890001__T1_transport_stable_clean,27,27,1.2000000000000008,False,,7f50a96894fcb06059911642319def94eddb609129a80661b2664139e11ad4d1
L2RAR2_R22_CANON_01_890001__T1_transport_stable_clean,28,28,1.2500000000000009,False,,61243020c1562bda8563ea78b61f8d3fdb12fbc5a586043578d1da377313017d
L2RAR2_R22_CANON_01_890001__T1_transport_stable_clean,29,29,1.300000000000001,False,,b248b0af072ffa97aab7344a883f7b89931dc48034813dd73ba3a06a33045f1d
L2RAR2_R22_CANON_01_890001__T1_transport_stable_clean,30,30,1.350000000000001,False,,52f784c8bc93b072a9c8d5646e68acaba70a79ecdc82df4f770c79b732fbb27f
L2RAR2_R22_CANON_01_890001__T1_transport_stable_clean,31,31,1.400000000000001,False,,b769eb35275b894608bd6ef6c4ea1cd0e9b8f81caa750fafc5fa4b895b0e9c37
L2RAR2_R22_CANON_01_890001__T1_transport_stable_clean,32,32,1.450000000000001,False,,39de92879dd62bc6f3ed3f9f3464acebf0e65df836e9c747f83b055f590dc7b6
L2RAR2_R22_CANON_01_890001__T1_transport_stable_clean,33,33,1.500000000000001,False,,1f2ccd8ebcc84046f3dce9390b224ab6a370b867853177a44676f7822cc9648c
L2RAR2_R22_CANON_01_890001__T1_transport_stable_clean,34,34,1.500000000000001,False,,1f2ccd8ebcc84046f3dce9390b224ab6a370b867853177a44676f7822cc9648c
L2RAR2_R22_CANON_01_890001__T1_transport_stable_clean,35,35,1.5500000000000012,False,,05bb8dbfd00f31b996195f49ed0712bf41d2767f8eb24ad9bc66ad8b6d77d768
L2RAR2_R22_CANON_01_890001__T1_transport_stable_clean,36,36,1.6000000000000012,False,,c88675031a0d669d0c153152aa3298c822f6f75de5e7dc785935f489cea81330
L2RAR2_R22_CANON_01_890001__T1_transport_stable_clean,37,37,1.6500000000000012,False,,c2c5aff621a007c5b4879b219d638634d6b5a8d5d530f2a35cc6fea0a917ff8f
L2RAR2_R22_CANON_01_890001__T1_transport_stable_clean,38,38,1.7000000000000013,False,,ffd15225e94ee14f32f0e6bf7b0fcd30e1bdda817f9d8f56cfdcd3be80c1232b
L2RAR2_R22_CANON_01_890001__T1_transport_stable_clean,39,39,1.7500000000000013,False,,9b234bf1da83923b2645f36f4204d8036c9f7017fbda48325b27adcd161da22b
L2RAR2_R22_CANON_01_890001__T1_transport_stable_clean,40,40,1.8000000000000014,False,,adda9a672fbc75a3d1b72f149ce2d2d52bb0f55ae936bc05f4d5cab87a3466c6
L2RAR2_R22_CANON_01_890001__T1_transport_stable_clean,41,41,1.8500000000000014,False,,e2d6e9ec3f900ee98d8e22c6eea5a2e2d940eb6f295d4fba1fcfa6508e554a84
L2RAR2_R22_CANON_01_890001__T1_transport_stable_clean,42,42,1.9000000000000015,False,,0d21564ee408f964934a8a3ac0825bf18d3b8e19e10cff679495e8267e29dc2f
L2RAR2_R22_CANON_01_890001__T1_transport_stable_clean,43,43,1.9500000000000015,False,,480a3ac4ed704ae308d976a60281e46f6cd32f6fd621ab0bfe760c3538338ab2
L2RAR2_R22_CANON_01_890001__T1_transport_stable_clean,44,44,2.0000000000000013,False,,21b413050032aa3a7876b80f1145004690ab9e444b57dd40aaca417eea9218f4
L2RAR2_R22_CANON_01_890001__T1_transport_stable_clean,45,45,2.0500000000000003,False,,35504e860101f450a62ded2a339edab8597f65f41100755b0846a8060ba0fc78
L2RAR2_R22_CANON_01_890001__T1_transport_stable_clean,46,46,2.099999999999999,False,,0c23e86d6f7e5e0a0d3c3165af463e8701c1373d6ceb4df86f8a19386c07821c
L2RAR2_R22_CANON_01_890001__T1_transport_stable_clean,47,47,2.149999999999998,False,,aa5c0e5dd8c31e6d308914d35da165bb24e86a3cf2307fbe4d046775bd8f9353
L2RAR2_R22_CANON_01_890001__T1_transport_stable_clean,48,48,2.199999999999997,False,,aa5c0e5dd8c31e6d308914d35da165bb24e86a3cf2307fbe4d046775bd8f9353
L2RAR2_R22_CANON_01_890001__T1_transport_stable_clean,49,49,2.249999999999996,False,,6f10e02bdb189c50654ea8d37965963823c2bb12a06bf99906431fb486c9e09b
L2RAR2_R22_CANON_01_890001__T1_transport_stable_clean,50,50,2.299999999999995,False,,6f10e02bdb189c50654ea8d37965963823c2bb12a06bf99906431fb486c9e09b
L2RAR2_R22_CANON_01_890001__T1_transport_stable_clean,51,51,2.349999999999994,False,,6f10e02bdb189c50654ea8d37965963823c2bb12a06bf99906431fb486c9e09b
L2RAR2_R22_CANON_01_890001__T1_transport_stable_clean,52,52,2.399999999999993,False,,be81df75c71dc5ab49879042ab2e38010eb54566da0fa419a47877b47a65a868
L2RAR2_R22_CANON_01_890001__T1_transport_stable_clean,53,53,2.4499999999999917,False,,be81df75c71dc5ab49879042ab2e38010eb54566da0fa419a47877b47a65a868
L2RAR2_R22_CANON_01_890001__T1_transport_stable_clean,54,54,2.4999999999999907,False,,be81df75c71dc5ab49879042ab2e38010eb54566da0fa419a47877b47a65a868
L2RAR2_R22_CANON_01_890001__T1_transport_stable_clean,55,55,2.4999999999999907,False,,be81df75c71dc5ab49879042ab2e38010eb54566da0fa419a47877b47a65a868
L2RAR2_R22_CANON_01_890001__T3_transport_single_contact_proxy_dropout,0,0,0.0,False,,b078b491debb78cc0cb42ba30480d016fd937e6cbc20c6d04e94a2432664726a
L2RAR2_R22_CANON_01_890001__T3_transport_single_contact_proxy_dropout,1,1,0.05,False,,93e716521e9bd32c83548dc18c8eddbc5f08fd08230551528a5fdbf82bf1ecbf
L2RAR2_R22_CANON_01_890001__T3_transport_single_contact_proxy_dropout,2,2,0.09999999999999999,False,,d72868ea1005dda34753498ae98e7738b47d2ec6ddaf9a85b688df4a093e26d9
L2RAR2_R22_CANON_01_890001__T3_transport_single_contact_proxy_dropout,3,3,0.15,False,,348374a947b9de563eaa19124e37acb30094f3d888868c9a74c2c0fc842fa8f8
L2RAR2_R22_CANON_01_890001__T3_transport_single_contact_proxy_dropout,4,4,0.20000000000000004,False,,47a86ac909bc8b9909707bcaf7d55854dd8d9f65aa8465e624765c79ace4d759
L2RAR2_R22_CANON_01_890001__T3_transport_single_contact_proxy_dropout,5,5,0.20000000000000004,False,,47a86ac909bc8b9909707bcaf7d55854dd8d9f65aa8465e624765c79ace4d759
L2RAR2_R22_CANON_01_890001__T3_transport_single_contact_proxy_dropout,6,6,0.25000000000000006,False,,b88991adfdecb5ea8a3b4c96b9b26b8d071098935c3926d61b481670efbb6de9
L2RAR2_R22_CANON_01_890001__T3_transport_single_contact_proxy_dropout,7,7,0.3000000000000001,False,,983c26dc1bc465906f3c51130ed529ac51a2c489c64bb61d2773c4eced2bd0bd
L2RAR2_R22_CANON_01_890001__T3_transport_single_contact_proxy_dropout,8,8,0.3000000000000001,False,,983c26dc1bc465906f3c51130ed529ac51a2c489c64bb61d2773c4eced2bd0bd
L2RAR2_R22_CANON_01_890001__T3_transport_single_contact_proxy_dropout,9,9,0.35000000000000014,False,,52dd540a19034536353060df9cfffa44e13fc5c740dfda6e9daefc834bf71e96
L2RAR2_R22_CANON_01_890001__T3_transport_single_contact_proxy_dropout,10,10,0.4000000000000002,False,,7b72ea191813becc860c8acacd7bf7baad0995e0d21d8d603875a22b88ab7531
L2RAR2_R22_CANON_01_890001__T3_transport_single_contact_proxy_dropout,11,11,0.45000000000000023,False,,3eee65db0171e4d86566f6b1fb25ecad577dd84f74859b236ed3ca03cb4642b4
L2RAR2_R22_CANON_01_890001__T3_transport_single_contact_proxy_dropout,12,12,0.5000000000000002,False,,e7ae355cb342c9e9ebc5fc34cfa3b610e991a8f04e5c918e21a89da7b74cdf39
L2RAR2_R22_CANON_01_890001__T3_transport_single_contact_proxy_dropout,13,13,0.5000000000000002,False,,e7ae355cb342c9e9ebc5fc34cfa3b610e991a8f04e5c918e21a89da7b74cdf39
L2RAR2_R22_CANON_01_890001__T3_transport_single_contact_proxy_dropout,14,14,0.5500000000000003,False,,612e6db7fcccb5ab8eabb1ded05c02e785705a2aabf2705e579e45beb83ff88c
L2RAR2_R22_CANON_01_890001__T3_transport_single_contact_proxy_dropout,15,15,0.6000000000000003,False,,a18ae1d30b709074a2c24fdc37bba593a993c5526aa9e332a81fcf9e663e5066
L2RAR2_R22_CANON_01_890001__T3_transport_single_contact_proxy_dropout,16,16,0.6500000000000004,False,,4fa609f0fbff7e5e2faf7809f98e57338be10f3b40c5630951d213a9b3f54adf
L2RAR2_R22_CANON_01_890001__T3_transport_single_contact_proxy_dropout,17,17,0.7000000000000004,False,,af688a150ba57c7de87e2cea9c1ca53fb0b1de2995b30eb6a88d5e510d8da1eb
L2RAR2_R22_CANON_01_890001__T3_transport_single_contact_proxy_dropout,18,18,0.7500000000000004,False,,5dda472c2e49f88ad3ce8f9c67fdd4c88c624746531586f1e9fac7954dc71dfa
L2RAR2_R22_CANON_01_890001__T3_transport_single_contact_proxy_dropout,19,19,0.8000000000000005,False,,bc091247673b2a762610b9fdebb44c38bfc3210a1d547d0ddc5e1877f4da4514
L2RAR2_R22_CANON_01_890001__T3_transport_single_contact_proxy_dropout,20,20,0.8500000000000005,False,,a1ce1c6fd0eafd3ad2b6f9e1c72b3e0791a703c85f6c064492d2f72728ef9e9d
L2RAR2_R22_CANON_01_890001__T3_transport_single_contact_proxy_dropout,21,21,0.9000000000000006,False,,1e11e4af679217da2d8c3c649b27450a69342b73f106db7897562a4d8128e198
L2RAR2_R22_CANON_01_890001__T3_transport_single_contact_proxy_dropout,22,22,0.9500000000000006,False,,768f620ce71404e38aa725e557cafbc53caebf2f0edc0a250c3b1dd45e292c22
L2RAR2_R22_CANON_01_890001__T3_transport_single_contact_proxy_dropout,23,23,1.0000000000000007,False,,768f620ce71404e38aa725e557cafbc53caebf2f0edc0a250c3b1dd45e292c22
L2RAR2_R22_CANON_01_890001__T3_transport_single_contact_proxy_dropout,24,24,1.0500000000000007,False,,007e631b0cfafdb774879849716a9aaf86dd940b18435a851932cb6ef7b7c7cb
L2RAR2_R22_CANON_01_890001__T3_transport_single_contact_proxy_dropout,25,25,1.1000000000000008,False,,007e631b0cfafdb774879849716a9aaf86dd940b18435a851932cb6ef7b7c7cb
L2RAR2_R22_CANON_01_890001__T3_transport_single_contact_proxy_dropout,26,26,1.1500000000000008,False,,08e72128e207dd60f02c0a59dbf5eba760eb03767ad939efa746d88ed6563447
L2RAR2_R22_CANON_01_890001__T3_transport_single_contact_proxy_dropout,27,27,1.2000000000000008,False,,7f50a96894fcb06059911642319def94eddb609129a80661b2664139e11ad4d1
L2RAR2_R22_CANON_01_890001__T3_transport_single_contact_proxy_dropout,28,28,1.2500000000000009,False,,61243020c1562bda8563ea78b61f8d3fdb12fbc5a586043578d1da377313017d
L2RAR2_R22_CANON_01_890001__T3_transport_single_contact_proxy_dropout,29,29,1.300000000000001,False,T3_SINGLE_FALSE,b248b0af072ffa97aab7344a883f7b89931dc48034813dd73ba3a06a33045f1d
L2RAR2_R22_CANON_01_890001__T3_transport_single_contact_proxy_dropout,30,30,1.350000000000001,False,,52f784c8bc93b072a9c8d5646e68acaba70a79ecdc82df4f770c79b732fbb27f
L2RAR2_R22_CANON_01_890001__T3_transport_single_contact_proxy_dropout,31,31,1.400000000000001,False,,b769eb35275b894608bd6ef6c4ea1cd0e9b8f81caa750fafc5fa4b895b0e9c37
L2RAR2_R22_CANON_01_890001__T3_transport_single_contact_proxy_dropout,32,32,1.450000000000001,False,,39de92879dd62bc6f3ed3f9f3464acebf0e65df836e9c747f83b055f590dc7b6
L2RAR2_R22_CANON_01_890001__T3_transport_single_contact_proxy_dropout,33,33,1.500000000000001,False,,1f2ccd8ebcc84046f3dce9390b224ab6a370b867853177a44676f7822cc9648c
L2RAR2_R22_CANON_01_890001__T3_transport_single_contact_proxy_dropout,34,34,1.500000000000001,False,,1f2ccd8ebcc84046f3dce9390b224ab6a370b867853177a44676f7822cc9648c
L2RAR2_R22_CANON_01_890001__T3_transport_single_contact_proxy_dropout,35,35,1.5500000000000012,False,,05bb8dbfd00f31b996195f49ed0712bf41d2767f8eb24ad9bc66ad8b6d77d768
L2RAR2_R22_CANON_01_890001__T3_transport_single_contact_proxy_dropout,36,36,1.6000000000000012,False,,c88675031a0d669d0c153152aa3298c822f6f75de5e7dc785935f489cea81330
L2RAR2_R22_CANON_01_890001__T3_transport_single_contact_proxy_dropout,37,37,1.6500000000000012,False,,c2c5aff621a007c5b4879b219d638634d6b5a8d5d530f2a35cc6fea0a917ff8f
L2RAR2_R22_CANON_01_890001__T3_transport_single_contact_proxy_dropout,38,38,1.7000000000000013,False,,ffd15225e94ee14f32f0e6bf7b0fcd30e1bdda817f9d8f56cfdcd3be80c1232b
L2RAR2_R22_CANON_01_890001__T3_transport_single_contact_proxy_dropout,39,39,1.7500000000000013,False,,9b234bf1da83923b2645f36f4204d8036c9f7017fbda48325b27adcd161da22b
L2RAR2_R22_CANON_01_890001__T3_transport_single_contact_proxy_dropout,40,40,1.8000000000000014,False,,adda9a672fbc75a3d1b72f149ce2d2d52bb0f55ae936bc05f4d5cab87a3466c6
L2RAR2_R22_CANON_01_890001__T3_transport_single_contact_proxy_dropout,41,41,1.8500000000000014,False,,e2d6e9ec3f900ee98d8e22c6eea5a2e2d940eb6f295d4fba1fcfa6508e554a84
L2RAR2_R22_CANON_01_890001__T3_transport_single_contact_proxy_dropout,42,42,1.9000000000000015,False,,0d21564ee408f964934a8a3ac0825bf18d3b8e19e10cff679495e8267e29dc2f
L2RAR2_R22_CANON_01_890001__T3_transport_single_contact_proxy_dropout,43,43,1.9500000000000015,False,,480a3ac4ed704ae308d976a60281e46f6cd32f6fd621ab0bfe760c3538338ab2
L2RAR2_R22_CANON_01_890001__T3_transport_single_contact_proxy_dropout,44,44,2.0000000000000013,False,,21b413050032aa3a7876b80f1145004690ab9e444b57dd40aaca417eea9218f4
L2RAR2_R22_CANON_01_890001__T3_transport_single_contact_proxy_dropout,45,45,2.0500000000000003,False,,35504e860101f450a62ded2a339edab8597f65f41100755b0846a8060ba0fc78
L2RAR2_R22_CANON_01_890001__T3_transport_single_contact_proxy_dropout,46,46,2.099999999999999,False,,0c23e86d6f7e5e0a0d3c3165af463e8701c1373d6ceb4df86f8a19386c07821c
L2RAR2_R22_CANON_01_890001__T3_transport_single_contact_proxy_dropout,47,47,2.149999999999998,False,,aa5c0e5dd8c31e6d308914d35da165bb24e86a3cf2307fbe4d046775bd8f9353
L2RAR2_R22_CANON_01_890001__T3_transport_single_contact_proxy_dropout,48,48,2.199999999999997,False,,aa5c0e5dd8c31e6d308914d35da165bb24e86a3cf2307fbe4d046775bd8f9353
L2RAR2_R22_CANON_01_890001__T3_transport_single_contact_proxy_dropout,49,49,2.249999999999996,False,,6f10e02bdb189c50654ea8d37965963823c2bb12a06bf99906431fb486c9e09b
L2RAR2_R22_CANON_01_890001__T3_transport_single_contact_proxy_dropout,50,50,2.299999999999995,False,,6f10e02bdb189c50654ea8d37965963823c2bb12a06bf99906431fb486c9e09b
L2RAR2_R22_CANON_01_890001__T3_transport_single_contact_proxy_dropout,51,51,2.349999999999994,False,,6f10e02bdb189c50654ea8d37965963823c2bb12a06bf99906431fb486c9e09b
L2RAR2_R22_CANON_01_890001__T3_transport_single_contact_proxy_dropout,52,52,2.399999999999993,False,,be81df75c71dc5ab49879042ab2e38010eb54566da0fa419a47877b47a65a868
L2RAR2_R22_CANON_01_890001__T3_transport_single_contact_proxy_dropout,53,53,2.4499999999999917,False,,be81df75c71dc5ab49879042ab2e38010eb54566da0fa419a47877b47a65a868
L2RAR2_R22_CANON_01_890001__T3_transport_single_contact_proxy_dropout,54,54,2.4999999999999907,False,,be81df75c71dc5ab49879042ab2e38010eb54566da0fa419a47877b47a65a868
L2RAR2_R22_CANON_01_890001__T3_transport_single_contact_proxy_dropout,55,55,2.4999999999999907,False,,be81df75c71dc5ab49879042ab2e38010eb54566da0fa419a47877b47a65a868
L2RAR2_R22_CANON_01_890001__T4_transport_same_time_contact_false_then_true,0,0,0.0,False,,b078b491debb78cc0cb42ba30480d016fd937e6cbc20c6d04e94a2432664726a
L2RAR2_R22_CANON_01_890001__T4_transport_same_time_contact_false_then_true,1,1,0.05,False,,93e716521e9bd32c83548dc18c8eddbc5f08fd08230551528a5fdbf82bf1ecbf
L2RAR2_R22_CANON_01_890001__T4_transport_same_time_contact_false_then_true,2,2,0.09999999999999999,False,,d72868ea1005dda34753498ae98e7738b47d2ec6ddaf9a85b688df4a093e26d9
L2RAR2_R22_CANON_01_890001__T4_transport_same_time_contact_false_then_true,3,3,0.15,False,,348374a947b9de563eaa19124e37acb30094f3d888868c9a74c2c0fc842fa8f8
L2RAR2_R22_CANON_01_890001__T4_transport_same_time_contact_false_then_true,4,4,0.20000000000000004,False,,47a86ac909bc8b9909707bcaf7d55854dd8d9f65aa8465e624765c79ace4d759
L2RAR2_R22_CANON_01_890001__T4_transport_same_time_contact_false_then_true,5,5,0.20000000000000004,False,,47a86ac909bc8b9909707bcaf7d55854dd8d9f65aa8465e624765c79ace4d759
L2RAR2_R22_CANON_01_890001__T4_transport_same_time_contact_false_then_true,6,6,0.25000000000000006,False,,b88991adfdecb5ea8a3b4c96b9b26b8d071098935c3926d61b481670efbb6de9
L2RAR2_R22_CANON_01_890001__T4_transport_same_time_contact_false_then_true,7,7,0.3000000000000001,False,,983c26dc1bc465906f3c51130ed529ac51a2c489c64bb61d2773c4eced2bd0bd
L2RAR2_R22_CANON_01_890001__T4_transport_same_time_contact_false_then_true,8,8,0.3000000000000001,False,,983c26dc1bc465906f3c51130ed529ac51a2c489c64bb61d2773c4eced2bd0bd
L2RAR2_R22_CANON_01_890001__T4_transport_same_time_contact_false_then_true,9,9,0.35000000000000014,False,,52dd540a19034536353060df9cfffa44e13fc5c740dfda6e9daefc834bf71e96
L2RAR2_R22_CANON_01_890001__T4_transport_same_time_contact_false_then_true,10,10,0.4000000000000002,False,,7b72ea191813becc860c8acacd7bf7baad0995e0d21d8d603875a22b88ab7531
L2RAR2_R22_CANON_01_890001__T4_transport_same_time_contact_false_then_true,11,11,0.45000000000000023,False,,3eee65db0171e4d86566f6b1fb25ecad577dd84f74859b236ed3ca03cb4642b4
L2RAR2_R22_CANON_01_890001__T4_transport_same_time_contact_false_then_true,12,12,0.5000000000000002,False,,e7ae355cb342c9e9ebc5fc34cfa3b610e991a8f04e5c918e21a89da7b74cdf39
L2RAR2_R22_CANON_01_890001__T4_transport_same_time_contact_false_then_true,13,13,0.5000000000000002,False,,e7ae355cb342c9e9ebc5fc34cfa3b610e991a8f04e5c918e21a89da7b74cdf39
L2RAR2_R22_CANON_01_890001__T4_transport_same_time_contact_false_then_true,14,14,0.5500000000000003,False,,612e6db7fcccb5ab8eabb1ded05c02e785705a2aabf2705e579e45beb83ff88c
L2RAR2_R22_CANON_01_890001__T4_transport_same_time_contact_false_then_true,15,15,0.6000000000000003,False,,a18ae1d30b709074a2c24fdc37bba593a993c5526aa9e332a81fcf9e663e5066
L2RAR2_R22_CANON_01_890001__T4_transport_same_time_contact_false_then_true,16,16,0.6500000000000004,False,,4fa609f0fbff7e5e2faf7809f98e57338be10f3b40c5630951d213a9b3f54adf
L2RAR2_R22_CANON_01_890001__T4_transport_same_time_contact_false_then_true,17,17,0.7000000000000004,False,,af688a150ba57c7de87e2cea9c1ca53fb0b1de2995b30eb6a88d5e510d8da1eb
L2RAR2_R22_CANON_01_890001__T4_transport_same_time_contact_false_then_true,18,18,0.7500000000000004,False,,5dda472c2e49f88ad3ce8f9c67fdd4c88c624746531586f1e9fac7954dc71dfa
L2RAR2_R22_CANON_01_890001__T4_transport_same_time_contact_false_then_true,19,19,0.8000000000000005,False,,bc091247673b2a762610b9fdebb44c38bfc3210a1d547d0ddc5e1877f4da4514
L2RAR2_R22_CANON_01_890001__T4_transport_same_time_contact_false_then_true,20,20,0.8500000000000005,False,,a1ce1c6fd0eafd3ad2b6f9e1c72b3e0791a703c85f6c064492d2f72728ef9e9d
L2RAR2_R22_CANON_01_890001__T4_transport_same_time_contact_false_then_true,21,21,0.9000000000000006,False,,1e11e4af679217da2d8c3c649b27450a69342b73f106db7897562a4d8128e198
L2RAR2_R22_CANON_01_890001__T4_transport_same_time_contact_false_then_true,22,22,0.9500000000000006,False,,768f620ce71404e38aa725e557cafbc53caebf2f0edc0a250c3b1dd45e292c22
L2RAR2_R22_CANON_01_890001__T4_transport_same_time_contact_false_then_true,23,23,1.0000000000000007,False,,768f620ce71404e38aa725e557cafbc53caebf2f0edc0a250c3b1dd45e292c22
L2RAR2_R22_CANON_01_890001__T4_transport_same_time_contact_false_then_true,24,24,1.0500000000000007,False,,007e631b0cfafdb774879849716a9aaf86dd940b18435a851932cb6ef7b7c7cb
L2RAR2_R22_CANON_01_890001__T4_transport_same_time_contact_false_then_true,25,25,1.1000000000000008,False,,007e631b0cfafdb774879849716a9aaf86dd940b18435a851932cb6ef7b7c7cb
L2RAR2_R22_CANON_01_890001__T4_transport_same_time_contact_false_then_true,26,26,1.1500000000000008,False,,08e72128e207dd60f02c0a59dbf5eba760eb03767ad939efa746d88ed6563447
L2RAR2_R22_CANON_01_890001__T4_transport_same_time_contact_false_then_true,27,27,1.2000000000000008,False,,7f50a96894fcb06059911642319def94eddb609129a80661b2664139e11ad4d1
L2RAR2_R22_CANON_01_890001__T4_transport_same_time_contact_false_then_true,28,28,1.2500000000000009,False,,61243020c1562bda8563ea78b61f8d3fdb12fbc5a586043578d1da377313017d
L2RAR2_R22_CANON_01_890001__T4_transport_same_time_contact_false_then_true,29,29,1.300000000000001,False,T4_FALSE_A,b248b0af072ffa97aab7344a883f7b89931dc48034813dd73ba3a06a33045f1d
L2RAR2_R22_CANON_01_890001__T4_transport_same_time_contact_false_then_true,29,30,1.300000000000001,True,T4_TRUE_B,b248b0af072ffa97aab7344a883f7b89931dc48034813dd73ba3a06a33045f1d
L2RAR2_R22_CANON_01_890001__T4_transport_same_time_contact_false_then_true,30,31,1.350000000000001,False,,52f784c8bc93b072a9c8d5646e68acaba70a79ecdc82df4f770c79b732fbb27f
L2RAR2_R22_CANON_01_890001__T4_transport_same_time_contact_false_then_true,31,32,1.400000000000001,False,,b769eb35275b894608bd6ef6c4ea1cd0e9b8f81caa750fafc5fa4b895b0e9c37
L2RAR2_R22_CANON_01_890001__T4_transport_same_time_contact_false_then_true,32,33,1.450000000000001,False,,39de92879dd62bc6f3ed3f9f3464acebf0e65df836e9c747f83b055f590dc7b6
L2RAR2_R22_CANON_01_890001__T4_transport_same_time_contact_false_then_true,33,34,1.500000000000001,False,,1f2ccd8ebcc84046f3dce9390b224ab6a370b867853177a44676f7822cc9648c
L2RAR2_R22_CANON_01_890001__T4_transport_same_time_contact_false_then_true,34,35,1.500000000000001,False,,1f2ccd8ebcc84046f3dce9390b224ab6a370b867853177a44676f7822cc9648c
L2RAR2_R22_CANON_01_890001__T4_transport_same_time_contact_false_then_true,35,36,1.5500000000000012,False,,05bb8dbfd00f31b996195f49ed0712bf41d2767f8eb24ad9bc66ad8b6d77d768
L2RAR2_R22_CANON_01_890001__T4_transport_same_time_contact_false_then_true,36,37,1.6000000000000012,False,,c88675031a0d669d0c153152aa3298c822f6f75de5e7dc785935f489cea81330
L2RAR2_R22_CANON_01_890001__T4_transport_same_time_contact_false_then_true,37,38,1.6500000000000012,False,,c2c5aff621a007c5b4879b219d638634d6b5a8d5d530f2a35cc6fea0a917ff8f
L2RAR2_R22_CANON_01_890001__T4_transport_same_time_contact_false_then_true,38,39,1.7000000000000013,False,,ffd15225e94ee14f32f0e6bf7b0fcd30e1bdda817f9d8f56cfdcd3be80c1232b
L2RAR2_R22_CANON_01_890001__T4_transport_same_time_contact_false_then_true,39,40,1.7500000000000013,False,,9b234bf1da83923b2645f36f4204d8036c9f7017fbda48325b27adcd161da22b
L2RAR2_R22_CANON_01_890001__T4_transport_same_time_contact_false_then_true,40,41,1.8000000000000014,False,,adda9a672fbc75a3d1b72f149ce2d2d52bb0f55ae936bc05f4d5cab87a3466c6
L2RAR2_R22_CANON_01_890001__T4_transport_same_time_contact_false_then_true,41,42,1.8500000000000014,False,,e2d6e9ec3f900ee98d8e22c6eea5a2e2d940eb6f295d4fba1fcfa6508e554a84
L2RAR2_R22_CANON_01_890001__T4_transport_same_time_contact_false_then_true,42,43,1.9000000000000015,False,,0d21564ee408f964934a8a3ac0825bf18d3b8e19e10cff679495e8267e29dc2f
L2RAR2_R22_CANON_01_890001__T4_transport_same_time_contact_false_then_true,43,44,1.9500000000000015,False,,480a3ac4ed704ae308d976a60281e46f6cd32f6fd621ab0bfe760c3538338ab2
L2RAR2_R22_CANON_01_890001__T4_transport_same_time_contact_false_then_true,44,45,2.0000000000000013,False,,21b413050032aa3a7876b80f1145004690ab9e444b57dd40aaca417eea9218f4
L2RAR2_R22_CANON_01_890001__T4_transport_same_time_contact_false_then_true,45,46,2.0500000000000003,False,,35504e860101f450a62ded2a339edab8597f65f41100755b0846a8060ba0fc78
L2RAR2_R22_CANON_01_890001__T4_transport_same_time_contact_false_then_true,46,47,2.099999999999999,False,,0c23e86d6f7e5e0a0d3c3165af463e8701c1373d6ceb4df86f8a19386c07821c
L2RAR2_R22_CANON_01_890001__T4_transport_same_time_contact_false_then_true,47,48,2.149999999999998,False,,aa5c0e5dd8c31e6d308914d35da165bb24e86a3cf2307fbe4d046775bd8f9353
L2RAR2_R22_CANON_01_890001__T4_transport_same_time_contact_false_then_true,48,49,2.199999999999997,False,,aa5c0e5dd8c31e6d308914d35da165bb24e86a3cf2307fbe4d046775bd8f9353
L2RAR2_R22_CANON_01_890001__T4_transport_same_time_contact_false_then_true,49,50,2.249999999999996,False,,6f10e02bdb189c50654ea8d37965963823c2bb12a06bf99906431fb486c9e09b
L2RAR2_R22_CANON_01_890001__T4_transport_same_time_contact_false_then_true,50,51,2.299999999999995,False,,6f10e02bdb189c50654ea8d37965963823c2bb12a06bf99906431fb486c9e09b
L2RAR2_R22_CANON_01_890001__T4_transport_same_time_contact_false_then_true,51,52,2.349999999999994,False,,6f10e02bdb189c50654ea8d37965963823c2bb12a06bf99906431fb486c9e09b
L2RAR2_R22_CANON_01_890001__T4_transport_same_time_contact_false_then_true,52,53,2.399999999999993,False,,be81df75c71dc5ab49879042ab2e38010eb54566da0fa419a47877b47a65a868
L2RAR2_R22_CANON_01_890001__T4_transport_same_time_contact_false_then_true,53,54,2.4499999999999917,False,,be81df75c71dc5ab49879042ab2e38010eb54566da0fa419a47877b47a65a868
L2RAR2_R22_CANON_01_890001__T4_transport_same_time_contact_false_then_true,54,55,2.4999999999999907,False,,be81df75c71dc5ab49879042ab2e38010eb54566da0fa419a47877b47a65a868
L2RAR2_R22_CANON_01_890001__T4_transport_same_time_contact_false_then_true,55,56,2.4999999999999907,False,,be81df75c71dc5ab49879042ab2e38010eb54566da0fa419a47877b47a65a868
L2RAR2_R22_CANON_01_890001__T7_transport_strong_phase_00ms,0,0,0.0,False,,b078b491debb78cc0cb42ba30480d016fd937e6cbc20c6d04e94a2432664726a
L2RAR2_R22_CANON_01_890001__T7_transport_strong_phase_00ms,1,1,0.05,False,,93e716521e9bd32c83548dc18c8eddbc5f08fd08230551528a5fdbf82bf1ecbf
L2RAR2_R22_CANON_01_890001__T7_transport_strong_phase_00ms,2,2,0.09999999999999999,False,,d72868ea1005dda34753498ae98e7738b47d2ec6ddaf9a85b688df4a093e26d9
L2RAR2_R22_CANON_01_890001__T7_transport_strong_phase_00ms,3,3,0.15,False,,348374a947b9de563eaa19124e37acb30094f3d888868c9a74c2c0fc842fa8f8
L2RAR2_R22_CANON_01_890001__T7_transport_strong_phase_00ms,4,4,0.20000000000000004,False,,47a86ac909bc8b9909707bcaf7d55854dd8d9f65aa8465e624765c79ace4d759
L2RAR2_R22_CANON_01_890001__T7_transport_strong_phase_00ms,5,5,0.20000000000000004,False,,47a86ac909bc8b9909707bcaf7d55854dd8d9f65aa8465e624765c79ace4d759
L2RAR2_R22_CANON_01_890001__T7_transport_strong_phase_00ms,6,6,0.25000000000000006,False,,b88991adfdecb5ea8a3b4c96b9b26b8d071098935c3926d61b481670efbb6de9
L2RAR2_R22_CANON_01_890001__T7_transport_strong_phase_00ms,7,7,0.3000000000000001,False,,983c26dc1bc465906f3c51130ed529ac51a2c489c64bb61d2773c4eced2bd0bd
L2RAR2_R22_CANON_01_890001__T7_transport_strong_phase_00ms,8,8,0.3000000000000001,False,,983c26dc1bc465906f3c51130ed529ac51a2c489c64bb61d2773c4eced2bd0bd
L2RAR2_R22_CANON_01_890001__T7_transport_strong_phase_00ms,9,9,0.35000000000000014,False,,52dd540a19034536353060df9cfffa44e13fc5c740dfda6e9daefc834bf71e96
L2RAR2_R22_CANON_01_890001__T7_transport_strong_phase_00ms,10,10,0.4000000000000002,False,,7b72ea191813becc860c8acacd7bf7baad0995e0d21d8d603875a22b88ab7531
L2RAR2_R22_CANON_01_890001__T7_transport_strong_phase_00ms,11,11,0.45000000000000023,False,,3eee65db0171e4d86566f6b1fb25ecad577dd84f74859b236ed3ca03cb4642b4
L2RAR2_R22_CANON_01_890001__T7_transport_strong_phase_00ms,12,12,0.5000000000000002,False,,e7ae355cb342c9e9ebc5fc34cfa3b610e991a8f04e5c918e21a89da7b74cdf39
L2RAR2_R22_CANON_01_890001__T7_transport_strong_phase_00ms,13,13,0.5000000000000002,False,,e7ae355cb342c9e9ebc5fc34cfa3b610e991a8f04e5c918e21a89da7b74cdf39
L2RAR2_R22_CANON_01_890001__T7_transport_strong_phase_00ms,14,14,0.5500000000000003,False,,612e6db7fcccb5ab8eabb1ded05c02e785705a2aabf2705e579e45beb83ff88c
L2RAR2_R22_CANON_01_890001__T7_transport_strong_phase_00ms,15,15,0.6000000000000003,False,,a18ae1d30b709074a2c24fdc37bba593a993c5526aa9e332a81fcf9e663e5066
L2RAR2_R22_CANON_01_890001__T7_transport_strong_phase_00ms,16,16,0.6500000000000004,False,,4fa609f0fbff7e5e2faf7809f98e57338be10f3b40c5630951d213a9b3f54adf
L2RAR2_R22_CANON_01_890001__T7_transport_strong_phase_00ms,17,17,0.7000000000000004,False,,af688a150ba57c7de87e2cea9c1ca53fb0b1de2995b30eb6a88d5e510d8da1eb
L2RAR2_R22_CANON_01_890001__T7_transport_strong_phase_00ms,18,18,0.7500000000000004,False,,5dda472c2e49f88ad3ce8f9c67fdd4c88c624746531586f1e9fac7954dc71dfa
L2RAR2_R22_CANON_01_890001__T7_transport_strong_phase_00ms,19,19,0.8000000000000005,False,,bc091247673b2a762610b9fdebb44c38bfc3210a1d547d0ddc5e1877f4da4514
L2RAR2_R22_CANON_01_890001__T7_transport_strong_phase_00ms,20,20,0.8500000000000005,False,,a1ce1c6fd0eafd3ad2b6f9e1c72b3e0791a703c85f6c064492d2f72728ef9e9d
L2RAR2_R22_CANON_01_890001__T7_transport_strong_phase_00ms,21,21,0.9000000000000006,False,,1e11e4af679217da2d8c3c649b27450a69342b73f106db7897562a4d8128e198
L2RAR2_R22_CANON_01_890001__T7_transport_strong_phase_00ms,22,22,0.9500000000000006,False,,768f620ce71404e38aa725e557cafbc53caebf2f0edc0a250c3b1dd45e292c22
L2RAR2_R22_CANON_01_890001__T7_transport_strong_phase_00ms,23,23,1.0000000000000007,False,,768f620ce71404e38aa725e557cafbc53caebf2f0edc0a250c3b1dd45e292c22
L2RAR2_R22_CANON_01_890001__T7_transport_strong_phase_00ms,24,24,1.0500000000000007,False,,007e631b0cfafdb774879849716a9aaf86dd940b18435a851932cb6ef7b7c7cb
L2RAR2_R22_CANON_01_890001__T7_transport_strong_phase_00ms,25,25,1.1000000000000008,False,,007e631b0cfafdb774879849716a9aaf86dd940b18435a851932cb6ef7b7c7cb
L2RAR2_R22_CANON_01_890001__T7_transport_strong_phase_00ms,26,26,1.1500000000000008,False,,08e72128e207dd60f02c0a59dbf5eba760eb03767ad939efa746d88ed6563447
L2RAR2_R22_CANON_01_890001__T7_transport_strong_phase_00ms,27,27,1.2000000000000008,False,,7f50a96894fcb06059911642319def94eddb609129a80661b2664139e11ad4d1
L2RAR2_R22_CANON_01_890001__T7_transport_strong_phase_00ms,28,28,1.2500000000000009,False,,61243020c1562bda8563ea78b61f8d3fdb12fbc5a586043578d1da377313017d
L2RAR2_R22_CANON_01_890001__T7_transport_strong_phase_00ms,29,29,1.300000000000001,False,,b248b0af072ffa97aab7344a883f7b89931dc48034813dd73ba3a06a33045f1d
L2RAR2_R22_CANON_01_890001__T7_transport_strong_phase_00ms,30,30,1.350000000000001,False,,34fdb954ad0c0405eec1a18f9ceb1e8818baabb73e7f2dd19673842f7c9e3c4a
L2RAR2_R22_CANON_01_890001__T7_transport_strong_phase_00ms,31,31,1.400000000000001,False,,f4a3070fc66cdd0ebc659ff85c143643073baf16d933a33274fd8cff33032ff8
L2RAR2_R22_CANON_01_890001__T7_transport_strong_phase_00ms,32,32,1.450000000000001,False,,5a60914fd0fdc5aed010976379d37779851ec3193165a6c72918f83e093ecf59
L2RAR2_R22_CANON_01_890001__T7_transport_strong_phase_00ms,33,33,1.500000000000001,False,,bbfc29f1190641683f617fcb9d4ad8611a3fefe922710d7ac1c8d3d6d72783c6
L2RAR2_R22_CANON_01_890001__T7_transport_strong_phase_00ms,34,34,1.500000000000001,False,,eecb8ff76b2c9fd4705efe80e40e7d971e5b2d02b58a626c25f5b8c367ee3685
L2RAR2_R22_CANON_01_890001__T7_transport_strong_phase_00ms,35,35,1.5500000000000012,False,,b45193d306eaae688f0cc29f311359719125f179b9b918dfe8b3802445c26245
L2RAR2_R22_CANON_01_890001__T7_transport_strong_phase_00ms,36,36,1.6000000000000012,False,,0f4d7d12d9b68d4fde9d69f6892ee4a0d387ec44d84c8a6ed8b1b4fda44b88d9
L2RAR2_R22_CANON_01_890001__T7_transport_strong_phase_00ms,37,37,1.6500000000000012,False,,98b831730acb4312a7e8f901baf735beb5e02091cbf26ef09a00562c2f6642b6
L2RAR2_R22_CANON_01_890001__T7_transport_strong_phase_00ms,38,38,1.7000000000000013,False,,a70d62be63008a3c6f6bbad7d959543e7c71ee203202813982d2e9702aec3602
L2RAR2_R22_CANON_01_890001__T7_transport_strong_phase_00ms,39,39,1.7000000000000013,False,,a70d62be63008a3c6f6bbad7d959543e7c71ee203202813982d2e9702aec3602
L2RAR2_R22_CANON_01_890001__T7_transport_strong_phase_00ms,40,40,1.7500000000000013,False,,2bb80ee57fa55ed0180e3aeb6a3a4cb76737ee39bb97472c0a2a8b9d46b7ee7e
L2RAR2_R22_CANON_01_890001__T7_transport_strong_phase_00ms,41,41,1.8000000000000014,False,,4aa071da5d17a6d89cc6b9fb3b8aef6be791ae59639d03878543ac846430278d
L2RAR2_R22_CANON_01_890001__T7_transport_strong_phase_00ms,42,42,1.8500000000000014,False,,b2d4b274c1b3d9d222f8c9518b86cfd94f6fd5520e9e77ef62290976e1f98a74
L2RAR2_R22_CANON_01_890001__T7_transport_strong_phase_00ms,43,43,1.9000000000000015,False,,e6101fc8467931c260184f88a4bf458a814d93d4721d36290b24c1c5a95ffba2
L2RAR2_R22_CANON_01_890001__T7_transport_strong_phase_00ms,44,44,1.9500000000000015,False,,e1a7b816ab13c3c7983229d7bc7bdb9a866e9a98b5245311917909459ea0c039
L2RAR2_R22_CANON_01_890001__T7_transport_strong_phase_00ms,45,45,2.0000000000000013,False,,0269637c6b4368d958103facc18a2323f14b5dda7cb799d693ae5e354ce6c90c
L2RAR2_R22_CANON_01_890001__T7_transport_strong_phase_00ms,46,46,2.0500000000000003,False,,8154c6411171242bf6adabeb4cc51f5f3416ec8e79ad94bc2add8d3e9fb289b9
L2RAR2_R22_CANON_01_890001__T7_transport_strong_phase_00ms,47,47,2.099999999999999,False,,03c4c639b93fa873b3277491b681944fa6c8bc35fc1fa1e7ca59ca8bb02ac889
L2RAR2_R22_CANON_01_890001__T7_transport_strong_phase_00ms,48,48,2.149999999999998,False,,f9a7e0791f4672317db1c56b3ea3f93f6487a4d689f60972c92fcd4081ec2a62
L2RAR2_R22_CANON_01_890001__T7_transport_strong_phase_00ms,49,49,2.199999999999997,False,,f0d73a36538b9dcbe408336220cbad426339e1fe034addd2fc9252f5bb04be2c
L2RAR2_R22_CANON_01_890001__T7_transport_strong_phase_00ms,50,50,2.249999999999996,False,,87eb8e3b887ab5874207021e5e2c206eb3d51e7239dcafc33b33c5d653ddff8f
L2RAR2_R22_CANON_01_890001__T7_transport_strong_phase_00ms,51,51,2.299999999999995,False,,6a57d92b701502f673d021040918cd9dc7b7b6389d5c373574d70de9000f9bcd
L2RAR2_R22_CANON_01_890001__T7_transport_strong_phase_00ms,52,52,2.349999999999994,False,,8e70be517236022871427cf4305988ea608d6c49692a366b86cc243580969249
L2RAR2_R22_CANON_01_890001__T7_transport_strong_phase_00ms,53,53,2.399999999999993,False,,3c564c660abff7e69df2eba9216f6d037b1d989db9482b458f2ff7cc7cf693a6
L2RAR2_R22_CANON_01_890001__T7_transport_strong_phase_00ms,54,54,2.4499999999999917,False,,31a4811fe023bb8a3ff24b361cc7d41132b5de06bd068a9e531540c5aa3cf0ec
L2RAR2_R22_CANON_01_890001__T7_transport_strong_phase_00ms,55,55,2.4999999999999907,False,,688e37d5279ec69a6b5a9a046aec5aebedf6045f356dc192ea64a432237e7210
L2RAR2_R22_CANON_01_890001__T7_transport_strong_phase_00ms,56,56,2.5499999999999896,False,,155cc59e18772088719fbed1c4d562e1a8e9329622dba90fae82402978673d72
L2RAR2_R22_CANON_01_890001__T7_transport_strong_phase_00ms,57,57,2.5999999999999885,False,,587a587cc606c51bb6f032afcb89ede35f7cec4d2fb3617f6dace24d6d3cde92
L2RAR2_R22_CANON_01_890001__T7_transport_strong_phase_00ms,58,58,2.6499999999999875,False,,cb04f70b6d0a0aee23b95388a303beb04268eb1f9b4dc8d93a74357dfa835b2a
L2RAR2_R22_CANON_01_890001__T7_transport_strong_phase_00ms,59,59,2.6999999999999864,False,,724297812016381f4ba5eaf8cb23fcba69d99260c2c6c71e826d0fc994ec3a0c
L2RAR2_R22_CANON_01_890001__T7_transport_strong_phase_00ms,60,60,2.6999999999999864,False,,724297812016381f4ba5eaf8cb23fcba69d99260c2c6c71e826d0fc994ec3a0c
L2RAR2_R22_CANON_02_890002__T11_transport_strong_phase_40ms_rgb_dropout,0,0,0.0,False,,82ba1bb7ce292f28765fed0e30c23b429273743c67f1920adad2ebffdeebb6ec
L2RAR2_R22_CANON_02_890002__T11_transport_strong_phase_40ms_rgb_dropout,1,1,0.05,False,,d3209236857ff14eceef090bb657105984df5b5b6bd84a370a9db9dcfda13bd0
L2RAR2_R22_CANON_02_890002__T11_transport_strong_phase_40ms_rgb_dropout,2,2,0.09999999999999999,False,,7ae683d6010b59d231a9ff82715325abc6d3b5ec6838e1af26f4b71203068b4f
L2RAR2_R22_CANON_02_890002__T11_transport_strong_phase_40ms_rgb_dropout,3,3,0.15,False,,90a0ecf8e718f5403ad9f2d6fe94423289439a00bf6b16b5e168b69bcca71119
L2RAR2_R22_CANON_02_890002__T11_transport_strong_phase_40ms_rgb_dropout,4,4,0.20000000000000004,False,,b3d41b43d3f91a7c9afa1a1ed2636f1c9f12cc06ace9ccaa35f492fcd0f0a9ef
L2RAR2_R22_CANON_02_890002__T11_transport_strong_phase_40ms_rgb_dropout,5,5,0.20000000000000004,False,,b3d41b43d3f91a7c9afa1a1ed2636f1c9f12cc06ace9ccaa35f492fcd0f0a9ef
L2RAR2_R22_CANON_02_890002__T11_transport_strong_phase_40ms_rgb_dropout,6,6,0.25000000000000006,False,,0952e07b64c495c92deda43444c86cc373394d937042f10dc2070fa790ea3665
L2RAR2_R22_CANON_02_890002__T11_transport_strong_phase_40ms_rgb_dropout,7,7,0.3000000000000001,False,,ca17cee4c3f1e5144810df0562249d7a0730cca96601453abe7520af35f30295
L2RAR2_R22_CANON_02_890002__T11_transport_strong_phase_40ms_rgb_dropout,8,8,0.3000000000000001,False,,ca17cee4c3f1e5144810df0562249d7a0730cca96601453abe7520af35f30295
L2RAR2_R22_CANON_02_890002__T11_transport_strong_phase_40ms_rgb_dropout,9,9,0.35000000000000014,False,,99fba13a5c7e60f4523e3433850bb899e75d535590d4a21b96e2d596b9012026
L2RAR2_R22_CANON_02_890002__T11_transport_strong_phase_40ms_rgb_dropout,10,10,0.4000000000000002,False,,9bbd32b266971b29f8511ea250811e0581188a7c8fd95f5e8a0ca04278625353
L2RAR2_R22_CANON_02_890002__T11_transport_strong_phase_40ms_rgb_dropout,11,11,0.45000000000000023,False,,1f0af4399e23394862cc2da375108edf6f46060128219d95c69b0040ba9d6b98
L2RAR2_R22_CANON_02_890002__T11_transport_strong_phase_40ms_rgb_dropout,12,12,0.5000000000000002,False,,51a1d7474896aabc5505fc094f57dc8fc3f65d56dcacc89bd5c7d02a826fa2ee
L2RAR2_R22_CANON_02_890002__T11_transport_strong_phase_40ms_rgb_dropout,13,13,0.5000000000000002,False,,51a1d7474896aabc5505fc094f57dc8fc3f65d56dcacc89bd5c7d02a826fa2ee
L2RAR2_R22_CANON_02_890002__T11_transport_strong_phase_40ms_rgb_dropout,14,14,0.5500000000000003,False,,f2a87b87ae501bf98bf09e5c888a6d8220421403bbaee9d5fefcbe3bfd2a3768
L2RAR2_R22_CANON_02_890002__T11_transport_strong_phase_40ms_rgb_dropout,15,15,0.6000000000000003,False,,2dfab522a876dc1e5f9940dedd71be8d2743bf4a91bd8f89796f4ad4e81fc28a
L2RAR2_R22_CANON_02_890002__T11_transport_strong_phase_40ms_rgb_dropout,16,16,0.6500000000000004,False,,ece14c652b219df4525c6fbddfdd8168ed73dab2a38534bc360e212c433febd0
L2RAR2_R22_CANON_02_890002__T11_transport_strong_phase_40ms_rgb_dropout,17,17,0.7000000000000004,False,,631527b8fecf3a1ee53e1bf42d03ee4e5ad55fb68cee2764790b2f28ccafc771
L2RAR2_R22_CANON_02_890002__T11_transport_strong_phase_40ms_rgb_dropout,18,18,0.7500000000000004,False,,11e31644a164f4af17a9a3a0c365d544bdd61ff8096eb76cb939ae8bfcfcfc5e
L2RAR2_R22_CANON_02_890002__T11_transport_strong_phase_40ms_rgb_dropout,19,19,0.8000000000000005,False,,c928806bc3816642dc19590aca858a03ff76634cebb0c17f34610f28306bf09e
L2RAR2_R22_CANON_02_890002__T11_transport_strong_phase_40ms_rgb_dropout,20,20,0.8500000000000005,False,,9f74bc13147d094457ade944ce8752b6ee14078f5755927e5bb4a52faa1d8a43
L2RAR2_R22_CANON_02_890002__T11_transport_strong_phase_40ms_rgb_dropout,21,21,0.9000000000000006,False,,d5301579cc54d03ada2c863da2558e2cbd3cd522e822cd8a3e6b8dd2d7e5c285
L2RAR2_R22_CANON_02_890002__T11_transport_strong_phase_40ms_rgb_dropout,22,22,0.9500000000000006,False,,fd4e531edc152043728d8eaf8f1f19ef6a5bb6610660cf1a3ab17a51b41fe69b
L2RAR2_R22_CANON_02_890002__T11_transport_strong_phase_40ms_rgb_dropout,23,23,1.0000000000000007,False,,3349c2ecbf6753d5bcc18f1fa7b1a7196f4c97876a09556f69f85d6efc32c406
L2RAR2_R22_CANON_02_890002__T11_transport_strong_phase_40ms_rgb_dropout,24,24,1.0500000000000007,False,,bc5d94e19f7f3c2b9df75e89c00ffcaa17248c74079101c48c864f3af5d61f82
L2RAR2_R22_CANON_02_890002__T11_transport_strong_phase_40ms_rgb_dropout,25,25,1.1000000000000008,False,,1538c8dc85421ad7dd47de21178f5d19a321d545309a535138b22aca61f3c9e2
L2RAR2_R22_CANON_02_890002__T11_transport_strong_phase_40ms_rgb_dropout,26,26,1.1500000000000008,False,,f93eede09e70d569ed23753b46a6f611f47467fe45ef6863c1c00b539b5e98d8
L2RAR2_R22_CANON_02_890002__T11_transport_strong_phase_40ms_rgb_dropout,27,27,1.2000000000000008,False,,f5938a523d165db200d7559b510186e74e48d442eb9ac51b62529bb93d045350
L2RAR2_R22_CANON_02_890002__T11_transport_strong_phase_40ms_rgb_dropout,28,28,1.2500000000000009,False,,077181002f1cdc107654ff6d1595b9e06783404da67fad39dcbb110723e898a4
L2RAR2_R22_CANON_02_890002__T11_transport_strong_phase_40ms_rgb_dropout,29,29,1.300000000000001,False,,9672a9f92b351b3c8051cef73201c4eb34f98fcd731ef8e2995d6c241436a2f9
L2RAR2_R22_CANON_02_890002__T11_transport_strong_phase_40ms_rgb_dropout,30,30,1.350000000000001,False,,207248fc30066637e85b8cea68f1a293f41628ff28378bf876d018beef53848b
L2RAR2_R22_CANON_02_890002__T11_transport_strong_phase_40ms_rgb_dropout,31,31,1.400000000000001,False,,9fb56495a8710baf9de43d6fe1d22a872ff6c4efd1b0e8d2fb5fbaabec6a6cd3
L2RAR2_R22_CANON_02_890002__T11_transport_strong_phase_40ms_rgb_dropout,32,32,1.450000000000001,False,,
L2RAR2_R22_CANON_02_890002__T11_transport_strong_phase_40ms_rgb_dropout,33,33,1.500000000000001,False,,
L2RAR2_R22_CANON_02_890002__T11_transport_strong_phase_40ms_rgb_dropout,34,34,1.5400000000000011,False,,02fc1ae531e13f5d660e26d75bd437a5fd39be806ea422ccb87274fdfdc86741
L2RAR2_R22_CANON_02_890002__T11_transport_strong_phase_40ms_rgb_dropout,35,35,1.5500000000000012,False,,
L2RAR2_R22_CANON_02_890002__T11_transport_strong_phase_40ms_rgb_dropout,36,36,1.6000000000000012,False,,aa6c2586ba514363c0d6bf0841d1b22a24fcdc765d1cbaa0c9fb9fc4fe96a8a2
L2RAR2_R22_CANON_02_890002__T11_transport_strong_phase_40ms_rgb_dropout,37,37,1.6500000000000012,False,,196050668777cc3535ec953587fda8a6893a672122ddda73a812fa9f94e54caf
L2RAR2_R22_CANON_02_890002__T11_transport_strong_phase_40ms_rgb_dropout,38,38,1.7000000000000013,False,,31864a2be3edb2019982bb9b3e0d54308b562c6b51afe9934b01076f635d5cb5
L2RAR2_R22_CANON_02_890002__T11_transport_strong_phase_40ms_rgb_dropout,39,39,1.7400000000000013,False,,2ebe76f1e43e5f0d4485faaca0e00db836ff89a62cb181703af6fde738b1ff4e
L2RAR2_R22_CANON_02_890002__T11_transport_strong_phase_40ms_rgb_dropout,40,40,1.7500000000000013,False,,d9b50c87fd3da6552c5c75f011c3e3e51a0e8802937545ff922c5c4e62f0fb9f
L2RAR2_R22_CANON_02_890002__T11_transport_strong_phase_40ms_rgb_dropout,41,41,1.8000000000000014,False,,449068a2f8f6f2c88ff3bc632205ea0f9022e93e7e0725978239f2d70f994c1f
L2RAR2_R22_CANON_02_890002__T11_transport_strong_phase_40ms_rgb_dropout,42,42,1.8500000000000014,False,,758352878550faf0012dc48c91ec8f2ee4f29ae7fe3fa963c75cc5a87776c121
L2RAR2_R22_CANON_02_890002__T11_transport_strong_phase_40ms_rgb_dropout,43,43,1.9000000000000015,False,,1b8a91f064442ca68dfc9dc9d17d53a8084798580d901c258c79380bf2a9eee4
L2RAR2_R22_CANON_02_890002__T11_transport_strong_phase_40ms_rgb_dropout,44,44,1.9500000000000015,False,,75fa2e5fffec00dd04c96cc7fead958b5bc08c05b3ee877b4812e87baa2bdeb1
L2RAR2_R22_CANON_02_890002__T11_transport_strong_phase_40ms_rgb_dropout,45,45,2.0000000000000013,False,,7bd254f4d09e39b8cf333b1563f381446087ad640b43e1362d938d7a14afef8f
L2RAR2_R22_CANON_02_890002__T11_transport_strong_phase_40ms_rgb_dropout,46,46,2.0500000000000003,False,,a01c27f8dc89ac69cc42d7f03cc3fd86a9dd893df037d7a58c90a51efb6a1ea7
L2RAR2_R22_CANON_02_890002__T11_transport_strong_phase_40ms_rgb_dropout,47,47,2.099999999999999,False,,b86f16111f660c75f3e7e075e11b4dcb14e44fd159ea9e54e31f89c402987a2b
L2RAR2_R22_CANON_02_890002__T11_transport_strong_phase_40ms_rgb_dropout,48,48,2.149999999999998,False,,e138df20cbac3a2a38b5345306e28e926f765732170d6a0f8ecce5f2de7063fe
L2RAR2_R22_CANON_02_890002__T11_transport_strong_phase_40ms_rgb_dropout,49,49,2.199999999999997,False,,6d0b3f77f3b418548cacfde290ff3fea9d0cede8b759101dba0310741018aa94
L2RAR2_R22_CANON_02_890002__T11_transport_strong_phase_40ms_rgb_dropout,50,50,2.249999999999996,False,,212e79f05b5f7294ee9b53c4b7a5af8e12c73d838856b5616d51f61522e31be7
L2RAR2_R22_CANON_02_890002__T11_transport_strong_phase_40ms_rgb_dropout,51,51,2.299999999999995,False,,2bf6a02927cdb84789d3b636ad804ffb54693613c7ff9db318487c57f6b97eb7
L2RAR2_R22_CANON_02_890002__T11_transport_strong_phase_40ms_rgb_dropout,52,52,2.349999999999994,False,,a7bc93f7706f89f6f9df98f058cb30289469c1caaffe9ad7aa2eaa67de284da1
L2RAR2_R22_CANON_02_890002__T11_transport_strong_phase_40ms_rgb_dropout,53,53,2.399999999999993,False,,e1724fa286f562cc59b88900cecfdb55e06acf3e196b5cb3892071e4b5f483af
L2RAR2_R22_CANON_02_890002__T11_transport_strong_phase_40ms_rgb_dropout,54,54,2.4499999999999917,False,,580776a357969375c425b676b4b47126d0cf0fed40e3af3ae8c863ce5a2cb14a
L2RAR2_R22_CANON_02_890002__T11_transport_strong_phase_40ms_rgb_dropout,55,55,2.4999999999999907,False,,8c2cad6dbec0392b7d44dfbbf3a1b5f739b17834b4b0e53da11dccacac2864b1
L2RAR2_R22_CANON_02_890002__T11_transport_strong_phase_40ms_rgb_dropout,56,56,2.5499999999999896,False,,0b4f37cede155aa51de1fbd8b52ed431a13c9b3fedfb739c41c8c6e0c5014c99
L2RAR2_R22_CANON_02_890002__T11_transport_strong_phase_40ms_rgb_dropout,57,57,2.5999999999999885,False,,6c7149216bb75f7ab1603fc167bf4cd0dde96d9b050a549941322876db6b5e84
L2RAR2_R22_CANON_02_890002__T11_transport_strong_phase_40ms_rgb_dropout,58,58,2.6499999999999875,False,,8624c58a36bb36545285eed48d882d8e1b5ce086ab0dfdd838416afbbb9336cb
L2RAR2_R22_CANON_02_890002__T11_transport_strong_phase_40ms_rgb_dropout,59,59,2.6999999999999864,False,,fd9016e69da6496f8231660f350bd0164f1b7214e89f0c8a3e5dd32f523db98a
L2RAR2_R22_CANON_02_890002__T11_transport_strong_phase_40ms_rgb_dropout,60,60,2.7399999999999856,False,,4991be956739eb6a82cd7548d185ad585773a56a31257cd3e42d88ad7bad415e
L2RAR2_R22_CANON_02_890002__T12_transport_commanded_release,0,0,0.0,False,,82ba1bb7ce292f28765fed0e30c23b429273743c67f1920adad2ebffdeebb6ec
L2RAR2_R22_CANON_02_890002__T12_transport_commanded_release,1,1,0.05,False,,d3209236857ff14eceef090bb657105984df5b5b6bd84a370a9db9dcfda13bd0
L2RAR2_R22_CANON_02_890002__T12_transport_commanded_release,2,2,0.09999999999999999,False,,7ae683d6010b59d231a9ff82715325abc6d3b5ec6838e1af26f4b71203068b4f
L2RAR2_R22_CANON_02_890002__T12_transport_commanded_release,3,3,0.15,False,,90a0ecf8e718f5403ad9f2d6fe94423289439a00bf6b16b5e168b69bcca71119
L2RAR2_R22_CANON_02_890002__T12_transport_commanded_release,4,4,0.20000000000000004,False,,b3d41b43d3f91a7c9afa1a1ed2636f1c9f12cc06ace9ccaa35f492fcd0f0a9ef
L2RAR2_R22_CANON_02_890002__T12_transport_commanded_release,5,5,0.20000000000000004,False,,b3d41b43d3f91a7c9afa1a1ed2636f1c9f12cc06ace9ccaa35f492fcd0f0a9ef
L2RAR2_R22_CANON_02_890002__T12_transport_commanded_release,6,6,0.25000000000000006,False,,0952e07b64c495c92deda43444c86cc373394d937042f10dc2070fa790ea3665
L2RAR2_R22_CANON_02_890002__T12_transport_commanded_release,7,7,0.3000000000000001,False,,ca17cee4c3f1e5144810df0562249d7a0730cca96601453abe7520af35f30295
L2RAR2_R22_CANON_02_890002__T12_transport_commanded_release,8,8,0.3000000000000001,False,,ca17cee4c3f1e5144810df0562249d7a0730cca96601453abe7520af35f30295
L2RAR2_R22_CANON_02_890002__T12_transport_commanded_release,9,9,0.35000000000000014,False,,99fba13a5c7e60f4523e3433850bb899e75d535590d4a21b96e2d596b9012026
L2RAR2_R22_CANON_02_890002__T12_transport_commanded_release,10,10,0.4000000000000002,False,,9bbd32b266971b29f8511ea250811e0581188a7c8fd95f5e8a0ca04278625353
L2RAR2_R22_CANON_02_890002__T12_transport_commanded_release,11,11,0.45000000000000023,False,,1f0af4399e23394862cc2da375108edf6f46060128219d95c69b0040ba9d6b98
L2RAR2_R22_CANON_02_890002__T12_transport_commanded_release,12,12,0.5000000000000002,False,,51a1d7474896aabc5505fc094f57dc8fc3f65d56dcacc89bd5c7d02a826fa2ee
L2RAR2_R22_CANON_02_890002__T12_transport_commanded_release,13,13,0.5000000000000002,False,,51a1d7474896aabc5505fc094f57dc8fc3f65d56dcacc89bd5c7d02a826fa2ee
L2RAR2_R22_CANON_02_890002__T12_transport_commanded_release,14,14,0.5500000000000003,False,,f2a87b87ae501bf98bf09e5c888a6d8220421403bbaee9d5fefcbe3bfd2a3768
L2RAR2_R22_CANON_02_890002__T12_transport_commanded_release,15,15,0.6000000000000003,False,,2dfab522a876dc1e5f9940dedd71be8d2743bf4a91bd8f89796f4ad4e81fc28a
L2RAR2_R22_CANON_02_890002__T12_transport_commanded_release,16,16,0.6500000000000004,False,,ece14c652b219df4525c6fbddfdd8168ed73dab2a38534bc360e212c433febd0
L2RAR2_R22_CANON_02_890002__T12_transport_commanded_release,17,17,0.7000000000000004,False,,631527b8fecf3a1ee53e1bf42d03ee4e5ad55fb68cee2764790b2f28ccafc771
L2RAR2_R22_CANON_02_890002__T12_transport_commanded_release,18,18,0.7500000000000004,False,,11e31644a164f4af17a9a3a0c365d544bdd61ff8096eb76cb939ae8bfcfcfc5e
L2RAR2_R22_CANON_02_890002__T12_transport_commanded_release,19,19,0.8000000000000005,False,,c928806bc3816642dc19590aca858a03ff76634cebb0c17f34610f28306bf09e
L2RAR2_R22_CANON_02_890002__T12_transport_commanded_release,20,20,0.8500000000000005,False,,9f74bc13147d094457ade944ce8752b6ee14078f5755927e5bb4a52faa1d8a43
L2RAR2_R22_CANON_02_890002__T12_transport_commanded_release,21,21,0.9000000000000006,False,,d5301579cc54d03ada2c863da2558e2cbd3cd522e822cd8a3e6b8dd2d7e5c285
L2RAR2_R22_CANON_02_890002__T12_transport_commanded_release,22,22,0.9500000000000006,False,,fd4e531edc152043728d8eaf8f1f19ef6a5bb6610660cf1a3ab17a51b41fe69b
L2RAR2_R22_CANON_02_890002__T12_transport_commanded_release,23,23,1.0000000000000007,False,,3349c2ecbf6753d5bcc18f1fa7b1a7196f4c97876a09556f69f85d6efc32c406
L2RAR2_R22_CANON_02_890002__T12_transport_commanded_release,24,24,1.0500000000000007,False,,bc5d94e19f7f3c2b9df75e89c00ffcaa17248c74079101c48c864f3af5d61f82
L2RAR2_R22_CANON_02_890002__T12_transport_commanded_release,25,25,1.1000000000000008,False,,1538c8dc85421ad7dd47de21178f5d19a321d545309a535138b22aca61f3c9e2
L2RAR2_R22_CANON_02_890002__T12_transport_commanded_release,26,26,1.1500000000000008,False,,f93eede09e70d569ed23753b46a6f611f47467fe45ef6863c1c00b539b5e98d8
L2RAR2_R22_CANON_02_890002__T12_transport_commanded_release,27,27,1.2000000000000008,False,,f5938a523d165db200d7559b510186e74e48d442eb9ac51b62529bb93d045350
L2RAR2_R22_CANON_02_890002__T12_transport_commanded_release,28,28,1.2500000000000009,False,,077181002f1cdc107654ff6d1595b9e06783404da67fad39dcbb110723e898a4
L2RAR2_R22_CANON_02_890002__T12_transport_commanded_release,29,29,1.300000000000001,False,,9672a9f92b351b3c8051cef73201c4eb34f98fcd731ef8e2995d6c241436a2f9
L2RAR2_R22_CANON_02_890002__T12_transport_commanded_release,30,30,1.350000000000001,False,,7301e9a76ee51b41f770e1a6edf56b367c969d5601b4004c4c298f4b5b98da4c
L2RAR2_R22_CANON_02_890002__T12_transport_commanded_release,31,31,1.400000000000001,False,,29670f8174a36526ed8fa32b475edbf4a1298741f27b1b8e1fca514d69eba646
L2RAR2_R22_CANON_02_890002__T12_transport_commanded_release,32,32,1.450000000000001,False,,213c5d691ce6488fa09998bc9411232ea564914c893ee067eb6c7fc9b44d23a6
L2RAR2_R22_CANON_02_890002__T12_transport_commanded_release,33,33,1.500000000000001,False,,1d04b2cecd36e493ed458e3347781910d9d65a61a55eabefd117566735053819
L2RAR2_R22_CANON_02_890002__T12_transport_commanded_release,34,34,1.5500000000000012,False,,b97af2ea0d8ad04c7bbc99da10d905499bb407f7811528a7fc4d0b8bed96162c
L2RAR2_R22_CANON_02_890002__T12_transport_commanded_release,35,35,1.6000000000000012,False,,13e5d47922a87e774fc9304d7006cafd3383f755fe151b0729705522d3b2ef46
L2RAR2_R22_CANON_02_890002__T12_transport_commanded_release,36,36,1.6500000000000012,False,,69d7762e81efc2f65b4f23c7d184d1f2efeef48f1697ac9ff0829611c33209f9
L2RAR2_R22_CANON_02_890002__T12_transport_commanded_release,37,37,1.7000000000000013,False,,6fe8812c6884e460261ef826cab02528b70b0044427daa6f1ca0f820123ce974
L2RAR2_R22_CANON_02_890002__T12_transport_commanded_release,38,38,1.7500000000000013,False,,6fe8812c6884e460261ef826cab02528b70b0044427daa6f1ca0f820123ce974
L2RAR2_R22_CANON_02_890002__T12_transport_commanded_release,39,39,1.8000000000000014,False,,0253781555ca10b58caaa86dedcd16e03abea7cc11c556e47602ee2f4d26a5f5
L2RAR2_R22_CANON_02_890002__T12_transport_commanded_release,40,40,1.8200000000000014,False,,6fe8812c6884e460261ef826cab02528b70b0044427daa6f1ca0f820123ce974
L2RAR2_R22_CANON_02_890002__T12_transport_commanded_release,41,41,1.8500000000000014,False,,1abb165c30cd029616df0e579a614fff04325fec887d0df7f2ef6f82e15af147
L2RAR2_R22_CANON_02_890002__T12_transport_commanded_release,42,42,1.9000000000000015,False,,428a7f3779867bce340a7e449dd6ceb6f713281857eba66c83a95d8bc0bfc225
L2RAR2_R22_CANON_02_890002__T12_transport_commanded_release,43,43,1.9500000000000015,False,,9ea2cbf5d88cec7ab079e1a10e3196886c441082fbd8d96c32ac14e820a32564
L2RAR2_R22_CANON_02_890002__T12_transport_commanded_release,44,44,2.0000000000000013,False,,bbe747a1c3b7110d44dd3389551d4303bd9a797dac95219004b3871028a0a5a0
L2RAR2_R22_CANON_02_890002__T12_transport_commanded_release,45,45,2.020000000000001,False,,f152e6950bf770089351d1635aae3d46620491ba758a19fe2080035f6905b104
L2RAR2_R22_CANON_02_890002__T12_transport_commanded_release,46,46,2.0500000000000003,False,,d6385c3b0cd1ca9f1f66a6f082c1ab346a6011f8fa43a6f49415d98b1c1aacf5
L2RAR2_R22_CANON_02_890002__T12_transport_commanded_release,47,47,2.099999999999999,False,,d07af92cc2b0b5cb49456929eb36e9d53a5e4cc98d241601e69421179efbe1a0
L2RAR2_R22_CANON_02_890002__T12_transport_commanded_release,48,48,2.149999999999998,False,,f104bac201b6255848f62f8c15f4f9af21db6e80c1ac53de879c2ede98dca2f9
L2RAR2_R22_CANON_02_890002__T12_transport_commanded_release,49,49,2.199999999999997,False,,c77049d7a9486ca5419a664823f3c19c9f4d3f95fd1152d9e342367fd8bc7b1b
L2RAR2_R22_CANON_02_890002__T12_transport_commanded_release,50,50,2.249999999999996,False,,2d9f6851742c7ae980893c7424a8a594ea1729fa9a175b95c66c7e86719e1cf5
L2RAR2_R22_CANON_02_890002__T12_transport_commanded_release,51,51,2.299999999999995,False,,2d9f6851742c7ae980893c7424a8a594ea1729fa9a175b95c66c7e86719e1cf5
L2RAR2_R22_CANON_02_890002__T12_transport_commanded_release,52,52,2.349999999999994,False,,2d9f6851742c7ae980893c7424a8a594ea1729fa9a175b95c66c7e86719e1cf5
L2RAR2_R22_CANON_02_890002__T12_transport_commanded_release,53,53,2.399999999999993,False,,2d9f6851742c7ae980893c7424a8a594ea1729fa9a175b95c66c7e86719e1cf5
L2RAR2_R22_CANON_02_890002__T12_transport_commanded_release,54,54,2.4499999999999917,False,,687fdc5920f77524c4df09113558424699a499b0202d087cbcb901b7746a4413
L2RAR2_R22_CANON_02_890002__T12_transport_commanded_release,55,55,2.4999999999999907,False,,2d9f6851742c7ae980893c7424a8a594ea1729fa9a175b95c66c7e86719e1cf5
L2RAR2_R22_CANON_02_890002__T12_transport_commanded_release,56,56,2.5499999999999896,False,,aaa0ae7732886b800d5ee1554529b624434db4efe6da42848a3ebf41b14ed05a
L2RAR2_R22_CANON_02_890002__T12_transport_commanded_release,57,57,2.5999999999999885,False,,92da9c265da3b03a6bc1c853b1f5dda85edbb43f236c7dd1963fd1ace23b2eab
L2RAR2_R22_CANON_02_890002__T12_transport_commanded_release,58,58,2.6499999999999875,False,,aeb986e300e9ace56e8cc27b96f8561f4cf9fd0cee74cc587864be0238ff2ede
L2RAR2_R22_CANON_02_890002__T12_transport_commanded_release,59,59,2.6999999999999864,False,,b0aa3aff8fd719414e3870da492594e4ad8c131acdcb8ac33828a82150ed1d6e
L2RAR2_R22_CANON_02_890002__T12_transport_commanded_release,60,60,2.7499999999999853,False,,93f10121fe17e96ff6ea88c3b6d5197254cb825bfdfb9ae15ec94d17e4ffda57
L2RAR2_R22_CANON_02_890002__T12_transport_commanded_release,61,61,2.7999999999999843,False,,2d9f6851742c7ae980893c7424a8a594ea1729fa9a175b95c66c7e86719e1cf5
L2RAR2_R22_CANON_02_890002__T12_transport_commanded_release,62,62,2.849999999999983,False,,cee36035b17b4b391a207eb1b335dbb2a3238c4df13129043549e7cc62f36ab6
L2RAR2_R22_CANON_02_890002__T12_transport_commanded_release,63,63,2.899999999999982,False,,9e860211501bb1c132e0d69aa4fe1d4a2076e164acccbca0824fafd0a5696a55
L2RAR2_R22_CANON_02_890002__T12_transport_commanded_release,64,64,2.949999999999981,False,,83ef9b7b58c47bd719822c2757b371241c8737e552b4b3c67bc443f3b6dea43d
L2RAR2_R22_CANON_02_890002__T12_transport_commanded_release,65,65,2.99999999999998,False,,c6d05a50fcec2276936a0a87aaa64f4ff551f9f01849f88158afafed4f9d98fa
L2RAR2_R22_CANON_02_890002__T12_transport_commanded_release,66,66,3.0199999999999796,False,,c6d05a50fcec2276936a0a87aaa64f4ff551f9f01849f88158afafed4f9d98fa
L2RAR2_R22_CANON_02_890002__T1_transport_stable_clean,0,0,0.0,False,,82ba1bb7ce292f28765fed0e30c23b429273743c67f1920adad2ebffdeebb6ec
L2RAR2_R22_CANON_02_890002__T1_transport_stable_clean,1,1,0.05,False,,d3209236857ff14eceef090bb657105984df5b5b6bd84a370a9db9dcfda13bd0
L2RAR2_R22_CANON_02_890002__T1_transport_stable_clean,2,2,0.09999999999999999,False,,7ae683d6010b59d231a9ff82715325abc6d3b5ec6838e1af26f4b71203068b4f
L2RAR2_R22_CANON_02_890002__T1_transport_stable_clean,3,3,0.15,False,,90a0ecf8e718f5403ad9f2d6fe94423289439a00bf6b16b5e168b69bcca71119
L2RAR2_R22_CANON_02_890002__T1_transport_stable_clean,4,4,0.20000000000000004,False,,b3d41b43d3f91a7c9afa1a1ed2636f1c9f12cc06ace9ccaa35f492fcd0f0a9ef
L2RAR2_R22_CANON_02_890002__T1_transport_stable_clean,5,5,0.20000000000000004,False,,b3d41b43d3f91a7c9afa1a1ed2636f1c9f12cc06ace9ccaa35f492fcd0f0a9ef
L2RAR2_R22_CANON_02_890002__T1_transport_stable_clean,6,6,0.25000000000000006,False,,0952e07b64c495c92deda43444c86cc373394d937042f10dc2070fa790ea3665
L2RAR2_R22_CANON_02_890002__T1_transport_stable_clean,7,7,0.3000000000000001,False,,ca17cee4c3f1e5144810df0562249d7a0730cca96601453abe7520af35f30295
L2RAR2_R22_CANON_02_890002__T1_transport_stable_clean,8,8,0.3000000000000001,False,,ca17cee4c3f1e5144810df0562249d7a0730cca96601453abe7520af35f30295
L2RAR2_R22_CANON_02_890002__T1_transport_stable_clean,9,9,0.35000000000000014,False,,99fba13a5c7e60f4523e3433850bb899e75d535590d4a21b96e2d596b9012026
L2RAR2_R22_CANON_02_890002__T1_transport_stable_clean,10,10,0.4000000000000002,False,,9bbd32b266971b29f8511ea250811e0581188a7c8fd95f5e8a0ca04278625353
L2RAR2_R22_CANON_02_890002__T1_transport_stable_clean,11,11,0.45000000000000023,False,,1f0af4399e23394862cc2da375108edf6f46060128219d95c69b0040ba9d6b98
L2RAR2_R22_CANON_02_890002__T1_transport_stable_clean,12,12,0.5000000000000002,False,,51a1d7474896aabc5505fc094f57dc8fc3f65d56dcacc89bd5c7d02a826fa2ee
L2RAR2_R22_CANON_02_890002__T1_transport_stable_clean,13,13,0.5000000000000002,False,,51a1d7474896aabc5505fc094f57dc8fc3f65d56dcacc89bd5c7d02a826fa2ee
L2RAR2_R22_CANON_02_890002__T1_transport_stable_clean,14,14,0.5500000000000003,False,,f2a87b87ae501bf98bf09e5c888a6d8220421403bbaee9d5fefcbe3bfd2a3768
L2RAR2_R22_CANON_02_890002__T1_transport_stable_clean,15,15,0.6000000000000003,False,,2dfab522a876dc1e5f9940dedd71be8d2743bf4a91bd8f89796f4ad4e81fc28a
L2RAR2_R22_CANON_02_890002__T1_transport_stable_clean,16,16,0.6500000000000004,False,,ece14c652b219df4525c6fbddfdd8168ed73dab2a38534bc360e212c433febd0
L2RAR2_R22_CANON_02_890002__T1_transport_stable_clean,17,17,0.7000000000000004,False,,631527b8fecf3a1ee53e1bf42d03ee4e5ad55fb68cee2764790b2f28ccafc771
L2RAR2_R22_CANON_02_890002__T1_transport_stable_clean,18,18,0.7500000000000004,False,,11e31644a164f4af17a9a3a0c365d544bdd61ff8096eb76cb939ae8bfcfcfc5e
L2RAR2_R22_CANON_02_890002__T1_transport_stable_clean,19,19,0.8000000000000005,False,,c928806bc3816642dc19590aca858a03ff76634cebb0c17f34610f28306bf09e
L2RAR2_R22_CANON_02_890002__T1_transport_stable_clean,20,20,0.8500000000000005,False,,9f74bc13147d094457ade944ce8752b6ee14078f5755927e5bb4a52faa1d8a43
L2RAR2_R22_CANON_02_890002__T1_transport_stable_clean,21,21,0.9000000000000006,False,,d5301579cc54d03ada2c863da2558e2cbd3cd522e822cd8a3e6b8dd2d7e5c285
L2RAR2_R22_CANON_02_890002__T1_transport_stable_clean,22,22,0.9500000000000006,False,,fd4e531edc152043728d8eaf8f1f19ef6a5bb6610660cf1a3ab17a51b41fe69b
L2RAR2_R22_CANON_02_890002__T1_transport_stable_clean,23,23,1.0000000000000007,False,,3349c2ecbf6753d5bcc18f1fa7b1a7196f4c97876a09556f69f85d6efc32c406
L2RAR2_R22_CANON_02_890002__T1_transport_stable_clean,24,24,1.0500000000000007,False,,bc5d94e19f7f3c2b9df75e89c00ffcaa17248c74079101c48c864f3af5d61f82
L2RAR2_R22_CANON_02_890002__T1_transport_stable_clean,25,25,1.1000000000000008,False,,1538c8dc85421ad7dd47de21178f5d19a321d545309a535138b22aca61f3c9e2
L2RAR2_R22_CANON_02_890002__T1_transport_stable_clean,26,26,1.1500000000000008,False,,f93eede09e70d569ed23753b46a6f611f47467fe45ef6863c1c00b539b5e98d8
L2RAR2_R22_CANON_02_890002__T1_transport_stable_clean,27,27,1.2000000000000008,False,,f5938a523d165db200d7559b510186e74e48d442eb9ac51b62529bb93d045350
L2RAR2_R22_CANON_02_890002__T1_transport_stable_clean,28,28,1.2500000000000009,False,,077181002f1cdc107654ff6d1595b9e06783404da67fad39dcbb110723e898a4
L2RAR2_R22_CANON_02_890002__T1_transport_stable_clean,29,29,1.300000000000001,False,,9672a9f92b351b3c8051cef73201c4eb34f98fcd731ef8e2995d6c241436a2f9
L2RAR2_R22_CANON_02_890002__T1_transport_stable_clean,30,30,1.350000000000001,False,,d758229195d92bec4da8ad471c1ad0cf47a1ee7c491ab9afe9bca8617ff720f3
L2RAR2_R22_CANON_02_890002__T1_transport_stable_clean,31,31,1.400000000000001,False,,ff91e226a3c59f4b269687874bd7433712bb2ccb46e4ce8328d033da002e4443
L2RAR2_R22_CANON_02_890002__T1_transport_stable_clean,32,32,1.450000000000001,False,,e844f9df92f67f729f6777de2098e2530e5c8ba60ee019a56da44410859bb086
L2RAR2_R22_CANON_02_890002__T1_transport_stable_clean,33,33,1.500000000000001,False,,cc670f62354b55dc2c26fdfbd5debfab5505dd947ba63ad6a434d2911e7b901f
L2RAR2_R22_CANON_02_890002__T1_transport_stable_clean,34,34,1.500000000000001,False,,cc670f62354b55dc2c26fdfbd5debfab5505dd947ba63ad6a434d2911e7b901f
L2RAR2_R22_CANON_02_890002__T1_transport_stable_clean,35,35,1.5500000000000012,False,,f83a008cbf38cde04cef964201f27c8a12234d8ff32bb85a8b91a5bae757204d
L2RAR2_R22_CANON_02_890002__T1_transport_stable_clean,36,36,1.6000000000000012,False,,36d11203f053d250a104c99156cae75270d0bf70d75872ada417c093f01781f5
L2RAR2_R22_CANON_02_890002__T1_transport_stable_clean,37,37,1.6500000000000012,False,,9e75b0c8690c3c764a74ef58fc360f2b1fe345f7e7aafc9e4720e97802e68a54
L2RAR2_R22_CANON_02_890002__T1_transport_stable_clean,38,38,1.7000000000000013,False,,80a5b6a8f53aa7dec867c427bd09858c212554c00b882f730601211145686a20
L2RAR2_R22_CANON_02_890002__T1_transport_stable_clean,39,39,1.7500000000000013,False,,05e5d8427bdebcd8f78ea04d9fc2b16048f6ffc47776501cda27bae5c497c3a1
L2RAR2_R22_CANON_02_890002__T1_transport_stable_clean,40,40,1.8000000000000014,False,,8ab53f2767d42f24ee82d2ab528fdff3f06ccfb8c47a31576ba426fbbbb60f38
L2RAR2_R22_CANON_02_890002__T1_transport_stable_clean,41,41,1.8500000000000014,False,,8ab53f2767d42f24ee82d2ab528fdff3f06ccfb8c47a31576ba426fbbbb60f38
L2RAR2_R22_CANON_02_890002__T1_transport_stable_clean,42,42,1.9000000000000015,False,,8c2a3eabeefd96632ec43aadde314f0ab9271f605e99fb2a29ad287e9e728b8e
L2RAR2_R22_CANON_02_890002__T1_transport_stable_clean,43,43,1.9500000000000015,False,,2d2e230fbdfb34b718b933ca9ae4cd5205c15d71997a86e8642e4b3516308cd7
L2RAR2_R22_CANON_02_890002__T1_transport_stable_clean,44,44,2.0000000000000013,False,,4781d21550b8245c38881c1d95a1429a5e3d52004324ec2043b9c8508d73e810
L2RAR2_R22_CANON_02_890002__T1_transport_stable_clean,45,45,2.0500000000000003,False,,8055f266cdab34760a564398284d27913361c89013eb015ea6e508cd33d71ee7
L2RAR2_R22_CANON_02_890002__T1_transport_stable_clean,46,46,2.099999999999999,False,,4c60b7f4a0e1a3a597e2cb2c3c52991064c535b3488685365692ef430534cb58
L2RAR2_R22_CANON_02_890002__T1_transport_stable_clean,47,47,2.149999999999998,False,,4c60b7f4a0e1a3a597e2cb2c3c52991064c535b3488685365692ef430534cb58
L2RAR2_R22_CANON_02_890002__T1_transport_stable_clean,48,48,2.199999999999997,False,,4c60b7f4a0e1a3a597e2cb2c3c52991064c535b3488685365692ef430534cb58
L2RAR2_R22_CANON_02_890002__T1_transport_stable_clean,49,49,2.249999999999996,False,,e14dffa8d358153ad7dfdf3b2f4f28992c95ed74c8a9a655233e450072f3c6db
L2RAR2_R22_CANON_02_890002__T1_transport_stable_clean,50,50,2.299999999999995,False,,32f5559af77824d46c4da4e85824d7034b291b69efc47edfeaad292156d28996
L2RAR2_R22_CANON_02_890002__T1_transport_stable_clean,51,51,2.349999999999994,False,,5a0771e6fbac455d1b92d875c5628ae9480c4373bb9b43dc59aa43c3b8c4dcaa
L2RAR2_R22_CANON_02_890002__T1_transport_stable_clean,52,52,2.399999999999993,False,,3df2710e2d8524a28802b816d29d15ab1151ebe9f1f30a40f742b58349bf6b6c
L2RAR2_R22_CANON_02_890002__T1_transport_stable_clean,53,53,2.4499999999999917,False,,f919de03c292ef4f5dbc3b3a31dc6e4e04c5499fbd3aa0af7b1d55c858ac4baa
L2RAR2_R22_CANON_02_890002__T1_transport_stable_clean,54,54,2.4999999999999907,False,,4c60b7f4a0e1a3a597e2cb2c3c52991064c535b3488685365692ef430534cb58
L2RAR2_R22_CANON_02_890002__T1_transport_stable_clean,55,55,2.4999999999999907,False,,4c60b7f4a0e1a3a597e2cb2c3c52991064c535b3488685365692ef430534cb58
L2RAR2_R22_CANON_02_890002__T3_transport_single_contact_proxy_dropout,0,0,0.0,False,,82ba1bb7ce292f28765fed0e30c23b429273743c67f1920adad2ebffdeebb6ec
L2RAR2_R22_CANON_02_890002__T3_transport_single_contact_proxy_dropout,1,1,0.05,False,,d3209236857ff14eceef090bb657105984df5b5b6bd84a370a9db9dcfda13bd0
L2RAR2_R22_CANON_02_890002__T3_transport_single_contact_proxy_dropout,2,2,0.09999999999999999,False,,7ae683d6010b59d231a9ff82715325abc6d3b5ec6838e1af26f4b71203068b4f
L2RAR2_R22_CANON_02_890002__T3_transport_single_contact_proxy_dropout,3,3,0.15,False,,90a0ecf8e718f5403ad9f2d6fe94423289439a00bf6b16b5e168b69bcca71119
L2RAR2_R22_CANON_02_890002__T3_transport_single_contact_proxy_dropout,4,4,0.20000000000000004,False,,b3d41b43d3f91a7c9afa1a1ed2636f1c9f12cc06ace9ccaa35f492fcd0f0a9ef
L2RAR2_R22_CANON_02_890002__T3_transport_single_contact_proxy_dropout,5,5,0.20000000000000004,False,,b3d41b43d3f91a7c9afa1a1ed2636f1c9f12cc06ace9ccaa35f492fcd0f0a9ef
L2RAR2_R22_CANON_02_890002__T3_transport_single_contact_proxy_dropout,6,6,0.25000000000000006,False,,0952e07b64c495c92deda43444c86cc373394d937042f10dc2070fa790ea3665
L2RAR2_R22_CANON_02_890002__T3_transport_single_contact_proxy_dropout,7,7,0.3000000000000001,False,,ca17cee4c3f1e5144810df0562249d7a0730cca96601453abe7520af35f30295
L2RAR2_R22_CANON_02_890002__T3_transport_single_contact_proxy_dropout,8,8,0.3000000000000001,False,,ca17cee4c3f1e5144810df0562249d7a0730cca96601453abe7520af35f30295
L2RAR2_R22_CANON_02_890002__T3_transport_single_contact_proxy_dropout,9,9,0.35000000000000014,False,,99fba13a5c7e60f4523e3433850bb899e75d535590d4a21b96e2d596b9012026
L2RAR2_R22_CANON_02_890002__T3_transport_single_contact_proxy_dropout,10,10,0.4000000000000002,False,,9bbd32b266971b29f8511ea250811e0581188a7c8fd95f5e8a0ca04278625353
L2RAR2_R22_CANON_02_890002__T3_transport_single_contact_proxy_dropout,11,11,0.45000000000000023,False,,1f0af4399e23394862cc2da375108edf6f46060128219d95c69b0040ba9d6b98
L2RAR2_R22_CANON_02_890002__T3_transport_single_contact_proxy_dropout,12,12,0.5000000000000002,False,,51a1d7474896aabc5505fc094f57dc8fc3f65d56dcacc89bd5c7d02a826fa2ee
L2RAR2_R22_CANON_02_890002__T3_transport_single_contact_proxy_dropout,13,13,0.5000000000000002,False,,51a1d7474896aabc5505fc094f57dc8fc3f65d56dcacc89bd5c7d02a826fa2ee
L2RAR2_R22_CANON_02_890002__T3_transport_single_contact_proxy_dropout,14,14,0.5500000000000003,False,,f2a87b87ae501bf98bf09e5c888a6d8220421403bbaee9d5fefcbe3bfd2a3768
L2RAR2_R22_CANON_02_890002__T3_transport_single_contact_proxy_dropout,15,15,0.6000000000000003,False,,2dfab522a876dc1e5f9940dedd71be8d2743bf4a91bd8f89796f4ad4e81fc28a
L2RAR2_R22_CANON_02_890002__T3_transport_single_contact_proxy_dropout,16,16,0.6500000000000004,False,,ece14c652b219df4525c6fbddfdd8168ed73dab2a38534bc360e212c433febd0
L2RAR2_R22_CANON_02_890002__T3_transport_single_contact_proxy_dropout,17,17,0.7000000000000004,False,,631527b8fecf3a1ee53e1bf42d03ee4e5ad55fb68cee2764790b2f28ccafc771
L2RAR2_R22_CANON_02_890002__T3_transport_single_contact_proxy_dropout,18,18,0.7500000000000004,False,,11e31644a164f4af17a9a3a0c365d544bdd61ff8096eb76cb939ae8bfcfcfc5e
L2RAR2_R22_CANON_02_890002__T3_transport_single_contact_proxy_dropout,19,19,0.8000000000000005,False,,c928806bc3816642dc19590aca858a03ff76634cebb0c17f34610f28306bf09e
L2RAR2_R22_CANON_02_890002__T3_transport_single_contact_proxy_dropout,20,20,0.8500000000000005,False,,9f74bc13147d094457ade944ce8752b6ee14078f5755927e5bb4a52faa1d8a43
L2RAR2_R22_CANON_02_890002__T3_transport_single_contact_proxy_dropout,21,21,0.9000000000000006,False,,d5301579cc54d03ada2c863da2558e2cbd3cd522e822cd8a3e6b8dd2d7e5c285
L2RAR2_R22_CANON_02_890002__T3_transport_single_contact_proxy_dropout,22,22,0.9500000000000006,False,,fd4e531edc152043728d8eaf8f1f19ef6a5bb6610660cf1a3ab17a51b41fe69b
L2RAR2_R22_CANON_02_890002__T3_transport_single_contact_proxy_dropout,23,23,1.0000000000000007,False,,3349c2ecbf6753d5bcc18f1fa7b1a7196f4c97876a09556f69f85d6efc32c406
L2RAR2_R22_CANON_02_890002__T3_transport_single_contact_proxy_dropout,24,24,1.0500000000000007,False,,bc5d94e19f7f3c2b9df75e89c00ffcaa17248c74079101c48c864f3af5d61f82
L2RAR2_R22_CANON_02_890002__T3_transport_single_contact_proxy_dropout,25,25,1.1000000000000008,False,,1538c8dc85421ad7dd47de21178f5d19a321d545309a535138b22aca61f3c9e2
L2RAR2_R22_CANON_02_890002__T3_transport_single_contact_proxy_dropout,26,26,1.1500000000000008,False,,f93eede09e70d569ed23753b46a6f611f47467fe45ef6863c1c00b539b5e98d8
L2RAR2_R22_CANON_02_890002__T3_transport_single_contact_proxy_dropout,27,27,1.2000000000000008,False,,f5938a523d165db200d7559b510186e74e48d442eb9ac51b62529bb93d045350
L2RAR2_R22_CANON_02_890002__T3_transport_single_contact_proxy_dropout,28,28,1.2500000000000009,False,,077181002f1cdc107654ff6d1595b9e06783404da67fad39dcbb110723e898a4
L2RAR2_R22_CANON_02_890002__T3_transport_single_contact_proxy_dropout,29,29,1.300000000000001,False,T3_SINGLE_FALSE,9672a9f92b351b3c8051cef73201c4eb34f98fcd731ef8e2995d6c241436a2f9
L2RAR2_R22_CANON_02_890002__T3_transport_single_contact_proxy_dropout,30,30,1.350000000000001,False,,d758229195d92bec4da8ad471c1ad0cf47a1ee7c491ab9afe9bca8617ff720f3
L2RAR2_R22_CANON_02_890002__T3_transport_single_contact_proxy_dropout,31,31,1.400000000000001,False,,ff91e226a3c59f4b269687874bd7433712bb2ccb46e4ce8328d033da002e4443
L2RAR2_R22_CANON_02_890002__T3_transport_single_contact_proxy_dropout,32,32,1.450000000000001,False,,e844f9df92f67f729f6777de2098e2530e5c8ba60ee019a56da44410859bb086
L2RAR2_R22_CANON_02_890002__T3_transport_single_contact_proxy_dropout,33,33,1.500000000000001,False,,cc670f62354b55dc2c26fdfbd5debfab5505dd947ba63ad6a434d2911e7b901f
L2RAR2_R22_CANON_02_890002__T3_transport_single_contact_proxy_dropout,34,34,1.500000000000001,False,,cc670f62354b55dc2c26fdfbd5debfab5505dd947ba63ad6a434d2911e7b901f
L2RAR2_R22_CANON_02_890002__T3_transport_single_contact_proxy_dropout,35,35,1.5500000000000012,False,,f83a008cbf38cde04cef964201f27c8a12234d8ff32bb85a8b91a5bae757204d
L2RAR2_R22_CANON_02_890002__T3_transport_single_contact_proxy_dropout,36,36,1.6000000000000012,False,,36d11203f053d250a104c99156cae75270d0bf70d75872ada417c093f01781f5
L2RAR2_R22_CANON_02_890002__T3_transport_single_contact_proxy_dropout,37,37,1.6500000000000012,False,,9e75b0c8690c3c764a74ef58fc360f2b1fe345f7e7aafc9e4720e97802e68a54
L2RAR2_R22_CANON_02_890002__T3_transport_single_contact_proxy_dropout,38,38,1.7000000000000013,False,,80a5b6a8f53aa7dec867c427bd09858c212554c00b882f730601211145686a20
L2RAR2_R22_CANON_02_890002__T3_transport_single_contact_proxy_dropout,39,39,1.7500000000000013,False,,05e5d8427bdebcd8f78ea04d9fc2b16048f6ffc47776501cda27bae5c497c3a1
L2RAR2_R22_CANON_02_890002__T3_transport_single_contact_proxy_dropout,40,40,1.8000000000000014,False,,8ab53f2767d42f24ee82d2ab528fdff3f06ccfb8c47a31576ba426fbbbb60f38
L2RAR2_R22_CANON_02_890002__T3_transport_single_contact_proxy_dropout,41,41,1.8500000000000014,False,,8ab53f2767d42f24ee82d2ab528fdff3f06ccfb8c47a31576ba426fbbbb60f38
L2RAR2_R22_CANON_02_890002__T3_transport_single_contact_proxy_dropout,42,42,1.9000000000000015,False,,8c2a3eabeefd96632ec43aadde314f0ab9271f605e99fb2a29ad287e9e728b8e
L2RAR2_R22_CANON_02_890002__T3_transport_single_contact_proxy_dropout,43,43,1.9500000000000015,False,,2d2e230fbdfb34b718b933ca9ae4cd5205c15d71997a86e8642e4b3516308cd7
L2RAR2_R22_CANON_02_890002__T3_transport_single_contact_proxy_dropout,44,44,2.0000000000000013,False,,4781d21550b8245c38881c1d95a1429a5e3d52004324ec2043b9c8508d73e810
L2RAR2_R22_CANON_02_890002__T3_transport_single_contact_proxy_dropout,45,45,2.0500000000000003,False,,8055f266cdab34760a564398284d27913361c89013eb015ea6e508cd33d71ee7
L2RAR2_R22_CANON_02_890002__T3_transport_single_contact_proxy_dropout,46,46,2.099999999999999,False,,4c60b7f4a0e1a3a597e2cb2c3c52991064c535b3488685365692ef430534cb58
L2RAR2_R22_CANON_02_890002__T3_transport_single_contact_proxy_dropout,47,47,2.149999999999998,False,,4c60b7f4a0e1a3a597e2cb2c3c52991064c535b3488685365692ef430534cb58
L2RAR2_R22_CANON_02_890002__T3_transport_single_contact_proxy_dropout,48,48,2.199999999999997,False,,4c60b7f4a0e1a3a597e2cb2c3c52991064c535b3488685365692ef430534cb58
L2RAR2_R22_CANON_02_890002__T3_transport_single_contact_proxy_dropout,49,49,2.249999999999996,False,,e14dffa8d358153ad7dfdf3b2f4f28992c95ed74c8a9a655233e450072f3c6db
L2RAR2_R22_CANON_02_890002__T3_transport_single_contact_proxy_dropout,50,50,2.299999999999995,False,,32f5559af77824d46c4da4e85824d7034b291b69efc47edfeaad292156d28996
L2RAR2_R22_CANON_02_890002__T3_transport_single_contact_proxy_dropout,51,51,2.349999999999994,False,,5a0771e6fbac455d1b92d875c5628ae9480c4373bb9b43dc59aa43c3b8c4dcaa
L2RAR2_R22_CANON_02_890002__T3_transport_single_contact_proxy_dropout,52,52,2.399999999999993,False,,3df2710e2d8524a28802b816d29d15ab1151ebe9f1f30a40f742b58349bf6b6c
L2RAR2_R22_CANON_02_890002__T3_transport_single_contact_proxy_dropout,53,53,2.4499999999999917,False,,f919de03c292ef4f5dbc3b3a31dc6e4e04c5499fbd3aa0af7b1d55c858ac4baa
L2RAR2_R22_CANON_02_890002__T3_transport_single_contact_proxy_dropout,54,54,2.4999999999999907,False,,4c60b7f4a0e1a3a597e2cb2c3c52991064c535b3488685365692ef430534cb58
L2RAR2_R22_CANON_02_890002__T3_transport_single_contact_proxy_dropout,55,55,2.4999999999999907,False,,4c60b7f4a0e1a3a597e2cb2c3c52991064c535b3488685365692ef430534cb58
L2RAR2_R22_CANON_02_890002__T4_transport_same_time_contact_false_then_true,0,0,0.0,False,,82ba1bb7ce292f28765fed0e30c23b429273743c67f1920adad2ebffdeebb6ec
L2RAR2_R22_CANON_02_890002__T4_transport_same_time_contact_false_then_true,1,1,0.05,False,,d3209236857ff14eceef090bb657105984df5b5b6bd84a370a9db9dcfda13bd0
L2RAR2_R22_CANON_02_890002__T4_transport_same_time_contact_false_then_true,2,2,0.09999999999999999,False,,7ae683d6010b59d231a9ff82715325abc6d3b5ec6838e1af26f4b71203068b4f
L2RAR2_R22_CANON_02_890002__T4_transport_same_time_contact_false_then_true,3,3,0.15,False,,90a0ecf8e718f5403ad9f2d6fe94423289439a00bf6b16b5e168b69bcca71119
L2RAR2_R22_CANON_02_890002__T4_transport_same_time_contact_false_then_true,4,4,0.20000000000000004,False,,b3d41b43d3f91a7c9afa1a1ed2636f1c9f12cc06ace9ccaa35f492fcd0f0a9ef
L2RAR2_R22_CANON_02_890002__T4_transport_same_time_contact_false_then_true,5,5,0.20000000000000004,False,,b3d41b43d3f91a7c9afa1a1ed2636f1c9f12cc06ace9ccaa35f492fcd0f0a9ef
L2RAR2_R22_CANON_02_890002__T4_transport_same_time_contact_false_then_true,6,6,0.25000000000000006,False,,0952e07b64c495c92deda43444c86cc373394d937042f10dc2070fa790ea3665
L2RAR2_R22_CANON_02_890002__T4_transport_same_time_contact_false_then_true,7,7,0.3000000000000001,False,,ca17cee4c3f1e5144810df0562249d7a0730cca96601453abe7520af35f30295
L2RAR2_R22_CANON_02_890002__T4_transport_same_time_contact_false_then_true,8,8,0.3000000000000001,False,,ca17cee4c3f1e5144810df0562249d7a0730cca96601453abe7520af35f30295
L2RAR2_R22_CANON_02_890002__T4_transport_same_time_contact_false_then_true,9,9,0.35000000000000014,False,,99fba13a5c7e60f4523e3433850bb899e75d535590d4a21b96e2d596b9012026
L2RAR2_R22_CANON_02_890002__T4_transport_same_time_contact_false_then_true,10,10,0.4000000000000002,False,,9bbd32b266971b29f8511ea250811e0581188a7c8fd95f5e8a0ca04278625353
L2RAR2_R22_CANON_02_890002__T4_transport_same_time_contact_false_then_true,11,11,0.45000000000000023,False,,1f0af4399e23394862cc2da375108edf6f46060128219d95c69b0040ba9d6b98
L2RAR2_R22_CANON_02_890002__T4_transport_same_time_contact_false_then_true,12,12,0.5000000000000002,False,,51a1d7474896aabc5505fc094f57dc8fc3f65d56dcacc89bd5c7d02a826fa2ee
L2RAR2_R22_CANON_02_890002__T4_transport_same_time_contact_false_then_true,13,13,0.5000000000000002,False,,51a1d7474896aabc5505fc094f57dc8fc3f65d56dcacc89bd5c7d02a826fa2ee
L2RAR2_R22_CANON_02_890002__T4_transport_same_time_contact_false_then_true,14,14,0.5500000000000003,False,,f2a87b87ae501bf98bf09e5c888a6d8220421403bbaee9d5fefcbe3bfd2a3768
L2RAR2_R22_CANON_02_890002__T4_transport_same_time_contact_false_then_true,15,15,0.6000000000000003,False,,2dfab522a876dc1e5f9940dedd71be8d2743bf4a91bd8f89796f4ad4e81fc28a
L2RAR2_R22_CANON_02_890002__T4_transport_same_time_contact_false_then_true,16,16,0.6500000000000004,False,,ece14c652b219df4525c6fbddfdd8168ed73dab2a38534bc360e212c433febd0
L2RAR2_R22_CANON_02_890002__T4_transport_same_time_contact_false_then_true,17,17,0.7000000000000004,False,,631527b8fecf3a1ee53e1bf42d03ee4e5ad55fb68cee2764790b2f28ccafc771
L2RAR2_R22_CANON_02_890002__T4_transport_same_time_contact_false_then_true,18,18,0.7500000000000004,False,,11e31644a164f4af17a9a3a0c365d544bdd61ff8096eb76cb939ae8bfcfcfc5e
L2RAR2_R22_CANON_02_890002__T4_transport_same_time_contact_false_then_true,19,19,0.8000000000000005,False,,c928806bc3816642dc19590aca858a03ff76634cebb0c17f34610f28306bf09e
L2RAR2_R22_CANON_02_890002__T4_transport_same_time_contact_false_then_true,20,20,0.8500000000000005,False,,9f74bc13147d094457ade944ce8752b6ee14078f5755927e5bb4a52faa1d8a43
L2RAR2_R22_CANON_02_890002__T4_transport_same_time_contact_false_then_true,21,21,0.9000000000000006,False,,d5301579cc54d03ada2c863da2558e2cbd3cd522e822cd8a3e6b8dd2d7e5c285
L2RAR2_R22_CANON_02_890002__T4_transport_same_time_contact_false_then_true,22,22,0.9500000000000006,False,,fd4e531edc152043728d8eaf8f1f19ef6a5bb6610660cf1a3ab17a51b41fe69b
L2RAR2_R22_CANON_02_890002__T4_transport_same_time_contact_false_then_true,23,23,1.0000000000000007,False,,3349c2ecbf6753d5bcc18f1fa7b1a7196f4c97876a09556f69f85d6efc32c406
L2RAR2_R22_CANON_02_890002__T4_transport_same_time_contact_false_then_true,24,24,1.0500000000000007,False,,bc5d94e19f7f3c2b9df75e89c00ffcaa17248c74079101c48c864f3af5d61f82
L2RAR2_R22_CANON_02_890002__T4_transport_same_time_contact_false_then_true,25,25,1.1000000000000008,False,,1538c8dc85421ad7dd47de21178f5d19a321d545309a535138b22aca61f3c9e2
L2RAR2_R22_CANON_02_890002__T4_transport_same_time_contact_false_then_true,26,26,1.1500000000000008,False,,f93eede09e70d569ed23753b46a6f611f47467fe45ef6863c1c00b539b5e98d8
L2RAR2_R22_CANON_02_890002__T4_transport_same_time_contact_false_then_true,27,27,1.2000000000000008,False,,f5938a523d165db200d7559b510186e74e48d442eb9ac51b62529bb93d045350
L2RAR2_R22_CANON_02_890002__T4_transport_same_time_contact_false_then_true,28,28,1.2500000000000009,False,,077181002f1cdc107654ff6d1595b9e06783404da67fad39dcbb110723e898a4
L2RAR2_R22_CANON_02_890002__T4_transport_same_time_contact_false_then_true,29,29,1.300000000000001,False,T4_FALSE_A,9672a9f92b351b3c8051cef73201c4eb34f98fcd731ef8e2995d6c241436a2f9
L2RAR2_R22_CANON_02_890002__T4_transport_same_time_contact_false_then_true,29,30,1.300000000000001,True,T4_TRUE_B,9672a9f92b351b3c8051cef73201c4eb34f98fcd731ef8e2995d6c241436a2f9
L2RAR2_R22_CANON_02_890002__T4_transport_same_time_contact_false_then_true,30,31,1.350000000000001,False,,d758229195d92bec4da8ad471c1ad0cf47a1ee7c491ab9afe9bca8617ff720f3
L2RAR2_R22_CANON_02_890002__T4_transport_same_time_contact_false_then_true,31,32,1.400000000000001,False,,ff91e226a3c59f4b269687874bd7433712bb2ccb46e4ce8328d033da002e4443
L2RAR2_R22_CANON_02_890002__T4_transport_same_time_contact_false_then_true,32,33,1.450000000000001,False,,e844f9df92f67f729f6777de2098e2530e5c8ba60ee019a56da44410859bb086
L2RAR2_R22_CANON_02_890002__T4_transport_same_time_contact_false_then_true,33,34,1.500000000000001,False,,cc670f62354b55dc2c26fdfbd5debfab5505dd947ba63ad6a434d2911e7b901f
L2RAR2_R22_CANON_02_890002__T4_transport_same_time_contact_false_then_true,34,35,1.500000000000001,False,,cc670f62354b55dc2c26fdfbd5debfab5505dd947ba63ad6a434d2911e7b901f
L2RAR2_R22_CANON_02_890002__T4_transport_same_time_contact_false_then_true,35,36,1.5500000000000012,False,,f83a008cbf38cde04cef964201f27c8a12234d8ff32bb85a8b91a5bae757204d
L2RAR2_R22_CANON_02_890002__T4_transport_same_time_contact_false_then_true,36,37,1.6000000000000012,False,,36d11203f053d250a104c99156cae75270d0bf70d75872ada417c093f01781f5
L2RAR2_R22_CANON_02_890002__T4_transport_same_time_contact_false_then_true,37,38,1.6500000000000012,False,,9e75b0c8690c3c764a74ef58fc360f2b1fe345f7e7aafc9e4720e97802e68a54
L2RAR2_R22_CANON_02_890002__T4_transport_same_time_contact_false_then_true,38,39,1.7000000000000013,False,,80a5b6a8f53aa7dec867c427bd09858c212554c00b882f730601211145686a20
L2RAR2_R22_CANON_02_890002__T4_transport_same_time_contact_false_then_true,39,40,1.7500000000000013,False,,05e5d8427bdebcd8f78ea04d9fc2b16048f6ffc47776501cda27bae5c497c3a1
L2RAR2_R22_CANON_02_890002__T4_transport_same_time_contact_false_then_true,40,41,1.8000000000000014,False,,8ab53f2767d42f24ee82d2ab528fdff3f06ccfb8c47a31576ba426fbbbb60f38
L2RAR2_R22_CANON_02_890002__T4_transport_same_time_contact_false_then_true,41,42,1.8500000000000014,False,,8ab53f2767d42f24ee82d2ab528fdff3f06ccfb8c47a31576ba426fbbbb60f38
L2RAR2_R22_CANON_02_890002__T4_transport_same_time_contact_false_then_true,42,43,1.9000000000000015,False,,8c2a3eabeefd96632ec43aadde314f0ab9271f605e99fb2a29ad287e9e728b8e
L2RAR2_R22_CANON_02_890002__T4_transport_same_time_contact_false_then_true,43,44,1.9500000000000015,False,,2d2e230fbdfb34b718b933ca9ae4cd5205c15d71997a86e8642e4b3516308cd7
L2RAR2_R22_CANON_02_890002__T4_transport_same_time_contact_false_then_true,44,45,2.0000000000000013,False,,4781d21550b8245c38881c1d95a1429a5e3d52004324ec2043b9c8508d73e810
L2RAR2_R22_CANON_02_890002__T4_transport_same_time_contact_false_then_true,45,46,2.0500000000000003,False,,8055f266cdab34760a564398284d27913361c89013eb015ea6e508cd33d71ee7
L2RAR2_R22_CANON_02_890002__T4_transport_same_time_contact_false_then_true,46,47,2.099999999999999,False,,4c60b7f4a0e1a3a597e2cb2c3c52991064c535b3488685365692ef430534cb58
L2RAR2_R22_CANON_02_890002__T4_transport_same_time_contact_false_then_true,47,48,2.149999999999998,False,,4c60b7f4a0e1a3a597e2cb2c3c52991064c535b3488685365692ef430534cb58
L2RAR2_R22_CANON_02_890002__T4_transport_same_time_contact_false_then_true,48,49,2.199999999999997,False,,4c60b7f4a0e1a3a597e2cb2c3c52991064c535b3488685365692ef430534cb58
L2RAR2_R22_CANON_02_890002__T4_transport_same_time_contact_false_then_true,49,50,2.249999999999996,False,,e14dffa8d358153ad7dfdf3b2f4f28992c95ed74c8a9a655233e450072f3c6db
L2RAR2_R22_CANON_02_890002__T4_transport_same_time_contact_false_then_true,50,51,2.299999999999995,False,,32f5559af77824d46c4da4e85824d7034b291b69efc47edfeaad292156d28996
L2RAR2_R22_CANON_02_890002__T4_transport_same_time_contact_false_then_true,51,52,2.349999999999994,False,,5a0771e6fbac455d1b92d875c5628ae9480c4373bb9b43dc59aa43c3b8c4dcaa
L2RAR2_R22_CANON_02_890002__T4_transport_same_time_contact_false_then_true,52,53,2.399999999999993,False,,3df2710e2d8524a28802b816d29d15ab1151ebe9f1f30a40f742b58349bf6b6c
L2RAR2_R22_CANON_02_890002__T4_transport_same_time_contact_false_then_true,53,54,2.4499999999999917,False,,f919de03c292ef4f5dbc3b3a31dc6e4e04c5499fbd3aa0af7b1d55c858ac4baa
L2RAR2_R22_CANON_02_890002__T4_transport_same_time_contact_false_then_true,54,55,2.4999999999999907,False,,4c60b7f4a0e1a3a597e2cb2c3c52991064c535b3488685365692ef430534cb58
L2RAR2_R22_CANON_02_890002__T4_transport_same_time_contact_false_then_true,55,56,2.4999999999999907,False,,4c60b7f4a0e1a3a597e2cb2c3c52991064c535b3488685365692ef430534cb58
L2RAR2_R22_CANON_02_890002__T7_transport_strong_phase_00ms,0,0,0.0,False,,82ba1bb7ce292f28765fed0e30c23b429273743c67f1920adad2ebffdeebb6ec
L2RAR2_R22_CANON_02_890002__T7_transport_strong_phase_00ms,1,1,0.05,False,,d3209236857ff14eceef090bb657105984df5b5b6bd84a370a9db9dcfda13bd0
L2RAR2_R22_CANON_02_890002__T7_transport_strong_phase_00ms,2,2,0.09999999999999999,False,,7ae683d6010b59d231a9ff82715325abc6d3b5ec6838e1af26f4b71203068b4f
L2RAR2_R22_CANON_02_890002__T7_transport_strong_phase_00ms,3,3,0.15,False,,90a0ecf8e718f5403ad9f2d6fe94423289439a00bf6b16b5e168b69bcca71119
L2RAR2_R22_CANON_02_890002__T7_transport_strong_phase_00ms,4,4,0.20000000000000004,False,,b3d41b43d3f91a7c9afa1a1ed2636f1c9f12cc06ace9ccaa35f492fcd0f0a9ef
L2RAR2_R22_CANON_02_890002__T7_transport_strong_phase_00ms,5,5,0.20000000000000004,False,,b3d41b43d3f91a7c9afa1a1ed2636f1c9f12cc06ace9ccaa35f492fcd0f0a9ef
L2RAR2_R22_CANON_02_890002__T7_transport_strong_phase_00ms,6,6,0.25000000000000006,False,,0952e07b64c495c92deda43444c86cc373394d937042f10dc2070fa790ea3665
L2RAR2_R22_CANON_02_890002__T7_transport_strong_phase_00ms,7,7,0.3000000000000001,False,,ca17cee4c3f1e5144810df0562249d7a0730cca96601453abe7520af35f30295
L2RAR2_R22_CANON_02_890002__T7_transport_strong_phase_00ms,8,8,0.3000000000000001,False,,ca17cee4c3f1e5144810df0562249d7a0730cca96601453abe7520af35f30295
L2RAR2_R22_CANON_02_890002__T7_transport_strong_phase_00ms,9,9,0.35000000000000014,False,,99fba13a5c7e60f4523e3433850bb899e75d535590d4a21b96e2d596b9012026
L2RAR2_R22_CANON_02_890002__T7_transport_strong_phase_00ms,10,10,0.4000000000000002,False,,9bbd32b266971b29f8511ea250811e0581188a7c8fd95f5e8a0ca04278625353
L2RAR2_R22_CANON_02_890002__T7_transport_strong_phase_00ms,11,11,0.45000000000000023,False,,1f0af4399e23394862cc2da375108edf6f46060128219d95c69b0040ba9d6b98
L2RAR2_R22_CANON_02_890002__T7_transport_strong_phase_00ms,12,12,0.5000000000000002,False,,51a1d7474896aabc5505fc094f57dc8fc3f65d56dcacc89bd5c7d02a826fa2ee
L2RAR2_R22_CANON_02_890002__T7_transport_strong_phase_00ms,13,13,0.5000000000000002,False,,51a1d7474896aabc5505fc094f57dc8fc3f65d56dcacc89bd5c7d02a826fa2ee
L2RAR2_R22_CANON_02_890002__T7_transport_strong_phase_00ms,14,14,0.5500000000000003,False,,f2a87b87ae501bf98bf09e5c888a6d8220421403bbaee9d5fefcbe3bfd2a3768
L2RAR2_R22_CANON_02_890002__T7_transport_strong_phase_00ms,15,15,0.6000000000000003,False,,2dfab522a876dc1e5f9940dedd71be8d2743bf4a91bd8f89796f4ad4e81fc28a
L2RAR2_R22_CANON_02_890002__T7_transport_strong_phase_00ms,16,16,0.6500000000000004,False,,ece14c652b219df4525c6fbddfdd8168ed73dab2a38534bc360e212c433febd0
L2RAR2_R22_CANON_02_890002__T7_transport_strong_phase_00ms,17,17,0.7000000000000004,False,,631527b8fecf3a1ee53e1bf42d03ee4e5ad55fb68cee2764790b2f28ccafc771
L2RAR2_R22_CANON_02_890002__T7_transport_strong_phase_00ms,18,18,0.7500000000000004,False,,11e31644a164f4af17a9a3a0c365d544bdd61ff8096eb76cb939ae8bfcfcfc5e
L2RAR2_R22_CANON_02_890002__T7_transport_strong_phase_00ms,19,19,0.8000000000000005,False,,c928806bc3816642dc19590aca858a03ff76634cebb0c17f34610f28306bf09e
L2RAR2_R22_CANON_02_890002__T7_transport_strong_phase_00ms,20,20,0.8500000000000005,False,,9f74bc13147d094457ade944ce8752b6ee14078f5755927e5bb4a52faa1d8a43
L2RAR2_R22_CANON_02_890002__T7_transport_strong_phase_00ms,21,21,0.9000000000000006,False,,d5301579cc54d03ada2c863da2558e2cbd3cd522e822cd8a3e6b8dd2d7e5c285
L2RAR2_R22_CANON_02_890002__T7_transport_strong_phase_00ms,22,22,0.9500000000000006,False,,fd4e531edc152043728d8eaf8f1f19ef6a5bb6610660cf1a3ab17a51b41fe69b
L2RAR2_R22_CANON_02_890002__T7_transport_strong_phase_00ms,23,23,1.0000000000000007,False,,3349c2ecbf6753d5bcc18f1fa7b1a7196f4c97876a09556f69f85d6efc32c406
L2RAR2_R22_CANON_02_890002__T7_transport_strong_phase_00ms,24,24,1.0500000000000007,False,,bc5d94e19f7f3c2b9df75e89c00ffcaa17248c74079101c48c864f3af5d61f82
L2RAR2_R22_CANON_02_890002__T7_transport_strong_phase_00ms,25,25,1.1000000000000008,False,,1538c8dc85421ad7dd47de21178f5d19a321d545309a535138b22aca61f3c9e2
L2RAR2_R22_CANON_02_890002__T7_transport_strong_phase_00ms,26,26,1.1500000000000008,False,,f93eede09e70d569ed23753b46a6f611f47467fe45ef6863c1c00b539b5e98d8
L2RAR2_R22_CANON_02_890002__T7_transport_strong_phase_00ms,27,27,1.2000000000000008,False,,f5938a523d165db200d7559b510186e74e48d442eb9ac51b62529bb93d045350
L2RAR2_R22_CANON_02_890002__T7_transport_strong_phase_00ms,28,28,1.2500000000000009,False,,077181002f1cdc107654ff6d1595b9e06783404da67fad39dcbb110723e898a4
L2RAR2_R22_CANON_02_890002__T7_transport_strong_phase_00ms,29,29,1.300000000000001,False,,9672a9f92b351b3c8051cef73201c4eb34f98fcd731ef8e2995d6c241436a2f9
L2RAR2_R22_CANON_02_890002__T7_transport_strong_phase_00ms,30,30,1.350000000000001,False,,5ac88bb3eb258d0cf8b7054e01e10993a9baab9bc64023b79bc74e6e8e998e62
L2RAR2_R22_CANON_02_890002__T7_transport_strong_phase_00ms,31,31,1.400000000000001,False,,b47ce6df473a52fa2b9855ccc24989a9bd50a0378af034ec867e446a0cc1d2f9
L2RAR2_R22_CANON_02_890002__T7_transport_strong_phase_00ms,32,32,1.450000000000001,False,,f3704afded88b44361e84af7aec49582bfb443154be17fff812d9ceae11ea54c
L2RAR2_R22_CANON_02_890002__T7_transport_strong_phase_00ms,33,33,1.500000000000001,False,,682f89aa8639a3abb343f312873eb0e76f82cccadc8c36d1469d8e2d2602c31e
L2RAR2_R22_CANON_02_890002__T7_transport_strong_phase_00ms,34,34,1.500000000000001,False,,a964880710c4afd14ea5e3b801c75aecd2badb8d3e7d7dc8763e15245ec83ec8
L2RAR2_R22_CANON_02_890002__T7_transport_strong_phase_00ms,35,35,1.5500000000000012,False,,6aae48065f20169d7dadafe47f5da4b1229b3fb3f89bef584c5608889caaf13c
L2RAR2_R22_CANON_02_890002__T7_transport_strong_phase_00ms,36,36,1.6000000000000012,False,,c391a2386e908c297d57acff60d5d410a327732aea327c3447aaa9c2c73b8269
L2RAR2_R22_CANON_02_890002__T7_transport_strong_phase_00ms,37,37,1.6500000000000012,False,,02c50637c0311b8fb1fbbd7651ea7e239e279e7163b7e33e4c645de0d5949600
L2RAR2_R22_CANON_02_890002__T7_transport_strong_phase_00ms,38,38,1.7000000000000013,False,,8212ba2fde63be4a3012137f570d60d033ae1aff799d2ce05a8ab6988a3a0149
L2RAR2_R22_CANON_02_890002__T7_transport_strong_phase_00ms,39,39,1.7000000000000013,False,,8212ba2fde63be4a3012137f570d60d033ae1aff799d2ce05a8ab6988a3a0149
L2RAR2_R22_CANON_02_890002__T7_transport_strong_phase_00ms,40,40,1.7500000000000013,False,,79a25b78cf7190dd27ee70f13b9ae97d5913bc0b43ef3deade5f8306454c651a
L2RAR2_R22_CANON_02_890002__T7_transport_strong_phase_00ms,41,41,1.8000000000000014,False,,d4b53d06acb16867975e4a6c6475dfa42968ea2470c5f195ac46af416e9d72ce
L2RAR2_R22_CANON_02_890002__T7_transport_strong_phase_00ms,42,42,1.8500000000000014,False,,69f21eb35f497d29f5bb361d3c40419e1c66721080db86cd65f812e6aade070b
L2RAR2_R22_CANON_02_890002__T7_transport_strong_phase_00ms,43,43,1.9000000000000015,False,,f5debfe7fee5eb160d1727bd7f82be8c3aba07f43ceda0b410650e1f60bd91a9
L2RAR2_R22_CANON_02_890002__T7_transport_strong_phase_00ms,44,44,1.9500000000000015,False,,603ac234244bd26d736a54e2fcdbbc5140484badc52899031a207884bea90ce2
L2RAR2_R22_CANON_02_890002__T7_transport_strong_phase_00ms,45,45,2.0000000000000013,False,,d0f2b5898b58a8e3be76c19799ee09e28aa42001ae036b44d5a635a805da52f5
L2RAR2_R22_CANON_02_890002__T7_transport_strong_phase_00ms,46,46,2.0500000000000003,False,,2fb696e1eb617765520ca6d66d0a90925fd2d627b11391707623095565a50917
L2RAR2_R22_CANON_02_890002__T7_transport_strong_phase_00ms,47,47,2.099999999999999,False,,393707b3d6dbd760cd730b302beb5bf8af778cfad7bde800fd756599e23bf0dd
L2RAR2_R22_CANON_02_890002__T7_transport_strong_phase_00ms,48,48,2.149999999999998,False,,a620d472080023bd623f0988c065b14e7dc0854e6742ee85489201ef322a861f
L2RAR2_R22_CANON_02_890002__T7_transport_strong_phase_00ms,49,49,2.199999999999997,False,,a01854e1f6e0592fd441bd392e4eac61847c4a988d45703c6e269a1c29f3ea14
L2RAR2_R22_CANON_02_890002__T7_transport_strong_phase_00ms,50,50,2.249999999999996,False,,23f2d24459d25d3311112600b33f9e1faa811677c632835f47b57a9b8643bbe2
L2RAR2_R22_CANON_02_890002__T7_transport_strong_phase_00ms,51,51,2.299999999999995,False,,b794a5c3e894f29655e603af55cc7529854767e45e7181f081968f08d2b39d6a
L2RAR2_R22_CANON_02_890002__T7_transport_strong_phase_00ms,52,52,2.349999999999994,False,,dd77ebbd921fe5cf9a5398927b12b932901443f2741eeae91df8df1691140b4f
L2RAR2_R22_CANON_02_890002__T7_transport_strong_phase_00ms,53,53,2.399999999999993,False,,77b99430cce2775826749fb2db9e8b955cf880e3a329baab9ec8454809b25922
L2RAR2_R22_CANON_02_890002__T7_transport_strong_phase_00ms,54,54,2.4499999999999917,False,,2d782e5d0390d13b60ed16e601cc2c44d4159f85cdc1b4373afc3953319c6e2b
L2RAR2_R22_CANON_02_890002__T7_transport_strong_phase_00ms,55,55,2.4999999999999907,False,,90ff05f1300c24d3c8cd56f816246e55d4507e8f53dc338b9155256ef9c007e8
L2RAR2_R22_CANON_02_890002__T7_transport_strong_phase_00ms,56,56,2.5499999999999896,False,,394a74cec72c5e646759449e6d99ae686205be0529c47c549ebe8eff52aa6a76
L2RAR2_R22_CANON_02_890002__T7_transport_strong_phase_00ms,57,57,2.5999999999999885,False,,54edb83f69a0edc6180531b94efe3d1d1a9f9511c890450cb58ff5e255c1cefd
L2RAR2_R22_CANON_02_890002__T7_transport_strong_phase_00ms,58,58,2.6499999999999875,False,,face61357140c91e8971c92373bd9b639f8e4e770bd8b3a1f6718c4820c5caff
L2RAR2_R22_CANON_02_890002__T7_transport_strong_phase_00ms,59,59,2.6999999999999864,False,,952d0024f765bcac45f70e06652ba9c6892be9d2e503c0220bc3bb9a33d298a9
L2RAR2_R22_CANON_02_890002__T7_transport_strong_phase_00ms,60,60,2.6999999999999864,False,,952d0024f765bcac45f70e06652ba9c6892be9d2e503c0220bc3bb9a33d298a9
L2RAR2_R22_CANON_03_890003__T11_transport_strong_phase_40ms_rgb_dropout,0,0,0.0,False,,5a4bdece1c4e1c3388f488d3e0659f60bac6cf99345b4ba8548839dc99c9045c
L2RAR2_R22_CANON_03_890003__T11_transport_strong_phase_40ms_rgb_dropout,1,1,0.05,False,,c3db73199882e0c2d5a7d29f8fc836893e65caa6ae646a4b55eff243634a8d02
L2RAR2_R22_CANON_03_890003__T11_transport_strong_phase_40ms_rgb_dropout,2,2,0.09999999999999999,False,,f322738c3d77a55aca4adadad0e7f0edaeb2910b6dc085a14710f9054bce9481
L2RAR2_R22_CANON_03_890003__T11_transport_strong_phase_40ms_rgb_dropout,3,3,0.15,False,,d9738f81e378e8260081d05af34308071700308180880e86393e8e69dbfede09
L2RAR2_R22_CANON_03_890003__T11_transport_strong_phase_40ms_rgb_dropout,4,4,0.20000000000000004,False,,72af55718d205be935f17dda800749247794724da85913c14d745449a23e5dfe
L2RAR2_R22_CANON_03_890003__T11_transport_strong_phase_40ms_rgb_dropout,5,5,0.20000000000000004,False,,72af55718d205be935f17dda800749247794724da85913c14d745449a23e5dfe
L2RAR2_R22_CANON_03_890003__T11_transport_strong_phase_40ms_rgb_dropout,6,6,0.25000000000000006,False,,73ea164a378274abc356b41f79889c77e2051349034c8f3136fc68e79ce318f0
L2RAR2_R22_CANON_03_890003__T11_transport_strong_phase_40ms_rgb_dropout,7,7,0.3000000000000001,False,,9db6e1e2633fabf121d43c7cab7cbe6363c15bfeb2d6837f69d7dec04eaf42c6
L2RAR2_R22_CANON_03_890003__T11_transport_strong_phase_40ms_rgb_dropout,8,8,0.3000000000000001,False,,9db6e1e2633fabf121d43c7cab7cbe6363c15bfeb2d6837f69d7dec04eaf42c6
L2RAR2_R22_CANON_03_890003__T11_transport_strong_phase_40ms_rgb_dropout,9,9,0.35000000000000014,False,,3a0838d3c96b513e58057b9c7f2c4b8951ed4da1399ab1f9c9d4e45cf801cc54
L2RAR2_R22_CANON_03_890003__T11_transport_strong_phase_40ms_rgb_dropout,10,10,0.4000000000000002,False,,10656264bfd0d18bb5c9de3ef8d7a35fb7a865c7e28e54f29536a41b9e8d65ef
L2RAR2_R22_CANON_03_890003__T11_transport_strong_phase_40ms_rgb_dropout,11,11,0.45000000000000023,False,,7193ceb9da26a0015bdeb5541db74d7aaa49c5d1ff33a0d670e19b11e245d8c3
L2RAR2_R22_CANON_03_890003__T11_transport_strong_phase_40ms_rgb_dropout,12,12,0.5000000000000002,False,,1b666693914b5cdfe8837cea1a3d6fa898ca852960604a639e154de71085bf79
L2RAR2_R22_CANON_03_890003__T11_transport_strong_phase_40ms_rgb_dropout,13,13,0.5000000000000002,False,,1b666693914b5cdfe8837cea1a3d6fa898ca852960604a639e154de71085bf79
L2RAR2_R22_CANON_03_890003__T11_transport_strong_phase_40ms_rgb_dropout,14,14,0.5500000000000003,False,,b2af48cc5a0ed0a28c8d5c404fe899d5c5b7a32dd14f0e99a74b0efa18f9806c
L2RAR2_R22_CANON_03_890003__T11_transport_strong_phase_40ms_rgb_dropout,15,15,0.6000000000000003,False,,b52ada0f0ca5dc19d3857097c8a6b008739b7d02b27b575fc5ee2ba8ea0ab24e
L2RAR2_R22_CANON_03_890003__T11_transport_strong_phase_40ms_rgb_dropout,16,16,0.6500000000000004,False,,76a0b34d8a6a8ff04f94bbff022784e1084e6914e567d61a2221e8f03bb22a4b
L2RAR2_R22_CANON_03_890003__T11_transport_strong_phase_40ms_rgb_dropout,17,17,0.7000000000000004,False,,39a59de3f6e3cf4c9b018527ad41bf5dbd3581737031a6f2024300ae19bcfe32
L2RAR2_R22_CANON_03_890003__T11_transport_strong_phase_40ms_rgb_dropout,18,18,0.7500000000000004,False,,221c7443ec7b0cca54e2a9710a6df41dfc0386d9f016e6e4ebb1bb41e3f693fc
L2RAR2_R22_CANON_03_890003__T11_transport_strong_phase_40ms_rgb_dropout,19,19,0.8000000000000005,False,,2e42077eee63188a09ee3420f35e6cbf504bb46dc34c701f4c65fcc676caf75e
L2RAR2_R22_CANON_03_890003__T11_transport_strong_phase_40ms_rgb_dropout,20,20,0.8500000000000005,False,,b96842affe109565505e905d12aae42ab444a62d96d5d1e611e6e481eabe1b73
L2RAR2_R22_CANON_03_890003__T11_transport_strong_phase_40ms_rgb_dropout,21,21,0.9000000000000006,False,,4bc274f9cbd976496e5f5a678f4fc0d5b96c2ed91fb1e1d1540295aed17b0ff8
L2RAR2_R22_CANON_03_890003__T11_transport_strong_phase_40ms_rgb_dropout,22,22,0.9500000000000006,False,,4bc274f9cbd976496e5f5a678f4fc0d5b96c2ed91fb1e1d1540295aed17b0ff8
L2RAR2_R22_CANON_03_890003__T11_transport_strong_phase_40ms_rgb_dropout,23,23,1.0000000000000007,False,,ef7738800cd30ea42b39f64cd351ce3f35e855ab580fd5d58513a9a663b42d88
L2RAR2_R22_CANON_03_890003__T11_transport_strong_phase_40ms_rgb_dropout,24,24,1.0500000000000007,False,,4bc274f9cbd976496e5f5a678f4fc0d5b96c2ed91fb1e1d1540295aed17b0ff8
L2RAR2_R22_CANON_03_890003__T11_transport_strong_phase_40ms_rgb_dropout,25,25,1.1000000000000008,False,,8bad2ee5787eeb7e5276a147cf7a15487b868ee2854873d351e96219c3c95ebe
L2RAR2_R22_CANON_03_890003__T11_transport_strong_phase_40ms_rgb_dropout,26,26,1.1500000000000008,False,,db5cde32cd633803eb4a101552807d23f548f3a65fd6b93a2c1b39786d853dfd
L2RAR2_R22_CANON_03_890003__T11_transport_strong_phase_40ms_rgb_dropout,27,27,1.2000000000000008,False,,9d03a6f0a1c29c4c97398d6568be4d2dfe8648c9adc1188540143496b1520ef5
L2RAR2_R22_CANON_03_890003__T11_transport_strong_phase_40ms_rgb_dropout,28,28,1.2500000000000009,False,,1c7a154c093b9664bfae0e9f403388ff8d50b8af9efcfe311fd0f93f3308e247
L2RAR2_R22_CANON_03_890003__T11_transport_strong_phase_40ms_rgb_dropout,29,29,1.300000000000001,False,,47cade47802641df1ec36ac56349349d2fd75883020d2bb3b0807b3799e40b41
L2RAR2_R22_CANON_03_890003__T11_transport_strong_phase_40ms_rgb_dropout,30,30,1.350000000000001,False,,7c8f17f08f5c831359fffa01f45e242c6dac6d68297a8abcad25375be5869245
L2RAR2_R22_CANON_03_890003__T11_transport_strong_phase_40ms_rgb_dropout,31,31,1.400000000000001,False,,531e635c759fbe0eb07d4119e2b1e0f5b9ccd0f6c6f8984909333b6a88a5e43e
L2RAR2_R22_CANON_03_890003__T11_transport_strong_phase_40ms_rgb_dropout,32,32,1.450000000000001,False,,
L2RAR2_R22_CANON_03_890003__T11_transport_strong_phase_40ms_rgb_dropout,33,33,1.500000000000001,False,,
L2RAR2_R22_CANON_03_890003__T11_transport_strong_phase_40ms_rgb_dropout,34,34,1.5400000000000011,False,,f981f152e307c75a1efe3293edb63bf1268aa778423450bb3f6aef595861350a
L2RAR2_R22_CANON_03_890003__T11_transport_strong_phase_40ms_rgb_dropout,35,35,1.5500000000000012,False,,
L2RAR2_R22_CANON_03_890003__T11_transport_strong_phase_40ms_rgb_dropout,36,36,1.6000000000000012,False,,252b448dbc6c4ee4ba0d67a93603fb47d74c0c7fe53f07778448d912ec6580d1
L2RAR2_R22_CANON_03_890003__T11_transport_strong_phase_40ms_rgb_dropout,37,37,1.6500000000000012,False,,74fa57b5acf07e73a5bfb7f70c3570850dc2f9be698aea9468349069d1a3c1fc
L2RAR2_R22_CANON_03_890003__T11_transport_strong_phase_40ms_rgb_dropout,38,38,1.7000000000000013,False,,bdbca427a4b22e512b331e8b45bc7babd0fe9bc3120bfb97bdbad19daa479515
L2RAR2_R22_CANON_03_890003__T11_transport_strong_phase_40ms_rgb_dropout,39,39,1.7400000000000013,False,,3c170267ccc7d25ad8fd111eaca7493a2fed56d80674e233c5475f9eb07bbedc
L2RAR2_R22_CANON_03_890003__T11_transport_strong_phase_40ms_rgb_dropout,40,40,1.7500000000000013,False,,388035a01be686e503ccdbd534c6ea9ee6d33d1c99e22fd653f1008b613940c3
L2RAR2_R22_CANON_03_890003__T11_transport_strong_phase_40ms_rgb_dropout,41,41,1.8000000000000014,False,,686197a603eaac277334f614a93889529342379412ee432586c2b45d910f4a19
L2RAR2_R22_CANON_03_890003__T11_transport_strong_phase_40ms_rgb_dropout,42,42,1.8500000000000014,False,,239197d151b6b7987047c99efe455c6e7a1694c0e2c31dda67e4c47558abb0a7
L2RAR2_R22_CANON_03_890003__T11_transport_strong_phase_40ms_rgb_dropout,43,43,1.9000000000000015,False,,f97111517b904285705315fc70d90e36da54b60fb55de57e9811867b6b63f205
L2RAR2_R22_CANON_03_890003__T11_transport_strong_phase_40ms_rgb_dropout,44,44,1.9500000000000015,False,,05de54846c26ed66396a5fd3652ab545ed712bbf444e19eb21049ffcee1aec8c
L2RAR2_R22_CANON_03_890003__T11_transport_strong_phase_40ms_rgb_dropout,45,45,2.0000000000000013,False,,b2f98f28ec6831d86527659713d72ecd675e65a53574eb6a455df57a1bff2e25
L2RAR2_R22_CANON_03_890003__T11_transport_strong_phase_40ms_rgb_dropout,46,46,2.0500000000000003,False,,0a2a2a3ce808cc36eba607bf7dc07e9f7ee21c6979831dd5b718aa1ee6d78dc6
L2RAR2_R22_CANON_03_890003__T11_transport_strong_phase_40ms_rgb_dropout,47,47,2.099999999999999,False,,4aa0947b620d3d7d6d05911de1dc85c7afba651b2c3f0f1b76f8b15e0545ecda
L2RAR2_R22_CANON_03_890003__T11_transport_strong_phase_40ms_rgb_dropout,48,48,2.149999999999998,False,,4d9bb1c478eb47bb4e0aed758770ec8444d3eed54e84a34368ce58ef3b5d6150
L2RAR2_R22_CANON_03_890003__T11_transport_strong_phase_40ms_rgb_dropout,49,49,2.199999999999997,False,,49138fee0af26e0a650545b1858c40ba68a06b88c68185b0f8f8254f02ba85b0
L2RAR2_R22_CANON_03_890003__T11_transport_strong_phase_40ms_rgb_dropout,50,50,2.249999999999996,False,,d53b5ba9ade58958796d5918482c75478e9f62e0ae797a311096dd0c025d053e
L2RAR2_R22_CANON_03_890003__T11_transport_strong_phase_40ms_rgb_dropout,51,51,2.299999999999995,False,,36fc2746f1e5092b55057d6e76fff34a8c06097134b5aa6f89ab594cc33d861b
L2RAR2_R22_CANON_03_890003__T11_transport_strong_phase_40ms_rgb_dropout,52,52,2.349999999999994,False,,fb7ed8d27f8d534de7056eb6f9b59ae4ee3c040c78f467a880aaeb35f4250ae8
L2RAR2_R22_CANON_03_890003__T11_transport_strong_phase_40ms_rgb_dropout,53,53,2.399999999999993,False,,c5e5e40100b7bc3edfc5e9458533527068111685ed9af987f1554ad11c38e96c
L2RAR2_R22_CANON_03_890003__T11_transport_strong_phase_40ms_rgb_dropout,54,54,2.4499999999999917,False,,1e21ae51d700b377658e760c6d590415e540b05075653ecf27d7b858a2230326
L2RAR2_R22_CANON_03_890003__T11_transport_strong_phase_40ms_rgb_dropout,55,55,2.4999999999999907,False,,4a29beed71d8c077f8b8e097abcafd8e85abf2b88d8bd62f51372dde046a4622
L2RAR2_R22_CANON_03_890003__T11_transport_strong_phase_40ms_rgb_dropout,56,56,2.5499999999999896,False,,a8c51f38dadc4929cf3dce644fd4d0e101b778248fcfec371a87f3ecb27a3582
L2RAR2_R22_CANON_03_890003__T11_transport_strong_phase_40ms_rgb_dropout,57,57,2.5999999999999885,False,,de55b90c0280037e2fbe350c44f1bd81217416b55f0e6acdc573c16997b5d17a
L2RAR2_R22_CANON_03_890003__T11_transport_strong_phase_40ms_rgb_dropout,58,58,2.6499999999999875,False,,c804b4c88f5bcc0c1de95d7c1355273119d5ab519f938bdf8924d94c5d97d4c8
L2RAR2_R22_CANON_03_890003__T11_transport_strong_phase_40ms_rgb_dropout,59,59,2.6999999999999864,False,,d7cb58ff1a0334d079b779ba5da17414cec76ff4cede7b8db728159e6d53e3f0
L2RAR2_R22_CANON_03_890003__T11_transport_strong_phase_40ms_rgb_dropout,60,60,2.7399999999999856,False,,81b09c739f339de547696c9637d6c1cc32d095e73b2a5f0f7cf778f753865a41
L2RAR2_R22_CANON_03_890003__T12_transport_commanded_release,0,0,0.0,False,,5a4bdece1c4e1c3388f488d3e0659f60bac6cf99345b4ba8548839dc99c9045c
L2RAR2_R22_CANON_03_890003__T12_transport_commanded_release,1,1,0.05,False,,c3db73199882e0c2d5a7d29f8fc836893e65caa6ae646a4b55eff243634a8d02
L2RAR2_R22_CANON_03_890003__T12_transport_commanded_release,2,2,0.09999999999999999,False,,f322738c3d77a55aca4adadad0e7f0edaeb2910b6dc085a14710f9054bce9481
L2RAR2_R22_CANON_03_890003__T12_transport_commanded_release,3,3,0.15,False,,d9738f81e378e8260081d05af34308071700308180880e86393e8e69dbfede09
L2RAR2_R22_CANON_03_890003__T12_transport_commanded_release,4,4,0.20000000000000004,False,,72af55718d205be935f17dda800749247794724da85913c14d745449a23e5dfe
L2RAR2_R22_CANON_03_890003__T12_transport_commanded_release,5,5,0.20000000000000004,False,,72af55718d205be935f17dda800749247794724da85913c14d745449a23e5dfe
L2RAR2_R22_CANON_03_890003__T12_transport_commanded_release,6,6,0.25000000000000006,False,,73ea164a378274abc356b41f79889c77e2051349034c8f3136fc68e79ce318f0
L2RAR2_R22_CANON_03_890003__T12_transport_commanded_release,7,7,0.3000000000000001,False,,9db6e1e2633fabf121d43c7cab7cbe6363c15bfeb2d6837f69d7dec04eaf42c6
L2RAR2_R22_CANON_03_890003__T12_transport_commanded_release,8,8,0.3000000000000001,False,,9db6e1e2633fabf121d43c7cab7cbe6363c15bfeb2d6837f69d7dec04eaf42c6
L2RAR2_R22_CANON_03_890003__T12_transport_commanded_release,9,9,0.35000000000000014,False,,3a0838d3c96b513e58057b9c7f2c4b8951ed4da1399ab1f9c9d4e45cf801cc54
L2RAR2_R22_CANON_03_890003__T12_transport_commanded_release,10,10,0.4000000000000002,False,,10656264bfd0d18bb5c9de3ef8d7a35fb7a865c7e28e54f29536a41b9e8d65ef
L2RAR2_R22_CANON_03_890003__T12_transport_commanded_release,11,11,0.45000000000000023,False,,7193ceb9da26a0015bdeb5541db74d7aaa49c5d1ff33a0d670e19b11e245d8c3
L2RAR2_R22_CANON_03_890003__T12_transport_commanded_release,12,12,0.5000000000000002,False,,1b666693914b5cdfe8837cea1a3d6fa898ca852960604a639e154de71085bf79
L2RAR2_R22_CANON_03_890003__T12_transport_commanded_release,13,13,0.5000000000000002,False,,1b666693914b5cdfe8837cea1a3d6fa898ca852960604a639e154de71085bf79
L2RAR2_R22_CANON_03_890003__T12_transport_commanded_release,14,14,0.5500000000000003,False,,b2af48cc5a0ed0a28c8d5c404fe899d5c5b7a32dd14f0e99a74b0efa18f9806c
L2RAR2_R22_CANON_03_890003__T12_transport_commanded_release,15,15,0.6000000000000003,False,,b52ada0f0ca5dc19d3857097c8a6b008739b7d02b27b575fc5ee2ba8ea0ab24e
L2RAR2_R22_CANON_03_890003__T12_transport_commanded_release,16,16,0.6500000000000004,False,,76a0b34d8a6a8ff04f94bbff022784e1084e6914e567d61a2221e8f03bb22a4b
L2RAR2_R22_CANON_03_890003__T12_transport_commanded_release,17,17,0.7000000000000004,False,,39a59de3f6e3cf4c9b018527ad41bf5dbd3581737031a6f2024300ae19bcfe32
L2RAR2_R22_CANON_03_890003__T12_transport_commanded_release,18,18,0.7500000000000004,False,,221c7443ec7b0cca54e2a9710a6df41dfc0386d9f016e6e4ebb1bb41e3f693fc
L2RAR2_R22_CANON_03_890003__T12_transport_commanded_release,19,19,0.8000000000000005,False,,2e42077eee63188a09ee3420f35e6cbf504bb46dc34c701f4c65fcc676caf75e
L2RAR2_R22_CANON_03_890003__T12_transport_commanded_release,20,20,0.8500000000000005,False,,b96842affe109565505e905d12aae42ab444a62d96d5d1e611e6e481eabe1b73
L2RAR2_R22_CANON_03_890003__T12_transport_commanded_release,21,21,0.9000000000000006,False,,4bc274f9cbd976496e5f5a678f4fc0d5b96c2ed91fb1e1d1540295aed17b0ff8
L2RAR2_R22_CANON_03_890003__T12_transport_commanded_release,22,22,0.9500000000000006,False,,4bc274f9cbd976496e5f5a678f4fc0d5b96c2ed91fb1e1d1540295aed17b0ff8
L2RAR2_R22_CANON_03_890003__T12_transport_commanded_release,23,23,1.0000000000000007,False,,ef7738800cd30ea42b39f64cd351ce3f35e855ab580fd5d58513a9a663b42d88
L2RAR2_R22_CANON_03_890003__T12_transport_commanded_release,24,24,1.0500000000000007,False,,4bc274f9cbd976496e5f5a678f4fc0d5b96c2ed91fb1e1d1540295aed17b0ff8
L2RAR2_R22_CANON_03_890003__T12_transport_commanded_release,25,25,1.1000000000000008,False,,8bad2ee5787eeb7e5276a147cf7a15487b868ee2854873d351e96219c3c95ebe
L2RAR2_R22_CANON_03_890003__T12_transport_commanded_release,26,26,1.1500000000000008,False,,db5cde32cd633803eb4a101552807d23f548f3a65fd6b93a2c1b39786d853dfd
L2RAR2_R22_CANON_03_890003__T12_transport_commanded_release,27,27,1.2000000000000008,False,,9d03a6f0a1c29c4c97398d6568be4d2dfe8648c9adc1188540143496b1520ef5
L2RAR2_R22_CANON_03_890003__T12_transport_commanded_release,28,28,1.2500000000000009,False,,1c7a154c093b9664bfae0e9f403388ff8d50b8af9efcfe311fd0f93f3308e247
L2RAR2_R22_CANON_03_890003__T12_transport_commanded_release,29,29,1.300000000000001,False,,47cade47802641df1ec36ac56349349d2fd75883020d2bb3b0807b3799e40b41
L2RAR2_R22_CANON_03_890003__T12_transport_commanded_release,30,30,1.350000000000001,False,,165bf0e14c608a2e124d11242f6748abdb744cd560eb866f884251d7843ecad7
L2RAR2_R22_CANON_03_890003__T12_transport_commanded_release,31,31,1.400000000000001,False,,cc6aa82e153ab2ce449e79193f352cdc3bef8a2d92c56dd7691d74e0fea60a56
L2RAR2_R22_CANON_03_890003__T12_transport_commanded_release,32,32,1.450000000000001,False,,3756328c3c9324b6e4f9a113edb21e13cca3274898f42545b7ae55d7b63f7803
L2RAR2_R22_CANON_03_890003__T12_transport_commanded_release,33,33,1.500000000000001,False,,906d4d8de6fffda2ec9222236b49c1bf0ed7807594ce2b756e15f3f2122f3502
L2RAR2_R22_CANON_03_890003__T12_transport_commanded_release,34,34,1.5500000000000012,False,,2c7d53adc55ff8e98f0f5bc7dbc452f2b885ac96c37812c063b23150ebf813dc
L2RAR2_R22_CANON_03_890003__T12_transport_commanded_release,35,35,1.6000000000000012,False,,9b4f24a2b4266a2a1e7c83b8c40837902176719a7fe63222b869f2bc3b89e09e
L2RAR2_R22_CANON_03_890003__T12_transport_commanded_release,36,36,1.6500000000000012,False,,6ea2a16a4de3ab18dab686d619e49ad639332300be7ee8f39e6c6c22a2e05763
L2RAR2_R22_CANON_03_890003__T12_transport_commanded_release,37,37,1.7000000000000013,False,,4872c98b5970ab394b8c94005c040d95ca1b8f93b6b1ad83c1c8012ac1972997
L2RAR2_R22_CANON_03_890003__T12_transport_commanded_release,38,38,1.7500000000000013,False,,f333c48d1d33047c288b0c6dec0bdd6ff52db6a047b30d81a9932fdc5576f4bf
L2RAR2_R22_CANON_03_890003__T12_transport_commanded_release,39,39,1.8000000000000014,False,,7c85f9a468b34fbfd9c4ab7a152059867c9d4edc9aa8eaec392a683788148db3
L2RAR2_R22_CANON_03_890003__T12_transport_commanded_release,40,40,1.8200000000000014,False,,d0768fb1b7dccf681e212e587b8cbc898cf0c1b2e7cda5e5ccf62dd89a7b641f
L2RAR2_R22_CANON_03_890003__T12_transport_commanded_release,41,41,1.8500000000000014,False,,342e3ab7e9d8bae64bee7c664c8e1afc892a1d1cffaab8969b86d2ad2fa21e2d
L2RAR2_R22_CANON_03_890003__T12_transport_commanded_release,42,42,1.9000000000000015,False,,8de54036a98c15b0091784f083cfc24cdf18568bd3ad964895ab55028621f8ff
L2RAR2_R22_CANON_03_890003__T12_transport_commanded_release,43,43,1.9500000000000015,False,,1a6801abd77f28b2120e4b808b8c5da35c11e4a59e03713fea50a99cb37a7cf9
L2RAR2_R22_CANON_03_890003__T12_transport_commanded_release,44,44,2.0000000000000013,False,,4f56106f8fea31e6a205e508397f55bdc9be1f72984763fbf0e57e4dbcb9055f
L2RAR2_R22_CANON_03_890003__T12_transport_commanded_release,45,45,2.020000000000001,False,,9adf6889b8fa4c20081f3f70e4be93f282cfe478a46e1d3f31f2216801ef676f
L2RAR2_R22_CANON_03_890003__T12_transport_commanded_release,46,46,2.0500000000000003,False,,95e1e4d0eb7a017b80b6dcf7fa654b816f752243f6a365ef926936a626c23dc8
L2RAR2_R22_CANON_03_890003__T12_transport_commanded_release,47,47,2.099999999999999,False,,3303faa1d923fbad4d6588fc785ce85d2bb1ff392657036a2767537def3f8a1c
L2RAR2_R22_CANON_03_890003__T12_transport_commanded_release,48,48,2.149999999999998,False,,0a281dc90b6746675aee2b0445e92166b748706fb8d8c44fa4c840c54efb4105
L2RAR2_R22_CANON_03_890003__T12_transport_commanded_release,49,49,2.199999999999997,False,,b2d6c524305ebf8a6f67c0ebc45e2e197079bb005228a0f3642c22e9ae6429ba
L2RAR2_R22_CANON_03_890003__T12_transport_commanded_release,50,50,2.249999999999996,False,,53b2cab132a944abaf2e19df2bf45c6d9571c39ff0e9afcb5a0b5c1b7c4df567
L2RAR2_R22_CANON_03_890003__T12_transport_commanded_release,51,51,2.299999999999995,False,,c6ad242d7c33d2347cc41cecbadf82325b322285b56a16a1024c34412d29d17a
L2RAR2_R22_CANON_03_890003__T12_transport_commanded_release,52,52,2.349999999999994,False,,50ff90928ee5c9f29ceccf9d30927c76200ff7dbf34fcd7026dcd2861bd5c3b3
L2RAR2_R22_CANON_03_890003__T12_transport_commanded_release,53,53,2.399999999999993,False,,add19d902f8005d208bbf46bc3b45cd81fc4c11d693d2b50c87bf09d9066fae2
L2RAR2_R22_CANON_03_890003__T12_transport_commanded_release,54,54,2.4499999999999917,False,,50ff90928ee5c9f29ceccf9d30927c76200ff7dbf34fcd7026dcd2861bd5c3b3
L2RAR2_R22_CANON_03_890003__T12_transport_commanded_release,55,55,2.4999999999999907,False,,53b2cab132a944abaf2e19df2bf45c6d9571c39ff0e9afcb5a0b5c1b7c4df567
L2RAR2_R22_CANON_03_890003__T12_transport_commanded_release,56,56,2.5499999999999896,False,,fd892a69bbefc883d0ed3b7cf301a55529c747fdb008a19e019047d2eaf435ac
L2RAR2_R22_CANON_03_890003__T12_transport_commanded_release,57,57,2.5999999999999885,False,,53b2cab132a944abaf2e19df2bf45c6d9571c39ff0e9afcb5a0b5c1b7c4df567
L2RAR2_R22_CANON_03_890003__T12_transport_commanded_release,58,58,2.6499999999999875,False,,5d2ad8a5cbf1c07f3b4dfcf95b8080aa03a200a516108c66a01c5d8c4ac4a831
L2RAR2_R22_CANON_03_890003__T12_transport_commanded_release,59,59,2.6999999999999864,False,,762be3cfc3a44a9bdf2b35c06cdc3d96f707a185e5d5e0fa735dc3a8d34fa33d
L2RAR2_R22_CANON_03_890003__T12_transport_commanded_release,60,60,2.7499999999999853,False,,5d2ad8a5cbf1c07f3b4dfcf95b8080aa03a200a516108c66a01c5d8c4ac4a831
L2RAR2_R22_CANON_03_890003__T12_transport_commanded_release,61,61,2.7999999999999843,False,,5761a9e91d38a39e4da5d9cd9eca7223abcaf08d16bd8a07355f03b652b878a4
L2RAR2_R22_CANON_03_890003__T12_transport_commanded_release,62,62,2.849999999999983,False,,f313eafa0c69e0775906934efcadf06af208d5d1615bab05c06777552c8b2dff
L2RAR2_R22_CANON_03_890003__T12_transport_commanded_release,63,63,2.899999999999982,False,,b55be086a568b9a759a1a9325bcd0934b4dfc3abfdcbb1f411849a18534a22aa
L2RAR2_R22_CANON_03_890003__T12_transport_commanded_release,64,64,2.949999999999981,False,,5a462968a8f76eb22c4ad387dadf7bb7e9e95704ddcb64228938f75c367c00aa
L2RAR2_R22_CANON_03_890003__T12_transport_commanded_release,65,65,2.99999999999998,False,,9f3257ed89fa9934963cf5a456546153f3090df0a9a5b8f75509816419b5ecec
L2RAR2_R22_CANON_03_890003__T12_transport_commanded_release,66,66,3.0199999999999796,False,,5a462968a8f76eb22c4ad387dadf7bb7e9e95704ddcb64228938f75c367c00aa
L2RAR2_R22_CANON_03_890003__T1_transport_stable_clean,0,0,0.0,False,,5a4bdece1c4e1c3388f488d3e0659f60bac6cf99345b4ba8548839dc99c9045c
L2RAR2_R22_CANON_03_890003__T1_transport_stable_clean,1,1,0.05,False,,c3db73199882e0c2d5a7d29f8fc836893e65caa6ae646a4b55eff243634a8d02
L2RAR2_R22_CANON_03_890003__T1_transport_stable_clean,2,2,0.09999999999999999,False,,f322738c3d77a55aca4adadad0e7f0edaeb2910b6dc085a14710f9054bce9481
L2RAR2_R22_CANON_03_890003__T1_transport_stable_clean,3,3,0.15,False,,d9738f81e378e8260081d05af34308071700308180880e86393e8e69dbfede09
L2RAR2_R22_CANON_03_890003__T1_transport_stable_clean,4,4,0.20000000000000004,False,,72af55718d205be935f17dda800749247794724da85913c14d745449a23e5dfe
L2RAR2_R22_CANON_03_890003__T1_transport_stable_clean,5,5,0.20000000000000004,False,,72af55718d205be935f17dda800749247794724da85913c14d745449a23e5dfe
L2RAR2_R22_CANON_03_890003__T1_transport_stable_clean,6,6,0.25000000000000006,False,,73ea164a378274abc356b41f79889c77e2051349034c8f3136fc68e79ce318f0
L2RAR2_R22_CANON_03_890003__T1_transport_stable_clean,7,7,0.3000000000000001,False,,9db6e1e2633fabf121d43c7cab7cbe6363c15bfeb2d6837f69d7dec04eaf42c6
L2RAR2_R22_CANON_03_890003__T1_transport_stable_clean,8,8,0.3000000000000001,False,,9db6e1e2633fabf121d43c7cab7cbe6363c15bfeb2d6837f69d7dec04eaf42c6
L2RAR2_R22_CANON_03_890003__T1_transport_stable_clean,9,9,0.35000000000000014,False,,3a0838d3c96b513e58057b9c7f2c4b8951ed4da1399ab1f9c9d4e45cf801cc54
L2RAR2_R22_CANON_03_890003__T1_transport_stable_clean,10,10,0.4000000000000002,False,,10656264bfd0d18bb5c9de3ef8d7a35fb7a865c7e28e54f29536a41b9e8d65ef
L2RAR2_R22_CANON_03_890003__T1_transport_stable_clean,11,11,0.45000000000000023,False,,7193ceb9da26a0015bdeb5541db74d7aaa49c5d1ff33a0d670e19b11e245d8c3
L2RAR2_R22_CANON_03_890003__T1_transport_stable_clean,12,12,0.5000000000000002,False,,1b666693914b5cdfe8837cea1a3d6fa898ca852960604a639e154de71085bf79
L2RAR2_R22_CANON_03_890003__T1_transport_stable_clean,13,13,0.5000000000000002,False,,1b666693914b5cdfe8837cea1a3d6fa898ca852960604a639e154de71085bf79
L2RAR2_R22_CANON_03_890003__T1_transport_stable_clean,14,14,0.5500000000000003,False,,b2af48cc5a0ed0a28c8d5c404fe899d5c5b7a32dd14f0e99a74b0efa18f9806c
L2RAR2_R22_CANON_03_890003__T1_transport_stable_clean,15,15,0.6000000000000003,False,,b52ada0f0ca5dc19d3857097c8a6b008739b7d02b27b575fc5ee2ba8ea0ab24e
L2RAR2_R22_CANON_03_890003__T1_transport_stable_clean,16,16,0.6500000000000004,False,,76a0b34d8a6a8ff04f94bbff022784e1084e6914e567d61a2221e8f03bb22a4b
L2RAR2_R22_CANON_03_890003__T1_transport_stable_clean,17,17,0.7000000000000004,False,,39a59de3f6e3cf4c9b018527ad41bf5dbd3581737031a6f2024300ae19bcfe32
L2RAR2_R22_CANON_03_890003__T1_transport_stable_clean,18,18,0.7500000000000004,False,,221c7443ec7b0cca54e2a9710a6df41dfc0386d9f016e6e4ebb1bb41e3f693fc
L2RAR2_R22_CANON_03_890003__T1_transport_stable_clean,19,19,0.8000000000000005,False,,2e42077eee63188a09ee3420f35e6cbf504bb46dc34c701f4c65fcc676caf75e
L2RAR2_R22_CANON_03_890003__T1_transport_stable_clean,20,20,0.8500000000000005,False,,b96842affe109565505e905d12aae42ab444a62d96d5d1e611e6e481eabe1b73
L2RAR2_R22_CANON_03_890003__T1_transport_stable_clean,21,21,0.9000000000000006,False,,4bc274f9cbd976496e5f5a678f4fc0d5b96c2ed91fb1e1d1540295aed17b0ff8
L2RAR2_R22_CANON_03_890003__T1_transport_stable_clean,22,22,0.9500000000000006,False,,4bc274f9cbd976496e5f5a678f4fc0d5b96c2ed91fb1e1d1540295aed17b0ff8
L2RAR2_R22_CANON_03_890003__T1_transport_stable_clean,23,23,1.0000000000000007,False,,ef7738800cd30ea42b39f64cd351ce3f35e855ab580fd5d58513a9a663b42d88
L2RAR2_R22_CANON_03_890003__T1_transport_stable_clean,24,24,1.0500000000000007,False,,4bc274f9cbd976496e5f5a678f4fc0d5b96c2ed91fb1e1d1540295aed17b0ff8
L2RAR2_R22_CANON_03_890003__T1_transport_stable_clean,25,25,1.1000000000000008,False,,8bad2ee5787eeb7e5276a147cf7a15487b868ee2854873d351e96219c3c95ebe
L2RAR2_R22_CANON_03_890003__T1_transport_stable_clean,26,26,1.1500000000000008,False,,db5cde32cd633803eb4a101552807d23f548f3a65fd6b93a2c1b39786d853dfd
L2RAR2_R22_CANON_03_890003__T1_transport_stable_clean,27,27,1.2000000000000008,False,,9d03a6f0a1c29c4c97398d6568be4d2dfe8648c9adc1188540143496b1520ef5
L2RAR2_R22_CANON_03_890003__T1_transport_stable_clean,28,28,1.2500000000000009,False,,1c7a154c093b9664bfae0e9f403388ff8d50b8af9efcfe311fd0f93f3308e247
L2RAR2_R22_CANON_03_890003__T1_transport_stable_clean,29,29,1.300000000000001,False,,47cade47802641df1ec36ac56349349d2fd75883020d2bb3b0807b3799e40b41
L2RAR2_R22_CANON_03_890003__T1_transport_stable_clean,30,30,1.350000000000001,False,,e16e1625a8d396b95632f5bde1f3c9bcd5d7752cdb035ffbe74408b9afaa9985
L2RAR2_R22_CANON_03_890003__T1_transport_stable_clean,31,31,1.400000000000001,False,,f254369c62db9da4b07a703ce3ed68a0182f35a804dcff91e2ffa536a2025c71
L2RAR2_R22_CANON_03_890003__T1_transport_stable_clean,32,32,1.450000000000001,False,,e33c7d8b343e14d4944117ac14dd472492622a4de8a34af4527701baea46c711
L2RAR2_R22_CANON_03_890003__T1_transport_stable_clean,33,33,1.500000000000001,False,,94ad39334f36700557d83966d91c3f3f9303dac8527df47d4e7ca5a4208c1d75
L2RAR2_R22_CANON_03_890003__T1_transport_stable_clean,34,34,1.500000000000001,False,,94ad39334f36700557d83966d91c3f3f9303dac8527df47d4e7ca5a4208c1d75
L2RAR2_R22_CANON_03_890003__T1_transport_stable_clean,35,35,1.5500000000000012,False,,3c49e8e5d8da531f1d3be00dccdb95331797ab1bd30980f3b031113b49107eca
L2RAR2_R22_CANON_03_890003__T1_transport_stable_clean,36,36,1.6000000000000012,False,,8a46d4469724de4d0ebcb5dd5ef1026617ffd5de4482fedda5d8543784eefbff
L2RAR2_R22_CANON_03_890003__T1_transport_stable_clean,37,37,1.6500000000000012,False,,8eaac902200304c86d50bff1af14a04e338bcd3ac0096f941402bdbb58596481
L2RAR2_R22_CANON_03_890003__T1_transport_stable_clean,38,38,1.7000000000000013,False,,65b7d0653be492908414d21d761f39fff9e3df3a35922573df27f3c7d93e6d4a
L2RAR2_R22_CANON_03_890003__T1_transport_stable_clean,39,39,1.7500000000000013,False,,cf2cea9416920cf394be5df1b1daf807a1e33918dee67dacd804c278e6ba5739
L2RAR2_R22_CANON_03_890003__T1_transport_stable_clean,40,40,1.8000000000000014,False,,0ce212480d089b99888dd6626225dfe7459781c57143f536b2572c167d3a98c9
L2RAR2_R22_CANON_03_890003__T1_transport_stable_clean,41,41,1.8500000000000014,False,,0be0b8ad318cf8848ca62367a5f8948cff48eaa780bbfd37762ad48f2e17b4c8
L2RAR2_R22_CANON_03_890003__T1_transport_stable_clean,42,42,1.9000000000000015,False,,0ad096ff9a7efbbd00baad78fa88b655faf411dce14093be3ab2d67bf20aef51
L2RAR2_R22_CANON_03_890003__T1_transport_stable_clean,43,43,1.9500000000000015,False,,0ad096ff9a7efbbd00baad78fa88b655faf411dce14093be3ab2d67bf20aef51
L2RAR2_R22_CANON_03_890003__T1_transport_stable_clean,44,44,2.0000000000000013,False,,0ad096ff9a7efbbd00baad78fa88b655faf411dce14093be3ab2d67bf20aef51
L2RAR2_R22_CANON_03_890003__T1_transport_stable_clean,45,45,2.0500000000000003,False,,0ad096ff9a7efbbd00baad78fa88b655faf411dce14093be3ab2d67bf20aef51
L2RAR2_R22_CANON_03_890003__T1_transport_stable_clean,46,46,2.099999999999999,False,,4fbbd2f1465237ce463a3eb10f52566b47fec4f1831faf71248cbc65b7373bba
L2RAR2_R22_CANON_03_890003__T1_transport_stable_clean,47,47,2.149999999999998,False,,0ad096ff9a7efbbd00baad78fa88b655faf411dce14093be3ab2d67bf20aef51
L2RAR2_R22_CANON_03_890003__T1_transport_stable_clean,48,48,2.199999999999997,False,,0ad096ff9a7efbbd00baad78fa88b655faf411dce14093be3ab2d67bf20aef51
L2RAR2_R22_CANON_03_890003__T1_transport_stable_clean,49,49,2.249999999999996,False,,c885a50ba2fff9ec2d52fc2dafe825f05f32684d71c8d3e5c056b2b6559e470b
L2RAR2_R22_CANON_03_890003__T1_transport_stable_clean,50,50,2.299999999999995,False,,29125ac5c5f6951fbdb2d71c1c871f96c1842e95d37bfae2f55cf30125829ec0
L2RAR2_R22_CANON_03_890003__T1_transport_stable_clean,51,51,2.349999999999994,False,,d0a036e33dd46244e0adffb383e84aaccd4b1dcc463e336516da30c0c3bec073
L2RAR2_R22_CANON_03_890003__T1_transport_stable_clean,52,52,2.399999999999993,False,,d0a036e33dd46244e0adffb383e84aaccd4b1dcc463e336516da30c0c3bec073
L2RAR2_R22_CANON_03_890003__T1_transport_stable_clean,53,53,2.4499999999999917,False,,d0a036e33dd46244e0adffb383e84aaccd4b1dcc463e336516da30c0c3bec073
L2RAR2_R22_CANON_03_890003__T1_transport_stable_clean,54,54,2.4999999999999907,False,,7d4225c252d0bebf3b5819c38ab00c9975858447cfd6764da2ae836eda1c126a
L2RAR2_R22_CANON_03_890003__T1_transport_stable_clean,55,55,2.4999999999999907,False,,7d4225c252d0bebf3b5819c38ab00c9975858447cfd6764da2ae836eda1c126a
L2RAR2_R22_CANON_03_890003__T3_transport_single_contact_proxy_dropout,0,0,0.0,False,,5a4bdece1c4e1c3388f488d3e0659f60bac6cf99345b4ba8548839dc99c9045c
L2RAR2_R22_CANON_03_890003__T3_transport_single_contact_proxy_dropout,1,1,0.05,False,,c3db73199882e0c2d5a7d29f8fc836893e65caa6ae646a4b55eff243634a8d02
L2RAR2_R22_CANON_03_890003__T3_transport_single_contact_proxy_dropout,2,2,0.09999999999999999,False,,f322738c3d77a55aca4adadad0e7f0edaeb2910b6dc085a14710f9054bce9481
L2RAR2_R22_CANON_03_890003__T3_transport_single_contact_proxy_dropout,3,3,0.15,False,,d9738f81e378e8260081d05af34308071700308180880e86393e8e69dbfede09
L2RAR2_R22_CANON_03_890003__T3_transport_single_contact_proxy_dropout,4,4,0.20000000000000004,False,,72af55718d205be935f17dda800749247794724da85913c14d745449a23e5dfe
L2RAR2_R22_CANON_03_890003__T3_transport_single_contact_proxy_dropout,5,5,0.20000000000000004,False,,72af55718d205be935f17dda800749247794724da85913c14d745449a23e5dfe
L2RAR2_R22_CANON_03_890003__T3_transport_single_contact_proxy_dropout,6,6,0.25000000000000006,False,,73ea164a378274abc356b41f79889c77e2051349034c8f3136fc68e79ce318f0
L2RAR2_R22_CANON_03_890003__T3_transport_single_contact_proxy_dropout,7,7,0.3000000000000001,False,,9db6e1e2633fabf121d43c7cab7cbe6363c15bfeb2d6837f69d7dec04eaf42c6
L2RAR2_R22_CANON_03_890003__T3_transport_single_contact_proxy_dropout,8,8,0.3000000000000001,False,,9db6e1e2633fabf121d43c7cab7cbe6363c15bfeb2d6837f69d7dec04eaf42c6
L2RAR2_R22_CANON_03_890003__T3_transport_single_contact_proxy_dropout,9,9,0.35000000000000014,False,,3a0838d3c96b513e58057b9c7f2c4b8951ed4da1399ab1f9c9d4e45cf801cc54
L2RAR2_R22_CANON_03_890003__T3_transport_single_contact_proxy_dropout,10,10,0.4000000000000002,False,,10656264bfd0d18bb5c9de3ef8d7a35fb7a865c7e28e54f29536a41b9e8d65ef
L2RAR2_R22_CANON_03_890003__T3_transport_single_contact_proxy_dropout,11,11,0.45000000000000023,False,,7193ceb9da26a0015bdeb5541db74d7aaa49c5d1ff33a0d670e19b11e245d8c3
L2RAR2_R22_CANON_03_890003__T3_transport_single_contact_proxy_dropout,12,12,0.5000000000000002,False,,1b666693914b5cdfe8837cea1a3d6fa898ca852960604a639e154de71085bf79
L2RAR2_R22_CANON_03_890003__T3_transport_single_contact_proxy_dropout,13,13,0.5000000000000002,False,,1b666693914b5cdfe8837cea1a3d6fa898ca852960604a639e154de71085bf79
L2RAR2_R22_CANON_03_890003__T3_transport_single_contact_proxy_dropout,14,14,0.5500000000000003,False,,b2af48cc5a0ed0a28c8d5c404fe899d5c5b7a32dd14f0e99a74b0efa18f9806c
L2RAR2_R22_CANON_03_890003__T3_transport_single_contact_proxy_dropout,15,15,0.6000000000000003,False,,b52ada0f0ca5dc19d3857097c8a6b008739b7d02b27b575fc5ee2ba8ea0ab24e
L2RAR2_R22_CANON_03_890003__T3_transport_single_contact_proxy_dropout,16,16,0.6500000000000004,False,,76a0b34d8a6a8ff04f94bbff022784e1084e6914e567d61a2221e8f03bb22a4b
L2RAR2_R22_CANON_03_890003__T3_transport_single_contact_proxy_dropout,17,17,0.7000000000000004,False,,39a59de3f6e3cf4c9b018527ad41bf5dbd3581737031a6f2024300ae19bcfe32
L2RAR2_R22_CANON_03_890003__T3_transport_single_contact_proxy_dropout,18,18,0.7500000000000004,False,,221c7443ec7b0cca54e2a9710a6df41dfc0386d9f016e6e4ebb1bb41e3f693fc
L2RAR2_R22_CANON_03_890003__T3_transport_single_contact_proxy_dropout,19,19,0.8000000000000005,False,,2e42077eee63188a09ee3420f35e6cbf504bb46dc34c701f4c65fcc676caf75e
L2RAR2_R22_CANON_03_890003__T3_transport_single_contact_proxy_dropout,20,20,0.8500000000000005,False,,b96842affe109565505e905d12aae42ab444a62d96d5d1e611e6e481eabe1b73
L2RAR2_R22_CANON_03_890003__T3_transport_single_contact_proxy_dropout,21,21,0.9000000000000006,False,,4bc274f9cbd976496e5f5a678f4fc0d5b96c2ed91fb1e1d1540295aed17b0ff8
L2RAR2_R22_CANON_03_890003__T3_transport_single_contact_proxy_dropout,22,22,0.9500000000000006,False,,4bc274f9cbd976496e5f5a678f4fc0d5b96c2ed91fb1e1d1540295aed17b0ff8
L2RAR2_R22_CANON_03_890003__T3_transport_single_contact_proxy_dropout,23,23,1.0000000000000007,False,,ef7738800cd30ea42b39f64cd351ce3f35e855ab580fd5d58513a9a663b42d88
L2RAR2_R22_CANON_03_890003__T3_transport_single_contact_proxy_dropout,24,24,1.0500000000000007,False,,4bc274f9cbd976496e5f5a678f4fc0d5b96c2ed91fb1e1d1540295aed17b0ff8
L2RAR2_R22_CANON_03_890003__T3_transport_single_contact_proxy_dropout,25,25,1.1000000000000008,False,,8bad2ee5787eeb7e5276a147cf7a15487b868ee2854873d351e96219c3c95ebe
L2RAR2_R22_CANON_03_890003__T3_transport_single_contact_proxy_dropout,26,26,1.1500000000000008,False,,db5cde32cd633803eb4a101552807d23f548f3a65fd6b93a2c1b39786d853dfd
L2RAR2_R22_CANON_03_890003__T3_transport_single_contact_proxy_dropout,27,27,1.2000000000000008,False,,9d03a6f0a1c29c4c97398d6568be4d2dfe8648c9adc1188540143496b1520ef5
L2RAR2_R22_CANON_03_890003__T3_transport_single_contact_proxy_dropout,28,28,1.2500000000000009,False,,1c7a154c093b9664bfae0e9f403388ff8d50b8af9efcfe311fd0f93f3308e247
L2RAR2_R22_CANON_03_890003__T3_transport_single_contact_proxy_dropout,29,29,1.300000000000001,False,T3_SINGLE_FALSE,47cade47802641df1ec36ac56349349d2fd75883020d2bb3b0807b3799e40b41
L2RAR2_R22_CANON_03_890003__T3_transport_single_contact_proxy_dropout,30,30,1.350000000000001,False,,e16e1625a8d396b95632f5bde1f3c9bcd5d7752cdb035ffbe74408b9afaa9985
L2RAR2_R22_CANON_03_890003__T3_transport_single_contact_proxy_dropout,31,31,1.400000000000001,False,,f254369c62db9da4b07a703ce3ed68a0182f35a804dcff91e2ffa536a2025c71
L2RAR2_R22_CANON_03_890003__T3_transport_single_contact_proxy_dropout,32,32,1.450000000000001,False,,e33c7d8b343e14d4944117ac14dd472492622a4de8a34af4527701baea46c711
L2RAR2_R22_CANON_03_890003__T3_transport_single_contact_proxy_dropout,33,33,1.500000000000001,False,,94ad39334f36700557d83966d91c3f3f9303dac8527df47d4e7ca5a4208c1d75
L2RAR2_R22_CANON_03_890003__T3_transport_single_contact_proxy_dropout,34,34,1.500000000000001,False,,94ad39334f36700557d83966d91c3f3f9303dac8527df47d4e7ca5a4208c1d75
L2RAR2_R22_CANON_03_890003__T3_transport_single_contact_proxy_dropout,35,35,1.5500000000000012,False,,3c49e8e5d8da531f1d3be00dccdb95331797ab1bd30980f3b031113b49107eca
L2RAR2_R22_CANON_03_890003__T3_transport_single_contact_proxy_dropout,36,36,1.6000000000000012,False,,8a46d4469724de4d0ebcb5dd5ef1026617ffd5de4482fedda5d8543784eefbff
L2RAR2_R22_CANON_03_890003__T3_transport_single_contact_proxy_dropout,37,37,1.6500000000000012,False,,8eaac902200304c86d50bff1af14a04e338bcd3ac0096f941402bdbb58596481
L2RAR2_R22_CANON_03_890003__T3_transport_single_contact_proxy_dropout,38,38,1.7000000000000013,False,,65b7d0653be492908414d21d761f39fff9e3df3a35922573df27f3c7d93e6d4a
L2RAR2_R22_CANON_03_890003__T3_transport_single_contact_proxy_dropout,39,39,1.7500000000000013,False,,cf2cea9416920cf394be5df1b1daf807a1e33918dee67dacd804c278e6ba5739
L2RAR2_R22_CANON_03_890003__T3_transport_single_contact_proxy_dropout,40,40,1.8000000000000014,False,,0ce212480d089b99888dd6626225dfe7459781c57143f536b2572c167d3a98c9
L2RAR2_R22_CANON_03_890003__T3_transport_single_contact_proxy_dropout,41,41,1.8500000000000014,False,,0be0b8ad318cf8848ca62367a5f8948cff48eaa780bbfd37762ad48f2e17b4c8
L2RAR2_R22_CANON_03_890003__T3_transport_single_contact_proxy_dropout,42,42,1.9000000000000015,False,,0ad096ff9a7efbbd00baad78fa88b655faf411dce14093be3ab2d67bf20aef51
L2RAR2_R22_CANON_03_890003__T3_transport_single_contact_proxy_dropout,43,43,1.9500000000000015,False,,0ad096ff9a7efbbd00baad78fa88b655faf411dce14093be3ab2d67bf20aef51
L2RAR2_R22_CANON_03_890003__T3_transport_single_contact_proxy_dropout,44,44,2.0000000000000013,False,,0ad096ff9a7efbbd00baad78fa88b655faf411dce14093be3ab2d67bf20aef51
L2RAR2_R22_CANON_03_890003__T3_transport_single_contact_proxy_dropout,45,45,2.0500000000000003,False,,0ad096ff9a7efbbd00baad78fa88b655faf411dce14093be3ab2d67bf20aef51
L2RAR2_R22_CANON_03_890003__T3_transport_single_contact_proxy_dropout,46,46,2.099999999999999,False,,4fbbd2f1465237ce463a3eb10f52566b47fec4f1831faf71248cbc65b7373bba
L2RAR2_R22_CANON_03_890003__T3_transport_single_contact_proxy_dropout,47,47,2.149999999999998,False,,0ad096ff9a7efbbd00baad78fa88b655faf411dce14093be3ab2d67bf20aef51
L2RAR2_R22_CANON_03_890003__T3_transport_single_contact_proxy_dropout,48,48,2.199999999999997,False,,0ad096ff9a7efbbd00baad78fa88b655faf411dce14093be3ab2d67bf20aef51
L2RAR2_R22_CANON_03_890003__T3_transport_single_contact_proxy_dropout,49,49,2.249999999999996,False,,c885a50ba2fff9ec2d52fc2dafe825f05f32684d71c8d3e5c056b2b6559e470b
L2RAR2_R22_CANON_03_890003__T3_transport_single_contact_proxy_dropout,50,50,2.299999999999995,False,,29125ac5c5f6951fbdb2d71c1c871f96c1842e95d37bfae2f55cf30125829ec0
L2RAR2_R22_CANON_03_890003__T3_transport_single_contact_proxy_dropout,51,51,2.349999999999994,False,,d0a036e33dd46244e0adffb383e84aaccd4b1dcc463e336516da30c0c3bec073
L2RAR2_R22_CANON_03_890003__T3_transport_single_contact_proxy_dropout,52,52,2.399999999999993,False,,d0a036e33dd46244e0adffb383e84aaccd4b1dcc463e336516da30c0c3bec073
L2RAR2_R22_CANON_03_890003__T3_transport_single_contact_proxy_dropout,53,53,2.4499999999999917,False,,d0a036e33dd46244e0adffb383e84aaccd4b1dcc463e336516da30c0c3bec073
L2RAR2_R22_CANON_03_890003__T3_transport_single_contact_proxy_dropout,54,54,2.4999999999999907,False,,7d4225c252d0bebf3b5819c38ab00c9975858447cfd6764da2ae836eda1c126a
L2RAR2_R22_CANON_03_890003__T3_transport_single_contact_proxy_dropout,55,55,2.4999999999999907,False,,7d4225c252d0bebf3b5819c38ab00c9975858447cfd6764da2ae836eda1c126a
L2RAR2_R22_CANON_03_890003__T4_transport_same_time_contact_false_then_true,0,0,0.0,False,,5a4bdece1c4e1c3388f488d3e0659f60bac6cf99345b4ba8548839dc99c9045c
L2RAR2_R22_CANON_03_890003__T4_transport_same_time_contact_false_then_true,1,1,0.05,False,,c3db73199882e0c2d5a7d29f8fc836893e65caa6ae646a4b55eff243634a8d02
L2RAR2_R22_CANON_03_890003__T4_transport_same_time_contact_false_then_true,2,2,0.09999999999999999,False,,f322738c3d77a55aca4adadad0e7f0edaeb2910b6dc085a14710f9054bce9481
L2RAR2_R22_CANON_03_890003__T4_transport_same_time_contact_false_then_true,3,3,0.15,False,,d9738f81e378e8260081d05af34308071700308180880e86393e8e69dbfede09
L2RAR2_R22_CANON_03_890003__T4_transport_same_time_contact_false_then_true,4,4,0.20000000000000004,False,,72af55718d205be935f17dda800749247794724da85913c14d745449a23e5dfe
L2RAR2_R22_CANON_03_890003__T4_transport_same_time_contact_false_then_true,5,5,0.20000000000000004,False,,72af55718d205be935f17dda800749247794724da85913c14d745449a23e5dfe
L2RAR2_R22_CANON_03_890003__T4_transport_same_time_contact_false_then_true,6,6,0.25000000000000006,False,,73ea164a378274abc356b41f79889c77e2051349034c8f3136fc68e79ce318f0
L2RAR2_R22_CANON_03_890003__T4_transport_same_time_contact_false_then_true,7,7,0.3000000000000001,False,,9db6e1e2633fabf121d43c7cab7cbe6363c15bfeb2d6837f69d7dec04eaf42c6
L2RAR2_R22_CANON_03_890003__T4_transport_same_time_contact_false_then_true,8,8,0.3000000000000001,False,,9db6e1e2633fabf121d43c7cab7cbe6363c15bfeb2d6837f69d7dec04eaf42c6
L2RAR2_R22_CANON_03_890003__T4_transport_same_time_contact_false_then_true,9,9,0.35000000000000014,False,,3a0838d3c96b513e58057b9c7f2c4b8951ed4da1399ab1f9c9d4e45cf801cc54
L2RAR2_R22_CANON_03_890003__T4_transport_same_time_contact_false_then_true,10,10,0.4000000000000002,False,,10656264bfd0d18bb5c9de3ef8d7a35fb7a865c7e28e54f29536a41b9e8d65ef
L2RAR2_R22_CANON_03_890003__T4_transport_same_time_contact_false_then_true,11,11,0.45000000000000023,False,,7193ceb9da26a0015bdeb5541db74d7aaa49c5d1ff33a0d670e19b11e245d8c3
L2RAR2_R22_CANON_03_890003__T4_transport_same_time_contact_false_then_true,12,12,0.5000000000000002,False,,1b666693914b5cdfe8837cea1a3d6fa898ca852960604a639e154de71085bf79
L2RAR2_R22_CANON_03_890003__T4_transport_same_time_contact_false_then_true,13,13,0.5000000000000002,False,,1b666693914b5cdfe8837cea1a3d6fa898ca852960604a639e154de71085bf79
L2RAR2_R22_CANON_03_890003__T4_transport_same_time_contact_false_then_true,14,14,0.5500000000000003,False,,b2af48cc5a0ed0a28c8d5c404fe899d5c5b7a32dd14f0e99a74b0efa18f9806c
L2RAR2_R22_CANON_03_890003__T4_transport_same_time_contact_false_then_true,15,15,0.6000000000000003,False,,b52ada0f0ca5dc19d3857097c8a6b008739b7d02b27b575fc5ee2ba8ea0ab24e
L2RAR2_R22_CANON_03_890003__T4_transport_same_time_contact_false_then_true,16,16,0.6500000000000004,False,,76a0b34d8a6a8ff04f94bbff022784e1084e6914e567d61a2221e8f03bb22a4b
L2RAR2_R22_CANON_03_890003__T4_transport_same_time_contact_false_then_true,17,17,0.7000000000000004,False,,39a59de3f6e3cf4c9b018527ad41bf5dbd3581737031a6f2024300ae19bcfe32
L2RAR2_R22_CANON_03_890003__T4_transport_same_time_contact_false_then_true,18,18,0.7500000000000004,False,,221c7443ec7b0cca54e2a9710a6df41dfc0386d9f016e6e4ebb1bb41e3f693fc
L2RAR2_R22_CANON_03_890003__T4_transport_same_time_contact_false_then_true,19,19,0.8000000000000005,False,,2e42077eee63188a09ee3420f35e6cbf504bb46dc34c701f4c65fcc676caf75e
L2RAR2_R22_CANON_03_890003__T4_transport_same_time_contact_false_then_true,20,20,0.8500000000000005,False,,b96842affe109565505e905d12aae42ab444a62d96d5d1e611e6e481eabe1b73
L2RAR2_R22_CANON_03_890003__T4_transport_same_time_contact_false_then_true,21,21,0.9000000000000006,False,,4bc274f9cbd976496e5f5a678f4fc0d5b96c2ed91fb1e1d1540295aed17b0ff8
L2RAR2_R22_CANON_03_890003__T4_transport_same_time_contact_false_then_true,22,22,0.9500000000000006,False,,4bc274f9cbd976496e5f5a678f4fc0d5b96c2ed91fb1e1d1540295aed17b0ff8
L2RAR2_R22_CANON_03_890003__T4_transport_same_time_contact_false_then_true,23,23,1.0000000000000007,False,,ef7738800cd30ea42b39f64cd351ce3f35e855ab580fd5d58513a9a663b42d88
L2RAR2_R22_CANON_03_890003__T4_transport_same_time_contact_false_then_true,24,24,1.0500000000000007,False,,4bc274f9cbd976496e5f5a678f4fc0d5b96c2ed91fb1e1d1540295aed17b0ff8
L2RAR2_R22_CANON_03_890003__T4_transport_same_time_contact_false_then_true,25,25,1.1000000000000008,False,,8bad2ee5787eeb7e5276a147cf7a15487b868ee2854873d351e96219c3c95ebe
L2RAR2_R22_CANON_03_890003__T4_transport_same_time_contact_false_then_true,26,26,1.1500000000000008,False,,db5cde32cd633803eb4a101552807d23f548f3a65fd6b93a2c1b39786d853dfd
L2RAR2_R22_CANON_03_890003__T4_transport_same_time_contact_false_then_true,27,27,1.2000000000000008,False,,9d03a6f0a1c29c4c97398d6568be4d2dfe8648c9adc1188540143496b1520ef5
L2RAR2_R22_CANON_03_890003__T4_transport_same_time_contact_false_then_true,28,28,1.2500000000000009,False,,1c7a154c093b9664bfae0e9f403388ff8d50b8af9efcfe311fd0f93f3308e247
L2RAR2_R22_CANON_03_890003__T4_transport_same_time_contact_false_then_true,29,29,1.300000000000001,False,T4_FALSE_A,47cade47802641df1ec36ac56349349d2fd75883020d2bb3b0807b3799e40b41
L2RAR2_R22_CANON_03_890003__T4_transport_same_time_contact_false_then_true,29,30,1.300000000000001,True,T4_TRUE_B,47cade47802641df1ec36ac56349349d2fd75883020d2bb3b0807b3799e40b41
L2RAR2_R22_CANON_03_890003__T4_transport_same_time_contact_false_then_true,30,31,1.350000000000001,False,,e16e1625a8d396b95632f5bde1f3c9bcd5d7752cdb035ffbe74408b9afaa9985
L2RAR2_R22_CANON_03_890003__T4_transport_same_time_contact_false_then_true,31,32,1.400000000000001,False,,f254369c62db9da4b07a703ce3ed68a0182f35a804dcff91e2ffa536a2025c71
L2RAR2_R22_CANON_03_890003__T4_transport_same_time_contact_false_then_true,32,33,1.450000000000001,False,,e33c7d8b343e14d4944117ac14dd472492622a4de8a34af4527701baea46c711
L2RAR2_R22_CANON_03_890003__T4_transport_same_time_contact_false_then_true,33,34,1.500000000000001,False,,94ad39334f36700557d83966d91c3f3f9303dac8527df47d4e7ca5a4208c1d75
L2RAR2_R22_CANON_03_890003__T4_transport_same_time_contact_false_then_true,34,35,1.500000000000001,False,,94ad39334f36700557d83966d91c3f3f9303dac8527df47d4e7ca5a4208c1d75
L2RAR2_R22_CANON_03_890003__T4_transport_same_time_contact_false_then_true,35,36,1.5500000000000012,False,,3c49e8e5d8da531f1d3be00dccdb95331797ab1bd30980f3b031113b49107eca
L2RAR2_R22_CANON_03_890003__T4_transport_same_time_contact_false_then_true,36,37,1.6000000000000012,False,,8a46d4469724de4d0ebcb5dd5ef1026617ffd5de4482fedda5d8543784eefbff
L2RAR2_R22_CANON_03_890003__T4_transport_same_time_contact_false_then_true,37,38,1.6500000000000012,False,,8eaac902200304c86d50bff1af14a04e338bcd3ac0096f941402bdbb58596481
L2RAR2_R22_CANON_03_890003__T4_transport_same_time_contact_false_then_true,38,39,1.7000000000000013,False,,65b7d0653be492908414d21d761f39fff9e3df3a35922573df27f3c7d93e6d4a
L2RAR2_R22_CANON_03_890003__T4_transport_same_time_contact_false_then_true,39,40,1.7500000000000013,False,,cf2cea9416920cf394be5df1b1daf807a1e33918dee67dacd804c278e6ba5739
L2RAR2_R22_CANON_03_890003__T4_transport_same_time_contact_false_then_true,40,41,1.8000000000000014,False,,0ce212480d089b99888dd6626225dfe7459781c57143f536b2572c167d3a98c9
L2RAR2_R22_CANON_03_890003__T4_transport_same_time_contact_false_then_true,41,42,1.8500000000000014,False,,0be0b8ad318cf8848ca62367a5f8948cff48eaa780bbfd37762ad48f2e17b4c8
L2RAR2_R22_CANON_03_890003__T4_transport_same_time_contact_false_then_true,42,43,1.9000000000000015,False,,0ad096ff9a7efbbd00baad78fa88b655faf411dce14093be3ab2d67bf20aef51
L2RAR2_R22_CANON_03_890003__T4_transport_same_time_contact_false_then_true,43,44,1.9500000000000015,False,,0ad096ff9a7efbbd00baad78fa88b655faf411dce14093be3ab2d67bf20aef51
L2RAR2_R22_CANON_03_890003__T4_transport_same_time_contact_false_then_true,44,45,2.0000000000000013,False,,0ad096ff9a7efbbd00baad78fa88b655faf411dce14093be3ab2d67bf20aef51
L2RAR2_R22_CANON_03_890003__T4_transport_same_time_contact_false_then_true,45,46,2.0500000000000003,False,,0ad096ff9a7efbbd00baad78fa88b655faf411dce14093be3ab2d67bf20aef51
L2RAR2_R22_CANON_03_890003__T4_transport_same_time_contact_false_then_true,46,47,2.099999999999999,False,,4fbbd2f1465237ce463a3eb10f52566b47fec4f1831faf71248cbc65b7373bba
L2RAR2_R22_CANON_03_890003__T4_transport_same_time_contact_false_then_true,47,48,2.149999999999998,False,,0ad096ff9a7efbbd00baad78fa88b655faf411dce14093be3ab2d67bf20aef51
L2RAR2_R22_CANON_03_890003__T4_transport_same_time_contact_false_then_true,48,49,2.199999999999997,False,,0ad096ff9a7efbbd00baad78fa88b655faf411dce14093be3ab2d67bf20aef51
L2RAR2_R22_CANON_03_890003__T4_transport_same_time_contact_false_then_true,49,50,2.249999999999996,False,,c885a50ba2fff9ec2d52fc2dafe825f05f32684d71c8d3e5c056b2b6559e470b
L2RAR2_R22_CANON_03_890003__T4_transport_same_time_contact_false_then_true,50,51,2.299999999999995,False,,29125ac5c5f6951fbdb2d71c1c871f96c1842e95d37bfae2f55cf30125829ec0
L2RAR2_R22_CANON_03_890003__T4_transport_same_time_contact_false_then_true,51,52,2.349999999999994,False,,d0a036e33dd46244e0adffb383e84aaccd4b1dcc463e336516da30c0c3bec073
L2RAR2_R22_CANON_03_890003__T4_transport_same_time_contact_false_then_true,52,53,2.399999999999993,False,,d0a036e33dd46244e0adffb383e84aaccd4b1dcc463e336516da30c0c3bec073
L2RAR2_R22_CANON_03_890003__T4_transport_same_time_contact_false_then_true,53,54,2.4499999999999917,False,,d0a036e33dd46244e0adffb383e84aaccd4b1dcc463e336516da30c0c3bec073
L2RAR2_R22_CANON_03_890003__T4_transport_same_time_contact_false_then_true,54,55,2.4999999999999907,False,,7d4225c252d0bebf3b5819c38ab00c9975858447cfd6764da2ae836eda1c126a
L2RAR2_R22_CANON_03_890003__T4_transport_same_time_contact_false_then_true,55,56,2.4999999999999907,False,,7d4225c252d0bebf3b5819c38ab00c9975858447cfd6764da2ae836eda1c126a
L2RAR2_R22_CANON_03_890003__T7_transport_strong_phase_00ms,0,0,0.0,False,,5a4bdece1c4e1c3388f488d3e0659f60bac6cf99345b4ba8548839dc99c9045c
L2RAR2_R22_CANON_03_890003__T7_transport_strong_phase_00ms,1,1,0.05,False,,c3db73199882e0c2d5a7d29f8fc836893e65caa6ae646a4b55eff243634a8d02
L2RAR2_R22_CANON_03_890003__T7_transport_strong_phase_00ms,2,2,0.09999999999999999,False,,f322738c3d77a55aca4adadad0e7f0edaeb2910b6dc085a14710f9054bce9481
L2RAR2_R22_CANON_03_890003__T7_transport_strong_phase_00ms,3,3,0.15,False,,d9738f81e378e8260081d05af34308071700308180880e86393e8e69dbfede09
L2RAR2_R22_CANON_03_890003__T7_transport_strong_phase_00ms,4,4,0.20000000000000004,False,,72af55718d205be935f17dda800749247794724da85913c14d745449a23e5dfe
L2RAR2_R22_CANON_03_890003__T7_transport_strong_phase_00ms,5,5,0.20000000000000004,False,,72af55718d205be935f17dda800749247794724da85913c14d745449a23e5dfe
L2RAR2_R22_CANON_03_890003__T7_transport_strong_phase_00ms,6,6,0.25000000000000006,False,,73ea164a378274abc356b41f79889c77e2051349034c8f3136fc68e79ce318f0
L2RAR2_R22_CANON_03_890003__T7_transport_strong_phase_00ms,7,7,0.3000000000000001,False,,9db6e1e2633fabf121d43c7cab7cbe6363c15bfeb2d6837f69d7dec04eaf42c6
L2RAR2_R22_CANON_03_890003__T7_transport_strong_phase_00ms,8,8,0.3000000000000001,False,,9db6e1e2633fabf121d43c7cab7cbe6363c15bfeb2d6837f69d7dec04eaf42c6
L2RAR2_R22_CANON_03_890003__T7_transport_strong_phase_00ms,9,9,0.35000000000000014,False,,3a0838d3c96b513e58057b9c7f2c4b8951ed4da1399ab1f9c9d4e45cf801cc54
L2RAR2_R22_CANON_03_890003__T7_transport_strong_phase_00ms,10,10,0.4000000000000002,False,,10656264bfd0d18bb5c9de3ef8d7a35fb7a865c7e28e54f29536a41b9e8d65ef
L2RAR2_R22_CANON_03_890003__T7_transport_strong_phase_00ms,11,11,0.45000000000000023,False,,7193ceb9da26a0015bdeb5541db74d7aaa49c5d1ff33a0d670e19b11e245d8c3
L2RAR2_R22_CANON_03_890003__T7_transport_strong_phase_00ms,12,12,0.5000000000000002,False,,1b666693914b5cdfe8837cea1a3d6fa898ca852960604a639e154de71085bf79
L2RAR2_R22_CANON_03_890003__T7_transport_strong_phase_00ms,13,13,0.5000000000000002,False,,1b666693914b5cdfe8837cea1a3d6fa898ca852960604a639e154de71085bf79
L2RAR2_R22_CANON_03_890003__T7_transport_strong_phase_00ms,14,14,0.5500000000000003,False,,b2af48cc5a0ed0a28c8d5c404fe899d5c5b7a32dd14f0e99a74b0efa18f9806c
L2RAR2_R22_CANON_03_890003__T7_transport_strong_phase_00ms,15,15,0.6000000000000003,False,,b52ada0f0ca5dc19d3857097c8a6b008739b7d02b27b575fc5ee2ba8ea0ab24e
L2RAR2_R22_CANON_03_890003__T7_transport_strong_phase_00ms,16,16,0.6500000000000004,False,,76a0b34d8a6a8ff04f94bbff022784e1084e6914e567d61a2221e8f03bb22a4b
L2RAR2_R22_CANON_03_890003__T7_transport_strong_phase_00ms,17,17,0.7000000000000004,False,,39a59de3f6e3cf4c9b018527ad41bf5dbd3581737031a6f2024300ae19bcfe32
L2RAR2_R22_CANON_03_890003__T7_transport_strong_phase_00ms,18,18,0.7500000000000004,False,,221c7443ec7b0cca54e2a9710a6df41dfc0386d9f016e6e4ebb1bb41e3f693fc
L2RAR2_R22_CANON_03_890003__T7_transport_strong_phase_00ms,19,19,0.8000000000000005,False,,2e42077eee63188a09ee3420f35e6cbf504bb46dc34c701f4c65fcc676caf75e
L2RAR2_R22_CANON_03_890003__T7_transport_strong_phase_00ms,20,20,0.8500000000000005,False,,b96842affe109565505e905d12aae42ab444a62d96d5d1e611e6e481eabe1b73
L2RAR2_R22_CANON_03_890003__T7_transport_strong_phase_00ms,21,21,0.9000000000000006,False,,4bc274f9cbd976496e5f5a678f4fc0d5b96c2ed91fb1e1d1540295aed17b0ff8
L2RAR2_R22_CANON_03_890003__T7_transport_strong_phase_00ms,22,22,0.9500000000000006,False,,4bc274f9cbd976496e5f5a678f4fc0d5b96c2ed91fb1e1d1540295aed17b0ff8
L2RAR2_R22_CANON_03_890003__T7_transport_strong_phase_00ms,23,23,1.0000000000000007,False,,ef7738800cd30ea42b39f64cd351ce3f35e855ab580fd5d58513a9a663b42d88
L2RAR2_R22_CANON_03_890003__T7_transport_strong_phase_00ms,24,24,1.0500000000000007,False,,4bc274f9cbd976496e5f5a678f4fc0d5b96c2ed91fb1e1d1540295aed17b0ff8
L2RAR2_R22_CANON_03_890003__T7_transport_strong_phase_00ms,25,25,1.1000000000000008,False,,8bad2ee5787eeb7e5276a147cf7a15487b868ee2854873d351e96219c3c95ebe
L2RAR2_R22_CANON_03_890003__T7_transport_strong_phase_00ms,26,26,1.1500000000000008,False,,db5cde32cd633803eb4a101552807d23f548f3a65fd6b93a2c1b39786d853dfd
L2RAR2_R22_CANON_03_890003__T7_transport_strong_phase_00ms,27,27,1.2000000000000008,False,,9d03a6f0a1c29c4c97398d6568be4d2dfe8648c9adc1188540143496b1520ef5
L2RAR2_R22_CANON_03_890003__T7_transport_strong_phase_00ms,28,28,1.2500000000000009,False,,1c7a154c093b9664bfae0e9f403388ff8d50b8af9efcfe311fd0f93f3308e247
L2RAR2_R22_CANON_03_890003__T7_transport_strong_phase_00ms,29,29,1.300000000000001,False,,47cade47802641df1ec36ac56349349d2fd75883020d2bb3b0807b3799e40b41
L2RAR2_R22_CANON_03_890003__T7_transport_strong_phase_00ms,30,30,1.350000000000001,False,,54c57cfb3d0605b02bc4e4eb0fccc8b438071b24942162672c3b555559392e60
L2RAR2_R22_CANON_03_890003__T7_transport_strong_phase_00ms,31,31,1.400000000000001,False,,17ef22c7d46bb4123c856013394e4437132fa76cff012a17f1d7acc62087497e
L2RAR2_R22_CANON_03_890003__T7_transport_strong_phase_00ms,32,32,1.450000000000001,False,,fedeb81416f1f7373b42258871d847b506ff5cd635e13ddeacdc8960927135a6
L2RAR2_R22_CANON_03_890003__T7_transport_strong_phase_00ms,33,33,1.500000000000001,False,,52ca9f100afa4c17f71af11ce568e6ae377d6a0a570e1705243a451c234c5973
L2RAR2_R22_CANON_03_890003__T7_transport_strong_phase_00ms,34,34,1.500000000000001,False,,0c982ccb16f2169366eb4449fd8b3eec1584977ad9d0fccb9dc7da3aee440a6f
L2RAR2_R22_CANON_03_890003__T7_transport_strong_phase_00ms,35,35,1.5500000000000012,False,,80af9ccefb0ce998903c92d8874c7d11cce32125423810f0353d251b6746f5e2
L2RAR2_R22_CANON_03_890003__T7_transport_strong_phase_00ms,36,36,1.6000000000000012,False,,65eac7c535846e5f5a18147b7ef1bac2a1b8ddf34321e4b278911250aa81dfd8
L2RAR2_R22_CANON_03_890003__T7_transport_strong_phase_00ms,37,37,1.6500000000000012,False,,5c89b51890924d2f7bddae42c9b8f7ffdaad8c04abe558d646eaed8c7aa0f3a1
L2RAR2_R22_CANON_03_890003__T7_transport_strong_phase_00ms,38,38,1.7000000000000013,False,,fee162f421dd2286f6dc54daf93ecee93142b5bb06041c633a7c9dd4ef213f44
L2RAR2_R22_CANON_03_890003__T7_transport_strong_phase_00ms,39,39,1.7000000000000013,False,,fee162f421dd2286f6dc54daf93ecee93142b5bb06041c633a7c9dd4ef213f44
L2RAR2_R22_CANON_03_890003__T7_transport_strong_phase_00ms,40,40,1.7500000000000013,False,,bf941b10810cbc76d17045c1985a5162cc05207e1e3d6817ca20294f7620b360
L2RAR2_R22_CANON_03_890003__T7_transport_strong_phase_00ms,41,41,1.8000000000000014,False,,e2ce7ceb3af069dfd060b8c10fcc264e845fef96bec1b660345233a7f2097264
L2RAR2_R22_CANON_03_890003__T7_transport_strong_phase_00ms,42,42,1.8500000000000014,False,,af943eb01c5eb3c07cb1120bbcba84af7b8f60bf4af4bc63e4439a36b82d37d4
L2RAR2_R22_CANON_03_890003__T7_transport_strong_phase_00ms,43,43,1.9000000000000015,False,,95dfc399af0a5b99fb8d1be9e9b5409476cb768f3314901d940192eef246b8b1
L2RAR2_R22_CANON_03_890003__T7_transport_strong_phase_00ms,44,44,1.9500000000000015,False,,8ec8a55740ad5a8836f463f22aae3bb4d4f36e75f0f4f0ad192464f523e41c02
L2RAR2_R22_CANON_03_890003__T7_transport_strong_phase_00ms,45,45,2.0000000000000013,False,,26c2de491901ff6e61b72a54fd1fbfdb3232b09a74afbce9ee92e43473260b11
L2RAR2_R22_CANON_03_890003__T7_transport_strong_phase_00ms,46,46,2.0500000000000003,False,,81393ba9a087d4b91845512504f15ecb72477d6eb4fa57e8293ff81e5fd5f1bd
L2RAR2_R22_CANON_03_890003__T7_transport_strong_phase_00ms,47,47,2.099999999999999,False,,df89d58f60c5e2e7414a882202221683924f95829757335931ede700c3435caa
L2RAR2_R22_CANON_03_890003__T7_transport_strong_phase_00ms,48,48,2.149999999999998,False,,ccbe3a75569729c33a873326df60141f864c01734f48483562f93549413d2395
L2RAR2_R22_CANON_03_890003__T7_transport_strong_phase_00ms,49,49,2.199999999999997,False,,f1e8b7c03226c96850c953fd9817f88f0a4c24e8228ec2f10536732668941817
L2RAR2_R22_CANON_03_890003__T7_transport_strong_phase_00ms,50,50,2.249999999999996,False,,46f2fc1f7565338b83c613b75069c29e35d0b9b516bb4b703d9cc705c3215463
L2RAR2_R22_CANON_03_890003__T7_transport_strong_phase_00ms,51,51,2.299999999999995,False,,424dae43a59f1b9ba6b15bbedeeab4da9c93c8625c006468147fc4ff24f646f3
L2RAR2_R22_CANON_03_890003__T7_transport_strong_phase_00ms,52,52,2.349999999999994,False,,9f9a24a0e6fe87d33154fd354c4231ca355531c9dac724e035ba3584e654f8d9
L2RAR2_R22_CANON_03_890003__T7_transport_strong_phase_00ms,53,53,2.399999999999993,False,,ab84ef1a19919d3b9710661b7324616351d01e4bfb324f755f053d91caa97fe0
L2RAR2_R22_CANON_03_890003__T7_transport_strong_phase_00ms,54,54,2.4499999999999917,False,,674c52f5e0fb55320f61568a4c0755d5b7fdc189d5ac80d7ec62bbc920144afb
L2RAR2_R22_CANON_03_890003__T7_transport_strong_phase_00ms,55,55,2.4999999999999907,False,,b0e54c4bf4b250b77ca082322eae4f458e075e6571b266fecc649462bc61354c
L2RAR2_R22_CANON_03_890003__T7_transport_strong_phase_00ms,56,56,2.5499999999999896,False,,842e2c55e5ba3241f0ce49ad2c8cea8ece6afb776870506036f8bd3519baf380
L2RAR2_R22_CANON_03_890003__T7_transport_strong_phase_00ms,57,57,2.5999999999999885,False,,8cfcb52d0c2e0e72eef5e05a2e52657d8cd485b3b34b95b94a6efb7e1fbf488d
L2RAR2_R22_CANON_03_890003__T7_transport_strong_phase_00ms,58,58,2.6499999999999875,False,,3090e9e69ee0a335dace010a5cda0b90ec105860367e7e5126da8bb164009080
L2RAR2_R22_CANON_03_890003__T7_transport_strong_phase_00ms,59,59,2.6999999999999864,False,,a1faebba41e5b7866ab53bfa4cc3a7fd5c5641ed09bd4c0f441f9f02c2c853d7
L2RAR2_R22_CANON_03_890003__T7_transport_strong_phase_00ms,60,60,2.6999999999999864,False,,a1faebba41e5b7866ab53bfa4cc3a7fd5c5641ed09bd4c0f441f9f02c2c853d7
